{"type":"FeatureCollection", "features": [
{"type":"Feature","geometry":{"type":"Polygon","coordinates":[[[100.12390609000005,7.6281048980000605],[100.11585577700004,7.6295889990000205],[100.11332959500004,7.628559095000071],[100.10482559100006,7.626860514000043],[100.09469204500004,7.623483580000027],[100.09301652900007,7.629127897000046],[100.09271990800005,7.632033471000057],[100.09141076600008,7.636275277000038],[100.08330298300007,7.634801226000036],[100.08168890900004,7.633164203000035],[100.07822079900006,7.632366721000039],[100.07514099700006,7.629109434000043],[100.07316551900004,7.627867373000072],[100.06627219300003,7.6279920240000365],[100.06499050100007,7.627480156000047],[100.06104403500007,7.622129166000036],[100.06127412700005,7.621349035000037],[100.05783405500006,7.618051150000042],[100.05700559800005,7.614545715000077],[100.05320270900006,7.6139085460000615],[100.05061614600004,7.612158072000057],[100.04563626100008,7.611063345000048],[100.04446612100008,7.611509416000047],[100.04468273700007,7.605534997000063],[100.04744983600006,7.599769532000039],[100.04930450400008,7.601636332000055],[100.05255594200008,7.60253522000005],[100.05403014500007,7.6037010700000565],[100.05626070600005,7.602006997000046],[100.06881516200008,7.606433203000051],[100.07896171900006,7.609403436000036],[100.08796165500007,7.6123489670000595],[100.09407382700005,7.615546577000032],[100.09629597200006,7.618525494000039],[100.09542167400008,7.621833586000037],[100.10486663000006,7.625003181000068],[100.11386154700006,7.626825446000055],[100.11641786100006,7.627861556000028],[100.12448295200005,7.626115595000044],[100.12390609000005,7.6281048980000605]]]},"properties":{"Shape_Leng":0.2104006257,"Shape_Area":0.000973372047474,"ADM3_EN":"Khuha Sawan","ADM3_TH":"คูหาสวรรค์","ADM3_PCODE":"TH930101","ADM2_EN":"Mueang Phatthalung","ADM2_TH":"เมืองพัทลุง","ADM2_PCODE":"TH9301","ADM1_EN":"Phatthalung","ADM1_TH":"พัทลุง","ADM1_PCODE":"TH93","ADM0_EN":"Thailand","ADM0_TH":"ประเทศไทย","ADM0_PCODE":"TH"}},
{"type":"Feature","geometry":{"type":"Polygon","coordinates":[[[100.06627219300003,7.6279920240000365],[100.06313871400005,7.636048427000048],[100.05967610200008,7.636837827000022],[100.05838923200008,7.639372863000062],[100.05439473100006,7.641137029000049],[100.05142813900005,7.64160901300005],[100.04640033300007,7.640560436000044],[100.04539318700006,7.639436079000063],[100.04482525900005,7.636616422000031],[100.04182709100007,7.635873810000021],[100.04144148900008,7.634551050000027],[100.03701803400008,7.633503200000064],[100.03408291700003,7.633444175000022],[100.02834785800007,7.635715339000058],[100.01975581000005,7.63727676000002],[100.02043242700006,7.6351257440000495],[100.01893558500007,7.6330562000000555],[100.01940676100008,7.628015680000033],[100.01828285500005,7.626270263000038],[100.02079521100006,7.621580882000046],[100.02081550900004,7.617266443000062],[100.01954347400005,7.615954918000057],[100.01949749500005,7.614004848000036],[100.02102502200006,7.61268289700007],[100.02443375100006,7.611236557000041],[100.02543756500006,7.608589471000073],[100.02555033700008,7.605077264000045],[100.02490237900008,7.6015444470000375],[100.02516835300008,7.59950350400004],[100.02940902600005,7.601392940000039],[100.03650972000008,7.6033107050000694],[100.04468273700007,7.605534997000063],[100.04446612100008,7.611509416000047],[100.04563626100008,7.611063345000048],[100.05061614600004,7.612158072000057],[100.05320270900006,7.6139085460000615],[100.05700559800005,7.614545715000077],[100.05783405500006,7.618051150000042],[100.06127412700005,7.621349035000037],[100.06104403500007,7.622129166000036],[100.06499050100007,7.627480156000047],[100.06627219300003,7.6279920240000365]]]},"properties":{"Shape_Leng":0.166147833551,"Shape_Area":0.00122379311794,"ADM3_EN":"Khao Chiak","ADM3_TH":"เขาเจียก","ADM3_PCODE":"TH930103","ADM2_EN":"Mueang Phatthalung","ADM2_TH":"เมืองพัทลุง","ADM2_PCODE":"TH9301","ADM1_EN":"Phatthalung","ADM1_TH":"พัทลุง","ADM1_PCODE":"TH93","ADM0_EN":"Thailand","ADM0_TH":"ประเทศไทย","ADM0_PCODE":"TH"}},
{"type":"Feature","geometry":{"type":"Polygon","coordinates":[[[100.04468273700007,7.605534997000063],[100.03650972000008,7.6033107050000694],[100.03700008600003,7.600070292000055],[100.03626604600004,7.5978567050000265],[100.03444862300006,7.597592278000036],[100.03443140600007,7.5951036550000595],[100.03155805100005,7.593986656000027],[100.03165102400004,7.59109383200007],[100.03347408900004,7.583665275000044],[100.03548676600008,7.580277438000053],[100.03847249900008,7.577294860000052],[100.04232504500004,7.576129354000045],[100.04452228800005,7.576385414000072],[100.04598652600004,7.57438632700007],[100.05167464900006,7.572357018000048],[100.05619534100003,7.572386800000061],[100.05927978100004,7.573542265000071],[100.06011173200005,7.572438228000067],[100.06244802000003,7.5725442610000755],[100.06646510300004,7.575459588000058],[100.06540399600004,7.579105272000049],[100.06157808400008,7.585235799000031],[100.05935735600008,7.587068966000061],[100.05937932900008,7.58907141800006],[100.06376104900005,7.592333791000044],[100.06624106200007,7.593681631000038],[100.06789522000008,7.596687736000035],[100.06804660300008,7.598482551000075],[100.07025612000007,7.600675384000056],[100.06916610100006,7.602917109000032],[100.06881516200008,7.606433203000051],[100.05626070600005,7.602006997000046],[100.05403014500007,7.6037010700000565],[100.05255594200008,7.60253522000005],[100.04930450400008,7.601636332000055],[100.04744983600006,7.599769532000039],[100.04468273700007,7.605534997000063]]]},"properties":{"Shape_Leng":0.145808043402,"Shape_Area":0.000894897899572,"ADM3_EN":"Tha Miram","ADM3_TH":"ท่ามิหรำ","ADM3_PCODE":"TH930104","ADM2_EN":"Mueang Phatthalung","ADM2_TH":"เมืองพัทลุง","ADM2_PCODE":"TH9301","ADM1_EN":"Phatthalung","ADM1_TH":"พัทลุง","ADM1_PCODE":"TH93","ADM0_EN":"Thailand","ADM0_TH":"ประเทศไทย","ADM0_PCODE":"TH"}},
{"type":"Feature","geometry":{"type":"Polygon","coordinates":[[[100.01975581000005,7.63727676000002],[100.02132107900007,7.639725166000062],[100.01805314100005,7.6404559970000605],[100.01312330700006,7.6403091560000576],[100.01204537100006,7.638730561000045],[100.00986798000008,7.637955926000075],[100.00938662300007,7.636794472000076],[100.00100636100007,7.636949270000059],[99.99785269600005,7.6360290100000725],[99.99447397700004,7.635904741000047],[99.99135154700008,7.63759095000006],[99.98717770000007,7.638339728000062],[99.98613073100006,7.628063786000041],[99.98619957200003,7.6142284500000414],[99.98689840200007,7.601467348000028],[99.98705900600004,7.591598890000057],[99.98771451400006,7.587683640000023],[100.00942962800008,7.593480354000064],[100.02516835300008,7.59950350400004],[100.02490237900008,7.6015444470000375],[100.02555033700008,7.605077264000045],[100.02543756500006,7.608589471000073],[100.02443375100006,7.611236557000041],[100.02102502200006,7.61268289700007],[100.01949749500005,7.614004848000036],[100.01954347400005,7.615954918000057],[100.02081550900004,7.617266443000062],[100.02079521100006,7.621580882000046],[100.01828285500005,7.626270263000038],[100.01940676100008,7.628015680000033],[100.01893558500007,7.6330562000000555],[100.02043242700006,7.6351257440000495],[100.01975581000005,7.63727676000002]]]},"properties":{"Shape_Leng":0.185104339525,"Shape_Area":0.00159426792852,"ADM3_EN":"Khok Cha-Ngai","ADM3_TH":"โคกชะงาย","ADM3_PCODE":"TH930105","ADM2_EN":"Mueang Phatthalung","ADM2_TH":"เมืองพัทลุง","ADM2_PCODE":"TH9301","ADM1_EN":"Phatthalung","ADM1_TH":"พัทลุง","ADM1_PCODE":"TH93","ADM0_EN":"Thailand","ADM0_TH":"ประเทศไทย","ADM0_PCODE":"TH"}},
{"type":"Feature","geometry":{"type":"Polygon","coordinates":[[[100.02516835300008,7.59950350400004],[100.00942962800008,7.593480354000064],[99.98771451400006,7.587683640000023],[99.97978818400009,7.5859355620000315],[99.97289131800005,7.583303043000058],[99.97038896100008,7.580933435000077],[99.97041260800006,7.5784692620000556],[99.97161233500003,7.577615364000053],[99.97161806500009,7.57429638900004],[99.97600015300009,7.575838969000074],[99.97972504300009,7.576463016000048],[99.98603956300008,7.573176040000021],[99.99235661000006,7.572093211000038],[99.99569499700004,7.572656595000069],[99.99878470300007,7.575158191000071],[100.00163643900004,7.576205281000057],[100.00881017200004,7.576272341000049],[100.01699084500007,7.5791662180000685],[100.01809897300006,7.580539245000068],[100.02265879600009,7.580835130000025],[100.02344850900005,7.582287041000029],[100.02595571800003,7.583078273000069],[100.02782811600008,7.585994743000072],[100.02923093800007,7.586179705000063],[100.03025179100007,7.589660838000043],[100.03011663200004,7.59462000000002],[100.03155805100005,7.593986656000027],[100.03443140600007,7.5951036550000595],[100.03444862300006,7.597592278000036],[100.03626604600004,7.5978567050000265],[100.03700008600003,7.600070292000055],[100.03650972000008,7.6033107050000694],[100.02940902600005,7.601392940000039],[100.02516835300008,7.59950350400004]]]},"properties":{"Shape_Leng":0.171713885533,"Shape_Area":0.000911394750008,"ADM3_EN":"Na Thom","ADM3_TH":"นาท่อม","ADM3_PCODE":"TH930106","ADM2_EN":"Mueang Phatthalung","ADM2_TH":"เมืองพัทลุง","ADM2_PCODE":"TH9301","ADM1_EN":"Phatthalung","ADM1_TH":"พัทลุง","ADM1_PCODE":"TH93","ADM0_EN":"Thailand","ADM0_TH":"ประเทศไทย","ADM0_PCODE":"TH"}},
{"type":"Feature","geometry":{"type":"Polygon","coordinates":[[[100.08330298300007,7.634801226000036],[100.08466363800005,7.638277995000067],[100.08452996700004,7.641272346000051],[100.08768004000007,7.644435986000076],[100.08714127100006,7.6461498670000765],[100.08502007000004,7.645959493000021],[100.08512360900005,7.6517941930000575],[100.08772453300008,7.654155564000064],[100.08798055000005,7.655602085000055],[100.08695557600004,7.6581984890000285],[100.08665533600004,7.662047812000026],[100.08810528700008,7.664518774000044],[100.08791278000007,7.667101356000046],[100.08418677400005,7.6616326960000265],[100.07372796700008,7.661343009000063],[100.06992337500009,7.665518997000049],[100.06648477700008,7.664309234000029],[100.06469820000007,7.661838470000021],[100.06291349800006,7.661219154000037],[100.06152972400008,7.659429055000032],[100.06064400200006,7.6603219260000515],[100.05740621000007,7.659919329000047],[100.05383897100006,7.656342712000026],[100.05217119000008,7.654834132000076],[100.05011198300008,7.654379326000026],[100.04530064700003,7.655483133000075],[100.04468732900006,7.654028831000062],[100.04310152500005,7.653951458000051],[100.04200545200007,7.651034020000054],[100.03850338900008,7.648079886000062],[100.03818690000008,7.645998356000064],[100.03646485300004,7.646094294000022],[100.03188318000008,7.64250299400004],[100.03001536300008,7.643659728000046],[100.02651021600008,7.643684800000074],[100.02481174500008,7.642201833000058],[100.02414111500008,7.639947758000062],[100.02132107900007,7.639725166000062],[100.01975581000005,7.63727676000002],[100.02834785800007,7.635715339000058],[100.03408291700003,7.633444175000022],[100.03701803400008,7.633503200000064],[100.04144148900008,7.634551050000027],[100.04182709100007,7.635873810000021],[100.04482525900005,7.636616422000031],[100.04539318700006,7.639436079000063],[100.04640033300007,7.640560436000044],[100.05142813900005,7.64160901300005],[100.05439473100006,7.641137029000049],[100.05838923200008,7.639372863000062],[100.05967610200008,7.636837827000022],[100.06313871400005,7.636048427000048],[100.06627219300003,7.6279920240000365],[100.07316551900004,7.627867373000072],[100.07514099700006,7.629109434000043],[100.07822079900006,7.632366721000039],[100.08168890900004,7.633164203000035],[100.08330298300007,7.634801226000036]]]},"properties":{"Shape_Leng":0.219129353889,"Shape_Area":0.00128975369157,"ADM3_EN":"Prang Mu","ADM3_TH":"ปรางหมู่","ADM3_PCODE":"TH930107","ADM2_EN":"Mueang Phatthalung","ADM2_TH":"เมืองพัทลุง","ADM2_PCODE":"TH9301","ADM1_EN":"Phatthalung","ADM1_TH":"พัทลุง","ADM1_PCODE":"TH93","ADM0_EN":"Thailand","ADM0_TH":"ประเทศไทย","ADM0_PCODE":"TH"}},
{"type":"Feature","geometry":{"type":"Polygon","coordinates":[[[100.03847249900008,7.577294860000052],[100.03552802500008,7.576234750000026],[100.03308908900004,7.57400190900006],[100.03121829400004,7.570819134000033],[100.03044915500004,7.567178428000034],[100.03027815600007,7.559210806000067],[100.02586508800005,7.558234682000034],[100.02514085100006,7.5574775230000455],[100.02169078300005,7.5475201760000346],[100.02040973900006,7.541830439000023],[100.01822746400006,7.522822998000038],[100.02124047100006,7.521019401000046],[100.02747349100008,7.521118520000073],[100.03087182200005,7.520584168000028],[100.03472627800005,7.523133980000068],[100.03988292000008,7.522201550000034],[100.04159379200007,7.521146680000072],[100.04301951500008,7.522010676000036],[100.04434617300006,7.519221949000041],[100.04683470000003,7.516399365000041],[100.05017426500007,7.516078714000059],[100.05068797300004,7.515144821000035],[100.05406945900006,7.514559468000073],[100.05531486700005,7.523057458000039],[100.05735590700004,7.5236859740000455],[100.05802256800007,7.525364797000066],[100.06313776400003,7.52560653300003],[100.06212476100006,7.524507827000036],[100.06478240200005,7.524113378000038],[100.06663209300007,7.522502230000043],[100.06935275100005,7.523252477000028],[100.07101786800007,7.524538105000033],[100.07769119700004,7.524876966000022],[100.07836972800004,7.523739595000052],[100.08119477200006,7.525475872000072],[100.08252379400005,7.527598664000038],[100.08382862400003,7.527912323000066],[100.08517076000004,7.53033326000002],[100.08551774700004,7.532666404000054],[100.08362000100004,7.543638115000022],[100.08048949600004,7.542978585000071],[100.07424893500007,7.542637840000054],[100.07019502900005,7.5429105700000605],[100.06983094100008,7.547415499000067],[100.07026231800006,7.55118568000006],[100.06935574100004,7.550865406000071],[100.06871639400003,7.553920043000062],[100.06751161000005,7.554466472000058],[100.06704374700007,7.556993584000054],[100.06545383500008,7.556949057000054],[100.06662625100006,7.56118181100004],[100.06670441800009,7.564279661000057],[100.06762746900006,7.564401882000027],[100.06709055900006,7.567069816000071],[100.06852926700009,7.570906879000063],[100.06646510300004,7.575459588000058],[100.06244802000003,7.5725442610000755],[100.06011173200005,7.572438228000067],[100.05927978100004,7.573542265000071],[100.05619534100003,7.572386800000061],[100.05167464900006,7.572357018000048],[100.04598652600004,7.57438632700007],[100.04452228800005,7.576385414000072],[100.04232504500004,7.576129354000045],[100.03847249900008,7.577294860000052]]]},"properties":{"Shape_Leng":0.273962675817,"Shape_Area":0.00264756493959,"ADM3_EN":"Tha Khae","ADM3_TH":"ท่าแค","ADM3_PCODE":"TH930108","ADM2_EN":"Mueang Phatthalung","ADM2_TH":"เมืองพัทลุง","ADM2_PCODE":"TH9301","ADM1_EN":"Phatthalung","ADM1_TH":"พัทลุง","ADM1_PCODE":"TH93","ADM0_EN":"Thailand","ADM0_TH":"ประเทศไทย","ADM0_PCODE":"TH"}},
{"type":"Feature","geometry":{"type":"Polygon","coordinates":[[[100.12448295200005,7.626115595000044],[100.12362220300008,7.622537392000027],[100.12425191400007,7.621151151000049],[100.12398951100005,7.617018529000063],[100.12466366600006,7.615874777000045],[100.12882402400004,7.615534804000049],[100.13331525600006,7.616053203000035],[100.13659904600007,7.6170320000000515],[100.13761349900005,7.6163299840000604],[100.14290519700006,7.614961698000059],[100.14543194000004,7.613411882000037],[100.14756334300006,7.613219944000036],[100.14622735900008,7.609519545000069],[100.14496294300005,7.603776553000046],[100.14315826100005,7.602292123000041],[100.14425953700004,7.598022318000062],[100.14426300900004,7.594976127000052],[100.14613142500008,7.594729995000023],[100.14768880900004,7.589920842000026],[100.14485072900004,7.58909178600004],[100.14485788700006,7.587807759000043],[100.14716460300008,7.58494072700006],[100.14858752400005,7.5806311570000275],[100.15372546300006,7.581337108000071],[100.15841548800006,7.576227446000075],[100.16252237000003,7.575695919000054],[100.16659150600003,7.572388852000074],[100.16802318400005,7.572276590000058],[100.23331465400008,7.575677573000064],[100.22881467100007,7.6140147240000715],[100.22616036100004,7.64110482500007],[100.22005766600006,7.695345519000057],[100.21843506600004,7.712163715000031],[100.14612021000005,7.72801768100004],[100.14434782500007,7.727506654000024],[100.14185643700006,7.729154461000064],[100.14187784700005,7.732426323000027],[100.13872766400004,7.733877741000072],[100.13531120500005,7.737985141000024],[100.13360306900006,7.738074637000068],[100.13167901100007,7.736916733000044],[100.12982552200003,7.7341824500000484],[100.12709489400004,7.7334068810000645],[100.12640291100007,7.732273532000022],[100.12733505900007,7.728867920000027],[100.12934365200005,7.727949484000021],[100.13078412300007,7.724920245000021],[100.13258615200004,7.724365600000056],[100.13499458400008,7.711792370000069],[100.13711554000008,7.703009894000047],[100.13792245500008,7.698372004000021],[100.13742196200008,7.693918262000068],[100.13904765600006,7.69207043800003],[100.13784161300003,7.686806754000031],[100.12936967900004,7.682925093000051],[100.13095071700008,7.676217784000073],[100.12245796400003,7.674056673000052],[100.11920338200008,7.672522001000061],[100.12054733800005,7.6699888780000265],[100.12263771400006,7.661302860000035],[100.12231982700007,7.65851101800007],[100.12349406600003,7.652167567000049],[100.12241142700003,7.6508427110000525],[100.12179456800004,7.6429791550000346],[100.12307805600005,7.639506420000032],[100.12452951500006,7.638299871000072],[100.12523258300007,7.636166306000064],[100.12685129400006,7.634907228000031],[100.12818853100003,7.631167631000039],[100.13021752300006,7.630835854000054],[100.12991667100005,7.629613433000031],[100.12716322800009,7.629743541000039],[100.12390609000005,7.6281048980000605],[100.12448295200005,7.626115595000044]]]},"properties":{"Shape_Leng":0.548946714126,"Shape_Area":0.0135837040274,"ADM3_EN":"Lampam","ADM3_TH":"ลำปำ","ADM3_PCODE":"TH930109","ADM2_EN":"Mueang Phatthalung","ADM2_TH":"เมืองพัทลุง","ADM2_PCODE":"TH9301","ADM1_EN":"Phatthalung","ADM1_TH":"พัทลุง","ADM1_PCODE":"TH93","ADM0_EN":"Thailand","ADM0_TH":"ประเทศไทย","ADM0_PCODE":"TH"}},
{"type":"Feature","geometry":{"type":"Polygon","coordinates":[[[100.06881516200008,7.606433203000051],[100.06916610100006,7.602917109000032],[100.07025612000007,7.600675384000056],[100.06804660300008,7.598482551000075],[100.06789522000008,7.596687736000035],[100.06624106200007,7.593681631000038],[100.06376104900005,7.592333791000044],[100.05937932900008,7.58907141800006],[100.05935735600008,7.587068966000061],[100.06157808400008,7.585235799000031],[100.06540399600004,7.579105272000049],[100.06646510300004,7.575459588000058],[100.06852926700009,7.570906879000063],[100.06709055900006,7.567069816000071],[100.06762746900006,7.564401882000027],[100.06670441800009,7.564279661000057],[100.06662625100006,7.56118181100004],[100.06545383500008,7.556949057000054],[100.06704374700007,7.556993584000054],[100.06751161000005,7.554466472000058],[100.06871639400003,7.553920043000062],[100.06935574100004,7.550865406000071],[100.07026231800006,7.55118568000006],[100.06983094100008,7.547415499000067],[100.07019502900005,7.5429105700000605],[100.07424893500007,7.542637840000054],[100.08048949600004,7.542978585000071],[100.08362000100004,7.543638115000022],[100.08551774700004,7.532666404000054],[100.08833450400004,7.534603167000057],[100.09261470400008,7.534826139000074],[100.09370768700006,7.536476635000042],[100.10235726200006,7.536795679000022],[100.10604351200004,7.544613424000033],[100.09198400600008,7.598726114000044],[100.09027151800007,7.603574418000051],[100.08796165500007,7.6123489670000595],[100.07896171900006,7.609403436000036],[100.06881516200008,7.606433203000051]]]},"properties":{"Shape_Leng":0.228439417272,"Shape_Area":0.00220099261092,"ADM3_EN":"Tamnan","ADM3_TH":"ตำนาน","ADM3_PCODE":"TH930110","ADM2_EN":"Mueang Phatthalung","ADM2_TH":"เมืองพัทลุง","ADM2_PCODE":"TH9301","ADM1_EN":"Phatthalung","ADM1_TH":"พัทลุง","ADM1_PCODE":"TH93","ADM0_EN":"Thailand","ADM0_TH":"ประเทศไทย","ADM0_PCODE":"TH"}},
{"type":"Feature","geometry":{"type":"Polygon","coordinates":[[[100.08796165500007,7.6123489670000595],[100.09027151800007,7.603574418000051],[100.09198400600008,7.598726114000044],[100.10604351200004,7.544613424000033],[100.10780072600005,7.54830277700006],[100.11160111900006,7.554881263000027],[100.11443741900007,7.558677991000025],[100.11710269200006,7.5614766250000685],[100.12542354200008,7.561858866000023],[100.13204489400005,7.56455304900004],[100.15692813200008,7.5705215020000765],[100.15719248100004,7.573843142000044],[100.15841548800006,7.576227446000075],[100.15372546300006,7.581337108000071],[100.14858752400005,7.5806311570000275],[100.14716460300008,7.58494072700006],[100.14485788700006,7.587807759000043],[100.14485072900004,7.58909178600004],[100.14768880900004,7.589920842000026],[100.14613142500008,7.594729995000023],[100.14426300900004,7.594976127000052],[100.14425953700004,7.598022318000062],[100.14315826100005,7.602292123000041],[100.14496294300005,7.603776553000046],[100.14622735900008,7.609519545000069],[100.14756334300006,7.613219944000036],[100.14543194000004,7.613411882000037],[100.14290519700006,7.614961698000059],[100.13761349900005,7.6163299840000604],[100.13659904600007,7.6170320000000515],[100.13331525600006,7.616053203000035],[100.12882402400004,7.615534804000049],[100.12466366600006,7.615874777000045],[100.12398951100005,7.617018529000063],[100.12425191400007,7.621151151000049],[100.12362220300008,7.622537392000027],[100.12448295200005,7.626115595000044],[100.11641786100006,7.627861556000028],[100.11386154700006,7.626825446000055],[100.10486663000006,7.625003181000068],[100.09542167400008,7.621833586000037],[100.09629597200006,7.618525494000039],[100.09407382700005,7.615546577000032],[100.08796165500007,7.6123489670000595]]]},"properties":{"Shape_Leng":0.27392733163,"Shape_Area":0.00322310693624,"ADM3_EN":"Khuan Maphrao","ADM3_TH":"ควนมะพร้าว","ADM3_PCODE":"TH930111","ADM2_EN":"Mueang Phatthalung","ADM2_TH":"เมืองพัทลุง","ADM2_PCODE":"TH9301","ADM1_EN":"Phatthalung","ADM1_TH":"พัทลุง","ADM1_PCODE":"TH93","ADM0_EN":"Thailand","ADM0_TH":"ประเทศไทย","ADM0_PCODE":"TH"}},
{"type":"Feature","geometry":{"type":"Polygon","coordinates":[[[100.03155805100005,7.593986656000027],[100.03011663200004,7.59462000000002],[100.03025179100007,7.589660838000043],[100.02923093800007,7.586179705000063],[100.02782811600008,7.585994743000072],[100.02595571800003,7.583078273000069],[100.02344850900005,7.582287041000029],[100.02265879600009,7.580835130000025],[100.01809897300006,7.580539245000068],[100.01699084500007,7.5791662180000685],[100.00881017200004,7.576272341000049],[100.00163643900004,7.576205281000057],[99.99878470300007,7.575158191000071],[99.99569499700004,7.572656595000069],[99.99235661000006,7.572093211000038],[99.98717457200007,7.562304285000039],[99.98797815500006,7.553888614000073],[99.98826837600006,7.543771283000069],[99.98904785300005,7.5299198140000385],[99.99128014100006,7.530414518000043],[99.99762648600006,7.528298335000045],[100.00120443600008,7.5291870880000715],[100.01080415400008,7.52927954300003],[100.01277269200006,7.5288170000000605],[100.01548260800007,7.526463501000023],[100.01822746400006,7.522822998000038],[100.02040973900006,7.541830439000023],[100.02169078300005,7.5475201760000346],[100.02514085100006,7.5574775230000455],[100.02586508800005,7.558234682000034],[100.03027815600007,7.559210806000067],[100.03044915500004,7.567178428000034],[100.03121829400004,7.570819134000033],[100.03308908900004,7.57400190900006],[100.03552802500008,7.576234750000026],[100.03847249900008,7.577294860000052],[100.03548676600008,7.580277438000053],[100.03347408900004,7.583665275000044],[100.03165102400004,7.59109383200007],[100.03155805100005,7.593986656000027]]]},"properties":{"Shape_Leng":0.213779000123,"Shape_Area":0.00186276137755,"ADM3_EN":"Rom Mueang","ADM3_TH":"ร่มเมือง","ADM3_PCODE":"TH930112","ADM2_EN":"Mueang Phatthalung","ADM2_TH":"เมืองพัทลุง","ADM2_PCODE":"TH9301","ADM1_EN":"Phatthalung","ADM1_TH":"พัทลุง","ADM1_PCODE":"TH93","ADM0_EN":"Thailand","ADM0_TH":"ประเทศไทย","ADM0_PCODE":"TH"}},
{"type":"Feature","geometry":{"type":"Polygon","coordinates":[[[100.08791278000007,7.667101356000046],[100.09001085500006,7.666619727000068],[100.09194431600008,7.6684226110000395],[100.09605525400008,7.669578182000066],[100.10152379500005,7.6734319530000334],[100.10513903400005,7.67483721800005],[100.11433574800009,7.674062617000061],[100.11920338200008,7.672522001000061],[100.12245796400003,7.674056673000052],[100.13095071700008,7.676217784000073],[100.12936967900004,7.682925093000051],[100.13784161300003,7.686806754000031],[100.13904765600006,7.69207043800003],[100.13742196200008,7.693918262000068],[100.13792245500008,7.698372004000021],[100.13711554000008,7.703009894000047],[100.13499458400008,7.711792370000069],[100.13258615200004,7.724365600000056],[100.13078412300007,7.724920245000021],[100.12934365200005,7.727949484000021],[100.12733505900007,7.728867920000027],[100.12640291100007,7.732273532000022],[100.12709489400004,7.7334068810000645],[100.12369153200007,7.73333176400007],[100.11936228500008,7.729721072000075],[100.11775960000006,7.729230796000024],[100.10991149600005,7.730551659000071],[100.10810321200006,7.729577672000062],[100.10483240700006,7.724507509000034],[100.10229582600005,7.722833494000042],[100.09815762200009,7.723375760000067],[100.09568416800005,7.720803368000077],[100.09275007500008,7.720895187000053],[100.08913764200008,7.718240566000077],[100.08949455400005,7.715878488000044],[100.08697171900008,7.714457318000029],[100.08709957400004,7.712823884000045],[100.08528794900008,7.71251208700005],[100.08479827900004,7.710453887000028],[100.07919516600003,7.711388470000031],[100.07762588900005,7.711127806000036],[100.07724944500006,7.712779764000061],[100.07567714200007,7.713572079000073],[100.07220272200004,7.7121928260000345],[100.07349685300005,7.708296873000052],[100.07154952900004,7.703491133000057],[100.06866780600006,7.700115234000066],[100.06808702500007,7.6986751860000595],[100.05687037300004,7.693977563000033],[100.05719082300004,7.690050939000059],[100.05627350400005,7.687809627000036],[100.05372498100007,7.68695088000004],[100.05268333700008,7.685145766000062],[100.05408990300003,7.682772882000052],[100.05483378400004,7.67926718700005],[100.05798325000006,7.678436902000044],[100.05887500100005,7.675775697000063],[100.05746256400005,7.674272418000044],[100.05456345400006,7.668629188000068],[100.05283614200005,7.667020414000035],[100.05339499100006,7.663957236000044],[100.05287776200004,7.660317159000044],[100.05383897100006,7.656342712000026],[100.05740621000007,7.659919329000047],[100.06064400200006,7.6603219260000515],[100.06152972400008,7.659429055000032],[100.06291349800006,7.661219154000037],[100.06469820000007,7.661838470000021],[100.06648477700008,7.664309234000029],[100.06992337500009,7.665518997000049],[100.07372796700008,7.661343009000063],[100.08418677400005,7.6616326960000265],[100.08791278000007,7.667101356000046]]]},"properties":{"Shape_Leng":0.312347434632,"Shape_Area":0.0039016226213,"ADM3_EN":"Chai Buri","ADM3_TH":"ชัยบุรี","ADM3_PCODE":"TH930113","ADM2_EN":"Mueang Phatthalung","ADM2_TH":"เมืองพัทลุง","ADM2_PCODE":"TH9301","ADM1_EN":"Phatthalung","ADM1_TH":"พัทลุง","ADM1_PCODE":"TH93","ADM0_EN":"Thailand","ADM0_TH":"ประเทศไทย","ADM0_PCODE":"TH"}},
{"type":"Feature","geometry":{"type":"Polygon","coordinates":[[[100.03087182200005,7.520584168000028],[100.02932188100004,7.518850330000021],[100.02815256300005,7.509534466000048],[100.02456466700005,7.504832701000055],[100.02268287600003,7.5042833460000224],[100.02153007400005,7.500500693000049],[100.02070000200007,7.499761442000022],[100.02100802300004,7.497109587000068],[100.02026053300006,7.495030313000029],[100.01731088300005,7.492779059000043],[100.01711744400006,7.490062815000044],[100.01849190700005,7.485042958000065],[100.01692575600003,7.483937167000022],[100.01931957400006,7.482642540000029],[100.01970574600006,7.477720770000076],[100.01836799200004,7.47713580900006],[100.02026409100006,7.475934486000028],[100.02037239500004,7.473344083000029],[100.01676549600006,7.472756385000025],[100.01632469100008,7.470862504000024],[100.01670364000006,7.4655356680000295],[100.01297756600007,7.464833395000028],[100.01149493400004,7.461559174000058],[100.00885878200006,7.460666434000075],[100.00937214500004,7.457632371000045],[100.00621796800004,7.4571617780000565],[100.00544642200003,7.453227429000037],[100.00337308900004,7.453110337000055],[100.00362420800008,7.449854752000022],[100.00820611700004,7.451317563000032],[100.01300310800008,7.449836213000026],[100.01222917900009,7.447655965000024],[100.01303952400008,7.444310959000063],[100.01216805800004,7.439161881000075],[100.01752208900007,7.439204898000071],[100.01781855300004,7.440193678000071],[100.02208405400006,7.441015849000053],[100.02611452200006,7.440687360000027],[100.02861847900004,7.442128496000066],[100.02918589600006,7.444112462000021],[100.03318677400006,7.444798955000067],[100.03468097900009,7.450741467000057],[100.03568959500006,7.45820315800006],[100.03909532100005,7.458068945000036],[100.03867984300007,7.461072986000033],[100.03947119000009,7.462240017000056],[100.04527620000005,7.467514865000055],[100.04468793200004,7.4696963000000665],[100.04226201500006,7.472054838000076],[100.03460353900005,7.47853075300003],[100.03339071000005,7.480943694000075],[100.03392397900006,7.483933144000048],[100.03729135000003,7.48520411100003],[100.03910100300004,7.48256503500005],[100.03973900500006,7.483552108000026],[100.04597633000009,7.484084186000075],[100.04813957300007,7.483701287000031],[100.05017554100004,7.4859424370000625],[100.05295914800007,7.4852229280000415],[100.05611982500005,7.487088158000063],[100.05803537300005,7.486204667000038],[100.06106784600007,7.488671714000077],[100.06676788300007,7.488413023000021],[100.06875716900004,7.491033830000049],[100.06948905500008,7.493127509000033],[100.06938985900007,7.502114045000042],[100.07213332800006,7.50758373900004],[100.07600532600009,7.511191303000032],[100.07657053200006,7.512278369000057],[100.07643359100007,7.516119780000054],[100.07744284900008,7.51808929300006],[100.07668913900005,7.518753412000024],[100.07847398000007,7.521485752000046],[100.07836972800004,7.523739595000052],[100.07769119700004,7.524876966000022],[100.07101786800007,7.524538105000033],[100.06935275100005,7.523252477000028],[100.06663209300007,7.522502230000043],[100.06478240200005,7.524113378000038],[100.06212476100006,7.524507827000036],[100.06313776400003,7.52560653300003],[100.05802256800007,7.525364797000066],[100.05735590700004,7.5236859740000455],[100.05531486700005,7.523057458000039],[100.05406945900006,7.514559468000073],[100.05068797300004,7.515144821000035],[100.05017426500007,7.516078714000059],[100.04683470000003,7.516399365000041],[100.04434617300006,7.519221949000041],[100.04301951500008,7.522010676000036],[100.04159379200007,7.521146680000072],[100.03988292000008,7.522201550000034],[100.03472627800005,7.523133980000068],[100.03087182200005,7.520584168000028]]]},"properties":{"Shape_Leng":0.369214975403,"Shape_Area":0.00279353994264,"ADM3_EN":"Na Not","ADM3_TH":"นาโหนด","ADM3_PCODE":"TH930114","ADM2_EN":"Mueang Phatthalung","ADM2_TH":"เมืองพัทลุง","ADM2_PCODE":"TH9301","ADM1_EN":"Phatthalung","ADM1_TH":"พัทลุง","ADM1_PCODE":"TH93","ADM0_EN":"Thailand","ADM0_TH":"ประเทศไทย","ADM0_PCODE":"TH"}},
{"type":"Feature","geometry":{"type":"Polygon","coordinates":[[[100.12390609000005,7.6281048980000605],[100.12716322800009,7.629743541000039],[100.12991667100005,7.629613433000031],[100.13021752300006,7.630835854000054],[100.12818853100003,7.631167631000039],[100.12685129400006,7.634907228000031],[100.12523258300007,7.636166306000064],[100.12452951500006,7.638299871000072],[100.12307805600005,7.639506420000032],[100.12179456800004,7.6429791550000346],[100.12241142700003,7.6508427110000525],[100.12349406600003,7.652167567000049],[100.12231982700007,7.65851101800007],[100.12263771400006,7.661302860000035],[100.12054733800005,7.6699888780000265],[100.11920338200008,7.672522001000061],[100.11433574800009,7.674062617000061],[100.10513903400005,7.67483721800005],[100.10152379500005,7.6734319530000334],[100.09605525400008,7.669578182000066],[100.09194431600008,7.6684226110000395],[100.09001085500006,7.666619727000068],[100.08791278000007,7.667101356000046],[100.08810528700008,7.664518774000044],[100.08665533600004,7.662047812000026],[100.08695557600004,7.6581984890000285],[100.08798055000005,7.655602085000055],[100.08772453300008,7.654155564000064],[100.08512360900005,7.6517941930000575],[100.08502007000004,7.645959493000021],[100.08714127100006,7.6461498670000765],[100.08768004000007,7.644435986000076],[100.08452996700004,7.641272346000051],[100.08466363800005,7.638277995000067],[100.08330298300007,7.634801226000036],[100.09141076600008,7.636275277000038],[100.09271990800005,7.632033471000057],[100.09301652900007,7.629127897000046],[100.09469204500004,7.623483580000027],[100.10482559100006,7.626860514000043],[100.11332959500004,7.628559095000071],[100.11585577700004,7.6295889990000205],[100.12390609000005,7.6281048980000605]]]},"properties":{"Shape_Leng":0.18546934428,"Shape_Area":0.00160009696921,"ADM3_EN":"Phaya Khan","ADM3_TH":"พญาขัน","ADM3_PCODE":"TH930115","ADM2_EN":"Mueang Phatthalung","ADM2_TH":"เมืองพัทลุง","ADM2_PCODE":"TH9301","ADM1_EN":"Phatthalung","ADM1_TH":"พัทลุง","ADM1_PCODE":"TH93","ADM0_EN":"Thailand","ADM0_TH":"ประเทศไทย","ADM0_PCODE":"TH"}},
{"type":"Feature","geometry":{"type":"Polygon","coordinates":[[[99.95278707700004,7.50921164500005],[99.95018991200004,7.512968948000037],[99.94555658300004,7.5136743370000545],[99.94504925700005,7.514723691000029],[99.93953183600007,7.5143944860000715],[99.93946613700007,7.512418590000038],[99.93712306200007,7.513357332000055],[99.93381416300008,7.5109441130000505],[99.93171641200007,7.507848353000043],[99.92832119300004,7.505163592000031],[99.92690768600005,7.50311464300006],[99.92618914300004,7.498917243000051],[99.92326628500007,7.498815980000074],[99.92258204200004,7.501691028000039],[99.92099600900008,7.5021800450000455],[99.91885486900009,7.5009124010000505],[99.91680662000005,7.4982253130000345],[99.91329273100007,7.497525240000073],[99.91136647300004,7.489263152000035],[99.90752914000007,7.488583605000031],[99.90656244200005,7.489735599000028],[99.90769140200007,7.49198861800005],[99.90597547600004,7.492274307000059],[99.90478036300004,7.4892461380000555],[99.90085110800004,7.486617835000061],[99.89856848800008,7.48843542700007],[99.89564921200008,7.486531133000028],[99.89398190900005,7.486463627000035],[99.89273677400007,7.484703877000072],[99.89113660400005,7.484622092000052],[99.88823959800004,7.482915595000065],[99.88703021900005,7.480622376000042],[99.88204585100004,7.47681582000007],[99.88008826300006,7.476866251000047],[99.87680107600005,7.478279680000071],[99.86989014700004,7.482998019000036],[99.86700739200006,7.483706374000064],[99.86166358700007,7.480797867000035],[99.86012710400007,7.4805383980000215],[99.85745647700008,7.477817536000032],[99.85400973800006,7.476638410000021],[99.85270547600004,7.474583778000067],[99.85013342400003,7.47307356500005],[99.84761817900005,7.47080719500002],[99.84852987900007,7.468857928000034],[99.84876996200006,7.465293963000022],[99.84975172900005,7.464290607000066],[99.85748913200007,7.46069329200003],[99.85914201600008,7.456840321000072],[99.85935827300005,7.453158641000073],[99.86248180200005,7.451180217000058],[99.86284668000008,7.450006930000029],[99.85972997500005,7.446452664000049],[99.86186094100003,7.444605691000049],[99.86201833600006,7.442563265000047],[99.86090681500008,7.440693262000025],[99.86492283300004,7.4399370870000325],[99.86641431200007,7.44109505800003],[99.87140134400005,7.443333214000063],[99.87846822900008,7.449805893000075],[99.87870666300006,7.452640140000028],[99.87993220000004,7.4535007310000765],[99.88165976200008,7.452627628000073],[99.88542146800006,7.454518779000068],[99.88949398600005,7.45550640700003],[99.89487406400008,7.455143712000051],[99.89824522100008,7.455410862000065],[99.90087086500006,7.454289783000036],[99.90370873000006,7.455491316000064],[99.90722045800004,7.453905604000056],[99.91034351800005,7.453461048000065],[99.91126314900004,7.452400318000059],[99.91421578700005,7.452588074000062],[99.91589719800004,7.453588296000021],[99.91916768200008,7.451799104000031],[99.92079244700005,7.452230426000028],[99.92149469600008,7.451043151000022],[99.92449357300006,7.452128121000044],[99.92764000900007,7.454367309000077],[99.92851628700004,7.456132836000052],[99.93402345100009,7.456642098000032],[99.93749858400008,7.457754346000058],[99.93952578500006,7.459182871000053],[99.94188847000004,7.463754747000053],[99.94455483800004,7.463005826000028],[99.94474107000008,7.464254842000059],[99.95045305600007,7.46503950500005],[99.95208347900007,7.464028553000048],[99.95555872100005,7.464001672000052],[99.95720152600006,7.467424532000052],[99.95982474200008,7.469023278000066],[99.96185311100004,7.476185239000074],[99.96246587300004,7.479855519000068],[99.96231517600006,7.483105205000072],[99.96217815500006,7.484806552000066],[99.96374912600004,7.490515487000039],[99.96310581500006,7.495898575000069],[99.96210121700005,7.4974096550000695],[99.95777510300007,7.5010404160000235],[99.95420848400005,7.506329267000069],[99.95278707700004,7.50921164500005]]]},"properties":{"Shape_Leng":0.369419532263,"Shape_Area":0.00422944773759,"ADM3_EN":"Kong Ra","ADM3_TH":"กงหรา","ADM3_PCODE":"TH930201","ADM2_EN":"Kong Ra","ADM2_TH":"กงหรา","ADM2_PCODE":"TH9302","ADM1_EN":"Phatthalung","ADM1_TH":"พัทลุง","ADM1_PCODE":"TH93","ADM0_EN":"Thailand","ADM0_TH":"ประเทศไทย","ADM0_PCODE":"TH"}},
{"type":"Feature","geometry":{"type":"Polygon","coordinates":[[[100.01692575600003,7.483937167000022],[100.01615208800007,7.48503177200007],[100.01393535000005,7.484339859000045],[100.01130871600009,7.485066214000028],[100.00822218400003,7.482759490000035],[100.00508263100005,7.4817430840000725],[100.00049290100009,7.4788882610000655],[100.00072518200005,7.481354300000021],[99.99965861600003,7.485109622000039],[99.99392011200007,7.489764960000059],[99.98879069200007,7.489294179000069],[99.98856467300004,7.491898266000021],[99.99061252100006,7.49401754400003],[99.98973342100004,7.495609103000049],[99.98803213200006,7.495588119000047],[99.98389298100005,7.497047563000024],[99.98311851600005,7.495898897000075],[99.98030358600005,7.495838413000058],[99.98011066200007,7.493870227000059],[99.97829821100004,7.494383765000066],[99.97914529900004,7.496397219000073],[99.97275294200006,7.4963248750000275],[99.97428018600004,7.491300508000052],[99.97493023900006,7.487580900000069],[99.97618078900007,7.484555201000035],[99.97038486200006,7.484422231000053],[99.96696866000008,7.485677759000055],[99.96231517600006,7.483105205000072],[99.96246587300004,7.479855519000068],[99.96185311100004,7.476185239000074],[99.95982474200008,7.469023278000066],[99.96220832300008,7.465896146000034],[99.96412973100007,7.4604863910000745],[99.96764652100006,7.4580900520000455],[99.97080519900004,7.457706936000022],[99.97463509100004,7.4562421870000435],[99.97467981600005,7.454494255000043],[99.97800748600008,7.453480723000041],[99.98167864000004,7.453661393000061],[99.98341370600008,7.454776601000049],[99.98538097100004,7.45373507000005],[99.98727036900004,7.454149735000044],[99.98728700200007,7.455516504000059],[99.99110643900008,7.4562804960000335],[99.99148495000009,7.460168281000051],[99.99359688000004,7.460338860000036],[99.99555498900008,7.459185393000041],[99.99472641300008,7.455387836000057],[99.99374878000003,7.454466806000028],[99.99617362400005,7.451823587000035],[99.99669936200007,7.452573713000049],[99.99950050900009,7.452519843000061],[99.99971503900008,7.450484169000049],[100.00113529600009,7.450737735000075],[100.00096272800005,7.452630829000043],[100.00337308900004,7.453110337000055],[100.00544642200003,7.453227429000037],[100.00621796800004,7.4571617780000565],[100.00937214500004,7.457632371000045],[100.00885878200006,7.460666434000075],[100.01149493400004,7.461559174000058],[100.01297756600007,7.464833395000028],[100.01670364000006,7.4655356680000295],[100.01632469100008,7.470862504000024],[100.01676549600006,7.472756385000025],[100.02037239500004,7.473344083000029],[100.02026409100006,7.475934486000028],[100.01836799200004,7.47713580900006],[100.01970574600006,7.477720770000076],[100.01931957400006,7.482642540000029],[100.01692575600003,7.483937167000022]]]},"properties":{"Shape_Leng":0.257262503176,"Shape_Area":0.00173794608756,"ADM3_EN":"Charat","ADM3_TH":"ชะรัด","ADM3_PCODE":"TH930202","ADM2_EN":"Kong Ra","ADM2_TH":"กงหรา","ADM2_PCODE":"TH9302","ADM1_EN":"Phatthalung","ADM1_TH":"พัทลุง","ADM1_PCODE":"TH93","ADM0_EN":"Thailand","ADM0_TH":"ประเทศไทย","ADM0_PCODE":"TH"}},
{"type":"Feature","geometry":{"type":"Polygon","coordinates":[[[100.00337308900004,7.453110337000055],[100.00096272800005,7.452630829000043],[100.00113529600009,7.450737735000075],[99.99971503900008,7.450484169000049],[99.99950050900009,7.452519843000061],[99.99669936200007,7.452573713000049],[99.99617362400005,7.451823587000035],[99.99374878000003,7.454466806000028],[99.99472641300008,7.455387836000057],[99.99555498900008,7.459185393000041],[99.99359688000004,7.460338860000036],[99.99148495000009,7.460168281000051],[99.99110643900008,7.4562804960000335],[99.98728700200007,7.455516504000059],[99.98727036900004,7.454149735000044],[99.98538097100004,7.45373507000005],[99.98341370600008,7.454776601000049],[99.98167864000004,7.453661393000061],[99.97800748600008,7.453480723000041],[99.97467981600005,7.454494255000043],[99.97463509100004,7.4562421870000435],[99.97080519900004,7.457706936000022],[99.96674055000005,7.455525255000055],[99.96415647500004,7.453579065000042],[99.96175323700004,7.453445927000075],[99.95954584700007,7.4512881490000495],[99.95929736900007,7.445428930000048],[99.96081973200006,7.4419608700000595],[99.96339688500007,7.44030850300004],[99.96707128500003,7.439173783000058],[99.96825923100005,7.436443452000049],[99.96607855000008,7.433457188000034],[99.96461184500004,7.43260811600004],[99.96058259800009,7.4317779830000745],[99.95866996300003,7.429414028000053],[99.95845829600006,7.42609619600006],[99.95909985800006,7.424679193000031],[99.96373430800008,7.421516204000056],[99.96737712100008,7.421830016000058],[99.97088600100005,7.421014925000065],[99.97529282800008,7.412736616000075],[99.97544504100006,7.41126203400006],[99.97408015600007,7.409648076000053],[99.97253208900008,7.409500133000051],[99.97368667600006,7.408183514000029],[99.97155934800008,7.406956757000046],[99.97238587200007,7.40611911600007],[99.97032214600006,7.405307894000032],[99.97006934900008,7.403346241000065],[99.96751376700007,7.401814218000027],[99.96539341400006,7.4017182450000405],[99.96432865200006,7.400063028000034],[99.96189162000007,7.399329496000064],[99.96102974900003,7.3978512700000465],[99.95930199600008,7.39873065200004],[99.95928154800004,7.396665249000023],[99.95540812500008,7.3975470030000565],[99.95659939700005,7.398039625000024],[99.94821238900005,7.399221763000071],[99.94853661800005,7.397918194000056],[99.94608105700007,7.398573403000057],[99.94409151300005,7.396627944000045],[99.94339144800006,7.398041778000049],[99.93988215600007,7.398548966000021],[99.93910124600006,7.397395061000054],[99.93668525900006,7.397613924000041],[99.93319845700006,7.399873483000022],[99.92612610900005,7.3983889010000325],[99.92090103600003,7.399077901000055],[99.91653677200009,7.39722733900004],[99.91023947500008,7.397080337000034],[99.90805924600005,7.3950870710000345],[99.90579665700005,7.394704588000025],[99.90209363100007,7.397692903000063],[99.90153735300004,7.398836176000032],[99.89591484700009,7.398803557000065],[99.89418508700004,7.397857381000051],[99.89306118000007,7.395432776000064],[99.89298014100007,7.393193246000067],[99.89539731200006,7.38728603800007],[99.89748853000003,7.384060868000063],[99.90124492300004,7.380945021000059],[99.90169117500005,7.378342934000045],[99.90121876900008,7.3749926280000295],[99.90007484800009,7.372107941000024],[99.89618925500008,7.367223096000032],[99.89614272500006,7.36381616500006],[99.89915373200006,7.358372483000039],[99.90226142400007,7.3571751110000605],[99.90378144300007,7.3557195100000285],[99.90532747200007,7.351326999000037],[99.90499309300009,7.348862519000022],[99.90308249900005,7.345461902000068],[99.90282464400008,7.342998089000048],[99.90474313100003,7.338658426000052],[99.90365915500007,7.336785621000047],[99.90546814100009,7.33486523800002],[99.90568849800007,7.333388745000036],[99.90872695700006,7.3314199890000395],[99.90919392000006,7.326191238000035],[99.91116970900003,7.3240612170000645],[99.91239769800006,7.319686561000026],[99.91446445700007,7.318698333000043],[99.91790013300005,7.3182314700000575],[99.92231548600006,7.31872074000006],[99.92915161900004,7.318232533000071],[99.93170086900005,7.317564366000056],[99.93716678700008,7.317861392000054],[99.93923913200007,7.317020572000047],[99.93986396200006,7.313511952000056],[99.94281722700003,7.31333513800007],[99.94608570100007,7.314287284000045],[99.94675816100005,7.316459742000063],[99.94840068700006,7.31835133200002],[99.94999428900007,7.316068575000031],[99.95458099900009,7.312912752000045],[99.96044677600008,7.313964181000074],[99.96287265400008,7.313868844000069],[99.96560398800005,7.315846516000022],[99.96867099000008,7.3171382370000515],[99.97117564800004,7.3200600260000215],[99.97132387400006,7.32444509000004],[99.97290433400008,7.326425172000029],[99.97788096900007,7.32472781000007],[99.98034058400003,7.325940756000023],[99.98275171600005,7.325104990000057],[99.98342490300007,7.323510618000057],[99.98753206700007,7.323402756000064],[99.98711829300004,7.324958297000023],[99.98981943500007,7.32574771700007],[99.99355783300007,7.328433535000045],[99.99501629000008,7.327194077000058],[99.99713056600007,7.328837707000048],[99.99810043800005,7.333950401000038],[99.99712181100006,7.335454415000072],[99.99984587900008,7.33508901700003],[100.00097787100003,7.337253629000031],[100.00309651600008,7.338470483000037],[100.00484014100005,7.338296315000036],[100.00386143900005,7.340030910000053],[100.00571401900004,7.339673706000042],[100.00531082700007,7.34131510900005],[100.00814132100004,7.341293140000062],[100.01270232600007,7.342625113000054],[100.01368662200008,7.3424020830000245],[100.01725287900007,7.345306262000065],[100.01943503200005,7.346352986000056],[100.01925128800008,7.347870730000068],[100.01652964200008,7.348177835000058],[100.01625690600008,7.356856351000033],[100.00911161500005,7.359100686000033],[100.00761535500004,7.363703684000029],[100.00490994500007,7.364690728000028],[100.00287701800005,7.363714322000021],[100.00139444300004,7.364720409000029],[100.00238807200009,7.369623012000034],[99.99991031400003,7.374773178000055],[100.00010743600006,7.377983887000028],[100.00155867500007,7.380554698000026],[100.00547502200004,7.382870001000072],[100.00262823100007,7.3890019840000605],[100.00098517300006,7.396352011000033],[99.99843599000008,7.398930035000035],[99.99706546800007,7.4012656220000395],[99.99559430600004,7.407416301000069],[99.99599502700005,7.410816084000032],[99.99535251400005,7.416441727000063],[99.99413578300005,7.419212951000077],[99.99415089900003,7.422000945000036],[99.99513657500006,7.423469641000054],[99.99954410000004,7.425500791000047],[100.00290667300004,7.425231618000055],[100.00396537200004,7.428401438000037],[100.00599261700006,7.4290439150000225],[100.00544209200007,7.432993053000075],[100.00796972400008,7.433975272000055],[100.00956120000006,7.433730012000069],[100.00880656300006,7.439273154000034],[100.01216805800004,7.439161881000075],[100.01303952400008,7.444310959000063],[100.01222917900009,7.447655965000024],[100.01300310800008,7.449836213000026],[100.00820611700004,7.451317563000032],[100.00362420800008,7.449854752000022],[100.00337308900004,7.453110337000055]]]},"properties":{"Shape_Leng":0.678749205037,"Shape_Area":0.0101860967397,"ADM3_EN":"Khlong Chaloem","ADM3_TH":"คลองเฉลิม","ADM3_PCODE":"TH930203","ADM2_EN":"Kong Ra","ADM2_TH":"กงหรา","ADM2_PCODE":"TH9302","ADM1_EN":"Phatthalung","ADM1_TH":"พัทลุง","ADM1_PCODE":"TH93","ADM0_EN":"Thailand","ADM0_TH":"ประเทศไทย","ADM0_PCODE":"TH"}},
{"type":"Feature","geometry":{"type":"Polygon","coordinates":[[[99.86492283300004,7.4399370870000325],[99.86793778500004,7.43716313300007],[99.86887463700003,7.434751212000037],[99.87064155200005,7.433340091000048],[99.87204763500006,7.430478028000039],[99.87154613400008,7.42764461400003],[99.87210677900003,7.425225534000049],[99.87416383500005,7.424093609000067],[99.87580790700008,7.422079360000055],[99.87736735000004,7.417032820000031],[99.88083046600008,7.414917599000034],[99.88531608400007,7.412938890000021],[99.88486911800004,7.410846109000033],[99.88549052800005,7.407955626000046],[99.88719739900006,7.405283286000042],[99.89127971400006,7.403332308000074],[99.89418508700004,7.397857381000051],[99.89591484700009,7.398803557000065],[99.90153735300004,7.398836176000032],[99.90209363100007,7.397692903000063],[99.90579665700005,7.394704588000025],[99.90805924600005,7.3950870710000345],[99.91023947500008,7.397080337000034],[99.91653677200009,7.39722733900004],[99.92090103600003,7.399077901000055],[99.92612610900005,7.3983889010000325],[99.93319845700006,7.399873483000022],[99.93668525900006,7.397613924000041],[99.93910124600006,7.397395061000054],[99.93988215600007,7.398548966000021],[99.94339144800006,7.398041778000049],[99.94409151300005,7.396627944000045],[99.94608105700007,7.398573403000057],[99.94853661800005,7.397918194000056],[99.94821238900005,7.399221763000071],[99.95659939700005,7.398039625000024],[99.95540812500008,7.3975470030000565],[99.95928154800004,7.396665249000023],[99.95930199600008,7.39873065200004],[99.96102974900003,7.3978512700000465],[99.96189162000007,7.399329496000064],[99.96432865200006,7.400063028000034],[99.96539341400006,7.4017182450000405],[99.96751376700007,7.401814218000027],[99.97006934900008,7.403346241000065],[99.97032214600006,7.405307894000032],[99.97238587200007,7.40611911600007],[99.97155934800008,7.406956757000046],[99.97368667600006,7.408183514000029],[99.97253208900008,7.409500133000051],[99.97408015600007,7.409648076000053],[99.97544504100006,7.41126203400006],[99.97529282800008,7.412736616000075],[99.97088600100005,7.421014925000065],[99.96737712100008,7.421830016000058],[99.96373430800008,7.421516204000056],[99.95909985800006,7.424679193000031],[99.95845829600006,7.42609619600006],[99.95866996300003,7.429414028000053],[99.96058259800009,7.4317779830000745],[99.96461184500004,7.43260811600004],[99.96607855000008,7.433457188000034],[99.96825923100005,7.436443452000049],[99.96707128500003,7.439173783000058],[99.96339688500007,7.44030850300004],[99.96081973200006,7.4419608700000595],[99.95929736900007,7.445428930000048],[99.95954584700007,7.4512881490000495],[99.96175323700004,7.453445927000075],[99.96415647500004,7.453579065000042],[99.96674055000005,7.455525255000055],[99.97080519900004,7.457706936000022],[99.96764652100006,7.4580900520000455],[99.96412973100007,7.4604863910000745],[99.96220832300008,7.465896146000034],[99.95982474200008,7.469023278000066],[99.95720152600006,7.467424532000052],[99.95555872100005,7.464001672000052],[99.95208347900007,7.464028553000048],[99.95045305600007,7.46503950500005],[99.94474107000008,7.464254842000059],[99.94455483800004,7.463005826000028],[99.94188847000004,7.463754747000053],[99.93952578500006,7.459182871000053],[99.93749858400008,7.457754346000058],[99.93402345100009,7.456642098000032],[99.92851628700004,7.456132836000052],[99.92764000900007,7.454367309000077],[99.92449357300006,7.452128121000044],[99.92149469600008,7.451043151000022],[99.92079244700005,7.452230426000028],[99.91916768200008,7.451799104000031],[99.91589719800004,7.453588296000021],[99.91421578700005,7.452588074000062],[99.91126314900004,7.452400318000059],[99.91034351800005,7.453461048000065],[99.90722045800004,7.453905604000056],[99.90370873000006,7.455491316000064],[99.90087086500006,7.454289783000036],[99.89824522100008,7.455410862000065],[99.89487406400008,7.455143712000051],[99.88949398600005,7.45550640700003],[99.88542146800006,7.454518779000068],[99.88165976200008,7.452627628000073],[99.87993220000004,7.4535007310000765],[99.87870666300006,7.452640140000028],[99.87846822900008,7.449805893000075],[99.87140134400005,7.443333214000063],[99.86641431200007,7.44109505800003],[99.86492283300004,7.4399370870000325]]]},"properties":{"Shape_Leng":0.390190328465,"Shape_Area":0.0052368906819,"ADM3_EN":"Khlong Sai Khao","ADM3_TH":"คลองทรายขาว","ADM3_PCODE":"TH930204","ADM2_EN":"Kong Ra","ADM2_TH":"กงหรา","ADM2_PCODE":"TH9302","ADM1_EN":"Phatthalung","ADM1_TH":"พัทลุง","ADM1_PCODE":"TH93","ADM0_EN":"Thailand","ADM0_TH":"ประเทศไทย","ADM0_PCODE":"TH"}},
{"type":"Feature","geometry":{"type":"Polygon","coordinates":[[[100.01822746400006,7.522822998000038],[100.01548260800007,7.526463501000023],[100.01277269200006,7.5288170000000605],[100.01080415400008,7.52927954300003],[100.00120443600008,7.5291870880000715],[99.99762648600006,7.528298335000045],[99.99128014100006,7.530414518000043],[99.98904785300005,7.5299198140000385],[99.98838873700004,7.520554893000053],[99.98629717500006,7.519869140000026],[99.98477090300008,7.516132101000039],[99.98298361200006,7.515676301000042],[99.98112548000006,7.513751672000069],[99.97449525900004,7.511288204000039],[99.96872329900003,7.511196007000024],[99.96402320800007,7.510522854000044],[99.96440992700008,7.518899741000041],[99.96508546000007,7.5223629400000505],[99.96326683300003,7.519908569000052],[99.95689860600004,7.515163820000055],[99.95455277300005,7.512495836000028],[99.95278707700004,7.50921164500005],[99.95420848400005,7.506329267000069],[99.95777510300007,7.5010404160000235],[99.96210121700005,7.4974096550000695],[99.96310581500006,7.495898575000069],[99.96374912600004,7.490515487000039],[99.96217815500006,7.484806552000066],[99.96231517600006,7.483105205000072],[99.96696866000008,7.485677759000055],[99.97038486200006,7.484422231000053],[99.97618078900007,7.484555201000035],[99.97493023900006,7.487580900000069],[99.97428018600004,7.491300508000052],[99.97275294200006,7.4963248750000275],[99.97914529900004,7.496397219000073],[99.97829821100004,7.494383765000066],[99.98011066200007,7.493870227000059],[99.98030358600005,7.495838413000058],[99.98311851600005,7.495898897000075],[99.98389298100005,7.497047563000024],[99.98803213200006,7.495588119000047],[99.98973342100004,7.495609103000049],[99.99061252100006,7.49401754400003],[99.98856467300004,7.491898266000021],[99.98879069200007,7.489294179000069],[99.99392011200007,7.489764960000059],[99.99965861600003,7.485109622000039],[100.00072518200005,7.481354300000021],[100.00049290100009,7.4788882610000655],[100.00508263100005,7.4817430840000725],[100.00822218400003,7.482759490000035],[100.01130871600009,7.485066214000028],[100.01393535000005,7.484339859000045],[100.01615208800007,7.48503177200007],[100.01692575600003,7.483937167000022],[100.01849190700005,7.485042958000065],[100.01711744400006,7.490062815000044],[100.01731088300005,7.492779059000043],[100.02026053300006,7.495030313000029],[100.02100802300004,7.497109587000068],[100.02070000200007,7.499761442000022],[100.02153007400005,7.500500693000049],[100.02268287600003,7.5042833460000224],[100.02456466700005,7.504832701000055],[100.02815256300005,7.509534466000048],[100.02932188100004,7.518850330000021],[100.03087182200005,7.520584168000028],[100.02747349100008,7.521118520000073],[100.02124047100006,7.521019401000046],[100.01822746400006,7.522822998000038]]]},"properties":{"Shape_Leng":0.299686430874,"Shape_Area":0.00219897697382,"ADM3_EN":"Somwang","ADM3_TH":"สมหวัง","ADM3_PCODE":"TH930205","ADM2_EN":"Kong Ra","ADM2_TH":"กงหรา","ADM2_PCODE":"TH9302","ADM1_EN":"Phatthalung","ADM1_TH":"พัทลุง","ADM1_PCODE":"TH93","ADM0_EN":"Thailand","ADM0_TH":"ประเทศไทย","ADM0_PCODE":"TH"}},
{"type":"Feature","geometry":{"type":"Polygon","coordinates":[[[100.16982420300008,7.46873916100003],[100.17015417500005,7.478145538000035],[100.16881969000008,7.480808614000068],[100.16851171500008,7.485785287000056],[100.16678722800003,7.490356331000044],[100.16604982200005,7.49053993800004],[100.16641652600003,7.48976999100006],[100.16404437800009,7.488469092000059],[100.16189431700008,7.488845602000026],[100.16052059000003,7.4877340800000525],[100.15652035900007,7.486258224000039],[100.15388076800008,7.485876307000069],[100.15249482700006,7.484180249000076],[100.14998087000004,7.4838930160000245],[100.14507098600006,7.480462704000047],[100.14228375500005,7.480801271000075],[100.14199750400007,7.47893695700003],[100.14072545700009,7.479040394000037],[100.13876984500007,7.475689121000073],[100.14027502300007,7.472584677000043],[100.13636391800009,7.469845748000068],[100.13592681100005,7.464499248000038],[100.13348043100007,7.463846539000031],[100.12836615800006,7.460601933000021],[100.12621866800004,7.462849200000051],[100.12185245800003,7.464185005000047],[100.12089463500007,7.466636721000043],[100.11894310600007,7.467930059000025],[100.11576587400003,7.46740707400005],[100.11272055900008,7.464833619000046],[100.10728844700009,7.464250345000039],[100.10505402100006,7.461370526000053],[100.10148560200008,7.459095901000069],[100.10201580800003,7.457202611000071],[100.10141645700008,7.4546954990000245],[100.09790820700005,7.4544430590000275],[100.09613919200007,7.452203080000061],[100.09173613900003,7.453305604000036],[100.08983389700006,7.450025220000043],[100.08782636000007,7.450581502000034],[100.08646108800008,7.448516906000066],[100.08466069300005,7.447559912000031],[100.08270987900005,7.4482755430000225],[100.07982074200004,7.446803761000069],[100.07780758500007,7.4474419820000435],[100.07536973800006,7.447114202000023],[100.07511077300006,7.448888298000043],[100.07378672800007,7.448075066000058],[100.07290110500008,7.449170396000056],[100.07051352600007,7.449099099000023],[100.07051860100006,7.450971953000021],[100.07099448300005,7.452414719000046],[100.06936936400007,7.453347671000074],[100.06932682400009,7.455118177000031],[100.06782740700004,7.4547829120000415],[100.06688417900006,7.456718790000025],[100.06496226100006,7.452468958000054],[100.06404545600009,7.448339693000037],[100.06495122500007,7.446176014000059],[100.06400801800004,7.444421571000021],[100.06380053800007,7.441129043000046],[100.06139001700006,7.435187607000046],[100.06232166100006,7.4307087770000635],[100.05715358500004,7.428521076000038],[100.05480904800004,7.426418190000049],[100.05513619500005,7.423999120000076],[100.05429894300005,7.421063537000066],[100.05592799200008,7.418212351000022],[100.05939226300006,7.416145344000029],[100.05861417900007,7.415169839000043],[100.05326900100005,7.416766711000037],[100.05239648600008,7.412995785000021],[100.05027419500004,7.413328083000067],[100.04979305400008,7.406889810000052],[100.05613709000005,7.40429709600005],[100.06174200200007,7.403891068000064],[100.06286116400008,7.400925017000077],[100.06514307400005,7.401009231000046],[100.06724878500006,7.402130586000055],[100.07228945800006,7.406559286000061],[100.07432870100007,7.405236670000022],[100.08346482900004,7.405189653000036],[100.08287446900005,7.3998252640000715],[100.08546804800005,7.40009888000003],[100.08433816500008,7.391598429000055],[100.08540939000005,7.384752628000058],[100.08770626800003,7.384030169000027],[100.08917574200007,7.380925726000044],[100.09046444500007,7.379737258000034],[100.08670729600004,7.377821698000048],[100.08660765200005,7.373945813000034],[100.09016812800007,7.374036040000021],[100.09165629500006,7.373259357000052],[100.09110247000007,7.369457299000032],[100.08949531800005,7.367234930000052],[100.09349511400006,7.366539527000043],[100.10334067600007,7.361790690000021],[100.10609325900003,7.361355232000051],[100.10680900600005,7.3601420140000755],[100.10871336700006,7.36018013000006],[100.10570782800005,7.36530786700007],[100.10233798000007,7.368196745000034],[100.10235467200005,7.372046069000021],[100.10169156000006,7.3735699930000465],[100.09882350900006,7.374044838000032],[100.10240321800006,7.378493568000067],[100.10066743100003,7.378226668000025],[100.09875445100005,7.383210948000055],[100.10004553600004,7.383519628000045],[100.10169883600008,7.380630859000064],[100.10292731600003,7.380339697000068],[100.10313551700006,7.382142539000029],[100.10184935300003,7.383823646000053],[100.10386987200008,7.38524574500002],[100.10213429300006,7.386446619000026],[100.10253440000008,7.3875845960000674],[100.10487459400008,7.3873779650000415],[100.10503901300007,7.388667380000072],[100.10759552500008,7.389782926000066],[100.10749025700005,7.390669506000052],[100.11038389400005,7.39111246300007],[100.11007366100006,7.3931890730000305],[100.10830913500007,7.393928168000059],[100.11060424200008,7.395139970000059],[100.10908771100009,7.39601373000005],[100.10961672500008,7.398272506000069],[100.11163139200005,7.397581763000062],[100.11112746300006,7.399749818000032],[100.11425648100004,7.400859221000076],[100.11535904700008,7.402615088000061],[100.11691808100005,7.401916125000071],[100.11711665300004,7.403760552000051],[100.11975278000006,7.401978500000041],[100.12084822000008,7.404834084000072],[100.12274489700008,7.404376242000069],[100.12309499100007,7.406301330000076],[100.12452786000006,7.4067612740000754],[100.12410976400008,7.408544566000046],[100.12529939600006,7.40867683700003],[100.12780141100006,7.4107507140000735],[100.12635436900007,7.418886604000022],[100.12475626100007,7.422440307000045],[100.12466217900004,7.424931616000038],[100.12825584000007,7.4299770570000305],[100.13384260700008,7.432032664000076],[100.13397149000008,7.434916365000049],[100.13500790100005,7.438181440000051],[100.13654596300006,7.440591983000047],[100.13880067300005,7.441962496000031],[100.13958984400006,7.443465031000073],[100.13984624100004,7.446875397000042],[100.14247273700005,7.450115470000071],[100.14402834200007,7.453637195000056],[100.14235368700008,7.456482159000075],[100.14368905700007,7.45748214300005],[100.14626011200005,7.463040937000073],[100.15030142000006,7.460674346000076],[100.15443014800007,7.460707557000035],[100.16045138500004,7.463913583000021],[100.16201090900006,7.466127794000045],[100.16455473800005,7.467895325000029],[100.16918968900006,7.468223827000031],[100.16982420300008,7.46873916100003]]]},"properties":{"Shape_Leng":0.601561734269,"Shape_Area":0.00536190733944,"ADM3_EN":"Khao Chaison","ADM3_TH":"เขาชัยสน","ADM3_PCODE":"TH930301","ADM2_EN":"Khao Chaison","ADM2_TH":"เขาชัยสน","ADM2_PCODE":"TH9303","ADM1_EN":"Phatthalung","ADM1_TH":"พัทลุง","ADM1_PCODE":"TH93","ADM0_EN":"Thailand","ADM0_TH":"ประเทศไทย","ADM0_PCODE":"TH"}},
{"type":"Feature","geometry":{"type":"Polygon","coordinates":[[[100.07836972800004,7.523739595000052],[100.07847398000007,7.521485752000046],[100.07668913900005,7.518753412000024],[100.07744284900008,7.51808929300006],[100.07643359100007,7.516119780000054],[100.07657053200006,7.512278369000057],[100.07600532600009,7.511191303000032],[100.07213332800006,7.50758373900004],[100.06938985900007,7.502114045000042],[100.06948905500008,7.493127509000033],[100.06875716900004,7.491033830000049],[100.06676788300007,7.488413023000021],[100.07055062900008,7.480003639000074],[100.06695735200003,7.479258278000032],[100.06098263300004,7.4767327380000665],[100.06259628600009,7.4719565040000475],[100.06483614000007,7.472519453000075],[100.06774664000005,7.466811101000076],[100.07278690700008,7.46710136400003],[100.07455675600005,7.468330764000029],[100.07312950400006,7.452988941000058],[100.07051860100006,7.450971953000021],[100.07051352600007,7.449099099000023],[100.07290110500008,7.449170396000056],[100.07378672800007,7.448075066000058],[100.07511077300006,7.448888298000043],[100.07536973800006,7.447114202000023],[100.07780758500007,7.4474419820000435],[100.07982074200004,7.446803761000069],[100.08270987900005,7.4482755430000225],[100.08466069300005,7.447559912000031],[100.08646108800008,7.448516906000066],[100.08782636000007,7.450581502000034],[100.08983389700006,7.450025220000043],[100.09173613900003,7.453305604000036],[100.09613919200007,7.452203080000061],[100.09790820700005,7.4544430590000275],[100.10141645700008,7.4546954990000245],[100.10201580800003,7.457202611000071],[100.10148560200008,7.459095901000069],[100.10505402100006,7.461370526000053],[100.10728844700009,7.464250345000039],[100.11272055900008,7.464833619000046],[100.11576587400003,7.46740707400005],[100.11894310600007,7.467930059000025],[100.12089463500007,7.466636721000043],[100.12185245800003,7.464185005000047],[100.12621866800004,7.462849200000051],[100.12836615800006,7.460601933000021],[100.13348043100007,7.463846539000031],[100.13592681100005,7.464499248000038],[100.13437169200006,7.465430500000025],[100.13195244700006,7.468384097000069],[100.11791671900005,7.500120468000034],[100.11693508400003,7.502623234000055],[100.10604351200004,7.544613424000033],[100.10235726200006,7.536795679000022],[100.09370768700006,7.536476635000042],[100.09261470400008,7.534826139000074],[100.08833450400004,7.534603167000057],[100.08551774700004,7.532666404000054],[100.08517076000004,7.53033326000002],[100.08382862400003,7.527912323000066],[100.08252379400005,7.527598664000038],[100.08119477200006,7.525475872000072],[100.07836972800004,7.523739595000052]]]},"properties":{"Shape_Leng":0.343853210086,"Shape_Area":0.00378952156533,"ADM3_EN":"Khuan Khanun","ADM3_TH":"ควนขนุน","ADM3_PCODE":"TH930302","ADM2_EN":"Khao Chaison","ADM2_TH":"เขาชัยสน","ADM2_PCODE":"TH9303","ADM1_EN":"Phatthalung","ADM1_TH":"พัทลุง","ADM1_PCODE":"TH93","ADM0_EN":"Thailand","ADM0_TH":"ประเทศไทย","ADM0_PCODE":"TH"}},
{"type":"Feature","geometry":{"type":"Polygon","coordinates":[[[100.16982420300008,7.46873916100003],[100.17241438600007,7.474782942000047],[100.17363422500006,7.474065378000034],[100.17305226600007,7.46962336200005],[100.17370543800007,7.4676573500000245],[100.17675522000008,7.467411040000059],[100.17943204800008,7.46797196600005],[100.18076570800008,7.467440944000032],[100.18168582300007,7.46922928500004],[100.18049476100003,7.4718222860000765],[100.18273905900008,7.474622413000077],[100.18506844800004,7.475356841000064],[100.18851794700004,7.47923593400003],[100.19138268800003,7.478538183000069],[100.19630436300008,7.4784136210000725],[100.19890461000006,7.476080643000046],[100.20407772000004,7.475519190000057],[100.20894222300007,7.475577689000033],[100.21077323400004,7.476610034000032],[100.21953871000005,7.477124670000023],[100.21954140600008,7.47768671700004],[100.22339341800006,7.478232900000023],[100.23373228800006,7.477737633000061],[100.25948460400008,7.477638128000024],[100.27618305600004,7.478396521000036],[100.27306896200008,7.496562275000031],[100.26063753900007,7.496598071000051],[100.25592202900003,7.504365857000039],[100.23840898500004,7.5367357030000335],[100.18284295100005,7.516727609000043],[100.18025246000008,7.515582537000057],[100.18108286700004,7.508904857000061],[100.18264710700004,7.506669104000025],[100.18053627800003,7.505837866000036],[100.17969216800009,7.502226129000064],[100.17792100800006,7.500704714000051],[100.17641108000004,7.500907821000055],[100.17345566700004,7.499857774000077],[100.17300217400003,7.497663657000032],[100.16856994200003,7.493768912000064],[100.16848953700008,7.492118086000062],[100.16604982200005,7.49053993800004],[100.16678722800003,7.490356331000044],[100.16851171500008,7.485785287000056],[100.16881969000008,7.480808614000068],[100.17015417500005,7.478145538000035],[100.16982420300008,7.46873916100003]]]},"properties":{"Shape_Leng":0.334912905916,"Shape_Area":0.00431501606547,"ADM3_EN":"Chong Thanon","ADM3_TH":"จองถนน","ADM3_PCODE":"TH930305","ADM2_EN":"Khao Chaison","ADM2_TH":"เขาชัยสน","ADM2_PCODE":"TH9303","ADM1_EN":"Phatthalung","ADM1_TH":"พัทลุง","ADM1_PCODE":"TH93","ADM0_EN":"Thailand","ADM0_TH":"ประเทศไทย","ADM0_PCODE":"TH"}},
{"type":"Feature","geometry":{"type":"Polygon","coordinates":[[[100.15841548800006,7.576227446000075],[100.15719248100004,7.573843142000044],[100.15692813200008,7.5705215020000765],[100.13204489400005,7.56455304900004],[100.12542354200008,7.561858866000023],[100.11710269200006,7.5614766250000685],[100.11443741900007,7.558677991000025],[100.11160111900006,7.554881263000027],[100.10780072600005,7.54830277700006],[100.10604351200004,7.544613424000033],[100.11693508400003,7.502623234000055],[100.11791671900005,7.500120468000034],[100.13195244700006,7.468384097000069],[100.13437169200006,7.465430500000025],[100.13592681100005,7.464499248000038],[100.13636391800009,7.469845748000068],[100.14027502300007,7.472584677000043],[100.13876984500007,7.475689121000073],[100.14072545700009,7.479040394000037],[100.14199750400007,7.47893695700003],[100.14228375500005,7.480801271000075],[100.14507098600006,7.480462704000047],[100.14998087000004,7.4838930160000245],[100.15249482700006,7.484180249000076],[100.15388076800008,7.485876307000069],[100.15652035900007,7.486258224000039],[100.16052059000003,7.4877340800000525],[100.16189431700008,7.488845602000026],[100.16404437800009,7.488469092000059],[100.16641652600003,7.48976999100006],[100.16604982200005,7.49053993800004],[100.16848953700008,7.492118086000062],[100.16856994200003,7.493768912000064],[100.17300217400003,7.497663657000032],[100.17345566700004,7.499857774000077],[100.17641108000004,7.500907821000055],[100.17792100800006,7.500704714000051],[100.17969216800009,7.502226129000064],[100.18053627800003,7.505837866000036],[100.18264710700004,7.506669104000025],[100.18108286700004,7.508904857000061],[100.18025246000008,7.515582537000057],[100.18284295100005,7.516727609000043],[100.23840898500004,7.5367357030000335],[100.23717696200004,7.538591283000073],[100.23543292300008,7.546886538000024],[100.23331465400008,7.575677573000064],[100.16802318400005,7.572276590000058],[100.16659150600003,7.572388852000074],[100.16252237000003,7.575695919000054],[100.15841548800006,7.576227446000075]]]},"properties":{"Shape_Leng":0.434649829901,"Shape_Area":0.00825083326076,"ADM3_EN":"Han Pho","ADM3_TH":"หานโพธิ์","ADM3_PCODE":"TH930306","ADM2_EN":"Khao Chaison","ADM2_TH":"เขาชัยสน","ADM2_PCODE":"TH9303","ADM1_EN":"Phatthalung","ADM1_TH":"พัทลุง","ADM1_PCODE":"TH93","ADM0_EN":"Thailand","ADM0_TH":"ประเทศไทย","ADM0_PCODE":"TH"}},
{"type":"Feature","geometry":{"type":"Polygon","coordinates":[[[100.01216805800004,7.439161881000075],[100.00880656300006,7.439273154000034],[100.00956120000006,7.433730012000069],[100.00796972400008,7.433975272000055],[100.00544209200007,7.432993053000075],[100.00599261700006,7.4290439150000225],[100.00396537200004,7.428401438000037],[100.00290667300004,7.425231618000055],[99.99954410000004,7.425500791000047],[99.99513657500006,7.423469641000054],[99.99415089900003,7.422000945000036],[99.99413578300005,7.419212951000077],[99.99535251400005,7.416441727000063],[99.99599502700005,7.410816084000032],[99.99559430600004,7.407416301000069],[99.99706546800007,7.4012656220000395],[99.99843599000008,7.398930035000035],[100.00098517300006,7.396352011000033],[100.00262823100007,7.3890019840000605],[100.00547502200004,7.382870001000072],[100.00155867500007,7.380554698000026],[100.00010743600006,7.377983887000028],[99.99991031400003,7.374773178000055],[100.00238807200009,7.369623012000034],[100.00139444300004,7.364720409000029],[100.00287701800005,7.363714322000021],[100.00490994500007,7.364690728000028],[100.00761535500004,7.363703684000029],[100.00911161500005,7.359100686000033],[100.01625690600008,7.356856351000033],[100.02133832000004,7.356594347000055],[100.02945633500008,7.358182833000058],[100.03488869300008,7.363286662000064],[100.04208603500007,7.36340410400004],[100.04389972800004,7.3652957340000285],[100.04659171500003,7.365084747000026],[100.05017356000008,7.365885844000047],[100.05148840100009,7.365516198000023],[100.05226104000008,7.367734298000073],[100.05600675700003,7.368418717000054],[100.05870502400006,7.371018474000039],[100.06281597700007,7.371760398000049],[100.06450443600005,7.373027468000032],[100.06478010400008,7.3680471960000204],[100.07308238500008,7.365378920000069],[100.07689708300006,7.366374079000025],[100.07699643700005,7.363471504000074],[100.08515517300003,7.36262288000006],[100.08686496000007,7.363329241000031],[100.08949531800005,7.367234930000052],[100.09110247000007,7.369457299000032],[100.09165629500006,7.373259357000052],[100.09016812800007,7.374036040000021],[100.08660765200005,7.373945813000034],[100.08670729600004,7.377821698000048],[100.09046444500007,7.379737258000034],[100.08917574200007,7.380925726000044],[100.08770626800003,7.384030169000027],[100.08540939000005,7.384752628000058],[100.08433816500008,7.391598429000055],[100.08546804800005,7.40009888000003],[100.08287446900005,7.3998252640000715],[100.08346482900004,7.405189653000036],[100.07432870100007,7.405236670000022],[100.07228945800006,7.406559286000061],[100.06724878500006,7.402130586000055],[100.06514307400005,7.401009231000046],[100.06286116400008,7.400925017000077],[100.06174200200007,7.403891068000064],[100.05613709000005,7.40429709600005],[100.04979305400008,7.406889810000052],[100.05027419500004,7.413328083000067],[100.05239648600008,7.412995785000021],[100.05326900100005,7.416766711000037],[100.05861417900007,7.415169839000043],[100.05939226300006,7.416145344000029],[100.05592799200008,7.418212351000022],[100.05429894300005,7.421063537000066],[100.05513619500005,7.423999120000076],[100.05480904800004,7.426418190000049],[100.05715358500004,7.428521076000038],[100.06232166100006,7.4307087770000635],[100.06139001700006,7.435187607000046],[100.06380053800007,7.441129043000046],[100.06400801800004,7.444421571000021],[100.06495122500007,7.446176014000059],[100.06404545600009,7.448339693000037],[100.06496226100006,7.452468958000054],[100.06688417900006,7.456718790000025],[100.06782740700004,7.4547829120000415],[100.06932682400009,7.455118177000031],[100.06936936400007,7.453347671000074],[100.07099448300005,7.452414719000046],[100.07051860100006,7.450971953000021],[100.07312950400006,7.452988941000058],[100.07455675600005,7.468330764000029],[100.07278690700008,7.46710136400003],[100.06774664000005,7.466811101000076],[100.06483614000007,7.472519453000075],[100.06259628600009,7.4719565040000475],[100.06098263300004,7.4767327380000665],[100.06695735200003,7.479258278000032],[100.07055062900008,7.480003639000074],[100.06676788300007,7.488413023000021],[100.06106784600007,7.488671714000077],[100.05803537300005,7.486204667000038],[100.05611982500005,7.487088158000063],[100.05295914800007,7.4852229280000415],[100.05017554100004,7.4859424370000625],[100.04813957300007,7.483701287000031],[100.04597633000009,7.484084186000075],[100.03973900500006,7.483552108000026],[100.03910100300004,7.48256503500005],[100.03729135000003,7.48520411100003],[100.03392397900006,7.483933144000048],[100.03339071000005,7.480943694000075],[100.03460353900005,7.47853075300003],[100.04226201500006,7.472054838000076],[100.04468793200004,7.4696963000000665],[100.04527620000005,7.467514865000055],[100.03947119000009,7.462240017000056],[100.03867984300007,7.461072986000033],[100.03909532100005,7.458068945000036],[100.03568959500006,7.45820315800006],[100.03468097900009,7.450741467000057],[100.03318677400006,7.444798955000067],[100.02918589600006,7.444112462000021],[100.02861847900004,7.442128496000066],[100.02611452200006,7.440687360000027],[100.02208405400006,7.441015849000053],[100.01781855300004,7.440193678000071],[100.01752208900007,7.439204898000071],[100.01216805800004,7.439161881000075]]]},"properties":{"Shape_Leng":0.578990383557,"Shape_Area":0.00691316020512,"ADM3_EN":"Khok Muang","ADM3_TH":"โคกม่วง","ADM3_PCODE":"TH930307","ADM2_EN":"Khao Chaison","ADM2_TH":"เขาชัยสน","ADM2_PCODE":"TH9303","ADM1_EN":"Phatthalung","ADM1_TH":"พัทลุง","ADM1_PCODE":"TH93","ADM0_EN":"Thailand","ADM0_TH":"ประเทศไทย","ADM0_PCODE":"TH"}},
{"type":"Feature","geometry":{"type":"Polygon","coordinates":[[[100.08949531800005,7.367234930000052],[100.08686496000007,7.363329241000031],[100.08515517300003,7.36262288000006],[100.07699643700005,7.363471504000074],[100.07689708300006,7.366374079000025],[100.07308238500008,7.365378920000069],[100.07118524500004,7.36457267000003],[100.06766660000005,7.360803224000051],[100.06776294300005,7.357583154000054],[100.06343276100006,7.355491839000024],[100.06289990500005,7.3540900770000235],[100.06707435500005,7.348746218000031],[100.06754311000009,7.347241022000048],[100.06685498300004,7.344619486000056],[100.06518466200004,7.345783760000074],[100.06335927500004,7.345487528000035],[100.06209200600006,7.346910179000076],[100.05926121000005,7.346048429000064],[100.05699464100007,7.347725690000061],[100.05620850900004,7.346927484000048],[100.05749710200007,7.341876936000062],[100.05675768900005,7.3377462080000555],[100.05732145400003,7.334766394000042],[100.05892507800007,7.333011279000061],[100.06281466800004,7.332988443000033],[100.06281331700006,7.329201573000034],[100.06192827200005,7.325433292000071],[100.06210218400008,7.322326098000076],[100.06022793500006,7.312806392000027],[100.06403361000008,7.314267502000064],[100.06504430400008,7.311647749000031],[100.06956844400008,7.311318158000063],[100.07150182900006,7.311705864000032],[100.07280642500007,7.3147949570000605],[100.07492447500005,7.314734740000063],[100.07547175800005,7.31200627000004],[100.07468168700007,7.308245763000059],[100.07769801300009,7.303907664000064],[100.08076888700003,7.302114606000032],[100.08312943800007,7.303536460000032],[100.08513119600008,7.30294772700006],[100.08664146000007,7.304935527000055],[100.08994334400006,7.3069605890000275],[100.09078079300008,7.308744306000051],[100.09476322800003,7.31017835800003],[100.09705893000006,7.309493732000021],[100.10162854600009,7.310511942000062],[100.10215507700008,7.312100416000021],[100.10500163300009,7.3132919440000705],[100.10540350500008,7.317150459000061],[100.10932169300008,7.3185801430000765],[100.11061710000007,7.316127840000036],[100.10957109900005,7.312867391000054],[100.10995173400005,7.31013874000007],[100.10861666000005,7.305348511000034],[100.10911509400006,7.302916008000068],[100.11022460000004,7.3030930070000295],[100.11114211000006,7.300765863000038],[100.11325687800007,7.298887987000057],[100.11221666800009,7.296200407000072],[100.11293701900007,7.294503620000057],[100.11643010000006,7.296532847000037],[100.12292778800008,7.297445071000027],[100.12311408200009,7.301096245000053],[100.12194555500008,7.302617931000043],[100.12112069700004,7.3057937470000525],[100.11911841900007,7.309476489000076],[100.11736564800003,7.311238998000022],[100.11671602400008,7.317369850000034],[100.12041564000003,7.322009183000034],[100.12171149700004,7.326104164000071],[100.12381741100006,7.32819779700003],[100.12500581300009,7.331531281000025],[100.12889119200008,7.334536691000039],[100.12957470200007,7.337904632000061],[100.12928887000004,7.3439902510000366],[100.13044593500007,7.346051595000063],[100.13332075200003,7.3482860290000644],[100.13439972000003,7.351934194000023],[100.13631085000009,7.3545112640000525],[100.13639065400008,7.356588557000066],[100.13479124600008,7.358902287000035],[100.13396386900007,7.358303577000072],[100.13153956700006,7.359592229000043],[100.12922483000006,7.3581919080000375],[100.12423216500008,7.356388485000025],[100.12050482400008,7.356458148000058],[100.11792033600005,7.3558346950000555],[100.11629055600008,7.35445642600007],[100.11098947400006,7.355667202000063],[100.10871336700006,7.36018013000006],[100.10680900600005,7.3601420140000755],[100.10609325900003,7.361355232000051],[100.10334067600007,7.361790690000021],[100.09349511400006,7.366539527000043],[100.08949531800005,7.367234930000052]]]},"properties":{"Shape_Leng":0.365248901717,"Shape_Area":0.00347668714791,"ADM3_EN":"Mae Khri","ADM3_TH":"แม่ขรี","ADM3_PCODE":"TH930401","ADM2_EN":"Tamot","ADM2_TH":"ตะโหมด","ADM2_PCODE":"TH9304","ADM1_EN":"Phatthalung","ADM1_TH":"พัทลุง","ADM1_PCODE":"TH93","ADM0_EN":"Thailand","ADM0_TH":"ประเทศไทย","ADM0_PCODE":"TH"}},
{"type":"Feature","geometry":{"type":"Polygon","coordinates":[[[99.93986396200006,7.313511952000056],[99.93976069200005,7.310062983000023],[99.93735010300009,7.307007661000057],[99.93950344500007,7.303381542000068],[99.93968432900004,7.29970607000007],[99.94050595600004,7.2967688590000535],[99.94125045800007,7.29098304200005],[99.94098833100009,7.287201633000052],[99.94198424700005,7.286615348000055],[99.94075378500008,7.282261275000053],[99.94131368700005,7.278621508000072],[99.94319848000004,7.273517792000064],[99.94477084800008,7.270554741000069],[99.94698064600004,7.269367948000024],[99.94629881500003,7.2684029160000705],[99.94710255500007,7.265683074000037],[99.94484982000006,7.264232331000073],[99.94240320500006,7.257505924000043],[99.93936011500006,7.255034719000037],[99.93811911100005,7.255644829000062],[99.93589234300003,7.253331395000032],[99.93509750800007,7.249693461000049],[99.93354161300005,7.2489490730000625],[99.93224874900005,7.246662205000064],[99.93337291900008,7.240037613000027],[99.93514046600006,7.240423401000044],[99.93546812500006,7.239155141000026],[99.93956476100004,7.236048965000066],[99.93848467300006,7.232471378000071],[99.94135781800009,7.231480261000058],[99.94305649200004,7.22631485900007],[99.94701853900006,7.22312325300004],[99.94668211600003,7.219466245000035],[99.94910680400005,7.217116990000022],[99.94878079300008,7.213922824000065],[99.94718474300004,7.212927802000024],[99.94484957100008,7.214703893000035],[99.94405297200007,7.213786484000025],[99.94608209900008,7.207840148000059],[99.94967565400003,7.202217209000025],[99.95313401900006,7.200591316000043],[99.95808786500004,7.199451934000024],[99.96183697500004,7.200037240000029],[99.96626887500008,7.198448972000051],[99.96906109300005,7.200008611000044],[99.96869912700004,7.201851258000033],[99.97036651700006,7.203505694000057],[99.97011265100008,7.206650070000023],[99.97187037900005,7.210369193000076],[99.97322029600008,7.211818549000043],[99.97586581400009,7.212043703000063],[99.97683438700005,7.213487914000041],[99.97844729500008,7.21365370500007],[99.98077394400008,7.216161760000034],[99.98809175200006,7.214893636000056],[99.99320090300006,7.21182959600003],[99.99569660400005,7.212136301000044],[99.99864481000009,7.209907238000028],[99.99923264600005,7.207656418000056],[100.00042379700005,7.207761447000053],[100.00206614700005,7.209789425000054],[100.00716162900005,7.213614747000065],[100.00949860400004,7.213351270000032],[100.01136989300005,7.210457788000042],[100.01870480700006,7.208849832000055],[100.02149048600006,7.214749920000031],[100.02544758400006,7.220490251000058],[100.02611409800005,7.224547008000059],[100.02560631000006,7.229044058000056],[100.02714918500004,7.233019259000059],[100.03026800500004,7.237945775000071],[100.02967709900008,7.240911221000033],[100.03039692200008,7.242083302000026],[100.03783571100007,7.244982089000075],[100.04061631100006,7.244819605000032],[100.04346406600007,7.247235857000021],[100.04532490400004,7.247300008000025],[100.04628180400005,7.248529501000064],[100.05202074600004,7.247979371000042],[100.05530088200004,7.24863498600007],[100.05819240300008,7.248388205000026],[100.05912187400008,7.250841201000071],[100.05908162300005,7.253959260000045],[100.05815242200003,7.254423420000023],[100.05867289600008,7.25834155900003],[100.05808662500004,7.260131293000029],[100.05863762700005,7.263190439000027],[100.05984367900004,7.264296904000048],[100.05922479400004,7.265756847000034],[100.06054806500003,7.266281362000029],[100.06242375600004,7.269163362000029],[100.06201056900005,7.270298857000057],[100.05978265500005,7.270259581000062],[100.05939444900008,7.272551790000023],[100.06030721600007,7.275441585000067],[100.05866278000008,7.277109401000075],[100.05331751000006,7.278078399000037],[100.05147166200004,7.280451970000058],[100.05201088300004,7.284868027000073],[100.05144267100007,7.288681074000067],[100.05832761700003,7.291822940000031],[100.06478649000007,7.289260256000034],[100.06725899600008,7.291133536000075],[100.06712816500004,7.294819962000076],[100.06858351500006,7.295445839000024],[100.06897849700005,7.297822402000065],[100.07076201300004,7.298442967000028],[100.07250895600004,7.300809727000058],[100.07361002300007,7.3008541220000325],[100.07347623000004,7.297687678000045],[100.07675732500007,7.297515105000059],[100.07698621700007,7.299595496000052],[100.07826580100004,7.299285747000056],[100.08076888700003,7.302114606000032],[100.07769801300009,7.303907664000064],[100.07468168700007,7.308245763000059],[100.07547175800005,7.31200627000004],[100.07492447500005,7.314734740000063],[100.07280642500007,7.3147949570000605],[100.07150182900006,7.311705864000032],[100.06956844400008,7.311318158000063],[100.06504430400008,7.311647749000031],[100.06403361000008,7.314267502000064],[100.06022793500006,7.312806392000027],[100.06210218400008,7.322326098000076],[100.06192827200005,7.325433292000071],[100.06281331700006,7.329201573000034],[100.06281466800004,7.332988443000033],[100.05892507800007,7.333011279000061],[100.05732145400003,7.334766394000042],[100.05675768900005,7.3377462080000555],[100.05749710200007,7.341876936000062],[100.05620850900004,7.346927484000048],[100.05699464100007,7.347725690000061],[100.05926121000005,7.346048429000064],[100.06209200600006,7.346910179000076],[100.06335927500004,7.345487528000035],[100.06518466200004,7.345783760000074],[100.06685498300004,7.344619486000056],[100.06754311000009,7.347241022000048],[100.06707435500005,7.348746218000031],[100.06289990500005,7.3540900770000235],[100.06343276100006,7.355491839000024],[100.06776294300005,7.357583154000054],[100.06766660000005,7.360803224000051],[100.07118524500004,7.36457267000003],[100.07308238500008,7.365378920000069],[100.06478010400008,7.3680471960000204],[100.06450443600005,7.373027468000032],[100.06281597700007,7.371760398000049],[100.05870502400006,7.371018474000039],[100.05600675700003,7.368418717000054],[100.05226104000008,7.367734298000073],[100.05148840100009,7.365516198000023],[100.05017356000008,7.365885844000047],[100.04659171500003,7.365084747000026],[100.04389972800004,7.3652957340000285],[100.04208603500007,7.36340410400004],[100.03488869300008,7.363286662000064],[100.02945633500008,7.358182833000058],[100.02133832000004,7.356594347000055],[100.01625690600008,7.356856351000033],[100.01652964200008,7.348177835000058],[100.01925128800008,7.347870730000068],[100.01943503200005,7.346352986000056],[100.01725287900007,7.345306262000065],[100.01368662200008,7.3424020830000245],[100.01270232600007,7.342625113000054],[100.00814132100004,7.341293140000062],[100.00531082700007,7.34131510900005],[100.00571401900004,7.339673706000042],[100.00386143900005,7.340030910000053],[100.00484014100005,7.338296315000036],[100.00309651600008,7.338470483000037],[100.00097787100003,7.337253629000031],[99.99984587900008,7.33508901700003],[99.99712181100006,7.335454415000072],[99.99810043800005,7.333950401000038],[99.99713056600007,7.328837707000048],[99.99501629000008,7.327194077000058],[99.99355783300007,7.328433535000045],[99.98981943500007,7.32574771700007],[99.98711829300004,7.324958297000023],[99.98753206700007,7.323402756000064],[99.98342490300007,7.323510618000057],[99.98275171600005,7.325104990000057],[99.98034058400003,7.325940756000023],[99.97788096900007,7.32472781000007],[99.97290433400008,7.326425172000029],[99.97132387400006,7.32444509000004],[99.97117564800004,7.3200600260000215],[99.96867099000008,7.3171382370000515],[99.96560398800005,7.315846516000022],[99.96287265400008,7.313868844000069],[99.96044677600008,7.313964181000074],[99.95458099900009,7.312912752000045],[99.94999428900007,7.316068575000031],[99.94840068700006,7.31835133200002],[99.94675816100005,7.316459742000063],[99.94608570100007,7.314287284000045],[99.94281722700003,7.31333513800007],[99.93986396200006,7.313511952000056]]]},"properties":{"Shape_Leng":0.764619445228,"Shape_Area":0.0145631046513,"ADM3_EN":"Tamot","ADM3_TH":"ตะโหมด","ADM3_PCODE":"TH930402","ADM2_EN":"Tamot","ADM2_TH":"ตะโหมด","ADM2_PCODE":"TH9304","ADM1_EN":"Phatthalung","ADM1_TH":"พัทลุง","ADM1_PCODE":"TH93","ADM0_EN":"Thailand","ADM0_TH":"ประเทศไทย","ADM0_PCODE":"TH"}},
{"type":"Feature","geometry":{"type":"Polygon","coordinates":[[[100.08076888700003,7.302114606000032],[100.07826580100004,7.299285747000056],[100.07698621700007,7.299595496000052],[100.07675732500007,7.297515105000059],[100.07347623000004,7.297687678000045],[100.07361002300007,7.3008541220000325],[100.07250895600004,7.300809727000058],[100.07076201300004,7.298442967000028],[100.06897849700005,7.297822402000065],[100.06858351500006,7.295445839000024],[100.06712816500004,7.294819962000076],[100.06725899600008,7.291133536000075],[100.06478649000007,7.289260256000034],[100.05832761700003,7.291822940000031],[100.05144267100007,7.288681074000067],[100.05201088300004,7.284868027000073],[100.05147166200004,7.280451970000058],[100.05331751000006,7.278078399000037],[100.05866278000008,7.277109401000075],[100.06030721600007,7.275441585000067],[100.05939444900008,7.272551790000023],[100.05978265500005,7.270259581000062],[100.06201056900005,7.270298857000057],[100.06242375600004,7.269163362000029],[100.06054806500003,7.266281362000029],[100.05922479400004,7.265756847000034],[100.05984367900004,7.264296904000048],[100.05863762700005,7.263190439000027],[100.05808662500004,7.260131293000029],[100.05867289600008,7.25834155900003],[100.05815242200003,7.254423420000023],[100.05908162300005,7.253959260000045],[100.05912187400008,7.250841201000071],[100.05819240300008,7.248388205000026],[100.05530088200004,7.24863498600007],[100.05202074600004,7.247979371000042],[100.04628180400005,7.248529501000064],[100.04532490400004,7.247300008000025],[100.04346406600007,7.247235857000021],[100.04061631100006,7.244819605000032],[100.03783571100007,7.244982089000075],[100.03039692200008,7.242083302000026],[100.02967709900008,7.240911221000033],[100.03026800500004,7.237945775000071],[100.02714918500004,7.233019259000059],[100.02560631000006,7.229044058000056],[100.02611409800005,7.224547008000059],[100.02544758400006,7.220490251000058],[100.02149048600006,7.214749920000031],[100.01870480700006,7.208849832000055],[100.02465955800005,7.208908093000048],[100.02881196500005,7.2074506200000314],[100.03270949600005,7.202779490000069],[100.03851365900005,7.202252590000057],[100.04808383900007,7.198294139000041],[100.04945491600006,7.198564733000069],[100.05109012500009,7.202190168000072],[100.05322961300004,7.205555576000052],[100.05287359800008,7.208746851000058],[100.05096743600006,7.212495767000064],[100.05086098100008,7.216178177000074],[100.05235237100004,7.217785397000057],[100.05662775200005,7.219674453000039],[100.05699754200003,7.222892787000035],[100.06415995600008,7.224204086000043],[100.06554551000005,7.226881884000022],[100.06841977300007,7.2272619380000265],[100.06797088400003,7.229081909000058],[100.06897781500004,7.230494388000068],[100.07183469600005,7.231788885000071],[100.07617493200007,7.231731792000062],[100.07988829600004,7.235290238000061],[100.08406076100005,7.235972445000073],[100.08386295600008,7.241331296000055],[100.08570561500005,7.242586802000062],[100.08625753900009,7.241728493000039],[100.08800343500008,7.244025075000025],[100.08898452600005,7.2438660430000255],[100.09089632600006,7.246815938000054],[100.09312448700007,7.248899494000057],[100.09230120400008,7.254499650000071],[100.09421981100007,7.256674266000061],[100.09325284900007,7.258715130000041],[100.09455350600007,7.260231378000071],[100.09456104600008,7.264577320000058],[100.09702615000003,7.265479589000051],[100.10498459500008,7.267295420000039],[100.10728790400003,7.26412250900006],[100.11160597000008,7.263473069000042],[100.11263403200007,7.26525166600004],[100.11593669600006,7.26585084900006],[100.11602346700005,7.266543241000022],[100.11938374500005,7.2679419460000645],[100.12384455300008,7.269164418000059],[100.12286778000004,7.274601783000037],[100.12000255800007,7.276611725000066],[100.12286733000008,7.280577616000073],[100.12331036900008,7.284334172000058],[100.12218102100007,7.2842691310000305],[100.11824259200006,7.28663044700005],[100.11733817100009,7.290544969000052],[100.11325785900004,7.291976163000072],[100.11293701900007,7.294503620000057],[100.11221666800009,7.296200407000072],[100.11325687800007,7.298887987000057],[100.11114211000006,7.300765863000038],[100.11022460000004,7.3030930070000295],[100.10911509400006,7.302916008000068],[100.10861666000005,7.305348511000034],[100.10995173400005,7.31013874000007],[100.10957109900005,7.312867391000054],[100.11061710000007,7.316127840000036],[100.10932169300008,7.3185801430000765],[100.10540350500008,7.317150459000061],[100.10500163300009,7.3132919440000705],[100.10215507700008,7.312100416000021],[100.10162854600009,7.310511942000062],[100.09705893000006,7.309493732000021],[100.09476322800003,7.31017835800003],[100.09078079300008,7.308744306000051],[100.08994334400006,7.3069605890000275],[100.08664146000007,7.304935527000055],[100.08513119600008,7.30294772700006],[100.08312943800007,7.303536460000032],[100.08076888700003,7.302114606000032]]]},"properties":{"Shape_Leng":0.476442713693,"Shape_Area":0.0047511195406,"ADM3_EN":"Khlong Yai","ADM3_TH":"คลองใหญ่","ADM3_PCODE":"TH930403","ADM2_EN":"Tamot","ADM2_TH":"ตะโหมด","ADM2_PCODE":"TH9304","ADM1_EN":"Phatthalung","ADM1_TH":"พัทลุง","ADM1_PCODE":"TH93","ADM0_EN":"Thailand","ADM0_TH":"ประเทศไทย","ADM0_PCODE":"TH"}},
{"type":"Feature","geometry":{"type":"Polygon","coordinates":[[[100.04791154700007,7.760848207000038],[100.04765592800004,7.763957541000025],[100.04871556100005,7.764666330000068],[100.04875447300009,7.767427915000042],[100.04956461100005,7.768001299000048],[100.04419691000004,7.768094177000023],[100.04122760700005,7.7672685040000715],[100.04032331800005,7.768200673000024],[100.03594106700007,7.768766504000041],[100.03407954100004,7.767833026000062],[100.03201096600009,7.770987602000048],[100.03163261900005,7.77274148500004],[100.02574253700004,7.7733000670000365],[100.01985616900004,7.775534256000071],[100.00948557100008,7.778228406000039],[99.99925661800006,7.7840623080000455],[99.98964495900003,7.786331094000047],[99.99083909800004,7.777651976000072],[99.99096914800003,7.774571068000057],[99.98992866500004,7.769918352000047],[99.98968786900008,7.759790847000033],[99.98917242400006,7.757112813000049],[99.98980090300006,7.752576863000058],[99.98941529900009,7.747409886000071],[99.98959319000005,7.7394011290000435],[99.98994271500004,7.736901021000051],[99.99121520000006,7.734945224000057],[99.99115304900005,7.729597046000038],[99.99512700100007,7.728493969000056],[99.99690345800008,7.729004522000025],[100.00333271100004,7.728134471000033],[100.00825030000004,7.727901867000071],[100.01244683100003,7.731207682000047],[100.01534750800005,7.731497234000074],[100.01698002100005,7.732510231000049],[100.01958757900007,7.7324945700000285],[100.02951919800006,7.733439024000063],[100.02981674000006,7.734343048000028],[100.02722840100006,7.738888788000054],[100.02214613500007,7.745303705000026],[100.02273907300008,7.747985028000073],[100.02548564500006,7.749115105000044],[100.02853540200005,7.749532707000071],[100.02894240900008,7.751072496000063],[100.03057004000004,7.751598852000029],[100.03240591800005,7.756207786000061],[100.03224883200005,7.758389832000034],[100.04218393900004,7.760860364000052],[100.04791154700007,7.760848207000038]]]},"properties":{"Shape_Leng":0.231282417403,"Shape_Area":0.00204253455841,"ADM3_EN":"Khuan Khanun","ADM3_TH":"ควนขนุน","ADM3_PCODE":"TH930501","ADM2_EN":"Khuan Khanun","ADM2_TH":"ควนขนุน","ADM2_PCODE":"TH9305","ADM1_EN":"Phatthalung","ADM1_TH":"พัทลุง","ADM1_PCODE":"TH93","ADM0_EN":"Thailand","ADM0_TH":"ประเทศไทย","ADM0_PCODE":"TH"}},
{"type":"Feature","geometry":{"type":"Polygon","coordinates":[[[100.20065014500005,7.777726530000052],[100.19968483200006,7.783198991000063],[100.19478249100007,7.804413924000073],[100.19033175200008,7.821465150000051],[100.18523758200007,7.843251915000053],[100.18202851900008,7.856464049000067],[100.17749518400007,7.876479127000039],[100.17131794700003,7.873429776000023],[100.16424053000009,7.872830584000042],[100.16076474800008,7.872840217000032],[100.14822196400007,7.871018047000064],[100.14537875200006,7.87102311700005],[100.14100501300004,7.868337693000058],[100.13972642800007,7.8685017030000495],[100.13654679300004,7.872630012000059],[100.13376276200006,7.875308363000045],[100.13130687700004,7.876744949000056],[100.12387375400004,7.87854311600006],[100.11814394900006,7.87866624000003],[100.10997971000006,7.879246248000072],[100.10728446900004,7.878921410000032],[100.10309994900007,7.877504747000046],[100.09995990300007,7.875703353000063],[100.09793041900008,7.87572123800004],[100.09785924900007,7.872854945000029],[100.09500186100007,7.870873440000025],[100.09213071300007,7.870677451000063],[100.09009631300006,7.8680843420000315],[100.09012788900009,7.866944811000053],[100.08790480700009,7.863471310000023],[100.08709780100008,7.861005667000029],[100.08458852000007,7.85996629400006],[100.07959723100004,7.854725163000069],[100.08147263500007,7.851889110000059],[100.08262847300006,7.845406263000029],[100.08404543800003,7.842467016000057],[100.08485110800007,7.838505266000027],[100.09205573000008,7.839048561000027],[100.09283385000003,7.8381930580000585],[100.09200749800004,7.828663532000064],[100.09381495500008,7.823842010000021],[100.09492027000005,7.817374702000052],[100.09738437200008,7.810136527000054],[100.09813832600008,7.809997151000061],[100.09944991800006,7.804917354000054],[100.10388430600005,7.803761508000036],[100.10391775200009,7.800775095000063],[100.10513444300005,7.79622717500007],[100.10412114800005,7.783179751000034],[100.11417900900005,7.78291450200004],[100.11600013200007,7.780127022000045],[100.11773651100003,7.7800220370000375],[100.11793224000007,7.78336136300004],[100.17312998100005,7.78505238300005],[100.18253422500004,7.785567301000071],[100.18573671800004,7.784738368000035],[100.18801083500006,7.781954082000027],[100.19449548000006,7.781802002000063],[100.19518364900006,7.778921740000044],[100.19908103700004,7.7776221960000385],[100.20065014500005,7.777726530000052]]]},"properties":{"Shape_Leng":0.413392038907,"Shape_Area":0.00868225986271,"ADM3_EN":"Thale Noi","ADM3_TH":"ทะเลน้อย","ADM3_PCODE":"TH930502","ADM2_EN":"Khuan Khanun","ADM2_TH":"ควนขนุน","ADM2_PCODE":"TH9305","ADM1_EN":"Phatthalung","ADM1_TH":"พัทลุง","ADM1_PCODE":"TH93","ADM0_EN":"Thailand","ADM0_TH":"ประเทศไทย","ADM0_PCODE":"TH"}},
{"type":"Feature","geometry":{"type":"Polygon","coordinates":[[[99.98839341100006,7.693763708000063],[99.98746399600009,7.692738031000033],[99.98428011200008,7.692219886000032],[99.98305998100005,7.69306051500007],[99.98054392700004,7.692567344000054],[99.97868912300004,7.6944213910000485],[99.97894866700005,7.69649183000007],[99.97730771200008,7.696956852000028],[99.97618431000006,7.698842171000024],[99.97316981400007,7.699112612000022],[99.97484977400006,7.703316771000061],[99.97280947800004,7.706185512000047],[99.97121119700006,7.706199971000046],[99.96744236500007,7.707786300000066],[99.96689833900007,7.709557763000021],[99.96551528000003,7.708322458000055],[99.96139243300007,7.709707028000025],[99.95795359200008,7.709995964000029],[99.95744441100004,7.7090179520000675],[99.95315161000008,7.710888903000068],[99.95197929800008,7.713161772000035],[99.95000698700005,7.7128964170000245],[99.94634199600006,7.71548735500005],[99.94192852100008,7.716162604000033],[99.93767740400006,7.71616420600003],[99.93099096000009,7.71553371400006],[99.92745964100004,7.715999160000024],[99.92338492400006,7.715289907000056],[99.92264921700007,7.713106854000046],[99.92116882100004,7.711807624000073],[99.91984095000004,7.707977388000074],[99.91739921900006,7.70640594300005],[99.91599712800007,7.702044479000051],[99.91389986400009,7.7001943270000766],[99.91127677800006,7.698975394000058],[99.90795424100008,7.6953188740000655],[99.90733764400005,7.691147622000074],[99.90613665200004,7.689193187000058],[99.91319966100008,7.680642831000057],[99.91815677000005,7.677624023000021],[99.92115398400006,7.675334814000053],[99.92380877000005,7.674216150000063],[99.92869424800006,7.673359179000045],[99.92780526300004,7.669991884000069],[99.92797261200008,7.66473873800004],[99.93410699700007,7.661147239000059],[99.93822102300004,7.659189239000057],[99.94668369900006,7.659330613000066],[99.95163265400004,7.660144012000046],[99.95501783000009,7.6592723250000745],[99.96036532200009,7.661076219000051],[99.96640420700004,7.661800366000023],[99.97074652300006,7.66180935400007],[99.97356795400003,7.662584376000041],[99.97571105200007,7.662021154000058],[99.98473210500003,7.666892456000028],[99.98853437200006,7.667301289000022],[99.98994055000009,7.668055329000026],[99.99049902900003,7.6699393190000364],[99.98964702200004,7.67362362700004],[99.98875401000004,7.682186355000056],[99.98945835900008,7.6847449540000525],[99.98944614100009,7.688919369000075],[99.98839341100006,7.693763708000063]]]},"properties":{"Shape_Leng":0.271033236341,"Shape_Area":0.00338979397736,"ADM3_EN":"Na Khayat","ADM3_TH":"นาขยาด","ADM3_PCODE":"TH930504","ADM2_EN":"Khuan Khanun","ADM2_TH":"ควนขนุน","ADM2_PCODE":"TH9305","ADM1_EN":"Phatthalung","ADM1_TH":"พัทลุง","ADM1_PCODE":"TH93","ADM0_EN":"Thailand","ADM0_TH":"ประเทศไทย","ADM0_PCODE":"TH"}},
{"type":"Feature","geometry":{"type":"Polygon","coordinates":[[[100.05383897100006,7.656342712000026],[100.05287776200004,7.660317159000044],[100.05339499100006,7.663957236000044],[100.05283614200005,7.667020414000035],[100.05456345400006,7.668629188000068],[100.05746256400005,7.674272418000044],[100.05887500100005,7.675775697000063],[100.05798325000006,7.678436902000044],[100.05483378400004,7.67926718700005],[100.05408990300003,7.682772882000052],[100.05268333700008,7.685145766000062],[100.05118922100007,7.686175599000023],[100.05169119600004,7.691449014000057],[100.05115263100004,7.694284807000031],[100.05188809600008,7.696244634000038],[100.05147641400004,7.7026573840000765],[100.04487855500008,7.703580634000048],[100.04438840500006,7.702581047000024],[100.04069368900008,7.702504655000041],[100.03544334900005,7.701212769000051],[100.03110488100003,7.700810213000068],[100.02772279000004,7.701602679000075],[100.02415986300008,7.700872536000077],[100.02167734400007,7.701601254000025],[100.01443393200003,7.701013420000038],[100.00682237500007,7.698728148000043],[100.00624017100006,7.697761815000035],[100.00204552100007,7.697276531000057],[99.99687917600005,7.695530555000062],[99.99457442900007,7.696250762000034],[99.99166930300004,7.69559558900005],[99.98839341100006,7.693763708000063],[99.98944614100009,7.688919369000075],[99.98945835900008,7.6847449540000525],[99.98875401000004,7.682186355000056],[99.98964702200004,7.67362362700004],[99.99049902900003,7.6699393190000364],[99.99211399300003,7.670265411000059],[99.99608692600003,7.668156884000041],[100.00365373100004,7.668051084000069],[100.02437183400008,7.665562217000058],[100.03334385400007,7.664643044000059],[100.03729471500009,7.6635474820000695],[100.03942337800004,7.662399125000036],[100.04122974500007,7.660423426000023],[100.04110057800006,7.659329562000039],[100.03786184000006,7.660154035000062],[100.03543503600008,7.661709293000058],[100.03435530900003,7.660377821000054],[100.03206761500007,7.660044442000071],[100.02878293100008,7.660635821000028],[100.03354044200006,7.656167943000071],[100.03157872100007,7.654963824000049],[100.03646485300004,7.646094294000022],[100.03818690000008,7.645998356000064],[100.03850338900008,7.648079886000062],[100.04200545200007,7.651034020000054],[100.04310152500005,7.653951458000051],[100.04468732900006,7.654028831000062],[100.04530064700003,7.655483133000075],[100.05011198300008,7.654379326000026],[100.05217119000008,7.654834132000076],[100.05383897100006,7.656342712000026]]]},"properties":{"Shape_Leng":0.270586129901,"Shape_Area":0.00241664769843,"ADM3_EN":"Phanom Wang","ADM3_TH":"พนมวังก์","ADM3_PCODE":"TH930505","ADM2_EN":"Khuan Khanun","ADM2_TH":"ควนขนุน","ADM2_PCODE":"TH9305","ADM1_EN":"Phatthalung","ADM1_TH":"พัทลุง","ADM1_PCODE":"TH93","ADM0_EN":"Thailand","ADM0_TH":"ประเทศไทย","ADM0_PCODE":"TH"}},
{"type":"Feature","geometry":{"type":"Polygon","coordinates":[[[100.07959723100004,7.854725163000069],[100.07658881500004,7.850181282000051],[100.07202846200005,7.846521719000066],[100.07149929700006,7.8455987590000404],[100.07296353100008,7.841868759000022],[100.07276436400008,7.840786970000067],[100.06947933500004,7.841418143000055],[100.06735349500008,7.842771138000046],[100.06421069200007,7.843588387000068],[100.06084256000008,7.841360560000055],[100.05923700900007,7.839543091000053],[100.05595702700003,7.838055458000042],[100.05320445000007,7.839876699000058],[100.05114700000007,7.842905367000071],[100.04975768800006,7.843350179000026],[100.04700526900007,7.842615721000072],[100.04585982200007,7.843219561000069],[100.04327409000007,7.841560659000038],[100.03968905300007,7.842665989000068],[100.03763976500005,7.844329428000037],[100.03387054200005,7.846005854000055],[100.03375359400007,7.846688659000051],[100.02976678800007,7.847119396000039],[100.02538840500006,7.845943972000043],[100.02420786600004,7.846362507000038],[100.01900917900008,7.845013839000046],[100.01495420300006,7.847901731000036],[100.01033501600006,7.84835057500004],[100.00257857000008,7.8527945370000225],[99.99940772700006,7.853368003000071],[99.99545794000005,7.85550173200005],[99.99121057100007,7.858921983000073],[99.98801359700008,7.8600211040000545],[99.98509613100003,7.862672904000021],[99.98064427500003,7.847216968000055],[99.98863728900005,7.848143597000046],[99.98887606600005,7.8467166240000665],[99.99293683700006,7.846162794000065],[99.99402224000005,7.844795308000073],[99.98970009800007,7.844121803000064],[99.99063798800006,7.835885289000032],[99.98987604300004,7.830798657000059],[99.99551847400005,7.827382598000042],[100.00238458800004,7.823745452000026],[100.00651401100004,7.820275555000023],[100.01239765000008,7.818207519000055],[100.01799391800006,7.816647448000026],[100.02652696800004,7.816596334000053],[100.02807391800008,7.812315587000057],[100.02833029800007,7.807841588000031],[100.03069833300003,7.806695024000021],[100.03191551700007,7.8036138100000585],[100.03604080100007,7.799932426000055],[100.03884038500007,7.799819660000026],[100.03962025500005,7.80064516300007],[100.04019117300004,7.806380723000075],[100.04790454600004,7.8065346560000535],[100.05071252600004,7.806937178000055],[100.06154134700006,7.807318292000048],[100.06457010900004,7.809324550000042],[100.06920943800009,7.810300840000025],[100.07946719600005,7.810925288000021],[100.08619261700005,7.809025742000074],[100.09127253900004,7.809123838000062],[100.09349794600007,7.808456291000027],[100.09738437200008,7.810136527000054],[100.09492027000005,7.817374702000052],[100.09381495500008,7.823842010000021],[100.09200749800004,7.828663532000064],[100.09283385000003,7.8381930580000585],[100.09205573000008,7.839048561000027],[100.08485110800007,7.838505266000027],[100.08404543800003,7.842467016000057],[100.08262847300006,7.845406263000029],[100.08147263500007,7.851889110000059],[100.07959723100004,7.854725163000069]]]},"properties":{"Shape_Leng":0.360538871683,"Shape_Area":0.00356656668916,"ADM3_EN":"Laem Tanot","ADM3_TH":"แหลมโตนด","ADM3_PCODE":"TH930506","ADM2_EN":"Khuan Khanun","ADM2_TH":"ควนขนุน","ADM2_PCODE":"TH9305","ADM1_EN":"Phatthalung","ADM1_TH":"พัทลุง","ADM1_PCODE":"TH93","ADM0_EN":"Thailand","ADM0_TH":"ประเทศไทย","ADM0_PCODE":"TH"}},
{"type":"Feature","geometry":{"type":"Polygon","coordinates":[[[100.04791154700007,7.760848207000038],[100.05103553400005,7.759949805000076],[100.05760084100007,7.759228949000033],[100.06585690800006,7.759795494000059],[100.06907987700004,7.761750353000025],[100.06615245300009,7.76957728800005],[100.06726145800008,7.76983737300003],[100.06899314400005,7.777057720000073],[100.06796380700007,7.778595592000045],[100.06851009000007,7.78373399000003],[100.06760128300004,7.788259468000035],[100.06884000700006,7.791009795000036],[100.07053443200004,7.7910761220000495],[100.07169895000004,7.792471082000077],[100.07142104800005,7.796677245000069],[100.07301545400009,7.79982983900004],[100.07556976500007,7.7995160200000555],[100.07815535300006,7.80031639200007],[100.07929727100009,7.801630634000048],[100.08196230400006,7.801949329000024],[100.08466513500008,7.805152019000047],[100.08731966300007,7.804335236000043],[100.08892347600005,7.805201636000049],[100.09198303400007,7.805443554000021],[100.09349794600007,7.808456291000027],[100.09127253900004,7.809123838000062],[100.08619261700005,7.809025742000074],[100.07946719600005,7.810925288000021],[100.06920943800009,7.810300840000025],[100.06457010900004,7.809324550000042],[100.06154134700006,7.807318292000048],[100.05071252600004,7.806937178000055],[100.04790454600004,7.8065346560000535],[100.04019117300004,7.806380723000075],[100.03962025500005,7.80064516300007],[100.03884038500007,7.799819660000026],[100.03604080100007,7.799932426000055],[100.03191551700007,7.8036138100000585],[100.03069833300003,7.806695024000021],[100.02833029800007,7.807841588000031],[100.02807391800008,7.812315587000057],[100.02652696800004,7.816596334000053],[100.01799391800006,7.816647448000026],[100.01239765000008,7.818207519000055],[100.00651401100004,7.820275555000023],[100.00238458800004,7.823745452000026],[99.99551847400005,7.827382598000042],[99.98987604300004,7.830798657000059],[99.98880272800005,7.828081646000044],[99.98721278000005,7.827220932000046],[99.98788629800003,7.825561693000054],[99.98661635600007,7.824195872000075],[99.98063042200005,7.802035661000048],[99.97817354600005,7.802380176000042],[99.97579211000004,7.800932424000052],[99.97596535600007,7.798043119000056],[99.97517444400006,7.797835514000042],[99.97627556300006,7.793983195000067],[99.97759270700004,7.791702904000033],[99.97999740400007,7.784499980000021],[99.98297927800007,7.78424340600003],[99.98964495900003,7.786331094000047],[99.99925661800006,7.7840623080000455],[100.00948557100008,7.778228406000039],[100.01985616900004,7.775534256000071],[100.02574253700004,7.7733000670000365],[100.03163261900005,7.77274148500004],[100.03201096600009,7.770987602000048],[100.03407954100004,7.767833026000062],[100.03594106700007,7.768766504000041],[100.04032331800005,7.768200673000024],[100.04122760700005,7.7672685040000715],[100.04419691000004,7.768094177000023],[100.04956461100005,7.768001299000048],[100.04875447300009,7.767427915000042],[100.04871556100005,7.764666330000068],[100.04765592800004,7.763957541000025],[100.04791154700007,7.760848207000038]]]},"properties":{"Shape_Leng":0.369805674299,"Shape_Area":0.00383805260457,"ADM3_EN":"Pantae","ADM3_TH":"ปันแต","ADM3_PCODE":"TH930508","ADM2_EN":"Khuan Khanun","ADM2_TH":"ควนขนุน","ADM2_PCODE":"TH9305","ADM1_EN":"Phatthalung","ADM1_TH":"พัทลุง","ADM1_PCODE":"TH93","ADM0_EN":"Thailand","ADM0_TH":"ประเทศไทย","ADM0_PCODE":"TH"}},
{"type":"Feature","geometry":{"type":"Polygon","coordinates":[[[99.99115304900005,7.729597046000038],[99.99107076500007,7.716395023000075],[99.99004770600004,7.714079477000041],[99.98948584600004,7.707821427000056],[99.99033085200006,7.706554534000077],[99.98864829200005,7.698673783000061],[99.98839341100006,7.693763708000063],[99.99166930300004,7.69559558900005],[99.99457442900007,7.696250762000034],[99.99687917600005,7.695530555000062],[100.00204552100007,7.697276531000057],[100.00624017100006,7.697761815000035],[100.00682237500007,7.698728148000043],[100.01443393200003,7.701013420000038],[100.02167734400007,7.701601254000025],[100.02415986300008,7.700872536000077],[100.02772279000004,7.701602679000075],[100.03110488100003,7.700810213000068],[100.03544334900005,7.701212769000051],[100.04069368900008,7.702504655000041],[100.04438840500006,7.702581047000024],[100.04487855500008,7.703580634000048],[100.05147641400004,7.7026573840000765],[100.05378596100007,7.702223748000051],[100.05023830000005,7.7139473940000585],[100.05020935700009,7.714950198000054],[100.04672805000007,7.714722338000058],[100.04643662800004,7.717831593000028],[100.04719082800005,7.728133023000055],[100.04612682100009,7.72811473400003],[100.04487982700005,7.731136525000068],[100.04410965100004,7.731006880000052],[100.04345648600008,7.733842002000074],[100.04161558500005,7.735816938000028],[100.04020457200005,7.736093388000029],[100.03624931900004,7.735059212000067],[100.03289404100008,7.735754602000043],[100.02981674000006,7.734343048000028],[100.02951919800006,7.733439024000063],[100.01958757900007,7.7324945700000285],[100.01698002100005,7.732510231000049],[100.01534750800005,7.731497234000074],[100.01244683100003,7.731207682000047],[100.00825030000004,7.727901867000071],[100.00333271100004,7.728134471000033],[99.99690345800008,7.729004522000025],[99.99512700100007,7.728493969000056],[99.99115304900005,7.729597046000038]]]},"properties":{"Shape_Leng":0.210642889575,"Shape_Area":0.00186045214056,"ADM3_EN":"Tanot Duan","ADM3_TH":"โตนดด้วน","ADM3_PCODE":"TH930509","ADM2_EN":"Khuan Khanun","ADM2_TH":"ควนขนุน","ADM2_PCODE":"TH9305","ADM1_EN":"Phatthalung","ADM1_TH":"พัทลุง","ADM1_PCODE":"TH93","ADM0_EN":"Thailand","ADM0_TH":"ประเทศไทย","ADM0_PCODE":"TH"}},
{"type":"Feature","geometry":{"type":"Polygon","coordinates":[[[99.99121520000006,7.734945224000057],[99.98400661700003,7.735619413000052],[99.96593090000005,7.73617435400007],[99.94947438100007,7.733890890000055],[99.94246499700006,7.7322556810000265],[99.94186929300008,7.7382481640000265],[99.94119604800005,7.738958448000062],[99.93941428000005,7.736090783000066],[99.93711332300006,7.73586948600007],[99.93527998000008,7.737848565000036],[99.93217996100003,7.73747587400004],[99.93029767500008,7.73845641500003],[99.92835025500005,7.737126939000063],[99.92782075500008,7.734076730000027],[99.92549114000008,7.734045858000059],[99.92376808000006,7.726382028000046],[99.92386973000004,7.719697642000028],[99.92338492400006,7.715289907000056],[99.92745964100004,7.715999160000024],[99.93099096000009,7.71553371400006],[99.93767740400006,7.71616420600003],[99.94192852100008,7.716162604000033],[99.94634199600006,7.71548735500005],[99.95000698700005,7.7128964170000245],[99.95197929800008,7.713161772000035],[99.95315161000008,7.710888903000068],[99.95744441100004,7.7090179520000675],[99.95795359200008,7.709995964000029],[99.96139243300007,7.709707028000025],[99.96551528000003,7.708322458000055],[99.96689833900007,7.709557763000021],[99.96744236500007,7.707786300000066],[99.97121119700006,7.706199971000046],[99.97280947800004,7.706185512000047],[99.97484977400006,7.703316771000061],[99.97316981400007,7.699112612000022],[99.97618431000006,7.698842171000024],[99.97730771200008,7.696956852000028],[99.97894866700005,7.69649183000007],[99.97868912300004,7.6944213910000485],[99.98054392700004,7.692567344000054],[99.98305998100005,7.69306051500007],[99.98428011200008,7.692219886000032],[99.98746399600009,7.692738031000033],[99.98839341100006,7.693763708000063],[99.98864829200005,7.698673783000061],[99.99033085200006,7.706554534000077],[99.98948584600004,7.707821427000056],[99.99004770600004,7.714079477000041],[99.99107076500007,7.716395023000075],[99.99115304900005,7.729597046000038],[99.99121520000006,7.734945224000057]]]},"properties":{"Shape_Leng":0.243267600416,"Shape_Area":0.00181737397882,"ADM3_EN":"Don Sai","ADM3_TH":"ดอนทราย","ADM3_PCODE":"TH930510","ADM2_EN":"Khuan Khanun","ADM2_TH":"ควนขนุน","ADM2_PCODE":"TH9305","ADM1_EN":"Phatthalung","ADM1_TH":"พัทลุง","ADM1_PCODE":"TH93","ADM0_EN":"Thailand","ADM0_TH":"ประเทศไทย","ADM0_PCODE":"TH"}},
{"type":"Feature","geometry":{"type":"Polygon","coordinates":[[[100.09815762200009,7.723375760000067],[100.09369931500004,7.7265051240000275],[100.09168820900004,7.728511223000055],[100.09147953800004,7.730057832000057],[100.08901986200004,7.731878772000073],[100.08778524000007,7.73526006000003],[100.08731477500004,7.739811670000051],[100.08645362300007,7.742535346000068],[100.08847128500008,7.743509915000061],[100.08705943300004,7.747652128000027],[100.08804778900009,7.751183315000048],[100.08740078000005,7.753030720000027],[100.08978147900007,7.754733859000055],[100.09072636100007,7.758296877000021],[100.08438717900003,7.758731361000059],[100.07824496000006,7.7598905390000255],[100.07383756800004,7.75967276800003],[100.06907987700004,7.761750353000025],[100.06585690800006,7.759795494000059],[100.05760084100007,7.759228949000033],[100.05103553400005,7.759949805000076],[100.04791154700007,7.760848207000038],[100.04218393900004,7.760860364000052],[100.03224883200005,7.758389832000034],[100.03240591800005,7.756207786000061],[100.03057004000004,7.751598852000029],[100.02894240900008,7.751072496000063],[100.02853540200005,7.749532707000071],[100.02548564500006,7.749115105000044],[100.02273907300008,7.747985028000073],[100.02214613500007,7.745303705000026],[100.02722840100006,7.738888788000054],[100.02981674000006,7.734343048000028],[100.03289404100008,7.735754602000043],[100.03624931900004,7.735059212000067],[100.04020457200005,7.736093388000029],[100.04161558500005,7.735816938000028],[100.04345648600008,7.733842002000074],[100.04410965100004,7.731006880000052],[100.04487982700005,7.731136525000068],[100.04612682100009,7.72811473400003],[100.04719082800005,7.728133023000055],[100.04643662800004,7.717831593000028],[100.04672805000007,7.714722338000058],[100.05020935700009,7.714950198000054],[100.05023830000005,7.7139473940000585],[100.05378596100007,7.702223748000051],[100.05147641400004,7.7026573840000765],[100.05188809600008,7.696244634000038],[100.05115263100004,7.694284807000031],[100.05169119600004,7.691449014000057],[100.05118922100007,7.686175599000023],[100.05268333700008,7.685145766000062],[100.05372498100007,7.68695088000004],[100.05627350400005,7.687809627000036],[100.05719082300004,7.690050939000059],[100.05687037300004,7.693977563000033],[100.06808702500007,7.6986751860000595],[100.06866780600006,7.700115234000066],[100.07154952900004,7.703491133000057],[100.07349685300005,7.708296873000052],[100.07220272200004,7.7121928260000345],[100.07567714200007,7.713572079000073],[100.07724944500006,7.712779764000061],[100.07762588900005,7.711127806000036],[100.07919516600003,7.711388470000031],[100.08479827900004,7.710453887000028],[100.08528794900008,7.71251208700005],[100.08709957400004,7.712823884000045],[100.08697171900008,7.714457318000029],[100.08949455400005,7.715878488000044],[100.08913764200008,7.718240566000077],[100.09275007500008,7.720895187000053],[100.09568416800005,7.720803368000077],[100.09815762200009,7.723375760000067]]]},"properties":{"Shape_Leng":0.300211350916,"Shape_Area":0.00287749024573,"ADM3_EN":"Makok Nuea","ADM3_TH":"มะกอกเหนือ","ADM3_PCODE":"TH930511","ADM2_EN":"Khuan Khanun","ADM2_TH":"ควนขนุน","ADM2_PCODE":"TH9305","ADM1_EN":"Phatthalung","ADM1_TH":"พัทลุง","ADM1_PCODE":"TH93","ADM0_EN":"Thailand","ADM0_TH":"ประเทศไทย","ADM0_PCODE":"TH"}},
{"type":"Feature","geometry":{"type":"Polygon","coordinates":[[[100.21843506600004,7.712163715000031],[100.21681618200006,7.728265876000023],[100.20824012900005,7.751800182000068],[100.20237324300007,7.775354324000034],[100.20065014500005,7.777726530000052],[100.19908103700004,7.7776221960000385],[100.19518364900006,7.778921740000044],[100.19449548000006,7.781802002000063],[100.18801083500006,7.781954082000027],[100.18573671800004,7.784738368000035],[100.18253422500004,7.785567301000071],[100.17312998100005,7.78505238300005],[100.11793224000007,7.78336136300004],[100.11773651100003,7.7800220370000375],[100.11600013200007,7.780127022000045],[100.11417900900005,7.78291450200004],[100.10412114800005,7.783179751000034],[100.10513444300005,7.79622717500007],[100.10391775200009,7.800775095000063],[100.10388430600005,7.803761508000036],[100.09944991800006,7.804917354000054],[100.09813832600008,7.809997151000061],[100.09738437200008,7.810136527000054],[100.09349794600007,7.808456291000027],[100.09198303400007,7.805443554000021],[100.08892347600005,7.805201636000049],[100.08731966300007,7.804335236000043],[100.08466513500008,7.805152019000047],[100.08196230400006,7.801949329000024],[100.07929727100009,7.801630634000048],[100.07815535300006,7.80031639200007],[100.07556976500007,7.7995160200000555],[100.07301545400009,7.79982983900004],[100.07142104800005,7.796677245000069],[100.07169895000004,7.792471082000077],[100.07053443200004,7.7910761220000495],[100.06884000700006,7.791009795000036],[100.06760128300004,7.788259468000035],[100.06851009000007,7.78373399000003],[100.06796380700007,7.778595592000045],[100.06899314400005,7.777057720000073],[100.06726145800008,7.76983737300003],[100.06615245300009,7.76957728800005],[100.06907987700004,7.761750353000025],[100.07383756800004,7.75967276800003],[100.07824496000006,7.7598905390000255],[100.08438717900003,7.758731361000059],[100.09072636100007,7.758296877000021],[100.08978147900007,7.754733859000055],[100.08740078000005,7.753030720000027],[100.08804778900009,7.751183315000048],[100.08705943300004,7.747652128000027],[100.08847128500008,7.743509915000061],[100.08645362300007,7.742535346000068],[100.08731477500004,7.739811670000051],[100.08778524000007,7.73526006000003],[100.08901986200004,7.731878772000073],[100.09147953800004,7.730057832000057],[100.09168820900004,7.728511223000055],[100.09369931500004,7.7265051240000275],[100.09815762200009,7.723375760000067],[100.10229582600005,7.722833494000042],[100.10483240700006,7.724507509000034],[100.10810321200006,7.729577672000062],[100.10991149600005,7.730551659000071],[100.11775960000006,7.729230796000024],[100.11936228500008,7.729721072000075],[100.12369153200007,7.73333176400007],[100.12709489400004,7.7334068810000645],[100.12982552200003,7.7341824500000484],[100.13167901100007,7.736916733000044],[100.13360306900006,7.738074637000068],[100.13531120500005,7.737985141000024],[100.13872766400004,7.733877741000072],[100.14187784700005,7.732426323000027],[100.14185643700006,7.729154461000064],[100.14434782500007,7.727506654000024],[100.14612021000005,7.72801768100004],[100.21843506600004,7.712163715000031]]]},"properties":{"Shape_Leng":0.489009756587,"Shape_Area":0.00826238477801,"ADM3_EN":"Phanang Tung","ADM3_TH":"พนางตุง","ADM3_PCODE":"TH930512","ADM2_EN":"Khuan Khanun","ADM2_TH":"ควนขนุน","ADM2_PCODE":"TH9305","ADM1_EN":"Phatthalung","ADM1_TH":"พัทลุง","ADM1_PCODE":"TH93","ADM0_EN":"Thailand","ADM0_TH":"ประเทศไทย","ADM0_PCODE":"TH"}},
{"type":"Feature","geometry":{"type":"Polygon","coordinates":[[[99.98964495900003,7.786331094000047],[99.98297927800007,7.78424340600003],[99.97999740400007,7.784499980000021],[99.97759270700004,7.791702904000033],[99.97627556300006,7.793983195000067],[99.97517444400006,7.797835514000042],[99.97056674800007,7.79814820200005],[99.96694770400006,7.799342747000026],[99.96403996400005,7.797370003000026],[99.96055291500005,7.799065843000051],[99.95951257500008,7.801970007000023],[99.95732792200005,7.801619432000052],[99.95478633900007,7.802486750000071],[99.95246632600004,7.800509396000052],[99.94962519800004,7.80099301000007],[99.94888933200008,7.799383611000053],[99.94797665300007,7.800541897000073],[99.94615908800006,7.799191142000041],[99.94518392300006,7.7968391960000645],[99.94364009800006,7.795817717000034],[99.93887631300004,7.795325450000064],[99.93719167100005,7.795956949000072],[99.93508050900004,7.795423528000072],[99.93304295200005,7.796219138000026],[99.93249031200008,7.793925880000074],[99.93059818200004,7.791360144000066],[99.93633852800008,7.790247265000062],[99.93879311600006,7.786161188000051],[99.93887551200004,7.78325542500005],[99.93792673200005,7.782386538000026],[99.94024169400006,7.778790952000065],[99.93768658500005,7.779730448000066],[99.93570990400008,7.778738900000064],[99.93598230500004,7.776686162000033],[99.93333400100005,7.776240175000055],[99.93032416100004,7.774668659000042],[99.92693686300004,7.774686688000031],[99.92598336400005,7.7739166980000505],[99.92727862300006,7.7718973730000585],[99.92562400600008,7.770861700000069],[99.92572339300006,7.769478565000043],[99.92373649500007,7.768748212000048],[99.91872056700004,7.768067623000036],[99.91928116200006,7.760939161000067],[99.91871037300007,7.757962347000046],[99.91953443400007,7.749339452000072],[99.92108687700005,7.7446995790000415],[99.92122638300003,7.742269035000049],[99.92332847800009,7.740779255000064],[99.92359226900004,7.738451821000069],[99.92549114000008,7.734045858000059],[99.92782075500008,7.734076730000027],[99.92835025500005,7.737126939000063],[99.93029767500008,7.73845641500003],[99.93217996100003,7.73747587400004],[99.93527998000008,7.737848565000036],[99.93711332300006,7.73586948600007],[99.93941428000005,7.736090783000066],[99.94119604800005,7.738958448000062],[99.94186929300008,7.7382481640000265],[99.94246499700006,7.7322556810000265],[99.94947438100007,7.733890890000055],[99.96593090000005,7.73617435400007],[99.98400661700003,7.735619413000052],[99.99121520000006,7.734945224000057],[99.98994271500004,7.736901021000051],[99.98959319000005,7.7394011290000435],[99.98941529900009,7.747409886000071],[99.98980090300006,7.752576863000058],[99.98917242400006,7.757112813000049],[99.98968786900008,7.759790847000033],[99.98992866500004,7.769918352000047],[99.99096914800003,7.774571068000057],[99.99083909800004,7.777651976000072],[99.98964495900003,7.786331094000047]]]},"properties":{"Shape_Leng":0.320049259809,"Shape_Area":0.00381362459021,"ADM3_EN":"Chamuang","ADM3_TH":"ชะมวง","ADM3_PCODE":"TH930513","ADM2_EN":"Khuan Khanun","ADM2_TH":"ควนขนุน","ADM2_PCODE":"TH9305","ADM1_EN":"Phatthalung","ADM1_TH":"พัทลุง","ADM1_PCODE":"TH93","ADM0_EN":"Thailand","ADM0_TH":"ประเทศไทย","ADM0_PCODE":"TH"}},
{"type":"Feature","geometry":{"type":"Polygon","coordinates":[[[100.02132107900007,7.639725166000062],[100.02414111500008,7.639947758000062],[100.02481174500008,7.642201833000058],[100.02651021600008,7.643684800000074],[100.03001536300008,7.643659728000046],[100.03188318000008,7.64250299400004],[100.03646485300004,7.646094294000022],[100.03157872100007,7.654963824000049],[100.03354044200006,7.656167943000071],[100.02878293100008,7.660635821000028],[100.03206761500007,7.660044442000071],[100.03435530900003,7.660377821000054],[100.03543503600008,7.661709293000058],[100.03786184000006,7.660154035000062],[100.04110057800006,7.659329562000039],[100.04122974500007,7.660423426000023],[100.03942337800004,7.662399125000036],[100.03729471500009,7.6635474820000695],[100.03334385400007,7.664643044000059],[100.02437183400008,7.665562217000058],[100.00365373100004,7.668051084000069],[99.99608692600003,7.668156884000041],[99.99211399300003,7.670265411000059],[99.99049902900003,7.6699393190000364],[99.98994055000009,7.668055329000026],[99.98853437200006,7.667301289000022],[99.98473210500003,7.666892456000028],[99.97571105200007,7.662021154000058],[99.97631203800006,7.660850637000067],[99.97809705400005,7.6470780070000615],[99.97737852000006,7.643030363000037],[99.97951305700008,7.641924801000073],[99.98132041800005,7.643017189000034],[99.98241530000007,7.641799220000053],[99.98556340900006,7.641580914000031],[99.98521853600005,7.640393849000077],[99.98717770000007,7.638339728000062],[99.99135154700008,7.63759095000006],[99.99447397700004,7.635904741000047],[99.99785269600005,7.6360290100000725],[100.00100636100007,7.636949270000059],[100.00938662300007,7.636794472000076],[100.00986798000008,7.637955926000075],[100.01204537100006,7.638730561000045],[100.01312330700006,7.6403091560000576],[100.01805314100005,7.6404559970000605],[100.02132107900007,7.639725166000062]]]},"properties":{"Shape_Leng":0.21702976692,"Shape_Area":0.00155638578691,"ADM3_EN":"Phraek Ha","ADM3_TH":"แพรกหา","ADM3_PCODE":"TH930516","ADM2_EN":"Khuan Khanun","ADM2_TH":"ควนขนุน","ADM2_PCODE":"TH9305","ADM1_EN":"Phatthalung","ADM1_TH":"พัทลุง","ADM1_PCODE":"TH93","ADM0_EN":"Thailand","ADM0_TH":"ประเทศไทย","ADM0_PCODE":"TH"}},
{"type":"Feature","geometry":{"type":"Polygon","coordinates":[[[100.35115709000007,7.3499649270000305],[100.33925349300006,7.351616642000067],[100.32860882000006,7.354622813000049],[100.32233733100009,7.355733398000041],[100.31409423000008,7.358722177000061],[100.31129805500007,7.360396336000065],[100.30795244200004,7.3440439570000535],[100.30654724800007,7.340391840000052],[100.30407582900006,7.338298663000046],[100.30113293700003,7.336908334000043],[100.29784276500004,7.332676473000049],[100.29739924800003,7.328466644000059],[100.29585092800005,7.325240111000028],[100.29650784900008,7.322918323000067],[100.29651240300007,7.321652421000067],[100.30010793800005,7.318882339000027],[100.30128772100005,7.314861965000034],[100.30405032300007,7.312033831000065],[100.30948547700007,7.310962454000048],[100.31060823900003,7.309243692000052],[100.31192720000007,7.3050267500000245],[100.31592651900007,7.298698656000056],[100.31642409100004,7.299371013000041],[100.32128535300006,7.298746545000029],[100.32387866100004,7.30024047400002],[100.32758698100008,7.306188225000028],[100.33012011200003,7.3110805100000675],[100.33199302100007,7.312502722000033],[100.33286035700007,7.314560644000039],[100.33445396400003,7.314944421000064],[100.33737064600007,7.312863360000051],[100.34183869200007,7.313219754000045],[100.34924121700004,7.3151129520000495],[100.35447740200004,7.315957469000068],[100.35421405800008,7.313196035000033],[100.35522581400005,7.309335541000053],[100.35748710500008,7.308297448000076],[100.36217606000008,7.308699795000052],[100.36512139800004,7.310535315000038],[100.36760528600007,7.310893809000049],[100.37035970100004,7.30869483400005],[100.37150287400004,7.304440705000047],[100.37391721100005,7.304335950000052],[100.37469457500004,7.310228572000028],[100.37601252100006,7.312505283000064],[100.37849772900006,7.313251323000031],[100.37737244200008,7.318391445000032],[100.37521854200008,7.325656600000059],[100.37385108800004,7.329029563000063],[100.37100328400004,7.33386116500003],[100.36591859200007,7.34104532200007],[100.36171381800006,7.34583507800005],[100.35964556000005,7.347443790000057],[100.35653707900008,7.348818232000042],[100.35115709000007,7.3499649270000305]]]},"properties":{"Shape_Leng":0.25992487739,"Shape_Area":0.00301524396458,"ADM3_EN":"Pak Phayun","ADM3_TH":"ปากพะยูน","ADM3_PCODE":"TH930601","ADM2_EN":"Pak Phayun","ADM2_TH":"ปากพะยูน","ADM2_PCODE":"TH9306","ADM1_EN":"Phatthalung","ADM1_TH":"พัทลุง","ADM1_PCODE":"TH93","ADM0_EN":"Thailand","ADM0_TH":"ประเทศไทย","ADM0_PCODE":"TH"}},
{"type":"Feature","geometry":{"type":"Polygon","coordinates":[[[100.31592651900007,7.298698656000056],[100.31614325100009,7.297467983000047],[100.31848460700007,7.29458541200006],[100.31184848700008,7.29207472500002],[100.30661546700009,7.292696097000032],[100.30698938900008,7.288730636000025],[100.30000621800008,7.287931618000073],[100.29991666100005,7.288877206000052],[100.29401226300007,7.288380551000046],[100.29349111100004,7.283156809000047],[100.28897487200004,7.28167284500006],[100.28894298900008,7.27924439100002],[100.28593411500003,7.278001307000068],[100.28354328800003,7.278375613000037],[100.27922368000009,7.276132229000041],[100.27898679300006,7.274013510000032],[100.27704630800008,7.269808290000071],[100.27589636100004,7.268895091000047],[100.27626066400006,7.26388931200006],[100.27553051400008,7.261684245000026],[100.27836325100009,7.2564795530000765],[100.28034928600005,7.258117804000051],[100.28272615800006,7.25815112500004],[100.28721285300009,7.25976808300004],[100.29153665300004,7.260083296000062],[100.29592514200004,7.26117178800007],[100.29812264700007,7.260727033000023],[100.29888859500005,7.259433368000032],[100.30476930000003,7.258873102000052],[100.30801994600006,7.259200641000064],[100.31504258200005,7.261749764000058],[100.31909017000004,7.262264837000032],[100.32159362500005,7.264318735000074],[100.32650323200005,7.263257424000074],[100.33197863900006,7.263186005000023],[100.33619555800004,7.26474164800004],[100.33968906000007,7.26510971600004],[100.34149857800008,7.269995474000041],[100.34157554800004,7.275336281000023],[100.34297800800005,7.274081237000075],[100.34512051200005,7.273703438000041],[100.34702807900004,7.274858111000071],[100.34793058000008,7.277327336000042],[100.35205462700009,7.278415264000046],[100.35594671600006,7.27870202400004],[100.35970864600006,7.277973923000047],[100.35984732600008,7.279706126000065],[100.36143294300007,7.280786768000041],[100.35964772200003,7.283096983000064],[100.35869863100004,7.285526947000051],[100.35907413600006,7.28794128100003],[100.35708484400004,7.29138351000006],[100.35655643100006,7.295968667000068],[100.35840022300005,7.300264277000053],[100.36248595400008,7.30265982700007],[100.37150287400004,7.304440705000047],[100.37035970100004,7.30869483400005],[100.36760528600007,7.310893809000049],[100.36512139800004,7.310535315000038],[100.36217606000008,7.308699795000052],[100.35748710500008,7.308297448000076],[100.35522581400005,7.309335541000053],[100.35421405800008,7.313196035000033],[100.35447740200004,7.315957469000068],[100.34924121700004,7.3151129520000495],[100.34183869200007,7.313219754000045],[100.33737064600007,7.312863360000051],[100.33445396400003,7.314944421000064],[100.33286035700007,7.314560644000039],[100.33199302100007,7.312502722000033],[100.33012011200003,7.3110805100000675],[100.32758698100008,7.306188225000028],[100.32387866100004,7.30024047400002],[100.32128535300006,7.298746545000029],[100.31642409100004,7.299371013000041],[100.31592651900007,7.298698656000056]]]},"properties":{"Shape_Leng":0.297575603348,"Shape_Area":0.00279886357089,"ADM3_EN":"Don Pradu","ADM3_TH":"ดอนประดู่","ADM3_PCODE":"TH930602","ADM2_EN":"Pak Phayun","ADM2_TH":"ปากพะยูน","ADM2_PCODE":"TH9306","ADM1_EN":"Phatthalung","ADM1_TH":"พัทลุง","ADM1_PCODE":"TH93","ADM0_EN":"Thailand","ADM0_TH":"ประเทศไทย","ADM0_PCODE":"TH"}},
{"type":"Feature","geometry":{"type":"Polygon","coordinates":[[[100.37849772900006,7.313251323000031],[100.37976031300008,7.307506315000069],[100.37861960200007,7.301389120000067],[100.38046624500004,7.296449992000021],[100.38368194200007,7.292574143000024],[100.38483501300004,7.288055964000023],[100.38328785700008,7.283161016000065],[100.38297850400005,7.280578460000072],[100.38480284400003,7.276351721000026],[100.38822801800006,7.273098968000056],[100.39401884200004,7.270121618000076],[100.39601315200008,7.268329609000034],[100.39913646500008,7.263564532000032],[100.40214857600006,7.262516437000045],[100.40375788900008,7.262849558000028],[100.40863688100006,7.265361569000049],[100.41013043700008,7.2726927390000355],[100.41144639500004,7.274402311000074],[100.41606930100005,7.276844833000041],[100.42427142100007,7.279387814000074],[100.42658143000006,7.281438137000066],[100.42791520600008,7.284663293000051],[100.42728691500008,7.288278611000067],[100.42573284500008,7.2921868430000245],[100.42605636500008,7.295850247000033],[100.42805108900006,7.303147677000027],[100.42869945400008,7.308940025000027],[100.42813826700007,7.31062690300007],[100.42295741400005,7.316258378000043],[100.42016736600004,7.319779041000061],[100.41475045400006,7.329260052000052],[100.41066353900004,7.339721867000037],[100.40986973600008,7.3448133990000315],[100.40979364600008,7.3509014600000455],[100.40606568400005,7.361804041000028],[100.40139575600006,7.376991348000047],[100.39990023700005,7.3862229140000295],[100.39946169200005,7.398257278000074],[100.39771382700008,7.403018896000049],[100.39619682000006,7.405449278000049],[100.38931003400006,7.4124147840000205],[100.38613010100005,7.416372299000045],[100.38258349800009,7.424991975000069],[100.37317067300006,7.416555205000066],[100.36455808500006,7.404833939000071],[100.35919468200007,7.396003810000025],[100.35646367800007,7.391018111000051],[100.35337813000007,7.379089387000022],[100.35249023100005,7.369104017000041],[100.35166734500007,7.3648259090000465],[100.35000902500008,7.359806663000029],[100.35036564900008,7.353983923000044],[100.35115709000007,7.3499649270000305],[100.35653707900008,7.348818232000042],[100.35964556000005,7.347443790000057],[100.36171381800006,7.34583507800005],[100.36591859200007,7.34104532200007],[100.37100328400004,7.33386116500003],[100.37385108800004,7.329029563000063],[100.37521854200008,7.325656600000059],[100.37737244200008,7.318391445000032],[100.37849772900006,7.313251323000031]]]},"properties":{"Shape_Leng":0.387253698453,"Shape_Area":0.00646005213555,"ADM3_EN":"Ko Nang Kham","ADM3_TH":"เกาะนางคำ","ADM3_PCODE":"TH930603","ADM2_EN":"Pak Phayun","ADM2_TH":"ปากพะยูน","ADM2_PCODE":"TH9306","ADM1_EN":"Phatthalung","ADM1_TH":"พัทลุง","ADM1_PCODE":"TH93","ADM0_EN":"Thailand","ADM0_TH":"ประเทศไทย","ADM0_PCODE":"TH"}},
{"type":"Feature","geometry":{"type":"Polygon","coordinates":[[[100.27618305600004,7.478396521000036],[100.28163444400008,7.437325329000032],[100.28366254700006,7.429370626000036],[100.29468613600005,7.403083465000066],[100.29816380900007,7.395847159000027],[100.30524938600007,7.384746351000047],[100.31077837800007,7.37774487300004],[100.31161328900004,7.37449065900006],[100.31129805500007,7.360396336000065],[100.31409423000008,7.358722177000061],[100.32233733100009,7.355733398000041],[100.32860882000006,7.354622813000049],[100.33925349300006,7.351616642000067],[100.35115709000007,7.3499649270000305],[100.35036564900008,7.353983923000044],[100.35000902500008,7.359806663000029],[100.35166734500007,7.3648259090000465],[100.35249023100005,7.369104017000041],[100.35337813000007,7.379089387000022],[100.35646367800007,7.391018111000051],[100.35919468200007,7.396003810000025],[100.36455808500006,7.404833939000071],[100.37317067300006,7.416555205000066],[100.38258349800009,7.424991975000069],[100.38770697700005,7.497098089000076],[100.38646803700004,7.511846887000047],[100.35568193400007,7.5278199140000766],[100.30915631600004,7.504807868000057],[100.30002853000008,7.49886990300007],[100.29601357300004,7.495415506000029],[100.27306896200008,7.496562275000031],[100.27618305600004,7.478396521000036]]]},"properties":{"Shape_Leng":0.483750866114,"Shape_Area":0.013455962814,"ADM3_EN":"Ko Mak","ADM3_TH":"เกาะหมาก","ADM3_PCODE":"TH930604","ADM2_EN":"Pak Phayun","ADM2_TH":"ปากพะยูน","ADM2_PCODE":"TH9306","ADM1_EN":"Phatthalung","ADM1_TH":"พัทลุง","ADM1_PCODE":"TH93","ADM0_EN":"Thailand","ADM0_TH":"ประเทศไทย","ADM0_PCODE":"TH"}},
{"type":"Feature","geometry":{"type":"Polygon","coordinates":[[[100.31129805500007,7.360396336000065],[100.31161328900004,7.37449065900006],[100.31077837800007,7.37774487300004],[100.30524938600007,7.384746351000047],[100.29816380900007,7.395847159000027],[100.29468613600005,7.403083465000066],[100.28366254700006,7.429370626000036],[100.28163444400008,7.437325329000032],[100.25859503600009,7.417233970000041],[100.25039445400006,7.41399326100003],[100.24693273600008,7.413250389000041],[100.24189586700004,7.413290133000032],[100.23217465500005,7.414287973000057],[100.22891202900007,7.413580336000052],[100.22461855200004,7.407888742000068],[100.22131049800004,7.402716780000048],[100.21442151400004,7.40118762000003],[100.20000297200005,7.397394416000054],[100.19138259100004,7.394391555000027],[100.18934038800006,7.391957438000077],[100.19647123700008,7.382220637000046],[100.21120191500006,7.362164192000023],[100.21336153700008,7.360205007000047],[100.22266453400005,7.354682212000057],[100.22815429600007,7.350988651000023],[100.24304594100005,7.331040890000054],[100.24508493600007,7.328150489000052],[100.25450354700007,7.311503095000035],[100.25699384700005,7.308631646000038],[100.25990809400008,7.311021399000026],[100.26121085500006,7.309101658000031],[100.26420843900007,7.308179735000067],[100.26702578300007,7.309595246000072],[100.27188934200007,7.309228807000068],[100.27463736800007,7.311263839000048],[100.27754106600008,7.311012771000037],[100.27862928800005,7.313232059000029],[100.28097954300006,7.311582867000027],[100.28243708200006,7.313819754000065],[100.28839026800006,7.318049719000044],[100.29125700200007,7.320454600000062],[100.29650784900008,7.322918323000067],[100.29585092800005,7.325240111000028],[100.29739924800003,7.328466644000059],[100.29784276500004,7.332676473000049],[100.30113293700003,7.336908334000043],[100.30407582900006,7.338298663000046],[100.30654724800007,7.340391840000052],[100.30795244200004,7.3440439570000535],[100.31129805500007,7.360396336000065]]]},"properties":{"Shape_Leng":0.395821984125,"Shape_Area":0.00868042697088,"ADM3_EN":"Fa Lami","ADM3_TH":"ฝาละมี","ADM3_PCODE":"TH930605","ADM2_EN":"Pak Phayun","ADM2_TH":"ปากพะยูน","ADM2_PCODE":"TH9306","ADM1_EN":"Phatthalung","ADM1_TH":"พัทลุง","ADM1_PCODE":"TH93","ADM0_EN":"Thailand","ADM0_TH":"ประเทศไทย","ADM0_PCODE":"TH"}},
{"type":"Feature","geometry":{"type":"Polygon","coordinates":[[[100.29650784900008,7.322918323000067],[100.29125700200007,7.320454600000062],[100.28839026800006,7.318049719000044],[100.28243708200006,7.313819754000065],[100.28097954300006,7.311582867000027],[100.27862928800005,7.313232059000029],[100.27754106600008,7.311012771000037],[100.27463736800007,7.311263839000048],[100.27188934200007,7.309228807000068],[100.26702578300007,7.309595246000072],[100.26420843900007,7.308179735000067],[100.26121085500006,7.309101658000031],[100.25990809400008,7.311021399000026],[100.25699384700005,7.308631646000038],[100.25598438800006,7.306961042000069],[100.25329086300007,7.306056098000056],[100.25360497400004,7.303616581000028],[100.25258883100008,7.3018413440000245],[100.24955032600008,7.300548610000021],[100.24555362300003,7.300473941000064],[100.24122965700008,7.3010572610000395],[100.23972621500008,7.298899534000043],[100.23673472100006,7.298436314000071],[100.23553398200005,7.2969087310000305],[100.23538811300006,7.294330552000076],[100.23650974700007,7.291184684000029],[100.23555034800006,7.289778120000051],[100.23627942400003,7.288582182000027],[100.23473285600005,7.288146862000076],[100.23352644300007,7.2930853400000615],[100.23246256200008,7.2926675570000725],[100.23139876200008,7.2945792350000715],[100.22708224900003,7.29256721400003],[100.22704905500007,7.288308893000021],[100.22416945500004,7.289912162000064],[100.21976734300006,7.290571001000046],[100.21557879700003,7.28971993600004],[100.21653395500005,7.281731905000072],[100.21478127100005,7.2811222970000244],[100.21571607100009,7.27917205600005],[100.21186177400006,7.277280630000064],[100.21239847000004,7.275112329000024],[100.20862586800007,7.272586004000061],[100.20818881400004,7.271347933000072],[100.20618869000003,7.270678653000061],[100.20375127700004,7.271366838000063],[100.20117152800003,7.269342765000033],[100.20098962100008,7.267278488000045],[100.20104090500007,7.26264539500005],[100.19773571400003,7.259745930000065],[100.19792021000006,7.2572683620000475],[100.20126291000008,7.255033322000031],[100.20534399100006,7.2544993030000455],[100.20718504900003,7.257017552000036],[100.20980156200005,7.258928036000043],[100.21250385400003,7.259524398000053],[100.21546549300007,7.258705148000047],[100.21715683700006,7.258996619000072],[100.21696871200004,7.255986372000052],[100.22164705700004,7.255712536000033],[100.22749256500003,7.259509589000061],[100.23029867800005,7.260703479000028],[100.23249518800009,7.26062726400005],[100.23552371800008,7.262136740000074],[100.23542470400008,7.256230998000035],[100.23603747300007,7.252053869000065],[100.23790751500007,7.248479555000074],[100.24045709800004,7.249120228000038],[100.24091858100007,7.246696474000032],[100.24312816500009,7.243573821000041],[100.24685418800004,7.24282170500004],[100.24777914800006,7.2373484790000475],[100.25026557900009,7.232555327000057],[100.25357765400008,7.232706699000062],[100.25537326400007,7.234978942000055],[100.25915464800005,7.235644724000053],[100.25968378000005,7.240260927000065],[100.26106524900007,7.242996514000026],[100.26239665000008,7.244856123000034],[100.26136930500007,7.247936796000033],[100.26017697100008,7.2493547440000725],[100.26035143300004,7.254251130000057],[100.26230313400004,7.257738141000061],[100.26407775700005,7.257362651000051],[100.26692561600004,7.255079440000031],[100.27319544900007,7.253687049000064],[100.27757961800006,7.255108471000028],[100.27836325100009,7.2564795530000765],[100.27553051400008,7.261684245000026],[100.27626066400006,7.26388931200006],[100.27589636100004,7.268895091000047],[100.27704630800008,7.269808290000071],[100.27898679300006,7.274013510000032],[100.27922368000009,7.276132229000041],[100.28354328800003,7.278375613000037],[100.28593411500003,7.278001307000068],[100.28894298900008,7.27924439100002],[100.28897487200004,7.28167284500006],[100.29349111100004,7.283156809000047],[100.29401226300007,7.288380551000046],[100.29991666100005,7.288877206000052],[100.30000621800008,7.287931618000073],[100.30698938900008,7.288730636000025],[100.30661546700009,7.292696097000032],[100.31184848700008,7.29207472500002],[100.31848460700007,7.29458541200006],[100.31614325100009,7.297467983000047],[100.31592651900007,7.298698656000056],[100.31192720000007,7.3050267500000245],[100.31060823900003,7.309243692000052],[100.30948547700007,7.310962454000048],[100.30405032300007,7.312033831000065],[100.30128772100005,7.314861965000034],[100.30010793800005,7.318882339000027],[100.29651240300007,7.321652421000067],[100.29650784900008,7.322918323000067]]]},"properties":{"Shape_Leng":0.43000041336,"Shape_Area":0.00448608005682,"ADM3_EN":"Han Thao","ADM3_TH":"หารเทา","ADM3_PCODE":"TH930606","ADM2_EN":"Pak Phayun","ADM2_TH":"ปากพะยูน","ADM2_PCODE":"TH9306","ADM1_EN":"Phatthalung","ADM1_TH":"พัทลุง","ADM1_PCODE":"TH93","ADM0_EN":"Thailand","ADM0_TH":"ประเทศไทย","ADM0_PCODE":"TH"}},
{"type":"Feature","geometry":{"type":"Polygon","coordinates":[[[100.27836325100009,7.2564795530000765],[100.27757961800006,7.255108471000028],[100.27319544900007,7.253687049000064],[100.26692561600004,7.255079440000031],[100.26407775700005,7.257362651000051],[100.26230313400004,7.257738141000061],[100.26035143300004,7.254251130000057],[100.26017697100008,7.2493547440000725],[100.26136930500007,7.247936796000033],[100.26239665000008,7.244856123000034],[100.26106524900007,7.242996514000026],[100.26382178800009,7.244644186000073],[100.26592348600008,7.245028251000065],[100.26822157400005,7.243767988000059],[100.27116251100006,7.24502712900005],[100.27378666300007,7.243153646000053],[100.27825001000008,7.240863994000051],[100.28101589600004,7.240840820000074],[100.28536041100006,7.242017817000033],[100.29222304200005,7.240137609000044],[100.29632163700006,7.241648303000034],[100.30023912600006,7.242491562000055],[100.30210018400004,7.241978484000072],[100.30349401700005,7.243812293000076],[100.30560286300005,7.244689116000075],[100.30655532800006,7.246634267000047],[100.31201072800008,7.236953143000051],[100.31418866400008,7.233797798000069],[100.31673402100006,7.231349110000053],[100.31987235400004,7.232470001000024],[100.32048272000009,7.233914801000026],[100.32195994000006,7.233723214000065],[100.32465785700003,7.236058445000026],[100.32618917700006,7.235534208000047],[100.33166954700005,7.2378047230000675],[100.33179639400004,7.238711203000037],[100.33462171600007,7.239473051000061],[100.33332017900005,7.24353160000004],[100.33405282200005,7.243329072000051],[100.33715268900005,7.2456928850000395],[100.33773640600003,7.247260100000062],[100.34072355000006,7.2481798000000595],[100.34151058200007,7.2507340730000465],[100.34113533500005,7.254225194000071],[100.33967964400006,7.2571391100000255],[100.33968906000007,7.26510971600004],[100.33619555800004,7.26474164800004],[100.33197863900006,7.263186005000023],[100.32650323200005,7.263257424000074],[100.32159362500005,7.264318735000074],[100.31909017000004,7.262264837000032],[100.31504258200005,7.261749764000058],[100.30801994600006,7.259200641000064],[100.30476930000003,7.258873102000052],[100.29888859500005,7.259433368000032],[100.29812264700007,7.260727033000023],[100.29592514200004,7.26117178800007],[100.29153665300004,7.260083296000062],[100.28721285300009,7.25976808300004],[100.28272615800006,7.25815112500004],[100.28034928600005,7.258117804000051],[100.27836325100009,7.2564795530000765]]]},"properties":{"Shape_Leng":0.232943344024,"Shape_Area":0.00152853863974,"ADM3_EN":"Don Sai","ADM3_TH":"ดอนทราย","ADM3_PCODE":"TH930607","ADM2_EN":"Pak Phayun","ADM2_TH":"ปากพะยูน","ADM2_PCODE":"TH9306","ADM1_EN":"Phatthalung","ADM1_TH":"พัทลุง","ADM1_PCODE":"TH93","ADM0_EN":"Thailand","ADM0_TH":"ประเทศไทย","ADM0_PCODE":"TH"}},
{"type":"Feature","geometry":{"type":"Polygon","coordinates":[[[99.92338492400006,7.715289907000056],[99.92386973000004,7.719697642000028],[99.92376808000006,7.726382028000046],[99.92549114000008,7.734045858000059],[99.92359226900004,7.738451821000069],[99.92332847800009,7.740779255000064],[99.92122638300003,7.742269035000049],[99.92108687700005,7.7446995790000415],[99.91953443400007,7.749339452000072],[99.91871037300007,7.757962347000046],[99.91928116200006,7.760939161000067],[99.91872056700004,7.768067623000036],[99.92373649500007,7.768748212000048],[99.92572339300006,7.769478565000043],[99.92562400600008,7.770861700000069],[99.92727862300006,7.7718973730000585],[99.92598336400005,7.7739166980000505],[99.92693686300004,7.774686688000031],[99.93032416100004,7.774668659000042],[99.93333400100005,7.776240175000055],[99.93598230500004,7.776686162000033],[99.93570990400008,7.778738900000064],[99.93768658500005,7.779730448000066],[99.94024169400006,7.778790952000065],[99.93792673200005,7.782386538000026],[99.93887551200004,7.78325542500005],[99.93879311600006,7.786161188000051],[99.93633852800008,7.790247265000062],[99.93059818200004,7.791360144000066],[99.92726051900007,7.789975767000044],[99.92592063300003,7.786506797000072],[99.92411201900006,7.784750561000067],[99.92302939700005,7.782491981000021],[99.92082084000003,7.782724613000028],[99.91748970600008,7.780274709000025],[99.91646436300005,7.77780914300007],[99.91176185100005,7.770979943000043],[99.90885217900006,7.767269622000072],[99.90697626000008,7.766459945000065],[99.90758055400005,7.7624118110000495],[99.90215110900004,7.761367355000061],[99.90024364200008,7.762456321000059],[99.89635930600008,7.7626863690000505],[99.89495005800006,7.760658665000051],[99.89330774200005,7.761124052000071],[99.89246498200004,7.759714982000048],[99.88785340100009,7.759833158000049],[99.88773731300006,7.759023628000023],[99.88434642100003,7.7598460250000585],[99.88373841600009,7.761283175000074],[99.88168808100005,7.761432135000064],[99.87948240600008,7.7593301730000235],[99.87602883300008,7.759537654000042],[99.87246285400005,7.763415767000026],[99.86971214100004,7.76489114900005],[99.86779438100007,7.763945224000054],[99.86514905200005,7.7637539720000746],[99.86435326000009,7.765718348000064],[99.85977366800006,7.763787138000055],[99.85291995200004,7.763088555000024],[99.85150432800003,7.76393734800007],[99.84971394600007,7.761568915000055],[99.84731264500004,7.760255794000045],[99.84656321300008,7.756054214000073],[99.84456191000004,7.753837922000059],[99.84439690500005,7.750318551000021],[99.84304188300007,7.7485205050000445],[99.84058513600007,7.747208375000071],[99.84256901400005,7.744467790000044],[99.85030643400006,7.737290787000063],[99.85048044300004,7.734927366000022],[99.85199822800007,7.733516709000071],[99.85661517000005,7.731048476000069],[99.86052489000008,7.730941181000048],[99.86160261600008,7.728939269000023],[99.86162404400005,7.724882611000055],[99.86341650800006,7.72336417300005],[99.86654351300007,7.725137802000063],[99.86725087500008,7.726281336000056],[99.87011235200004,7.727000702000055],[99.87128769300006,7.725427294000042],[99.87260956400007,7.719679589000066],[99.87513280100006,7.714164634000042],[99.87621237400003,7.713110826000047],[99.87657330500008,7.703860647000056],[99.87785537300005,7.703207462000023],[99.88165097000007,7.702391860000034],[99.88114995400008,7.700433879000059],[99.88406235500008,7.700199911000027],[99.88725172500006,7.701923097000076],[99.89095357800005,7.70145214300004],[99.89405675300009,7.703975060000062],[99.89663348700009,7.704545025000073],[99.90082767900009,7.704342638000071],[99.90442293300003,7.702815268000052],[99.90633553200007,7.7032424370000285],[99.90913857800007,7.705460993000031],[99.91040676300008,7.702950204000047],[99.91285618000006,7.703357564000044],[99.91346289800003,7.70516675500005],[99.91739921900006,7.70640594300005],[99.91984095000004,7.707977388000074],[99.92116882100004,7.711807624000073],[99.92264921700007,7.713106854000046],[99.92338492400006,7.715289907000056]]]},"properties":{"Shape_Leng":0.39926625136,"Shape_Area":0.00412998565743,"ADM3_EN":"Khao Ya","ADM3_TH":"เขาย่า","ADM3_PCODE":"TH930701","ADM2_EN":"Si Banphot","ADM2_TH":"ศรีบรรพต","ADM2_PCODE":"TH9307","ADM1_EN":"Phatthalung","ADM1_TH":"พัทลุง","ADM1_PCODE":"TH93","ADM0_EN":"Thailand","ADM0_TH":"ประเทศไทย","ADM0_PCODE":"TH"}},
{"type":"Feature","geometry":{"type":"Polygon","coordinates":[[[99.84058513600007,7.747208375000071],[99.83769686300008,7.748755755000047],[99.83816299900008,7.751871234000021],[99.83671149600008,7.755393322000032],[99.83189221400005,7.7578813390000505],[99.83067387400007,7.760194445000025],[99.83085639700005,7.761732711000036],[99.82867178100008,7.760461316000033],[99.82659721700009,7.760963301000061],[99.82394348300005,7.758839561000059],[99.81984023000007,7.756497589000048],[99.81628385000005,7.755242134000071],[99.81396734300006,7.755358473000058],[99.81053093000008,7.756523194000067],[99.80822484400005,7.759168422000073],[99.80539539000006,7.76094740800005],[99.80282882300008,7.759380059000023],[99.80098933400006,7.75962411200004],[99.79444571100004,7.757124528000077],[99.79258086600004,7.754646527000034],[99.79077465500006,7.749766532000024],[99.78784765600005,7.7435383280000565],[99.78816275600008,7.742195805000051],[99.78383150300004,7.73505842000003],[99.78414375200003,7.732114227000068],[99.78566298300007,7.729742151000039],[99.78503553200005,7.725967249000064],[99.78715908800007,7.721223675000033],[99.78902236600004,7.718660237000051],[99.78865465100006,7.715479796000068],[99.78894237100008,7.71181972100004],[99.78989779300008,7.709761563000029],[99.78992564300006,7.706630757000028],[99.79193617500005,7.70184277900006],[99.79184477900009,7.700126666000074],[99.79568737500006,7.698092549000023],[99.79860860500008,7.697348299000055],[99.79882260800008,7.694804688000033],[99.80219874000005,7.691449411000065],[99.80274286600007,7.689971146000062],[99.80178639400003,7.686934514000029],[99.80747958600006,7.685354271000051],[99.81164349400007,7.684868000000051],[99.81627615800005,7.6831217820000575],[99.81803048500007,7.680952946000048],[99.81832736700005,7.677813247000074],[99.81661516100007,7.675592247000054],[99.81657815800008,7.673838096000054],[99.81942236500004,7.669661167000072],[99.81947908900008,7.6687236160000225],[99.81678101600005,7.6655030570000235],[99.81739123200003,7.659013788000038],[99.81498047200006,7.653542444000038],[99.81485868500005,7.6502936860000545],[99.81332968900006,7.648733355000047],[99.80889351200005,7.647659266000062],[99.80892406200007,7.644788234000032],[99.81195660300006,7.644506840000076],[99.81463900800009,7.64103354100007],[99.81823123800007,7.642344820000062],[99.82532075100005,7.642652075000058],[99.82538075700006,7.640640361000067],[99.82776548200007,7.64074338000006],[99.82907465100004,7.643031778000022],[99.83148281800004,7.643940765000025],[99.83426769300007,7.643825480000032],[99.83513648300004,7.642693801000064],[99.83844249800006,7.643250679000062],[99.84124757000006,7.644663721000029],[99.84223864000006,7.646210812000049],[99.84197242700009,7.648867844000051],[99.84307319600003,7.651290909000068],[99.84350186200004,7.654913886000031],[99.84465136100005,7.657091528000024],[99.84711378200006,7.655243250000069],[99.84832605900004,7.65616278300007],[99.84889421500009,7.663239731000033],[99.85053773700008,7.664533286000051],[99.85370306800007,7.6619786480000585],[99.85453898900005,7.65882317300003],[99.85557418100007,7.658944498000039],[99.85603155700005,7.661446118000072],[99.85750761700007,7.662314966000054],[99.85815920300007,7.661023038000053],[99.86101411000004,7.662965463000035],[99.86250250800003,7.662680013000056],[99.86510718000005,7.664792556000066],[99.86929493300005,7.663738266000053],[99.87095899300004,7.662612788000047],[99.87424848000006,7.662987004000058],[99.87881328700007,7.6658576570000605],[99.87975545600005,7.667594716000053],[99.87931846400005,7.669885402000034],[99.87716075600008,7.671581574000072],[99.87679726300007,7.674455454000054],[99.87734128800008,7.677597436000042],[99.87893230600008,7.680262079000045],[99.87954358800005,7.6830033960000605],[99.87818839800008,7.68583019600004],[99.87980579300006,7.688067101000058],[99.87928313000003,7.690694653000037],[99.87730569800004,7.695396366000068],[99.87722586700005,7.7022653880000576],[99.87785537300005,7.703207462000023],[99.87657330500008,7.703860647000056],[99.87621237400003,7.713110826000047],[99.87513280100006,7.714164634000042],[99.87260956400007,7.719679589000066],[99.87128769300006,7.725427294000042],[99.87011235200004,7.727000702000055],[99.86725087500008,7.726281336000056],[99.86654351300007,7.725137802000063],[99.86341650800006,7.72336417300005],[99.86162404400005,7.724882611000055],[99.86160261600008,7.728939269000023],[99.86052489000008,7.730941181000048],[99.85661517000005,7.731048476000069],[99.85199822800007,7.733516709000071],[99.85048044300004,7.734927366000022],[99.85030643400006,7.737290787000063],[99.84256901400005,7.744467790000044],[99.84058513600007,7.747208375000071]]]},"properties":{"Shape_Leng":0.434534726922,"Shape_Area":0.00722730835888,"ADM3_EN":"Khao Pu","ADM3_TH":"เขาปู่","ADM3_PCODE":"TH930702","ADM2_EN":"Si Banphot","ADM2_TH":"ศรีบรรพต","ADM2_PCODE":"TH9307","ADM1_EN":"Phatthalung","ADM1_TH":"พัทลุง","ADM1_PCODE":"TH93","ADM0_EN":"Thailand","ADM0_TH":"ประเทศไทย","ADM0_PCODE":"TH"}},
{"type":"Feature","geometry":{"type":"Polygon","coordinates":[[[99.91739921900006,7.70640594300005],[99.91346289800003,7.70516675500005],[99.91285618000006,7.703357564000044],[99.91040676300008,7.702950204000047],[99.90913857800007,7.705460993000031],[99.90633553200007,7.7032424370000285],[99.90442293300003,7.702815268000052],[99.90082767900009,7.704342638000071],[99.89663348700009,7.704545025000073],[99.89405675300009,7.703975060000062],[99.89095357800005,7.70145214300004],[99.88725172500006,7.701923097000076],[99.88406235500008,7.700199911000027],[99.88114995400008,7.700433879000059],[99.88165097000007,7.702391860000034],[99.87785537300005,7.703207462000023],[99.87722586700005,7.7022653880000576],[99.87730569800004,7.695396366000068],[99.87928313000003,7.690694653000037],[99.87980579300006,7.688067101000058],[99.87818839800008,7.68583019600004],[99.87954358800005,7.6830033960000605],[99.87893230600008,7.680262079000045],[99.87734128800008,7.677597436000042],[99.87679726300007,7.674455454000054],[99.87716075600008,7.671581574000072],[99.87931846400005,7.669885402000034],[99.87975545600005,7.667594716000053],[99.87881328700007,7.6658576570000605],[99.87424848000006,7.662987004000058],[99.87095899300004,7.662612788000047],[99.86929493300005,7.663738266000053],[99.86510718000005,7.664792556000066],[99.86250250800003,7.662680013000056],[99.86101411000004,7.662965463000035],[99.85815920300007,7.661023038000053],[99.85750761700007,7.662314966000054],[99.85603155700005,7.661446118000072],[99.85557418100007,7.658944498000039],[99.85453898900005,7.65882317300003],[99.85370306800007,7.6619786480000585],[99.85053773700008,7.664533286000051],[99.84889421500009,7.663239731000033],[99.84832605900004,7.65616278300007],[99.84711378200006,7.655243250000069],[99.84465136100005,7.657091528000024],[99.84350186200004,7.654913886000031],[99.84307319600003,7.651290909000068],[99.84197242700009,7.648867844000051],[99.84223864000006,7.646210812000049],[99.84124757000006,7.644663721000029],[99.83844249800006,7.643250679000062],[99.83513648300004,7.642693801000064],[99.83426769300007,7.643825480000032],[99.83148281800004,7.643940765000025],[99.82907465100004,7.643031778000022],[99.82776548200007,7.64074338000006],[99.82538075700006,7.640640361000067],[99.82532075100005,7.642652075000058],[99.81823123800007,7.642344820000062],[99.81463900800009,7.64103354100007],[99.81195660300006,7.644506840000076],[99.80892406200007,7.644788234000032],[99.80345319200006,7.645613790000027],[99.80026034400004,7.64539330100007],[99.79475365900004,7.645744997000065],[99.79140566500007,7.64549075900004],[99.78770864400008,7.644569083000022],[99.78981689200003,7.641406260000053],[99.79270584100004,7.640464131000044],[99.79605268500006,7.638235292000047],[99.79635987900008,7.636016740000059],[99.79797743700004,7.63365778900004],[99.79801271200006,7.630171803000053],[99.80182214600006,7.6262785720000466],[99.80612106500007,7.624380998000049],[99.80942128800007,7.622351750000064],[99.80744234900004,7.620907447000036],[99.80671883200006,7.619296484000074],[99.80644338900004,7.6121684190000565],[99.80577855000007,7.611067498000068],[99.80254659500008,7.608927858000072],[99.80218815700005,7.606648312000061],[99.80049143200006,7.604363160000048],[99.80105040700005,7.60198611800007],[99.80066455200006,7.597793920000072],[99.80350727800004,7.597644196000033],[99.80548499200006,7.595289309000066],[99.81118706600006,7.597014201000036],[99.81669498600007,7.600742962000027],[99.82444216900006,7.598315826000032],[99.82721600600007,7.599927514000058],[99.83223206900004,7.601680546000068],[99.83392214700007,7.603618739000069],[99.84316272900008,7.599077588000057],[99.84497338200003,7.599738633000072],[99.84856718700007,7.604232997000054],[99.85202291900004,7.606276824000076],[99.85694447300006,7.61040190500006],[99.85884346000006,7.613154389000044],[99.86203005000004,7.615095588000031],[99.86333314500007,7.618922446000056],[99.86878267700007,7.624259349000056],[99.87160277000004,7.626153671000054],[99.87499725300006,7.625779605000048],[99.87925448700008,7.622078069000054],[99.87750380000006,7.617088574000036],[99.87946600000004,7.616539577000026],[99.88074667000006,7.614797629000066],[99.88315444600005,7.614807558000052],[99.88555226100004,7.613926905000028],[99.89172575900005,7.609211078000044],[99.89301223100006,7.606772425000031],[99.89774112400005,7.608951192000063],[99.89991622300005,7.609145542000022],[99.90039922100004,7.610615926000037],[99.90344100600004,7.609834560000024],[99.90524089500008,7.6082387030000405],[99.90767605600007,7.610206055000049],[99.90895482400003,7.615032314000075],[99.90833335900004,7.6205056210000635],[99.90947130000006,7.622955231000049],[99.91119699700005,7.624647930000037],[99.91865064400008,7.6275505020000764],[99.92001933500006,7.6314585470000225],[99.92454815800005,7.631206949000045],[99.92529352600008,7.629962844000033],[99.92876247700008,7.630882848000056],[99.93000916600005,7.630228159000069],[99.93403690900004,7.632598157000075],[99.93582250800006,7.630774910000071],[99.93912567400008,7.63341323700007],[99.94097174100006,7.632995613000048],[99.94176520300005,7.641253782000035],[99.94420369300008,7.641796877000047],[99.94672580200006,7.645098800000028],[99.94778588000008,7.644297686000073],[99.95104447600005,7.64694920200003],[99.95351646600005,7.647192276000055],[99.95453380300006,7.646244801000023],[99.95643296000009,7.646699540000043],[99.95605888700004,7.648035814000025],[99.95812636200009,7.648339080000028],[99.95939906800004,7.6472832700000595],[99.96083716000004,7.649099899000021],[99.96595380600007,7.646189501000038],[99.96680157200007,7.647850465000033],[99.96927260000007,7.648391034000042],[99.97047298700005,7.646464429000048],[99.97122346900005,7.647315324000033],[99.97438850800006,7.647019396000076],[99.97458465300008,7.644343854000056],[99.97629575600007,7.642375323000067],[99.97737852000006,7.643030363000037],[99.97809705400005,7.6470780070000615],[99.97631203800006,7.660850637000067],[99.97571105200007,7.662021154000058],[99.97356795400003,7.662584376000041],[99.97074652300006,7.66180935400007],[99.96640420700004,7.661800366000023],[99.96036532200009,7.661076219000051],[99.95501783000009,7.6592723250000745],[99.95163265400004,7.660144012000046],[99.94668369900006,7.659330613000066],[99.93822102300004,7.659189239000057],[99.93410699700007,7.661147239000059],[99.92797261200008,7.66473873800004],[99.92780526300004,7.669991884000069],[99.92869424800006,7.673359179000045],[99.92380877000005,7.674216150000063],[99.92115398400006,7.675334814000053],[99.91815677000005,7.677624023000021],[99.91319966100008,7.680642831000057],[99.90613665200004,7.689193187000058],[99.90733764400005,7.691147622000074],[99.90795424100008,7.6953188740000655],[99.91127677800006,7.698975394000058],[99.91389986400009,7.7001943270000766],[99.91599712800007,7.702044479000051],[99.91739921900006,7.70640594300005]]]},"properties":{"Shape_Leng":0.714173545197,"Shape_Area":0.00824276473711,"ADM3_EN":"Tapaen","ADM3_TH":"ตะแพน","ADM3_PCODE":"TH930703","ADM2_EN":"Si Banphot","ADM2_TH":"ศรีบรรพต","ADM2_PCODE":"TH9307","ADM1_EN":"Phatthalung","ADM1_TH":"พัทลุง","ADM1_PCODE":"TH93","ADM0_EN":"Thailand","ADM0_TH":"ประเทศไทย","ADM0_PCODE":"TH"}},
{"type":"Feature","geometry":{"type":"Polygon","coordinates":[[[100.12171149700004,7.326104164000071],[100.12636445900006,7.3263695890000236],[100.13078875000008,7.323109632000069],[100.13738625100007,7.323961605000022],[100.14596860100005,7.323543892000032],[100.15037476800006,7.315861840000025],[100.15094311700005,7.312981180000065],[100.15020252200009,7.30031150800005],[100.15047368500007,7.298764388000052],[100.15595786400007,7.283759194000027],[100.15726348600003,7.282326423000029],[100.16450544800006,7.27825675400004],[100.16592896300006,7.280076870000073],[100.16899065200005,7.281261434000044],[100.16830778900004,7.284782284000073],[100.16869828200004,7.28639361300003],[100.17033478800005,7.28567427400003],[100.17371311500006,7.286484254000072],[100.17376527700009,7.290154840000071],[100.17607157400005,7.290687375000061],[100.17724745000004,7.294330970000033],[100.18020844300008,7.296648711000046],[100.18413952700007,7.296864921000065],[100.18650750300009,7.2961178360000645],[100.18850201800007,7.300384588000043],[100.19102198100006,7.30212393100004],[100.19004247800007,7.304876734000061],[100.19060288200006,7.308004725000046],[100.19015386200005,7.310273815000073],[100.19301878400006,7.315359393000051],[100.19464923900006,7.320884443000068],[100.19554361900003,7.325274253000032],[100.19494900100005,7.327359864000073],[100.19674575200008,7.329917130000069],[100.19747366600006,7.334340404000045],[100.19982985800004,7.33671694100002],[100.20432690100006,7.336979084000063],[100.20456250700005,7.335483213000032],[100.20703120600007,7.333160538000072],[100.21136760300004,7.335150611000074],[100.21002435000008,7.340858260000061],[100.21064561000009,7.344498748000035],[100.21326930000004,7.344424052000022],[100.21293060200009,7.345374298000024],[100.21499169300006,7.348854885000037],[100.21828099300006,7.349651612000059],[100.21957319900008,7.348087755000051],[100.22100583500008,7.349530359000028],[100.22098592300006,7.3525348450000365],[100.22266453400005,7.354682212000057],[100.21336153700008,7.360205007000047],[100.21120191500006,7.362164192000023],[100.19647123700008,7.382220637000046],[100.19162160400003,7.380069057000071],[100.18387789800005,7.377782468000021],[100.18089484800004,7.377193126000066],[100.17966506900007,7.375462441000025],[100.17907090100005,7.369799467000064],[100.17573374000006,7.370423558000027],[100.17294817800007,7.370019244000048],[100.16948263900008,7.368643555000062],[100.16924893100008,7.367154928000048],[100.16641070900005,7.362666638000064],[100.16357870400009,7.362629650000031],[100.16252123000004,7.361511577000044],[100.16352774400008,7.358369023000023],[100.16057617800004,7.358286515000032],[100.15825958100004,7.356839333000039],[100.15831921300008,7.355428136000057],[100.15674260600008,7.355347957000049],[100.15612759400005,7.352613594000047],[100.15319784500008,7.35358227100005],[100.15238414300006,7.352613657000063],[100.14962745600008,7.353020886000024],[100.14836036900005,7.354730043000075],[100.14585871800006,7.354386067000064],[100.14331362800004,7.355051192000076],[100.14077371200005,7.354701544000022],[100.13772196600007,7.355217852000067],[100.13705809500004,7.357356883000023],[100.13479124600008,7.358902287000035],[100.13639065400008,7.356588557000066],[100.13631085000009,7.3545112640000525],[100.13439972000003,7.351934194000023],[100.13332075200003,7.3482860290000644],[100.13044593500007,7.346051595000063],[100.12928887000004,7.3439902510000366],[100.12957470200007,7.337904632000061],[100.12889119200008,7.334536691000039],[100.12500581300009,7.331531281000025],[100.12381741100006,7.32819779700003],[100.12171149700004,7.326104164000071]]]},"properties":{"Shape_Leng":0.392050035564,"Shape_Area":0.00479373484389,"ADM3_EN":"Pa Bon","ADM3_TH":"ป่าบอน","ADM3_PCODE":"TH930801","ADM2_EN":"Pa Bon","ADM2_TH":"ป่าบอน","ADM2_PCODE":"TH9308","ADM1_EN":"Phatthalung","ADM1_TH":"พัทลุง","ADM1_PCODE":"TH93","ADM0_EN":"Thailand","ADM0_TH":"ประเทศไทย","ADM0_PCODE":"TH"}},
{"type":"Feature","geometry":{"type":"Polygon","coordinates":[[[100.20098962100008,7.267278488000045],[100.19535770600004,7.267147516000023],[100.19260267600004,7.265698730000054],[100.19002460300004,7.265483162000066],[100.18637902100005,7.26404941100003],[100.18638249200006,7.26273724400005],[100.18293466200004,7.2623624490000225],[100.18318250800007,7.261411431000056],[100.17676231900003,7.259637878000035],[100.17597532300005,7.258961960000022],[100.17117440300007,7.25782115800007],[100.16987833800005,7.2583708070000625],[100.16990339600005,7.2543356210000525],[100.17038721700004,7.249983715000042],[100.17155459600008,7.247467458000074],[100.17497172600008,7.24805966200006],[100.17828008000004,7.249457577000044],[100.17877356700006,7.248442494000074],[100.18225417500008,7.251070134000031],[100.18414940100007,7.248731606000035],[100.18576596200006,7.248169132000044],[100.18593069300005,7.246516779000046],[100.18839997900005,7.244829416000073],[100.19287166200007,7.244525878000047],[100.19380455200007,7.24389065400004],[100.19600622000007,7.238909931000023],[100.19879088800008,7.236720597000044],[100.20105409300004,7.235937659000058],[100.20022588400008,7.234019473000046],[100.19750494400006,7.231703150000044],[100.19846757500005,7.228926080000065],[100.19722173600007,7.228123470000071],[100.19477782300004,7.228478923000068],[100.19097045000007,7.226962818000061],[100.18996195500006,7.223099418000061],[100.19009973800007,7.221247437000045],[100.18810723500007,7.219470929000067],[100.18843928000007,7.216943225000023],[100.18702870100009,7.21515284700007],[100.18353102000003,7.214619115000062],[100.18096846000009,7.214966754000045],[100.17890886900005,7.214224433000027],[100.17903024800006,7.211789539000051],[100.18089494100008,7.208335461000047],[100.18326665600006,7.206138312000064],[100.18174264000004,7.2041474730000346],[100.17542445700008,7.203614293000044],[100.17421809200005,7.201633541000035],[100.17483663400009,7.198837225000034],[100.17191769900006,7.1987625430000435],[100.17094653600009,7.19690472700006],[100.16921728000005,7.195950009000057],[100.16318039700008,7.194884252000065],[100.16124741500005,7.193485578000036],[100.15963920100006,7.194066768000027],[100.15543680900004,7.192784516000074],[100.15256021900007,7.189671044000022],[100.15216921800004,7.188268563000065],[100.14975208100009,7.18836053900003],[100.14544895000006,7.185830554000063],[100.14208676300007,7.185391245000062],[100.14133243800006,7.183107938000035],[100.14769517300005,7.179710986000032],[100.15340990000004,7.180236664000063],[100.15642578100005,7.179741867000075],[100.15926836000006,7.177633984000067],[100.16120850800007,7.177125271000023],[100.16239381300005,7.178298831000063],[100.16660706200008,7.177608974000066],[100.16825818000007,7.176269485000034],[100.17322221000006,7.1760387110000465],[100.17461642000006,7.174775914000065],[100.17616166700009,7.17544421100007],[100.17766861700005,7.174229897000032],[100.17978208400007,7.176166451000029],[100.18387118300006,7.175818934000063],[100.18449722100007,7.17752841600003],[100.18702960300004,7.176724984000032],[100.18998021600004,7.180156605000036],[100.19216216900008,7.180650376000074],[100.19398241900006,7.182146569000054],[100.19674149300005,7.180777812000031],[100.19907522700004,7.181442677000064],[100.19867466400007,7.182590152000046],[100.20153357400005,7.184293531000037],[100.20230019200005,7.183302911000055],[100.20534564100006,7.183487878000051],[100.20744356400007,7.184359354000037],[100.20770736300005,7.186527050000052],[100.21061276300009,7.1867449550000515],[100.21095456900008,7.185545900000022],[100.21479442300006,7.187365189000047],[100.21581413700005,7.189756690000024],[100.22041207300003,7.190938351000057],[100.22092723600008,7.19230957000002],[100.22578420400004,7.193217612000069],[100.22773691000003,7.192705472000057],[100.23027186000007,7.193800564000071],[100.23295601500007,7.194113117000029],[100.23651924000006,7.192776001000027],[100.23882369100005,7.193136025000058],[100.24064390300003,7.192405590000021],[100.24445259400005,7.19387329500006],[100.24637445900004,7.195767986000021],[100.24807163300005,7.198727911000049],[100.25021941100005,7.199448048000022],[100.25406236000003,7.198936881000066],[100.25618529600007,7.19678416000005],[100.25799943700008,7.197042126000042],[100.26086084100007,7.1994655400000624],[100.26154837400009,7.201297986000043],[100.26941513500009,7.204235267000058],[100.27000039600006,7.206393824000031],[100.27253509000008,7.2084442220000255],[100.27272842200006,7.207629937000036],[100.27849683700003,7.20950693900005],[100.27989962400005,7.210865988000023],[100.28208580300009,7.211265874000048],[100.28325330700005,7.210244691000071],[100.28656184500005,7.2110354640000764],[100.29093770600008,7.210857525000051],[100.29288789100008,7.2113572320000685],[100.30045038600008,7.209071097000049],[100.30078493800005,7.208505521000063],[100.30460917100004,7.208608298000058],[100.30602617100004,7.20978384700004],[100.30895611900007,7.216287669000053],[100.31203987400005,7.220511492000071],[100.31142627200006,7.2217183180000575],[100.31269880600007,7.223175076000075],[100.31291837700007,7.225275926000052],[100.31439094700005,7.2294950450000215],[100.31673402100006,7.231349110000053],[100.31418866400008,7.233797798000069],[100.31201072800008,7.236953143000051],[100.30655532800006,7.246634267000047],[100.30560286300005,7.244689116000075],[100.30349401700005,7.243812293000076],[100.30210018400004,7.241978484000072],[100.30023912600006,7.242491562000055],[100.29632163700006,7.241648303000034],[100.29222304200005,7.240137609000044],[100.28536041100006,7.242017817000033],[100.28101589600004,7.240840820000074],[100.27825001000008,7.240863994000051],[100.27378666300007,7.243153646000053],[100.27116251100006,7.24502712900005],[100.26822157400005,7.243767988000059],[100.26592348600008,7.245028251000065],[100.26382178800009,7.244644186000073],[100.26106524900007,7.242996514000026],[100.25968378000005,7.240260927000065],[100.25915464800005,7.235644724000053],[100.25537326400007,7.234978942000055],[100.25357765400008,7.232706699000062],[100.25026557900009,7.232555327000057],[100.24777914800006,7.2373484790000475],[100.24685418800004,7.24282170500004],[100.24312816500009,7.243573821000041],[100.24091858100007,7.246696474000032],[100.24045709800004,7.249120228000038],[100.23790751500007,7.248479555000074],[100.23603747300007,7.252053869000065],[100.23542470400008,7.256230998000035],[100.23552371800008,7.262136740000074],[100.23249518800009,7.26062726400005],[100.23029867800005,7.260703479000028],[100.22749256500003,7.259509589000061],[100.22164705700004,7.255712536000033],[100.21696871200004,7.255986372000052],[100.21715683700006,7.258996619000072],[100.21546549300007,7.258705148000047],[100.21250385400003,7.259524398000053],[100.20980156200005,7.258928036000043],[100.20718504900003,7.257017552000036],[100.20534399100006,7.2544993030000455],[100.20126291000008,7.255033322000031],[100.19792021000006,7.2572683620000475],[100.19773571400003,7.259745930000065],[100.20104090500007,7.26264539500005],[100.20098962100008,7.267278488000045]]]},"properties":{"Shape_Leng":0.638975864022,"Shape_Area":0.00723952773645,"ADM3_EN":"Khok Sai","ADM3_TH":"โคกทราย","ADM3_PCODE":"TH930802","ADM2_EN":"Pa Bon","ADM2_TH":"ป่าบอน","ADM2_PCODE":"TH9308","ADM1_EN":"Phatthalung","ADM1_TH":"พัทลุง","ADM1_PCODE":"TH93","ADM0_EN":"Thailand","ADM0_TH":"ประเทศไทย","ADM0_PCODE":"TH"}},
{"type":"Feature","geometry":{"type":"Polygon","coordinates":[[[100.11293701900007,7.294503620000057],[100.11325785900004,7.291976163000072],[100.11733817100009,7.290544969000052],[100.11824259200006,7.28663044700005],[100.12218102100007,7.2842691310000305],[100.12331036900008,7.284334172000058],[100.12286733000008,7.280577616000073],[100.12000255800007,7.276611725000066],[100.12286778000004,7.274601783000037],[100.12384455300008,7.269164418000059],[100.11938374500005,7.2679419460000645],[100.11602346700005,7.266543241000022],[100.11593669600006,7.26585084900006],[100.11263403200007,7.26525166600004],[100.11160597000008,7.263473069000042],[100.10728790400003,7.26412250900006],[100.10498459500008,7.267295420000039],[100.09702615000003,7.265479589000051],[100.09456104600008,7.264577320000058],[100.09455350600007,7.260231378000071],[100.09325284900007,7.258715130000041],[100.09421981100007,7.256674266000061],[100.09230120400008,7.254499650000071],[100.09312448700007,7.248899494000057],[100.09089632600006,7.246815938000054],[100.08898452600005,7.2438660430000255],[100.08800343500008,7.244025075000025],[100.08625753900009,7.241728493000039],[100.08570561500005,7.242586802000062],[100.08386295600008,7.241331296000055],[100.08406076100005,7.235972445000073],[100.07988829600004,7.235290238000061],[100.07617493200007,7.231731792000062],[100.07183469600005,7.231788885000071],[100.06897781500004,7.230494388000068],[100.06797088400003,7.229081909000058],[100.06841977300007,7.2272619380000265],[100.06554551000005,7.226881884000022],[100.06415995600008,7.224204086000043],[100.05699754200003,7.222892787000035],[100.05662775200005,7.219674453000039],[100.05235237100004,7.217785397000057],[100.05086098100008,7.216178177000074],[100.05096743600006,7.212495767000064],[100.05287359800008,7.208746851000058],[100.05322961300004,7.205555576000052],[100.05109012500009,7.202190168000072],[100.04945491600006,7.198564733000069],[100.04808383900007,7.198294139000041],[100.03851365900005,7.202252590000057],[100.03270949600005,7.202779490000069],[100.02881196500005,7.2074506200000314],[100.02465955800005,7.208908093000048],[100.01870480700006,7.208849832000055],[100.01136989300005,7.210457788000042],[100.00949860400004,7.213351270000032],[100.00716162900005,7.213614747000065],[100.00206614700005,7.209789425000054],[100.00042379700005,7.207761447000053],[99.99923264600005,7.207656418000056],[99.99864481000009,7.209907238000028],[99.99569660400005,7.212136301000044],[99.99320090300006,7.21182959600003],[99.98809175200006,7.214893636000056],[99.98077394400008,7.216161760000034],[99.97844729500008,7.21365370500007],[99.97683438700005,7.213487914000041],[99.97586581400009,7.212043703000063],[99.97322029600008,7.211818549000043],[99.97187037900005,7.210369193000076],[99.97011265100008,7.206650070000023],[99.97036651700006,7.203505694000057],[99.96869912700004,7.201851258000033],[99.96906109300005,7.200008611000044],[99.96626887500008,7.198448972000051],[99.96183697500004,7.200037240000029],[99.95808786500004,7.199451934000024],[99.95987461300007,7.196526709000068],[99.95889612600007,7.193198693000056],[99.95659771900006,7.189928420000058],[99.95734509500005,7.186697607000042],[99.96060514400006,7.1820163380000395],[99.95852593600006,7.178112501000044],[99.96041104800008,7.17570904300004],[99.96117181000005,7.173515517000055],[99.96086803900005,7.171213025000043],[99.96188890700006,7.169072808000067],[99.96449398200008,7.16706384400004],[99.96914320800005,7.1661129490000235],[99.96922089300006,7.16345646000002],[99.97020642400008,7.159422136000046],[99.97182813200004,7.156534484000076],[99.97082028100004,7.154034672000023],[99.97187617100008,7.150188324000055],[99.97450231300007,7.148487291000038],[99.97874677400006,7.1474906040000405],[99.98020038500005,7.142099901000051],[99.98484217600009,7.138950732000069],[99.98643476100006,7.136475479000069],[99.98707415800004,7.131704762000027],[99.98804340700008,7.130557542000076],[99.98996441400004,7.124934624000048],[99.99104008900008,7.1246047890000455],[99.99441821300007,7.1190667270000745],[99.99550408400006,7.118696224000075],[99.99651821500004,7.115629587000058],[99.99918502700007,7.114483818000053],[100.00031215300004,7.112109063000048],[100.00260065300006,7.113530124000022],[100.00373297900006,7.110940406000054],[100.00511947700005,7.111386049000032],[100.01044184800008,7.109963527000048],[100.01075206700006,7.10884915500003],[100.01305798300007,7.109281123000073],[100.01389041800007,7.108187040000075],[100.01674699400007,7.107135940000035],[100.02199634700008,7.10416469300003],[100.02596670700007,7.102831481000067],[100.02688281500008,7.100455292000049],[100.02664263100007,7.095060828000044],[100.02548965600005,7.092269797000029],[100.02822832700008,7.090332414000045],[100.02931038600008,7.095246589000055],[100.03084131800006,7.09598735000003],[100.03147922500006,7.101195597000071],[100.03386574000007,7.1034737270000505],[100.03397698600008,7.106121960000053],[100.03593221300008,7.10681132600007],[100.03541879900007,7.108482203000051],[100.03732685500006,7.110723934000021],[100.03907849200004,7.114589957000021],[100.04266500400007,7.117045573000041],[100.04178343900008,7.119104996000033],[100.04187275900006,7.1225776380000525],[100.04273984800005,7.125650586000063],[100.04227117000005,7.128746913000043],[100.04520933600008,7.132626845000061],[100.04404717900007,7.135206955000058],[100.04465103300004,7.136073672000066],[100.04373215000004,7.1387783250000325],[100.04532027300007,7.139129522000076],[100.04668874300006,7.142164716000025],[100.04559631900008,7.143940520000058],[100.04712834700007,7.14680695800007],[100.04924799300005,7.146993732000055],[100.04989906600008,7.148343385000032],[100.05462594500005,7.148513482000055],[100.05609221800006,7.149524925000037],[100.06697622600007,7.152364821000049],[100.07460350500008,7.157145078000042],[100.07544533300006,7.158585879000043],[100.07503161900007,7.160768893000068],[100.07764011300009,7.162912112000072],[100.07737488000004,7.1659777120000285],[100.08510993700008,7.1676912550000225],[100.08712902900004,7.173372088000065],[100.08677838100004,7.175217160000045],[100.08863138100008,7.177012244000025],[100.09065704800008,7.1770551310000315],[100.09012130500008,7.180227410000043],[100.09203997200007,7.182542904000059],[100.09380452000005,7.183170449000045],[100.09346119900005,7.185106134000023],[100.09505812000003,7.185681549000037],[100.09365257400003,7.18786525400003],[100.09722950300005,7.190424204000067],[100.09680073200008,7.191586933000053],[100.09832261200006,7.1932467530000395],[100.10050398800007,7.191674714000044],[100.10070821600004,7.193988832000059],[100.10399231700006,7.195568079000054],[100.10548994500004,7.197711204000029],[100.10461811900007,7.199411022000049],[100.10594070000008,7.201411833000066],[100.10415663400005,7.203429194000023],[100.10549756900008,7.205528061000052],[100.10527999900006,7.207768777000069],[100.10754205600006,7.210933784000076],[100.10753168300005,7.214157734000025],[100.10912548900006,7.213924945000031],[100.11000505000004,7.215893064000056],[100.11376893700003,7.218590671000072],[100.11690745000004,7.219140150000044],[100.11852664400004,7.221390106000058],[100.11969427700006,7.220573028000047],[100.12497934900006,7.221854639000071],[100.12782442500009,7.224022641000033],[100.12928427200006,7.223422107000033],[100.13331742400004,7.224726289000046],[100.13431298300009,7.227674264000029],[100.13592010000008,7.228687659000059],[100.13558000700004,7.2308384600000295],[100.13721125600006,7.235745165000026],[100.13892312600007,7.237398781000024],[100.13885938700008,7.23887462600004],[100.14057041900008,7.239775719000022],[100.14130828000003,7.242393767000067],[100.14280991100009,7.24194742800006],[100.14569754700005,7.244460205000053],[100.14667643700005,7.2473123020000685],[100.14814721900007,7.247339088000047],[100.14972192700009,7.24937174300004],[100.14930478800005,7.250192030000051],[100.14858692400009,7.253097404000073],[100.15198218100005,7.257843083000068],[100.15498781200006,7.260349667000071],[100.15591109300004,7.264315134000071],[100.15693405800005,7.265265131000035],[100.15641478100008,7.268544903000077],[100.15834637400008,7.2723475480000275],[100.16203144100007,7.27305536800003],[100.16315450500008,7.274441220000028],[100.16359444200003,7.277618147000055],[100.16450544800006,7.27825675400004],[100.15726348600003,7.282326423000029],[100.15595786400007,7.283759194000027],[100.15047368500007,7.298764388000052],[100.15020252200009,7.30031150800005],[100.15094311700005,7.312981180000065],[100.15037476800006,7.315861840000025],[100.14596860100005,7.323543892000032],[100.13738625100007,7.323961605000022],[100.13078875000008,7.323109632000069],[100.12636445900006,7.3263695890000236],[100.12171149700004,7.326104164000071],[100.12041564000003,7.322009183000034],[100.11671602400008,7.317369850000034],[100.11736564800003,7.311238998000022],[100.11911841900007,7.309476489000076],[100.12112069700004,7.3057937470000525],[100.12194555500008,7.302617931000043],[100.12311408200009,7.301096245000053],[100.12292778800008,7.297445071000027],[100.11643010000006,7.296532847000037],[100.11293701900007,7.294503620000057]]]},"properties":{"Shape_Leng":0.903420272265,"Shape_Area":0.015081923966,"ADM3_EN":"Nong Thong","ADM3_TH":"หนองธง","ADM3_PCODE":"TH930803","ADM2_EN":"Pa Bon","ADM2_TH":"ป่าบอน","ADM2_PCODE":"TH9308","ADM1_EN":"Phatthalung","ADM1_TH":"พัทลุง","ADM1_PCODE":"TH93","ADM0_EN":"Thailand","ADM0_TH":"ประเทศไทย","ADM0_PCODE":"TH"}},
{"type":"Feature","geometry":{"type":"Polygon","coordinates":[[[100.16990339600005,7.2543356210000525],[100.16637443000008,7.254041935000032],[100.16274104300004,7.25487892700005],[100.16155296800008,7.254029283000023],[100.16218991100004,7.250965102000066],[100.16131802200005,7.249064917000055],[100.15793727800008,7.248242694000055],[100.15485282400005,7.2506931900000495],[100.15059997300006,7.251175187000058],[100.14930478800005,7.250192030000051],[100.14972192700009,7.24937174300004],[100.14814721900007,7.247339088000047],[100.14667643700005,7.2473123020000685],[100.14569754700005,7.244460205000053],[100.14280991100009,7.24194742800006],[100.14130828000003,7.242393767000067],[100.14057041900008,7.239775719000022],[100.13885938700008,7.23887462600004],[100.13892312600007,7.237398781000024],[100.13721125600006,7.235745165000026],[100.13558000700004,7.2308384600000295],[100.13592010000008,7.228687659000059],[100.13431298300009,7.227674264000029],[100.13331742400004,7.224726289000046],[100.12928427200006,7.223422107000033],[100.12782442500009,7.224022641000033],[100.12497934900006,7.221854639000071],[100.11969427700006,7.220573028000047],[100.11852664400004,7.221390106000058],[100.11690745000004,7.219140150000044],[100.11376893700003,7.218590671000072],[100.11000505000004,7.215893064000056],[100.10912548900006,7.213924945000031],[100.10753168300005,7.214157734000025],[100.10754205600006,7.210933784000076],[100.10527999900006,7.207768777000069],[100.10549756900008,7.205528061000052],[100.10415663400005,7.203429194000023],[100.10594070000008,7.201411833000066],[100.10461811900007,7.199411022000049],[100.10548994500004,7.197711204000029],[100.10399231700006,7.195568079000054],[100.10070821600004,7.193988832000059],[100.10050398800007,7.191674714000044],[100.09832261200006,7.1932467530000395],[100.09680073200008,7.191586933000053],[100.09722950300005,7.190424204000067],[100.09365257400003,7.18786525400003],[100.09505812000003,7.185681549000037],[100.09346119900005,7.185106134000023],[100.09380452000005,7.183170449000045],[100.09203997200007,7.182542904000059],[100.09012130500008,7.180227410000043],[100.09065704800008,7.1770551310000315],[100.08863138100008,7.177012244000025],[100.08677838100004,7.175217160000045],[100.08712902900004,7.173372088000065],[100.08510993700008,7.1676912550000225],[100.07737488000004,7.1659777120000285],[100.07764011300009,7.162912112000072],[100.07503161900007,7.160768893000068],[100.07544533300006,7.158585879000043],[100.07460350500008,7.157145078000042],[100.06697622600007,7.152364821000049],[100.05609221800006,7.149524925000037],[100.05462594500005,7.148513482000055],[100.04989906600008,7.148343385000032],[100.04924799300005,7.146993732000055],[100.04712834700007,7.14680695800007],[100.04559631900008,7.143940520000058],[100.04668874300006,7.142164716000025],[100.04532027300007,7.139129522000076],[100.04373215000004,7.1387783250000325],[100.04465103300004,7.136073672000066],[100.04404717900007,7.135206955000058],[100.04520933600008,7.132626845000061],[100.04227117000005,7.128746913000043],[100.04273984800005,7.125650586000063],[100.04187275900006,7.1225776380000525],[100.04178343900008,7.119104996000033],[100.04266500400007,7.117045573000041],[100.03907849200004,7.114589957000021],[100.03732685500006,7.110723934000021],[100.03541879900007,7.108482203000051],[100.03593221300008,7.10681132600007],[100.03397698600008,7.106121960000053],[100.03386574000007,7.1034737270000505],[100.03147922500006,7.101195597000071],[100.03084131800006,7.09598735000003],[100.02931038600008,7.095246589000055],[100.02822832700008,7.090332414000045],[100.03100738400008,7.093139785000062],[100.03424291000005,7.100735110000073],[100.03684174100005,7.101287081000066],[100.03767698800004,7.103833743000052],[100.03754576400007,7.10746186800003],[100.03845308900009,7.108792016000052],[100.04226199200008,7.108269344000064],[100.04582100600004,7.108882691000076],[100.04959959500007,7.107707011000059],[100.05078156500008,7.109625048000055],[100.05404754000006,7.109590064000031],[100.05721977100006,7.10757965800002],[100.06166902200005,7.110199892000026],[100.06504628600004,7.110244039000065],[100.06772590800006,7.111924581000039],[100.06784397600006,7.118048366000039],[100.06505057600003,7.121877163000022],[100.06124475400009,7.123595617000035],[100.06015272100007,7.12652431500004],[100.06268263500004,7.131083108000041],[100.06190381000005,7.133143192000034],[100.06339350300004,7.1345700280000415],[100.06273673300007,7.137486851000062],[100.06798223000004,7.138404387000037],[100.06969831100008,7.140757233000045],[100.07350732700007,7.144008965000069],[100.07440451900004,7.14630373600005],[100.08090601100008,7.146598035000068],[100.08339338000008,7.146190015000059],[100.08660677400007,7.147503693000033],[100.09054251300006,7.148311337000052],[100.09162775800007,7.14961429300007],[100.09616863500008,7.151548450000064],[100.09639400500004,7.153052958000046],[100.09868502500007,7.156043445000023],[100.09978772000005,7.155417119000049],[100.10451806700007,7.160885527000062],[100.10557321400006,7.1632551600000625],[100.10760165400006,7.163296022000054],[100.11122623400007,7.165818457000057],[100.11190178500004,7.165076967000061],[100.11432726400005,7.166617762000044],[100.11836007000005,7.165615342000024],[100.11964130400008,7.164526028000068],[100.12044453800007,7.166267567000034],[100.12160218600008,7.164829817000054],[100.12351235600005,7.165578063000055],[100.12895343700006,7.159200035000026],[100.13102433900008,7.159695869000075],[100.13211015100006,7.158332653000059],[100.13398963900005,7.158839011000055],[100.13371137300004,7.156555839000021],[100.13614934400005,7.1522675030000755],[100.13956044600008,7.152558052000074],[100.14337589300004,7.150936607000062],[100.14420848500004,7.149477610000076],[100.14540990900008,7.150266769000041],[100.14782693700005,7.148966226000027],[100.14904518100008,7.150890374000028],[100.15264658200005,7.15272247200005],[100.15282554000004,7.151095377000047],[100.15507287700007,7.150388402000033],[100.15632260800004,7.14874855100004],[100.15978345100007,7.151373352000064],[100.15974291900005,7.153012261000072],[100.16192837200003,7.155337659000054],[100.16434056400004,7.156246637000038],[100.16573315500005,7.155808023000077],[100.16475805600004,7.158777100000066],[100.16788711700008,7.159904548000043],[100.16633320000005,7.160979013000031],[100.16602646500007,7.162716788000068],[100.16843872500004,7.165030435000062],[100.17013594500008,7.164541091000046],[100.17106016100007,7.166143266000063],[100.17232967000007,7.172216028000037],[100.17458111700006,7.1731137380000405],[100.17461642000006,7.174775914000065],[100.17322221000006,7.1760387110000465],[100.16825818000007,7.176269485000034],[100.16660706200008,7.177608974000066],[100.16239381300005,7.178298831000063],[100.16120850800007,7.177125271000023],[100.15926836000006,7.177633984000067],[100.15642578100005,7.179741867000075],[100.15340990000004,7.180236664000063],[100.14769517300005,7.179710986000032],[100.14133243800006,7.183107938000035],[100.14208676300007,7.185391245000062],[100.14544895000006,7.185830554000063],[100.14975208100009,7.18836053900003],[100.15216921800004,7.188268563000065],[100.15256021900007,7.189671044000022],[100.15543680900004,7.192784516000074],[100.15963920100006,7.194066768000027],[100.16124741500005,7.193485578000036],[100.16318039700008,7.194884252000065],[100.16921728000005,7.195950009000057],[100.17094653600009,7.19690472700006],[100.17191769900006,7.1987625430000435],[100.17483663400009,7.198837225000034],[100.17421809200005,7.201633541000035],[100.17542445700008,7.203614293000044],[100.18174264000004,7.2041474730000346],[100.18326665600006,7.206138312000064],[100.18089494100008,7.208335461000047],[100.17903024800006,7.211789539000051],[100.17890886900005,7.214224433000027],[100.18096846000009,7.214966754000045],[100.18353102000003,7.214619115000062],[100.18702870100009,7.21515284700007],[100.18843928000007,7.216943225000023],[100.18810723500007,7.219470929000067],[100.19009973800007,7.221247437000045],[100.18996195500006,7.223099418000061],[100.19097045000007,7.226962818000061],[100.19477782300004,7.228478923000068],[100.19722173600007,7.228123470000071],[100.19846757500005,7.228926080000065],[100.19750494400006,7.231703150000044],[100.20022588400008,7.234019473000046],[100.20105409300004,7.235937659000058],[100.19879088800008,7.236720597000044],[100.19600622000007,7.238909931000023],[100.19380455200007,7.24389065400004],[100.19287166200007,7.244525878000047],[100.18839997900005,7.244829416000073],[100.18593069300005,7.246516779000046],[100.18576596200006,7.248169132000044],[100.18414940100007,7.248731606000035],[100.18225417500008,7.251070134000031],[100.17877356700006,7.248442494000074],[100.17828008000004,7.249457577000044],[100.17497172600008,7.24805966200006],[100.17155459600008,7.247467458000074],[100.17038721700004,7.249983715000042],[100.16990339600005,7.2543356210000525]]]},"properties":{"Shape_Leng":0.787422792438,"Shape_Area":0.00749667905731,"ADM3_EN":"Thung Nari","ADM3_TH":"ทุ่งนารี","ADM3_PCODE":"TH930804","ADM2_EN":"Pa Bon","ADM2_TH":"ป่าบอน","ADM2_PCODE":"TH9308","ADM1_EN":"Phatthalung","ADM1_TH":"พัทลุง","ADM1_PCODE":"TH93","ADM0_EN":"Thailand","ADM0_TH":"ประเทศไทย","ADM0_PCODE":"TH"}},
{"type":"Feature","geometry":{"type":"Polygon","coordinates":[[[100.22266453400005,7.354682212000057],[100.22098592300006,7.3525348450000365],[100.22100583500008,7.349530359000028],[100.21957319900008,7.348087755000051],[100.21828099300006,7.349651612000059],[100.21499169300006,7.348854885000037],[100.21293060200009,7.345374298000024],[100.21326930000004,7.344424052000022],[100.21064561000009,7.344498748000035],[100.21002435000008,7.340858260000061],[100.21136760300004,7.335150611000074],[100.20703120600007,7.333160538000072],[100.20456250700005,7.335483213000032],[100.20432690100006,7.336979084000063],[100.19982985800004,7.33671694100002],[100.19747366600006,7.334340404000045],[100.19674575200008,7.329917130000069],[100.19494900100005,7.327359864000073],[100.19554361900003,7.325274253000032],[100.19464923900006,7.320884443000068],[100.19301878400006,7.315359393000051],[100.19015386200005,7.310273815000073],[100.19060288200006,7.308004725000046],[100.19004247800007,7.304876734000061],[100.19102198100006,7.30212393100004],[100.18850201800007,7.300384588000043],[100.18650750300009,7.2961178360000645],[100.18413952700007,7.296864921000065],[100.18020844300008,7.296648711000046],[100.17724745000004,7.294330970000033],[100.17607157400005,7.290687375000061],[100.17376527700009,7.290154840000071],[100.17371311500006,7.286484254000072],[100.17033478800005,7.28567427400003],[100.16869828200004,7.28639361300003],[100.16830778900004,7.284782284000073],[100.16899065200005,7.281261434000044],[100.16592896300006,7.280076870000073],[100.16450544800006,7.27825675400004],[100.16359444200003,7.277618147000055],[100.16315450500008,7.274441220000028],[100.16203144100007,7.27305536800003],[100.15834637400008,7.2723475480000275],[100.15641478100008,7.268544903000077],[100.15693405800005,7.265265131000035],[100.15591109300004,7.264315134000071],[100.15498781200006,7.260349667000071],[100.15198218100005,7.257843083000068],[100.14858692400009,7.253097404000073],[100.14930478800005,7.250192030000051],[100.15059997300006,7.251175187000058],[100.15485282400005,7.2506931900000495],[100.15793727800008,7.248242694000055],[100.16131802200005,7.249064917000055],[100.16218991100004,7.250965102000066],[100.16155296800008,7.254029283000023],[100.16274104300004,7.25487892700005],[100.16637443000008,7.254041935000032],[100.16990339600005,7.2543356210000525],[100.16987833800005,7.2583708070000625],[100.17117440300007,7.25782115800007],[100.17597532300005,7.258961960000022],[100.17676231900003,7.259637878000035],[100.18318250800007,7.261411431000056],[100.18293466200004,7.2623624490000225],[100.18638249200006,7.26273724400005],[100.18637902100005,7.26404941100003],[100.19002460300004,7.265483162000066],[100.19260267600004,7.265698730000054],[100.19535770600004,7.267147516000023],[100.20098962100008,7.267278488000045],[100.20117152800003,7.269342765000033],[100.20375127700004,7.271366838000063],[100.20618869000003,7.270678653000061],[100.20818881400004,7.271347933000072],[100.20862586800007,7.272586004000061],[100.21239847000004,7.275112329000024],[100.21186177400006,7.277280630000064],[100.21571607100009,7.27917205600005],[100.21478127100005,7.2811222970000244],[100.21653395500005,7.281731905000072],[100.21557879700003,7.28971993600004],[100.21976734300006,7.290571001000046],[100.22416945500004,7.289912162000064],[100.22704905500007,7.288308893000021],[100.22708224900003,7.29256721400003],[100.23139876200008,7.2945792350000715],[100.23246256200008,7.2926675570000725],[100.23352644300007,7.2930853400000615],[100.23473285600005,7.288146862000076],[100.23627942400003,7.288582182000027],[100.23555034800006,7.289778120000051],[100.23650974700007,7.291184684000029],[100.23538811300006,7.294330552000076],[100.23553398200005,7.2969087310000305],[100.23673472100006,7.298436314000071],[100.23972621500008,7.298899534000043],[100.24122965700008,7.3010572610000395],[100.24555362300003,7.300473941000064],[100.24955032600008,7.300548610000021],[100.25258883100008,7.3018413440000245],[100.25360497400004,7.303616581000028],[100.25329086300007,7.306056098000056],[100.25598438800006,7.306961042000069],[100.25699384700005,7.308631646000038],[100.25450354700007,7.311503095000035],[100.24508493600007,7.328150489000052],[100.24304594100005,7.331040890000054],[100.22815429600007,7.350988651000023],[100.22266453400005,7.354682212000057]]]},"properties":{"Shape_Leng":0.418462515191,"Shape_Area":0.00432434135869,"ADM3_EN":"Wang Mai","ADM3_TH":"วังใหม่","ADM3_PCODE":"TH930806","ADM2_EN":"Pa Bon","ADM2_TH":"ป่าบอน","ADM2_PCODE":"TH9308","ADM1_EN":"Phatthalung","ADM1_TH":"พัทลุง","ADM1_PCODE":"TH93","ADM0_EN":"Thailand","ADM0_TH":"ประเทศไทย","ADM0_PCODE":"TH"}},
{"type":"Feature","geometry":{"type":"Polygon","coordinates":[[[100.12780141100006,7.4107507140000735],[100.12992554400006,7.408959997000068],[100.12922126500007,7.406746085000066],[100.13279385800007,7.403642302000037],[100.13510314300004,7.404559021000068],[100.13640573500004,7.407374351000044],[100.13576928400005,7.408923328000071],[100.13780150100007,7.409622799000033],[100.13797690500007,7.412887934000025],[100.14064508700005,7.414143774000024],[100.14186204100008,7.418161577000035],[100.14529993000008,7.421416667000074],[100.14570971600006,7.423159439000074],[100.14849484600006,7.4244915300000685],[100.14834703500009,7.4255063370000585],[100.15066684800007,7.424994653000056],[100.15485204800007,7.427499924000074],[100.15572697200008,7.428631591000055],[100.15589564700008,7.432082021000042],[100.15688901900006,7.433887611000046],[100.16179605100007,7.429452414000025],[100.18934038800006,7.391957438000077],[100.19138259100004,7.394391555000027],[100.19035866600007,7.398832809000055],[100.18741458500006,7.3999002840000685],[100.18445075900007,7.411263442000063],[100.18250615600004,7.415472752000028],[100.18019131100004,7.418414170000062],[100.17715249200006,7.4238736750000385],[100.17041606800007,7.430628196000043],[100.17110328300004,7.433006249000073],[100.17379037600006,7.435013975000061],[100.17307631000006,7.437965440000028],[100.17116637600009,7.440489737000064],[100.17097861900004,7.443430919000036],[100.17283306500008,7.448124988000075],[100.17207972000006,7.453285053000059],[100.17241941900005,7.456073106000076],[100.17107023100004,7.459467106000034],[100.17469035600004,7.459640746000048],[100.17572847400004,7.460719440000048],[100.17570678300007,7.46335829700007],[100.17699994600008,7.4637842960000285],[100.17727496400005,7.465797721000058],[100.17943204800008,7.46797196600005],[100.17675522000008,7.467411040000059],[100.17370543800007,7.4676573500000245],[100.17305226600007,7.46962336200005],[100.17363422500006,7.474065378000034],[100.17241438600007,7.474782942000047],[100.16982420300008,7.46873916100003],[100.16918968900006,7.468223827000031],[100.16455473800005,7.467895325000029],[100.16201090900006,7.466127794000045],[100.16045138500004,7.463913583000021],[100.15443014800007,7.460707557000035],[100.15030142000006,7.460674346000076],[100.14626011200005,7.463040937000073],[100.14368905700007,7.45748214300005],[100.14235368700008,7.456482159000075],[100.14402834200007,7.453637195000056],[100.14247273700005,7.450115470000071],[100.13984624100004,7.446875397000042],[100.13958984400006,7.443465031000073],[100.13880067300005,7.441962496000031],[100.13654596300006,7.440591983000047],[100.13500790100005,7.438181440000051],[100.13397149000008,7.434916365000049],[100.13384260700008,7.432032664000076],[100.12825584000007,7.4299770570000305],[100.12466217900004,7.424931616000038],[100.12475626100007,7.422440307000045],[100.12635436900007,7.418886604000022],[100.12780141100006,7.4107507140000735]]]},"properties":{"Shape_Leng":0.323460775789,"Shape_Area":0.00185244057974,"ADM3_EN":"Tha Maduea","ADM3_TH":"ท่ามะเดื่อ","ADM3_PCODE":"TH930901","ADM2_EN":"Bang Kaeo","ADM2_TH":"บางแก้ว","ADM2_PCODE":"TH9309","ADM1_EN":"Phatthalung","ADM1_TH":"พัทลุง","ADM1_PCODE":"TH93","ADM0_EN":"Thailand","ADM0_TH":"ประเทศไทย","ADM0_PCODE":"TH"}},
{"type":"Feature","geometry":{"type":"Polygon","coordinates":[[[100.17943204800008,7.46797196600005],[100.17727496400005,7.465797721000058],[100.17699994600008,7.4637842960000285],[100.17570678300007,7.46335829700007],[100.17572847400004,7.460719440000048],[100.17469035600004,7.459640746000048],[100.17107023100004,7.459467106000034],[100.17241941900005,7.456073106000076],[100.17207972000006,7.453285053000059],[100.17283306500008,7.448124988000075],[100.17097861900004,7.443430919000036],[100.17116637600009,7.440489737000064],[100.17307631000006,7.437965440000028],[100.17379037600006,7.435013975000061],[100.17110328300004,7.433006249000073],[100.17041606800007,7.430628196000043],[100.17715249200006,7.4238736750000385],[100.18019131100004,7.418414170000062],[100.18250615600004,7.415472752000028],[100.18445075900007,7.411263442000063],[100.18741458500006,7.3999002840000685],[100.19035866600007,7.398832809000055],[100.19138259100004,7.394391555000027],[100.20000297200005,7.397394416000054],[100.21442151400004,7.40118762000003],[100.22131049800004,7.402716780000048],[100.22461855200004,7.407888742000068],[100.22891202900007,7.413580336000052],[100.23217465500005,7.414287973000057],[100.24189586700004,7.413290133000032],[100.24693273600008,7.413250389000041],[100.25039445400006,7.41399326100003],[100.25859503600009,7.417233970000041],[100.28163444400008,7.437325329000032],[100.27618305600004,7.478396521000036],[100.25948460400008,7.477638128000024],[100.23373228800006,7.477737633000061],[100.22339341800006,7.478232900000023],[100.21954140600008,7.47768671700004],[100.21953871000005,7.477124670000023],[100.21077323400004,7.476610034000032],[100.20894222300007,7.475577689000033],[100.20407772000004,7.475519190000057],[100.19890461000006,7.476080643000046],[100.19630436300008,7.4784136210000725],[100.19138268800003,7.478538183000069],[100.18851794700004,7.47923593400003],[100.18506844800004,7.475356841000064],[100.18273905900008,7.474622413000077],[100.18049476100003,7.4718222860000765],[100.18168582300007,7.46922928500004],[100.18076570800008,7.467440944000032],[100.17943204800008,7.46797196600005]]]},"properties":{"Shape_Leng":0.347775407549,"Shape_Area":0.00689201699579,"ADM3_EN":"Na Pakho","ADM3_TH":"นาปะขอ","ADM3_PCODE":"TH930902","ADM2_EN":"Bang Kaeo","ADM2_TH":"บางแก้ว","ADM2_PCODE":"TH9309","ADM1_EN":"Phatthalung","ADM1_TH":"พัทลุง","ADM1_PCODE":"TH93","ADM0_EN":"Thailand","ADM0_TH":"ประเทศไทย","ADM0_PCODE":"TH"}},
{"type":"Feature","geometry":{"type":"Polygon","coordinates":[[[100.10871336700006,7.36018013000006],[100.11098947400006,7.355667202000063],[100.11629055600008,7.35445642600007],[100.11792033600005,7.3558346950000555],[100.12050482400008,7.356458148000058],[100.12423216500008,7.356388485000025],[100.12922483000006,7.3581919080000375],[100.13153956700006,7.359592229000043],[100.13396386900007,7.358303577000072],[100.13479124600008,7.358902287000035],[100.13705809500004,7.357356883000023],[100.13772196600007,7.355217852000067],[100.14077371200005,7.354701544000022],[100.14331362800004,7.355051192000076],[100.14585871800006,7.354386067000064],[100.14836036900005,7.354730043000075],[100.14962745600008,7.353020886000024],[100.15238414300006,7.352613657000063],[100.15319784500008,7.35358227100005],[100.15612759400005,7.352613594000047],[100.15674260600008,7.355347957000049],[100.15831921300008,7.355428136000057],[100.15825958100004,7.356839333000039],[100.16057617800004,7.358286515000032],[100.16352774400008,7.358369023000023],[100.16252123000004,7.361511577000044],[100.16357870400009,7.362629650000031],[100.16641070900005,7.362666638000064],[100.16924893100008,7.367154928000048],[100.16948263900008,7.368643555000062],[100.17294817800007,7.370019244000048],[100.17573374000006,7.370423558000027],[100.17907090100005,7.369799467000064],[100.17966506900007,7.375462441000025],[100.18089484800004,7.377193126000066],[100.18387789800005,7.377782468000021],[100.19162160400003,7.380069057000071],[100.19647123700008,7.382220637000046],[100.18934038800006,7.391957438000077],[100.16179605100007,7.429452414000025],[100.15688901900006,7.433887611000046],[100.15589564700008,7.432082021000042],[100.15572697200008,7.428631591000055],[100.15485204800007,7.427499924000074],[100.15066684800007,7.424994653000056],[100.14834703500009,7.4255063370000585],[100.14849484600006,7.4244915300000685],[100.14570971600006,7.423159439000074],[100.14529993000008,7.421416667000074],[100.14186204100008,7.418161577000035],[100.14064508700005,7.414143774000024],[100.13797690500007,7.412887934000025],[100.13780150100007,7.409622799000033],[100.13576928400005,7.408923328000071],[100.13640573500004,7.407374351000044],[100.13510314300004,7.404559021000068],[100.13279385800007,7.403642302000037],[100.12922126500007,7.406746085000066],[100.12992554400006,7.408959997000068],[100.12780141100006,7.4107507140000735],[100.12529939600006,7.40867683700003],[100.12410976400008,7.408544566000046],[100.12452786000006,7.4067612740000754],[100.12309499100007,7.406301330000076],[100.12274489700008,7.404376242000069],[100.12084822000008,7.404834084000072],[100.11975278000006,7.401978500000041],[100.11711665300004,7.403760552000051],[100.11691808100005,7.401916125000071],[100.11535904700008,7.402615088000061],[100.11425648100004,7.400859221000076],[100.11112746300006,7.399749818000032],[100.11163139200005,7.397581763000062],[100.10961672500008,7.398272506000069],[100.10908771100009,7.39601373000005],[100.11060424200008,7.395139970000059],[100.10830913500007,7.393928168000059],[100.11007366100006,7.3931890730000305],[100.11038389400005,7.39111246300007],[100.10749025700005,7.390669506000052],[100.10759552500008,7.389782926000066],[100.10503901300007,7.388667380000072],[100.10487459400008,7.3873779650000415],[100.10253440000008,7.3875845960000674],[100.10213429300006,7.386446619000026],[100.10386987200008,7.38524574500002],[100.10184935300003,7.383823646000053],[100.10313551700006,7.382142539000029],[100.10292731600003,7.380339697000068],[100.10169883600008,7.380630859000064],[100.10004553600004,7.383519628000045],[100.09875445100005,7.383210948000055],[100.10066743100003,7.378226668000025],[100.10240321800006,7.378493568000067],[100.09882350900006,7.374044838000032],[100.10169156000006,7.3735699930000465],[100.10235467200005,7.372046069000021],[100.10233798000007,7.368196745000034],[100.10570782800005,7.36530786700007],[100.10871336700006,7.36018013000006]]]},"properties":{"Shape_Leng":0.364097555241,"Shape_Area":0.00436198445128,"ADM3_EN":"Khok Sak","ADM3_TH":"โคกสัก","ADM3_PCODE":"TH930903","ADM2_EN":"Bang Kaeo","ADM2_TH":"บางแก้ว","ADM2_PCODE":"TH9309","ADM1_EN":"Phatthalung","ADM1_TH":"พัทลุง","ADM1_PCODE":"TH93","ADM0_EN":"Thailand","ADM0_TH":"ประเทศไทย","ADM0_PCODE":"TH"}},
{"type":"Feature","geometry":{"type":"Polygon","coordinates":[[[99.98509613100003,7.862672904000021],[99.98019531500006,7.86700016900005],[99.97634646600005,7.871911135000062],[99.97001308600005,7.8753278280000245],[99.96826231400007,7.8752169850000655],[99.96602840700007,7.876586210000028],[99.96619601300006,7.881486568000071],[99.96530626400005,7.884641869000063],[99.96634988300008,7.885848509000027],[99.96550445300005,7.889712427000063],[99.96373167700006,7.891629068000043],[99.96382440100007,7.8964093820000585],[99.96452869800004,7.896796911000024],[99.96420229800003,7.901912055000025],[99.96240302000007,7.903373624000039],[99.96241242000008,7.905740901000058],[99.95796985300007,7.904828384000041],[99.95241629100008,7.900098988000025],[99.95165485000007,7.895272360000035],[99.94803620600004,7.890063979000047],[99.94778386700006,7.887050981000073],[99.94648652100005,7.885243638000077],[99.94339408700006,7.884315172000072],[99.94196056400006,7.8805468660000315],[99.93704908700005,7.879307246000053],[99.93259139000008,7.876155005000044],[99.93130273600008,7.875794854000048],[99.92732995400007,7.87175118600004],[99.92591553600005,7.871593831000041],[99.92595268500008,7.8695941370000355],[99.92397355500003,7.869772137000041],[99.92170929200006,7.868027682000047],[99.92496000300008,7.866753475000053],[99.92315073000003,7.864939475000028],[99.92398374100009,7.862124888000039],[99.91936882200008,7.85973679600005],[99.91826018500007,7.860252213000024],[99.91535575300009,7.855004888000053],[99.91300681200005,7.853555494000034],[99.91013154000007,7.853397849000032],[99.91008477400004,7.850989753000022],[99.91168300800007,7.845062736000045],[99.91135751300004,7.843441807000033],[99.91178351600007,7.838592299000027],[99.90876262800003,7.838084288000061],[99.90247518300004,7.835450759000025],[99.90227234100007,7.83259939800007],[99.90324684500007,7.8305934170000455],[99.90350765500006,7.832893055000056],[99.90958204100008,7.833026829000062],[99.91365242200004,7.834218314000054],[99.91616885900004,7.833874652000077],[99.91615643800009,7.835490292000031],[99.91786019200003,7.8356888040000285],[99.91811811900004,7.8343049740000765],[99.92226209500006,7.833896515000049],[99.92262252400008,7.831506218000072],[99.92544247700005,7.830023488000052],[99.92796224700004,7.830420877000051],[99.92750160200006,7.832579334000059],[99.92894154300006,7.83269666800004],[99.92980603900008,7.835373979000053],[99.93177139400007,7.8343163780000395],[99.93247143600007,7.835366460000046],[99.93820901600009,7.836649128000033],[99.94184436300009,7.835937763000061],[99.94578356500006,7.837393589000044],[99.94910244700009,7.837466192000022],[99.95283120300007,7.838551946000052],[99.96802356400008,7.843554286000028],[99.96798837600005,7.844393038000021],[99.97362843900004,7.8447389860000385],[99.97536922000006,7.84392398500006],[99.97906015800004,7.843516367000063],[99.98334106800007,7.845188115000042],[99.98887606600005,7.8467166240000665],[99.98863728900005,7.848143597000046],[99.98064427500003,7.847216968000055],[99.98509613100003,7.862672904000021]]]},"properties":{"Shape_Leng":0.352992480925,"Shape_Area":0.00294351700012,"ADM3_EN":"Pa Phayom","ADM3_TH":"ป่าพะยอม","ADM3_PCODE":"TH931001","ADM2_EN":"Pa Phayom","ADM2_TH":"ป่าพะยอม","ADM2_PCODE":"TH9310","ADM1_EN":"Phatthalung","ADM1_TH":"พัทลุง","ADM1_PCODE":"TH93","ADM0_EN":"Thailand","ADM0_TH":"ประเทศไทย","ADM0_PCODE":"TH"}},
{"type":"Feature","geometry":{"type":"Polygon","coordinates":[[[99.92315073000003,7.864939475000028],[99.90792217400008,7.875604538000061],[99.90207933300007,7.880267382000056],[99.89000494600003,7.887506153000061],[99.88739427000007,7.889451885000028],[99.88499143100006,7.890097759000071],[99.88314525400006,7.89348863400005],[99.87933686900004,7.8915628720000655],[99.87823552000003,7.891670883000074],[99.86932881600006,7.887210616000061],[99.86514489100006,7.887467407000031],[99.86211397400007,7.88645557500007],[99.86131521400006,7.888010197000028],[99.85892304700008,7.889047911000034],[99.85407053500006,7.888650637000069],[99.85034618800006,7.887720853000076],[99.84938571000004,7.889439191000065],[99.84684475500006,7.889502212000025],[99.84526081200005,7.890787723000074],[99.84175182000007,7.891136679000056],[99.83793541800009,7.887997614000028],[99.83713871900005,7.885584813000037],[99.83246959400009,7.886389377000057],[99.82946914800004,7.884633201000042],[99.82237706000006,7.887690763000023],[99.82209932800004,7.885694302000047],[99.81933897700009,7.884004482000023],[99.81588981500005,7.885760841000035],[99.81332257600008,7.888805271000024],[99.81347160100006,7.8896363990000395],[99.80837798800007,7.892876596000065],[99.80622428100008,7.892130653000038],[99.80382628200005,7.890274481000063],[99.80209590200008,7.8876797290000695],[99.80032567300003,7.882662506000031],[99.79275448500005,7.882255593000025],[99.78768135500007,7.880825676000029],[99.78626257800005,7.879868603000034],[99.78233666800008,7.878910048000023],[99.78087980200007,7.876732006000054],[99.77841801100004,7.8763018230000625],[99.77757955500005,7.874004146000061],[99.77472013800008,7.870765885000026],[99.77184611700005,7.868922656000052],[99.76890375300007,7.8654367570000545],[99.76618844000006,7.865627554000071],[99.76139342300007,7.860358206000058],[99.76068117000005,7.858665912000049],[99.75647594800006,7.857823384000028],[99.75239806600007,7.858226557000023],[99.75126505600008,7.856099766000057],[99.74927388300006,7.855334587000073],[99.74711116600008,7.856202468000049],[99.74662428800008,7.8587312430000225],[99.74234767100006,7.857595985000046],[99.73824742400006,7.858896272000038],[99.73626342900008,7.856606248000048],[99.73364735500007,7.855058270000029],[99.73289039400004,7.853683206000028],[99.73277308900003,7.849018002000037],[99.73735123500006,7.8449545810000245],[99.73890739200004,7.8412401190000764],[99.73858854900004,7.839867907000041],[99.74036740200006,7.839701641000033],[99.74655649300007,7.836348078000071],[99.74794913700003,7.834513992000041],[99.75196518700005,7.831567132000032],[99.75585626400004,7.828797444000031],[99.76345199400004,7.825476343000048],[99.76638288600009,7.8232173010000565],[99.76695331800005,7.814142808000042],[99.76903186900006,7.811270648000061],[99.77246076100005,7.808571636000067],[99.77803271600004,7.806219886000065],[99.78320009600009,7.807293307000066],[99.78680785000006,7.806145115000049],[99.79006043100009,7.803417032000027],[99.79246126400005,7.800368559000049],[99.79448612600004,7.800276957000051],[99.79722171000009,7.803549943000064],[99.79819609300006,7.806650621000074],[99.79981260000005,7.807876863000047],[99.80527177700009,7.808042116000024],[99.80788521000005,7.808768857000075],[99.80976701500003,7.810579929000028],[99.80971677700006,7.814970368000047],[99.81039581100003,7.817047155000068],[99.81218956800006,7.81882911200006],[99.81856246700005,7.82092416100005],[99.82147699500007,7.825484440000025],[99.82209964800006,7.828702798000052],[99.82509875000005,7.83144820800004],[99.82572035100009,7.83411045400004],[99.82764871400008,7.8374584480000635],[99.82772656100008,7.839023790000056],[99.82588371900005,7.842539536000061],[99.82524331100007,7.845233518000043],[99.82548469700004,7.849914690000048],[99.82380979900006,7.851053439000054],[99.82672279100007,7.85509707500006],[99.82823779800003,7.856345840000074],[99.83051719400004,7.859776794000027],[99.83057072300005,7.861858826000059],[99.83444855500005,7.862509340000031],[99.83668037700005,7.861853113000052],[99.83782837600006,7.865119484000047],[99.84167205100005,7.864052405000052],[99.84525269000005,7.8646289020000495],[99.84539713900006,7.863697630000047],[99.85128021000008,7.8595007030000374],[99.85101751300004,7.858409735000066],[99.85582423000005,7.8588990240000385],[99.85784090600004,7.856116569000051],[99.86193752400004,7.85635005000006],[99.86424600700008,7.854594251000037],[99.86470568400006,7.8532654220000495],[99.86859790900007,7.85171938600007],[99.86909869500005,7.8532797140000525],[99.87268971800006,7.8518626750000635],[99.87349775100006,7.850588562000041],[99.87678694400006,7.85179579000004],[99.88309350700007,7.852976222000052],[99.88404474600009,7.854334177000055],[99.88887529100003,7.855038086000036],[99.89073089800007,7.856708598000068],[99.89174424100008,7.855836396000029],[99.89339272400008,7.856869846000052],[99.89333497600006,7.859378886000059],[99.89516738300006,7.859164315000044],[99.89687889700008,7.8619454630000405],[99.90050000600007,7.86092794800004],[99.90094889500006,7.862794762000021],[99.90345197300007,7.863124999000036],[99.90508564600003,7.862027083000044],[99.90597195000004,7.863148753000075],[99.91047335600007,7.8631827910000425],[99.91348366200003,7.865262909000023],[99.91437635000005,7.864621803000034],[99.91937273900004,7.865221077000058],[99.92315073000003,7.864939475000028]]]},"properties":{"Shape_Leng":0.564662206649,"Shape_Area":0.00747878836961,"ADM3_EN":"Lan Khoi","ADM3_TH":"ลานข่อย","ADM3_PCODE":"TH931002","ADM2_EN":"Pa Phayom","ADM2_TH":"ป่าพะยอม","ADM2_PCODE":"TH9310","ADM1_EN":"Phatthalung","ADM1_TH":"พัทลุง","ADM1_PCODE":"TH93","ADM0_EN":"Thailand","ADM0_TH":"ประเทศไทย","ADM0_PCODE":"TH"}},
{"type":"Feature","geometry":{"type":"Polygon","coordinates":[[[99.90024364200008,7.762456321000059],[99.90305383300006,7.773615950000021],[99.90263209000005,7.776188273000059],[99.90124298200004,7.778640261000021],[99.90175794700008,7.781246449000037],[99.90298502700006,7.782465063000075],[99.90365938300005,7.791647892000071],[99.90384146700006,7.799707592000061],[99.89668041300007,7.801803836000033],[99.89651956900008,7.805135556000039],[99.89523804100008,7.8123117060000595],[99.89530848400005,7.814367106000077],[99.90324684500007,7.8305934170000455],[99.90227234100007,7.83259939800007],[99.90247518300004,7.835450759000025],[99.90876262800003,7.838084288000061],[99.91178351600007,7.838592299000027],[99.91135751300004,7.843441807000033],[99.91168300800007,7.845062736000045],[99.91008477400004,7.850989753000022],[99.91013154000007,7.853397849000032],[99.91300681200005,7.853555494000034],[99.91535575300009,7.855004888000053],[99.91826018500007,7.860252213000024],[99.91936882200008,7.85973679600005],[99.92398374100009,7.862124888000039],[99.92315073000003,7.864939475000028],[99.91937273900004,7.865221077000058],[99.91437635000005,7.864621803000034],[99.91348366200003,7.865262909000023],[99.91047335600007,7.8631827910000425],[99.90597195000004,7.863148753000075],[99.90508564600003,7.862027083000044],[99.90345197300007,7.863124999000036],[99.90094889500006,7.862794762000021],[99.90050000600007,7.86092794800004],[99.89687889700008,7.8619454630000405],[99.89516738300006,7.859164315000044],[99.89333497600006,7.859378886000059],[99.89339272400008,7.856869846000052],[99.89174424100008,7.855836396000029],[99.89073089800007,7.856708598000068],[99.88887529100003,7.855038086000036],[99.88404474600009,7.854334177000055],[99.88309350700007,7.852976222000052],[99.87678694400006,7.85179579000004],[99.87349775100006,7.850588562000041],[99.87268971800006,7.8518626750000635],[99.86909869500005,7.8532797140000525],[99.86859790900007,7.85171938600007],[99.86470568400006,7.8532654220000495],[99.86424600700008,7.854594251000037],[99.86193752400004,7.85635005000006],[99.85784090600004,7.856116569000051],[99.85582423000005,7.8588990240000385],[99.85101751300004,7.858409735000066],[99.85128021000008,7.8595007030000374],[99.84539713900006,7.863697630000047],[99.84525269000005,7.8646289020000495],[99.84167205100005,7.864052405000052],[99.83782837600006,7.865119484000047],[99.83668037700005,7.861853113000052],[99.83444855500005,7.862509340000031],[99.83057072300005,7.861858826000059],[99.83051719400004,7.859776794000027],[99.82823779800003,7.856345840000074],[99.82672279100007,7.85509707500006],[99.82380979900006,7.851053439000054],[99.82548469700004,7.849914690000048],[99.82524331100007,7.845233518000043],[99.82588371900005,7.842539536000061],[99.82772656100008,7.839023790000056],[99.82764871400008,7.8374584480000635],[99.82572035100009,7.83411045400004],[99.82509875000005,7.83144820800004],[99.82209964800006,7.828702798000052],[99.82147699500007,7.825484440000025],[99.81856246700005,7.82092416100005],[99.81218956800006,7.81882911200006],[99.81039581100003,7.817047155000068],[99.80971677700006,7.814970368000047],[99.80976701500003,7.810579929000028],[99.80788521000005,7.808768857000075],[99.80527177700009,7.808042116000024],[99.79981260000005,7.807876863000047],[99.79819609300006,7.806650621000074],[99.79722171000009,7.803549943000064],[99.79448612600004,7.800276957000051],[99.79246126400005,7.800368559000049],[99.79006043100009,7.803417032000027],[99.78680785000006,7.806145115000049],[99.78320009600009,7.807293307000066],[99.77803271600004,7.806219886000065],[99.77246076100005,7.808571636000067],[99.76903186900006,7.811270648000061],[99.76695331800005,7.814142808000042],[99.76638288600009,7.8232173010000565],[99.76345199400004,7.825476343000048],[99.75585626400004,7.828797444000031],[99.75196518700005,7.831567132000032],[99.75247249900008,7.824153018000061],[99.75347542100008,7.8230646060000595],[99.75621041300008,7.822407736000059],[99.75626481600005,7.819002881000074],[99.75868524600008,7.811616074000028],[99.75769420000006,7.808872231000066],[99.75783550200003,7.805156080000074],[99.75984389900003,7.801988111000071],[99.76355514300008,7.800058322000041],[99.76396206600003,7.796777225000028],[99.76662097500008,7.795669588000067],[99.77066795600007,7.789316684000028],[99.77111655600004,7.784425160000069],[99.77059815500007,7.783149646000027],[99.76635440300004,7.780357354000046],[99.76554983600005,7.776838245000022],[99.76873793200008,7.773507203000065],[99.76703660300007,7.769533660000036],[99.76755736900009,7.768338611000047],[99.77336434900008,7.765619592000064],[99.77674325000004,7.7603832160000366],[99.77800102400005,7.759785562000047],[99.78332292800008,7.759603914000024],[99.78372030800006,7.757513951000021],[99.78112247000007,7.754499509000027],[99.78087029200003,7.753222613000048],[99.78320619000004,7.750184700000034],[99.78300016800006,7.747813360000066],[99.78493226500007,7.7465996760000735],[99.78784765600005,7.7435383280000565],[99.79077465500006,7.749766532000024],[99.79258086600004,7.754646527000034],[99.79444571100004,7.757124528000077],[99.80098933400006,7.75962411200004],[99.80282882300008,7.759380059000023],[99.80539539000006,7.76094740800005],[99.80822484400005,7.759168422000073],[99.81053093000008,7.756523194000067],[99.81396734300006,7.755358473000058],[99.81628385000005,7.755242134000071],[99.81984023000007,7.756497589000048],[99.82394348300005,7.758839561000059],[99.82659721700009,7.760963301000061],[99.82867178100008,7.760461316000033],[99.83085639700005,7.761732711000036],[99.83067387400007,7.760194445000025],[99.83189221400005,7.7578813390000505],[99.83671149600008,7.755393322000032],[99.83816299900008,7.751871234000021],[99.83769686300008,7.748755755000047],[99.84058513600007,7.747208375000071],[99.84304188300007,7.7485205050000445],[99.84439690500005,7.750318551000021],[99.84456191000004,7.753837922000059],[99.84656321300008,7.756054214000073],[99.84731264500004,7.760255794000045],[99.84971394600007,7.761568915000055],[99.85150432800003,7.76393734800007],[99.85291995200004,7.763088555000024],[99.85977366800006,7.763787138000055],[99.86435326000009,7.765718348000064],[99.86514905200005,7.7637539720000746],[99.86779438100007,7.763945224000054],[99.86971214100004,7.76489114900005],[99.87246285400005,7.763415767000026],[99.87602883300008,7.759537654000042],[99.87948240600008,7.7593301730000235],[99.88168808100005,7.761432135000064],[99.88373841600009,7.761283175000074],[99.88434642100003,7.7598460250000585],[99.88773731300006,7.759023628000023],[99.88785340100009,7.759833158000049],[99.89246498200004,7.759714982000048],[99.89330774200005,7.761124052000071],[99.89495005800006,7.760658665000051],[99.89635930600008,7.7626863690000505],[99.90024364200008,7.762456321000059]]]},"properties":{"Shape_Leng":0.71278408896,"Shape_Area":0.0110378069102,"ADM3_EN":"Ko Tao","ADM3_TH":"เกาะเต่า","ADM3_PCODE":"TH931003","ADM2_EN":"Pa Phayom","ADM2_TH":"ป่าพะยอม","ADM2_PCODE":"TH9310","ADM1_EN":"Phatthalung","ADM1_TH":"พัทลุง","ADM1_PCODE":"TH93","ADM0_EN":"Thailand","ADM0_TH":"ประเทศไทย","ADM0_PCODE":"TH"}},
{"type":"Feature","geometry":{"type":"Polygon","coordinates":[[[99.98887606600005,7.8467166240000665],[99.98334106800007,7.845188115000042],[99.97906015800004,7.843516367000063],[99.97536922000006,7.84392398500006],[99.97362843900004,7.8447389860000385],[99.96798837600005,7.844393038000021],[99.96802356400008,7.843554286000028],[99.95283120300007,7.838551946000052],[99.94910244700009,7.837466192000022],[99.94578356500006,7.837393589000044],[99.94184436300009,7.835937763000061],[99.93820901600009,7.836649128000033],[99.93247143600007,7.835366460000046],[99.93177139400007,7.8343163780000395],[99.92980603900008,7.835373979000053],[99.92894154300006,7.83269666800004],[99.92750160200006,7.832579334000059],[99.92796224700004,7.830420877000051],[99.92544247700005,7.830023488000052],[99.92262252400008,7.831506218000072],[99.92226209500006,7.833896515000049],[99.91811811900004,7.8343049740000765],[99.91786019200003,7.8356888040000285],[99.91615643800009,7.835490292000031],[99.91616885900004,7.833874652000077],[99.91365242200004,7.834218314000054],[99.90958204100008,7.833026829000062],[99.90350765500006,7.832893055000056],[99.90324684500007,7.8305934170000455],[99.89530848400005,7.814367106000077],[99.89523804100008,7.8123117060000595],[99.89651956900008,7.805135556000039],[99.89668041300007,7.801803836000033],[99.90384146700006,7.799707592000061],[99.90365938300005,7.791647892000071],[99.90298502700006,7.782465063000075],[99.90175794700008,7.781246449000037],[99.90124298200004,7.778640261000021],[99.90263209000005,7.776188273000059],[99.90305383300006,7.773615950000021],[99.90024364200008,7.762456321000059],[99.90215110900004,7.761367355000061],[99.90758055400005,7.7624118110000495],[99.90697626000008,7.766459945000065],[99.90885217900006,7.767269622000072],[99.91176185100005,7.770979943000043],[99.91646436300005,7.77780914300007],[99.91748970600008,7.780274709000025],[99.92082084000003,7.782724613000028],[99.92302939700005,7.782491981000021],[99.92411201900006,7.784750561000067],[99.92592063300003,7.786506797000072],[99.92726051900007,7.789975767000044],[99.93059818200004,7.791360144000066],[99.93249031200008,7.793925880000074],[99.93304295200005,7.796219138000026],[99.93508050900004,7.795423528000072],[99.93719167100005,7.795956949000072],[99.93887631300004,7.795325450000064],[99.94364009800006,7.795817717000034],[99.94518392300006,7.7968391960000645],[99.94615908800006,7.799191142000041],[99.94797665300007,7.800541897000073],[99.94888933200008,7.799383611000053],[99.94962519800004,7.80099301000007],[99.95246632600004,7.800509396000052],[99.95478633900007,7.802486750000071],[99.95732792200005,7.801619432000052],[99.95951257500008,7.801970007000023],[99.96055291500005,7.799065843000051],[99.96403996400005,7.797370003000026],[99.96694770400006,7.799342747000026],[99.97056674800007,7.79814820200005],[99.97517444400006,7.797835514000042],[99.97596535600007,7.798043119000056],[99.97579211000004,7.800932424000052],[99.97817354600005,7.802380176000042],[99.98063042200005,7.802035661000048],[99.98661635600007,7.824195872000075],[99.98788629800003,7.825561693000054],[99.98721278000005,7.827220932000046],[99.98880272800005,7.828081646000044],[99.98987604300004,7.830798657000059],[99.99063798800006,7.835885289000032],[99.98970009800007,7.844121803000064],[99.99402224000005,7.844795308000073],[99.99293683700006,7.846162794000065],[99.98887606600005,7.8467166240000665]]]},"properties":{"Shape_Leng":0.392897580641,"Shape_Area":0.00405254109917,"ADM3_EN":"Ban Phrao","ADM3_TH":"บ้านพร้าว","ADM3_PCODE":"TH931004","ADM2_EN":"Pa Phayom","ADM2_TH":"ป่าพะยอม","ADM2_PCODE":"TH9310","ADM1_EN":"Phatthalung","ADM1_TH":"พัทลุง","ADM1_PCODE":"TH93","ADM0_EN":"Thailand","ADM0_TH":"ประเทศไทย","ADM0_PCODE":"TH"}},
{"type":"Feature","geometry":{"type":"Polygon","coordinates":[[[99.98717770000007,7.638339728000062],[99.98521853600005,7.640393849000077],[99.98556340900006,7.641580914000031],[99.98241530000007,7.641799220000053],[99.98132041800005,7.643017189000034],[99.97951305700008,7.641924801000073],[99.97737852000006,7.643030363000037],[99.97629575600007,7.642375323000067],[99.97458465300008,7.644343854000056],[99.97438850800006,7.647019396000076],[99.97122346900005,7.647315324000033],[99.97047298700005,7.646464429000048],[99.96927260000007,7.648391034000042],[99.96680157200007,7.647850465000033],[99.96595380600007,7.646189501000038],[99.96083716000004,7.649099899000021],[99.95939906800004,7.6472832700000595],[99.95812636200009,7.648339080000028],[99.95605888700004,7.648035814000025],[99.95643296000009,7.646699540000043],[99.95453380300006,7.646244801000023],[99.95351646600005,7.647192276000055],[99.95104447600005,7.64694920200003],[99.94778588000008,7.644297686000073],[99.94672580200006,7.645098800000028],[99.94420369300008,7.641796877000047],[99.94176520300005,7.641253782000035],[99.94097174100006,7.632995613000048],[99.93912567400008,7.63341323700007],[99.93582250800006,7.630774910000071],[99.93403690900004,7.632598157000075],[99.93000916600005,7.630228159000069],[99.92876247700008,7.630882848000056],[99.92529352600008,7.629962844000033],[99.92454815800005,7.631206949000045],[99.92001933500006,7.6314585470000225],[99.91865064400008,7.6275505020000764],[99.91119699700005,7.624647930000037],[99.90947130000006,7.622955231000049],[99.90833335900004,7.6205056210000635],[99.90895482400003,7.615032314000075],[99.90767605600007,7.610206055000049],[99.90524089500008,7.6082387030000405],[99.90344100600004,7.609834560000024],[99.90039922100004,7.610615926000037],[99.89991622300005,7.609145542000022],[99.89774112400005,7.608951192000063],[99.89301223100006,7.606772425000031],[99.89391371600004,7.604096389000063],[99.89640999800008,7.602983800000061],[99.89651445200008,7.600528392000058],[99.89843254400006,7.599501473000032],[99.90211899600007,7.599040466000076],[99.90584022500008,7.597729967000021],[99.91449400700009,7.592945332000056],[99.91484422400003,7.588518837000038],[99.91570776700007,7.5856478120000475],[99.91819322400005,7.5845311310000625],[99.91887696100008,7.586856605000037],[99.92139732700008,7.588535339000032],[99.92396369800008,7.5886771880000765],[99.92584754300003,7.587504792000061],[99.92661796000004,7.58540073000006],[99.92621997800006,7.583001710000076],[99.92866246100004,7.584144170000059],[99.93224110800008,7.584222268000076],[99.93363928200006,7.583593715000063],[99.93483031000005,7.580094025000051],[99.93311906700006,7.578381019000062],[99.93406580500005,7.577365404000034],[99.93259848600007,7.575472252000054],[99.93343385900005,7.5740950680000765],[99.93599077900006,7.573255618000076],[99.94056341200007,7.57342026200007],[99.93954588900004,7.570238011000072],[99.93658718300009,7.5672036280000725],[99.93418283600005,7.566030976000036],[99.93395663000007,7.564428649000035],[99.93647051000005,7.5616015350000225],[99.93926619700005,7.559773471000028],[99.94047692900006,7.560237536000045],[99.94265162700003,7.557875074000037],[99.94466247700007,7.557587111000032],[99.94682473200004,7.5593287840000585],[99.94636750900008,7.56336691100006],[99.94792621000005,7.567046733000041],[99.94797995500005,7.568551839000065],[99.95090124200004,7.569730395000022],[99.95389300400007,7.5694041430000425],[99.95594795300008,7.570505518000061],[99.95623605200007,7.573371087000055],[99.95866414000005,7.573692655000059],[99.95880296900003,7.575496380000061],[99.96077464800004,7.574405297000055],[99.96398642400004,7.576032693000059],[99.96595061500005,7.574323566000032],[99.96823154100008,7.575288897000064],[99.97161806500009,7.57429638900004],[99.97161233500003,7.577615364000053],[99.97041260800006,7.5784692620000556],[99.97038896100008,7.580933435000077],[99.97289131800005,7.583303043000058],[99.97978818400009,7.5859355620000315],[99.98771451400006,7.587683640000023],[99.98705900600004,7.591598890000057],[99.98689840200007,7.601467348000028],[99.98619957200003,7.6142284500000414],[99.98613073100006,7.628063786000041],[99.98717770000007,7.638339728000062]]]},"properties":{"Shape_Leng":0.425096239945,"Shape_Area":0.00483297986935,"ADM3_EN":"Chumphon","ADM3_TH":"ชุมพล","ADM3_PCODE":"TH931101","ADM2_EN":"Srinagarindra","ADM2_TH":"ศรีนครินทร์","ADM2_PCODE":"TH9311","ADM1_EN":"Phatthalung","ADM1_TH":"พัทลุง","ADM1_PCODE":"TH93","ADM0_EN":"Thailand","ADM0_TH":"ประเทศไทย","ADM0_PCODE":"TH"}},
{"type":"Feature","geometry":{"type":"Polygon","coordinates":[[[99.80066455200006,7.597793920000072],[99.79835267200008,7.5952581630000395],[99.79864572200006,7.594430937000027],[99.79690365200008,7.590823080000064],[99.79886780100009,7.587626422000028],[99.79916510200007,7.583992250000051],[99.80359846600004,7.5828584960000285],[99.80602513600007,7.578143262000026],[99.80778890400006,7.576254081000059],[99.81254516600006,7.573281655000073],[99.81759111800005,7.565407168000036],[99.82067736700009,7.562998230000062],[99.82149195200009,7.559015810000062],[99.82735535900008,7.552435338000066],[99.83634091600004,7.549493985000026],[99.83658217200008,7.546509876000073],[99.83581191300004,7.544798998000033],[99.83726114800004,7.541306658000053],[99.82920705500004,7.532372632000033],[99.82945444700005,7.527062844000056],[99.82501383600004,7.523469423000051],[99.82077487500004,7.522995663000074],[99.81869581600006,7.521446819000062],[99.81899904800008,7.519801332000043],[99.82152148700004,7.5174512620000655],[99.82163669700009,7.514561569000023],[99.82041722800005,7.512598021000031],[99.82245511600007,7.508768669000062],[99.82382514700004,7.50755199300005],[99.83353137300008,7.503257999000027],[99.84516110600003,7.5000455020000345],[99.84768437600007,7.5002085090000605],[99.85402882500006,7.504840425000054],[99.85812887800006,7.508525407000036],[99.86065274600008,7.508968106000054],[99.86519146400008,7.507616292000023],[99.86743588300004,7.508507128000076],[99.87563319000009,7.514310063000039],[99.87772390700007,7.516085632000056],[99.88141461700008,7.517543810000063],[99.88879523000008,7.514070550000042],[99.89529318100006,7.5177658990000396],[99.89875641100008,7.5180308760000685],[99.90284079700007,7.5159097880000445],[99.90553239300004,7.512866192000047],[99.90904604400004,7.512992719000067],[99.91208786800007,7.513740386000052],[99.91273658600005,7.517095690000076],[99.91452171500003,7.519049722000034],[99.91359051200004,7.523254091000069],[99.91464882200006,7.525317068000049],[99.91407697300008,7.530197142000077],[99.91703770700008,7.5318143150000765],[99.92014192900007,7.530808667000031],[99.91963656900003,7.526799881000045],[99.92072893500006,7.525460373000044],[99.92696558500006,7.522666718000039],[99.92970118700003,7.523706660000073],[99.93079178500005,7.525986984000042],[99.92630577900007,7.534347904000072],[99.92657868200007,7.536253286000033],[99.92900985400007,7.5384425960000385],[99.92922109800008,7.5418482950000225],[99.92833510900005,7.542866184000047],[99.92402118000007,7.544799248000061],[99.92072225400005,7.548682890000066],[99.91991916500007,7.5531708210000374],[99.92101087200007,7.5532313850000605],[99.92132118200004,7.556129672000054],[99.92520893000005,7.555030645000045],[99.92717863400009,7.557709157000033],[99.92620885700006,7.558677648000071],[99.92650133800004,7.560717591000071],[99.92530060300004,7.565659038000035],[99.92616825200008,7.5681266500000675],[99.92818585100008,7.5692150130000755],[99.92908212400005,7.571607638000046],[99.92917794100003,7.575553765000052],[99.92513500600006,7.578853493000054],[99.92363452500007,7.580788587000029],[99.92447104800004,7.5841870150000545],[99.92427886500008,7.5868560330000605],[99.92195137400006,7.587347300000033],[99.92139732700008,7.588535339000032],[99.91887696100008,7.586856605000037],[99.91819322400005,7.5845311310000625],[99.91570776700007,7.5856478120000475],[99.91484422400003,7.588518837000038],[99.91449400700009,7.592945332000056],[99.90584022500008,7.597729967000021],[99.90211899600007,7.599040466000076],[99.89843254400006,7.599501473000032],[99.89651445200008,7.600528392000058],[99.89640999800008,7.602983800000061],[99.89391371600004,7.604096389000063],[99.89301223100006,7.606772425000031],[99.89172575900005,7.609211078000044],[99.88555226100004,7.613926905000028],[99.88315444600005,7.614807558000052],[99.88074667000006,7.614797629000066],[99.87946600000004,7.616539577000026],[99.87750380000006,7.617088574000036],[99.87925448700008,7.622078069000054],[99.87499725300006,7.625779605000048],[99.87160277000004,7.626153671000054],[99.86878267700007,7.624259349000056],[99.86333314500007,7.618922446000056],[99.86203005000004,7.615095588000031],[99.85884346000006,7.613154389000044],[99.85694447300006,7.61040190500006],[99.85202291900004,7.606276824000076],[99.84856718700007,7.604232997000054],[99.84497338200003,7.599738633000072],[99.84316272900008,7.599077588000057],[99.83392214700007,7.603618739000069],[99.83223206900004,7.601680546000068],[99.82721600600007,7.599927514000058],[99.82444216900006,7.598315826000032],[99.81669498600007,7.600742962000027],[99.81118706600006,7.597014201000036],[99.80548499200006,7.595289309000066],[99.80350727800004,7.597644196000033],[99.80066455200006,7.597793920000072]]]},"properties":{"Shape_Leng":0.529503216229,"Shape_Area":0.00996901031609,"ADM3_EN":"Ban Na","ADM3_TH":"บ้านนา","ADM3_PCODE":"TH931102","ADM2_EN":"Srinagarindra","ADM2_TH":"ศรีนครินทร์","ADM2_PCODE":"TH9311","ADM1_EN":"Phatthalung","ADM1_TH":"พัทลุง","ADM1_PCODE":"TH93","ADM0_EN":"Thailand","ADM0_TH":"ประเทศไทย","ADM0_PCODE":"TH"}},
{"type":"Feature","geometry":{"type":"Polygon","coordinates":[[[99.97161806500009,7.57429638900004],[99.96823154100008,7.575288897000064],[99.96595061500005,7.574323566000032],[99.96398642400004,7.576032693000059],[99.96077464800004,7.574405297000055],[99.95880296900003,7.575496380000061],[99.95866414000005,7.573692655000059],[99.95623605200007,7.573371087000055],[99.95594795300008,7.570505518000061],[99.95389300400007,7.5694041430000425],[99.95090124200004,7.569730395000022],[99.94797995500005,7.568551839000065],[99.94792621000005,7.567046733000041],[99.94636750900008,7.56336691100006],[99.94682473200004,7.5593287840000585],[99.94682655600008,7.558271147000028],[99.94958533800008,7.554392643000028],[99.95186759100005,7.552748551000036],[99.95413197000005,7.545828373000063],[99.95537445100007,7.547127425000042],[99.95792070100003,7.546119377000025],[99.96051598500009,7.546276342000056],[99.96862317400007,7.541937055000062],[99.97159710000005,7.538956098000028],[99.97109759200004,7.533955320000075],[99.97006483300004,7.530285613000046],[99.97183139800006,7.526449716000059],[99.96945914100007,7.525454305000039],[99.96861022900003,7.523571218000029],[99.96624406300003,7.522094854000045],[99.96508546000007,7.5223629400000505],[99.96440992700008,7.518899741000041],[99.96402320800007,7.510522854000044],[99.96872329900003,7.511196007000024],[99.97449525900004,7.511288204000039],[99.98112548000006,7.513751672000069],[99.98298361200006,7.515676301000042],[99.98477090300008,7.516132101000039],[99.98629717500006,7.519869140000026],[99.98838873700004,7.520554893000053],[99.98904785300005,7.5299198140000385],[99.98826837600006,7.543771283000069],[99.98797815500006,7.553888614000073],[99.98717457200007,7.562304285000039],[99.99235661000006,7.572093211000038],[99.98603956300008,7.573176040000021],[99.97972504300009,7.576463016000048],[99.97600015300009,7.575838969000074],[99.97161806500009,7.57429638900004]]]},"properties":{"Shape_Leng":0.220536260075,"Shape_Area":0.00177112164363,"ADM3_EN":"Ang Thong","ADM3_TH":"อ่างทอง","ADM3_PCODE":"TH931103","ADM2_EN":"Srinagarindra","ADM2_TH":"ศรีนครินทร์","ADM2_PCODE":"TH9311","ADM1_EN":"Phatthalung","ADM1_TH":"พัทลุง","ADM1_PCODE":"TH93","ADM0_EN":"Thailand","ADM0_TH":"ประเทศไทย","ADM0_PCODE":"TH"}},
{"type":"Feature","geometry":{"type":"Polygon","coordinates":[[[99.95278707700004,7.50921164500005],[99.95455277300005,7.512495836000028],[99.95689860600004,7.515163820000055],[99.96326683300003,7.519908569000052],[99.96508546000007,7.5223629400000505],[99.96624406300003,7.522094854000045],[99.96861022900003,7.523571218000029],[99.96945914100007,7.525454305000039],[99.97183139800006,7.526449716000059],[99.97006483300004,7.530285613000046],[99.97109759200004,7.533955320000075],[99.97159710000005,7.538956098000028],[99.96862317400007,7.541937055000062],[99.96051598500009,7.546276342000056],[99.95792070100003,7.546119377000025],[99.95537445100007,7.547127425000042],[99.95413197000005,7.545828373000063],[99.95186759100005,7.552748551000036],[99.94958533800008,7.554392643000028],[99.94682655600008,7.558271147000028],[99.94682473200004,7.5593287840000585],[99.94466247700007,7.557587111000032],[99.94265162700003,7.557875074000037],[99.94047692900006,7.560237536000045],[99.93926619700005,7.559773471000028],[99.93647051000005,7.5616015350000225],[99.93395663000007,7.564428649000035],[99.93418283600005,7.566030976000036],[99.93658718300009,7.5672036280000725],[99.93954588900004,7.570238011000072],[99.94056341200007,7.57342026200007],[99.93599077900006,7.573255618000076],[99.93343385900005,7.5740950680000765],[99.93259848600007,7.575472252000054],[99.93406580500005,7.577365404000034],[99.93311906700006,7.578381019000062],[99.93483031000005,7.580094025000051],[99.93363928200006,7.583593715000063],[99.93224110800008,7.584222268000076],[99.92866246100004,7.584144170000059],[99.92621997800006,7.583001710000076],[99.92661796000004,7.58540073000006],[99.92584754300003,7.587504792000061],[99.92396369800008,7.5886771880000765],[99.92139732700008,7.588535339000032],[99.92195137400006,7.587347300000033],[99.92427886500008,7.5868560330000605],[99.92447104800004,7.5841870150000545],[99.92363452500007,7.580788587000029],[99.92513500600006,7.578853493000054],[99.92917794100003,7.575553765000052],[99.92908212400005,7.571607638000046],[99.92818585100008,7.5692150130000755],[99.92616825200008,7.5681266500000675],[99.92530060300004,7.565659038000035],[99.92650133800004,7.560717591000071],[99.92620885700006,7.558677648000071],[99.92717863400009,7.557709157000033],[99.92520893000005,7.555030645000045],[99.92132118200004,7.556129672000054],[99.92101087200007,7.5532313850000605],[99.91991916500007,7.5531708210000374],[99.92072225400005,7.548682890000066],[99.92402118000007,7.544799248000061],[99.92833510900005,7.542866184000047],[99.92922109800008,7.5418482950000225],[99.92900985400007,7.5384425960000385],[99.92657868200007,7.536253286000033],[99.92630577900007,7.534347904000072],[99.93079178500005,7.525986984000042],[99.92970118700003,7.523706660000073],[99.92696558500006,7.522666718000039],[99.92072893500006,7.525460373000044],[99.91963656900003,7.526799881000045],[99.92014192900007,7.530808667000031],[99.91703770700008,7.5318143150000765],[99.91407697300008,7.530197142000077],[99.91464882200006,7.525317068000049],[99.91359051200004,7.523254091000069],[99.91452171500003,7.519049722000034],[99.91273658600005,7.517095690000076],[99.91208786800007,7.513740386000052],[99.90904604400004,7.512992719000067],[99.90553239300004,7.512866192000047],[99.90284079700007,7.5159097880000445],[99.89875641100008,7.5180308760000685],[99.89529318100006,7.5177658990000396],[99.88879523000008,7.514070550000042],[99.88141461700008,7.517543810000063],[99.87772390700007,7.516085632000056],[99.87563319000009,7.514310063000039],[99.86743588300004,7.508507128000076],[99.86519146400008,7.507616292000023],[99.86065274600008,7.508968106000054],[99.85812887800006,7.508525407000036],[99.85402882500006,7.504840425000054],[99.84768437600007,7.5002085090000605],[99.84516110600003,7.5000455020000345],[99.83353137300008,7.503257999000027],[99.83441895100003,7.501057495000055],[99.83708789100007,7.499599385000067],[99.84180536000008,7.499339033000069],[99.84284468600003,7.498482458000069],[99.84286896900005,7.495030634000045],[99.84599500400009,7.4904855800000405],[99.84853857500008,7.487852459000067],[99.85077484900006,7.486656569000047],[99.85250104100004,7.484091344000035],[99.85376168300007,7.480037545000073],[99.85330435000009,7.478573002000076],[99.85001431700005,7.476718842000025],[99.84946169600005,7.473659219000069],[99.85013342400003,7.47307356500005],[99.85270547600004,7.474583778000067],[99.85400973800006,7.476638410000021],[99.85745647700008,7.477817536000032],[99.86012710400007,7.4805383980000215],[99.86166358700007,7.480797867000035],[99.86700739200006,7.483706374000064],[99.86989014700004,7.482998019000036],[99.87680107600005,7.478279680000071],[99.88008826300006,7.476866251000047],[99.88204585100004,7.47681582000007],[99.88703021900005,7.480622376000042],[99.88823959800004,7.482915595000065],[99.89113660400005,7.484622092000052],[99.89273677400007,7.484703877000072],[99.89398190900005,7.486463627000035],[99.89564921200008,7.486531133000028],[99.89856848800008,7.48843542700007],[99.90085110800004,7.486617835000061],[99.90478036300004,7.4892461380000555],[99.90597547600004,7.492274307000059],[99.90769140200007,7.49198861800005],[99.90656244200005,7.489735599000028],[99.90752914000007,7.488583605000031],[99.91136647300004,7.489263152000035],[99.91329273100007,7.497525240000073],[99.91680662000005,7.4982253130000345],[99.91885486900009,7.5009124010000505],[99.92099600900008,7.5021800450000455],[99.92258204200004,7.501691028000039],[99.92326628500007,7.498815980000074],[99.92618914300004,7.498917243000051],[99.92690768600005,7.50311464300006],[99.92832119300004,7.505163592000031],[99.93171641200007,7.507848353000043],[99.93381416300008,7.5109441130000505],[99.93712306200007,7.513357332000055],[99.93946613700007,7.512418590000038],[99.93953183600007,7.5143944860000715],[99.94504925700005,7.514723691000029],[99.94555658300004,7.5136743370000545],[99.95018991200004,7.512968948000037],[99.95278707700004,7.50921164500005]]]},"properties":{"Shape_Leng":0.577971244841,"Shape_Area":0.00427945547263,"ADM3_EN":"Lam Sin","ADM3_TH":"ลำสินธุ์","ADM3_PCODE":"TH931104","ADM2_EN":"Srinagarindra","ADM2_TH":"ศรีนครินทร์","ADM2_PCODE":"TH9311","ADM1_EN":"Phatthalung","ADM1_TH":"พัทลุง","ADM1_PCODE":"TH93","ADM0_EN":"Thailand","ADM0_TH":"ประเทศไทย","ADM0_PCODE":"TH"}}
]}