{"type":"FeatureCollection", "features": [
{"type":"Feature","geometry":{"type":"Polygon","coordinates":[[[101.14939380100009,16.438011352000046],[101.14512060100009,16.43832819200003],[101.14368245500003,16.43660291900005],[101.14691191600008,16.435720897000067],[101.14730178400004,16.429497655000034],[101.14829547100004,16.426428960000067],[101.15066755600009,16.42392985400005],[101.14893547200006,16.42261138200007],[101.14551426800006,16.42471476700007],[101.14108273000005,16.428573862000064],[101.13953978400008,16.42897492000003],[101.13652895100006,16.428189127000053],[101.13586729300005,16.428510869000036],[101.13418360600008,16.42028342800006],[101.14825177300008,16.41498810400003],[101.14474926600008,16.41097913300007],[101.14695913700007,16.409726163000073],[101.14678246400007,16.408910329000037],[101.14958870000004,16.406220679000057],[101.15334083700009,16.410194803000024],[101.15383654000004,16.411693335000052],[101.16668864900004,16.401855259000058],[101.16903074500004,16.40070655100004],[101.16877648400003,16.402491704000056],[101.17010965200006,16.40302110700003],[101.17234467300005,16.40724543600004],[101.17011489200007,16.408261828000036],[101.16869833200008,16.41106624500003],[101.16986970700003,16.41327033600004],[101.16996081700006,16.415546017000054],[101.16794986300005,16.41891817100003],[101.16638721200007,16.418649696000045],[101.16708775400008,16.419989987000065],[101.16613753000007,16.42941037500003],[101.16185987300008,16.429375563000065],[101.16160341300008,16.427397530000064],[101.16002865700005,16.426911847000042],[101.15879837500006,16.42782240100007],[101.15883304400006,16.43079751600004],[101.15687733900006,16.431386864000046],[101.15682045700004,16.433227233000025],[101.15901213100005,16.43498204800005],[101.15896519600005,16.43620415600003],[101.15314964200007,16.435401812000066],[101.15276607500005,16.438161905000072],[101.14939380100009,16.438011352000046]]]},"properties":{"Shape_Leng":0.174765964405,"Shape_Area":0.000685647414133,"ADM3_EN":"Nai Mueang","ADM3_TH":"ในเมือง","ADM3_PCODE":"TH670101","ADM2_EN":"Mueang Phetchabun","ADM2_TH":"เมืองเพชรบูรณ์","ADM2_PCODE":"TH6701","ADM1_EN":"Phetchabun","ADM1_TH":"เพชรบูรณ์","ADM1_PCODE":"TH67","ADM0_EN":"Thailand","ADM0_TH":"ประเทศไทย","ADM0_PCODE":"TH"}},
{"type":"Feature","geometry":{"type":"Polygon","coordinates":[[[101.39291008200007,16.37281520500005],[101.38806117300004,16.374763055000074],[101.38479736800008,16.372899138000037],[101.38160375600006,16.37245986000005],[101.37977629200009,16.374532233000025],[101.37864986300008,16.374796471000025],[101.36939315500007,16.37477367300005],[101.36626648700008,16.37448868000007],[101.36241516100006,16.373466437000047],[101.36000501700005,16.374315796000076],[101.35795450200004,16.377984298000058],[101.35538743300003,16.376933309000037],[101.35316549100008,16.377120754000032],[101.35178292300009,16.374663853000072],[101.34739019300008,16.375671579000027],[101.34426597000004,16.37859364700006],[101.33955840700008,16.379753294000068],[101.33455169700005,16.38018174000007],[101.33273196900006,16.38130690500003],[101.32980337000004,16.379944134000027],[101.32998142200006,16.376646752000056],[101.32791068100005,16.375012913000035],[101.32392022300007,16.374868710000044],[101.32141972600004,16.377112888000056],[101.31800574000005,16.377576084000054],[101.31252622200009,16.376968246000047],[101.31013122200005,16.375379145000068],[101.30761888700005,16.376203831000055],[101.30586226100007,16.374259119000044],[101.30482067300005,16.376165427000046],[101.30283625300007,16.37657398400006],[101.30103536800004,16.377989067000044],[101.29894012000005,16.377226128000075],[101.29701020600004,16.377331752000032],[101.29411756000007,16.37548300800006],[101.29261030600009,16.376779835000036],[101.29094028900005,16.37687843300006],[101.29017430000005,16.37551951000006],[101.28714458000007,16.376272372000074],[101.28631589400004,16.37474045500005],[101.28489671300008,16.374130937000075],[101.28400624600005,16.37235374900007],[101.28062697300004,16.371063304000074],[101.27996223900004,16.369740378000074],[101.27708692300007,16.370172066000066],[101.27283960800008,16.369092247000026],[101.27248460700008,16.367840095000076],[101.27033343600004,16.365581081000073],[101.26425229500006,16.36427024900007],[101.26273964300003,16.365502503000073],[101.26248031600005,16.367059593000022],[101.26022603600006,16.366507213000034],[101.25945719500004,16.367382666000026],[101.25571088600009,16.36918253300007],[101.25514351900006,16.370046029000036],[101.25257999300004,16.370802489000027],[101.24883701900006,16.37057413900004],[101.24365311600008,16.36798649600007],[101.23870190100007,16.364940605000072],[101.22175268200004,16.359207972000036],[101.21411470100009,16.356160230000057],[101.21194653500004,16.35603253100004],[101.21065338100004,16.356799721000073],[101.20937136000003,16.35478917300003],[101.20915306300009,16.350892651000038],[101.20753900800008,16.34093602200005],[101.20600841400005,16.33677999100007],[101.20397202200007,16.33360844300006],[101.20462423900005,16.33245731100004],[101.20766512700004,16.329586119000055],[101.21238291800006,16.325839420000023],[101.21961054500008,16.320638217000067],[101.22099837600007,16.319376668000075],[101.22744252200005,16.308480126000063],[101.22877906700006,16.305301618000044],[101.22977568200008,16.301744633000055],[101.22233402400008,16.299470315000065],[101.22154134000004,16.29880021400004],[101.21946976600003,16.295055282000078],[101.21610815000008,16.29087757900004],[101.21570637000008,16.289781319000042],[101.21771381200006,16.285105334000036],[101.21780702100006,16.280450401000053],[101.21615873900004,16.277492921000032],[101.21453151300005,16.275628133000055],[101.21802498500006,16.27620870800007],[101.22910605900006,16.280802062000078],[101.23330289100005,16.283623916000067],[101.23610993700004,16.284258830000056],[101.23978597800004,16.28294333200006],[101.24500917000006,16.278747287000044],[101.24530457600008,16.27296513500005],[101.24654961400006,16.267307483000025],[101.24821184600006,16.26503206600006],[101.24964078500005,16.258332780000046],[101.25076467100007,16.256758261000073],[101.25392874400006,16.255835669000078],[101.25738264800003,16.25590210400003],[101.26027971600007,16.254467943000066],[101.26373391100009,16.257041576000063],[101.26852653400005,16.258341974000075],[101.27317835000008,16.258462183000063],[101.27633606800003,16.260533241000076],[101.27784636600006,16.26205246400002],[101.28191568400007,16.264245181000035],[101.28576206200006,16.264506703000052],[101.29170872000009,16.263791123000033],[101.29387604200008,16.264428598000052],[101.29595113500005,16.26378287500006],[101.30086574600006,16.263619067000036],[101.30660878700007,16.26586010500006],[101.30837346600003,16.265911859000028],[101.31216215500007,16.263642614000048],[101.31353971200008,16.26423920700006],[101.31803943800008,16.264316558000075],[101.31980993700006,16.264865151000038],[101.32185903000004,16.263771621000046],[101.32357454000004,16.263927299000045],[101.32517473500008,16.265013977000024],[101.32585946600005,16.264341909000052],[101.32855052300005,16.26587804600007],[101.33015091700008,16.26876743300005],[101.33192921800008,16.269544401000076],[101.33305717300004,16.270912961000022],[101.33556369300004,16.271789952000063],[101.33700570200006,16.27107601000006],[101.33874103000005,16.27153101300007],[101.34048098800008,16.269144966000056],[101.34258998100006,16.268413467000073],[101.34481747000007,16.27012072200006],[101.34694374300005,16.26840432700004],[101.35037969600006,16.267795524000064],[101.35203306600005,16.26880007400007],[101.35264084800008,16.27085193000005],[101.35531605100005,16.27381896600002],[101.36054989700006,16.27239021400004],[101.36195873100007,16.27272092800007],[101.36568617700004,16.27499683600007],[101.37040931100006,16.275789904000078],[101.37000041000005,16.276663212000074],[101.37103051600008,16.280279712000038],[101.36933570000008,16.28284054900007],[101.36827645400007,16.283567280000057],[101.36816089300004,16.286306697000043],[101.36911456900003,16.286929203000057],[101.36854059200004,16.290440378000028],[101.36772145900005,16.292069608000077],[101.36785961500004,16.294394278000027],[101.36943378500007,16.29781273800006],[101.37346793700004,16.301751823000075],[101.37371746300005,16.305547038000043],[101.37512381200008,16.307221457000026],[101.37493484200007,16.311092366000025],[101.37586349700007,16.313146068000037],[101.37786112900005,16.31526794900003],[101.37929150800005,16.31838875400007],[101.37868441200004,16.32130281600007],[101.37664234800008,16.322880938000026],[101.37644845700004,16.32439159100005],[101.37750820200006,16.325906744000065],[101.37827293500004,16.328542602000027],[101.37643679200005,16.329811048000067],[101.37697928400007,16.331611378000048],[101.37712243900006,16.33623975200004],[101.37765753400004,16.33972857400005],[101.37883486400005,16.34271313200003],[101.37872605200005,16.34536156100006],[101.37740254600004,16.34657908500003],[101.37776421700005,16.34854180600007],[101.38227607800007,16.35460534400005],[101.38163549900008,16.358289424000077],[101.38432772600004,16.361709606000034],[101.38830086400009,16.363968106000073],[101.39161256500006,16.365054158000078],[101.39326662400003,16.36677080000004],[101.39291008200007,16.37281520500005]]]},"properties":{"Shape_Leng":0.632034602464,"Shape_Area":0.0167280383202,"ADM3_EN":"Tabo","ADM3_TH":"ตะเบาะ","ADM3_PCODE":"TH670102","ADM2_EN":"Mueang Phetchabun","ADM2_TH":"เมืองเพชรบูรณ์","ADM2_PCODE":"TH6701","ADM1_EN":"Phetchabun","ADM1_TH":"เพชรบูรณ์","ADM1_PCODE":"TH67","ADM0_EN":"Thailand","ADM0_TH":"ประเทศไทย","ADM0_PCODE":"TH"}},
{"type":"Feature","geometry":{"type":"Polygon","coordinates":[[[101.10952383700004,16.38192986400003],[101.10813308700006,16.38284840800003],[101.10641695500004,16.382906508000076],[101.10521488900008,16.384541025000033],[101.10262302600006,16.384564757000078],[101.10245074400007,16.388465308000036],[101.10087904200009,16.38869985100007],[101.09733437800008,16.390792753000028],[101.09771771600003,16.391976284000066],[101.09571766200008,16.394945519000032],[101.09286385900003,16.395417912000028],[101.09258112400005,16.397046484000043],[101.08994538500008,16.397723017000033],[101.08910018000006,16.398850691000064],[101.08449700000006,16.39800613600005],[101.08276476000003,16.396505716000036],[101.08198340400008,16.39254704500007],[101.07999641800006,16.390743146000034],[101.07788203400008,16.389929820000077],[101.07460184400009,16.38937080200003],[101.07282646400006,16.389534789000038],[101.06902318200008,16.38770631600005],[101.06795237000006,16.38911859700005],[101.06574927300005,16.389558257000033],[101.06572561100006,16.391664270000035],[101.06468017400005,16.393786576000025],[101.06346578000006,16.393255354000075],[101.06110252700006,16.393961713000067],[101.06046521200005,16.395438411000043],[101.05792133000006,16.39708379900003],[101.05769059300007,16.398019262000048],[101.05532367400008,16.39797338900007],[101.05363894700008,16.40050859400003],[101.05026617400006,16.40205155900003],[101.04720137800007,16.405309484000043],[101.04485867300008,16.40554521000007],[101.04440063800007,16.403073016000064],[101.04107303000006,16.404499800000053],[101.03800135600005,16.407125282000038],[101.03331058200007,16.40787514300007],[101.03110536100007,16.407148651000057],[101.02739338900005,16.407814940000037],[101.02486826300009,16.407247468000037],[101.02246280400004,16.408952099000032],[101.01944085900004,16.409602706000044],[101.01627497000004,16.40681040100003],[101.01303582600008,16.406636159000072],[101.00507009200004,16.40361001800005],[101.00212234600008,16.40116371700003],[101.00058567400004,16.398473915000068],[100.99904024600005,16.393665012000042],[100.99546368100005,16.39066331500004],[100.99179312200005,16.386180505000027],[100.98863561600007,16.381853961000047],[100.98481401600009,16.37796428300004],[100.98890548000008,16.373254406000058],[100.99108091100004,16.369540662000077],[100.99348896000004,16.366390144000036],[100.99394406500005,16.364839627000038],[100.99285399300004,16.360458820000076],[100.99286453600007,16.35838321700004],[100.99409321000007,16.35509967200005],[100.99404461500006,16.352938625000036],[100.99257751500005,16.35181496100006],[100.99160639800004,16.349037516000067],[100.98813670800007,16.346208947000036],[100.98551679100007,16.342598460000033],[100.98338157500007,16.34064300500006],[100.98145390100007,16.340324783000028],[100.98025593100004,16.337670524000032],[100.98054396400005,16.33652795200004],[100.97808104300003,16.333980032000056],[100.97624250900009,16.330988373000025],[100.97322695500009,16.32879635100005],[100.97294372900006,16.326595459000032],[100.97201338500008,16.324628378000057],[100.97304071300005,16.32162656500003],[100.97125027500005,16.320200644000067],[100.97102358200004,16.31905150800003],[100.96661538900008,16.319223715000078],[100.96554580900005,16.31754113200003],[100.96390106100006,16.317577050000068],[100.96039556500006,16.31536752200003],[100.96267903300009,16.315396774000078],[100.96515366000006,16.316141092000066],[100.96720882500006,16.316086703000053],[100.97827415400008,16.31459691400005],[100.98129007600005,16.315252937000025],[100.98549437800006,16.315115683000045],[100.98640288300004,16.313036457000067],[100.98852221200008,16.31046662700004],[100.99326010600004,16.30655146600003],[100.99991259700005,16.30071845300006],[101.00241070900006,16.299609993000047],[101.00850760700007,16.29894247200002],[101.01249795500007,16.29948316100007],[101.01556993600008,16.300877743000058],[101.02019665300008,16.30033955300007],[101.02549866500004,16.299191257000075],[101.03027916600007,16.29952829900003],[101.03624418600003,16.29927962100004],[101.03716258200006,16.303348897000035],[101.03917296000009,16.30291481200004],[101.04183728100008,16.304228843000033],[101.04278757300006,16.306633910000073],[101.04443429500009,16.307010853000065],[101.04762410200004,16.30939687800003],[101.05295231000008,16.310311005000074],[101.05614553100008,16.312008536000064],[101.06393068900007,16.315138197000067],[101.06727070800008,16.315944165000076],[101.06971417100004,16.315801288000046],[101.07522320900006,16.313990068000066],[101.08118827600003,16.313964184000042],[101.08238759800008,16.312758489000032],[101.08393020000005,16.310362517000044],[101.08758684600008,16.30854141800006],[101.08803114600005,16.309132670000054],[101.09199013000006,16.308463611000036],[101.09534216100008,16.309769354000025],[101.09689731700007,16.309057533000043],[101.09927464700007,16.309381101000042],[101.10030453400009,16.30828325300007],[101.10226020500005,16.30789256500003],[101.10331638000008,16.30488673900004],[101.10543567500008,16.302905784000075],[101.10574855100003,16.30025322000006],[101.10442055400006,16.296826105000036],[101.10686014700008,16.295843200000036],[101.10925403200008,16.29418469600006],[101.11028161300004,16.294607728000074],[101.11257183400005,16.292734272000075],[101.11309131900003,16.290666013000077],[101.11705801500005,16.289628553000057],[101.12237028500004,16.287661547000027],[101.12586183300004,16.285777906000078],[101.13033242600005,16.284879267000065],[101.13596681700005,16.28036744600007],[101.14216239200005,16.27660331800007],[101.14323950000005,16.27657015500006],[101.14390046300008,16.280711131000032],[101.14511818600005,16.282381421000025],[101.14420994300008,16.283764621000046],[101.14557496300006,16.28397396200006],[101.14699161000004,16.28596441700006],[101.14562097000004,16.286762139000075],[101.14450142700008,16.288623354000038],[101.14195611600007,16.28994837700003],[101.14346606800007,16.291332047000026],[101.14238208400008,16.292589063000037],[101.14273562300008,16.294096672000023],[101.14174680600007,16.29520124800007],[101.14267310300005,16.296740274000058],[101.14137005600008,16.296802677000073],[101.14052575600005,16.29801178100007],[101.14093565800005,16.299349902000074],[101.13753495800006,16.302467508000063],[101.13816588000009,16.306849871000054],[101.13901573400005,16.307711521000044],[101.13761558100003,16.309114823000073],[101.13781577200007,16.310083230000032],[101.12893944700005,16.321724638000035],[101.12181347300003,16.321723857000052],[101.12361087600004,16.325727173000075],[101.12561327100008,16.327087138000024],[101.12651337000005,16.32954237000007],[101.13097282400008,16.336274728000035],[101.12820049100009,16.341175424000028],[101.12292154400006,16.352705410000056],[101.11982083700008,16.372827909000023],[101.12084950300004,16.377351589000057],[101.12119356000005,16.383006753000075],[101.11758809600008,16.383478067000055],[101.11360841300007,16.381692948000023],[101.11294928900008,16.37984140100002],[101.11102177100008,16.379865722000034],[101.10952383700004,16.38192986400003]]]},"properties":{"Shape_Leng":0.666237993514,"Shape_Area":0.0133124880357,"ADM3_EN":"Ban Tok","ADM3_TH":"บ้านโตก","ADM3_PCODE":"TH670103","ADM2_EN":"Mueang Phetchabun","ADM2_TH":"เมืองเพชรบูรณ์","ADM2_PCODE":"TH6701","ADM1_EN":"Phetchabun","ADM1_TH":"เพชรบูรณ์","ADM1_PCODE":"TH67","ADM0_EN":"Thailand","ADM0_TH":"ประเทศไทย","ADM0_PCODE":"TH"}},
{"type":"Feature","geometry":{"type":"Polygon","coordinates":[[[101.12119356000005,16.383006753000075],[101.12152568600004,16.38496972300004],[101.12367780300008,16.384476867000046],[101.12470829600005,16.385248112000056],[101.13529418700006,16.397362198000053],[101.13597536400005,16.39464889100003],[101.13739239600005,16.391396263000047],[101.13866674200005,16.390156501000035],[101.13970179400008,16.387929259000032],[101.14100423600007,16.387982709000028],[101.14120046200009,16.386696612000037],[101.14393581400009,16.38361549600006],[101.14773156400008,16.382811480000044],[101.15134936500004,16.382719291000058],[101.15179003700007,16.381281086000058],[101.15301591700006,16.381244835000075],[101.15316450700004,16.382214137000062],[101.15561802000008,16.382416145000036],[101.15681475200006,16.38185131700004],[101.16038103700004,16.38306446200005],[101.16215051800003,16.386789080000028],[101.16386266300003,16.386326823000047],[101.16663142400006,16.386989028000073],[101.16741720600004,16.390712920000055],[101.16950209600009,16.39017262400006],[101.16994710300008,16.393017960000066],[101.17146704700008,16.393168469000045],[101.17083196000004,16.395175573000074],[101.17432753800006,16.393465567000078],[101.17579075500004,16.39520120800006],[101.17383610300004,16.397803891000024],[101.17581771800008,16.401023903000066],[101.17936615000008,16.40430898900007],[101.17936123300007,16.406126588000063],[101.18411452600009,16.409380858000077],[101.18460581600004,16.411107878000053],[101.18345832500006,16.412445157000036],[101.18333575300005,16.414996931000076],[101.18266867100004,16.415565706000052],[101.18047478500006,16.42074654000004],[101.17774182800008,16.42113753700005],[101.17688636300005,16.42548731100004],[101.17604099100004,16.427032370000063],[101.17671112600004,16.427689833000045],[101.17798672500004,16.432453089000035],[101.18045251200004,16.43636447600005],[101.18210574600005,16.43780422900005],[101.18158929800006,16.439759839000033],[101.18217416700008,16.44168967400003],[101.18362765100005,16.442821884000068],[101.18524775400005,16.446096841000042],[101.18398704600008,16.446424430000036],[101.18471918800009,16.451151295000045],[101.18423572700004,16.451422071000025],[101.18525705900004,16.45594440000002],[101.18429158600009,16.457838824000078],[101.18451092200007,16.459987409000064],[101.17654029600004,16.46207042900005],[101.17209194600008,16.46308008400007],[101.16885575900005,16.464551793000055],[101.16544866900006,16.464416739000058],[101.16161388700004,16.46713717700004],[101.15785699000008,16.468035092000036],[101.15661913100007,16.46325134500006],[101.15511566800006,16.463218676000054],[101.14282356200005,16.465087649000054],[101.14067830500005,16.465679202000047],[101.13892216300007,16.459442368000055],[101.13847096600006,16.442165069000055],[101.13152075500005,16.43900098200004],[101.12398296600009,16.43724157200006],[101.11977725800006,16.434970410000062],[101.11543361700006,16.431703061000064],[101.11691593800003,16.427875417000052],[101.11763419200008,16.424634406000052],[101.12029650100004,16.42236738300005],[101.12256093700006,16.423099733000072],[101.12608895300008,16.421533401000033],[101.12600828800004,16.419823476000033],[101.12373881400003,16.413000261000036],[101.12030831000004,16.41050556500005],[101.11862070300003,16.40858839300006],[101.11279656800008,16.40039362600004],[101.10952383700004,16.38192986400003],[101.11102177100008,16.379865722000034],[101.11294928900008,16.37984140100002],[101.11360841300007,16.381692948000023],[101.11758809600008,16.383478067000055],[101.12119356000005,16.383006753000075]],[[101.14939380100009,16.438011352000046],[101.15276607500005,16.438161905000072],[101.15314964200007,16.435401812000066],[101.15896519600005,16.43620415600003],[101.15901213100005,16.43498204800005],[101.15682045700004,16.433227233000025],[101.15687733900006,16.431386864000046],[101.15883304400006,16.43079751600004],[101.15879837500006,16.42782240100007],[101.16002865700005,16.426911847000042],[101.16160341300008,16.427397530000064],[101.16185987300008,16.429375563000065],[101.16613753000007,16.42941037500003],[101.16708775400008,16.419989987000065],[101.16638721200007,16.418649696000045],[101.16794986300005,16.41891817100003],[101.16996081700006,16.415546017000054],[101.16986970700003,16.41327033600004],[101.16869833200008,16.41106624500003],[101.17011489200007,16.408261828000036],[101.17234467300005,16.40724543600004],[101.17010965200006,16.40302110700003],[101.16877648400003,16.402491704000056],[101.16903074500004,16.40070655100004],[101.16668864900004,16.401855259000058],[101.15383654000004,16.411693335000052],[101.15334083700009,16.410194803000024],[101.14958870000004,16.406220679000057],[101.14678246400007,16.408910329000037],[101.14695913700007,16.409726163000073],[101.14474926600008,16.41097913300007],[101.14825177300008,16.41498810400003],[101.13418360600008,16.42028342800006],[101.13586729300005,16.428510869000036],[101.13652895100006,16.428189127000053],[101.13953978400008,16.42897492000003],[101.14108273000005,16.428573862000064],[101.14551426800006,16.42471476700007],[101.14893547200006,16.42261138200007],[101.15066755600009,16.42392985400005],[101.14829547100004,16.426428960000067],[101.14730178400004,16.429497655000034],[101.14691191600008,16.435720897000067],[101.14368245500003,16.43660291900005],[101.14512060100009,16.43832819200003],[101.14939380100009,16.438011352000046]]]},"properties":{"Shape_Leng":0.535117633016,"Shape_Area":0.00364290525503,"ADM3_EN":"Sadiang","ADM3_TH":"สะเดียง","ADM3_PCODE":"TH670104","ADM2_EN":"Mueang Phetchabun","ADM2_TH":"เมืองเพชรบูรณ์","ADM2_PCODE":"TH6701","ADM1_EN":"Phetchabun","ADM1_TH":"เพชรบูรณ์","ADM1_PCODE":"TH67","ADM0_EN":"Thailand","ADM0_TH":"ประเทศไทย","ADM0_PCODE":"TH"}},
{"type":"Feature","geometry":{"type":"Polygon","coordinates":[[[101.10952383700004,16.38192986400003],[101.11279656800008,16.40039362600004],[101.11862070300003,16.40858839300006],[101.12030831000004,16.41050556500005],[101.12373881400003,16.413000261000036],[101.12600828800004,16.419823476000033],[101.12608895300008,16.421533401000033],[101.12256093700006,16.423099733000072],[101.12029650100004,16.42236738300005],[101.11763419200008,16.424634406000052],[101.11691593800003,16.427875417000052],[101.11543361700006,16.431703061000064],[101.11977725800006,16.434970410000062],[101.12398296600009,16.43724157200006],[101.13152075500005,16.43900098200004],[101.13847096600006,16.442165069000055],[101.13892216300007,16.459442368000055],[101.14067830500005,16.465679202000047],[101.13751308500008,16.46841567900003],[101.13318266000005,16.46910295600003],[101.11481519300008,16.47633582900005],[101.11200065900005,16.47636850400005],[101.10968416800006,16.47705030800006],[101.10601898400006,16.477143713000032],[101.10329779000006,16.47863241500005],[101.09699522400007,16.479942866000044],[101.09238172100004,16.483827701000052],[101.09062908800007,16.484145256000033],[101.08659181700006,16.482932487000028],[101.08241356000008,16.482389476000037],[101.08135425700004,16.481777152000063],[101.07827193600008,16.47798145300004],[101.07612926900003,16.47287163200002],[101.07379487700007,16.47255569500004],[101.07230748700005,16.468613274000063],[101.07109481200007,16.467522719000044],[101.06543323300008,16.466288547000033],[101.06415150800007,16.466862267000067],[101.05769560800007,16.471940534000055],[101.05330351500004,16.473456613000053],[101.05220276800009,16.47487325000003],[101.04934636300004,16.475702471000034],[101.04782208800003,16.47823540400003],[101.04645157000004,16.47918820900003],[101.04381610600007,16.477272691000053],[101.04041654400004,16.473561053000026],[101.03677068800005,16.474329560000058],[101.03563930700005,16.473538533000067],[101.03311687900003,16.47361900900006],[101.03072363400008,16.472871283000075],[101.02966909600008,16.475089882000077],[101.02695007600005,16.476114590000066],[101.02491949300008,16.47906983300004],[101.02207066200003,16.48093152900003],[101.02013573900007,16.481420310000033],[101.01786881500004,16.481111877000046],[101.01599954400007,16.48018083000005],[101.01389459100005,16.47799868900006],[101.00691885900005,16.477836267000043],[101.00654601100007,16.477548187000025],[101.00662184200007,16.47274601500004],[101.00572370600008,16.47152660200004],[101.00420248800003,16.47108066000004],[101.00039617600004,16.471613669000078],[100.99740441700004,16.473662707000074],[100.99450662500004,16.474907364000046],[100.99274013500008,16.47663976800004],[100.99061890500008,16.479654138000058],[100.98987795200009,16.481513230000076],[100.98741557400007,16.483195543000022],[100.98627332600006,16.485906646000046],[100.98470325800008,16.48775512000003],[100.98372863100008,16.49029917300004],[100.98053799900003,16.49225887700004],[100.97679396200004,16.49185537900007],[100.97634535000009,16.490420184000072],[100.97344800300004,16.489886271000046],[100.97173335800005,16.490695783000035],[100.96959836100007,16.49286746000007],[100.96808671000008,16.49237464600003],[100.96611125100009,16.493655357000023],[100.96597904200007,16.49557284200006],[100.96474597200006,16.500055196000062],[100.96491731800006,16.502456093000035],[100.96290265200008,16.50318046500007],[100.95985064400008,16.506141770000056],[100.96035089500003,16.509744488000024],[100.96249867200004,16.51231467100007],[100.96170076600004,16.513329678000048],[100.95624891700004,16.511824184000034],[100.95229871100008,16.51139136300003],[100.94959272700004,16.513770910000062],[100.94673739600006,16.51370545700007],[100.94328288500009,16.515015006000056],[100.94236083500004,16.514580945000034],[100.94176197300004,16.511158918000035],[100.93940948300008,16.50977583200006],[100.93946859700009,16.506776229000025],[100.93849776100006,16.505025244000024],[100.93688662800008,16.505151470000044],[100.93122921100007,16.507930876000046],[100.92915719600006,16.508096926000064],[100.92735182100006,16.507282616000055],[100.92601897600008,16.505209123000043],[100.92511834600003,16.502164529000027],[100.92044156100008,16.499279926000042],[100.91540790200008,16.494878911000058],[100.91363616300004,16.49210972000003],[100.91020036700007,16.489061786000036],[100.90704396700005,16.48756946700007],[100.90371606300005,16.48473160900005],[100.89941192600008,16.48611862100006],[100.89740159000007,16.487186008000037],[100.89536289000006,16.49039575000006],[100.89221629300005,16.491664526000022],[100.89053983200006,16.49344473000002],[100.89073695800005,16.49418017200003],[100.88522708600004,16.493025189000036],[100.88288929900006,16.490163377000044],[100.88074866200009,16.48982897700006],[100.87976994600007,16.492406129000074],[100.88195929800008,16.49706025200004],[100.88087230200006,16.499702271000046],[100.88048964600006,16.502401908000024],[100.87891047400007,16.50483574900005],[100.87216716100005,16.508529897000074],[100.87009019500005,16.509150216000023],[100.86555186500004,16.508436606000032],[100.86280119900005,16.508647868000025],[100.85913549900005,16.510623788000032],[100.85626318500005,16.51086371300005],[100.85044651100009,16.508920894000028],[100.84965410800004,16.507384969000043],[100.84907817900006,16.50363539400007],[100.84733656700007,16.50263166700006],[100.83379696300005,16.504028556000037],[100.82839312100003,16.503670267000075],[100.82401218900009,16.50189910100005],[100.82093830700006,16.501038572000027],[100.81859094100008,16.498797194000076],[100.81508506900008,16.49645812500006],[100.81418000400004,16.49512498300004],[100.81419375100006,16.492293880000034],[100.81492379800005,16.488459458000023],[100.81760505700004,16.484499906000053],[100.81759497700006,16.483419758000025],[100.81564296000005,16.482089753000025],[100.81097272800008,16.48072367000003],[100.80885801100004,16.480491648000054],[100.80564401200007,16.481616045000067],[100.80329611700006,16.480217810000056],[100.80022656600005,16.47522680700007],[100.79841624700003,16.474271087000034],[100.79382629900005,16.473002472000076],[100.79303730000004,16.469252693000044],[100.79403871200009,16.467615531000035],[100.79581850700004,16.466501468000047],[100.79757012800007,16.463051533000055],[100.79772254200009,16.459849148000046],[100.79908430500006,16.457842994000032],[100.80329039900005,16.458151790000045],[100.80470772800004,16.45693964700007],[100.80558682100008,16.450011783000036],[100.80544148700005,16.44842962000007],[100.80911332900007,16.447029565000037],[100.81172115200008,16.445428265000032],[100.81698525900003,16.443224416000078],[100.81767817400004,16.442198689000065],[100.81849098400005,16.436908410000058],[100.81922693300004,16.435490317000074],[100.82182460200005,16.43416523800005],[100.82916362800006,16.434801295000057],[100.83228958400008,16.434350727000037],[100.83424990600008,16.433033230000035],[100.83591957900006,16.43067941700002],[100.83733539100007,16.430397494000033],[100.83933690500004,16.432455296000057],[100.84162345000004,16.435742376000064],[100.84286096900007,16.436579144000063],[100.84910510800006,16.435125594000056],[100.85214340300007,16.43561575800004],[100.85476462900004,16.43776450000007],[100.86140493700003,16.438300628000036],[100.86681575000006,16.437554787000067],[100.86812183500007,16.437907110000026],[100.87172609000004,16.441207338000027],[100.87676191500003,16.44366080900005],[100.87859126500007,16.444213132000073],[100.88291166500005,16.444093132000035],[100.88581626600006,16.442658811000058],[100.88942048900009,16.438130916000034],[100.89207032200005,16.436482174000048],[100.89557828800008,16.42973435700003],[100.89773365700006,16.42730474600006],[100.90205283500006,16.42515604500005],[100.90461741900003,16.42244690700005],[100.90609013800008,16.41927967400005],[100.90781073800008,16.413010392000047],[100.90896325600005,16.411149218000048],[100.91513203300008,16.410379504000048],[100.91978198800007,16.412249725000038],[100.92278919600005,16.411958757000036],[100.92702522100006,16.40915672500006],[100.92903200100005,16.406869251000046],[100.92905143400009,16.40346668600006],[100.92986011100004,16.40151415200006],[100.93154691500007,16.40055810800004],[100.93672321900004,16.400133006000033],[100.93912211300005,16.39818497600004],[100.94014937900005,16.395773458000065],[100.94185774400006,16.394130571000062],[100.94538010100007,16.393979113000057],[100.94780696500004,16.393032196000036],[100.95032736900004,16.391314814000054],[100.95375335600005,16.39004684400004],[100.95546110400005,16.39007674800007],[100.95903099500003,16.391348360000052],[100.96104013600007,16.39127847800006],[100.96353017900009,16.38974656700003],[100.96502552100009,16.386793184000055],[100.96685476400006,16.385225079000065],[100.96857115200004,16.384692246000043],[100.97124547500005,16.38269388300006],[100.97461119200005,16.381908561000046],[100.97791372800003,16.382541398000058],[100.98019305600008,16.38235042100007],[100.98224343500004,16.38126530900007],[100.98481401600009,16.37796428300004],[100.98863561600007,16.381853961000047],[100.99179312200005,16.386180505000027],[100.99546368100005,16.39066331500004],[100.99904024600005,16.393665012000042],[101.00058567400004,16.398473915000068],[101.00212234600008,16.40116371700003],[101.00507009200004,16.40361001800005],[101.01303582600008,16.406636159000072],[101.01627497000004,16.40681040100003],[101.01944085900004,16.409602706000044],[101.02246280400004,16.408952099000032],[101.02486826300009,16.407247468000037],[101.02739338900005,16.407814940000037],[101.03110536100007,16.407148651000057],[101.03331058200007,16.40787514300007],[101.03800135600005,16.407125282000038],[101.04107303000006,16.404499800000053],[101.04440063800007,16.403073016000064],[101.04485867300008,16.40554521000007],[101.04720137800007,16.405309484000043],[101.05026617400006,16.40205155900003],[101.05363894700008,16.40050859400003],[101.05532367400008,16.39797338900007],[101.05769059300007,16.398019262000048],[101.05792133000006,16.39708379900003],[101.06046521200005,16.395438411000043],[101.06110252700006,16.393961713000067],[101.06346578000006,16.393255354000075],[101.06468017400005,16.393786576000025],[101.06572561100006,16.391664270000035],[101.06574927300005,16.389558257000033],[101.06795237000006,16.38911859700005],[101.06902318200008,16.38770631600005],[101.07282646400006,16.389534789000038],[101.07460184400009,16.38937080200003],[101.07788203400008,16.389929820000077],[101.07999641800006,16.390743146000034],[101.08198340400008,16.39254704500007],[101.08276476000003,16.396505716000036],[101.08449700000006,16.39800613600005],[101.08910018000006,16.398850691000064],[101.08994538500008,16.397723017000033],[101.09258112400005,16.397046484000043],[101.09286385900003,16.395417912000028],[101.09571766200008,16.394945519000032],[101.09771771600003,16.391976284000066],[101.09733437800008,16.390792753000028],[101.10087904200009,16.38869985100007],[101.10245074400007,16.388465308000036],[101.10262302600006,16.384564757000078],[101.10521488900008,16.384541025000033],[101.10641695500004,16.382906508000076],[101.10813308700006,16.38284840800003],[101.10952383700004,16.38192986400003]]]},"properties":{"Shape_Leng":1.05390910354,"Shape_Area":0.0259688863054,"ADM3_EN":"Pa Lao","ADM3_TH":"ป่าเลา","ADM3_PCODE":"TH670105","ADM2_EN":"Mueang Phetchabun","ADM2_TH":"เมืองเพชรบูรณ์","ADM2_PCODE":"TH6701","ADM1_EN":"Phetchabun","ADM1_TH":"เพชรบูรณ์","ADM1_PCODE":"TH67","ADM0_EN":"Thailand","ADM0_TH":"ประเทศไทย","ADM0_PCODE":"TH"}},
{"type":"Feature","geometry":{"type":"Polygon","coordinates":[[[101.17654029600004,16.46207042900005],[101.17690714800005,16.465647511000043],[101.17658746400008,16.466711748000023],[101.17762828700006,16.46790524200003],[101.18044360700009,16.467839725000033],[101.18203569400004,16.466083509000043],[101.18453428400005,16.467012832000023],[101.18457374000008,16.468520128000023],[101.18561721600008,16.468310262000045],[101.18608046900005,16.470745794000038],[101.18446753800004,16.472607297000025],[101.18542859300004,16.472707977000027],[101.18679457700006,16.475260528000035],[101.18576134900007,16.476182351000034],[101.18773183100006,16.477206214000034],[101.18601676000009,16.478969317000065],[101.18411078800005,16.478527863000068],[101.18455452300009,16.48015911300007],[101.18615503800004,16.48017601300006],[101.18715165300006,16.48132669000006],[101.18734593800008,16.483900779000066],[101.18595273500006,16.484673581000038],[101.18754134900007,16.485428667000065],[101.18599418300005,16.486042670000074],[101.18541472200008,16.487489322000044],[101.18577220900005,16.491513411000028],[101.18706549000007,16.492747705000056],[101.18536070300007,16.493482784000037],[101.18532666000004,16.49551831900004],[101.18628144700006,16.49474961100003],[101.18668742300008,16.496249268000042],[101.18557819900008,16.49843414700007],[101.18914245700006,16.49981097700004],[101.18947422600007,16.502435129000048],[101.19006404600003,16.502405156000066],[101.19405078700004,16.50596368500004],[101.19531634400005,16.510485197000037],[101.19682517100006,16.511353953000025],[101.19714818200003,16.513161851000064],[101.19839961300005,16.514167776000022],[101.19723103600006,16.516039273000047],[101.19833028200009,16.51776138300005],[101.19990581100006,16.51773445400005],[101.19725929700007,16.520407952000028],[101.19603703700005,16.51949895100006],[101.19639451300009,16.521851664000053],[101.19536380300008,16.523355087000027],[101.19711617800004,16.526394328000038],[101.19585832500007,16.527063217000034],[101.19630332100007,16.528677396000035],[101.19492409400004,16.52913219800007],[101.19631938800006,16.53076266000005],[101.19605921700008,16.532258244000047],[101.19761888400006,16.53208746100006],[101.19668153300006,16.53524153500007],[101.19647906000006,16.536259689000076],[101.19464991000007,16.536347828000032],[101.19465816800005,16.53539670300006],[101.19275772500004,16.534120442000074],[101.18830146600004,16.53456454800005],[101.18661009800007,16.535732534000033],[101.18299456700004,16.537268752000045],[101.18035944900004,16.536627531000022],[101.17533713600005,16.538852389000056],[101.17334941600006,16.54109853500006],[101.17125670600007,16.541138972000056],[101.16993000500008,16.542063308000024],[101.16809879400006,16.54180314900003],[101.16693392500008,16.54005518200006],[101.16237951100004,16.542223295000042],[101.16058044900007,16.542442265000034],[101.15763638800007,16.543696630000056],[101.15658674200006,16.54474726600006],[101.15281565100008,16.545286721000025],[101.15280733000009,16.54590376400006],[101.14717815500006,16.547053540000036],[101.14043924400005,16.547014110000077],[101.13992001300005,16.547851321000053],[101.13683131900007,16.549081530000024],[101.13346891900005,16.54821075600006],[101.12655895200004,16.548577029000057],[101.12486640300006,16.548113700000044],[101.12122984200005,16.546210001000077],[101.11837872100006,16.545509244000073],[101.11545724700005,16.547416698000063],[101.10727735900008,16.550102613000035],[101.10523994700009,16.550280761000067],[101.10551239000006,16.548194144000036],[101.10400863500007,16.547223505000034],[101.10748455400005,16.545717010000033],[101.10807412500009,16.544417675000034],[101.10823244900007,16.539564443000074],[101.10864426600006,16.537573574000078],[101.10969445900008,16.536293112000067],[101.11298943800006,16.534389786000077],[101.11285542200005,16.532485348000023],[101.11190486900006,16.530240036000066],[101.10772629400009,16.529267279000067],[101.10603528800004,16.527664130000062],[101.10556460300006,16.52548915400007],[101.10547448600005,16.52057099900003],[101.10471471600005,16.517857131000028],[101.10302615800003,16.514379408000025],[101.10167183400006,16.514284248000024],[101.09735228400007,16.515789829000028],[101.09521601500006,16.515295636000076],[101.09455260100003,16.513742695000076],[101.09245049200007,16.51231060200007],[101.09388167900005,16.510934211000063],[101.09307822600005,16.50895813900007],[101.09358206700006,16.50740032300007],[101.09495372100008,16.507564502000037],[101.09554572000008,16.506179075000034],[101.09518749100005,16.50398231300005],[101.09333238400006,16.503686604000052],[101.09256254100006,16.50154394200007],[101.09469788800004,16.50000284600003],[101.09526111400004,16.498900461000062],[101.09924883800005,16.499765237000076],[101.10015634600006,16.498493159000077],[101.09870594300008,16.497554625000078],[101.10099769600004,16.494821268000067],[101.09993857000006,16.492265660000044],[101.10250537200005,16.492117777000033],[101.10215590500007,16.48907037400005],[101.10292408400005,16.488109808000047],[101.10430850800009,16.488258234000057],[101.10465515900006,16.485494781000057],[101.10775888200004,16.484871991000034],[101.10791204500003,16.48370747000007],[101.10946490100008,16.483258615000068],[101.11094867600008,16.481279365000034],[101.11271846500006,16.481403759000045],[101.11399272700004,16.480237459000023],[101.11595053800005,16.479656874000057],[101.11473922800008,16.478168371000038],[101.11481519300008,16.47633582900005],[101.13318266000005,16.46910295600003],[101.13751308500008,16.46841567900003],[101.14067830500005,16.465679202000047],[101.14282356200005,16.465087649000054],[101.15511566800006,16.463218676000054],[101.15661913100007,16.46325134500006],[101.15785699000008,16.468035092000036],[101.16161388700004,16.46713717700004],[101.16544866900006,16.464416739000058],[101.16885575900005,16.464551793000055],[101.17209194600008,16.46308008400007],[101.17654029600004,16.46207042900005]]]},"properties":{"Shape_Leng":0.446458025719,"Shape_Area":0.00659555229052,"ADM3_EN":"Na Ngua","ADM3_TH":"นางั่ว","ADM3_PCODE":"TH670106","ADM2_EN":"Mueang Phetchabun","ADM2_TH":"เมืองเพชรบูรณ์","ADM2_PCODE":"TH6701","ADM1_EN":"Phetchabun","ADM1_TH":"เพชรบูรณ์","ADM1_PCODE":"TH67","ADM0_EN":"Thailand","ADM0_TH":"ประเทศไทย","ADM0_PCODE":"TH"}},
{"type":"Feature","geometry":{"type":"Polygon","coordinates":[[[101.19668153300006,16.53524153500007],[101.20147632100009,16.534946715000046],[101.20217940300006,16.53379946000007],[101.20483817000007,16.537622672000055],[101.20617578200006,16.53856881100006],[101.21178834000006,16.540048369000033],[101.21286249100007,16.54252007300005],[101.21236583500007,16.54449145700005],[101.21366115700005,16.54900334200005],[101.21307045300006,16.550713615000063],[101.21418257200008,16.55175910500003],[101.21377111800007,16.55294656500007],[101.21441039600006,16.555020022000065],[101.21579609600008,16.556760229000076],[101.21607582100006,16.55945265400004],[101.21722667400007,16.560790949000022],[101.21376081500006,16.56226390200004],[101.21454231500007,16.568329178000056],[101.21193686400005,16.570954108000024],[101.20953002300007,16.570645893000062],[101.20960272300005,16.572406115000035],[101.20685448800003,16.573454982000044],[101.20730787700006,16.575235717000055],[101.20548959600006,16.57764760500004],[101.20241235400005,16.579784670000038],[101.19887510600006,16.581459836000022],[101.19513601800008,16.585856586000034],[101.19333649500004,16.58619456300005],[101.19109788800006,16.583648614000026],[101.19189349600003,16.582595923000042],[101.19031878600003,16.58030530800005],[101.18845853200008,16.58066894800004],[101.18863107100003,16.58213538900003],[101.18396662000004,16.583925088000058],[101.18266781800008,16.585393402000022],[101.18135717500007,16.588926445000027],[101.18035698700004,16.58969911400004],[101.18092779400007,16.591266862000055],[101.18027706700008,16.592799011000068],[101.17733953200008,16.594715565000058],[101.17543061500004,16.59773288300005],[101.17643583200004,16.599045515000057],[101.17468128100006,16.60161088900003],[101.17283110100004,16.600521894000053],[101.17061198700009,16.60050338800005],[101.16778983300009,16.60289229600005],[101.16621999900008,16.605013948000078],[101.16445723900006,16.604897185000027],[101.16192299000005,16.607187570000065],[101.16222746000005,16.60831397800007],[101.16129198700008,16.610009416000025],[101.15753224600007,16.611373052000033],[101.15516720900007,16.613064826000027],[101.15502662400007,16.61594806900007],[101.15255539400005,16.61738460500004],[101.15187623500003,16.619650222000075],[101.15227165200008,16.620625560000065],[101.15389716400006,16.620046737000052],[101.15333331300008,16.621306290000064],[101.15687752900004,16.62651536800007],[101.15493715900004,16.628662148000046],[101.15563440800008,16.631378509000058],[101.15513453800008,16.635198761000026],[101.15234843100006,16.636989552000045],[101.15082112700009,16.638844504000076],[101.14876790000005,16.63912976900002],[101.14643272500007,16.63796369800002],[101.14370717700007,16.63578334300007],[101.14223979500008,16.633853314000078],[101.14224516800004,16.63117287800003],[101.14073174200007,16.631946218000053],[101.13773911600003,16.632458730000053],[101.13662102800004,16.631774948000043],[101.13580314700005,16.632579666000026],[101.13338325400008,16.632419378000066],[101.13158553400007,16.631605958000023],[101.12861040000007,16.632121291000033],[101.12600597400007,16.631101817000058],[101.12273131500007,16.63139288600007],[101.12169155100008,16.632471572000043],[101.11816488500006,16.633364201000063],[101.11751642000007,16.632634904000042],[101.11407718400005,16.63241451600004],[101.11223132300006,16.630640595000045],[101.11048654000007,16.630742001000044],[101.10827080700005,16.629074724000077],[101.10304972700004,16.629749600000025],[101.10166438000005,16.629093646000058],[101.09706428800007,16.630289896000022],[101.09633870900007,16.63246871700005],[101.09495062800005,16.633646811000062],[101.08905817700008,16.63254600700003],[101.08656829800003,16.634161392000067],[101.08354734100004,16.633938513000032],[101.08247228800008,16.63553666200005],[101.07998262200005,16.635758200000055],[101.07749641400005,16.634623008000062],[101.07224185400008,16.635309643000028],[101.07104544600008,16.634580508000056],[101.06882842400006,16.634660392000058],[101.06631331800008,16.635819583000057],[101.06432025600009,16.635512049000056],[101.06102559200008,16.636611478000077],[101.05975070300008,16.63747602500007],[101.05916850100004,16.639179386000023],[101.05618594800006,16.641975556000034],[101.05277247000004,16.643785582000078],[101.05159583600005,16.64516470500007],[101.05068797200005,16.64407086400007],[101.05242905100005,16.639158267000028],[101.05401745600005,16.637167908000038],[101.05419176300006,16.63479598200007],[101.05255659800008,16.631938001000037],[101.05163201700009,16.631547390000037],[101.05168046300008,16.627883997000026],[101.05262318400008,16.627518482000028],[101.05372977000007,16.625125147000062],[101.05536904500008,16.623190229000045],[101.05423648800007,16.622415149000062],[101.05643455700005,16.62233688300006],[101.05695333500006,16.62030221300006],[101.05819018200003,16.62034649900005],[101.05805034800005,16.61868412700005],[101.05924600200007,16.61787989900006],[101.05961723000007,16.619633185000055],[101.06075126500008,16.61988873300004],[101.06188131100004,16.61844909100006],[101.06157341200009,16.617529082000033],[101.06455807400005,16.616628449000075],[101.06419950800006,16.614949670000044],[101.06604777500007,16.614588076000075],[101.06597101100004,16.611467295000068],[101.06885467700005,16.610071711000046],[101.06802573900006,16.608871387000022],[101.07020178100004,16.609004800000037],[101.07189470300005,16.606178944000078],[101.06922025600005,16.603664881000043],[101.06775739100004,16.601517134000062],[101.06871244800004,16.598797973000046],[101.06728425500006,16.595147027000053],[101.06936586100005,16.594346427000062],[101.06956331200007,16.592789468000035],[101.07156919600004,16.59172171700004],[101.07070960400006,16.58856445400005],[101.07088241700006,16.58649766800005],[101.06904825900006,16.588260339000044],[101.06529366300003,16.587307250000038],[101.06363818700004,16.58809070600006],[101.06196434900005,16.587908372000072],[101.06002367300005,16.586799444000064],[101.05776125300008,16.58726441400006],[101.05611427600007,16.58414904700004],[101.05759705400004,16.580453457000033],[101.05795556000004,16.57670590500004],[101.05567291200003,16.57568320400003],[101.05540656900007,16.57426608000003],[101.05421146800006,16.573317864000046],[101.05441757400007,16.569069219000028],[101.05498680100004,16.567238753000026],[101.05182473100007,16.565146925000022],[101.05106623300009,16.565309659000036],[101.05132430700007,16.561600914000053],[101.05235484400004,16.560935289000042],[101.05292591900007,16.557367990000046],[101.05531341100004,16.55825489600005],[101.05632877300008,16.556768654000052],[101.05771061100006,16.55818159300003],[101.05913344700008,16.557791224000027],[101.05880827600004,16.556548829000064],[101.05990985900007,16.555487261000053],[101.06489270300006,16.557982543000037],[101.06499053600004,16.55914308800004],[101.06647758700007,16.559425022000028],[101.06714509700004,16.55804032700007],[101.07004396700006,16.556510356000047],[101.07248555600006,16.55651974700004],[101.07270430200003,16.557486032000043],[101.07473638700009,16.557348341000022],[101.07648297900005,16.55622898300004],[101.07554445700003,16.554939896000064],[101.07565192300007,16.55275821600003],[101.07820271500003,16.551118373000065],[101.07885970700005,16.54982308900003],[101.08047129400006,16.550691330000063],[101.08099683100005,16.55194354100007],[101.08381781700007,16.551252728000065],[101.08479537100004,16.549929419000023],[101.08418683500008,16.548758930000076],[101.08603526300004,16.547263706000024],[101.08659456800007,16.54954578400003],[101.08848666600005,16.548359891000075],[101.08976876000008,16.54834039700006],[101.09020949100005,16.54689688600007],[101.09138386700005,16.54843291700007],[101.09272443700007,16.548085495000066],[101.09247889500006,16.54607693500003],[101.09384352700005,16.54622484600003],[101.09393641000008,16.547896278000053],[101.09491637700006,16.548469131000047],[101.09876626500005,16.54765396700003],[101.10400863500007,16.547223505000034],[101.10551239000006,16.548194144000036],[101.10523994700009,16.550280761000067],[101.10727735900008,16.550102613000035],[101.11545724700005,16.547416698000063],[101.11837872100006,16.545509244000073],[101.12122984200005,16.546210001000077],[101.12486640300006,16.548113700000044],[101.12655895200004,16.548577029000057],[101.13346891900005,16.54821075600006],[101.13683131900007,16.549081530000024],[101.13992001300005,16.547851321000053],[101.14043924400005,16.547014110000077],[101.14717815500006,16.547053540000036],[101.15280733000009,16.54590376400006],[101.15281565100008,16.545286721000025],[101.15658674200006,16.54474726600006],[101.15763638800007,16.543696630000056],[101.16058044900007,16.542442265000034],[101.16237951100004,16.542223295000042],[101.16693392500008,16.54005518200006],[101.16809879400006,16.54180314900003],[101.16993000500008,16.542063308000024],[101.17125670600007,16.541138972000056],[101.17334941600006,16.54109853500006],[101.17533713600005,16.538852389000056],[101.18035944900004,16.536627531000022],[101.18299456700004,16.537268752000045],[101.18661009800007,16.535732534000033],[101.18830146600004,16.53456454800005],[101.19275772500004,16.534120442000074],[101.19465816800005,16.53539670300006],[101.19464991000007,16.536347828000032],[101.19647906000006,16.536259689000076],[101.19668153300006,16.53524153500007]]]},"properties":{"Shape_Leng":0.667330703117,"Shape_Area":0.0110509955641,"ADM3_EN":"Tha Phon","ADM3_TH":"ท่าพล","ADM3_PCODE":"TH670107","ADM2_EN":"Mueang Phetchabun","ADM2_TH":"เมืองเพชรบูรณ์","ADM2_PCODE":"TH6701","ADM1_EN":"Phetchabun","ADM1_TH":"เพชรบูรณ์","ADM1_PCODE":"TH67","ADM0_EN":"Thailand","ADM0_TH":"ประเทศไทย","ADM0_PCODE":"TH"}},
{"type":"Feature","geometry":{"type":"Polygon","coordinates":[[[101.18333575300005,16.414996931000076],[101.18514596900008,16.41494554600007],[101.18800729500003,16.41299463100006],[101.19134652100007,16.41163768100006],[101.19416113600005,16.411028163000026],[101.19517101400004,16.41027695100007],[101.19660541400003,16.41117077900003],[101.19860445200004,16.410539533000076],[101.20315824400006,16.412269242000036],[101.20540695200003,16.412517709000042],[101.20660520300004,16.413537131000055],[101.20633750500008,16.415370910000036],[101.20789758100005,16.41599737100006],[101.20820252900006,16.41723494400003],[101.20957833000006,16.41796862500007],[101.21067398900004,16.425907118000055],[101.21060294700004,16.42820131600007],[101.21129911300005,16.43450937600005],[101.21267628000004,16.436899166000046],[101.21612873000004,16.439208373000042],[101.21614914300005,16.443826990000048],[101.21430046800003,16.444381357000054],[101.21502117800009,16.447577314000057],[101.21694670000005,16.449383269000066],[101.21849274200008,16.452907139000047],[101.21808262900004,16.454283046000057],[101.21474169100009,16.455507699000066],[101.21466311800003,16.457106560000057],[101.21063491400008,16.459002764000047],[101.21008545100005,16.463635011000065],[101.21296834100008,16.466358257000024],[101.21420984600007,16.46933234900007],[101.21338387800006,16.47374359400004],[101.21341029200005,16.47658464600005],[101.21561922200004,16.47982227600005],[101.21646974400005,16.48271737600004],[101.21801959600003,16.484846360000063],[101.22124198200004,16.48801069600006],[101.22270578400008,16.494717511000033],[101.22270994800004,16.495883350000042],[101.22001521300007,16.497739593000063],[101.21816682300005,16.49815798000003],[101.21669532900006,16.500957507000066],[101.21741619500006,16.502816051000025],[101.21816812000009,16.50270697700006],[101.21959400900005,16.505358140000055],[101.21929099100004,16.50861859200006],[101.22004157500004,16.510254755000062],[101.21948450700006,16.51447461600003],[101.22095307000006,16.517816380000056],[101.22295517100008,16.518454645000077],[101.22400647600006,16.52069586600004],[101.22591578600009,16.521079884000073],[101.22497978200005,16.522655523000026],[101.22768541300007,16.522799030000044],[101.22811343500007,16.52665791000004],[101.22899390600008,16.529259886000034],[101.22938683900009,16.532192707000036],[101.22848440500007,16.532904006000024],[101.22959208500004,16.535851639000043],[101.22833673000008,16.536617077000074],[101.22675772900004,16.538803741000038],[101.22848124600006,16.54029186400004],[101.22978202900003,16.540155664000054],[101.23030177500004,16.542356297000026],[101.22937519200008,16.543159582000044],[101.23023277100003,16.54500374500003],[101.23269451600004,16.545458019000023],[101.23396193400004,16.54646004800003],[101.23393256500003,16.548331421000057],[101.23112865200005,16.547497469000064],[101.22877509100005,16.547761093000076],[101.22685827000004,16.549787081000034],[101.21499511700006,16.55089496900007],[101.21307045300006,16.550713615000063],[101.21366115700005,16.54900334200005],[101.21236583500007,16.54449145700005],[101.21286249100007,16.54252007300005],[101.21178834000006,16.540048369000033],[101.20617578200006,16.53856881100006],[101.20483817000007,16.537622672000055],[101.20217940300006,16.53379946000007],[101.20147632100009,16.534946715000046],[101.19668153300006,16.53524153500007],[101.19761888400006,16.53208746100006],[101.19605921700008,16.532258244000047],[101.19631938800006,16.53076266000005],[101.19492409400004,16.52913219800007],[101.19630332100007,16.528677396000035],[101.19585832500007,16.527063217000034],[101.19711617800004,16.526394328000038],[101.19536380300008,16.523355087000027],[101.19639451300009,16.521851664000053],[101.19603703700005,16.51949895100006],[101.19725929700007,16.520407952000028],[101.19990581100006,16.51773445400005],[101.19833028200009,16.51776138300005],[101.19723103600006,16.516039273000047],[101.19839961300005,16.514167776000022],[101.19714818200003,16.513161851000064],[101.19682517100006,16.511353953000025],[101.19531634400005,16.510485197000037],[101.19405078700004,16.50596368500004],[101.19006404600003,16.502405156000066],[101.18947422600007,16.502435129000048],[101.18914245700006,16.49981097700004],[101.18557819900008,16.49843414700007],[101.18668742300008,16.496249268000042],[101.18628144700006,16.49474961100003],[101.18532666000004,16.49551831900004],[101.18536070300007,16.493482784000037],[101.18706549000007,16.492747705000056],[101.18577220900005,16.491513411000028],[101.18541472200008,16.487489322000044],[101.18599418300005,16.486042670000074],[101.18754134900007,16.485428667000065],[101.18595273500006,16.484673581000038],[101.18734593800008,16.483900779000066],[101.18715165300006,16.48132669000006],[101.18615503800004,16.48017601300006],[101.18455452300009,16.48015911300007],[101.18411078800005,16.478527863000068],[101.18601676000009,16.478969317000065],[101.18773183100006,16.477206214000034],[101.18576134900007,16.476182351000034],[101.18679457700006,16.475260528000035],[101.18542859300004,16.472707977000027],[101.18446753800004,16.472607297000025],[101.18608046900005,16.470745794000038],[101.18561721600008,16.468310262000045],[101.18457374000008,16.468520128000023],[101.18453428400005,16.467012832000023],[101.18203569400004,16.466083509000043],[101.18044360700009,16.467839725000033],[101.17762828700006,16.46790524200003],[101.17658746400008,16.466711748000023],[101.17690714800005,16.465647511000043],[101.17654029600004,16.46207042900005],[101.18451092200007,16.459987409000064],[101.18429158600009,16.457838824000078],[101.18525705900004,16.45594440000002],[101.18423572700004,16.451422071000025],[101.18471918800009,16.451151295000045],[101.18398704600008,16.446424430000036],[101.18524775400005,16.446096841000042],[101.18362765100005,16.442821884000068],[101.18217416700008,16.44168967400003],[101.18158929800006,16.439759839000033],[101.18210574600005,16.43780422900005],[101.18045251200004,16.43636447600005],[101.17798672500004,16.432453089000035],[101.17671112600004,16.427689833000045],[101.17604099100004,16.427032370000063],[101.17688636300005,16.42548731100004],[101.17774182800008,16.42113753700005],[101.18047478500006,16.42074654000004],[101.18266867100004,16.415565706000052],[101.18333575300005,16.414996931000076]]]},"properties":{"Shape_Leng":0.46098550487,"Shape_Area":0.00401758884413,"ADM3_EN":"Dong Mun Lek","ADM3_TH":"ดงมูลเหล็ก","ADM3_PCODE":"TH670108","ADM2_EN":"Mueang Phetchabun","ADM2_TH":"เมืองเพชรบูรณ์","ADM2_PCODE":"TH6701","ADM1_EN":"Phetchabun","ADM1_TH":"เพชรบูรณ์","ADM1_PCODE":"TH67","ADM0_EN":"Thailand","ADM0_TH":"ประเทศไทย","ADM0_PCODE":"TH"}},
{"type":"Feature","geometry":{"type":"Polygon","coordinates":[[[101.20957833000006,16.41796862500007],[101.21177665600004,16.418480638000062],[101.21241498300009,16.41928964300007],[101.21576293700008,16.419048700000076],[101.21896599200005,16.421387733000074],[101.22027512700004,16.42135343800004],[101.22422908000004,16.42334216200004],[101.22566628400006,16.423142808000023],[101.22712562400005,16.42181273400007],[101.23003776000007,16.42189744700005],[101.23049361900007,16.422516981000058],[101.23254445600008,16.422066464000068],[101.23553219100006,16.423013339000022],[101.23712916000005,16.422604082000078],[101.23716729100005,16.420782116000055],[101.24085693500007,16.41988089700004],[101.24219698700006,16.42021524300003],[101.24625456200005,16.419899695000026],[101.24645823400004,16.418056402000047],[101.24757855800004,16.417874527000038],[101.24888979700006,16.416344904000027],[101.25228380600004,16.41531147200004],[101.25449469400007,16.416048199000045],[101.25437643200007,16.417220844000042],[101.25605936200009,16.418430640000054],[101.26092916500005,16.419485223000038],[101.26521076000006,16.423030539000024],[101.26878461300004,16.421567375000052],[101.27162071600009,16.421663183000078],[101.27220527700007,16.422651578000057],[101.27546655700007,16.42282632900003],[101.27765742800005,16.424290358000064],[101.28145318500003,16.423756765000064],[101.28536583000005,16.426054747000023],[101.29063107100006,16.42471678100003],[101.29245487900005,16.42556834900006],[101.29454340600006,16.425534086000027],[101.29590454300006,16.427896086000032],[101.29929506800005,16.42877235800006],[101.30007537900008,16.430092616000024],[101.30212713200007,16.429391730000077],[101.30332717600004,16.428128505000075],[101.30512311100006,16.427838189000056],[101.30904610000005,16.425872984000023],[101.31238074300006,16.42502957000005],[101.31615009600006,16.425217936000024],[101.31652073100008,16.423727518000078],[101.31845234400004,16.422675919000028],[101.32066343000008,16.42243806500005],[101.32090387500006,16.421293348000063],[101.32363553300007,16.420338299000036],[101.32472692600004,16.421134162000044],[101.32601265500006,16.42291922000004],[101.32652742900007,16.428179096000065],[101.32995599200007,16.42859663300004],[101.32874185800006,16.430849739000053],[101.32269676700008,16.433825944000034],[101.32043733000006,16.434549438000033],[101.31840467900008,16.433170376000078],[101.31656251900006,16.433090625000034],[101.31473613500003,16.434524846000045],[101.31373651200005,16.43706254800003],[101.31000178500005,16.436212116000036],[101.30766536400006,16.436829123000052],[101.30627942000007,16.438979543000073],[101.30462483900004,16.438970749000077],[101.30459871300008,16.43995063600005],[101.30273643100008,16.441091482000047],[101.30265379900004,16.44325924000003],[101.30081780700004,16.444880786000056],[101.30115283500004,16.445457832000045],[101.29866300500004,16.448751280000067],[101.29597140600004,16.448749107000026],[101.29427976000005,16.447663671000043],[101.29180256400008,16.448008707000042],[101.29013178100007,16.44714473500005],[101.28608161900007,16.446811078000053],[101.28579677000005,16.44781365500006],[101.28243987400003,16.44718928900005],[101.27926066900005,16.447130194000067],[101.27676315800005,16.446531064000055],[101.27489630700006,16.447296084000072],[101.27264263700005,16.44688476600004],[101.27100440200007,16.44585568800005],[101.27072985300003,16.44477046700007],[101.26779266700004,16.445032730000037],[101.26844756300005,16.451586599000052],[101.26775480400005,16.454424982000035],[101.26733219700009,16.462808666000058],[101.26913861400004,16.463483353000072],[101.27514469600004,16.46852590900005],[101.27542715000004,16.47932343900004],[101.27546000600006,16.488416930000028],[101.27416595500006,16.48856232600002],[101.27361013200004,16.490519638000023],[101.26857024900005,16.489607377000027],[101.26754762600007,16.495656633000067],[101.26674506700004,16.496810609000022],[101.26308581200004,16.497191074000057],[101.26296538100007,16.50173385100004],[101.25941531300003,16.50372460600005],[101.26033237900003,16.50526470500006],[101.25951558700007,16.50586332100005],[101.26173382000007,16.51242039300007],[101.26629196200008,16.524744743000042],[101.26695989400008,16.527526355000077],[101.26804270300005,16.529204853000067],[101.26527142800006,16.531166813000027],[101.26305136200006,16.53169883000004],[101.26022346100007,16.533686232000036],[101.25813875500006,16.533934430000045],[101.25678419600007,16.536349991000066],[101.25736692700008,16.538235627000063],[101.25443645300004,16.54066823000005],[101.25276781900004,16.541263179000055],[101.25300167400007,16.54346420400003],[101.24929603000004,16.54410278000006],[101.24758799800009,16.54724960300007],[101.24756663100004,16.549602479000043],[101.24442057400006,16.54914007700006],[101.24153986300007,16.550514989000078],[101.23658772100003,16.548656307000044],[101.23396193400004,16.54646004800003],[101.23269451600004,16.545458019000023],[101.23023277100003,16.54500374500003],[101.22937519200008,16.543159582000044],[101.23030177500004,16.542356297000026],[101.22978202900003,16.540155664000054],[101.22848124600006,16.54029186400004],[101.22675772900004,16.538803741000038],[101.22833673000008,16.536617077000074],[101.22959208500004,16.535851639000043],[101.22848440500007,16.532904006000024],[101.22938683900009,16.532192707000036],[101.22899390600008,16.529259886000034],[101.22811343500007,16.52665791000004],[101.22768541300007,16.522799030000044],[101.22497978200005,16.522655523000026],[101.22591578600009,16.521079884000073],[101.22400647600006,16.52069586600004],[101.22295517100008,16.518454645000077],[101.22095307000006,16.517816380000056],[101.21948450700006,16.51447461600003],[101.22004157500004,16.510254755000062],[101.21929099100004,16.50861859200006],[101.21959400900005,16.505358140000055],[101.21816812000009,16.50270697700006],[101.21741619500006,16.502816051000025],[101.21669532900006,16.500957507000066],[101.21816682300005,16.49815798000003],[101.22001521300007,16.497739593000063],[101.22270994800004,16.495883350000042],[101.22270578400008,16.494717511000033],[101.22124198200004,16.48801069600006],[101.21801959600003,16.484846360000063],[101.21646974400005,16.48271737600004],[101.21561922200004,16.47982227600005],[101.21341029200005,16.47658464600005],[101.21338387800006,16.47374359400004],[101.21420984600007,16.46933234900007],[101.21296834100008,16.466358257000024],[101.21008545100005,16.463635011000065],[101.21063491400008,16.459002764000047],[101.21466311800003,16.457106560000057],[101.21474169100009,16.455507699000066],[101.21808262900004,16.454283046000057],[101.21849274200008,16.452907139000047],[101.21694670000005,16.449383269000066],[101.21502117800009,16.447577314000057],[101.21430046800003,16.444381357000054],[101.21614914300005,16.443826990000048],[101.21612873000004,16.439208373000042],[101.21267628000004,16.436899166000046],[101.21129911300005,16.43450937600005],[101.21060294700004,16.42820131600007],[101.21067398900004,16.425907118000055],[101.20957833000006,16.41796862500007]]]},"properties":{"Shape_Leng":0.560066398325,"Shape_Area":0.00713624018389,"ADM3_EN":"Ban Khok","ADM3_TH":"บ้านโคก","ADM3_PCODE":"TH670109","ADM2_EN":"Mueang Phetchabun","ADM2_TH":"เมืองเพชรบูรณ์","ADM2_PCODE":"TH6701","ADM1_EN":"Phetchabun","ADM1_TH":"เพชรบูรณ์","ADM1_PCODE":"TH67","ADM0_EN":"Thailand","ADM0_TH":"ประเทศไทย","ADM0_PCODE":"TH"}},
{"type":"Feature","geometry":{"type":"Polygon","coordinates":[[[101.14450142700008,16.288623354000038],[101.14583055200006,16.28972649900004],[101.14579650000007,16.291345857000067],[101.14736115800008,16.293795875000058],[101.14956288500008,16.295025473000067],[101.15031158600004,16.296240467000075],[101.15060254000008,16.299474597000028],[101.15352652000007,16.298971651000045],[101.15589464300007,16.299445681000066],[101.15732228400009,16.301098413000034],[101.15694165700006,16.303697303000035],[101.15773123000008,16.305525595000063],[101.15962866400008,16.30742977700004],[101.15968620100006,16.310839013000077],[101.15900095000006,16.312661392000052],[101.15975890100003,16.31336101200003],[101.16099441600005,16.316857769000023],[101.16443397900008,16.322662361000027],[101.16418980900005,16.323633210000025],[101.16596494500004,16.326387255000043],[101.16570953800004,16.328412728000046],[101.16654281700005,16.330151569000066],[101.16857370700006,16.332138206000025],[101.17034562500004,16.332647291000058],[101.17270189800007,16.335600077000038],[101.17679717500005,16.33763519300004],[101.17673217400005,16.338765325000054],[101.17804143100005,16.340570330000048],[101.17798921700006,16.342668968000055],[101.18127161600006,16.344463759000064],[101.18226194200008,16.348743154000033],[101.18279154700008,16.349524787000064],[101.18590877400004,16.356977248000078],[101.18609879400003,16.359591126000055],[101.17844353800007,16.362365123000075],[101.17749588500004,16.36458770100006],[101.17513065100007,16.365983784000036],[101.17423993100005,16.368789702000072],[101.17126830300003,16.371610305000047],[101.16915217300004,16.372939692000045],[101.16686684900009,16.373392688000024],[101.16652043900007,16.374364550000053],[101.15301591700006,16.381244835000075],[101.15179003700007,16.381281086000058],[101.15134936500004,16.382719291000058],[101.14773156400008,16.382811480000044],[101.14393581400009,16.38361549600006],[101.14120046200009,16.386696612000037],[101.14100423600007,16.387982709000028],[101.13970179400008,16.387929259000032],[101.13866674200005,16.390156501000035],[101.13739239600005,16.391396263000047],[101.13597536400005,16.39464889100003],[101.13529418700006,16.397362198000053],[101.12470829600005,16.385248112000056],[101.12367780300008,16.384476867000046],[101.12152568600004,16.38496972300004],[101.12119356000005,16.383006753000075],[101.12084950300004,16.377351589000057],[101.11982083700008,16.372827909000023],[101.12292154400006,16.352705410000056],[101.12820049100009,16.341175424000028],[101.13097282400008,16.336274728000035],[101.12651337000005,16.32954237000007],[101.12561327100008,16.327087138000024],[101.12361087600004,16.325727173000075],[101.12181347300003,16.321723857000052],[101.12893944700005,16.321724638000035],[101.13781577200007,16.310083230000032],[101.13761558100003,16.309114823000073],[101.13901573400005,16.307711521000044],[101.13816588000009,16.306849871000054],[101.13753495800006,16.302467508000063],[101.14093565800005,16.299349902000074],[101.14052575600005,16.29801178100007],[101.14137005600008,16.296802677000073],[101.14267310300005,16.296740274000058],[101.14174680600007,16.29520124800007],[101.14273562300008,16.294096672000023],[101.14238208400008,16.292589063000037],[101.14346606800007,16.291332047000026],[101.14195611600007,16.28994837700003],[101.14450142700008,16.288623354000038]]]},"properties":{"Shape_Leng":0.322499976444,"Shape_Area":0.00377545589828,"ADM3_EN":"Chon Phrai","ADM3_TH":"ชอนไพร","ADM3_PCODE":"TH670110","ADM2_EN":"Mueang Phetchabun","ADM2_TH":"เมืองเพชรบูรณ์","ADM2_PCODE":"TH6701","ADM1_EN":"Phetchabun","ADM1_TH":"เพชรบูรณ์","ADM1_PCODE":"TH67","ADM0_EN":"Thailand","ADM0_TH":"ประเทศไทย","ADM0_PCODE":"TH"}},
{"type":"Feature","geometry":{"type":"Polygon","coordinates":[[[101.39291008200007,16.37281520500005],[101.39622726300007,16.37465036900005],[101.39938216100006,16.377010146000032],[101.40530890100007,16.37788230600006],[101.40767240300005,16.38008888300004],[101.40907188700004,16.383079659000032],[101.40973174100009,16.389943093000056],[101.40818267900005,16.39232088800003],[101.40844223100004,16.393288898000037],[101.40673304700005,16.393915641000035],[101.40373318700006,16.39684093300002],[101.40103054400004,16.397665636000056],[101.40015991500007,16.400455643000043],[101.40091435900007,16.401638253000044],[101.40355270000003,16.40224272200004],[101.40562338600006,16.403489368000066],[101.40565556000007,16.406109714000024],[101.40695892700006,16.407856809000066],[101.41048580300009,16.407089099000075],[101.41312768700004,16.408396684000024],[101.41642775400004,16.408313873000054],[101.41735043600005,16.410764049000022],[101.41590722200004,16.410827466000057],[101.41225705500005,16.412303535000035],[101.40850304200006,16.412717128000054],[101.40434424800009,16.411673003000033],[101.40230410700008,16.409637194000027],[101.40051535100008,16.408859414000062],[101.39925666700003,16.40635810400005],[101.39779512400008,16.40552818900005],[101.39385935000007,16.405746383000064],[101.39250282600005,16.407681057000048],[101.38802888400005,16.408714175000057],[101.38709759900007,16.410465629000043],[101.38115668000006,16.415071889000046],[101.37858153600007,16.41659971100006],[101.37408264000004,16.415854359000036],[101.37098051400005,16.416626919000066],[101.36933573200008,16.415268707000052],[101.36789013000003,16.41520288600003],[101.36549626800007,16.416601833000072],[101.36051614200005,16.416461438000056],[101.35687969300005,16.416929028000027],[101.35460122100005,16.41628148800004],[101.35251183700007,16.417066586000033],[101.35044658400005,16.416529336000053],[101.34643116000007,16.41795267200007],[101.34063405200004,16.418700169000033],[101.33551056800007,16.418248978000065],[101.33377039900006,16.419122204000075],[101.33261875200009,16.420764242000075],[101.33110810100004,16.421369198000036],[101.32851207000004,16.421144780000077],[101.32705825600004,16.421679295000047],[101.32472692600004,16.421134162000044],[101.32363553300007,16.420338299000036],[101.32090387500006,16.421293348000063],[101.32066343000008,16.42243806500005],[101.31845234400004,16.422675919000028],[101.31652073100008,16.423727518000078],[101.31615009600006,16.425217936000024],[101.31238074300006,16.42502957000005],[101.30904610000005,16.425872984000023],[101.30512311100006,16.427838189000056],[101.30332717600004,16.428128505000075],[101.30212713200007,16.429391730000077],[101.30007537900008,16.430092616000024],[101.29929506800005,16.42877235800006],[101.29590454300006,16.427896086000032],[101.29454340600006,16.425534086000027],[101.29245487900005,16.42556834900006],[101.29063107100006,16.42471678100003],[101.28536583000005,16.426054747000023],[101.28145318500003,16.423756765000064],[101.27765742800005,16.424290358000064],[101.27546655700007,16.42282632900003],[101.27220527700007,16.422651578000057],[101.27162071600009,16.421663183000078],[101.26878461300004,16.421567375000052],[101.26521076000006,16.423030539000024],[101.26092916500005,16.419485223000038],[101.25605936200009,16.418430640000054],[101.25437643200007,16.417220844000042],[101.25449469400007,16.416048199000045],[101.25228380600004,16.41531147200004],[101.24888979700006,16.416344904000027],[101.24757855800004,16.417874527000038],[101.24645823400004,16.418056402000047],[101.24625456200005,16.419899695000026],[101.24219698700006,16.42021524300003],[101.24085693500007,16.41988089700004],[101.23716729100005,16.420782116000055],[101.23712916000005,16.422604082000078],[101.23553219100006,16.423013339000022],[101.23254445600008,16.422066464000068],[101.23049361900007,16.422516981000058],[101.23003776000007,16.42189744700005],[101.22712562400005,16.42181273400007],[101.22566628400006,16.423142808000023],[101.22422908000004,16.42334216200004],[101.22027512700004,16.42135343800004],[101.21896599200005,16.421387733000074],[101.21576293700008,16.419048700000076],[101.21241498300009,16.41928964300007],[101.21177665600004,16.418480638000062],[101.20957833000006,16.41796862500007],[101.20820252900006,16.41723494400003],[101.20789758100005,16.41599737100006],[101.20633750500008,16.415370910000036],[101.20660520300004,16.413537131000055],[101.20540695200003,16.412517709000042],[101.20315824400006,16.412269242000036],[101.19860445200004,16.410539533000076],[101.19660541400003,16.41117077900003],[101.19517101400004,16.41027695100007],[101.19416113600005,16.411028163000026],[101.19134652100007,16.41163768100006],[101.18800729500003,16.41299463100006],[101.18514596900008,16.41494554600007],[101.18333575300005,16.414996931000076],[101.18345832500006,16.412445157000036],[101.18460581600004,16.411107878000053],[101.18411452600009,16.409380858000077],[101.17936123300007,16.406126588000063],[101.17936615000008,16.40430898900007],[101.17581771800008,16.401023903000066],[101.17383610300004,16.397803891000024],[101.17579075500004,16.39520120800006],[101.17432753800006,16.393465567000078],[101.17083196000004,16.395175573000074],[101.17146704700008,16.393168469000045],[101.16994710300008,16.393017960000066],[101.16950209600009,16.39017262400006],[101.16741720600004,16.390712920000055],[101.16663142400006,16.386989028000073],[101.16386266300003,16.386326823000047],[101.16215051800003,16.386789080000028],[101.16038103700004,16.38306446200005],[101.15681475200006,16.38185131700004],[101.15561802000008,16.382416145000036],[101.15316450700004,16.382214137000062],[101.15301591700006,16.381244835000075],[101.16652043900007,16.374364550000053],[101.16686684900009,16.373392688000024],[101.16915217300004,16.372939692000045],[101.17126830300003,16.371610305000047],[101.17423993100005,16.368789702000072],[101.17513065100007,16.365983784000036],[101.17749588500004,16.36458770100006],[101.17844353800007,16.362365123000075],[101.18609879400003,16.359591126000055],[101.19013992100008,16.356615314000067],[101.19395739200007,16.357025693000026],[101.19928489700004,16.356689816000028],[101.20731747400004,16.358112392000066],[101.20912738200008,16.358028647000026],[101.21065338100004,16.356799721000073],[101.21194653500004,16.35603253100004],[101.21411470100009,16.356160230000057],[101.22175268200004,16.359207972000036],[101.23870190100007,16.364940605000072],[101.24365311600008,16.36798649600007],[101.24883701900006,16.37057413900004],[101.25257999300004,16.370802489000027],[101.25514351900006,16.370046029000036],[101.25571088600009,16.36918253300007],[101.25945719500004,16.367382666000026],[101.26022603600006,16.366507213000034],[101.26248031600005,16.367059593000022],[101.26273964300003,16.365502503000073],[101.26425229500006,16.36427024900007],[101.27033343600004,16.365581081000073],[101.27248460700008,16.367840095000076],[101.27283960800008,16.369092247000026],[101.27708692300007,16.370172066000066],[101.27996223900004,16.369740378000074],[101.28062697300004,16.371063304000074],[101.28400624600005,16.37235374900007],[101.28489671300008,16.374130937000075],[101.28631589400004,16.37474045500005],[101.28714458000007,16.376272372000074],[101.29017430000005,16.37551951000006],[101.29094028900005,16.37687843300006],[101.29261030600009,16.376779835000036],[101.29411756000007,16.37548300800006],[101.29701020600004,16.377331752000032],[101.29894012000005,16.377226128000075],[101.30103536800004,16.377989067000044],[101.30283625300007,16.37657398400006],[101.30482067300005,16.376165427000046],[101.30586226100007,16.374259119000044],[101.30761888700005,16.376203831000055],[101.31013122200005,16.375379145000068],[101.31252622200009,16.376968246000047],[101.31800574000005,16.377576084000054],[101.32141972600004,16.377112888000056],[101.32392022300007,16.374868710000044],[101.32791068100005,16.375012913000035],[101.32998142200006,16.376646752000056],[101.32980337000004,16.379944134000027],[101.33273196900006,16.38130690500003],[101.33455169700005,16.38018174000007],[101.33955840700008,16.379753294000068],[101.34426597000004,16.37859364700006],[101.34739019300008,16.375671579000027],[101.35178292300009,16.374663853000072],[101.35316549100008,16.377120754000032],[101.35538743300003,16.376933309000037],[101.35795450200004,16.377984298000058],[101.36000501700005,16.374315796000076],[101.36241516100006,16.373466437000047],[101.36626648700008,16.37448868000007],[101.36939315500007,16.37477367300005],[101.37864986300008,16.374796471000025],[101.37977629200009,16.374532233000025],[101.38160375600006,16.37245986000005],[101.38479736800008,16.372899138000037],[101.38806117300004,16.374763055000074],[101.39291008200007,16.37281520500005]]]},"properties":{"Shape_Leng":0.705385836592,"Shape_Area":0.0114416686239,"ADM3_EN":"Na Pa","ADM3_TH":"นาป่า","ADM3_PCODE":"TH670111","ADM2_EN":"Mueang Phetchabun","ADM2_TH":"เมืองเพชรบูรณ์","ADM2_PCODE":"TH6701","ADM1_EN":"Phetchabun","ADM1_TH":"เพชรบูรณ์","ADM1_PCODE":"TH67","ADM0_EN":"Thailand","ADM0_TH":"ประเทศไทย","ADM0_PCODE":"TH"}},
{"type":"Feature","geometry":{"type":"Polygon","coordinates":[[[101.21453151300005,16.275628133000055],[101.20762515200005,16.27766784000005],[101.20481845400008,16.277298977000044],[101.20300425000005,16.27654678700003],[101.19921917000005,16.276517865000073],[101.19577367200009,16.276931379000075],[101.19593015400005,16.27824713900003],[101.19380119100003,16.281916040000056],[101.19453527200005,16.282803390000026],[101.19366210800007,16.28480587400003],[101.19228287100003,16.28558644000003],[101.19072345100005,16.287728796000067],[101.18817745200005,16.288502720000054],[101.18550422800007,16.285682139000073],[101.18400771500006,16.284838876000038],[101.17954686100006,16.27920281100006],[101.17662598000004,16.279852301000062],[101.17437688500007,16.282328863000032],[101.17135105200003,16.28432570600006],[101.16683077000005,16.288020499000027],[101.16543924400008,16.288475790000064],[101.16238280100004,16.283180593000054],[101.15877077600004,16.278805417000058],[101.15739833400005,16.275662873000044],[101.15571884100007,16.273765727000068],[101.15317288300008,16.272885704000032],[101.14669229200007,16.27583072400006],[101.14323950000005,16.27657015500006],[101.14216239200005,16.27660331800007],[101.13596681700005,16.28036744600007],[101.13033242600005,16.284879267000065],[101.12586183300004,16.285777906000078],[101.12237028500004,16.287661547000027],[101.11705801500005,16.289628553000057],[101.11309131900003,16.290666013000077],[101.11257183400005,16.292734272000075],[101.11028161300004,16.294607728000074],[101.10925403200008,16.29418469600006],[101.10686014700008,16.295843200000036],[101.10442055400006,16.296826105000036],[101.10574855100003,16.30025322000006],[101.10543567500008,16.302905784000075],[101.10331638000008,16.30488673900004],[101.10226020500005,16.30789256500003],[101.10030453400009,16.30828325300007],[101.09927464700007,16.309381101000042],[101.09689731700007,16.309057533000043],[101.09534216100008,16.309769354000025],[101.09199013000006,16.308463611000036],[101.08803114600005,16.309132670000054],[101.08758684600008,16.30854141800006],[101.08393020000005,16.310362517000044],[101.08238759800008,16.312758489000032],[101.08215107800004,16.310725465000075],[101.08395220500006,16.305029555000033],[101.08590621300004,16.30165120500004],[101.08848921100008,16.296168462000026],[101.09095021400003,16.294813696000062],[101.09290179800007,16.295932080000057],[101.09492927100007,16.294834740000056],[101.10032524400003,16.294083079000075],[101.10107579500004,16.293296595000072],[101.10065868500004,16.28945997200003],[101.09877516000006,16.286478230000057],[101.09493657500008,16.283302115000026],[101.09039145700007,16.278565007000054],[101.08506931200009,16.273737893000032],[101.08204930400007,16.269762614000058],[101.08123204400005,16.266434115000038],[101.08250623700008,16.264458271000024],[101.08355992200006,16.264254531000063],[101.08388047200003,16.261445921000075],[101.08464531500005,16.260539467000058],[101.08400293200003,16.258981877000053],[101.08481584800006,16.25751349500007],[101.08396947700004,16.25591361000005],[101.08427666100005,16.254123848000063],[101.08497996200003,16.242741614000067],[101.08854488800006,16.241693963000046],[101.09301747800004,16.241248959000075],[101.09854785400006,16.235011331000067],[101.09899388200006,16.234216470000035],[101.10159524700003,16.234297342000048],[101.10338526400005,16.229154553000058],[101.10593235600004,16.227865062000035],[101.10863841200006,16.229048952000028],[101.10872498700007,16.228371373000073],[101.11454404100004,16.22740703900007],[101.12036901000005,16.229503124000075],[101.12630143900009,16.230299677000062],[101.12660120400005,16.23167473600006],[101.12809139700005,16.232606090000047],[101.12888196700004,16.231592438000064],[101.13080074100009,16.231787676000067],[101.13005517300007,16.230411942000046],[101.12942063300005,16.226557609000054],[101.13035229800005,16.223008200000038],[101.13232470700007,16.222302024000044],[101.13190911300006,16.219103007000058],[101.12930306200008,16.219867829000066],[101.12949741800008,16.21818461500004],[101.12715081300007,16.21778194600006],[101.12756938000007,16.21656321300003],[101.13005016900007,16.215227897000034],[101.13032362300004,16.216245349000076],[101.13189300200008,16.21546870900005],[101.13166913600008,16.214279954000062],[101.13485656400007,16.215867735000074],[101.13721783300008,16.213115524000045],[101.13669134100007,16.211470942000062],[101.13799161500003,16.20983673300003],[101.13810135000006,16.208565255000053],[101.14403584900003,16.211539850000065],[101.15001962900004,16.205913079000027],[101.15707672200006,16.19653445800003],[101.15756326800005,16.192470439000033],[101.16191648300008,16.187944359000028],[101.16549651200006,16.183871903000068],[101.16508350100008,16.181727368000054],[101.16170244000006,16.179451964000066],[101.16227703500005,16.176776494000023],[101.16377245100006,16.17260458000004],[101.16491974300004,16.167930118000072],[101.16870012600003,16.167483039000047],[101.17095079600006,16.16529785000006],[101.17157543700006,16.16301485100007],[101.17303070200006,16.16154990600006],[101.17497713200004,16.161526597000034],[101.17512477000008,16.15989821000005],[101.17632731800006,16.157422245000078],[101.17699635700006,16.153482362000034],[101.17583391100004,16.151750809000077],[101.17591000500005,16.148075549000055],[101.17657010600004,16.146631832000025],[101.17713696800007,16.14694512500006],[101.18244042500004,16.146181323000064],[101.18427229700006,16.147491655000067],[101.18893841900007,16.146383119000063],[101.19263748200007,16.148332614000026],[101.19177777400006,16.15108916500003],[101.19111709700007,16.154877330000033],[101.19143538600008,16.15697040300006],[101.19109381000004,16.159326484000076],[101.19244218600005,16.16192684500004],[101.19367929900005,16.16304967800005],[101.19458228800005,16.166926532000048],[101.19442103900008,16.169553954000037],[101.19549329600005,16.174275203000036],[101.19395471500007,16.17631516600005],[101.19422902700006,16.177710002000026],[101.19566837100007,16.178695945000072],[101.19807163700006,16.178041309000037],[101.20095762700004,16.17963283000006],[101.20316800700004,16.180059388000075],[101.20535782300004,16.178826704000073],[101.20547085200008,16.175121552000064],[101.20697080600007,16.17105241300004],[101.21050848500005,16.17129300600004],[101.21428694800005,16.170128937000072],[101.21679531100006,16.17051182800003],[101.22048512700007,16.169501094000054],[101.21965669900004,16.169085874000075],[101.22104052800006,16.166595014000052],[101.22300724100006,16.169432332000042],[101.22472012600008,16.17003895600004],[101.22672577300006,16.171948325000074],[101.23065544500008,16.16939063600006],[101.23172627000008,16.167735573000073],[101.23415688300008,16.16862819200003],[101.23523308800009,16.16783117800003],[101.23704363700006,16.16860061700004],[101.23966522800004,16.16835770700004],[101.24264810200003,16.16589988100003],[101.24549776800006,16.168107948000056],[101.24642982900008,16.171255893000023],[101.24860075800007,16.173731257000043],[101.24769800800004,16.175695605000044],[101.24919576800005,16.179779060000044],[101.25247046600003,16.180673065000065],[101.25630238400004,16.180218540000055],[101.25786276900004,16.180631637000033],[101.26099136400006,16.179140869000037],[101.26367686300006,16.18060573400004],[101.26686677600009,16.180845189000024],[101.26909709800003,16.180269379000038],[101.27019060000003,16.17598601800006],[101.27292068600008,16.176971509000055],[101.27473614100006,16.178624108000065],[101.27769576600008,16.179219990000036],[101.27915971900006,16.180227030000026],[101.28060691400003,16.180163917000073],[101.28214596800007,16.181210517000068],[101.28488160400008,16.18025939200004],[101.28783029600004,16.184846512000036],[101.28781736100007,16.18579724600005],[101.28944960500007,16.18676199400005],[101.29210976300004,16.186641010000073],[101.29312514500003,16.189898709000033],[101.29397316300003,16.189135141000065],[101.29510754100005,16.19002877300005],[101.29854835900005,16.189770891000023],[101.29893944100007,16.188996383000074],[101.30205260300005,16.18854870200005],[101.30274414400009,16.18935476000007],[101.30497812100003,16.188140515000043],[101.30580373100008,16.186994895000055],[101.30751158400005,16.189063610000062],[101.30981226900008,16.18973677100007],[101.31176987200007,16.19109219300003],[101.31396515800009,16.188185314000066],[101.31366818500004,16.18575944500003],[101.31581346200005,16.18437248500004],[101.31940872400008,16.183592834000024],[101.31901202700004,16.184353182000052],[101.32319860200005,16.186330460000022],[101.32409165000007,16.187299636000034],[101.32631803300006,16.184688493000067],[101.32530927800008,16.184374502000026],[101.32745426200006,16.181076227000062],[101.32714211000007,16.179332603000034],[101.32917773600008,16.179349956000067],[101.33098631500008,16.178088649000074],[101.33154299700004,16.17438526500007],[101.33261532500006,16.173071974000038],[101.33564727700008,16.171943342000077],[101.33764971300008,16.17337579200006],[101.33783141100008,16.177046088000054],[101.33983117800005,16.178410988000053],[101.34040770700005,16.181619882000064],[101.34295124600004,16.183061483000074],[101.34522155200005,16.181499786000074],[101.34550240900006,16.180340818000047],[101.34821924500005,16.180528157000026],[101.35170630600004,16.179204909000077],[101.35318300200004,16.180012103000024],[101.35450728700005,16.181958743000052],[101.35405094600009,16.183839970000065],[101.35854769100007,16.183312544000046],[101.35917056500006,16.187338926000052],[101.36038544200005,16.189082579000058],[101.35828650300004,16.190099361000023],[101.35818195600007,16.191739933000065],[101.36134221400005,16.191712534000033],[101.36313621500005,16.192611887000055],[101.36660262300006,16.191386694000073],[101.36769741400008,16.19273228000003],[101.36865179900008,16.191817498000034],[101.36790987000006,16.19097650300006],[101.37039938400005,16.19032689100004],[101.37081762800005,16.191627027000038],[101.37469933700004,16.191240011000048],[101.37489731000005,16.189326723000022],[101.37679305700004,16.187916980000068],[101.37919967000005,16.188617024000052],[101.37889689700006,16.18761951500005],[101.37995870200007,16.188204016000043],[101.37995067500003,16.18974478900003],[101.37863852500004,16.191978565000056],[101.37729496000009,16.19315162600003],[101.37631931000004,16.19624350400005],[101.37519698500006,16.196777818000044],[101.37377219000007,16.200609718000067],[101.37264862200004,16.207012143000043],[101.37327586400005,16.209535569000025],[101.37448024700006,16.211136168000053],[101.37510372200006,16.214405041000077],[101.37333091900007,16.217587731000037],[101.37113338700004,16.21941907100006],[101.37046069400009,16.221799006000026],[101.36771831300007,16.22506297500007],[101.36690824200008,16.22699142400006],[101.36887335500006,16.23069212000007],[101.37065839100006,16.232602177000047],[101.37080838000008,16.235367045000032],[101.37164454400005,16.23727013200005],[101.37354056500004,16.239120486000047],[101.37356906600007,16.24149257700003],[101.37115049700009,16.24371287200006],[101.36679331400006,16.24462958400005],[101.36456626200004,16.24588532000007],[101.36227713900007,16.249864262000074],[101.36173986300008,16.250000112000066],[101.36109664000008,16.253494266000075],[101.35620755200006,16.256884393000064],[101.35507636000006,16.25848577100004],[101.35481047300004,16.260871352000038],[101.35644748600004,16.263234656000066],[101.35813971400006,16.268476710000073],[101.36086009900004,16.268776672000058],[101.36292742800003,16.26806552200003],[101.36465511100005,16.269976577000023],[101.36609068700005,16.269980802000077],[101.36829580200003,16.273558619000028],[101.37144661600007,16.273947048000025],[101.37040931100006,16.275789904000078],[101.36568617700004,16.27499683600007],[101.36195873100007,16.27272092800007],[101.36054989700006,16.27239021400004],[101.35531605100005,16.27381896600002],[101.35264084800008,16.27085193000005],[101.35203306600005,16.26880007400007],[101.35037969600006,16.267795524000064],[101.34694374300005,16.26840432700004],[101.34481747000007,16.27012072200006],[101.34258998100006,16.268413467000073],[101.34048098800008,16.269144966000056],[101.33874103000005,16.27153101300007],[101.33700570200006,16.27107601000006],[101.33556369300004,16.271789952000063],[101.33305717300004,16.270912961000022],[101.33192921800008,16.269544401000076],[101.33015091700008,16.26876743300005],[101.32855052300005,16.26587804600007],[101.32585946600005,16.264341909000052],[101.32517473500008,16.265013977000024],[101.32357454000004,16.263927299000045],[101.32185903000004,16.263771621000046],[101.31980993700006,16.264865151000038],[101.31803943800008,16.264316558000075],[101.31353971200008,16.26423920700006],[101.31216215500007,16.263642614000048],[101.30837346600003,16.265911859000028],[101.30660878700007,16.26586010500006],[101.30086574600006,16.263619067000036],[101.29595113500005,16.26378287500006],[101.29387604200008,16.264428598000052],[101.29170872000009,16.263791123000033],[101.28576206200006,16.264506703000052],[101.28191568400007,16.264245181000035],[101.27784636600006,16.26205246400002],[101.27633606800003,16.260533241000076],[101.27317835000008,16.258462183000063],[101.26852653400005,16.258341974000075],[101.26373391100009,16.257041576000063],[101.26027971600007,16.254467943000066],[101.25738264800003,16.25590210400003],[101.25392874400006,16.255835669000078],[101.25076467100007,16.256758261000073],[101.24964078500005,16.258332780000046],[101.24821184600006,16.26503206600006],[101.24654961400006,16.267307483000025],[101.24530457600008,16.27296513500005],[101.24500917000006,16.278747287000044],[101.23978597800004,16.28294333200006],[101.23610993700004,16.284258830000056],[101.23330289100005,16.283623916000067],[101.22910605900006,16.280802062000078],[101.21802498500006,16.27620870800007],[101.21453151300005,16.275628133000055]]]},"properties":{"Shape_Leng":1.15091980278,"Shape_Area":0.0247516949916,"ADM3_EN":"Na Yom","ADM3_TH":"นายม","ADM3_PCODE":"TH670112","ADM2_EN":"Mueang Phetchabun","ADM2_TH":"เมืองเพชรบูรณ์","ADM2_PCODE":"TH6701","ADM1_EN":"Phetchabun","ADM1_TH":"เพชรบูรณ์","ADM1_PCODE":"TH67","ADM0_EN":"Thailand","ADM0_TH":"ประเทศไทย","ADM0_PCODE":"TH"}},
{"type":"Feature","geometry":{"type":"Polygon","coordinates":[[[100.96039556500006,16.31536752200003],[100.95925337200003,16.31430021500006],[100.95412926000006,16.312981043000036],[100.95253399200004,16.311440080000068],[100.94892522300006,16.31054262600003],[100.94548009900006,16.311003183000025],[100.94206206400008,16.308623728000043],[100.94271350900004,16.30440617100004],[100.94587022900004,16.302507176000063],[100.94740112800008,16.299228140000025],[100.95502786600008,16.29215539100005],[100.95622631300006,16.289121050000062],[100.96248101800006,16.28515747800003],[100.96247828100007,16.283480153000028],[100.96381596700007,16.281349721000026],[100.96186839400008,16.275985855000044],[100.96042197600008,16.27356302800007],[100.96194509800006,16.27218264800007],[100.96164156400005,16.270884359000036],[100.96378653100004,16.269464853000045],[100.96500789100008,16.26671287100004],[100.96477668100005,16.265123003000042],[100.96572144800007,16.263184886000033],[100.96881794600006,16.260528132000047],[100.97043717400004,16.260721167000042],[100.97046935100008,16.25968178900007],[100.97236926100004,16.258527576000063],[100.97815050000008,16.25773753900006],[100.98077743000005,16.255487456000026],[100.98196950600004,16.253644132000034],[100.98332478900005,16.24901514900006],[100.98301492400009,16.24487100500005],[100.98456214600009,16.243401713000026],[100.98400257900005,16.240908648000072],[100.98331309200006,16.23431299500004],[100.98270587100006,16.231818486000066],[100.98243983800006,16.227236127000026],[100.98267608600008,16.225838891000024],[100.98379574600006,16.225503811000067],[100.98760184600008,16.225958883000033],[100.98911493500003,16.225669613000036],[100.99166667200006,16.226626594000038],[100.99327122400007,16.226233421000074],[100.99359091700006,16.224863394000067],[100.99304944200009,16.22185476800007],[100.99416504000004,16.21796522900007],[100.99348187200007,16.215846374000023],[100.99413378100007,16.213513996000074],[100.99874779700008,16.212946190000025],[101.00495240000004,16.212837728000068],[101.00770113100003,16.213891319000027],[101.00962682100004,16.213919902000043],[101.01150113900007,16.21270584100006],[101.01268457500004,16.214249765000034],[101.01461269600009,16.211340866000057],[101.01652367900004,16.213101272000074],[101.01863430200007,16.21060871700007],[101.02116922400006,16.211164886000063],[101.02156156300003,16.209807152000053],[101.02018280400006,16.20917621700005],[101.01966884700005,16.20671657500003],[101.02011764800005,16.20491720800004],[101.02332794700004,16.205064657000037],[101.02376369000007,16.204337254000052],[101.02855798100006,16.204477238000038],[101.02921931500003,16.202973959000076],[101.03085948500006,16.20469842800003],[101.03374420800009,16.20492662600003],[101.03246352400004,16.20612847800004],[101.03508136300007,16.20782857200004],[101.03614811400007,16.207571658000063],[101.03577315700005,16.203872424000053],[101.03900914900004,16.203073079000035],[101.04179835300005,16.205052186000046],[101.04431590600007,16.203690701000028],[101.04677975600003,16.203209315000038],[101.04777532300005,16.203888284000072],[101.04901001900004,16.203092733000062],[101.05043802900008,16.214227418000064],[101.05145537600004,16.216783296000074],[101.05489666700004,16.21881895200005],[101.05491178000005,16.219579442000054],[101.05686522400003,16.22003922400006],[101.06050896600004,16.218750243000045],[101.06218668800005,16.219476713000063],[101.06334160000006,16.222227141000076],[101.06598488800006,16.223351516000037],[101.07438277100005,16.228741897000077],[101.08258275100007,16.23674194000006],[101.08391454500008,16.239297316000034],[101.08497996200003,16.242741614000067],[101.08427666100005,16.254123848000063],[101.08396947700004,16.25591361000005],[101.08481584800006,16.25751349500007],[101.08400293200003,16.258981877000053],[101.08464531500005,16.260539467000058],[101.08388047200003,16.261445921000075],[101.08355992200006,16.264254531000063],[101.08250623700008,16.264458271000024],[101.08123204400005,16.266434115000038],[101.08204930400007,16.269762614000058],[101.08506931200009,16.273737893000032],[101.09039145700007,16.278565007000054],[101.09493657500008,16.283302115000026],[101.09877516000006,16.286478230000057],[101.10065868500004,16.28945997200003],[101.10107579500004,16.293296595000072],[101.10032524400003,16.294083079000075],[101.09492927100007,16.294834740000056],[101.09290179800007,16.295932080000057],[101.09095021400003,16.294813696000062],[101.08848921100008,16.296168462000026],[101.08590621300004,16.30165120500004],[101.08395220500006,16.305029555000033],[101.08215107800004,16.310725465000075],[101.08238759800008,16.312758489000032],[101.08118827600003,16.313964184000042],[101.07522320900006,16.313990068000066],[101.06971417100004,16.315801288000046],[101.06727070800008,16.315944165000076],[101.06393068900007,16.315138197000067],[101.05614553100008,16.312008536000064],[101.05295231000008,16.310311005000074],[101.04762410200004,16.30939687800003],[101.04443429500009,16.307010853000065],[101.04278757300006,16.306633910000073],[101.04183728100008,16.304228843000033],[101.03917296000009,16.30291481200004],[101.03716258200006,16.303348897000035],[101.03624418600003,16.29927962100004],[101.03027916600007,16.29952829900003],[101.02549866500004,16.299191257000075],[101.02019665300008,16.30033955300007],[101.01556993600008,16.300877743000058],[101.01249795500007,16.29948316100007],[101.00850760700007,16.29894247200002],[101.00241070900006,16.299609993000047],[100.99991259700005,16.30071845300006],[100.99326010600004,16.30655146600003],[100.98852221200008,16.31046662700004],[100.98640288300004,16.313036457000067],[100.98549437800006,16.315115683000045],[100.98129007600005,16.315252937000025],[100.97827415400008,16.31459691400005],[100.96720882500006,16.316086703000053],[100.96515366000006,16.316141092000066],[100.96267903300009,16.315396774000078],[100.96039556500006,16.31536752200003]]]},"properties":{"Shape_Leng":0.543237650312,"Shape_Area":0.0109229213858,"ADM3_EN":"Wang Chomphu","ADM3_TH":"วังชมภู","ADM3_PCODE":"TH670113","ADM2_EN":"Mueang Phetchabun","ADM2_TH":"เมืองเพชรบูรณ์","ADM2_PCODE":"TH6701","ADM1_EN":"Phetchabun","ADM1_TH":"เพชรบูรณ์","ADM1_PCODE":"TH67","ADM0_EN":"Thailand","ADM0_TH":"ประเทศไทย","ADM0_PCODE":"TH"}},
{"type":"Feature","geometry":{"type":"Polygon","coordinates":[[[101.21065338100004,16.356799721000073],[101.20912738200008,16.358028647000026],[101.20731747400004,16.358112392000066],[101.19928489700004,16.356689816000028],[101.19395739200007,16.357025693000026],[101.19013992100008,16.356615314000067],[101.18609879400003,16.359591126000055],[101.18590877400004,16.356977248000078],[101.18279154700008,16.349524787000064],[101.18226194200008,16.348743154000033],[101.18127161600006,16.344463759000064],[101.17798921700006,16.342668968000055],[101.17804143100005,16.340570330000048],[101.17673217400005,16.338765325000054],[101.17679717500005,16.33763519300004],[101.17270189800007,16.335600077000038],[101.17034562500004,16.332647291000058],[101.16857370700006,16.332138206000025],[101.16654281700005,16.330151569000066],[101.16570953800004,16.328412728000046],[101.16596494500004,16.326387255000043],[101.16418980900005,16.323633210000025],[101.16443397900008,16.322662361000027],[101.16099441600005,16.316857769000023],[101.15975890100003,16.31336101200003],[101.15900095000006,16.312661392000052],[101.15968620100006,16.310839013000077],[101.15962866400008,16.30742977700004],[101.15773123000008,16.305525595000063],[101.15694165700006,16.303697303000035],[101.15732228400009,16.301098413000034],[101.15589464300007,16.299445681000066],[101.15352652000007,16.298971651000045],[101.15060254000008,16.299474597000028],[101.15031158600004,16.296240467000075],[101.14956288500008,16.295025473000067],[101.14736115800008,16.293795875000058],[101.14579650000007,16.291345857000067],[101.14583055200006,16.28972649900004],[101.14450142700008,16.288623354000038],[101.14562097000004,16.286762139000075],[101.14699161000004,16.28596441700006],[101.14557496300006,16.28397396200006],[101.14420994300008,16.283764621000046],[101.14511818600005,16.282381421000025],[101.14390046300008,16.280711131000032],[101.14323950000005,16.27657015500006],[101.14669229200007,16.27583072400006],[101.15317288300008,16.272885704000032],[101.15571884100007,16.273765727000068],[101.15739833400005,16.275662873000044],[101.15877077600004,16.278805417000058],[101.16238280100004,16.283180593000054],[101.16543924400008,16.288475790000064],[101.16683077000005,16.288020499000027],[101.17135105200003,16.28432570600006],[101.17437688500007,16.282328863000032],[101.17662598000004,16.279852301000062],[101.17954686100006,16.27920281100006],[101.18400771500006,16.284838876000038],[101.18550422800007,16.285682139000073],[101.18817745200005,16.288502720000054],[101.19072345100005,16.287728796000067],[101.19228287100003,16.28558644000003],[101.19366210800007,16.28480587400003],[101.19453527200005,16.282803390000026],[101.19380119100003,16.281916040000056],[101.19593015400005,16.27824713900003],[101.19577367200009,16.276931379000075],[101.19921917000005,16.276517865000073],[101.20300425000005,16.27654678700003],[101.20481845400008,16.277298977000044],[101.20762515200005,16.27766784000005],[101.21453151300005,16.275628133000055],[101.21615873900004,16.277492921000032],[101.21780702100006,16.280450401000053],[101.21771381200006,16.285105334000036],[101.21570637000008,16.289781319000042],[101.21610815000008,16.29087757900004],[101.21946976600003,16.295055282000078],[101.22154134000004,16.29880021400004],[101.22233402400008,16.299470315000065],[101.22977568200008,16.301744633000055],[101.22877906700006,16.305301618000044],[101.22744252200005,16.308480126000063],[101.22099837600007,16.319376668000075],[101.21961054500008,16.320638217000067],[101.21238291800006,16.325839420000023],[101.20766512700004,16.329586119000055],[101.20462423900005,16.33245731100004],[101.20397202200007,16.33360844300006],[101.20600841400005,16.33677999100007],[101.20753900800008,16.34093602200005],[101.20915306300009,16.350892651000038],[101.20937136000003,16.35478917300003],[101.21065338100004,16.356799721000073]]]},"properties":{"Shape_Leng":0.343934915894,"Shape_Area":0.00403273729462,"ADM3_EN":"Nam Ron","ADM3_TH":"น้ำร้อน","ADM3_PCODE":"TH670114","ADM2_EN":"Mueang Phetchabun","ADM2_TH":"เมืองเพชรบูรณ์","ADM2_PCODE":"TH6701","ADM1_EN":"Phetchabun","ADM1_TH":"เพชรบูรณ์","ADM1_PCODE":"TH67","ADM0_EN":"Thailand","ADM0_TH":"ประเทศไทย","ADM0_PCODE":"TH"}},
{"type":"Feature","geometry":{"type":"Polygon","coordinates":[[[101.08497996200003,16.242741614000067],[101.08391454500008,16.239297316000034],[101.08258275100007,16.23674194000006],[101.07438277100005,16.228741897000077],[101.06598488800006,16.223351516000037],[101.06334160000006,16.222227141000076],[101.06218668800005,16.219476713000063],[101.06050896600004,16.218750243000045],[101.05686522400003,16.22003922400006],[101.05491178000005,16.219579442000054],[101.05489666700004,16.21881895200005],[101.05145537600004,16.216783296000074],[101.05043802900008,16.214227418000064],[101.04901001900004,16.203092733000062],[101.04777532300005,16.203888284000072],[101.04677975600003,16.203209315000038],[101.04431590600007,16.203690701000028],[101.04179835300005,16.205052186000046],[101.03900914900004,16.203073079000035],[101.03577315700005,16.203872424000053],[101.03614811400007,16.207571658000063],[101.03508136300007,16.20782857200004],[101.03246352400004,16.20612847800004],[101.03374420800009,16.20492662600003],[101.03085948500006,16.20469842800003],[101.02921931500003,16.202973959000076],[101.02855798100006,16.204477238000038],[101.02376369000007,16.204337254000052],[101.02332794700004,16.205064657000037],[101.02011764800005,16.20491720800004],[101.01966884700005,16.20671657500003],[101.02018280400006,16.20917621700005],[101.02156156300003,16.209807152000053],[101.02116922400006,16.211164886000063],[101.01863430200007,16.21060871700007],[101.01652367900004,16.213101272000074],[101.01461269600009,16.211340866000057],[101.01268457500004,16.214249765000034],[101.01150113900007,16.21270584100006],[101.00962682100004,16.213919902000043],[101.00770113100003,16.213891319000027],[101.00495240000004,16.212837728000068],[100.99874779700008,16.212946190000025],[100.99413378100007,16.213513996000074],[100.99420378200006,16.210574963000056],[100.99306357200004,16.20796505100003],[100.98938129100009,16.203965134000043],[100.98760895900006,16.202955118000034],[100.98472570500007,16.198592251000036],[100.98352979100008,16.198180008000065],[100.98284511100007,16.194728765000036],[100.98308953300005,16.191547627000034],[100.98223246000003,16.188285135000058],[100.98020890900005,16.185879707000026],[100.98250498400006,16.18667292400005],[100.98420551500004,16.185549507000076],[100.98531284800004,16.18374256800007],[100.98677859500003,16.182655702000034],[100.98598932400006,16.180528156000037],[100.98600489600005,16.175224056000047],[100.98570041500005,16.170544937000045],[100.98455626300006,16.166148617000033],[100.98975238500009,16.169820998000034],[100.99252169300007,16.16985327200007],[100.99571532700008,16.16875570700006],[100.99779078700004,16.167256705000057],[100.99727512200008,16.163351587000022],[100.99799950800008,16.160550300000068],[101.00117883800004,16.15961767300007],[101.00360020500005,16.15707263400003],[101.00632640200007,16.156059077000066],[101.00906092600007,16.156469710000067],[101.01306196700006,16.160335660000044],[101.01582229800005,16.16025834900006],[101.01734684400009,16.160780817000045],[101.01750421200006,16.16672167200005],[101.02135348500008,16.169909648000043],[101.02262500800003,16.16982802900003],[101.02559828200003,16.167931733000046],[101.02715876200006,16.167769796000073],[101.02803871200007,16.17110944600006],[101.03086230100007,16.171439574000033],[101.03328899800005,16.170386785000062],[101.03908118400005,16.168917325000052],[101.04583109100008,16.16673948600004],[101.05381622300007,16.162907329000063],[101.05806744100005,16.160253110000042],[101.06544277100005,16.15802799000005],[101.06964355100007,16.15626425000005],[101.08034966800005,16.152404663000027],[101.08397508800005,16.150852792000023],[101.08431603200006,16.145746237000026],[101.08344070600003,16.144579801000077],[101.08679960000006,16.141608031000032],[101.08651552900005,16.140223684000034],[101.08842058800008,16.140156498000067],[101.08998414400008,16.13918323200005],[101.09289717400009,16.139688226000033],[101.09402218500009,16.135419110000043],[101.09360575800008,16.133802337000077],[101.09489489100008,16.131628040000066],[101.09575448400005,16.129037135000033],[101.09338445600008,16.127764908000074],[101.09321280700004,16.125783178000063],[101.09418200300007,16.12494508800006],[101.09658976700007,16.123693536000076],[101.09799560200008,16.123669835000044],[101.09934630800007,16.125217586000076],[101.09838830300004,16.126492605000067],[101.10045118100004,16.127468872000065],[101.10309881700005,16.12768464800007],[101.10323649700007,16.12957294900002],[101.10192637700004,16.131462596000063],[101.10306592500007,16.132368719000056],[101.10411707500003,16.131912792000037],[101.10486251600008,16.13525829500003],[101.10223052000003,16.135896339000055],[101.10333360200008,16.137975448000077],[101.10378954500004,16.136788334000073],[101.10562794900005,16.136935738000034],[101.10620103700006,16.13873301700005],[101.10736963900007,16.137676807000048],[101.10815029800006,16.13922395900005],[101.10458674200004,16.140594775000068],[101.10276582800009,16.14195757400006],[101.10476743000004,16.142305974000067],[101.10512013900006,16.143670309000072],[101.10718490900007,16.14365527800004],[101.10680589100008,16.145350304000033],[101.10528345400007,16.145167962000073],[101.10549052900006,16.14668127300007],[101.10266769600008,16.145826229000022],[101.10138746900009,16.146972282000036],[101.10326163200006,16.14819684400004],[101.10269403200004,16.148711091000052],[101.10024069200006,16.147071940000046],[101.09925069600007,16.147795647000066],[101.09945858000003,16.149384661000056],[101.09853053200004,16.151846756000054],[101.09952255800005,16.152923630000032],[101.09822027700005,16.154165741000043],[101.10098703600005,16.153894825000066],[101.10271563500004,16.15451182700002],[101.10329223300005,16.153439182000056],[101.10482321600006,16.155251022000073],[101.10702468200009,16.156632649000073],[101.10382398300004,16.159453789000054],[101.10412643600006,16.16071346800004],[101.10547751700005,16.160491463000028],[101.10706242000003,16.162382813000022],[101.10659954300007,16.16457347100004],[101.10845375300005,16.16542473800007],[101.10615326600004,16.16607530700003],[101.10375959000004,16.16780093400007],[101.10516197400005,16.17126650700004],[101.10271746500007,16.17515342200005],[101.10341650900006,16.17620307900006],[101.10499209500006,16.174223855000037],[101.10691096100004,16.174733005000064],[101.10826967600008,16.178010741000037],[101.11135341600004,16.178094445000056],[101.11455462200007,16.179301550000048],[101.11902153700004,16.179597304000026],[101.12001065000004,16.17872200200003],[101.12044452100008,16.176789591000045],[101.12329518600006,16.178450389000034],[101.12446421300007,16.179859402000034],[101.12613916800007,16.17950191500006],[101.12742760600008,16.180251653000028],[101.12659364900009,16.181853139000054],[101.12833202800005,16.181804924000062],[101.13101406000004,16.185377869000035],[101.13172207000008,16.18793417200004],[101.13251444800005,16.18802162000003],[101.13375035400009,16.186291553000046],[101.13474029600007,16.186191763000068],[101.13504997100006,16.188072343000044],[101.13314765500007,16.191557103000036],[101.13299616800003,16.192761623000024],[101.13466287100005,16.193558944000074],[101.13474457500007,16.19482978700006],[101.13307915000007,16.19589489200007],[101.13114368800007,16.19612303300005],[101.13148772500006,16.198249142000066],[101.13045716700003,16.19951364900004],[101.13064961400005,16.200873062000028],[101.13259673000005,16.200894041000026],[101.13305801200005,16.203512250000074],[101.13462846200008,16.203837346000057],[101.13456619300007,16.205261517000054],[101.13332242700005,16.206857374000037],[101.13610971700007,16.207229321000057],[101.13654728200004,16.208489795000048],[101.13810135000006,16.208565255000053],[101.13799161500003,16.20983673300003],[101.13669134100007,16.211470942000062],[101.13721783300008,16.213115524000045],[101.13485656400007,16.215867735000074],[101.13166913600008,16.214279954000062],[101.13189300200008,16.21546870900005],[101.13032362300004,16.216245349000076],[101.13005016900007,16.215227897000034],[101.12756938000007,16.21656321300003],[101.12715081300007,16.21778194600006],[101.12949741800008,16.21818461500004],[101.12930306200008,16.219867829000066],[101.13190911300006,16.219103007000058],[101.13232470700007,16.222302024000044],[101.13035229800005,16.223008200000038],[101.12942063300005,16.226557609000054],[101.13005517300007,16.230411942000046],[101.13080074100009,16.231787676000067],[101.12888196700004,16.231592438000064],[101.12809139700005,16.232606090000047],[101.12660120400005,16.23167473600006],[101.12630143900009,16.230299677000062],[101.12036901000005,16.229503124000075],[101.11454404100004,16.22740703900007],[101.10872498700007,16.228371373000073],[101.10863841200006,16.229048952000028],[101.10593235600004,16.227865062000035],[101.10338526400005,16.229154553000058],[101.10159524700003,16.234297342000048],[101.09899388200006,16.234216470000035],[101.09854785400006,16.235011331000067],[101.09301747800004,16.241248959000075],[101.08854488800006,16.241693963000046],[101.08497996200003,16.242741614000067]]]},"properties":{"Shape_Leng":0.695755858554,"Shape_Area":0.00860316816186,"ADM3_EN":"Huai Sakae","ADM3_TH":"ห้วยสะแก","ADM3_PCODE":"TH670115","ADM2_EN":"Mueang Phetchabun","ADM2_TH":"เมืองเพชรบูรณ์","ADM2_PCODE":"TH6701","ADM1_EN":"Phetchabun","ADM1_TH":"เพชรบูรณ์","ADM1_PCODE":"TH67","ADM0_EN":"Thailand","ADM0_TH":"ประเทศไทย","ADM0_PCODE":"TH"}},
{"type":"Feature","geometry":{"type":"Polygon","coordinates":[[[101.32472692600004,16.421134162000044],[101.32705825600004,16.421679295000047],[101.32851207000004,16.421144780000077],[101.33110810100004,16.421369198000036],[101.33261875200009,16.420764242000075],[101.33377039900006,16.419122204000075],[101.33551056800007,16.418248978000065],[101.34063405200004,16.418700169000033],[101.34643116000007,16.41795267200007],[101.35044658400005,16.416529336000053],[101.35251183700007,16.417066586000033],[101.35460122100005,16.41628148800004],[101.35687969300005,16.416929028000027],[101.36051614200005,16.416461438000056],[101.36549626800007,16.416601833000072],[101.36789013000003,16.41520288600003],[101.36933573200008,16.415268707000052],[101.37098051400005,16.416626919000066],[101.37408264000004,16.415854359000036],[101.37858153600007,16.41659971100006],[101.38115668000006,16.415071889000046],[101.38709759900007,16.410465629000043],[101.38802888400005,16.408714175000057],[101.39250282600005,16.407681057000048],[101.39385935000007,16.405746383000064],[101.39779512400008,16.40552818900005],[101.39925666700003,16.40635810400005],[101.40051535100008,16.408859414000062],[101.40230410700008,16.409637194000027],[101.40434424800009,16.411673003000033],[101.40850304200006,16.412717128000054],[101.41225705500005,16.412303535000035],[101.41590722200004,16.410827466000057],[101.41735043600005,16.410764049000022],[101.41979038300008,16.412596601000075],[101.41900478600007,16.41413487400007],[101.41681863600007,16.41635383600004],[101.41886332300004,16.418010636000076],[101.41938784400008,16.42054520800002],[101.41866709600004,16.422809568000048],[101.41900755400007,16.423758676000034],[101.42279531900004,16.424191488000076],[101.42388362100007,16.42576648000005],[101.42382591500007,16.42877352900007],[101.42468989200006,16.42994373600004],[101.43115226300006,16.43441693400007],[101.43509850900006,16.435006238000028],[101.43740536000007,16.43572395700005],[101.44110956200007,16.43773678200006],[101.44419478600008,16.438171797000052],[101.44499556200009,16.439677327000027],[101.44835247000003,16.44403293000005],[101.44849809600004,16.446259359000067],[101.45008868800005,16.448187921000056],[101.44891875100006,16.44973882100004],[101.45067645500006,16.45598405100003],[101.45356287500005,16.457695107000063],[101.45587048100003,16.460465965000026],[101.45874284600006,16.460322304000044],[101.46070899300008,16.461612626000033],[101.46359160800006,16.467252409000025],[101.46581965700005,16.46923723200007],[101.46600232800006,16.471745893000048],[101.46755559600007,16.472687979000057],[101.46766744300004,16.475063643000055],[101.46993817000003,16.47546519200006],[101.47328276400003,16.47691756000006],[101.47475082100004,16.481048791000035],[101.47273342400007,16.482207387000074],[101.47339512600007,16.48386647500007],[101.47341449700008,16.488608432000035],[101.47257712000004,16.490053489000047],[101.46973106600007,16.49183302600005],[101.46873371000004,16.493866103000073],[101.46580048400006,16.497433311000066],[101.46438732400009,16.497880216000055],[101.46370013300003,16.50076948800006],[101.46519878100008,16.501059992000023],[101.46673902700007,16.502433404000044],[101.46680549000007,16.50421224400003],[101.46469259500009,16.50847030400007],[101.46587978300005,16.511047115000054],[101.46475970100005,16.514653294000027],[101.46714027100006,16.52103330800003],[101.46905617100003,16.522885101000043],[101.47136155500004,16.523580605000063],[101.47109599700008,16.525026327000035],[101.47201351900009,16.52887931300006],[101.47548157800009,16.529800907000038],[101.47579648100003,16.52751285000005],[101.47799252800007,16.52401982400005],[101.48032675300004,16.524860835000027],[101.48019599200006,16.527402119000044],[101.48201383200006,16.526796750000074],[101.48288786700004,16.52427468600007],[101.48391376600006,16.525838128000032],[101.48324687300004,16.52776729900006],[101.48603674600008,16.52942300600006],[101.48736681900004,16.53120479000006],[101.48901719700007,16.53178355400007],[101.49029516700006,16.531257959000072],[101.48960996500006,16.533142738000038],[101.49369381900004,16.532369636000055],[101.49402676600005,16.534831530000076],[101.49503409500005,16.53586076000005],[101.49392277500004,16.537163087000067],[101.49586554000007,16.539447211000038],[101.49748438100005,16.537845323000056],[101.50043529800007,16.538668818000076],[101.50023479900005,16.537075319000053],[101.50154503200008,16.536660176000055],[101.50288250800008,16.539420117000077],[101.50526255800008,16.53925319700005],[101.50480265900006,16.542083865000052],[101.50413105500007,16.542260976000023],[101.50266081300003,16.540447263000033],[101.50329975900007,16.542636686000037],[101.50260806900008,16.54373953100003],[101.50314259700008,16.545576555000025],[101.50455608200008,16.545455393000054],[101.50447149700005,16.54366077900005],[101.50641579300009,16.543042034000052],[101.50832485800004,16.54474079000005],[101.51002073500007,16.542524205000063],[101.51270206100008,16.543583283000032],[101.51482227500009,16.542844787000035],[101.51546366800005,16.54346235400004],[101.51484958900005,16.54525181400004],[101.51667910800006,16.547911251000073],[101.51863454600004,16.547669808000023],[101.51953684400007,16.54958823100003],[101.51694363600006,16.55101569900006],[101.51700964300005,16.552638871000056],[101.51551527000004,16.551355596000064],[101.51476974000008,16.551967370000057],[101.51529912000007,16.553828461000023],[101.51492284100004,16.55573586500003],[101.51236753500007,16.554996152000058],[101.51060521800008,16.557348923000063],[101.51045791600006,16.55885193900002],[101.50847895700008,16.555450965000034],[101.50507222200008,16.557302798000023],[101.50387904700005,16.559421910000026],[101.50199310500005,16.559677004000037],[101.49999937500007,16.56160673100004],[101.49700187000008,16.56084498900003],[101.49745199700004,16.562736590000043],[101.49869055100004,16.56317083700003],[101.49929796800006,16.564976224000077],[101.49867676700006,16.56611245600004],[101.49636599000007,16.566770034000058],[101.49854667900007,16.567556670000045],[101.49962289400008,16.571613970000044],[101.49700687600006,16.569500084000026],[101.49599740700006,16.569352971000058],[101.49421746300004,16.57083966500005],[101.49542212300008,16.572214014000053],[101.49697803700008,16.57198457000004],[101.49776368500005,16.575607571000035],[101.49883369200006,16.576174706000074],[101.49874710000006,16.579158866000057],[101.49661969100003,16.57874789500005],[101.49608558800008,16.580563037000047],[101.49478806500008,16.579596442000025],[101.49366396400006,16.581175291000022],[101.49385852500006,16.583781310000063],[101.49300554600006,16.58476223200006],[101.49350162100006,16.586759120000067],[101.49141039900007,16.58575870100003],[101.49026732500005,16.587293652000028],[101.48936465000008,16.585462806000066],[101.48818527100008,16.58512028100006],[101.48791440700006,16.58668687200003],[101.48688521600008,16.586287044000073],[101.48485793400005,16.59041355900007],[101.48260530500005,16.58921444200007],[101.47952334200005,16.59014638800005],[101.47818604200006,16.592562411000074],[101.47581755300007,16.59317860400006],[101.47462599800008,16.59466140400002],[101.47112271400005,16.595300966000025],[101.46990792300005,16.59465620700007],[101.46866779100009,16.59621210100005],[101.46889535600008,16.59748350500007],[101.46742423600006,16.597840364000035],[101.46564684500004,16.599806709000063],[101.46372652900004,16.598731696000073],[101.46205623600008,16.60017405700006],[101.45940082200008,16.598998950000066],[101.45599269300004,16.596096370000055],[101.45242410100008,16.59639420600007],[101.45252245200004,16.59728617600007],[101.45029492700007,16.598961201000066],[101.45058845300008,16.601876376000064],[101.45127092600006,16.60286575200007],[101.45006729500005,16.60577266400003],[101.44910519600006,16.606266597000058],[101.44360463300006,16.60678377200003],[101.44303535000006,16.607521458000065],[101.44035159900005,16.60775570100003],[101.44072268800005,16.60873329100002],[101.43769389500005,16.608883271000025],[101.43587761600008,16.60962638600006],[101.43467217700004,16.60821798300003],[101.43157643100005,16.609465818000047],[101.42754827800007,16.609684569000024],[101.42716676100008,16.606701174000023],[101.42430808300008,16.60748697300005],[101.42280292800007,16.605559498000048],[101.42152456700006,16.606474691000074],[101.41841751800007,16.60561997700006],[101.41678886400007,16.60293757000005],[101.41479571100007,16.602168364000022],[101.41310719700004,16.600581928000054],[101.41163558200009,16.600834839000072],[101.40814089700007,16.59574043600003],[101.40646143200007,16.594824181000035],[101.40135299100007,16.59435299100005],[101.39997671000003,16.59365733900006],[101.39555133300007,16.59364794100003],[101.39166961900008,16.594535656000062],[101.38686981700005,16.59418694200002],[101.38268782700004,16.59341708900007],[101.38020889200004,16.594051270000023],[101.37864797400005,16.593719751000037],[101.37643320000006,16.59199853100006],[101.37404756000007,16.59280146800006],[101.36964277800007,16.59316623600006],[101.36825326200005,16.592441380000025],[101.36649482700005,16.590085524000074],[101.36680913900005,16.588005533000057],[101.36496055800006,16.58536828000007],[101.36051832900006,16.582644018000053],[101.36007643200008,16.581192174000023],[101.36075655400003,16.578033435000066],[101.35958910100004,16.57588093000004],[101.35818280000007,16.57517494900003],[101.35733508100009,16.571761756000058],[101.35489257500006,16.57021430800006],[101.35420118400003,16.568889359000025],[101.35435862200006,16.565554862000056],[101.35766585300007,16.562912294000057],[101.35780232600007,16.56132480100007],[101.35503149800007,16.56000712900004],[101.35266995700005,16.561172035000027],[101.34783586600008,16.56143581400005],[101.34692771300007,16.560126252000032],[101.34342409400006,16.56113946800002],[101.34233026600003,16.55893069600006],[101.33663553400004,16.556572107000022],[101.33425990300003,16.554873130000033],[101.33126241000008,16.554847520000067],[101.32876807000008,16.553239784000027],[101.32664161800005,16.550498627000024],[101.32491069900004,16.550069312000062],[101.32333457500005,16.548351468000078],[101.31960936500008,16.548038806000022],[101.31773519300003,16.547376365000048],[101.31482185800007,16.548004646000038],[101.31228392700007,16.549905010000032],[101.30879044600005,16.549180570000033],[101.30566128700008,16.549426981000067],[101.30381805700006,16.547568177000073],[101.30107509800007,16.546734784000023],[101.30001508500004,16.54573533200005],[101.29847113900007,16.545923903000073],[101.29521981200008,16.54733352100004],[101.29468121700006,16.548658115000023],[101.29186350200007,16.550124862000075],[101.29008614400004,16.549928580000028],[101.28727859500003,16.55144789800005],[101.28659821600007,16.552849226000035],[101.28477723100008,16.55187627600003],[101.27989612300007,16.55386610900007],[101.27984340400008,16.55474299100007],[101.27571865100003,16.554995622000035],[101.27382288600006,16.55552156300007],[101.27332176600004,16.553715471000032],[101.27194505100005,16.554817171000025],[101.27084148700004,16.55452092400003],[101.27025345100009,16.55580574100003],[101.26857496900004,16.556314618000044],[101.26499685900006,16.555171417000054],[101.26288379400006,16.55234891300006],[101.25931947900006,16.551391803000058],[101.25893034400008,16.55079415600005],[101.25624151800008,16.55232293200004],[101.25493685000004,16.551061099000037],[101.25323823000008,16.550839739000025],[101.25070723500005,16.54757159600007],[101.24756663100004,16.549602479000043],[101.24758799800009,16.54724960300007],[101.24929603000004,16.54410278000006],[101.25300167400007,16.54346420400003],[101.25276781900004,16.541263179000055],[101.25443645300004,16.54066823000005],[101.25736692700008,16.538235627000063],[101.25678419600007,16.536349991000066],[101.25813875500006,16.533934430000045],[101.26022346100007,16.533686232000036],[101.26305136200006,16.53169883000004],[101.26527142800006,16.531166813000027],[101.26804270300005,16.529204853000067],[101.26695989400008,16.527526355000077],[101.26629196200008,16.524744743000042],[101.26173382000007,16.51242039300007],[101.25951558700007,16.50586332100005],[101.26033237900003,16.50526470500006],[101.25941531300003,16.50372460600005],[101.26296538100007,16.50173385100004],[101.26308581200004,16.497191074000057],[101.26674506700004,16.496810609000022],[101.26754762600007,16.495656633000067],[101.26857024900005,16.489607377000027],[101.27361013200004,16.490519638000023],[101.27416595500006,16.48856232600002],[101.27546000600006,16.488416930000028],[101.27542715000004,16.47932343900004],[101.27514469600004,16.46852590900005],[101.26913861400004,16.463483353000072],[101.26733219700009,16.462808666000058],[101.26775480400005,16.454424982000035],[101.26844756300005,16.451586599000052],[101.26779266700004,16.445032730000037],[101.27072985300003,16.44477046700007],[101.27100440200007,16.44585568800005],[101.27264263700005,16.44688476600004],[101.27489630700006,16.447296084000072],[101.27676315800005,16.446531064000055],[101.27926066900005,16.447130194000067],[101.28243987400003,16.44718928900005],[101.28579677000005,16.44781365500006],[101.28608161900007,16.446811078000053],[101.29013178100007,16.44714473500005],[101.29180256400008,16.448008707000042],[101.29427976000005,16.447663671000043],[101.29597140600004,16.448749107000026],[101.29866300500004,16.448751280000067],[101.30115283500004,16.445457832000045],[101.30081780700004,16.444880786000056],[101.30265379900004,16.44325924000003],[101.30273643100008,16.441091482000047],[101.30459871300008,16.43995063600005],[101.30462483900004,16.438970749000077],[101.30627942000007,16.438979543000073],[101.30766536400006,16.436829123000052],[101.31000178500005,16.436212116000036],[101.31373651200005,16.43706254800003],[101.31473613500003,16.434524846000045],[101.31656251900006,16.433090625000034],[101.31840467900008,16.433170376000078],[101.32043733000006,16.434549438000033],[101.32269676700008,16.433825944000034],[101.32874185800006,16.430849739000053],[101.32995599200007,16.42859663300004],[101.32652742900007,16.428179096000065],[101.32601265500006,16.42291922000004],[101.32472692600004,16.421134162000044]]]},"properties":{"Shape_Leng":1.07040735585,"Shape_Area":0.03197084238,"ADM3_EN":"Huai Yai","ADM3_TH":"ห้วยใหญ่","ADM3_PCODE":"TH670116","ADM2_EN":"Mueang Phetchabun","ADM2_TH":"เมืองเพชรบูรณ์","ADM2_PCODE":"TH6701","ADM1_EN":"Phetchabun","ADM1_TH":"เพชรบูรณ์","ADM1_PCODE":"TH67","ADM0_EN":"Thailand","ADM0_TH":"ประเทศไทย","ADM0_PCODE":"TH"}},
{"type":"Feature","geometry":{"type":"Polygon","coordinates":[[[101.13810135000006,16.208565255000053],[101.13654728200004,16.208489795000048],[101.13610971700007,16.207229321000057],[101.13332242700005,16.206857374000037],[101.13456619300007,16.205261517000054],[101.13462846200008,16.203837346000057],[101.13305801200005,16.203512250000074],[101.13259673000005,16.200894041000026],[101.13064961400005,16.200873062000028],[101.13045716700003,16.19951364900004],[101.13148772500006,16.198249142000066],[101.13114368800007,16.19612303300005],[101.13307915000007,16.19589489200007],[101.13474457500007,16.19482978700006],[101.13466287100005,16.193558944000074],[101.13299616800003,16.192761623000024],[101.13314765500007,16.191557103000036],[101.13504997100006,16.188072343000044],[101.13474029600007,16.186191763000068],[101.13375035400009,16.186291553000046],[101.13251444800005,16.18802162000003],[101.13172207000008,16.18793417200004],[101.13101406000004,16.185377869000035],[101.12833202800005,16.181804924000062],[101.12659364900009,16.181853139000054],[101.12742760600008,16.180251653000028],[101.12613916800007,16.17950191500006],[101.12446421300007,16.179859402000034],[101.12329518600006,16.178450389000034],[101.12044452100008,16.176789591000045],[101.12001065000004,16.17872200200003],[101.11902153700004,16.179597304000026],[101.11455462200007,16.179301550000048],[101.11135341600004,16.178094445000056],[101.10826967600008,16.178010741000037],[101.10691096100004,16.174733005000064],[101.10499209500006,16.174223855000037],[101.10341650900006,16.17620307900006],[101.10271746500007,16.17515342200005],[101.10516197400005,16.17126650700004],[101.10375959000004,16.16780093400007],[101.10615326600004,16.16607530700003],[101.10845375300005,16.16542473800007],[101.10659954300007,16.16457347100004],[101.10706242000003,16.162382813000022],[101.10547751700005,16.160491463000028],[101.10412643600006,16.16071346800004],[101.10382398300004,16.159453789000054],[101.10702468200009,16.156632649000073],[101.10482321600006,16.155251022000073],[101.10329223300005,16.153439182000056],[101.10271563500004,16.15451182700002],[101.10098703600005,16.153894825000066],[101.09822027700005,16.154165741000043],[101.09952255800005,16.152923630000032],[101.09853053200004,16.151846756000054],[101.09945858000003,16.149384661000056],[101.09925069600007,16.147795647000066],[101.10024069200006,16.147071940000046],[101.10269403200004,16.148711091000052],[101.10326163200006,16.14819684400004],[101.10138746900009,16.146972282000036],[101.10266769600008,16.145826229000022],[101.10549052900006,16.14668127300007],[101.10528345400007,16.145167962000073],[101.10680589100008,16.145350304000033],[101.10718490900007,16.14365527800004],[101.10512013900006,16.143670309000072],[101.10476743000004,16.142305974000067],[101.10276582800009,16.14195757400006],[101.10458674200004,16.140594775000068],[101.10815029800006,16.13922395900005],[101.10736963900007,16.137676807000048],[101.10620103700006,16.13873301700005],[101.10562794900005,16.136935738000034],[101.10378954500004,16.136788334000073],[101.10333360200008,16.137975448000077],[101.10223052000003,16.135896339000055],[101.10486251600008,16.13525829500003],[101.10411707500003,16.131912792000037],[101.10306592500007,16.132368719000056],[101.10192637700004,16.131462596000063],[101.10323649700007,16.12957294900002],[101.10309881700005,16.12768464800007],[101.10045118100004,16.127468872000065],[101.09838830300004,16.126492605000067],[101.09934630800007,16.125217586000076],[101.09799560200008,16.123669835000044],[101.09930047800003,16.123548080000035],[101.09856592700004,16.120631453000044],[101.09634689800004,16.11763729300003],[101.09644789600009,16.11515057500003],[101.09828918000005,16.114963099000022],[101.09921938200006,16.112330710000037],[101.10054124600003,16.113164593000022],[101.10163010600007,16.112416518000032],[101.10115552600007,16.110294516000067],[101.10473405900007,16.107471813000075],[101.10497812600005,16.105503992000024],[101.10638958200008,16.103679459000034],[101.10588712300006,16.102713892000054],[101.10742763800005,16.10227434500007],[101.10689545200006,16.100125885000068],[101.10815859300004,16.09986194800007],[101.11157997900006,16.100742553000032],[101.12081238900004,16.101456048000045],[101.12272725400004,16.101879517000043],[101.12428900100008,16.10345815900007],[101.12542669100009,16.10294577600007],[101.13161082500005,16.103573502000074],[101.13296326300008,16.101252268000053],[101.13648947600007,16.098475996000047],[101.13879291400008,16.098168075000046],[101.13921059800003,16.097437713000033],[101.13753797100009,16.095830327000044],[101.13840439000006,16.094358490000047],[101.14056316300008,16.092460992000042],[101.14177204500004,16.090614969000057],[101.14341478300008,16.091780637000056],[101.14699998500004,16.096670536000033],[101.14848851000005,16.097907961000033],[101.15081682100003,16.098662628000056],[101.15391191000003,16.10096552600004],[101.15447904200005,16.100412504000076],[101.15607637000005,16.102342066000062],[101.15594240700005,16.103440342000056],[101.15798817500007,16.10414490900007],[101.16151823300004,16.107767043000024],[101.16678526900006,16.10908234300007],[101.17171497200007,16.109637392000025],[101.17026177000008,16.120316889000037],[101.16830052300008,16.12704317300006],[101.16781762100004,16.131514835000075],[101.16717504200005,16.13187855700005],[101.16617704500004,16.134756077000077],[101.16508772700007,16.14173320900005],[101.16577019700009,16.142170398000076],[101.17144968800005,16.143528719000074],[101.17301108500004,16.144481992000067],[101.17620685300005,16.145505038000067],[101.17657010600004,16.146631832000025],[101.17591000500005,16.148075549000055],[101.17583391100004,16.151750809000077],[101.17699635700006,16.153482362000034],[101.17632731800006,16.157422245000078],[101.17512477000008,16.15989821000005],[101.17497713200004,16.161526597000034],[101.17303070200006,16.16154990600006],[101.17157543700006,16.16301485100007],[101.17095079600006,16.16529785000006],[101.16870012600003,16.167483039000047],[101.16491974300004,16.167930118000072],[101.16377245100006,16.17260458000004],[101.16227703500005,16.176776494000023],[101.16170244000006,16.179451964000066],[101.16508350100008,16.181727368000054],[101.16549651200006,16.183871903000068],[101.16191648300008,16.187944359000028],[101.15756326800005,16.192470439000033],[101.15707672200006,16.19653445800003],[101.15001962900004,16.205913079000027],[101.14403584900003,16.211539850000065],[101.13810135000006,16.208565255000053]]]},"properties":{"Shape_Leng":0.471034300888,"Shape_Area":0.0059493689996,"ADM3_EN":"Rawing","ADM3_TH":"ระวิง","ADM3_PCODE":"TH670117","ADM2_EN":"Mueang Phetchabun","ADM2_TH":"เมืองเพชรบูรณ์","ADM2_PCODE":"TH6701","ADM1_EN":"Phetchabun","ADM1_TH":"เพชรบูรณ์","ADM1_PCODE":"TH67","ADM0_EN":"Thailand","ADM0_TH":"ประเทศไทย","ADM0_PCODE":"TH"}},
{"type":"Feature","geometry":{"type":"Polygon","coordinates":[[[100.98020890900005,16.185879707000026],[100.98018499100004,16.182737339000028],[100.97884548100006,16.18186565800005],[100.97551191000008,16.18120897600005],[100.97192687600005,16.181286902000068],[100.97015733700005,16.180847829000072],[100.96797129700008,16.17941233700003],[100.96413168800007,16.179912234000028],[100.96442175700008,16.182142273000068],[100.96142283700004,16.185851169000046],[100.95820394500004,16.187278094000078],[100.95828125700007,16.18811187500006],[100.95539226900007,16.188452452000035],[100.95412056300006,16.187346916000024],[100.95381874300006,16.183108047000076],[100.95099625400007,16.18092841200007],[100.94970337400008,16.17680486300003],[100.94990700300008,16.175002909000057],[100.95456773200004,16.16861179500006],[100.95493032100006,16.16445929500003],[100.95387064400006,16.161968497000032],[100.95130157200003,16.159115280000037],[100.94765343500006,16.15444391500006],[100.94532986300004,16.15303992500003],[100.94078791000004,16.152410927000062],[100.93692472900005,16.15331429500003],[100.93350270200006,16.154991980000034],[100.93235028100008,16.156469404000063],[100.93155760300004,16.158841704000054],[100.93061537100004,16.166018765000047],[100.92616256400004,16.17041641900005],[100.92505354500008,16.17281928600005],[100.92454677000006,16.177810414000078],[100.92273518200005,16.179015939000067],[100.92159527000007,16.181232387000023],[100.92011001000009,16.182309210000028],[100.91924416500007,16.186343041000043],[100.91717793300006,16.189742393000074],[100.91689798900006,16.19138029800007],[100.91816397600007,16.19486191900006],[100.91796481100005,16.196356197000057],[100.91495705500006,16.19818414300005],[100.91199705200006,16.200525398000025],[100.91046811500007,16.202811758000053],[100.90886881200004,16.20839955200006],[100.90736735400009,16.210622588000035],[100.90621544400005,16.21606026300003],[100.90486821300004,16.217678892000038],[100.90244572100005,16.219023795000055],[100.90014629600006,16.219116086000042],[100.89611840100008,16.21810583300004],[100.89183328900003,16.215923089000057],[100.88760888300004,16.21456666100005],[100.88432801700009,16.214359682000065],[100.88066331200008,16.21558957800005],[100.87991703100005,16.214772183000036],[100.87500234500004,16.213866367000037],[100.87243934500003,16.21300823200005],[100.87083409200005,16.211071987000025],[100.86565486400008,16.213784454000063],[100.86438006200007,16.21336948900006],[100.85800622500005,16.213428347000047],[100.85868794600003,16.208553653000024],[100.85687095300005,16.207596720000026],[100.85510898200005,16.204957510000042],[100.85283775000005,16.204503637000073],[100.85238926500006,16.203162760000055],[100.84952186200007,16.201402631000065],[100.84914161500006,16.197848436000072],[100.84782764700009,16.19771998500005],[100.84809354600009,16.19659542100004],[100.84702239900008,16.195689126000048],[100.84744664000004,16.194432837000022],[100.84699255200007,16.19195225200002],[100.84762611200006,16.19126957800006],[100.84573696600006,16.18996026600007],[100.84625677200006,16.18889708200004],[100.84507944700005,16.186689672000057],[100.83994011400006,16.185411661000046],[100.83653042000009,16.185435707000067],[100.83176468500005,16.187611770000046],[100.82879445100008,16.186498576000076],[100.82658350200006,16.186537678000036],[100.82753818200007,16.18324478900007],[100.82690581100007,16.180285938000054],[100.82734293600004,16.175093514000025],[100.82814302300005,16.173907686000064],[100.82780623600007,16.17120434000003],[100.82697940100007,16.170233444000075],[100.82626333900004,16.16664950200004],[100.82639074200006,16.16442149100004],[100.82819068400005,16.163179455000034],[100.82678063600008,16.159916675000034],[100.82765056300008,16.158039555000073],[100.82746875800007,16.154288149000024],[100.82796338300005,16.153200105000053],[100.83275774600008,16.153253740000025],[100.83458341700003,16.151693452000075],[100.83340459600004,16.148912977000066],[100.83370308000008,16.147840162000023],[100.83788751000009,16.145609420000028],[100.83874658200006,16.144531760000064],[100.83944084200004,16.140786672000047],[100.84254490400008,16.13845680000003],[100.84284681700007,16.136245959000064],[100.84240006900006,16.133256037000024],[100.84386116600007,16.130750479000028],[100.84537718900003,16.129491002000066],[100.84516464900008,16.127986108000073],[100.84668920200005,16.12676593900005],[100.84926727400006,16.126610312000025],[100.85127019500004,16.125283911000054],[100.85542237400006,16.12369565700004],[100.85956473900006,16.119939154000065],[100.86329740200006,16.118144176000044],[100.86522197200009,16.114693713000065],[100.86838950400005,16.11000143600006],[100.87132632200007,16.107171274000052],[100.87329622700008,16.10459677500006],[100.87387739200005,16.102981343000067],[100.87558359200005,16.101423753000063],[100.88421604700005,16.096456699000043],[100.88585408200004,16.093443825000065],[100.88743275300004,16.09221500900003],[100.88867412000008,16.09245185900005],[100.89135258700009,16.094826974000057],[100.89636114200005,16.09676376300007],[100.89845517900005,16.098181899000053],[100.90360465400005,16.10339903600004],[100.90564652400008,16.104713969000045],[100.90724431900009,16.107125432000032],[100.90824416000004,16.108618978000038],[100.91111220300007,16.11125955500006],[100.91240456300005,16.114042890000064],[100.91447340800005,16.11644175200007],[100.91503737400006,16.11940319300004],[100.92067222900005,16.124554958000033],[100.92096076500007,16.12689646900003],[100.92210255800006,16.13010743600006],[100.92552499700008,16.13293485500003],[100.92896984300006,16.13160312800005],[100.93066087100004,16.130120874000056],[100.93246377500009,16.13049774900003],[100.93732896700004,16.12721725600005],[100.93825722200006,16.124532027000043],[100.94008028500008,16.12537747600004],[100.94224104100005,16.125554418000036],[100.94368600700005,16.128386831000057],[100.94276490000004,16.131145193000066],[100.94163967100008,16.132879478000064],[100.94316142400004,16.135930838000036],[100.94451093300006,16.136975342000028],[100.94700373100005,16.13740509300004],[100.94847029100004,16.13696744300006],[100.95039980200005,16.13432695800003],[100.95241067800004,16.134053798000025],[100.95386092500007,16.134673347000046],[100.95789722700005,16.138185514000043],[100.95962104300008,16.141240065000034],[100.96141689900008,16.14154386900003],[100.96377710100006,16.140691911000033],[100.96652225200006,16.141407625000056],[100.96961086300007,16.144304302000023],[100.97326824500004,16.145540394000022],[100.97447187300008,16.144125496000072],[100.97440237600006,16.138605858000062],[100.97492314200008,16.137405477000073],[100.97760244400007,16.13593582900006],[100.97834844000005,16.134032140000045],[100.98179908800006,16.133353529000033],[100.98238942600005,16.13586751400004],[100.98315819500004,16.136665507000032],[100.98596578800004,16.137261912000042],[100.98580470100006,16.141448290000028],[100.98639208400004,16.142697098000042],[100.98612515100007,16.147224522000045],[100.98493844900008,16.148473987000045],[100.98451269000009,16.15025617300006],[100.98218216400005,16.152119604000063],[100.98151918000008,16.156476070000053],[100.98312505900009,16.159366610000063],[100.98308215000009,16.161653296000054],[100.98486594200006,16.164256369000043],[100.98455626300006,16.166148617000033],[100.98570041500005,16.170544937000045],[100.98600489600005,16.175224056000047],[100.98598932400006,16.180528156000037],[100.98677859500003,16.182655702000034],[100.98531284800004,16.18374256800007],[100.98420551500004,16.185549507000076],[100.98250498400006,16.18667292400005],[100.98020890900005,16.185879707000026]]]},"properties":{"Shape_Leng":0.626041743183,"Shape_Area":0.0106784397334,"ADM3_EN":"Chon Daen","ADM3_TH":"ชนแดน","ADM3_PCODE":"TH670201","ADM2_EN":"Chon Daen","ADM2_TH":"ชนแดน","ADM2_PCODE":"TH6702","ADM1_EN":"Phetchabun","ADM1_TH":"เพชรบูรณ์","ADM1_PCODE":"TH67","ADM0_EN":"Thailand","ADM0_TH":"ประเทศไทย","ADM0_PCODE":"TH"}},
{"type":"Feature","geometry":{"type":"Polygon","coordinates":[[[100.77275895400004,16.12335083100004],[100.77169106400004,16.123661094000056],[100.77018708600008,16.122079538000037],[100.77025572100007,16.121058410000046],[100.76751748300006,16.121459051000045],[100.76548725700007,16.12075335700007],[100.76331789700004,16.12132807200004],[100.76093181600004,16.120409479000045],[100.76008278100005,16.12189248900006],[100.75816419000006,16.121509315000026],[100.75827958000008,16.12077471500004],[100.75577958600007,16.120630264000056],[100.75345429000004,16.121175030000074],[100.75316244100009,16.11990286400004],[100.74859767000004,16.12278053800003],[100.74607677600005,16.123030091000032],[100.74756846800005,16.121768746000043],[100.74763655100008,16.12069746000003],[100.74589007300006,16.12032174600006],[100.74535216600003,16.118738592000057],[100.74220383300008,16.11752223800005],[100.74037810500005,16.117609206000054],[100.73955567800004,16.119347598000047],[100.73732554200006,16.118068581000045],[100.73639879100006,16.119918046000066],[100.73305358900006,16.11947282600005],[100.73274875800007,16.120660860000044],[100.73505825100005,16.121746577000067],[100.73470971700004,16.124375195000027],[100.73254732000004,16.126820697000028],[100.73042604000005,16.128345170000046],[100.72972515500004,16.13143236600007],[100.72813658500007,16.129151997000065],[100.72251383700006,16.13045839700004],[100.72057710200005,16.129641263000053],[100.71395485900007,16.129055874000073],[100.71122836200004,16.129510608000032],[100.71144590700004,16.128222794000067],[100.71008376700007,16.127984136000066],[100.70776882500007,16.126141136000058],[100.70763514300006,16.124358560000076],[100.68840104600008,16.130788924000058],[100.68896426300006,16.131466746000058],[100.69008353300006,16.136111627000048],[100.69229227700004,16.142334265000045],[100.69377989100008,16.144888602000037],[100.69565638800003,16.146051241000066],[100.69612679600004,16.148385456000028],[100.69549011500004,16.155009155000073],[100.69634390800007,16.15840546800007],[100.69802344000004,16.161902363000024],[100.69837237800004,16.167618425000057],[100.69881477500007,16.170108495000022],[100.70088625400007,16.173374375000037],[100.70060937000005,16.17557981300007],[100.70204382300005,16.17767846000004],[100.70176211000006,16.179613792000055],[100.70262286300004,16.180748664000077],[100.70559126900008,16.181431416000066],[100.70560938200003,16.182396423000057],[100.70404380300005,16.191320053000027],[100.70402622700004,16.199865072000023],[100.69647475700003,16.198805324000034],[100.69059572800006,16.19962953000004],[100.68374866100004,16.202707993000047],[100.68016158700004,16.196723961000032],[100.66604318800006,16.17415261600007],[100.66115219200003,16.16654957000003],[100.65656118100009,16.15984546900006],[100.64901634300008,16.148253645000068],[100.64637831500005,16.141901566000058],[100.64422148000006,16.139313789000028],[100.64430510000005,16.138111956000046],[100.64731699300006,16.13695959200004],[100.64801757100008,16.13621047600003],[100.64840395300007,16.130390137000063],[100.64952353400008,16.12916892900006],[100.65475353800008,16.126354969000033],[100.65489614700004,16.124811583000053],[100.65344605700005,16.11888688700003],[100.65356627900007,16.11727146100003],[100.65477389900008,16.114665992000027],[100.65470401600004,16.111518337000064],[100.65620149400007,16.108356925000066],[100.65308613900004,16.10244516000006],[100.65321165700004,16.098265166000033],[100.64896903200008,16.085403749000022],[100.64411046700008,16.073634537000032],[100.64273517600009,16.069820936000042],[100.63652519600004,16.049914430000058],[100.63725761900008,16.048273407000067],[100.63396895800008,16.047117137000043],[100.63495791200006,16.046176933000027],[100.63489483600006,16.044535359000065],[100.63381413800005,16.04470513900003],[100.63686630800004,16.04269396600006],[100.63842055700007,16.043686326000056],[100.64109169800008,16.042000776000066],[100.64294722000005,16.044147045000045],[100.64413977400005,16.04322855600003],[100.64676972100006,16.044583509000063],[100.64634934300005,16.047668998000063],[100.64789614000006,16.048644877000072],[100.64833299600008,16.050322421000033],[100.65005950200003,16.05055545600004],[100.65074196000006,16.05227547900006],[100.65365911000004,16.052703673000053],[100.65364881300007,16.050709081000036],[100.65443846000005,16.05077292800007],[100.65484414400004,16.052649943000063],[100.65569447500008,16.052628537000032],[100.65719350500007,16.050894595000045],[100.65965722900006,16.05023477900005],[100.66148512100006,16.050603744000057],[100.66228954600007,16.052843813000038],[100.66366561500007,16.05298624900007],[100.66410100400009,16.054397238000035],[100.66609654100006,16.054556597000044],[100.66638729200008,16.056109106000065],[100.66964502600007,16.056412812000076],[100.67114068100005,16.05580397500006],[100.67079963500004,16.05755983100005],[100.67144785200009,16.06105668600003],[100.67262227100008,16.061515687000053],[100.67414494200005,16.063511102000064],[100.67323443200007,16.064467818000026],[100.67578142000008,16.06865587300007],[100.67758199100007,16.068868012000053],[100.67869722000006,16.07017735200003],[100.68001729800005,16.07032884800003],[100.68048568000006,16.072139549000042],[100.68274382600003,16.073420965000025],[100.68256826800007,16.075419440000076],[100.68342981900008,16.07668841900005],[100.68572754900003,16.077025628000058],[100.68755830600008,16.078431221000073],[100.68761774500007,16.081298076000053],[100.69035200200005,16.082628026000066],[100.68988329000007,16.08482244100003],[100.69118683100004,16.08419744400004],[100.69271870400007,16.086459685000023],[100.69292952400008,16.084948841000028],[100.69433922600007,16.086322874000075],[100.69541310000005,16.08490796600006],[100.69571917000007,16.08637238600005],[100.69789312300009,16.088674137000055],[100.69945682700006,16.08881670900007],[100.69910312400003,16.089859192000063],[100.70007298700006,16.091083109000067],[100.70236081400009,16.09096117100006],[100.70292802300008,16.089939636000054],[100.70477931400006,16.090897850000033],[100.70630082900004,16.090639834000058],[100.71164900500008,16.091430439000078],[100.71541519600004,16.091219377000073],[100.71836269600004,16.092006797000067],[100.72028908500005,16.093703945000073],[100.72043861000009,16.095112977000042],[100.72219376600003,16.09463925800003],[100.72229220300005,16.097061100000076],[100.72439238300007,16.097769060000076],[100.72567377800004,16.096916975000056],[100.72575451800009,16.09845931800004],[100.72810582300008,16.096293168000045],[100.72950063700006,16.09735439700006],[100.73159095700004,16.096701591000055],[100.73417088400004,16.09730912300006],[100.73702377200004,16.099604267000075],[100.73768509300004,16.100939969000024],[100.73851099300003,16.100422955000056],[100.74071883800008,16.101117161000047],[100.74541673000004,16.101678142000026],[100.74608913200007,16.100909597000054],[100.74937248000003,16.101543036000066],[100.75188537900004,16.099462837000033],[100.75104996700009,16.097639695000055],[100.75266898500007,16.096910472000047],[100.75212444200008,16.095427001000076],[100.75405751900007,16.095074923000027],[100.75377284600006,16.09158633800007],[100.75522710400008,16.090078117000076],[100.75623470800008,16.090649277000068],[100.75987395000004,16.09079818300006],[100.76093746000004,16.08889612100006],[100.76461423700005,16.08869173200003],[100.76593830200005,16.087792291000028],[100.76960946200006,16.087767583000073],[100.76988445300003,16.08911334100003],[100.77366815400006,16.088872276000075],[100.77552077000007,16.088268731000028],[100.77783244000005,16.089206828000044],[100.77859915000005,16.088497482000037],[100.78128327700006,16.090794446000075],[100.78352233300006,16.09026128000005],[100.78418950300005,16.089233015000048],[100.78714874600007,16.089744005000057],[100.78795571200004,16.08896945600003],[100.79061681300004,16.088953502000038],[100.79071009400008,16.090419635000046],[100.79340103300007,16.091749331000074],[100.79379857100008,16.093051626000033],[100.79517695000004,16.093228691000036],[100.79541579400006,16.09443482000006],[100.79711410800007,16.094838089000064],[100.79844356200005,16.096889091000037],[100.79771856900004,16.098202198000024],[100.79503811400008,16.099825102000068],[100.79251746600005,16.100019177000036],[100.79135367400005,16.10126569700003],[100.78886428200008,16.100949722000053],[100.78570642500006,16.102704424000024],[100.78499484400004,16.10449224900003],[100.78202140800005,16.106734378000056],[100.77938213700008,16.113930221000032],[100.77933738600007,16.116624819000037],[100.77766726100003,16.11846468600004],[100.77401391500007,16.11900851100006],[100.77440714000005,16.120766521000064],[100.77269877900005,16.12177934400006],[100.77275895400004,16.12335083100004]]]},"properties":{"Shape_Leng":0.799486589327,"Shape_Area":0.00855772813183,"ADM3_EN":"Dong Khui","ADM3_TH":"ดงขุย","ADM3_PCODE":"TH670202","ADM2_EN":"Chon Daen","ADM2_TH":"ชนแดน","ADM2_PCODE":"TH6702","ADM1_EN":"Phetchabun","ADM1_TH":"เพชรบูรณ์","ADM1_PCODE":"TH67","ADM0_EN":"Thailand","ADM0_TH":"ประเทศไทย","ADM0_PCODE":"TH"}},
{"type":"Feature","geometry":{"type":"Polygon","coordinates":[[[100.82658350200006,16.186537678000036],[100.82177777600003,16.188402714000063],[100.81997809400008,16.188766909000037],[100.81323150900005,16.188752677000025],[100.80920867500004,16.188492841000027],[100.80715573000003,16.189852275000078],[100.80734503000008,16.19398245900004],[100.80838316900008,16.19754959200003],[100.80843994800006,16.19987175700004],[100.80515848300007,16.205164340000067],[100.80439993700008,16.208271771000057],[100.80517795400004,16.20925892100007],[100.81005088700005,16.213374309000073],[100.81423116700006,16.215852789000053],[100.81586441500008,16.217322850000073],[100.81725753400008,16.219719584000075],[100.81861891600005,16.220804092000037],[100.81831029400007,16.222589149000044],[100.81380192700004,16.225443909000035],[100.81341997300007,16.226516326000024],[100.81434074300006,16.229720327000052],[100.81315394300003,16.232468975000074],[100.81119173300004,16.233706836000067],[100.80651410200005,16.234469369000067],[100.79898641900007,16.23726933000006],[100.79698368800007,16.238335808000045],[100.79447106300006,16.240759225000033],[100.79410801400007,16.243725592000033],[100.79172584700007,16.24532997600005],[100.79172727300005,16.245957677000035],[100.79595633500008,16.25300590100005],[100.79473255600004,16.25631723500004],[100.79204045500006,16.258812557000056],[100.79025326000004,16.263078868000036],[100.79008627000007,16.265393076000066],[100.79059962700006,16.271502017000046],[100.79018470400007,16.27283694600004],[100.78795994300003,16.273969883000063],[100.78633463700004,16.270744642000068],[100.78397534000004,16.270710863000033],[100.78210165300004,16.269991279000067],[100.78152658700009,16.271233367000036],[100.78014560000008,16.26753055300003],[100.77646575200004,16.267408490000037],[100.77511844100007,16.268675830000063],[100.77311883400006,16.267232577000073],[100.77248673900004,16.26862810500006],[100.76815992600007,16.266385700000058],[100.76674914300008,16.265221952000047],[100.76692968800006,16.26304114900006],[100.76275975900006,16.259989464000057],[100.76169708600008,16.260465301000067],[100.76048365800006,16.259613874000024],[100.75824373200004,16.260805326000025],[100.75740421100005,16.26356862800003],[100.75648314400007,16.26278721700004],[100.75466136400007,16.26382756000004],[100.75181270900003,16.261242422000066],[100.75106590000007,16.262563698000065],[100.75010870100004,16.260523813000077],[100.74892899500009,16.260965660000068],[100.74885682600006,16.259534277000057],[100.74691366900004,16.259916799000052],[100.74330218600005,16.25713920900006],[100.74175602500009,16.257190346000073],[100.74170105000007,16.254499499000076],[100.74296574800007,16.25291665900005],[100.74223814300007,16.25102140200005],[100.74434980200004,16.25137283400005],[100.74435493700008,16.249494988000038],[100.74555567500005,16.247380711000062],[100.74229940900005,16.244358757000043],[100.73871690400006,16.24034043100005],[100.73559867300008,16.237726945000077],[100.73462073200005,16.23520956300007],[100.73815745800005,16.23355963800003],[100.74169630100005,16.231292663000033],[100.74017484600006,16.22885068900007],[100.73936945900005,16.225110880000045],[100.74068047900005,16.220314659000053],[100.74245632100008,16.215953325000044],[100.74229422200006,16.212652223000077],[100.74539668900007,16.21014370000006],[100.74478719500007,16.208598900000027],[100.74558680800004,16.20758765100004],[100.74576810800005,16.204031302000033],[100.74514988800007,16.203107475000024],[100.74580162600006,16.19954130800005],[100.74476807000008,16.197165991000077],[100.74208537800007,16.193981913000073],[100.74229817200006,16.192055436000032],[100.74149436500005,16.18893588900005],[100.74268201200005,16.187345226000048],[100.74385615700004,16.184218393000037],[100.74384617800007,16.182030180000027],[100.74497448900007,16.18105629200005],[100.74498505300005,16.179666568000073],[100.74629384500008,16.177633513000046],[100.74919497600007,16.176201802000037],[100.74973465300008,16.17372548900005],[100.75058386000006,16.172847027000046],[100.75518588700004,16.17090727300007],[100.75567448300006,16.168150026000035],[100.75853802300009,16.166672739000035],[100.76541614000007,16.164902378000022],[100.76489929800005,16.162020582000025],[100.76565576700006,16.16163240800006],[100.76484792300005,16.15992940500007],[100.76584274600003,16.159081814000047],[100.76514337900005,16.154596827000034],[100.76347996100009,16.15267916700003],[100.76246625100003,16.152805191000027],[100.76156302300006,16.15147575800006],[100.76173781700004,16.15004043400006],[100.75924942400007,16.14800556000006],[100.75832149100006,16.146482371000047],[100.75603893600004,16.145737790000055],[100.75738653700006,16.14426466200007],[100.76097294400006,16.14291245900006],[100.76086505600006,16.142346187000044],[100.76386539500004,16.14090473400006],[100.76499023200006,16.13739917600003],[100.76584505600005,16.13719379400004],[100.76817848400003,16.134923954000044],[100.76974896500008,16.131850713000063],[100.77139027900006,16.131975559000068],[100.77076435700008,16.13370236000003],[100.77181148200003,16.135284202000037],[100.77297536800006,16.135081506000063],[100.77602827400005,16.138635763000025],[100.77558280700003,16.140267282000025],[100.77755578100005,16.14074445400007],[100.77852947200006,16.140205035000065],[100.77992265900008,16.142111353000075],[100.77711876700005,16.143758783000067],[100.77714895100007,16.144519683000055],[100.77953270700004,16.143844148000028],[100.78046435400006,16.145577209000066],[100.78342777600005,16.146942844000023],[100.78477753500005,16.14660372000003],[100.78590963100004,16.14503426400006],[100.78790601300005,16.145940693000057],[100.78714690500004,16.14432680400006],[100.78943664200006,16.144473384000037],[100.78903942800008,16.14842562700005],[100.79018698200008,16.147711365000077],[100.79197789500006,16.15004003300004],[100.79371614600007,16.15084683400005],[100.79338614300008,16.14840415900005],[100.79409360200003,16.148605447000023],[100.79665347800005,16.151895972000034],[100.79948162300008,16.151646022000023],[100.80046197100006,16.149689671000033],[100.80090631000007,16.15226324300005],[100.80304289500003,16.152118632000054],[100.80412690300005,16.152729600000043],[100.80487868600005,16.155666052000072],[100.80751647700004,16.157203636000077],[100.80606609800009,16.15805621000004],[100.80736309100007,16.159201980000034],[100.80855099000007,16.159067553000057],[100.80814255000007,16.157633368000063],[100.80943778300008,16.156655874000023],[100.81015109700007,16.154992443000026],[100.80792604300007,16.15167119700004],[100.80788149600005,16.149906028000032],[100.80681185800006,16.14875573300003],[100.80608467700006,16.145468183000048],[100.80374605600008,16.14390683700003],[100.80486828700003,16.14119633400003],[100.80467429000004,16.13814337100007],[100.80578087700007,16.13808375800005],[100.80577018000008,16.13633046500007],[100.80739339600007,16.136497577000057],[100.80795520700008,16.135402600000077],[100.81102555800004,16.134169996000026],[100.81124352300009,16.13298917700007],[100.81452679400007,16.131953499000076],[100.81495453200006,16.127270451000072],[100.81946275500007,16.126127800000063],[100.82046688100007,16.123807165000073],[100.82106716400006,16.120296133000068],[100.82543157600008,16.12072105200002],[100.82759622800006,16.119868541000073],[100.83265917800009,16.116564568000058],[100.83662770600006,16.116481168000064],[100.83677272100005,16.11713912700003],[100.84016053000005,16.11732898200006],[100.84272444000004,16.120019735000028],[100.84225317800008,16.123481940000033],[100.84287034400006,16.125150400000052],[100.84516464900008,16.127986108000073],[100.84537718900003,16.129491002000066],[100.84386116600007,16.130750479000028],[100.84240006900006,16.133256037000024],[100.84284681700007,16.136245959000064],[100.84254490400008,16.13845680000003],[100.83944084200004,16.140786672000047],[100.83874658200006,16.144531760000064],[100.83788751000009,16.145609420000028],[100.83370308000008,16.147840162000023],[100.83340459600004,16.148912977000066],[100.83458341700003,16.151693452000075],[100.83275774600008,16.153253740000025],[100.82796338300005,16.153200105000053],[100.82746875800007,16.154288149000024],[100.82765056300008,16.158039555000073],[100.82678063600008,16.159916675000034],[100.82819068400005,16.163179455000034],[100.82639074200006,16.16442149100004],[100.82626333900004,16.16664950200004],[100.82697940100007,16.170233444000075],[100.82780623600007,16.17120434000003],[100.82814302300005,16.173907686000064],[100.82734293600004,16.175093514000025],[100.82690581100007,16.180285938000054],[100.82753818200007,16.18324478900007],[100.82658350200006,16.186537678000036]]]},"properties":{"Shape_Leng":0.644676452281,"Shape_Area":0.00871219430306,"ADM3_EN":"Tha Kham","ADM3_TH":"ท่าข้าม","ADM3_PCODE":"TH670203","ADM2_EN":"Chon Daen","ADM2_TH":"ชนแดน","ADM2_PCODE":"TH6702","ADM1_EN":"Phetchabun","ADM1_TH":"เพชรบูรณ์","ADM1_PCODE":"TH67","ADM0_EN":"Thailand","ADM0_TH":"ประเทศไทย","ADM0_PCODE":"TH"}},
{"type":"Feature","geometry":{"type":"Polygon","coordinates":[[[100.94206206400008,16.308623728000043],[100.93322477200007,16.305882609000037],[100.93123526700003,16.304628965000063],[100.92703023200005,16.303855200000044],[100.92263072800006,16.302290458000073],[100.92093998400009,16.302752027000054],[100.92012429100004,16.30623057300005],[100.91847074500004,16.308269078000023],[100.91796195300009,16.309823218000076],[100.91784500700004,16.31388900500002],[100.91601967700007,16.314330213000062],[100.91405867300006,16.316326299000025],[100.91266617600007,16.319451701000048],[100.90927796500006,16.319887505000054],[100.90892765800004,16.318879494000043],[100.90571766900007,16.319586043000072],[100.90389115000005,16.31907684400005],[100.89997422300007,16.321305171000063],[100.89862883500007,16.32304186700003],[100.89515942100007,16.32425200800003],[100.89435009800007,16.325252312000032],[100.89154873500007,16.326515663000066],[100.88958553800006,16.325902503000066],[100.88603959200003,16.32998819900007],[100.88459583200006,16.330569380000043],[100.88230939800007,16.330302716000062],[100.87889258900003,16.32911742600004],[100.87563989900008,16.329005877000043],[100.87053872800004,16.33055168100003],[100.86936711500005,16.330435399000066],[100.86430827800007,16.33154797000003],[100.86207544600006,16.329822377000028],[100.85948594300004,16.329461468000034],[100.85694261400005,16.328024981000056],[100.85643896700009,16.324297367000042],[100.85235203000008,16.31919175300004],[100.84928749300008,16.317951750000077],[100.84749068100007,16.31672485400003],[100.84718851200006,16.314907895000033],[100.84557410700006,16.31435519200005],[100.84497505300004,16.308429234000073],[100.84354818800006,16.306303895000042],[100.84385463500007,16.301569438000058],[100.84349639900006,16.299949040000058],[100.84595592100004,16.29331748900006],[100.84798131500008,16.29080577800005],[100.84788198900009,16.28983689100005],[100.84560742000008,16.288921223000045],[100.84629210000008,16.287274162000074],[100.84474305300006,16.28542582800003],[100.84493187100009,16.283975591000058],[100.84165007500008,16.28378949100005],[100.84090261500006,16.282565043000034],[100.84145481700006,16.27762901400007],[100.84072958000007,16.275200582000025],[100.84221813200008,16.27284905700003],[100.84181437300003,16.271153562000052],[100.83994906400005,16.268309405000025],[100.83834802300004,16.267435256000056],[100.83437660400006,16.267238246000034],[100.83371227600009,16.269102265000072],[100.83187981900005,16.269112565000057],[100.83003424900005,16.270373806000066],[100.82983536600005,16.27236510000006],[100.82888160100003,16.272992859000055],[100.82974595600007,16.275865751000026],[100.82759631000005,16.276870617000043],[100.82603968900008,16.278681521000067],[100.82593331700008,16.282049909000023],[100.82455365400006,16.28226913800006],[100.82326315800003,16.284470233000036],[100.81986273900009,16.283869503000062],[100.81678224000007,16.284061042000076],[100.81662907300006,16.283043858000042],[100.81478223100004,16.283679671000073],[100.81436638200006,16.284689661000073],[100.81158587300007,16.28419217000004],[100.81215411600004,16.282616577000056],[100.81107833100003,16.282399351000038],[100.80983936800004,16.280409685000052],[100.80813926900004,16.280116258000078],[100.80422333200005,16.277311565000048],[100.80061672800008,16.276022864000026],[100.79849104600004,16.27430183100006],[100.79672792200006,16.274461736000035],[100.79615030600007,16.272990202000074],[100.79454079200008,16.271821800000055],[100.79195914400003,16.273235575000058],[100.79018470400007,16.27283694600004],[100.79059962700006,16.271502017000046],[100.79008627000007,16.265393076000066],[100.79025326000004,16.263078868000036],[100.79204045500006,16.258812557000056],[100.79473255600004,16.25631723500004],[100.79595633500008,16.25300590100005],[100.79172727300005,16.245957677000035],[100.79172584700007,16.24532997600005],[100.79410801400007,16.243725592000033],[100.79447106300006,16.240759225000033],[100.79698368800007,16.238335808000045],[100.79898641900007,16.23726933000006],[100.80651410200005,16.234469369000067],[100.81119173300004,16.233706836000067],[100.81315394300003,16.232468975000074],[100.81434074300006,16.229720327000052],[100.81341997300007,16.226516326000024],[100.81380192700004,16.225443909000035],[100.81831029400007,16.222589149000044],[100.81861891600005,16.220804092000037],[100.81725753400008,16.219719584000075],[100.81586441500008,16.217322850000073],[100.81423116700006,16.215852789000053],[100.81005088700005,16.213374309000073],[100.80517795400004,16.20925892100007],[100.80439993700008,16.208271771000057],[100.80515848300007,16.205164340000067],[100.80843994800006,16.19987175700004],[100.80838316900008,16.19754959200003],[100.80734503000008,16.19398245900004],[100.80715573000003,16.189852275000078],[100.80920867500004,16.188492841000027],[100.81323150900005,16.188752677000025],[100.81997809400008,16.188766909000037],[100.82177777600003,16.188402714000063],[100.82658350200006,16.186537678000036],[100.82879445100008,16.186498576000076],[100.83176468500005,16.187611770000046],[100.83653042000009,16.185435707000067],[100.83994011400006,16.185411661000046],[100.84507944700005,16.186689672000057],[100.84625677200006,16.18889708200004],[100.84573696600006,16.18996026600007],[100.84762611200006,16.19126957800006],[100.84699255200007,16.19195225200002],[100.84744664000004,16.194432837000022],[100.84702239900008,16.195689126000048],[100.84809354600009,16.19659542100004],[100.84782764700009,16.19771998500005],[100.84914161500006,16.197848436000072],[100.84952186200007,16.201402631000065],[100.85238926500006,16.203162760000055],[100.85283775000005,16.204503637000073],[100.85510898200005,16.204957510000042],[100.85687095300005,16.207596720000026],[100.85868794600003,16.208553653000024],[100.85800622500005,16.213428347000047],[100.86438006200007,16.21336948900006],[100.86565486400008,16.213784454000063],[100.87083409200005,16.211071987000025],[100.87243934500003,16.21300823200005],[100.87500234500004,16.213866367000037],[100.87991703100005,16.214772183000036],[100.88066331200008,16.21558957800005],[100.88432801700009,16.214359682000065],[100.88760888300004,16.21456666100005],[100.89183328900003,16.215923089000057],[100.89611840100008,16.21810583300004],[100.90014629600006,16.219116086000042],[100.90244572100005,16.219023795000055],[100.90486821300004,16.217678892000038],[100.90621544400005,16.21606026300003],[100.90736735400009,16.210622588000035],[100.90886881200004,16.20839955200006],[100.91046811500007,16.202811758000053],[100.91199705200006,16.200525398000025],[100.91495705500006,16.19818414300005],[100.91796481100005,16.196356197000057],[100.91816397600007,16.19486191900006],[100.91689798900006,16.19138029800007],[100.91717793300006,16.189742393000074],[100.91924416500007,16.186343041000043],[100.92011001000009,16.182309210000028],[100.92159527000007,16.181232387000023],[100.92273518200005,16.179015939000067],[100.92454677000006,16.177810414000078],[100.92505354500008,16.17281928600005],[100.92616256400004,16.17041641900005],[100.93061537100004,16.166018765000047],[100.93155760300004,16.158841704000054],[100.93235028100008,16.156469404000063],[100.93350270200006,16.154991980000034],[100.93692472900005,16.15331429500003],[100.94078791000004,16.152410927000062],[100.94532986300004,16.15303992500003],[100.94765343500006,16.15444391500006],[100.95130157200003,16.159115280000037],[100.95387064400006,16.161968497000032],[100.95493032100006,16.16445929500003],[100.95456773200004,16.16861179500006],[100.94990700300008,16.175002909000057],[100.94970337400008,16.17680486300003],[100.95099625400007,16.18092841200007],[100.95381874300006,16.183108047000076],[100.95412056300006,16.187346916000024],[100.95539226900007,16.188452452000035],[100.95828125700007,16.18811187500006],[100.95820394500004,16.187278094000078],[100.96142283700004,16.185851169000046],[100.96442175700008,16.182142273000068],[100.96413168800007,16.179912234000028],[100.96797129700008,16.17941233700003],[100.97015733700005,16.180847829000072],[100.97192687600005,16.181286902000068],[100.97551191000008,16.18120897600005],[100.97884548100006,16.18186565800005],[100.98018499100004,16.182737339000028],[100.98020890900005,16.185879707000026],[100.98223246000003,16.188285135000058],[100.98308953300005,16.191547627000034],[100.98284511100007,16.194728765000036],[100.98352979100008,16.198180008000065],[100.98472570500007,16.198592251000036],[100.98760895900006,16.202955118000034],[100.98938129100009,16.203965134000043],[100.99306357200004,16.20796505100003],[100.99420378200006,16.210574963000056],[100.99413378100007,16.213513996000074],[100.99348187200007,16.215846374000023],[100.99416504000004,16.21796522900007],[100.99304944200009,16.22185476800007],[100.99359091700006,16.224863394000067],[100.99327122400007,16.226233421000074],[100.99166667200006,16.226626594000038],[100.98911493500003,16.225669613000036],[100.98760184600008,16.225958883000033],[100.98379574600006,16.225503811000067],[100.98267608600008,16.225838891000024],[100.98243983800006,16.227236127000026],[100.98270587100006,16.231818486000066],[100.98331309200006,16.23431299500004],[100.98400257900005,16.240908648000072],[100.98456214600009,16.243401713000026],[100.98301492400009,16.24487100500005],[100.98332478900005,16.24901514900006],[100.98196950600004,16.253644132000034],[100.98077743000005,16.255487456000026],[100.97815050000008,16.25773753900006],[100.97236926100004,16.258527576000063],[100.97046935100008,16.25968178900007],[100.97043717400004,16.260721167000042],[100.96881794600006,16.260528132000047],[100.96572144800007,16.263184886000033],[100.96477668100005,16.265123003000042],[100.96500789100008,16.26671287100004],[100.96378653100004,16.269464853000045],[100.96164156400005,16.270884359000036],[100.96194509800006,16.27218264800007],[100.96042197600008,16.27356302800007],[100.96186839400008,16.275985855000044],[100.96381596700007,16.281349721000026],[100.96247828100007,16.283480153000028],[100.96248101800006,16.28515747800003],[100.95622631300006,16.289121050000062],[100.95502786600008,16.29215539100005],[100.94740112800008,16.299228140000025],[100.94587022900004,16.302507176000063],[100.94271350900004,16.30440617100004],[100.94206206400008,16.308623728000043]]]},"properties":{"Shape_Leng":0.849676116336,"Shape_Area":0.0198999110751,"ADM3_EN":"Phutthabat","ADM3_TH":"พุทธบาท","ADM3_PCODE":"TH670204","ADM2_EN":"Chon Daen","ADM2_TH":"ชนแดน","ADM2_PCODE":"TH6702","ADM1_EN":"Phetchabun","ADM1_TH":"เพชรบูรณ์","ADM1_PCODE":"TH67","ADM0_EN":"Thailand","ADM0_TH":"ประเทศไทย","ADM0_PCODE":"TH"}},
{"type":"Feature","geometry":{"type":"Polygon","coordinates":[[[100.87314175700004,16.074213753000038],[100.87018201600006,16.07392182700005],[100.86406414300006,16.075420696000037],[100.85953304700007,16.076959075000048],[100.85686611400007,16.074924941000063],[100.85249357400005,16.07526094900004],[100.85080149900006,16.074336136000056],[100.84920283100007,16.074840814000027],[100.84884817200003,16.072886744000073],[100.84788730100007,16.071856500000024],[100.84575746200005,16.073402629000043],[100.84244262000004,16.07288032500003],[100.84167979200004,16.070468764000054],[100.83863690600003,16.071227220000026],[100.83861156700004,16.069424457000025],[100.83649085400003,16.070188728000062],[100.83537342300008,16.067536231000076],[100.83372510100008,16.067225373000042],[100.83274691400004,16.06828219600004],[100.82660402200008,16.065469146000055],[100.82443624100006,16.065561109000043],[100.82416684900005,16.066779163000035],[100.82217749900008,16.065081817000078],[100.82266980800006,16.064261612000053],[100.82110681500006,16.063045603000035],[100.82021389600004,16.060066808000045],[100.81883241100007,16.060729237000032],[100.81657137200006,16.060604306000073],[100.81548165700008,16.058877669000026],[100.81307176700005,16.057751309000025],[100.81182089300006,16.058180149000066],[100.80899298100007,16.05528759300006],[100.80819414800004,16.054529615000035],[100.80474019500008,16.048078802000077],[100.80366063400004,16.048130816000025],[100.80388171200008,16.046257153000056],[100.80266245900003,16.045306468000035],[100.80423071900003,16.043152966000036],[100.80596015600008,16.043734697000048],[100.80821647100004,16.043294123000067],[100.80745455900006,16.042340955000043],[100.80859625300008,16.03932191100006],[100.80998919300004,16.038907163000033],[100.81014429500004,16.03153472500003],[100.81130503900005,16.027756883000052],[100.80955131400003,16.026160057000027],[100.81020585800007,16.02486304200005],[100.81020178500006,16.021748002000038],[100.80949671000008,16.02196152500005],[100.80885042300008,16.01647910400004],[100.80728767500005,16.015976011000078],[100.80379705000007,16.016126882000037],[100.80512655500007,16.008387371000026],[100.80531750000006,16.005155436000052],[100.80438803500004,16.000885723000067],[100.80309563200007,15.998724333000041],[100.80276805600005,15.995941437000056],[100.80109090900004,15.992828351000071],[100.79284833000008,15.99541881700003],[100.78944592800008,15.99577752600004],[100.78397291300007,15.99830905400006],[100.78204775500006,15.993990238000038],[100.78470531300007,15.992340719000026],[100.78523100800004,15.991083697000022],[100.78386013300008,15.989448180000068],[100.78447403200005,15.988254018000077],[100.78393698000008,15.984523812000077],[100.78276674700004,15.982528414000058],[100.78401607100005,15.980531765000023],[100.78105167300004,15.978508833000035],[100.77973206400009,15.978507041000057],[100.77883486100006,15.975536999000042],[100.77773413000006,15.975382368000055],[100.77803730800008,15.973241745000053],[100.77689073100004,15.971241869000039],[100.77730744200005,15.969675774000052],[100.77916603600005,15.967266365000057],[100.77812092800008,15.966147926000076],[100.78034555500005,15.96388332400005],[100.78293270500006,15.96359643900007],[100.78457711800007,15.962621059000071],[100.78671842300008,15.959857875000068],[100.78844039500007,15.959675138000023],[100.79054463900007,15.958492430000035],[100.79072159000003,15.956955334000043],[100.79285279500004,15.953267063000055],[100.79436044200008,15.952078421000067],[100.79328517700009,15.948183154000048],[100.79383793700003,15.94530444000003],[100.79495396300007,15.945657585000049],[100.79558095000004,15.942261078000058],[100.79758070200006,15.941485604000036],[100.79692581900008,15.940761945000077],[100.79887836200004,15.938623979000056],[100.79905206100005,15.93623804200007],[100.79597791100008,15.931907398000021],[100.79435965600004,15.93134365000003],[100.79264467600007,15.932187161000058],[100.78854678800008,15.932465081000032],[100.78734543600007,15.933434380000051],[100.78662264500008,15.932464776000074],[100.78478086800004,15.932276779000063],[100.78397243500007,15.933974500000033],[100.78109512100008,15.934510468000042],[100.78055793000004,15.933018735000076],[100.77829036800006,15.933394724000038],[100.77661547400004,15.93293514100003],[100.77536912800008,15.930819615000075],[100.77068842500006,15.929705887000068],[100.76888990500004,15.930935379000061],[100.76606668700003,15.931128310000076],[100.76528824400003,15.930141967000054],[100.76444756100005,15.926744334000034],[100.76244785200004,15.922443422000072],[100.76313980400005,15.920385458000055],[100.76296823400008,15.918176350000067],[100.76357763200008,15.914323425000077],[100.76422510300006,15.913222447000066],[100.76397520800003,15.911405573000025],[100.76494139300007,15.909678951000046],[100.76648821200007,15.908574675000068],[100.76869887500004,15.905461624000054],[100.76940424000009,15.902892818000055],[100.77299694900006,15.899173373000053],[100.77662525900007,15.897403026000063],[100.78237297900006,15.897329462000073],[100.78380312500008,15.89529512300004],[100.79114050100009,15.893461513000034],[100.79609866200008,15.892696844000056],[100.79509073300005,15.895297951000032],[100.79177039600006,15.899995732000036],[100.79186005300005,15.901982554000028],[100.79294108600004,15.903736297000023],[100.79344022000004,15.906755628000042],[100.79409688100009,15.90720163800006],[100.79563374100007,15.911065543000063],[100.79590184700004,15.914369822000026],[100.79526423200008,15.914345457000024],[100.79527472200004,15.916759551000041],[100.79646882100008,15.91753596500007],[100.79560784400007,15.92023073200005],[100.79643854300008,15.92226071500005],[100.79755153100007,15.92302507900007],[100.79741633700007,15.92530897100005],[100.79819581500004,15.926502146000075],[100.79862958200005,15.925153937000061],[100.80073982100004,15.924505232000058],[100.80399463700007,15.924209245000043],[100.80664812000003,15.925016611000046],[100.80877165300006,15.924999894000052],[100.80988072200006,15.922063213000058],[100.81034850300006,15.919413262000035],[100.81257786600008,15.917894021000052],[100.81255790800009,15.916440548000026],[100.81369496600007,15.915091239000049],[100.81544042700006,15.915197139000043],[100.81868017100004,15.913361958000053],[100.82181943300009,15.910618506000048],[100.82329029600004,15.910536621000062],[100.82606056200007,15.911624027000073],[100.82753671000006,15.91316454400004],[100.83308173000006,15.912427303000072],[100.83777338500005,15.910452888000066],[100.84270312300004,15.909218443000043],[100.84351351000004,15.90950132000006],[100.84605561000006,15.914020781000033],[100.84672298900006,15.916945518000034],[100.84771449900006,15.918703280000045],[100.84700232500006,15.921625824000046],[100.84727203300008,15.922786528000074],[100.84626807100005,15.924229853000043],[100.84462532600008,15.92464467700006],[100.84696700600006,15.926292064000052],[100.84884753500006,15.926157210000042],[100.84992106600004,15.927241478000042],[100.85606279800004,15.929514193000045],[100.86044418200004,15.927749653000035],[100.86123256800005,15.926738452000052],[100.86287540400008,15.926892494000072],[100.86648390100004,15.92490519100005],[100.87045170300007,15.925966395000046],[100.87342936000005,15.924905745000046],[100.87635326900005,15.923069414000054],[100.87951664100007,15.922705525000026],[100.88118315600008,15.92186375500006],[100.88282371100007,15.919192948000045],[100.88547151400007,15.915875739000057],[100.88712216000005,15.91185439800006],[100.88696844000003,15.90884245500007],[100.88961396200006,15.907337246000054],[100.89103509500006,15.904108756000028],[100.89194428100006,15.899888670000053],[100.89720024600007,15.897052517000077],[100.90037491000004,15.896002084000031],[100.90140476500005,15.896926837000024],[100.89660664500008,15.901746847000027],[100.89569760700005,15.90541791000004],[100.89633828600006,15.906978117000051],[100.89828088600007,15.909139308000022],[100.89820832300006,15.915278085000068],[100.89719290100004,15.916097035000064],[100.89622919300007,15.918463559000031],[100.89199119100005,15.926762968000048],[100.89049050600005,15.930840337000063],[100.88882582400004,15.932424853000043],[100.88648450700003,15.93653445800004],[100.88611919300007,15.93941473500007],[100.88676220600007,15.942523191000078],[100.88650571100004,15.944937495000033],[100.88765939600006,15.94710875100003],[100.88939317500007,15.946899478000034],[100.89406254700003,15.947446510000077],[100.89728049700005,15.949333379000052],[100.89876403300008,15.952719750000028],[100.90158598100004,15.953159163000066],[100.89861649900007,15.958862972000077],[100.89863594500008,15.960926911000058],[100.89664673900006,15.964012719000038],[100.89395272200005,15.966841620000025],[100.89696683500006,15.972461898000063],[100.89776506800007,15.975504486000034],[100.89954467500007,15.979073154000048],[100.90080220200008,15.979685134000022],[100.90216375600005,15.989245181000058],[100.90254361700005,15.990525325000021],[100.90032019400007,15.991828976000022],[100.89795418400007,15.991086884000026],[100.89801924200003,15.992234387000053],[100.89553264800008,15.992952570000057],[100.89523883900006,15.99518484500004],[100.89325785400007,15.995549106000055],[100.89138101900005,15.994342632000041],[100.88853000400007,15.994237393000049],[100.88608020500004,15.994920531000048],[100.88181704700008,15.99678056700003],[100.87779538500007,15.997353753000027],[100.87509923600004,16.001266952000037],[100.87567189300006,16.002369733000023],[100.87879898200003,16.00420421700005],[100.87844308500007,16.007147150000037],[100.87974810300005,16.01198222200003],[100.88034358900006,16.017492162000053],[100.87763606500005,16.017606999000066],[100.87594354700008,16.018700608000074],[100.87580137700007,16.02130878500003],[100.87277479000005,16.02055875700006],[100.87245022300004,16.023294108000073],[100.87047067700007,16.024460653000062],[100.87100922200005,16.026577399000075],[100.87278961400006,16.026549817000046],[100.87461307800004,16.025565826000047],[100.87498037100005,16.026351057000056],[100.87944408900006,16.027887276000058],[100.88090161000008,16.02959761900007],[100.88210518700004,16.029116542000054],[100.88416966200003,16.030171386000063],[100.88463971000004,16.035383066000065],[100.88247808500006,16.040293802000065],[100.88056576600007,16.042405511000027],[100.88038588900008,16.045826504000047],[100.87828266400004,16.04929663200005],[100.87760465000008,16.05311571200002],[100.87328052500004,16.055134507000048],[100.87239068400004,16.05792861200007],[100.87169171000005,16.062769268000068],[100.86831992400005,16.06666683900005],[100.86848277700005,16.070119834000025],[100.87159617300006,16.071187592000058],[100.87314175700004,16.074213753000038]]]},"properties":{"Shape_Leng":0.886172788368,"Shape_Area":0.0144377076679,"ADM3_EN":"Lat Khae","ADM3_TH":"ลาดแค","ADM3_PCODE":"TH670205","ADM2_EN":"Chon Daen","ADM2_TH":"ชนแดน","ADM2_PCODE":"TH6702","ADM1_EN":"Phetchabun","ADM1_TH":"เพชรบูรณ์","ADM1_PCODE":"TH67","ADM0_EN":"Thailand","ADM0_TH":"ประเทศไทย","ADM0_PCODE":"TH"}},
{"type":"Feature","geometry":{"type":"Polygon","coordinates":[[[100.65719350500007,16.050894595000045],[100.65747872600008,16.046258559000023],[100.65818797400004,16.046164710000028],[100.65812722400005,16.040907590000074],[100.65933562100008,16.038761193000028],[100.66182665500008,16.038420338000037],[100.66355253500006,16.03686614000003],[100.66351301200007,16.03436726700005],[100.66535798100006,16.033364412000026],[100.66490837600008,16.032274157000074],[100.66713999300003,16.030999863000034],[100.67082737800007,16.031886863000068],[100.67208913000007,16.03022369300004],[100.67685164600005,16.030987740000057],[100.67732309200005,16.028391723000027],[100.67873717300006,16.028702847000034],[100.67941649600004,16.02633200300005],[100.68106185900007,16.02730475000004],[100.68106323300003,16.025899413000047],[100.68226137400006,16.024505891000047],[100.68423307300009,16.02597417000004],[100.68662740300005,16.025569588000053],[100.68792031200007,16.028151738000076],[100.68892690800004,16.026920786000062],[100.69206370200004,16.026974491000033],[100.69198529400006,16.025733003000028],[100.69349600200007,16.02450864800005],[100.69476520800004,16.02557328100005],[100.69604164300006,16.024639035000064],[100.69670471200004,16.025297237000075],[100.69846952900008,16.023025865000022],[100.69904106200005,16.02478063500007],[100.70099348500008,16.023703229000034],[100.70116580700005,16.024899450000078],[100.70409845600005,16.025179286000025],[100.70556830700008,16.024315517000048],[100.70948134000008,16.025965232000033],[100.71253271000006,16.024745431000042],[100.71418375600007,16.025855643000057],[100.71605108300008,16.02303857800007],[100.71738457400005,16.023920270000076],[100.71859989800004,16.023030902000073],[100.72012480100005,16.02399794400003],[100.72158056800004,16.023034559000052],[100.72815755200008,16.023529839000048],[100.72882191300005,16.021953156000052],[100.72817337300006,16.020842996000056],[100.72990092100008,16.019212524000068],[100.73174697700006,16.021236068000064],[100.73312473600004,16.019031863000066],[100.73584627800005,16.018225259000076],[100.73811417500008,16.018940284000053],[100.73863011800006,16.017528695000067],[100.73967782800008,16.017797875000042],[100.74120932800008,16.015149895000036],[100.74126514300008,16.013498984000023],[100.74230509700004,16.014476866000052],[100.74328446700008,16.012513236000075],[100.74561065900008,16.011536282000066],[100.74654954000005,16.011977998000077],[100.74889173400004,16.010828484000058],[100.75271345500005,16.01046948900006],[100.75332163300004,16.011185182000077],[100.75818926900007,16.01014211000006],[100.75817739100006,16.011122864000072],[100.76082471900008,16.00945920500004],[100.76032273000004,16.00852505900002],[100.76200105600009,16.00665736700006],[100.76299027200008,16.00684142700004],[100.76313581200009,16.004780003000064],[100.76423093700004,16.005047965000074],[100.76583674900007,16.003579331000026],[100.76799310000007,16.003250724000054],[100.76774732800004,16.002215570000033],[100.76918549500004,15.998525568000048],[100.77097218100005,15.998804763000066],[100.77203267600004,15.999787032000029],[100.77510582600007,15.998427151000044],[100.77652632400009,15.998679776000074],[100.77984298200005,15.99576219100004],[100.78073857400005,15.995717089000038],[100.78204775500006,15.993990238000038],[100.78397291300007,15.99830905400006],[100.78944592800008,15.99577752600004],[100.79284833000008,15.99541881700003],[100.80109090900004,15.992828351000071],[100.80276805600005,15.995941437000056],[100.80309563200007,15.998724333000041],[100.80438803500004,16.000885723000067],[100.80531750000006,16.005155436000052],[100.80512655500007,16.008387371000026],[100.80379705000007,16.016126882000037],[100.80728767500005,16.015976011000078],[100.80885042300008,16.01647910400004],[100.80949671000008,16.02196152500005],[100.81020178500006,16.021748002000038],[100.81020585800007,16.02486304200005],[100.80955131400003,16.026160057000027],[100.81130503900005,16.027756883000052],[100.81014429500004,16.03153472500003],[100.80998919300004,16.038907163000033],[100.80859625300008,16.03932191100006],[100.80745455900006,16.042340955000043],[100.80821647100004,16.043294123000067],[100.80596015600008,16.043734697000048],[100.80423071900003,16.043152966000036],[100.80266245900003,16.045306468000035],[100.80388171200008,16.046257153000056],[100.80366063400004,16.048130816000025],[100.80474019500008,16.048078802000077],[100.80819414800004,16.054529615000035],[100.80899298100007,16.05528759300006],[100.80891562200009,16.057887350000044],[100.80562644700007,16.059022579000043],[100.80292028800005,16.06319818700007],[100.80090294200005,16.06322931400007],[100.79980950700008,16.064078748000043],[100.79879549900005,16.068085214000064],[100.79798967600004,16.075593996000066],[100.79639037800007,16.075676690000023],[100.79623530200007,16.076728950000074],[100.79468053300008,16.07680136400006],[100.79409174700004,16.078358740000056],[100.79456820400009,16.081017320000058],[100.79350045200005,16.084118681000064],[100.79298693800007,16.089008998000054],[100.79061681300004,16.088953502000038],[100.78795571200004,16.08896945600003],[100.78714874600007,16.089744005000057],[100.78418950300005,16.089233015000048],[100.78352233300006,16.09026128000005],[100.78128327700006,16.090794446000075],[100.77859915000005,16.088497482000037],[100.77783244000005,16.089206828000044],[100.77552077000007,16.088268731000028],[100.77366815400006,16.088872276000075],[100.76988445300003,16.08911334100003],[100.76960946200006,16.087767583000073],[100.76593830200005,16.087792291000028],[100.76461423700005,16.08869173200003],[100.76093746000004,16.08889612100006],[100.75987395000004,16.09079818300006],[100.75623470800008,16.090649277000068],[100.75522710400008,16.090078117000076],[100.75377284600006,16.09158633800007],[100.75405751900007,16.095074923000027],[100.75212444200008,16.095427001000076],[100.75266898500007,16.096910472000047],[100.75104996700009,16.097639695000055],[100.75188537900004,16.099462837000033],[100.74937248000003,16.101543036000066],[100.74608913200007,16.100909597000054],[100.74541673000004,16.101678142000026],[100.74071883800008,16.101117161000047],[100.73851099300003,16.100422955000056],[100.73768509300004,16.100939969000024],[100.73702377200004,16.099604267000075],[100.73417088400004,16.09730912300006],[100.73159095700004,16.096701591000055],[100.72950063700006,16.09735439700006],[100.72810582300008,16.096293168000045],[100.72575451800009,16.09845931800004],[100.72567377800004,16.096916975000056],[100.72439238300007,16.097769060000076],[100.72229220300005,16.097061100000076],[100.72219376600003,16.09463925800003],[100.72043861000009,16.095112977000042],[100.72028908500005,16.093703945000073],[100.71836269600004,16.092006797000067],[100.71541519600004,16.091219377000073],[100.71164900500008,16.091430439000078],[100.70630082900004,16.090639834000058],[100.70477931400006,16.090897850000033],[100.70292802300008,16.089939636000054],[100.70236081400009,16.09096117100006],[100.70007298700006,16.091083109000067],[100.69910312400003,16.089859192000063],[100.69945682700006,16.08881670900007],[100.69789312300009,16.088674137000055],[100.69571917000007,16.08637238600005],[100.69541310000005,16.08490796600006],[100.69433922600007,16.086322874000075],[100.69292952400008,16.084948841000028],[100.69271870400007,16.086459685000023],[100.69118683100004,16.08419744400004],[100.68988329000007,16.08482244100003],[100.69035200200005,16.082628026000066],[100.68761774500007,16.081298076000053],[100.68755830600008,16.078431221000073],[100.68572754900003,16.077025628000058],[100.68342981900008,16.07668841900005],[100.68256826800007,16.075419440000076],[100.68274382600003,16.073420965000025],[100.68048568000006,16.072139549000042],[100.68001729800005,16.07032884800003],[100.67869722000006,16.07017735200003],[100.67758199100007,16.068868012000053],[100.67578142000008,16.06865587300007],[100.67323443200007,16.064467818000026],[100.67414494200005,16.063511102000064],[100.67262227100008,16.061515687000053],[100.67144785200009,16.06105668600003],[100.67079963500004,16.05755983100005],[100.67114068100005,16.05580397500006],[100.66964502600007,16.056412812000076],[100.66638729200008,16.056109106000065],[100.66609654100006,16.054556597000044],[100.66410100400009,16.054397238000035],[100.66366561500007,16.05298624900007],[100.66228954600007,16.052843813000038],[100.66148512100006,16.050603744000057],[100.65965722900006,16.05023477900005],[100.65719350500007,16.050894595000045]]]},"properties":{"Shape_Leng":0.658014656741,"Shape_Area":0.0102824222074,"ADM3_EN":"Ban Kluai","ADM3_TH":"บ้านกล้วย","ADM3_PCODE":"TH670206","ADM2_EN":"Chon Daen","ADM2_TH":"ชนแดน","ADM2_PCODE":"TH6702","ADM1_EN":"Phetchabun","ADM1_TH":"เพชรบูรณ์","ADM1_PCODE":"TH67","ADM0_EN":"Thailand","ADM0_TH":"ประเทศไทย","ADM0_PCODE":"TH"}},
{"type":"Feature","geometry":{"type":"Polygon","coordinates":[[[100.88867412000008,16.09245185900005],[100.88968548500009,16.090149302000043],[100.89237331100009,16.086840178000045],[100.89371255800006,16.08423686900005],[100.89161648000004,16.083660339000062],[100.89119533200005,16.08253779000006],[100.88943397400004,16.081268383000065],[100.88989051500005,16.07950347800005],[100.88777293700008,16.07982796700003],[100.88591181300006,16.079359036000028],[100.88432562100007,16.080486192000023],[100.88360326500003,16.078006421000055],[100.87813189400003,16.074086865000027],[100.87630128400008,16.073661395000045],[100.87314175700004,16.074213753000038],[100.87159617300006,16.071187592000058],[100.86848277700005,16.070119834000025],[100.86831992400005,16.06666683900005],[100.87169171000005,16.062769268000068],[100.87239068400004,16.05792861200007],[100.87328052500004,16.055134507000048],[100.87760465000008,16.05311571200002],[100.87828266400004,16.04929663200005],[100.88038588900008,16.045826504000047],[100.88056576600007,16.042405511000027],[100.88247808500006,16.040293802000065],[100.88463971000004,16.035383066000065],[100.88416966200003,16.030171386000063],[100.88210518700004,16.029116542000054],[100.88090161000008,16.02959761900007],[100.87944408900006,16.027887276000058],[100.87498037100005,16.026351057000056],[100.87461307800004,16.025565826000047],[100.87278961400006,16.026549817000046],[100.87100922200005,16.026577399000075],[100.87047067700007,16.024460653000062],[100.87245022300004,16.023294108000073],[100.87277479000005,16.02055875700006],[100.87580137700007,16.02130878500003],[100.87594354700008,16.018700608000074],[100.87763606500005,16.017606999000066],[100.88034358900006,16.017492162000053],[100.87974810300005,16.01198222200003],[100.87844308500007,16.007147150000037],[100.87879898200003,16.00420421700005],[100.87567189300006,16.002369733000023],[100.87509923600004,16.001266952000037],[100.87779538500007,15.997353753000027],[100.88181704700008,15.99678056700003],[100.88608020500004,15.994920531000048],[100.88853000400007,15.994237393000049],[100.89138101900005,15.994342632000041],[100.89325785400007,15.995549106000055],[100.89523883900006,15.99518484500004],[100.89553264800008,15.992952570000057],[100.89801924200003,15.992234387000053],[100.89795418400007,15.991086884000026],[100.90032019400007,15.991828976000022],[100.90254361700005,15.990525325000021],[100.90216375600005,15.989245181000058],[100.90698187500004,15.988081516000022],[100.90853150000004,15.98858752600006],[100.91267492800006,15.988745609000034],[100.91423623700007,15.988125323000077],[100.91490713900004,15.985693797000067],[100.92064708400005,15.981895996000048],[100.92811567400008,15.978623988000038],[100.93178731400008,15.978634354000064],[100.93447981600008,15.979259850000062],[100.93801630900003,15.97918469800004],[100.94175172500007,15.980473993000032],[100.93747814600005,15.981420163000053],[100.93160918800004,15.983400391000032],[100.93059501500005,15.985033740000063],[100.93089601200006,15.986070550000022],[100.93257332200005,15.985882228000037],[100.93383902800008,15.987126923000062],[100.93673041800008,15.98746905400003],[100.93750720000008,15.989086289000056],[100.94054195300004,15.988041061000047],[100.94583777900004,15.993927032000045],[100.94848343200005,15.994314530000054],[100.95089481100007,15.995938530000046],[100.95554108200008,15.99753288200003],[100.95495375600007,16.000119531000053],[100.95608953100003,16.001442160000067],[100.96570962400006,15.997969041000033],[100.96663403600007,15.997805422000056],[100.96790275700005,15.99929602900005],[100.97178065100007,15.999401258000034],[100.97286653700007,15.99846447300007],[100.97329382600009,15.996068926000078],[100.98064753700004,16.00163793400003],[100.98286829200003,16.00376517500007],[100.98518737000006,16.00465501000002],[100.98589701800006,16.005815667000036],[100.98588490800006,16.008530369000027],[100.98386652500005,16.00961293200004],[100.98314845500005,16.01102065400005],[100.98516456800007,16.013492211000028],[100.98512420100008,16.01565907300005],[100.98637345200007,16.017840571000022],[100.98502760200006,16.019840428000066],[100.98400401200007,16.023766344000023],[100.98563223800005,16.024645974000066],[100.98873697200008,16.029891933000044],[100.98916858900009,16.031810713000027],[100.98753540700005,16.035193202000073],[100.98804711400004,16.040199579000046],[100.98880550400008,16.041788444000076],[100.98874039000003,16.042423790000043],[100.98569142700006,16.043961059000026],[100.98222384700006,16.048019718000035],[100.98046055500004,16.048559973000067],[100.98004624000004,16.054323511000064],[100.97911846500006,16.055808075000073],[100.97937322300004,16.05771729500003],[100.98173137400005,16.060231372000032],[100.98261967800005,16.062151309000058],[100.98269709700008,16.06543375600006],[100.98168775800008,16.066270146000022],[100.97986282600004,16.064916758000038],[100.97757944600005,16.064594666000062],[100.97494062600003,16.06093698500007],[100.97318063100005,16.059911459000034],[100.97192974100005,16.061166567000043],[100.96930322500003,16.059737324000025],[100.96520703100003,16.062405746000024],[100.96314154800007,16.065964147000045],[100.96106122100008,16.065716132000034],[100.95887220100008,16.064349621000076],[100.95339519000004,16.06572459100005],[100.95134016000009,16.067117857000028],[100.94951156000008,16.070683066000072],[100.94795403000006,16.071540517000074],[100.94527782200004,16.071507369000074],[100.94317657700009,16.06941228200003],[100.94161299700005,16.06706502000003],[100.94066978400008,16.064400560000024],[100.93975179300008,16.063757258000066],[100.93321108600009,16.06357975800006],[100.93160919200005,16.064659317000064],[100.93069724600008,16.066177294000056],[100.93165678400004,16.068250200000023],[100.93263968700006,16.07233101500003],[100.93041279400006,16.075891477000027],[100.92623147900008,16.077422358000035],[100.92436745700007,16.079626458000064],[100.92301900700005,16.08453086000003],[100.91969775200005,16.085854378000022],[100.91859295700004,16.087911586000075],[100.91681342700008,16.089034910000066],[100.91516833000009,16.090890174000037],[100.91458193600005,16.093041851000066],[100.91155573500004,16.097122004000028],[100.91103686000008,16.10004827000006],[100.90939784000005,16.10250207200005],[100.90888745700005,16.105407355000068],[100.90724431900009,16.107125432000032],[100.90564652400008,16.104713969000045],[100.90360465400005,16.10339903600004],[100.89845517900005,16.098181899000053],[100.89636114200005,16.09676376300007],[100.89135258700009,16.094826974000057],[100.88867412000008,16.09245185900005]]]},"properties":{"Shape_Leng":0.533594647377,"Shape_Area":0.00912991642498,"ADM3_EN":"Sap Phutsa","ADM3_TH":"ซับพุทรา","ADM3_PCODE":"TH670208","ADM2_EN":"Chon Daen","ADM2_TH":"ชนแดน","ADM2_PCODE":"TH6702","ADM1_EN":"Phetchabun","ADM1_TH":"เพชรบูรณ์","ADM1_PCODE":"TH67","ADM0_EN":"Thailand","ADM0_TH":"ประเทศไทย","ADM0_PCODE":"TH"}},
{"type":"Feature","geometry":{"type":"Polygon","coordinates":[[[100.77275895400004,16.12335083100004],[100.77268982500004,16.12556091700003],[100.77102410500004,16.125973222000027],[100.77139365100004,16.12709210500003],[100.76963508000006,16.127914952000026],[100.77110015300008,16.129267782000056],[100.77084308900004,16.130937290000077],[100.76901643800005,16.130353327000023],[100.76974896500008,16.131850713000063],[100.76817848400003,16.134923954000044],[100.76584505600005,16.13719379400004],[100.76499023200006,16.13739917600003],[100.76386539500004,16.14090473400006],[100.76086505600006,16.142346187000044],[100.76097294400006,16.14291245900006],[100.75738653700006,16.14426466200007],[100.75603893600004,16.145737790000055],[100.75832149100006,16.146482371000047],[100.75924942400007,16.14800556000006],[100.76173781700004,16.15004043400006],[100.76156302300006,16.15147575800006],[100.76246625100003,16.152805191000027],[100.76347996100009,16.15267916700003],[100.76514337900005,16.154596827000034],[100.76584274600003,16.159081814000047],[100.76484792300005,16.15992940500007],[100.76565576700006,16.16163240800006],[100.76489929800005,16.162020582000025],[100.76541614000007,16.164902378000022],[100.75853802300009,16.166672739000035],[100.75567448300006,16.168150026000035],[100.75518588700004,16.17090727300007],[100.75058386000006,16.172847027000046],[100.74973465300008,16.17372548900005],[100.74919497600007,16.176201802000037],[100.74629384500008,16.177633513000046],[100.74498505300005,16.179666568000073],[100.74497448900007,16.18105629200005],[100.74384617800007,16.182030180000027],[100.74385615700004,16.184218393000037],[100.74268201200005,16.187345226000048],[100.74149436500005,16.18893588900005],[100.74229817200006,16.192055436000032],[100.74208537800007,16.193981913000073],[100.74476807000008,16.197165991000077],[100.74580162600006,16.19954130800005],[100.74514988800007,16.203107475000024],[100.74576810800005,16.204031302000033],[100.74558680800004,16.20758765100004],[100.74478719500007,16.208598900000027],[100.74539668900007,16.21014370000006],[100.74229422200006,16.212652223000077],[100.74245632100008,16.215953325000044],[100.74068047900005,16.220314659000053],[100.73936945900005,16.225110880000045],[100.74017484600006,16.22885068900007],[100.74169630100005,16.231292663000033],[100.73815745800005,16.23355963800003],[100.73462073200005,16.23520956300007],[100.73559867300008,16.237726945000077],[100.73871690400006,16.24034043100005],[100.74229940900005,16.244358757000043],[100.74555567500005,16.247380711000062],[100.74435493700008,16.249494988000038],[100.74434980200004,16.25137283400005],[100.74223814300007,16.25102140200005],[100.74296574800007,16.25291665900005],[100.74170105000007,16.254499499000076],[100.74175602500009,16.257190346000073],[100.73962728500004,16.256299842000033],[100.73830999100005,16.25815718000007],[100.73748141900006,16.25745811300004],[100.73580753300007,16.25857760400004],[100.73372438500007,16.258973095000044],[100.73318112900006,16.257855669000037],[100.73108393700005,16.257599064000033],[100.72931601400006,16.25940903700007],[100.72742638800008,16.259378834000074],[100.72701102300005,16.257756920000077],[100.72537714200007,16.259011991000023],[100.72347630600007,16.258970211000076],[100.72214634600005,16.256844629000057],[100.71875385400006,16.25794883700007],[100.71811169700004,16.256592200000057],[100.71912663500007,16.25472072900004],[100.71984387800006,16.25082728600006],[100.71898635900004,16.250795587000027],[100.71760998300005,16.24877556900003],[100.71705554300007,16.24916963100003],[100.71466235400004,16.247183800000073],[100.71185159300006,16.245740211000054],[100.71182933400007,16.243815249000022],[100.71065203100005,16.244028184000058],[100.70995364400005,16.24559165000005],[100.70525110000005,16.23851231900005],[100.69819070500006,16.22682390500006],[100.69613535200006,16.22243241800004],[100.69359903200007,16.21789608000006],[100.68882481300005,16.21047881100003],[100.68700968500008,16.207157962000053],[100.68374866100004,16.202707993000047],[100.69059572800006,16.19962953000004],[100.69647475700003,16.198805324000034],[100.70402622700004,16.199865072000023],[100.70404380300005,16.191320053000027],[100.70560938200003,16.182396423000057],[100.70559126900008,16.181431416000066],[100.70262286300004,16.180748664000077],[100.70176211000006,16.179613792000055],[100.70204382300005,16.17767846000004],[100.70060937000005,16.17557981300007],[100.70088625400007,16.173374375000037],[100.69881477500007,16.170108495000022],[100.69837237800004,16.167618425000057],[100.69802344000004,16.161902363000024],[100.69634390800007,16.15840546800007],[100.69549011500004,16.155009155000073],[100.69612679600004,16.148385456000028],[100.69565638800003,16.146051241000066],[100.69377989100008,16.144888602000037],[100.69229227700004,16.142334265000045],[100.69008353300006,16.136111627000048],[100.68896426300006,16.131466746000058],[100.68840104600008,16.130788924000058],[100.70763514300006,16.124358560000076],[100.70776882500007,16.126141136000058],[100.71008376700007,16.127984136000066],[100.71144590700004,16.128222794000067],[100.71122836200004,16.129510608000032],[100.71395485900007,16.129055874000073],[100.72057710200005,16.129641263000053],[100.72251383700006,16.13045839700004],[100.72813658500007,16.129151997000065],[100.72972515500004,16.13143236600007],[100.73042604000005,16.128345170000046],[100.73254732000004,16.126820697000028],[100.73470971700004,16.124375195000027],[100.73505825100005,16.121746577000067],[100.73274875800007,16.120660860000044],[100.73305358900006,16.11947282600005],[100.73639879100006,16.119918046000066],[100.73732554200006,16.118068581000045],[100.73955567800004,16.119347598000047],[100.74037810500005,16.117609206000054],[100.74220383300008,16.11752223800005],[100.74535216600003,16.118738592000057],[100.74589007300006,16.12032174600006],[100.74763655100008,16.12069746000003],[100.74756846800005,16.121768746000043],[100.74607677600005,16.123030091000032],[100.74859767000004,16.12278053800003],[100.75316244100009,16.11990286400004],[100.75345429000004,16.121175030000074],[100.75577958600007,16.120630264000056],[100.75827958000008,16.12077471500004],[100.75816419000006,16.121509315000026],[100.76008278100005,16.12189248900006],[100.76093181600004,16.120409479000045],[100.76331789700004,16.12132807200004],[100.76548725700007,16.12075335700007],[100.76751748300006,16.121459051000045],[100.77025572100007,16.121058410000046],[100.77018708600008,16.122079538000037],[100.77169106400004,16.123661094000056],[100.77275895400004,16.12335083100004]]]},"properties":{"Shape_Leng":0.531490800239,"Shape_Area":0.00682370806515,"ADM3_EN":"Takut Rai","ADM3_TH":"ตะกุดไร","ADM3_PCODE":"TH670209","ADM2_EN":"Chon Daen","ADM2_TH":"ชนแดน","ADM2_PCODE":"TH6702","ADM1_EN":"Phetchabun","ADM1_TH":"เพชรบูรณ์","ADM1_PCODE":"TH67","ADM0_EN":"Thailand","ADM0_TH":"ประเทศไทย","ADM0_PCODE":"TH"}},
{"type":"Feature","geometry":{"type":"Polygon","coordinates":[[[100.84516464900008,16.127986108000073],[100.84287034400006,16.125150400000052],[100.84225317800008,16.123481940000033],[100.84272444000004,16.120019735000028],[100.84016053000005,16.11732898200006],[100.83677272100005,16.11713912700003],[100.83662770600006,16.116481168000064],[100.83265917800009,16.116564568000058],[100.82759622800006,16.119868541000073],[100.82543157600008,16.12072105200002],[100.82106716400006,16.120296133000068],[100.82046688100007,16.123807165000073],[100.81946275500007,16.126127800000063],[100.81495453200006,16.127270451000072],[100.81452679400007,16.131953499000076],[100.81124352300009,16.13298917700007],[100.81102555800004,16.134169996000026],[100.80795520700008,16.135402600000077],[100.80739339600007,16.136497577000057],[100.80577018000008,16.13633046500007],[100.80578087700007,16.13808375800005],[100.80467429000004,16.13814337100007],[100.80486828700003,16.14119633400003],[100.80374605600008,16.14390683700003],[100.80608467700006,16.145468183000048],[100.80681185800006,16.14875573300003],[100.80788149600005,16.149906028000032],[100.80792604300007,16.15167119700004],[100.81015109700007,16.154992443000026],[100.80943778300008,16.156655874000023],[100.80814255000007,16.157633368000063],[100.80855099000007,16.159067553000057],[100.80736309100007,16.159201980000034],[100.80606609800009,16.15805621000004],[100.80751647700004,16.157203636000077],[100.80487868600005,16.155666052000072],[100.80412690300005,16.152729600000043],[100.80304289500003,16.152118632000054],[100.80090631000007,16.15226324300005],[100.80046197100006,16.149689671000033],[100.79948162300008,16.151646022000023],[100.79665347800005,16.151895972000034],[100.79409360200003,16.148605447000023],[100.79338614300008,16.14840415900005],[100.79371614600007,16.15084683400005],[100.79197789500006,16.15004003300004],[100.79018698200008,16.147711365000077],[100.78903942800008,16.14842562700005],[100.78943664200006,16.144473384000037],[100.78714690500004,16.14432680400006],[100.78790601300005,16.145940693000057],[100.78590963100004,16.14503426400006],[100.78477753500005,16.14660372000003],[100.78342777600005,16.146942844000023],[100.78046435400006,16.145577209000066],[100.77953270700004,16.143844148000028],[100.77714895100007,16.144519683000055],[100.77711876700005,16.143758783000067],[100.77992265900008,16.142111353000075],[100.77852947200006,16.140205035000065],[100.77755578100005,16.14074445400007],[100.77558280700003,16.140267282000025],[100.77602827400005,16.138635763000025],[100.77297536800006,16.135081506000063],[100.77181148200003,16.135284202000037],[100.77076435700008,16.13370236000003],[100.77139027900006,16.131975559000068],[100.76974896500008,16.131850713000063],[100.76901643800005,16.130353327000023],[100.77084308900004,16.130937290000077],[100.77110015300008,16.129267782000056],[100.76963508000006,16.127914952000026],[100.77139365100004,16.12709210500003],[100.77102410500004,16.125973222000027],[100.77268982500004,16.12556091700003],[100.77275895400004,16.12335083100004],[100.77269877900005,16.12177934400006],[100.77440714000005,16.120766521000064],[100.77401391500007,16.11900851100006],[100.77766726100003,16.11846468600004],[100.77933738600007,16.116624819000037],[100.77938213700008,16.113930221000032],[100.78202140800005,16.106734378000056],[100.78499484400004,16.10449224900003],[100.78570642500006,16.102704424000024],[100.78886428200008,16.100949722000053],[100.79135367400005,16.10126569700003],[100.79251746600005,16.100019177000036],[100.79503811400008,16.099825102000068],[100.79771856900004,16.098202198000024],[100.79844356200005,16.096889091000037],[100.79711410800007,16.094838089000064],[100.79541579400006,16.09443482000006],[100.79517695000004,16.093228691000036],[100.79379857100008,16.093051626000033],[100.79340103300007,16.091749331000074],[100.79071009400008,16.090419635000046],[100.79061681300004,16.088953502000038],[100.79298693800007,16.089008998000054],[100.79350045200005,16.084118681000064],[100.79456820400009,16.081017320000058],[100.79409174700004,16.078358740000056],[100.79468053300008,16.07680136400006],[100.79623530200007,16.076728950000074],[100.79639037800007,16.075676690000023],[100.79798967600004,16.075593996000066],[100.79879549900005,16.068085214000064],[100.79980950700008,16.064078748000043],[100.80090294200005,16.06322931400007],[100.80292028800005,16.06319818700007],[100.80562644700007,16.059022579000043],[100.80891562200009,16.057887350000044],[100.80899298100007,16.05528759300006],[100.81182089300006,16.058180149000066],[100.81307176700005,16.057751309000025],[100.81548165700008,16.058877669000026],[100.81657137200006,16.060604306000073],[100.81883241100007,16.060729237000032],[100.82021389600004,16.060066808000045],[100.82110681500006,16.063045603000035],[100.82266980800006,16.064261612000053],[100.82217749900008,16.065081817000078],[100.82416684900005,16.066779163000035],[100.82443624100006,16.065561109000043],[100.82660402200008,16.065469146000055],[100.83274691400004,16.06828219600004],[100.83372510100008,16.067225373000042],[100.83537342300008,16.067536231000076],[100.83649085400003,16.070188728000062],[100.83861156700004,16.069424457000025],[100.83863690600003,16.071227220000026],[100.84167979200004,16.070468764000054],[100.84244262000004,16.07288032500003],[100.84575746200005,16.073402629000043],[100.84788730100007,16.071856500000024],[100.84884817200003,16.072886744000073],[100.84920283100007,16.074840814000027],[100.85080149900006,16.074336136000056],[100.85249357400005,16.07526094900004],[100.85686611400007,16.074924941000063],[100.85953304700007,16.076959075000048],[100.86406414300006,16.075420696000037],[100.87018201600006,16.07392182700005],[100.87314175700004,16.074213753000038],[100.87630128400008,16.073661395000045],[100.87813189400003,16.074086865000027],[100.88360326500003,16.078006421000055],[100.88432562100007,16.080486192000023],[100.88591181300006,16.079359036000028],[100.88777293700008,16.07982796700003],[100.88989051500005,16.07950347800005],[100.88943397400004,16.081268383000065],[100.89119533200005,16.08253779000006],[100.89161648000004,16.083660339000062],[100.89371255800006,16.08423686900005],[100.89237331100009,16.086840178000045],[100.88968548500009,16.090149302000043],[100.88867412000008,16.09245185900005],[100.88743275300004,16.09221500900003],[100.88585408200004,16.093443825000065],[100.88421604700005,16.096456699000043],[100.87558359200005,16.101423753000063],[100.87387739200005,16.102981343000067],[100.87329622700008,16.10459677500006],[100.87132632200007,16.107171274000052],[100.86838950400005,16.11000143600006],[100.86522197200009,16.114693713000065],[100.86329740200006,16.118144176000044],[100.85956473900006,16.119939154000065],[100.85542237400006,16.12369565700004],[100.85127019500004,16.125283911000054],[100.84926727400006,16.126610312000025],[100.84668920200005,16.12676593900005],[100.84516464900008,16.127986108000073]]]},"properties":{"Shape_Leng":0.508421635232,"Shape_Area":0.00571217219727,"ADM3_EN":"Sala Lai","ADM3_TH":"ศาลาลาย","ADM3_PCODE":"TH670210","ADM2_EN":"Chon Daen","ADM2_TH":"ชนแดน","ADM2_PCODE":"TH6702","ADM1_EN":"Phetchabun","ADM1_TH":"เพชรบูรณ์","ADM1_PCODE":"TH67","ADM0_EN":"Thailand","ADM0_TH":"ประเทศไทย","ADM0_PCODE":"TH"}},
{"type":"Feature","geometry":{"type":"Polygon","coordinates":[[[101.25252270100003,16.772156911000025],[101.25299852000006,16.78112584400003],[101.24670995200006,16.781649669000046],[101.24508054000006,16.78278187500007],[101.24681484000007,16.783988271000055],[101.24804623400007,16.786924371000055],[101.24696002200005,16.789030124000078],[101.24670191100006,16.79104152700006],[101.24890505600007,16.79194549400006],[101.24748262900005,16.79284770700002],[101.24756114000007,16.794273796000027],[101.24473213400006,16.794692438000027],[101.24396118800007,16.796456099000068],[101.24548733900008,16.797625634000042],[101.23850197100006,16.797760998000058],[101.24044135800006,16.77766195600003],[101.23374305300007,16.77632245800004],[101.22989791800006,16.773893042000054],[101.23215489800003,16.771645170000056],[101.25243248700008,16.770966858000065],[101.25252270100003,16.772156911000025]]]},"properties":{"Shape_Leng":0.10507005145,"Shape_Area":0.000295237098274,"ADM3_EN":"Lom Sak","ADM3_TH":"หล่มสัก","ADM3_PCODE":"TH670301","ADM2_EN":"Lom Sak","ADM2_TH":"หล่มสัก","ADM2_PCODE":"TH6703","ADM1_EN":"Phetchabun","ADM1_TH":"เพชรบูรณ์","ADM1_PCODE":"TH67","ADM0_EN":"Thailand","ADM0_TH":"ประเทศไทย","ADM0_PCODE":"TH"}},
{"type":"Feature","geometry":{"type":"Polygon","coordinates":[[[101.24548733900008,16.797625634000042],[101.24414277300008,16.79814592100007],[101.24407157300004,16.799255794000032],[101.24692397000007,16.799418523000043],[101.25134814000006,16.799141562000045],[101.25273436200007,16.800051506000045],[101.25032816100008,16.800695979000068],[101.25233260600004,16.802832083000055],[101.25419638400007,16.802015682000047],[101.25649831800007,16.80283976100003],[101.25500047800006,16.80482020900007],[101.25248699100007,16.80470756400007],[101.25215825600009,16.80556891200007],[101.25448792400005,16.807791982000026],[101.25429136600007,16.809226310000042],[101.24997659100006,16.810088020000023],[101.24820294300008,16.811867436000057],[101.24444279800008,16.81651215100004],[101.24330455800003,16.81894976600006],[101.24116892900008,16.822064836000038],[101.24001667500005,16.82487525500005],[101.23882445900006,16.825519574000054],[101.23512944600009,16.818057543000066],[101.22933444000006,16.812314901000036],[101.22353084700006,16.807726784000067],[101.22164304000006,16.80453663000003],[101.22186761000006,16.802041906000056],[101.21967988700004,16.800204778000023],[101.21684227300005,16.80096203900007],[101.21332366900003,16.793416528000023],[101.21348507700009,16.792213702000026],[101.21271506400007,16.78749983800003],[101.21291407400008,16.78585642200005],[101.21206827300006,16.783755308000025],[101.21136713000004,16.779667623000023],[101.21536255600006,16.77854650000006],[101.22495002500006,16.77754359000005],[101.22989791800006,16.773893042000054],[101.23374305300007,16.77632245800004],[101.24044135800006,16.77766195600003],[101.23850197100006,16.797760998000058],[101.24548733900008,16.797625634000042]]]},"properties":{"Shape_Leng":0.176958804094,"Shape_Area":0.00108974236441,"ADM3_EN":"Wat Pa","ADM3_TH":"วัดป่า","ADM3_PCODE":"TH670302","ADM2_EN":"Lom Sak","ADM2_TH":"หล่มสัก","ADM2_PCODE":"TH6703","ADM1_EN":"Phetchabun","ADM1_TH":"เพชรบูรณ์","ADM1_PCODE":"TH67","ADM0_EN":"Thailand","ADM0_TH":"ประเทศไทย","ADM0_PCODE":"TH"}},
{"type":"Feature","geometry":{"type":"Polygon","coordinates":[[[101.25252270100003,16.772156911000025],[101.25305512600005,16.770282913000074],[101.25095487200008,16.770424327000057],[101.25156542700006,16.76789651400003],[101.25039273600004,16.76583073000006],[101.25174321200006,16.764868317000037],[101.24891959800004,16.76445214000006],[101.24989917900007,16.76252824000005],[101.24956987800005,16.760960590000025],[101.25088919600006,16.758337879000067],[101.24973171000005,16.756374725000057],[101.25047062700008,16.75312359700007],[101.25283117600009,16.753236394000055],[101.25258423400004,16.75196511400003],[101.25035493600006,16.75117589100006],[101.25102728900004,16.74838144200004],[101.25249775000003,16.747571940000057],[101.25101989600006,16.745976598000027],[101.25224326800009,16.74546036000004],[101.25273773700007,16.74154808700007],[101.24875466000003,16.741330032000064],[101.24817380400003,16.73848219100006],[101.24724286200006,16.73841634000007],[101.24570406900006,16.740319484000054],[101.24576470300008,16.738440987000047],[101.24387591500005,16.737523191000037],[101.24439457700004,16.73447339100005],[101.24339418600005,16.733822687000043],[101.24325875700004,16.731414151000024],[101.24206566500004,16.730336176000037],[101.24029298500005,16.732475711000063],[101.23983736300005,16.73021384900005],[101.23841388200003,16.729869407000024],[101.24092406600005,16.72733302000006],[101.24515234500006,16.726490115000047],[101.26400226200008,16.72742273500006],[101.26452938900007,16.73008747800003],[101.26314543700005,16.73074905200002],[101.26329715300005,16.733219003000045],[101.26264822700006,16.736728096000036],[101.26309440800009,16.73993520600004],[101.26143330200006,16.741146956000023],[101.26296505400006,16.743529462000026],[101.26265650900007,16.74649655500002],[101.26350145000004,16.746491830000025],[101.26375781000007,16.748281788000043],[101.25988006700004,16.74899627900004],[101.25779822800007,16.761011105000023],[101.25755199300005,16.761912186000075],[101.25800121100008,16.76630593400006],[101.25705110100006,16.76889614600003],[101.25738178400007,16.770045700000026],[101.25708321900004,16.773772519000033],[101.25837638400009,16.776358884000047],[101.25932608400007,16.781551105000062],[101.25839001400004,16.785677428000042],[101.25671269200006,16.788342671000066],[101.25436497100009,16.78891151600004],[101.25300123400007,16.790285916000073],[101.25247667600007,16.792121524000038],[101.25381879200006,16.794745221000028],[101.25368428900003,16.796176563000074],[101.25758836600005,16.796091856000032],[101.26165984600004,16.799121425000067],[101.26559692600006,16.79896781800005],[101.26924674400004,16.798003309000023],[101.27204950000004,16.799141035000048],[101.27262255700003,16.80137807400007],[101.27643873000005,16.800419513000065],[101.27916225700005,16.801263120000044],[101.27867600700006,16.803696366000054],[101.27719352300005,16.803876753000054],[101.27261590700004,16.805899468000064],[101.27018248900004,16.805217028000072],[101.26763527600008,16.80546342400004],[101.26689907300005,16.803468232000057],[101.26451553700008,16.802499685000043],[101.26210726300008,16.803819431000022],[101.25649831800007,16.80283976100003],[101.25419638400007,16.802015682000047],[101.25233260600004,16.802832083000055],[101.25032816100008,16.800695979000068],[101.25273436200007,16.800051506000045],[101.25134814000006,16.799141562000045],[101.24692397000007,16.799418523000043],[101.24407157300004,16.799255794000032],[101.24414277300008,16.79814592100007],[101.24548733900008,16.797625634000042],[101.24396118800007,16.796456099000068],[101.24473213400006,16.794692438000027],[101.24756114000007,16.794273796000027],[101.24748262900005,16.79284770700002],[101.24890505600007,16.79194549400006],[101.24670191100006,16.79104152700006],[101.24696002200005,16.789030124000078],[101.24804623400007,16.786924371000055],[101.24681484000007,16.783988271000055],[101.24508054000006,16.78278187500007],[101.24670995200006,16.781649669000046],[101.25299852000006,16.78112584400003],[101.25252270100003,16.772156911000025]]]},"properties":{"Shape_Leng":0.315862489431,"Shape_Area":0.000888448963904,"ADM3_EN":"Tan Diao","ADM3_TH":"ตาลเดี่ยว","ADM3_PCODE":"TH670303","ADM2_EN":"Lom Sak","ADM2_TH":"หล่มสัก","ADM2_PCODE":"TH6703","ADM1_EN":"Phetchabun","ADM1_TH":"เพชรบูรณ์","ADM1_PCODE":"TH67","ADM0_EN":"Thailand","ADM0_TH":"ประเทศไทย","ADM0_PCODE":"TH"}},
{"type":"Feature","geometry":{"type":"Polygon","coordinates":[[[101.23882445900006,16.825519574000054],[101.23683268700006,16.82629169300003],[101.23566251600005,16.82504932100005],[101.23315865600006,16.825583062000078],[101.23119030800007,16.827538594000032],[101.23091363700007,16.829552125000077],[101.22966535200004,16.83325664700004],[101.22982324500003,16.835854707000067],[101.22769668500007,16.836675980000052],[101.22706654000007,16.837639988000035],[101.22187080700007,16.83951819200007],[101.22128869700003,16.841381951000074],[101.22092301200007,16.84542176100007],[101.21908239400005,16.847692668000036],[101.21678331400005,16.841922906000036],[101.21620352200006,16.83503706700003],[101.21069786500004,16.830626938000023],[101.21058441500008,16.826468759000022],[101.20984114500004,16.82620270800004],[101.20870239000004,16.821280141000045],[101.20548378900008,16.81921363300006],[101.20032474600004,16.816615021000075],[101.19713149700004,16.814311333000035],[101.19544935900007,16.81237481900007],[101.19391855900005,16.80968129300004],[101.19796613400007,16.80818701100003],[101.20034885500007,16.80489889000006],[101.20897666500008,16.801131000000055],[101.21684909900006,16.801205288000062],[101.21684227300005,16.80096203900007],[101.21967988700004,16.800204778000023],[101.22186761000006,16.802041906000056],[101.22164304000006,16.80453663000003],[101.22353084700006,16.807726784000067],[101.22933444000006,16.812314901000036],[101.23512944600009,16.818057543000066],[101.23882445900006,16.825519574000054]]]},"properties":{"Shape_Leng":0.151568763083,"Shape_Area":0.000939315701555,"ADM3_EN":"Fai Na Saeng","ADM3_TH":"ฝายนาแซง","ADM3_PCODE":"TH670304","ADM2_EN":"Lom Sak","ADM2_TH":"หล่มสัก","ADM2_PCODE":"TH6703","ADM1_EN":"Phetchabun","ADM1_TH":"เพชรบูรณ์","ADM1_PCODE":"TH67","ADM0_EN":"Thailand","ADM0_TH":"ประเทศไทย","ADM0_PCODE":"TH"}},
{"type":"Feature","geometry":{"type":"Polygon","coordinates":[[[101.23882445900006,16.825519574000054],[101.24043265000006,16.82900483000003],[101.24019734400008,16.830164989000025],[101.24142921700007,16.83165540300007],[101.24604184700007,16.835002262000046],[101.24916792700009,16.833949301000075],[101.25267043900004,16.83511923100002],[101.24957037100006,16.84662050000003],[101.24610788100006,16.84665231100007],[101.24342434900007,16.847593174000053],[101.24102490500007,16.846954243000027],[101.23628134800003,16.84711685600007],[101.22652691800005,16.848286364000046],[101.21908239400005,16.847692668000036],[101.22092301200007,16.84542176100007],[101.22128869700003,16.841381951000074],[101.22187080700007,16.83951819200007],[101.22706654000007,16.837639988000035],[101.22769668500007,16.836675980000052],[101.22982324500003,16.835854707000067],[101.22966535200004,16.83325664700004],[101.23091363700007,16.829552125000077],[101.23119030800007,16.827538594000032],[101.23315865600006,16.825583062000078],[101.23566251600005,16.82504932100005],[101.23683268700006,16.82629169300003],[101.23882445900006,16.825519574000054]]]},"properties":{"Shape_Leng":0.10226989101,"Shape_Area":0.00044748696946,"ADM3_EN":"Nong Sawang","ADM3_TH":"หนองสว่าง","ADM3_PCODE":"TH670305","ADM2_EN":"Lom Sak","ADM2_TH":"หล่มสัก","ADM2_PCODE":"TH6703","ADM1_EN":"Phetchabun","ADM1_TH":"เพชรบูรณ์","ADM1_PCODE":"TH67","ADM0_EN":"Thailand","ADM0_TH":"ประเทศไทย","ADM0_PCODE":"TH"}},
{"type":"Feature","geometry":{"type":"Polygon","coordinates":[[[101.21908239400005,16.847692668000036],[101.21311669400006,16.84618111800006],[101.21185238900006,16.845159986000056],[101.20675697500008,16.840967615000068],[101.20225134000003,16.83862986200006],[101.19846341000004,16.835507303000043],[101.19743871600008,16.83091190300007],[101.19517193000007,16.82439197100007],[101.19318901700007,16.82134183000005],[101.18986030100007,16.82083293100004],[101.18884716200006,16.82197251900004],[101.18578111400006,16.82065302600006],[101.18277180100006,16.82070049600003],[101.18023713700006,16.821651553000038],[101.17828783100003,16.820930391000047],[101.17699665300006,16.819487132000063],[101.17579393000005,16.820125939000036],[101.17271594100004,16.81943175200007],[101.16596523400005,16.816848597000046],[101.16869577300008,16.81585146200007],[101.17137454500005,16.81544277300003],[101.17417668800005,16.81634639400005],[101.17876113200003,16.815782840000054],[101.18115426800006,16.813237220000076],[101.18521166000005,16.811764293000067],[101.18729671500006,16.811442518000035],[101.19023298600007,16.809811410000066],[101.19391855900005,16.80968129300004],[101.19544935900007,16.81237481900007],[101.19713149700004,16.814311333000035],[101.20032474600004,16.816615021000075],[101.20548378900008,16.81921363300006],[101.20870239000004,16.821280141000045],[101.20984114500004,16.82620270800004],[101.21058441500008,16.826468759000022],[101.21069786500004,16.830626938000023],[101.21620352200006,16.83503706700003],[101.21678331400005,16.841922906000036],[101.21908239400005,16.847692668000036]]]},"properties":{"Shape_Leng":0.156715274256,"Shape_Area":0.000584803888434,"ADM3_EN":"Nam Hia","ADM3_TH":"น้ำเฮี้ย","ADM3_PCODE":"TH670306","ADM2_EN":"Lom Sak","ADM2_TH":"หล่มสัก","ADM2_PCODE":"TH6703","ADM1_EN":"Phetchabun","ADM1_TH":"เพชรบูรณ์","ADM1_PCODE":"TH67","ADM0_EN":"Thailand","ADM0_TH":"ประเทศไทย","ADM0_PCODE":"TH"}},
{"type":"Feature","geometry":{"type":"Polygon","coordinates":[[[101.25649831800007,16.80283976100003],[101.26210726300008,16.803819431000022],[101.26451553700008,16.802499685000043],[101.26689907300005,16.803468232000057],[101.26763527600008,16.80546342400004],[101.26635225400008,16.805775839000034],[101.26764619200009,16.80948350600005],[101.26862902900007,16.809331198000052],[101.26993622400005,16.811793066000064],[101.27282208400004,16.814385768000022],[101.27573546500008,16.815104397000027],[101.27762101700006,16.814753861000042],[101.27992033000004,16.813392489000023],[101.28215492700008,16.81385652700004],[101.28421402300006,16.81602988900005],[101.28513248000007,16.818951281000068],[101.28610307900004,16.81968364100004],[101.28600788700004,16.820211878000066],[101.28213417300009,16.820695413000067],[101.27968558600008,16.820500606000053],[101.27836914900007,16.829522331000078],[101.27925974600004,16.83125377700003],[101.27837397000008,16.83196932900006],[101.28095833200007,16.83427894700003],[101.28032515900009,16.836172049000027],[101.28178750900008,16.83658126100005],[101.28340894500008,16.83392493300005],[101.28288495200007,16.831625810000048],[101.28334354400005,16.830559254000036],[101.28574135000008,16.83074311300004],[101.28624188200007,16.831654256000036],[101.28423542600007,16.832959954000046],[101.28603031700004,16.835100114000056],[101.28931012000004,16.836566281000046],[101.29100912600006,16.838370871000052],[101.29199002500008,16.837340174000076],[101.29135210700008,16.835460529000045],[101.29318523100005,16.834798128000045],[101.29345287600006,16.83365481000004],[101.29855455100005,16.831237272000067],[101.30249107800006,16.83101755000007],[101.30374818500007,16.83353433800005],[101.30431700100007,16.83351484800005],[101.30563735700008,16.83079009200003],[101.30686386300005,16.83017564900007],[101.30915044500006,16.83104802500003],[101.30895668800008,16.834338410000043],[101.30958768300007,16.836177906000046],[101.30911402300006,16.837372594000044],[101.30732780900007,16.83861408200005],[101.29065476300008,16.856872270000054],[101.28563774300005,16.862062852000065],[101.28658051700006,16.868041644000073],[101.28455405100004,16.87008277500007],[101.28402836300006,16.87411170300004],[101.28485965500005,16.87534501700003],[101.28481325000007,16.87726506100006],[101.28383067900006,16.877908323000042],[101.28063242300004,16.876643658000035],[101.27252963400008,16.872376020000047],[101.26902276500005,16.87174847700004],[101.26737608800005,16.872068381000076],[101.26522651000005,16.869857774000025],[101.26278525500004,16.868140423000057],[101.26132262700008,16.86409624500004],[101.26167979700006,16.860468858000047],[101.26125732000008,16.856361802000038],[101.26200143200003,16.853443758000026],[101.26174424600003,16.852424602000042],[101.25869823400006,16.849862642000062],[101.25460310600005,16.848872533000076],[101.25234622300007,16.84739453900005],[101.24957037100006,16.84662050000003],[101.25267043900004,16.83511923100002],[101.24916792700009,16.833949301000075],[101.24604184700007,16.835002262000046],[101.24142921700007,16.83165540300007],[101.24019734400008,16.830164989000025],[101.24043265000006,16.82900483000003],[101.23882445900006,16.825519574000054],[101.24001667500005,16.82487525500005],[101.24116892900008,16.822064836000038],[101.24330455800003,16.81894976600006],[101.24444279800008,16.81651215100004],[101.24820294300008,16.811867436000057],[101.24997659100006,16.810088020000023],[101.25429136600007,16.809226310000042],[101.25448792400005,16.807791982000026],[101.25215825600009,16.80556891200007],[101.25248699100007,16.80470756400007],[101.25500047800006,16.80482020900007],[101.25649831800007,16.80283976100003]]]},"properties":{"Shape_Leng":0.306808496697,"Shape_Area":0.00244572160145,"ADM3_EN":"Sak Long","ADM3_TH":"สักหลง","ADM3_PCODE":"TH670307","ADM2_EN":"Lom Sak","ADM2_TH":"หล่มสัก","ADM2_PCODE":"TH6703","ADM1_EN":"Phetchabun","ADM1_TH":"เพชรบูรณ์","ADM1_PCODE":"TH67","ADM0_EN":"Thailand","ADM0_TH":"ประเทศไทย","ADM0_PCODE":"TH"}},
{"type":"Feature","geometry":{"type":"Polygon","coordinates":[[[101.30958768300007,16.836177906000046],[101.31046306200005,16.83611436900003],[101.31251765300004,16.834309219000033],[101.31306386700004,16.834600676000036],[101.31423601300008,16.838020836000055],[101.31573117000005,16.837938644000076],[101.31756579700004,16.839119254000025],[101.31962401100009,16.838504877000048],[101.32244610000004,16.839534549000064],[101.32230277400004,16.841223808000052],[101.32451496000004,16.842297590000044],[101.33037343500007,16.84363886600005],[101.33225335900005,16.843396819000077],[101.33202936900005,16.844385502000023],[101.33662265700008,16.844127655000023],[101.33770740500006,16.842992664000064],[101.33923882100004,16.843655386000023],[101.34295979200004,16.842484928000033],[101.34359407600004,16.84303704900003],[101.34797123500005,16.842370301000074],[101.34993778000006,16.84248559200006],[101.35395522700009,16.845390742000063],[101.35476134300006,16.848379759000068],[101.35983748500007,16.849982629000067],[101.36308930200005,16.851931019000062],[101.36777845300008,16.852340859000037],[101.37250271500005,16.850699211000062],[101.37290616500007,16.849676631000023],[101.37544190900007,16.85031322800006],[101.37964362100007,16.849912635000067],[101.37953981300006,16.85128241600006],[101.37794956300007,16.853586549000056],[101.37862500500006,16.859251339000025],[101.37829347500008,16.860394301000042],[101.37845335400004,16.864975325000046],[101.37937632200004,16.86801795100007],[101.38089744900009,16.86911298700005],[101.38079892000007,16.871909095000035],[101.38554602400006,16.873476432000075],[101.38801810400008,16.872604744000057],[101.39086988700006,16.87244534100006],[101.39139425300004,16.87341081900007],[101.39629067400006,16.87581136700004],[101.39795048800005,16.876938530000075],[101.39910755900007,16.876706054000067],[101.40099450300005,16.877962249000063],[101.40131790200007,16.879081167000038],[101.40455583800008,16.882152572000052],[101.40661396200005,16.88293381400007],[101.40745499300004,16.88568674100003],[101.40837469900003,16.886647305000054],[101.41339105400004,16.886817654000026],[101.41961964300003,16.890209837000043],[101.42081448900007,16.892065237000054],[101.42287529200007,16.892646128000024],[101.42207730000007,16.894494515000076],[101.42399901900006,16.894159256000023],[101.42416331900006,16.900592849000077],[101.42325099900006,16.905066711000075],[101.42208145400008,16.906742374000032],[101.42209235100006,16.90895045700006],[101.42093663900005,16.910644681000065],[101.42316431900008,16.91390203900005],[101.42523990500007,16.91513589300007],[101.42559190900005,16.91859104100007],[101.42482602300004,16.921485742000073],[101.42581486300008,16.928285777000042],[101.42471019100009,16.929429655000035],[101.42393873700007,16.93175302700007],[101.42246232300005,16.932559604000062],[101.41694172500007,16.93170539500005],[101.41061618500004,16.930280201000073],[101.40811973000007,16.93079308500006],[101.40417247600004,16.935333264000064],[101.40232942500006,16.936431753000022],[101.40084576500004,16.936097035000046],[101.39818967300005,16.93195878000006],[101.39697523900008,16.93182906900006],[101.39560937800007,16.930439032000038],[101.39005608100007,16.92911087600004],[101.38724166600008,16.92918680200006],[101.38293745300007,16.931124041000032],[101.38076775600007,16.931434640000077],[101.37843569500006,16.932558717000063],[101.37744002700003,16.93538807400006],[101.37628538700005,16.935702392000053],[101.37391951600006,16.934138320000045],[101.37010687200006,16.933021161000056],[101.36509130600007,16.932197468000027],[101.36026537100008,16.932260823000036],[101.35702743400009,16.934204901000044],[101.35468754100003,16.936511765000034],[101.35211240300004,16.93787495400005],[101.35034253700007,16.937809241000025],[101.34783475600005,16.935300166000047],[101.34473765800004,16.934217311000054],[101.34250849100005,16.93465155000007],[101.34036309400005,16.936439835000044],[101.33456431400003,16.93915174700004],[101.33095096900007,16.938797694000073],[101.32802203900007,16.93738754000003],[101.32677877000003,16.93560412100004],[101.32751871300007,16.93410906400004],[101.32730998300008,16.931278812000073],[101.32590225400008,16.930242753000073],[101.32590091900005,16.927346519000025],[101.32530087800006,16.925930123000057],[101.32351494400007,16.924435481000046],[101.32053500400008,16.923996386000056],[101.31465479300005,16.92189524500003],[101.31083882900003,16.919313358000068],[101.30743332400004,16.919200040000078],[101.30537613900003,16.920125065000036],[101.30077790200005,16.923382324000045],[101.29780710300008,16.924701508000055],[101.29212072500007,16.926211844000022],[101.28904959800008,16.92538016700007],[101.28473323200006,16.92269799500002],[101.28366300900007,16.92006507900004],[101.28146488900006,16.917559466000057],[101.27998656100004,16.914739379000025],[101.27726168200007,16.913341132000028],[101.27595972500006,16.91171978600005],[101.27518217000005,16.909461746000034],[101.27606435700005,16.90870241600004],[101.27428849600005,16.904457260000072],[101.27034160800008,16.902540084000066],[101.26987484100005,16.900501130000066],[101.27099036600004,16.89943278100003],[101.27036925500005,16.898116493000032],[101.27102688100007,16.895571061000055],[101.26963930500006,16.89346850000004],[101.27065791400008,16.892503271000066],[101.27025987400003,16.890783417000023],[101.26883570300004,16.88989070300005],[101.26884714100004,16.887395671000036],[101.26733318400005,16.883374375000074],[101.26776676900005,16.880258516000026],[101.26690469100004,16.877730365000048],[101.26826430500006,16.876815316000034],[101.26861839900005,16.87426724900007],[101.26737608800005,16.872068381000076],[101.26902276500005,16.87174847700004],[101.27252963400008,16.872376020000047],[101.28063242300004,16.876643658000035],[101.28383067900006,16.877908323000042],[101.28481325000007,16.87726506100006],[101.28485965500005,16.87534501700003],[101.28402836300006,16.87411170300004],[101.28455405100004,16.87008277500007],[101.28658051700006,16.868041644000073],[101.28563774300005,16.862062852000065],[101.29065476300008,16.856872270000054],[101.30732780900007,16.83861408200005],[101.30911402300006,16.837372594000044],[101.30958768300007,16.836177906000046]]]},"properties":{"Shape_Leng":0.52092755675,"Shape_Area":0.0107628180745,"ADM3_EN":"Tha I Bun","ADM3_TH":"ท่าอิบุญ","ADM3_PCODE":"TH670308","ADM2_EN":"Lom Sak","ADM2_TH":"หล่มสัก","ADM2_PCODE":"TH6703","ADM1_EN":"Phetchabun","ADM1_TH":"เพชรบูรณ์","ADM1_PCODE":"TH67","ADM0_EN":"Thailand","ADM0_TH":"ประเทศไทย","ADM0_PCODE":"TH"}},
{"type":"Feature","geometry":{"type":"Polygon","coordinates":[[[101.25779822800007,16.761011105000023],[101.26174231900006,16.760898474000044],[101.26436016700006,16.75933088000005],[101.26600253500004,16.762045425000053],[101.26737480100007,16.766336528000068],[101.26839287700005,16.76815632200004],[101.26957382900008,16.773597352000024],[101.27132389900004,16.775390971000036],[101.27113484600005,16.77626305000007],[101.27307702500008,16.77793348700004],[101.27481496300004,16.77809516600007],[101.27539425600008,16.78210971200002],[101.27647018100004,16.78246652200005],[101.27572593900004,16.78449217800005],[101.27782560300005,16.786640818000024],[101.27825822500006,16.78803709500005],[101.28081453100003,16.78978971500004],[101.28287014200004,16.789171976000034],[101.28968016800007,16.79050723200004],[101.29283791400007,16.792772194000065],[101.29351680500008,16.794144162000066],[101.29125090800005,16.795494561000055],[101.29180050100007,16.797474558000033],[101.29050464900007,16.798834217000035],[101.29174508400007,16.806400474000043],[101.29076959200006,16.806730237000068],[101.29106163600005,16.808793808000075],[101.29014780100005,16.809202812000024],[101.28980157200004,16.813727805000042],[101.28736917900005,16.819007979000048],[101.28610307900004,16.81968364100004],[101.28513248000007,16.818951281000068],[101.28421402300006,16.81602988900005],[101.28215492700008,16.81385652700004],[101.27992033000004,16.813392489000023],[101.27762101700006,16.814753861000042],[101.27573546500008,16.815104397000027],[101.27282208400004,16.814385768000022],[101.26993622400005,16.811793066000064],[101.26862902900007,16.809331198000052],[101.26764619200009,16.80948350600005],[101.26635225400008,16.805775839000034],[101.26763527600008,16.80546342400004],[101.27018248900004,16.805217028000072],[101.27261590700004,16.805899468000064],[101.27719352300005,16.803876753000054],[101.27867600700006,16.803696366000054],[101.27916225700005,16.801263120000044],[101.27643873000005,16.800419513000065],[101.27262255700003,16.80137807400007],[101.27204950000004,16.799141035000048],[101.26924674400004,16.798003309000023],[101.26559692600006,16.79896781800005],[101.26165984600004,16.799121425000067],[101.25758836600005,16.796091856000032],[101.25368428900003,16.796176563000074],[101.25381879200006,16.794745221000028],[101.25247667600007,16.792121524000038],[101.25300123400007,16.790285916000073],[101.25436497100009,16.78891151600004],[101.25671269200006,16.788342671000066],[101.25839001400004,16.785677428000042],[101.25932608400007,16.781551105000062],[101.25837638400009,16.776358884000047],[101.25708321900004,16.773772519000033],[101.25738178400007,16.770045700000026],[101.25705110100006,16.76889614600003],[101.25800121100008,16.76630593400006],[101.25755199300005,16.761912186000075],[101.25779822800007,16.761011105000023]]]},"properties":{"Shape_Leng":0.211116924167,"Shape_Area":0.00105179858664,"ADM3_EN":"Ban Sok","ADM3_TH":"บ้านโสก","ADM3_PCODE":"TH670309","ADM2_EN":"Lom Sak","ADM2_TH":"หล่มสัก","ADM2_PCODE":"TH6703","ADM1_EN":"Phetchabun","ADM1_TH":"เพชรบูรณ์","ADM1_PCODE":"TH67","ADM0_EN":"Thailand","ADM0_TH":"ประเทศไทย","ADM0_PCODE":"TH"}},
{"type":"Feature","geometry":{"type":"Polygon","coordinates":[[[101.29283791400007,16.792772194000065],[101.29175808100007,16.789911435000022],[101.29199207300007,16.787861547000034],[101.29296121400006,16.786784929000078],[101.29495067400006,16.78239977100003],[101.29613785700008,16.77881811000003],[101.29790063100006,16.777184143000056],[101.29887194500009,16.777257862000056],[101.30079585100003,16.77585053100006],[101.30118394400006,16.77447082900005],[101.30091519200005,16.77099717400006],[101.30275871100008,16.767969141000037],[101.30530937500004,16.765034453000055],[101.30897602200008,16.76428559200002],[101.31047636100004,16.76306238500007],[101.31569580100006,16.763364151000076],[101.31591598300008,16.764048133000074],[101.32113468500006,16.761625148000064],[101.32403771900005,16.761151390000066],[101.32458878200003,16.757095399000036],[101.32823206800003,16.754919027000028],[101.32925328700009,16.75248846200003],[101.32731721900007,16.750990819000037],[101.32888283700004,16.746735104000038],[101.33134869200006,16.744719450000048],[101.33315150600004,16.743917175000036],[101.33880696200004,16.743223552000075],[101.33892729400009,16.742231489000062],[101.34444567000008,16.745570289000057],[101.34703259300005,16.74457462600003],[101.34995913500006,16.744318400000054],[101.35338556100004,16.744735872000035],[101.35880797000004,16.74678134000004],[101.36220156800005,16.748409837000054],[101.36623633700003,16.748006110000063],[101.37447964500006,16.745648557000038],[101.37913556000007,16.74511086700005],[101.37941786800008,16.747706168000036],[101.37881403900008,16.74871465700005],[101.37942227000008,16.751521644000036],[101.38057500200006,16.753408156000035],[101.38027614900005,16.75697460500004],[101.38060137300005,16.758141428000044],[101.38016890800009,16.76171147900004],[101.38030384200005,16.764195405000066],[101.37953280000005,16.765767760000074],[101.38041124600005,16.768759119000038],[101.38410181700004,16.769141035000075],[101.38800710500004,16.76853856100007],[101.39008432200006,16.768810060000078],[101.39064389400005,16.768063649000055],[101.39635561800009,16.769927833000054],[101.39701193400003,16.77106978300003],[101.39936048100009,16.77005672100006],[101.40042148000003,16.771401507000064],[101.40576305900004,16.76687038800003],[101.40737353300005,16.767728890000058],[101.40956304400004,16.770470970000076],[101.41084003900005,16.77296166700006],[101.41383729500006,16.775428176000048],[101.41588145900005,16.779718486000036],[101.41803731700008,16.782182748000025],[101.41957492600005,16.78867688100007],[101.41905467400005,16.78915656500004],[101.42031715000007,16.792123581000055],[101.42059002500008,16.79601056200005],[101.42134532600005,16.79599498500005],[101.42109932800008,16.798717533000058],[101.42244769600006,16.799251475000062],[101.42291739200004,16.801351564000072],[101.42148642500007,16.803791381000053],[101.42359157900006,16.804688275000046],[101.42356418800006,16.80639095500004],[101.42233828600007,16.806926946000033],[101.42041628900006,16.80489901800007],[101.41856067600008,16.804988500000036],[101.41956723300007,16.803365806000045],[101.41863561600007,16.802243669000063],[101.41495420600006,16.800612654000076],[101.41375907100007,16.80121014300005],[101.41438557300006,16.803891785000076],[101.41256435300005,16.80565931700005],[101.41352255900006,16.80680231200006],[101.41794674900007,16.808057663000056],[101.41490871900004,16.809440050000035],[101.41208739900009,16.809804937000024],[101.41440291800006,16.811176156000045],[101.41653882200006,16.810792538000044],[101.41703374200006,16.812582881000026],[101.41561530100006,16.81376073200005],[101.41283969500006,16.813791552000055],[101.40709815500009,16.810806986000046],[101.40663310200006,16.811522342000046],[101.40884496700005,16.814657117000024],[101.41180286500008,16.817030399000032],[101.41113872600005,16.818843276000052],[101.40819321900005,16.81833201200004],[101.40580918800003,16.813444099000037],[101.40410178800005,16.81374233200006],[101.40318785100004,16.816458879000038],[101.40145698300006,16.81769023800007],[101.39823181000008,16.815997722000077],[101.39894643100007,16.818775510000023],[101.40052107700006,16.821018840000022],[101.40060614000004,16.82277300000004],[101.39752075300004,16.82304338600005],[101.39442839600008,16.82200586600004],[101.39439723100008,16.82546475500004],[101.39270484400004,16.826988302000075],[101.38982593600008,16.825446811000063],[101.38866835000005,16.826032845000043],[101.39042423000006,16.827667690000055],[101.38885011800005,16.82841732600002],[101.38634101100007,16.82815753500006],[101.38594077300007,16.82651582400007],[101.38648101000007,16.824105109000072],[101.38592562700006,16.82019763200003],[101.38538770200006,16.820243340000047],[101.38165876100004,16.825828176000073],[101.38071833200007,16.829696799000033],[101.37716034400006,16.827464404000068],[101.37521770600006,16.82744964500006],[101.37338387300008,16.828325507000045],[101.37110493800009,16.828171433000023],[101.36859772100007,16.825663508000048],[101.36731983300007,16.825040245000025],[101.36367946900003,16.824689446000036],[101.36331109400004,16.823934502000043],[101.36507161900005,16.820524246000048],[101.36292404600005,16.81913001500004],[101.35806699500006,16.81857442100005],[101.35547867600008,16.815027049000037],[101.35335998900007,16.815042007000045],[101.35354829100004,16.816493601000047],[101.35513212700005,16.818323414000076],[101.35142380200006,16.819175702000052],[101.35283711700004,16.820393873000057],[101.35133904200006,16.820862309000063],[101.35125727300004,16.82204051800005],[101.34922945800008,16.824088421000056],[101.34757709700006,16.822603096000023],[101.34635848700003,16.823492029000022],[101.34513368100005,16.822182677000058],[101.34175383100006,16.821808454000063],[101.34044018100008,16.82240063000006],[101.34062413100008,16.820267125000044],[101.33820198600006,16.820138041000064],[101.33855089700006,16.817892726000025],[101.33698474700009,16.81812131600003],[101.33640063800004,16.81610640200006],[101.33344261000008,16.815270402000067],[101.33131805100004,16.81254139600003],[101.32963959100005,16.811616349000076],[101.32840083600007,16.81287334800004],[101.32616238700007,16.813234683000076],[101.32331243300007,16.81126262600003],[101.32003505100005,16.81129003800004],[101.31925020400007,16.810537144000023],[101.31877896100008,16.812007118000054],[101.31692839700008,16.812412993000066],[101.31534836500003,16.811305318000052],[101.31018104800006,16.809982369000068],[101.30892946200004,16.80824636600005],[101.30763630500007,16.807671344000028],[101.30777902200003,16.804608676000043],[101.30597455700007,16.802616087000047],[101.30701242200007,16.801623843000073],[101.30706711300007,16.800182965000033],[101.30588716600005,16.798543470000027],[101.30322282000009,16.79794851500003],[101.30137482400005,16.799718606000056],[101.29985934100006,16.79847305000004],[101.29560892800004,16.79752289700002],[101.29453560700006,16.79794164300006],[101.29180050100007,16.797474558000033],[101.29125090800005,16.795494561000055],[101.29351680500008,16.794144162000066],[101.29283791400007,16.792772194000065]]]},"properties":{"Shape_Leng":0.532000809384,"Shape_Area":0.00720634428688,"ADM3_EN":"Ban Tio","ADM3_TH":"บ้านติ้ว","ADM3_PCODE":"TH670310","ADM2_EN":"Lom Sak","ADM2_TH":"หล่มสัก","ADM2_PCODE":"TH6703","ADM1_EN":"Phetchabun","ADM1_TH":"เพชรบูรณ์","ADM1_PCODE":"TH67","ADM0_EN":"Thailand","ADM0_TH":"ประเทศไทย","ADM0_PCODE":"TH"}},
{"type":"Feature","geometry":{"type":"Polygon","coordinates":[[[101.28610307900004,16.81968364100004],[101.28736917900005,16.819007979000048],[101.28980157200004,16.813727805000042],[101.29014780100005,16.809202812000024],[101.29106163600005,16.808793808000075],[101.29076959200006,16.806730237000068],[101.29174508400007,16.806400474000043],[101.29050464900007,16.798834217000035],[101.29180050100007,16.797474558000033],[101.29453560700006,16.79794164300006],[101.29560892800004,16.79752289700002],[101.29985934100006,16.79847305000004],[101.30137482400005,16.799718606000056],[101.30322282000009,16.79794851500003],[101.30588716600005,16.798543470000027],[101.30706711300007,16.800182965000033],[101.30701242200007,16.801623843000073],[101.30597455700007,16.802616087000047],[101.30777902200003,16.804608676000043],[101.30763630500007,16.807671344000028],[101.30892946200004,16.80824636600005],[101.31018104800006,16.809982369000068],[101.31534836500003,16.811305318000052],[101.31692839700008,16.812412993000066],[101.31877896100008,16.812007118000054],[101.31925020400007,16.810537144000023],[101.32003505100005,16.81129003800004],[101.32331243300007,16.81126262600003],[101.32616238700007,16.813234683000076],[101.32840083600007,16.81287334800004],[101.32963959100005,16.811616349000076],[101.33131805100004,16.81254139600003],[101.33344261000008,16.815270402000067],[101.33640063800004,16.81610640200006],[101.33698474700009,16.81812131600003],[101.33855089700006,16.817892726000025],[101.33820198600006,16.820138041000064],[101.34062413100008,16.820267125000044],[101.34044018100008,16.82240063000006],[101.34175383100006,16.821808454000063],[101.34513368100005,16.822182677000058],[101.34635848700003,16.823492029000022],[101.34757709700006,16.822603096000023],[101.34922945800008,16.824088421000056],[101.35125727300004,16.82204051800005],[101.35133904200006,16.820862309000063],[101.35283711700004,16.820393873000057],[101.35142380200006,16.819175702000052],[101.35513212700005,16.818323414000076],[101.35354829100004,16.816493601000047],[101.35335998900007,16.815042007000045],[101.35547867600008,16.815027049000037],[101.35806699500006,16.81857442100005],[101.36292404600005,16.81913001500004],[101.36507161900005,16.820524246000048],[101.36331109400004,16.823934502000043],[101.36367946900003,16.824689446000036],[101.36731983300007,16.825040245000025],[101.36859772100007,16.825663508000048],[101.37110493800009,16.828171433000023],[101.37338387300008,16.828325507000045],[101.37521770600006,16.82744964500006],[101.37716034400006,16.827464404000068],[101.38071833200007,16.829696799000033],[101.38165876100004,16.825828176000073],[101.38538770200006,16.820243340000047],[101.38592562700006,16.82019763200003],[101.38648101000007,16.824105109000072],[101.38594077300007,16.82651582400007],[101.38634101100007,16.82815753500006],[101.38885011800005,16.82841732600002],[101.39042423000006,16.827667690000055],[101.38866835000005,16.826032845000043],[101.38982593600008,16.825446811000063],[101.39270484400004,16.826988302000075],[101.39439723100008,16.82546475500004],[101.39442839600008,16.82200586600004],[101.39752075300004,16.82304338600005],[101.40060614000004,16.82277300000004],[101.40052107700006,16.821018840000022],[101.39894643100007,16.818775510000023],[101.39823181000008,16.815997722000077],[101.40145698300006,16.81769023800007],[101.40318785100004,16.816458879000038],[101.40410178800005,16.81374233200006],[101.40580918800003,16.813444099000037],[101.40819321900005,16.81833201200004],[101.41113872600005,16.818843276000052],[101.41180286500008,16.817030399000032],[101.40884496700005,16.814657117000024],[101.40663310200006,16.811522342000046],[101.40709815500009,16.810806986000046],[101.41283969500006,16.813791552000055],[101.41561530100006,16.81376073200005],[101.41703374200006,16.812582881000026],[101.41653882200006,16.810792538000044],[101.41440291800006,16.811176156000045],[101.41208739900009,16.809804937000024],[101.41490871900004,16.809440050000035],[101.41794674900007,16.808057663000056],[101.41352255900006,16.80680231200006],[101.41256435300005,16.80565931700005],[101.41438557300006,16.803891785000076],[101.41375907100007,16.80121014300005],[101.41495420600006,16.800612654000076],[101.41863561600007,16.802243669000063],[101.41956723300007,16.803365806000045],[101.41856067600008,16.804988500000036],[101.42041628900006,16.80489901800007],[101.42233828600007,16.806926946000033],[101.42356418800006,16.80639095500004],[101.42359157900006,16.804688275000046],[101.42148642500007,16.803791381000053],[101.42291739200004,16.801351564000072],[101.42452407200005,16.801278400000058],[101.42624208600006,16.802795557000024],[101.42742364800006,16.805059675000052],[101.42946640400004,16.805313745000035],[101.42973172300003,16.807943738000063],[101.43135129500007,16.809481524000034],[101.43203036800008,16.81147334600007],[101.43300509300008,16.812012108000033],[101.43288207400008,16.815774116000057],[101.43431723800006,16.816455059000077],[101.43424711700004,16.81751133100005],[101.43280894200007,16.81826608700004],[101.43475929400006,16.819672479000076],[101.43488477000005,16.821384644000034],[101.43385717800004,16.822750392000046],[101.43730137000006,16.825997149000045],[101.44030041100007,16.825342443000068],[101.44093321800005,16.82589985000004],[101.44078699900007,16.82819874000006],[101.44211511500004,16.82888739300006],[101.44248859800007,16.830348764000064],[101.44073766300005,16.832785496000042],[101.44272675500008,16.83493992900003],[101.44273495800007,16.837439017000065],[101.44064405200004,16.837343499000042],[101.43927972200004,16.835810923000054],[101.43775385500004,16.83731134100003],[101.43776961400005,16.840124848000073],[101.43536033000004,16.841555413000037],[101.43750734500009,16.841609234000032],[101.43746796400006,16.843876759000068],[101.43668497400006,16.843356666000034],[101.43336447000007,16.84654806800006],[101.43378258000007,16.84978223300004],[101.43090539500008,16.852012112000068],[101.42551022600009,16.850033417000077],[101.42502464300009,16.850877620000063],[101.42185334300007,16.852145018000044],[101.42091125300004,16.854229891000045],[101.41962485700009,16.85421903500003],[101.41660551600006,16.85291624100006],[101.40977531300007,16.85260144500006],[101.40950253900007,16.853716347000045],[101.40635618500005,16.85372355800007],[101.40554024000005,16.854621877000056],[101.40321444200003,16.855396186000064],[101.39997293000005,16.854885971000044],[101.39894070200006,16.858908971000062],[101.40120609900004,16.862129882000033],[101.40145567100006,16.863741047000076],[101.40323151700005,16.864075159000038],[101.40597877000005,16.866409544000078],[101.40875954700005,16.867873717000066],[101.40701904500008,16.870405004000077],[101.40738604800003,16.87366664500007],[101.40675276800005,16.874807910000072],[101.40797637200006,16.87591573900005],[101.40763062300005,16.87707671100003],[101.40951431200006,16.87995364300002],[101.40733708500005,16.88192039100005],[101.40868443900007,16.885529293000047],[101.40745499300004,16.88568674100003],[101.40661396200005,16.88293381400007],[101.40455583800008,16.882152572000052],[101.40131790200007,16.879081167000038],[101.40099450300005,16.877962249000063],[101.39910755900007,16.876706054000067],[101.39795048800005,16.876938530000075],[101.39629067400006,16.87581136700004],[101.39139425300004,16.87341081900007],[101.39086988700006,16.87244534100006],[101.38801810400008,16.872604744000057],[101.38554602400006,16.873476432000075],[101.38079892000007,16.871909095000035],[101.38089744900009,16.86911298700005],[101.37937632200004,16.86801795100007],[101.37845335400004,16.864975325000046],[101.37829347500008,16.860394301000042],[101.37862500500006,16.859251339000025],[101.37794956300007,16.853586549000056],[101.37953981300006,16.85128241600006],[101.37964362100007,16.849912635000067],[101.37544190900007,16.85031322800006],[101.37290616500007,16.849676631000023],[101.37250271500005,16.850699211000062],[101.36777845300008,16.852340859000037],[101.36308930200005,16.851931019000062],[101.35983748500007,16.849982629000067],[101.35476134300006,16.848379759000068],[101.35395522700009,16.845390742000063],[101.34993778000006,16.84248559200006],[101.34797123500005,16.842370301000074],[101.34359407600004,16.84303704900003],[101.34295979200004,16.842484928000033],[101.33923882100004,16.843655386000023],[101.33770740500006,16.842992664000064],[101.33662265700008,16.844127655000023],[101.33202936900005,16.844385502000023],[101.33225335900005,16.843396819000077],[101.33037343500007,16.84363886600005],[101.32451496000004,16.842297590000044],[101.32230277400004,16.841223808000052],[101.32244610000004,16.839534549000064],[101.31962401100009,16.838504877000048],[101.31756579700004,16.839119254000025],[101.31573117000005,16.837938644000076],[101.31423601300008,16.838020836000055],[101.31306386700004,16.834600676000036],[101.31251765300004,16.834309219000033],[101.31046306200005,16.83611436900003],[101.30958768300007,16.836177906000046],[101.30895668800008,16.834338410000043],[101.30915044500006,16.83104802500003],[101.30686386300005,16.83017564900007],[101.30563735700008,16.83079009200003],[101.30431700100007,16.83351484800005],[101.30374818500007,16.83353433800005],[101.30249107800006,16.83101755000007],[101.29855455100005,16.831237272000067],[101.29345287600006,16.83365481000004],[101.29318523100005,16.834798128000045],[101.29135210700008,16.835460529000045],[101.29199002500008,16.837340174000076],[101.29100912600006,16.838370871000052],[101.28931012000004,16.836566281000046],[101.28603031700004,16.835100114000056],[101.28423542600007,16.832959954000046],[101.28624188200007,16.831654256000036],[101.28574135000008,16.83074311300004],[101.28334354400005,16.830559254000036],[101.28288495200007,16.831625810000048],[101.28340894500008,16.83392493300005],[101.28178750900008,16.83658126100005],[101.28032515900009,16.836172049000027],[101.28095833200007,16.83427894700003],[101.27837397000008,16.83196932900006],[101.27925974600004,16.83125377700003],[101.27836914900007,16.829522331000078],[101.27968558600008,16.820500606000053],[101.28213417300009,16.820695413000067],[101.28600788700004,16.820211878000066],[101.28610307900004,16.81968364100004]]]},"properties":{"Shape_Leng":0.720027405039,"Shape_Area":0.00537243051319,"ADM3_EN":"Huai Rai","ADM3_TH":"ห้วยไร่","ADM3_PCODE":"TH670311","ADM2_EN":"Lom Sak","ADM2_TH":"หล่มสัก","ADM2_PCODE":"TH6703","ADM1_EN":"Phetchabun","ADM1_TH":"เพชรบูรณ์","ADM1_PCODE":"TH67","ADM0_EN":"Thailand","ADM0_TH":"ประเทศไทย","ADM0_PCODE":"TH"}},
{"type":"Feature","geometry":{"type":"Polygon","coordinates":[[[101.21684227300005,16.80096203900007],[101.21684909900006,16.801205288000062],[101.20897666500008,16.801131000000055],[101.20034885500007,16.80489889000006],[101.19796613400007,16.80818701100003],[101.19391855900005,16.80968129300004],[101.19023298600007,16.809811410000066],[101.18729671500006,16.811442518000035],[101.18521166000005,16.811764293000067],[101.18115426800006,16.813237220000076],[101.17876113200003,16.815782840000054],[101.17417668800005,16.81634639400005],[101.17137454500005,16.81544277300003],[101.16869577300008,16.81585146200007],[101.16596523400005,16.816848597000046],[101.16105350500004,16.81565284900006],[101.15485452300004,16.814872915000024],[101.14687783600004,16.812045753000064],[101.14344632600006,16.81029761700006],[101.14035286700005,16.809419324000032],[101.13722783700007,16.807906050000042],[101.13116907700004,16.806432717000064],[101.12881853200008,16.80743197000004],[101.12630962200006,16.810272825000027],[101.12350883800008,16.812627314000054],[101.11605021900004,16.81605204400006],[101.11308221400009,16.818347908000078],[101.11082014500005,16.81905064500006],[101.10210558400007,16.815978863000055],[101.09835599200005,16.81413615100007],[101.09558017700004,16.813312034000035],[101.09430711100003,16.81355539900005],[101.09339878100008,16.81579174700005],[101.09181210300005,16.816522108000072],[101.08443450900006,16.81703434600007],[101.08261026200006,16.81879082200004],[101.07994138300006,16.819438653000077],[101.08160300500003,16.818020785000044],[101.08453882700007,16.816561301000036],[101.08541498400007,16.815113245000077],[101.08418115400008,16.813188728000057],[101.08510584600003,16.811298110000052],[101.08704741400004,16.810075296000036],[101.08659770400004,16.808045469000035],[101.08752726600005,16.80670384600006],[101.08924880600006,16.80706380500004],[101.08997501000005,16.804203305000044],[101.09164905500006,16.80282509600005],[101.09384570400005,16.801877537000053],[101.09441739200008,16.80052375400004],[101.09790677300003,16.797299707000036],[101.10125052400008,16.795824912000057],[101.10314808000004,16.793158710000057],[101.10726203200005,16.791841478000038],[101.10882994700006,16.792026220000025],[101.11432722400008,16.79409058500005],[101.11844442700004,16.793635273000064],[101.12116602600008,16.79371842000006],[101.12487216700004,16.792130722000024],[101.12719427500008,16.789935703000026],[101.12866053500005,16.78743653400005],[101.13238991700007,16.786067858000024],[101.13358212900005,16.785018152000077],[101.13316883200008,16.782681668000066],[101.13457072400007,16.781944010000075],[101.13549513100008,16.780205502000058],[101.13958962900006,16.779184332000057],[101.13994391700004,16.778641194000045],[101.13889926300004,16.775792956000032],[101.14083741700006,16.774788186000023],[101.14490968000007,16.77118220600005],[101.14658999500006,16.77051250900007],[101.14653705300003,16.768339237000077],[101.14797649100007,16.767588459000024],[101.14787156100004,16.766605817000027],[101.14989815400008,16.76388883100003],[101.15990498000008,16.766759998000055],[101.17084644400006,16.768916535000074],[101.17322063600005,16.769153754000058],[101.17710411000007,16.768866038000056],[101.18248605400004,16.767015678000064],[101.18547790700006,16.76521705600004],[101.18940520100006,16.769807369000034],[101.19234663400005,16.768664151000053],[101.19812280500008,16.769852292000053],[101.20025232100005,16.76995765600003],[101.20180931700008,16.770930234000048],[101.20744544000007,16.77258261700007],[101.20903140600007,16.774404966000077],[101.21136713000004,16.779667623000023],[101.21206827300006,16.783755308000025],[101.21291407400008,16.78585642200005],[101.21271506400007,16.78749983800003],[101.21348507700009,16.792213702000026],[101.21332366900003,16.793416528000023],[101.21684227300005,16.80096203900007]]]},"properties":{"Shape_Leng":0.360038081719,"Shape_Area":0.0041978533413,"ADM3_EN":"Nam Ko","ADM3_TH":"น้ำก้อ","ADM3_PCODE":"TH670312","ADM2_EN":"Lom Sak","ADM2_TH":"หล่มสัก","ADM2_PCODE":"TH6703","ADM1_EN":"Phetchabun","ADM1_TH":"เพชรบูรณ์","ADM1_PCODE":"TH67","ADM0_EN":"Thailand","ADM0_TH":"ประเทศไทย","ADM0_PCODE":"TH"}},
{"type":"Feature","geometry":{"type":"Polygon","coordinates":[[[101.26400226200008,16.72742273500006],[101.26307400600007,16.723411381000062],[101.26204043100006,16.722520925000026],[101.25819660900004,16.722936016000062],[101.25863377600007,16.720555570000045],[101.25798650200005,16.71844567000005],[101.25864207300003,16.71679956500003],[101.25793942300004,16.713263575000042],[101.25977871600008,16.712914282000042],[101.26129086800006,16.710216265000042],[101.26077258300006,16.70700623500005],[101.25902555000005,16.70290030600006],[101.25378416800004,16.70276123000002],[101.25178497900004,16.701903663000053],[101.24777039800006,16.701507117000062],[101.24641159800007,16.69938279300004],[101.24270218700008,16.701310556000067],[101.23863801800007,16.701953201000038],[101.23791422900007,16.699902148000035],[101.23652568400007,16.699100178000037],[101.23572176800008,16.697580707000043],[101.23372792700007,16.697393927000064],[101.22976421800007,16.69224808100006],[101.24646152700006,16.69129281100004],[101.24570602500006,16.68655540700007],[101.24330590400007,16.676768431000028],[101.24199939400006,16.670349298000076],[101.24026952000008,16.664132680000023],[101.23797484300007,16.652463029000046],[101.23917653500007,16.651529260000075],[101.24201120400005,16.65279804200003],[101.24388984600006,16.654314072000034],[101.24347886000004,16.656227992000026],[101.24481220000007,16.657711789000075],[101.24617724100005,16.65775985700003],[101.24783590300007,16.659721343000058],[101.24666223400004,16.661680429000057],[101.24820462400004,16.663051266000025],[101.25206229000008,16.662739868000074],[101.25215841700003,16.66352911900003],[101.25467886600006,16.665085143000056],[101.25829945600003,16.665030409000053],[101.26072072500006,16.66788577600005],[101.26479102800005,16.670818246000067],[101.26717422500008,16.671250774000043],[101.26865363400003,16.672628990000078],[101.26846414900007,16.673755564000032],[101.27033989600005,16.67514462400004],[101.27335646100005,16.67493796800005],[101.27598587700004,16.67620927400003],[101.27878999000006,16.675313784000025],[101.28158731000008,16.676095023000073],[101.28230920300007,16.675625443000058],[101.28706333900004,16.677283577000026],[101.28933375800005,16.67527876400004],[101.29003177400006,16.673596747000033],[101.29462200600005,16.67435713200007],[101.30418596300007,16.675250299000027],[101.31222734000005,16.676751783000043],[101.32007703700003,16.675063144000035],[101.32594743500005,16.673141014000066],[101.32862570100008,16.671704729000055],[101.32821445900004,16.66859607200007],[101.32717009700008,16.667146992000028],[101.32741608600008,16.664911047000032],[101.33238033500004,16.665285013000073],[101.33623092300007,16.663388198000064],[101.34015205100008,16.66253035400007],[101.34228581200006,16.664125742000067],[101.34554479400003,16.66562962300003],[101.34707939100008,16.665448483000034],[101.34867691500006,16.667342991000055],[101.34909251500005,16.67072846700006],[101.34857511100006,16.67479742100005],[101.35156665200009,16.67448059700007],[101.35542519400008,16.675749220000057],[101.35666158600009,16.67470766300005],[101.35960047000003,16.674272177000034],[101.36020099200005,16.672849808000024],[101.36269840900007,16.67089435200006],[101.36600034300005,16.670202369000037],[101.36881210300004,16.671601597000063],[101.36986522300003,16.673504093000076],[101.37115291400005,16.674101359000076],[101.37462560400007,16.673705229000063],[101.37725443400006,16.674659507000058],[101.38094513900006,16.674013289000072],[101.38326322800003,16.672951341000044],[101.38570429600009,16.670982079000055],[101.38626201800008,16.66712676700007],[101.38599738900007,16.664790707000066],[101.38482332600006,16.66224372000005],[101.38507334000008,16.661290974000053],[101.39298660900005,16.660649083000067],[101.39636796000008,16.65964494900004],[101.39923258000005,16.659762612000065],[101.40947058200004,16.663312374000043],[101.41361534200007,16.66386363500004],[101.41767148800005,16.66524724100003],[101.42018817400003,16.665234763000058],[101.42401512800006,16.666740795000067],[101.42620282000007,16.669373591000067],[101.42819253600004,16.66978285700003],[101.43056999100008,16.67205564900007],[101.42821858700006,16.675266172000022],[101.42796180000005,16.67711043500003],[101.42944918300009,16.678984737000064],[101.42997851300004,16.682240018000073],[101.43090231400004,16.685027154000068],[101.43096444400004,16.68814559300006],[101.43161308700007,16.690899511000055],[101.43365818300003,16.69254243200004],[101.43580189100004,16.693126456000073],[101.43799092500007,16.691959972000063],[101.44082050000009,16.68923744600005],[101.44352339900007,16.684440623000057],[101.44544061600004,16.684226557000045],[101.44723506900004,16.682689844000038],[101.44723152500006,16.68029881500007],[101.44794875400004,16.679914841000027],[101.45074493200008,16.680674476000036],[101.45391125100008,16.680602398000076],[101.45611822800004,16.678652558000067],[101.45792936100008,16.678087439000024],[101.46130446000006,16.680215098000076],[101.46302539600003,16.680206147000035],[101.47082981100004,16.679272195000067],[101.48242053200005,16.675389675000076],[101.48910901700003,16.67444732900003],[101.49164505200008,16.67463185300005],[101.49912359100006,16.67413040200006],[101.50193975000008,16.674692010000058],[101.50495887900007,16.674041139000053],[101.50826954900003,16.675073655000062],[101.51051927000003,16.676995076000026],[101.51109053300007,16.678851988000076],[101.51270343000004,16.67932418500004],[101.51342721600008,16.68113119700007],[101.51530818800006,16.686280194000062],[101.51560567000007,16.69067699200002],[101.51510440300007,16.694417841000075],[101.51418440500004,16.69687616500005],[101.51506138900004,16.699487305000048],[101.51477441300005,16.702513834000058],[101.51365750300005,16.70537296300006],[101.51135168400003,16.70991292700006],[101.51079154300004,16.713191953000035],[101.51302269300004,16.715651824000076],[101.51410746600004,16.72006330100004],[101.51475608800007,16.725947765000058],[101.51212592500008,16.726017891000026],[101.51217672100006,16.72760639200004],[101.51056572500005,16.729374016000065],[101.51096919900004,16.73270625300006],[101.51082621900008,16.73552506300007],[101.50870358500003,16.73715443900005],[101.50940089600005,16.741394031000027],[101.51015345200005,16.749823066000033],[101.51137707600009,16.75303969500004],[101.51091465400003,16.757925716000045],[101.51243245500007,16.75972131800006],[101.51506713100008,16.759675980000054],[101.51634971900006,16.76052072500005],[101.51696856000007,16.76253728300003],[101.51509074100005,16.76569508700004],[101.51593187400005,16.766941659000054],[101.51863282400006,16.76863912700003],[101.51961434700007,16.770048291000023],[101.52122605200009,16.775398283000072],[101.52369550600008,16.781996133000064],[101.52427607000004,16.78461560200003],[101.52445468400003,16.790354282000067],[101.52270466700008,16.795943399000066],[101.51914987100008,16.808932796000022],[101.51972153900005,16.812032932000022],[101.51835959200008,16.813674837000065],[101.51787025400006,16.815426140000056],[101.51799990700005,16.81852672200006],[101.51640906100005,16.81921863900004],[101.51686755000009,16.821372686000075],[101.51600606500006,16.822534446000077],[101.51621268500008,16.824360640000066],[101.51403966300006,16.826447760000065],[101.51643794500006,16.828934926000045],[101.51392609700008,16.829810309000038],[101.51308887200008,16.832218460000036],[101.51386322600007,16.836092868000037],[101.51306033100008,16.838287364000053],[101.50967691200003,16.841128097000023],[101.50943378900007,16.843168008000077],[101.50692623000003,16.848248926000053],[101.50736658000005,16.85201048500005],[101.50515983600008,16.852939451000054],[101.50566888000009,16.855109370000037],[101.50379321800006,16.856017698000073],[101.50375117800007,16.857538900000065],[101.50240607600006,16.85824393100006],[101.49974321800005,16.858483294000052],[101.49655999200007,16.85754040100005],[101.49169983500008,16.860167390000072],[101.48810546400006,16.860195262000047],[101.48556854600008,16.859188940000024],[101.48262349600009,16.859189693000076],[101.48246838100005,16.857781015000057],[101.48033549400009,16.85523021000006],[101.48018103700008,16.850125856000034],[101.48077837700004,16.84549540000006],[101.47985117600007,16.844621981000046],[101.47576245100004,16.842553628000076],[101.47524359600004,16.840659492000043],[101.47352589400003,16.839521492000074],[101.47082545300003,16.839565468000046],[101.46743842400008,16.83648479200002],[101.46681063900007,16.834054440000045],[101.46436846600005,16.831501865000064],[101.46321497000008,16.831078599000023],[101.46105606500004,16.828055005000067],[101.46059913000005,16.829571112000053],[101.45828874200004,16.828971151000076],[101.45731683900004,16.831091627000035],[101.45603686100009,16.83061655100005],[101.45534787000008,16.82907160700006],[101.45389216400008,16.82871410300004],[101.45245561400009,16.82984426400003],[101.45243124600006,16.82754636800007],[101.45032249500008,16.82613676400007],[101.44890996700008,16.827378753000062],[101.44687384500008,16.82766411800003],[101.44446240300005,16.825922897000055],[101.44302979100007,16.823467047000065],[101.44217677200004,16.823382002000073],[101.44030041100007,16.825342443000068],[101.43730137000006,16.825997149000045],[101.43385717800004,16.822750392000046],[101.43488477000005,16.821384644000034],[101.43475929400006,16.819672479000076],[101.43280894200007,16.81826608700004],[101.43424711700004,16.81751133100005],[101.43431723800006,16.816455059000077],[101.43288207400008,16.815774116000057],[101.43300509300008,16.812012108000033],[101.43203036800008,16.81147334600007],[101.43135129500007,16.809481524000034],[101.42973172300003,16.807943738000063],[101.42946640400004,16.805313745000035],[101.42742364800006,16.805059675000052],[101.42624208600006,16.802795557000024],[101.42452407200005,16.801278400000058],[101.42291739200004,16.801351564000072],[101.42244769600006,16.799251475000062],[101.42109932800008,16.798717533000058],[101.42134532600005,16.79599498500005],[101.42059002500008,16.79601056200005],[101.42031715000007,16.792123581000055],[101.41905467400005,16.78915656500004],[101.41957492600005,16.78867688100007],[101.41803731700008,16.782182748000025],[101.41588145900005,16.779718486000036],[101.41383729500006,16.775428176000048],[101.41084003900005,16.77296166700006],[101.40956304400004,16.770470970000076],[101.40737353300005,16.767728890000058],[101.40576305900004,16.76687038800003],[101.40042148000003,16.771401507000064],[101.39936048100009,16.77005672100006],[101.39701193400003,16.77106978300003],[101.39635561800009,16.769927833000054],[101.39064389400005,16.768063649000055],[101.39008432200006,16.768810060000078],[101.38800710500004,16.76853856100007],[101.38410181700004,16.769141035000075],[101.38041124600005,16.768759119000038],[101.37953280000005,16.765767760000074],[101.38030384200005,16.764195405000066],[101.38016890800009,16.76171147900004],[101.38060137300005,16.758141428000044],[101.38027614900005,16.75697460500004],[101.38057500200006,16.753408156000035],[101.37942227000008,16.751521644000036],[101.37881403900008,16.74871465700005],[101.37941786800008,16.747706168000036],[101.37913556000007,16.74511086700005],[101.37447964500006,16.745648557000038],[101.36623633700003,16.748006110000063],[101.36220156800005,16.748409837000054],[101.35880797000004,16.74678134000004],[101.35338556100004,16.744735872000035],[101.34995913500006,16.744318400000054],[101.34703259300005,16.74457462600003],[101.34444567000008,16.745570289000057],[101.33892729400009,16.742231489000062],[101.33686384900005,16.742335884000056],[101.33343424200007,16.74328882800006],[101.33143634700008,16.739315731000033],[101.32951285800004,16.73831049000006],[101.32898017600007,16.737223105000055],[101.32786295400007,16.739173408000056],[101.32614879800008,16.73959272600007],[101.32225100800008,16.739419681000072],[101.32041827700004,16.74074002800006],[101.31808269000004,16.73999344200007],[101.31667057400006,16.738905087000035],[101.31328254200008,16.73772847600003],[101.30976351700008,16.739769376000027],[101.30073878100006,16.740975380000066],[101.29481544600009,16.741480396000043],[101.29248753800005,16.742098999000063],[101.28762606700008,16.744243961000052],[101.28202810900007,16.744619623000062],[101.27611228300003,16.745460300000047],[101.27404121200004,16.744110353000053],[101.26947881600006,16.745008351000024],[101.26961358700004,16.74588390300005],[101.26786047000007,16.746095122000042],[101.26628019200007,16.74537771400003],[101.26350145000004,16.746491830000025],[101.26265650900007,16.74649655500002],[101.26296505400006,16.743529462000026],[101.26143330200006,16.741146956000023],[101.26309440800009,16.73993520600004],[101.26264822700006,16.736728096000036],[101.26329715300005,16.733219003000045],[101.26314543700005,16.73074905200002],[101.26452938900007,16.73008747800003],[101.26400226200008,16.72742273500006]]]},"properties":{"Shape_Leng":1.11070441931,"Shape_Area":0.0286353745139,"ADM3_EN":"Pak Chong","ADM3_TH":"ปากช่อง","ADM3_PCODE":"TH670313","ADM2_EN":"Lom Sak","ADM2_TH":"หล่มสัก","ADM2_PCODE":"TH6703","ADM1_EN":"Phetchabun","ADM1_TH":"เพชรบูรณ์","ADM1_PCODE":"TH67","ADM0_EN":"Thailand","ADM0_TH":"ประเทศไทย","ADM0_PCODE":"TH"}},
{"type":"Feature","geometry":{"type":"Polygon","coordinates":[[[101.07994138300006,16.819438653000077],[101.07946132100005,16.81563109600006],[101.07981941900005,16.814233019000028],[101.07933877200009,16.81193967400003],[101.08138054400007,16.808775745000048],[101.08227977800004,16.806263845000046],[101.08328069300006,16.800963575000026],[101.08585253000007,16.79948068400006],[101.08646915900005,16.79599869200007],[101.08933303700007,16.794453847000057],[101.09066131100008,16.79107414200007],[101.09095122100007,16.788152755000056],[101.09260705000008,16.789409731000035],[101.09306299900004,16.787893965000023],[101.09475084200005,16.789843371000075],[101.09550884500004,16.788254103000043],[101.09702135500004,16.788582088000055],[101.09598190500009,16.78661493100003],[101.09734966900004,16.786592618000043],[101.10015278400004,16.783756785000037],[101.10122964800007,16.784628009000073],[101.10283231900007,16.78388299900007],[101.10565674200006,16.785088733000066],[101.10586086700005,16.781952125000032],[101.10706973400005,16.782672304000073],[101.10671534300008,16.784200458000043],[101.10869011200003,16.782393771000045],[101.10663266200004,16.780529571000045],[101.10653352900005,16.778811390000044],[101.10546961400007,16.776753941000038],[101.10561848600008,16.774934780000024],[101.10372519500004,16.76960837300004],[101.10472987200006,16.767830651000054],[101.10353900900009,16.765978888000063],[101.10490864400003,16.764029374000074],[101.10477075400007,16.760294127000066],[101.10256058300007,16.75888536100007],[101.09949367600007,16.75487339400007],[101.10077971200008,16.75319503000003],[101.09961726400007,16.74983472300005],[101.10205675700007,16.748248235000062],[101.10023308400008,16.746183879000057],[101.10115255300008,16.742564478000077],[101.10211287800007,16.740850760000058],[101.10242866200008,16.738294260000032],[101.10366572900006,16.736317400000075],[101.10253527900005,16.735570924000058],[101.10172925600006,16.733619050000073],[101.09923545600009,16.73233770400003],[101.09857012400005,16.728190952000034],[101.09928796600008,16.72474883800004],[101.09926457200004,16.722611647000065],[101.09414806600006,16.719166260000065],[101.09064979300007,16.715636585000027],[101.09083609000004,16.711051500000053],[101.08978949300007,16.706717910000066],[101.09342565000009,16.706532568000057],[101.09587911400007,16.706859055000052],[101.09560845300007,16.705395364000026],[101.09656008500008,16.704324451000048],[101.09811197100004,16.705435820000048],[101.10053497000007,16.703150778000065],[101.10358710700007,16.703401946000042],[101.10370562200006,16.702339995000045],[101.10574875200007,16.70184731200004],[101.10700930500008,16.702366057000063],[101.10743823400009,16.70108421900005],[101.11018538900004,16.700868698000022],[101.11055650100008,16.70158870800003],[101.11338452200005,16.701065895000056],[101.11357401200007,16.702029852000067],[101.11827581400007,16.702528851000068],[101.11819709500008,16.70351806700006],[101.12125298800004,16.704145400000073],[101.12304046300005,16.70388341200004],[101.12480407400005,16.705901582000024],[101.12876760900008,16.706835630000057],[101.12911673200006,16.70528285100005],[101.13046456100005,16.704547064000053],[101.13194805800003,16.70534618100004],[101.13456978900007,16.70522167200005],[101.13733231100008,16.70453161300003],[101.14299140800006,16.705284947000052],[101.14657789900008,16.70526827300006],[101.15147889500008,16.70409901900007],[101.15324117600005,16.70289534400007],[101.15869144800007,16.701993707000042],[101.16143580400006,16.700744005000047],[101.17005690500008,16.698042359000056],[101.17275558100005,16.696838713000034],[101.17371164900004,16.69780153100004],[101.17638407100009,16.69755321300005],[101.17612294600008,16.700287762000073],[101.17736895500008,16.701493982000045],[101.18053742600006,16.703368115000046],[101.18450333300007,16.70903954100004],[101.18877347100005,16.718324348000067],[101.19176348700006,16.722097570000074],[101.19067705500004,16.72200103700004],[101.18956115000003,16.724124752000023],[101.18686474100008,16.724618645000078],[101.19476755300008,16.738875438000036],[101.19955410700004,16.743595879000054],[101.20147293100007,16.744456227000057],[101.20196281200003,16.74558292100005],[101.20596481300004,16.750248896000073],[101.20736745500005,16.751381879000064],[101.20348723900008,16.75416420700003],[101.18547790700006,16.76521705600004],[101.18248605400004,16.767015678000064],[101.17710411000007,16.768866038000056],[101.17322063600005,16.769153754000058],[101.17084644400006,16.768916535000074],[101.15990498000008,16.766759998000055],[101.14989815400008,16.76388883100003],[101.14787156100004,16.766605817000027],[101.14797649100007,16.767588459000024],[101.14653705300003,16.768339237000077],[101.14658999500006,16.77051250900007],[101.14490968000007,16.77118220600005],[101.14083741700006,16.774788186000023],[101.13889926300004,16.775792956000032],[101.13994391700004,16.778641194000045],[101.13958962900006,16.779184332000057],[101.13549513100008,16.780205502000058],[101.13457072400007,16.781944010000075],[101.13316883200008,16.782681668000066],[101.13358212900005,16.785018152000077],[101.13238991700007,16.786067858000024],[101.12866053500005,16.78743653400005],[101.12719427500008,16.789935703000026],[101.12487216700004,16.792130722000024],[101.12116602600008,16.79371842000006],[101.11844442700004,16.793635273000064],[101.11432722400008,16.79409058500005],[101.10882994700006,16.792026220000025],[101.10726203200005,16.791841478000038],[101.10314808000004,16.793158710000057],[101.10125052400008,16.795824912000057],[101.09790677300003,16.797299707000036],[101.09441739200008,16.80052375400004],[101.09384570400005,16.801877537000053],[101.09164905500006,16.80282509600005],[101.08997501000005,16.804203305000044],[101.08924880600006,16.80706380500004],[101.08752726600005,16.80670384600006],[101.08659770400004,16.808045469000035],[101.08704741400004,16.810075296000036],[101.08510584600003,16.811298110000052],[101.08418115400008,16.813188728000057],[101.08541498400007,16.815113245000077],[101.08453882700007,16.816561301000036],[101.08160300500003,16.818020785000044],[101.07994138300006,16.819438653000077]]]},"properties":{"Shape_Leng":0.521342388554,"Shape_Area":0.00713930357935,"ADM3_EN":"Nam Chun","ADM3_TH":"น้ำชุน","ADM3_PCODE":"TH670314","ADM2_EN":"Lom Sak","ADM2_TH":"หล่มสัก","ADM2_PCODE":"TH6703","ADM1_EN":"Phetchabun","ADM1_TH":"เพชรบูรณ์","ADM1_PCODE":"TH67","ADM0_EN":"Thailand","ADM0_TH":"ประเทศไทย","ADM0_PCODE":"TH"}},
{"type":"Feature","geometry":{"type":"Polygon","coordinates":[[[101.22989791800006,16.773893042000054],[101.22495002500006,16.77754359000005],[101.21536255600006,16.77854650000006],[101.21136713000004,16.779667623000023],[101.20903140600007,16.774404966000077],[101.20744544000007,16.77258261700007],[101.20180931700008,16.770930234000048],[101.20025232100005,16.76995765600003],[101.19812280500008,16.769852292000053],[101.19234663400005,16.768664151000053],[101.18940520100006,16.769807369000034],[101.18547790700006,16.76521705600004],[101.20348723900008,16.75416420700003],[101.20736745500005,16.751381879000064],[101.20596481300004,16.750248896000073],[101.20196281200003,16.74558292100005],[101.20147293100007,16.744456227000057],[101.19955410700004,16.743595879000054],[101.19476755300008,16.738875438000036],[101.18686474100008,16.724618645000078],[101.18956115000003,16.724124752000023],[101.19067705500004,16.72200103700004],[101.19176348700006,16.722097570000074],[101.19533438000008,16.72199039000003],[101.19679945500008,16.72317251000004],[101.19811464800006,16.72287065000006],[101.19992169200003,16.723786305000033],[101.20297246800004,16.72392186600007],[101.20530067900006,16.726095745000066],[101.20708791600003,16.72625793800006],[101.21115449100006,16.728223770000056],[101.21404808600005,16.729234333000022],[101.21475820200004,16.73022205500007],[101.21784893100005,16.72994125100007],[101.22118112700008,16.73582481400007],[101.22296515400006,16.737601367000025],[101.22430275500005,16.737919566000073],[101.22576785100006,16.736160866000034],[101.22912798400006,16.735369839000043],[101.23058225000005,16.730296705000058],[101.23374672100005,16.72606931000007],[101.23294459700008,16.723615075000055],[101.23249578800005,16.716987909000068],[101.23175450700006,16.715979138000023],[101.23204159100004,16.714319700000033],[101.23355149000008,16.713298294000026],[101.23479423100008,16.713571543000057],[101.23560504600005,16.715118972000027],[101.23519776400008,16.71770822800005],[101.23625772800006,16.719313358000022],[101.23640654300004,16.721112753000057],[101.23436371900004,16.722017572000027],[101.23460622100004,16.722970576000023],[101.23686780400004,16.723439833000043],[101.23635288300005,16.726343967000048],[101.23857834700004,16.727009390000035],[101.23703103800005,16.729192174000048],[101.23841388200003,16.729869407000024],[101.23983736300005,16.73021384900005],[101.24029298500005,16.732475711000063],[101.24206566500004,16.730336176000037],[101.24325875700004,16.731414151000024],[101.24339418600005,16.733822687000043],[101.24439457700004,16.73447339100005],[101.24387591500005,16.737523191000037],[101.24576470300008,16.738440987000047],[101.24570406900006,16.740319484000054],[101.24724286200006,16.73841634000007],[101.24817380400003,16.73848219100006],[101.24875466000003,16.741330032000064],[101.25273773700007,16.74154808700007],[101.25224326800009,16.74546036000004],[101.25101989600006,16.745976598000027],[101.25249775000003,16.747571940000057],[101.25102728900004,16.74838144200004],[101.25035493600006,16.75117589100006],[101.25258423400004,16.75196511400003],[101.25283117600009,16.753236394000055],[101.25047062700008,16.75312359700007],[101.24973171000005,16.756374725000057],[101.25088919600006,16.758337879000067],[101.24956987800005,16.760960590000025],[101.24989917900007,16.76252824000005],[101.24891959800004,16.76445214000006],[101.25174321200006,16.764868317000037],[101.25039273600004,16.76583073000006],[101.25156542700006,16.76789651400003],[101.25095487200008,16.770424327000057],[101.25305512600005,16.770282913000074],[101.25252270100003,16.772156911000025],[101.25243248700008,16.770966858000065],[101.23215489800003,16.771645170000056],[101.22989791800006,16.773893042000054]]]},"properties":{"Shape_Leng":0.32305894307,"Shape_Area":0.00245322195579,"ADM3_EN":"Nong Khwai","ADM3_TH":"หนองไขว่","ADM3_PCODE":"TH670315","ADM2_EN":"Lom Sak","ADM2_TH":"หล่มสัก","ADM2_PCODE":"TH6703","ADM1_EN":"Phetchabun","ADM1_TH":"เพชรบูรณ์","ADM1_PCODE":"TH67","ADM0_EN":"Thailand","ADM0_TH":"ประเทศไทย","ADM0_PCODE":"TH"}},
{"type":"Feature","geometry":{"type":"Polygon","coordinates":[[[101.23863801800007,16.701953201000038],[101.23684544900004,16.70317322300002],[101.23146944100006,16.70437578700006],[101.22895571500004,16.705277059000025],[101.22626624000009,16.707788450000066],[101.22883013100005,16.708909405000043],[101.23076034600007,16.711337549000064],[101.23122519300006,16.713645146000033],[101.23204159100004,16.714319700000033],[101.23175450700006,16.715979138000023],[101.23249578800005,16.716987909000068],[101.23294459700008,16.723615075000055],[101.23374672100005,16.72606931000007],[101.23058225000005,16.730296705000058],[101.22912798400006,16.735369839000043],[101.22576785100006,16.736160866000034],[101.22430275500005,16.737919566000073],[101.22296515400006,16.737601367000025],[101.22118112700008,16.73582481400007],[101.21784893100005,16.72994125100007],[101.21475820200004,16.73022205500007],[101.21404808600005,16.729234333000022],[101.21115449100006,16.728223770000056],[101.20708791600003,16.72625793800006],[101.20530067900006,16.726095745000066],[101.20297246800004,16.72392186600007],[101.19992169200003,16.723786305000033],[101.19811464800006,16.72287065000006],[101.19679945500008,16.72317251000004],[101.19533438000008,16.72199039000003],[101.19176348700006,16.722097570000074],[101.18877347100005,16.718324348000067],[101.18450333300007,16.70903954100004],[101.18053742600006,16.703368115000046],[101.17736895500008,16.701493982000045],[101.17612294600008,16.700287762000073],[101.17638407100009,16.69755321300005],[101.17715235300005,16.69375123100002],[101.17585125500005,16.690287346000048],[101.17589735700005,16.68677141300003],[101.17548494900007,16.677769771000044],[101.17709752400003,16.675045773000022],[101.17621054100005,16.672480103000055],[101.17875914100006,16.669358302000035],[101.17764392400005,16.66591211900004],[101.17770366500008,16.66272667000004],[101.18067973300003,16.662466091000056],[101.18237395000006,16.661064537000073],[101.18570921700007,16.660555569000053],[101.18692523700008,16.659064211000043],[101.18872368300003,16.658719890000043],[101.19149202100004,16.655041604000075],[101.19294002200007,16.65464710200007],[101.19434380300004,16.65319161800005],[101.19690612800008,16.65158761600003],[101.19828525300005,16.649801695000065],[101.19767274400004,16.648424329000022],[101.19948095300003,16.645743340000024],[101.19778036400004,16.64450430100004],[101.19857271700005,16.64144776100005],[101.20399015000004,16.63694249300005],[101.20684908900006,16.63394266100005],[101.20855298900005,16.633390448000057],[101.21201929800009,16.632254811000053],[101.21380910200008,16.63357871200003],[101.21182513000008,16.63476972600006],[101.21430737200006,16.634409885000025],[101.21494537400008,16.635193626000046],[101.21381306800004,16.63638995200006],[101.21510716000006,16.63809693500002],[101.21597540500005,16.640573611000036],[101.21686064400006,16.64509790900007],[101.21430756800004,16.64302974700007],[101.21355400800007,16.64537769900005],[101.21124788800006,16.647608862000027],[101.21303039100007,16.648208331000035],[101.21366560100006,16.65071920500003],[101.21575168600003,16.653345178000052],[101.22114101700004,16.665181148000045],[101.22936825200009,16.68592731600006],[101.23816149100008,16.687226681000027],[101.23824433800007,16.687530286000026],[101.22976421800007,16.69224808100006],[101.23372792700007,16.697393927000064],[101.23572176800008,16.697580707000043],[101.23652568400007,16.699100178000037],[101.23791422900007,16.699902148000035],[101.23863801800007,16.701953201000038]]]},"properties":{"Shape_Leng":0.326131996027,"Shape_Area":0.00380478703053,"ADM3_EN":"Lan Ba","ADM3_TH":"ลานบ่า","ADM3_PCODE":"TH670316","ADM2_EN":"Lom Sak","ADM2_TH":"หล่มสัก","ADM2_PCODE":"TH6703","ADM1_EN":"Phetchabun","ADM1_TH":"เพชรบูรณ์","ADM1_PCODE":"TH67","ADM0_EN":"Thailand","ADM0_TH":"ประเทศไทย","ADM0_PCODE":"TH"}},
{"type":"Feature","geometry":{"type":"Polygon","coordinates":[[[101.21722667400007,16.560790949000022],[101.21751013600004,16.564579519000063],[101.21908238500004,16.565621719000035],[101.21912586700006,16.567293276000044],[101.22007038600003,16.568761626000025],[101.21905526600005,16.570156998000073],[101.21878202500005,16.57285567300005],[101.21591648600008,16.574848848000045],[101.21582562400005,16.577408587000036],[101.21288803300007,16.57729312400005],[101.21108038900007,16.57593601700006],[101.20762893800008,16.576987295000038],[101.20808200900007,16.579193823000026],[101.20521565000007,16.58123407900007],[101.20696041000008,16.58193165600005],[101.20790990300009,16.58330275900005],[101.20772075100007,16.585035477000076],[101.20589238500008,16.58539713400006],[101.20466333100006,16.584232884000073],[101.20259643200006,16.58508979100003],[101.20226321500007,16.587438167000073],[101.20426549700005,16.589303028000074],[101.20480440000006,16.591530497000065],[101.20438455600004,16.595331360000046],[101.20538229500005,16.59651261600004],[101.20425523900008,16.598340243000052],[101.20544849800007,16.600109275000023],[101.20526919800005,16.601383120000037],[101.20258118800007,16.601431038000044],[101.20233313200004,16.602416754000046],[101.20344240500003,16.604766830000074],[101.20030066900006,16.606314799000074],[101.20173703300009,16.608464396000045],[101.20073359100007,16.60907054300003],[101.20279127500004,16.612019838000037],[101.20482585700006,16.61264555500003],[101.20311506400009,16.61509754800005],[101.20341917700006,16.616155888000037],[101.20648078300007,16.61705873300002],[101.20656672900009,16.618227407000063],[101.20511326800005,16.618597240000042],[101.20661398300007,16.61989204100007],[101.20634440100008,16.62196288800004],[101.20759840400007,16.622050038000054],[101.20825224500004,16.623274528000024],[101.20647783000004,16.625899891000074],[101.20814242600005,16.625750265000022],[101.20913945900008,16.626676674000066],[101.20838274500005,16.62874803400007],[101.21009293400004,16.630358510000065],[101.20884395100006,16.631825435000053],[101.20855298900005,16.633390448000057],[101.20684908900006,16.63394266100005],[101.20399015000004,16.63694249300005],[101.19857271700005,16.64144776100005],[101.19778036400004,16.64450430100004],[101.19948095300003,16.645743340000024],[101.19767274400004,16.648424329000022],[101.19828525300005,16.649801695000065],[101.19690612800008,16.65158761600003],[101.19434380300004,16.65319161800005],[101.19294002200007,16.65464710200007],[101.19149202100004,16.655041604000075],[101.18872368300003,16.658719890000043],[101.18692523700008,16.659064211000043],[101.18570921700007,16.660555569000053],[101.18237395000006,16.661064537000073],[101.18067973300003,16.662466091000056],[101.17770366500008,16.66272667000004],[101.17614960600008,16.66197393400006],[101.16607875400007,16.65524446300003],[101.16199962900004,16.65326717100004],[101.15632801900006,16.652233513000056],[101.15226301100006,16.65045143800006],[101.14293524200008,16.648215178000044],[101.14134097000004,16.64734782000005],[101.13352746400005,16.646202654000035],[101.13011501400007,16.647104021000075],[101.12615524200004,16.645190893000063],[101.12280274400007,16.641990459000056],[101.12004511100008,16.641585518000056],[101.11700928300007,16.642833024000026],[101.11374444400008,16.640636063000045],[101.11244902600004,16.63844665000005],[101.11004170400008,16.638600172000054],[101.10956625600005,16.64145273400004],[101.10989432100007,16.643476907000036],[101.11130504000005,16.64701449300003],[101.10860958000006,16.645717046000073],[101.10721582000008,16.644062586000075],[101.10133623500008,16.643906705000063],[101.09976451200004,16.643597941000053],[101.09923092900004,16.64479908800007],[101.09786333000005,16.64417520300003],[101.09756952200007,16.646566234000034],[101.09661894700008,16.645416848000025],[101.09508336800008,16.646292414000072],[101.09504208800007,16.647273339000037],[101.09241898200008,16.646722947000058],[101.09301216600005,16.648344004000023],[101.09168713700006,16.649114566000037],[101.09373155500003,16.65116923000005],[101.09225667700008,16.650527372000056],[101.09117394700007,16.651224632000037],[101.08935476100004,16.650214903000062],[101.08928259200007,16.648504091000063],[101.08832691300006,16.649105290000023],[101.08899726400006,16.65071642600003],[101.08790781500005,16.651345137000078],[101.08568815000007,16.65050661400005],[101.08566952000007,16.64904692400006],[101.08431589300005,16.64689936900004],[101.08268163000008,16.645758796000052],[101.08140829100006,16.647210694000023],[101.07874871000007,16.646646288000056],[101.07800062700005,16.64767781000006],[101.07547401500005,16.646461397000053],[101.07364614500005,16.64626411000006],[101.07224414100006,16.64426889600003],[101.06799744100005,16.644046149000076],[101.06196519300005,16.642327539000064],[101.06134142200005,16.642482553000036],[101.06091133300004,16.64525259800007],[101.05901817500006,16.64557325100003],[101.05432724500008,16.644941333000077],[101.05159583600005,16.64516470500007],[101.05277247000004,16.643785582000078],[101.05618594800006,16.641975556000034],[101.05916850100004,16.639179386000023],[101.05975070300008,16.63747602500007],[101.06102559200008,16.636611478000077],[101.06432025600009,16.635512049000056],[101.06631331800008,16.635819583000057],[101.06882842400006,16.634660392000058],[101.07104544600008,16.634580508000056],[101.07224185400008,16.635309643000028],[101.07749641400005,16.634623008000062],[101.07998262200005,16.635758200000055],[101.08247228800008,16.63553666200005],[101.08354734100004,16.633938513000032],[101.08656829800003,16.634161392000067],[101.08905817700008,16.63254600700003],[101.09495062800005,16.633646811000062],[101.09633870900007,16.63246871700005],[101.09706428800007,16.630289896000022],[101.10166438000005,16.629093646000058],[101.10304972700004,16.629749600000025],[101.10827080700005,16.629074724000077],[101.11048654000007,16.630742001000044],[101.11223132300006,16.630640595000045],[101.11407718400005,16.63241451600004],[101.11751642000007,16.632634904000042],[101.11816488500006,16.633364201000063],[101.12169155100008,16.632471572000043],[101.12273131500007,16.63139288600007],[101.12600597400007,16.631101817000058],[101.12861040000007,16.632121291000033],[101.13158553400007,16.631605958000023],[101.13338325400008,16.632419378000066],[101.13580314700005,16.632579666000026],[101.13662102800004,16.631774948000043],[101.13773911600003,16.632458730000053],[101.14073174200007,16.631946218000053],[101.14224516800004,16.63117287800003],[101.14223979500008,16.633853314000078],[101.14370717700007,16.63578334300007],[101.14643272500007,16.63796369800002],[101.14876790000005,16.63912976900002],[101.15082112700009,16.638844504000076],[101.15234843100006,16.636989552000045],[101.15513453800008,16.635198761000026],[101.15563440800008,16.631378509000058],[101.15493715900004,16.628662148000046],[101.15687752900004,16.62651536800007],[101.15333331300008,16.621306290000064],[101.15389716400006,16.620046737000052],[101.15227165200008,16.620625560000065],[101.15187623500003,16.619650222000075],[101.15255539400005,16.61738460500004],[101.15502662400007,16.61594806900007],[101.15516720900007,16.613064826000027],[101.15753224600007,16.611373052000033],[101.16129198700008,16.610009416000025],[101.16222746000005,16.60831397800007],[101.16192299000005,16.607187570000065],[101.16445723900006,16.604897185000027],[101.16621999900008,16.605013948000078],[101.16778983300009,16.60289229600005],[101.17061198700009,16.60050338800005],[101.17283110100004,16.600521894000053],[101.17468128100006,16.60161088900003],[101.17643583200004,16.599045515000057],[101.17543061500004,16.59773288300005],[101.17733953200008,16.594715565000058],[101.18027706700008,16.592799011000068],[101.18092779400007,16.591266862000055],[101.18035698700004,16.58969911400004],[101.18135717500007,16.588926445000027],[101.18266781800008,16.585393402000022],[101.18396662000004,16.583925088000058],[101.18863107100003,16.58213538900003],[101.18845853200008,16.58066894800004],[101.19031878600003,16.58030530800005],[101.19189349600003,16.582595923000042],[101.19109788800006,16.583648614000026],[101.19333649500004,16.58619456300005],[101.19513601800008,16.585856586000034],[101.19887510600006,16.581459836000022],[101.20241235400005,16.579784670000038],[101.20548959600006,16.57764760500004],[101.20730787700006,16.575235717000055],[101.20685448800003,16.573454982000044],[101.20960272300005,16.572406115000035],[101.20953002300007,16.570645893000062],[101.21193686400005,16.570954108000024],[101.21454231500007,16.568329178000056],[101.21376081500006,16.56226390200004],[101.21722667400007,16.560790949000022]]]},"properties":{"Shape_Leng":0.634766397054,"Shape_Area":0.00438390861124,"ADM3_EN":"Bung Khla","ADM3_TH":"บุ่งคล้า","ADM3_PCODE":"TH670317","ADM2_EN":"Lom Sak","ADM2_TH":"หล่มสัก","ADM2_PCODE":"TH6703","ADM1_EN":"Phetchabun","ADM1_TH":"เพชรบูรณ์","ADM1_PCODE":"TH67","ADM0_EN":"Thailand","ADM0_TH":"ประเทศไทย","ADM0_PCODE":"TH"}},
{"type":"Feature","geometry":{"type":"Polygon","coordinates":[[[101.08978949300007,16.706717910000066],[101.08818569800007,16.70324961500006],[101.08905130900007,16.69818164800006],[101.08834717100007,16.69681656000006],[101.09042850000009,16.695538328000055],[101.09145913500004,16.694116414000064],[101.09333418900007,16.693313199000045],[101.09482634900007,16.691648732000033],[101.09763532800008,16.69027398000003],[101.09960758100004,16.69243881600005],[101.10034253200007,16.692234400000075],[101.10545761000009,16.687194533000024],[101.10470089000006,16.68300338000006],[101.10276424600005,16.68348342300004],[101.10209314000008,16.682185271000037],[101.09781356300005,16.679789352000057],[101.09473534200004,16.681119453000065],[101.09164638000004,16.679736968000043],[101.08996117500004,16.680976798000074],[101.08822762200003,16.680132161000074],[101.08699367500009,16.68158567100005],[101.08567898200005,16.68052321700003],[101.08452084000004,16.682365485000048],[101.08255013200005,16.681587832000048],[101.08269140700008,16.68004762000004],[101.08029194500006,16.680830267000033],[101.07797448700006,16.679270691000056],[101.07708289100003,16.679827012000032],[101.07575595300005,16.678495455000075],[101.07440955800007,16.679891273000067],[101.06946033400004,16.680900843000074],[101.06579529100009,16.679561171000046],[101.05928803000006,16.679368623000073],[101.05628326000004,16.678829318000055],[101.05151166400003,16.675832757000023],[101.04967521100008,16.67424259200004],[101.04870787200008,16.67123407100007],[101.04903060200007,16.66985929200007],[101.04881468500008,16.666259146000073],[101.04697014400006,16.662652256000058],[101.04718600400008,16.66117335900003],[101.04863531500007,16.658610004000025],[101.04846736200005,16.657474041000057],[101.05020850200003,16.65746112200003],[101.05269630500004,16.655217066000034],[101.05403384500005,16.655779064000058],[101.05573707100007,16.65471900800003],[101.05581926600007,16.653657845000055],[101.05874426100007,16.65399800800003],[101.05633074600007,16.65054590400007],[101.05179160900008,16.64674618500004],[101.05159583600005,16.64516470500007],[101.05432724500008,16.644941333000077],[101.05901817500006,16.64557325100003],[101.06091133300004,16.64525259800007],[101.06134142200005,16.642482553000036],[101.06196519300005,16.642327539000064],[101.06799744100005,16.644046149000076],[101.07224414100006,16.64426889600003],[101.07364614500005,16.64626411000006],[101.07547401500005,16.646461397000053],[101.07800062700005,16.64767781000006],[101.07874871000007,16.646646288000056],[101.08140829100006,16.647210694000023],[101.08268163000008,16.645758796000052],[101.08431589300005,16.64689936900004],[101.08566952000007,16.64904692400006],[101.08568815000007,16.65050661400005],[101.08790781500005,16.651345137000078],[101.08899726400006,16.65071642600003],[101.08832691300006,16.649105290000023],[101.08928259200007,16.648504091000063],[101.08935476100004,16.650214903000062],[101.09117394700007,16.651224632000037],[101.09225667700008,16.650527372000056],[101.09373155500003,16.65116923000005],[101.09168713700006,16.649114566000037],[101.09301216600005,16.648344004000023],[101.09241898200008,16.646722947000058],[101.09504208800007,16.647273339000037],[101.09508336800008,16.646292414000072],[101.09661894700008,16.645416848000025],[101.09756952200007,16.646566234000034],[101.09786333000005,16.64417520300003],[101.09923092900004,16.64479908800007],[101.09976451200004,16.643597941000053],[101.10133623500008,16.643906705000063],[101.10721582000008,16.644062586000075],[101.10860958000006,16.645717046000073],[101.11130504000005,16.64701449300003],[101.10989432100007,16.643476907000036],[101.10956625600005,16.64145273400004],[101.11004170400008,16.638600172000054],[101.11244902600004,16.63844665000005],[101.11374444400008,16.640636063000045],[101.11700928300007,16.642833024000026],[101.12004511100008,16.641585518000056],[101.12280274400007,16.641990459000056],[101.12615524200004,16.645190893000063],[101.13011501400007,16.647104021000075],[101.13352746400005,16.646202654000035],[101.14134097000004,16.64734782000005],[101.14293524200008,16.648215178000044],[101.15226301100006,16.65045143800006],[101.15632801900006,16.652233513000056],[101.16199962900004,16.65326717100004],[101.16607875400007,16.65524446300003],[101.17614960600008,16.66197393400006],[101.17770366500008,16.66272667000004],[101.17764392400005,16.66591211900004],[101.17875914100006,16.669358302000035],[101.17621054100005,16.672480103000055],[101.17709752400003,16.675045773000022],[101.17548494900007,16.677769771000044],[101.17589735700005,16.68677141300003],[101.17585125500005,16.690287346000048],[101.17715235300005,16.69375123100002],[101.17638407100009,16.69755321300005],[101.17371164900004,16.69780153100004],[101.17275558100005,16.696838713000034],[101.17005690500008,16.698042359000056],[101.16143580400006,16.700744005000047],[101.15869144800007,16.701993707000042],[101.15324117600005,16.70289534400007],[101.15147889500008,16.70409901900007],[101.14657789900008,16.70526827300006],[101.14299140800006,16.705284947000052],[101.13733231100008,16.70453161300003],[101.13456978900007,16.70522167200005],[101.13194805800003,16.70534618100004],[101.13046456100005,16.704547064000053],[101.12911673200006,16.70528285100005],[101.12876760900008,16.706835630000057],[101.12480407400005,16.705901582000024],[101.12304046300005,16.70388341200004],[101.12125298800004,16.704145400000073],[101.11819709500008,16.70351806700006],[101.11827581400007,16.702528851000068],[101.11357401200007,16.702029852000067],[101.11338452200005,16.701065895000056],[101.11055650100008,16.70158870800003],[101.11018538900004,16.700868698000022],[101.10743823400009,16.70108421900005],[101.10700930500008,16.702366057000063],[101.10574875200007,16.70184731200004],[101.10370562200006,16.702339995000045],[101.10358710700007,16.703401946000042],[101.10053497000007,16.703150778000065],[101.09811197100004,16.705435820000048],[101.09656008500008,16.704324451000048],[101.09560845300007,16.705395364000026],[101.09587911400007,16.706859055000052],[101.09342565000009,16.706532568000057],[101.08978949300007,16.706717910000066]]]},"properties":{"Shape_Leng":0.492368633782,"Shape_Area":0.005924858443,"ADM3_EN":"Bung Namtao","ADM3_TH":"บุ่งน้ำเต้า","ADM3_PCODE":"TH670318","ADM2_EN":"Lom Sak","ADM2_TH":"หล่มสัก","ADM2_PCODE":"TH6703","ADM1_EN":"Phetchabun","ADM1_TH":"เพชรบูรณ์","ADM1_PCODE":"TH67","ADM0_EN":"Thailand","ADM0_TH":"ประเทศไทย","ADM0_PCODE":"TH"}},
{"type":"Feature","geometry":{"type":"Polygon","coordinates":[[[101.49874710000006,16.579158866000057],[101.49872308600004,16.583834074000038],[101.50056118900005,16.587232313000072],[101.50121565800004,16.593226351000055],[101.50165116300008,16.600021625000068],[101.50048304000006,16.603383706000045],[101.49992044500004,16.608977380000056],[101.50173599700008,16.61154623300007],[101.50648668500008,16.616219774000058],[101.50794346700008,16.61672266200003],[101.51013850900006,16.61494428000003],[101.51204159700006,16.617622124000036],[101.51454850900006,16.61764190200006],[101.51856858500008,16.61918612000005],[101.52050994600006,16.616778401000033],[101.52455398000006,16.618075931000078],[101.52614579700008,16.620110607000072],[101.52624842100005,16.621723245000055],[101.52472797800004,16.627636623000058],[101.52310636800007,16.63288577000003],[101.51985235400008,16.636018096000043],[101.51709656700007,16.639471381000078],[101.51394912700005,16.641291935000027],[101.51335895300008,16.645128128000067],[101.51074631800009,16.64704057700004],[101.51171975000005,16.649045132000026],[101.50985355800003,16.652846671000077],[101.51006325600008,16.654116457000043],[101.50885875000006,16.65555852800003],[101.50893619200008,16.657229955000048],[101.51180709200008,16.662492327000052],[101.51279665800007,16.667248995000023],[101.51206577100004,16.669648938000023],[101.51381340000006,16.671288366000056],[101.51397423800006,16.672848934000058],[101.51174912400006,16.674360705000026],[101.51051927000003,16.676995076000026],[101.50826954900003,16.675073655000062],[101.50495887900007,16.674041139000053],[101.50193975000008,16.674692010000058],[101.49912359100006,16.67413040200006],[101.49164505200008,16.67463185300005],[101.48910901700003,16.67444732900003],[101.48242053200005,16.675389675000076],[101.47082981100004,16.679272195000067],[101.46302539600003,16.680206147000035],[101.46130446000006,16.680215098000076],[101.45792936100008,16.678087439000024],[101.45611822800004,16.678652558000067],[101.45391125100008,16.680602398000076],[101.45074493200008,16.680674476000036],[101.44794875400004,16.679914841000027],[101.44723152500006,16.68029881500007],[101.44723506900004,16.682689844000038],[101.44544061600004,16.684226557000045],[101.44352339900007,16.684440623000057],[101.44082050000009,16.68923744600005],[101.43799092500007,16.691959972000063],[101.43580189100004,16.693126456000073],[101.43365818300003,16.69254243200004],[101.43161308700007,16.690899511000055],[101.43096444400004,16.68814559300006],[101.43090231400004,16.685027154000068],[101.42997851300004,16.682240018000073],[101.42944918300009,16.678984737000064],[101.42796180000005,16.67711043500003],[101.42821858700006,16.675266172000022],[101.43056999100008,16.67205564900007],[101.42819253600004,16.66978285700003],[101.42620282000007,16.669373591000067],[101.42401512800006,16.666740795000067],[101.42018817400003,16.665234763000058],[101.41767148800005,16.66524724100003],[101.41361534200007,16.66386363500004],[101.40947058200004,16.663312374000043],[101.39923258000005,16.659762612000065],[101.39636796000008,16.65964494900004],[101.39298660900005,16.660649083000067],[101.38507334000008,16.661290974000053],[101.38482332600006,16.66224372000005],[101.38599738900007,16.664790707000066],[101.38626201800008,16.66712676700007],[101.38570429600009,16.670982079000055],[101.38326322800003,16.672951341000044],[101.38094513900006,16.674013289000072],[101.37725443400006,16.674659507000058],[101.37462560400007,16.673705229000063],[101.37115291400005,16.674101359000076],[101.36986522300003,16.673504093000076],[101.36881210300004,16.671601597000063],[101.36600034300005,16.670202369000037],[101.36269840900007,16.67089435200006],[101.36020099200005,16.672849808000024],[101.35960047000003,16.674272177000034],[101.35666158600009,16.67470766300005],[101.35542519400008,16.675749220000057],[101.35156665200009,16.67448059700007],[101.34857511100006,16.67479742100005],[101.34909251500005,16.67072846700006],[101.34867691500006,16.667342991000055],[101.34707939100008,16.665448483000034],[101.34554479400003,16.66562962300003],[101.34228581200006,16.664125742000067],[101.34015205100008,16.66253035400007],[101.33623092300007,16.663388198000064],[101.33238033500004,16.665285013000073],[101.32741608600008,16.664911047000032],[101.32717009700008,16.667146992000028],[101.32821445900004,16.66859607200007],[101.32862570100008,16.671704729000055],[101.32594743500005,16.673141014000066],[101.32007703700003,16.675063144000035],[101.31222734000005,16.676751783000043],[101.30418596300007,16.675250299000027],[101.29462200600005,16.67435713200007],[101.29003177400006,16.673596747000033],[101.28933375800005,16.67527876400004],[101.28706333900004,16.677283577000026],[101.28230920300007,16.675625443000058],[101.28158731000008,16.676095023000073],[101.27878999000006,16.675313784000025],[101.27598587700004,16.67620927400003],[101.27335646100005,16.67493796800005],[101.27033989600005,16.67514462400004],[101.26846414900007,16.673755564000032],[101.26865363400003,16.672628990000078],[101.26717422500008,16.671250774000043],[101.26479102800005,16.670818246000067],[101.26072072500006,16.66788577600005],[101.25829945600003,16.665030409000053],[101.25467886600006,16.665085143000056],[101.25215841700003,16.66352911900003],[101.25206229000008,16.662739868000074],[101.24820462400004,16.663051266000025],[101.24666223400004,16.661680429000057],[101.24783590300007,16.659721343000058],[101.24617724100005,16.65775985700003],[101.24481220000007,16.657711789000075],[101.24347886000004,16.656227992000026],[101.24388984600006,16.654314072000034],[101.24201120400005,16.65279804200003],[101.23917653500007,16.651529260000075],[101.23797484300007,16.652463029000046],[101.23464310900005,16.653064183000026],[101.23250577800007,16.65211484100007],[101.23055498800005,16.650211157000058],[101.23095504900004,16.649148514000046],[101.22996693100004,16.643601381000053],[101.22900617000005,16.641373677000047],[101.22655178200006,16.64092517100005],[101.22596036100003,16.639080406000062],[101.22397956500004,16.637274903000048],[101.22448677600005,16.636218400000075],[101.22228315100006,16.633483538000064],[101.22231570800005,16.632301578000067],[101.22413032900005,16.63098737200005],[101.22487478800008,16.62946415300007],[101.22390703500008,16.62864138900005],[101.22649741700008,16.62686439500004],[101.22854965200008,16.62734759500006],[101.23476910900007,16.623710518000053],[101.23626760300004,16.61945281100003],[101.23445997000005,16.615494795000075],[101.23248938200004,16.609539322000046],[101.23256344800006,16.60845755400004],[101.23091787800007,16.608145510000043],[101.23063501400009,16.604234750000046],[101.22932000700007,16.603682630000037],[101.22798330300009,16.600497164000046],[101.22664888800006,16.600228925000067],[101.22611601400007,16.59854391300007],[101.22456607200007,16.59881622100005],[101.22332269200007,16.595275247000075],[101.22365471000006,16.594156675000022],[101.22271652400008,16.592517130000033],[101.22135567100008,16.591993827000067],[101.22112442900004,16.589492777000032],[101.22633236100006,16.58839067100007],[101.22701695200004,16.588792519000037],[101.23126972900008,16.58875611800005],[101.23207361100003,16.590388036000036],[101.23395980700008,16.59228772800003],[101.23474038200004,16.596882521000055],[101.23738803600008,16.59619402800007],[101.23881984900004,16.596933978000038],[101.24296446100004,16.595991062000053],[101.24404894900005,16.597808459000078],[101.24624252500007,16.59853300700007],[101.24838826800004,16.60000524700007],[101.25029891600008,16.598474045000046],[101.25283310200007,16.59928291700004],[101.25329794700008,16.601410285000043],[101.25445527800008,16.601496368000028],[101.25469983100004,16.602771364000034],[101.25589473800005,16.602648961000057],[101.25703287900006,16.603849585000034],[101.25855255500005,16.60412915200004],[101.25882177300008,16.606332396000028],[101.26063659900007,16.60649623300003],[101.26386191500006,16.603741487000036],[101.26819309600006,16.604567892000034],[101.27062078900008,16.60792516500004],[101.27515421300006,16.60861171600004],[101.27752864500007,16.608633130000044],[101.27838599400008,16.60975369700003],[101.28153546300007,16.609285460000024],[101.28277840400006,16.609911012000055],[101.28515833300008,16.609358144000055],[101.28747018200005,16.61006908400003],[101.29020807200004,16.61026841100005],[101.29348768000006,16.609255588000053],[101.29491582500003,16.610778023000023],[101.29789899500008,16.610545970000032],[101.30476677100006,16.612952610000036],[101.30570941000008,16.61304704400004],[101.31013813600003,16.615034269000034],[101.31705311300004,16.613517901000023],[101.32260529200005,16.61357721400003],[101.32530089600004,16.612875005000035],[101.33084936600005,16.612679224000033],[101.33193233700007,16.61473987100004],[101.33392178600008,16.61467300100003],[101.34043100800005,16.616219498000078],[101.34467007800004,16.61674128100003],[101.34647070800008,16.61594042100006],[101.34666371200007,16.61403903300004],[101.34821910000005,16.614195668000036],[101.35077282600008,16.612838021000073],[101.35276361700005,16.61369335300003],[101.35166274100004,16.615222447000065],[101.35389862800008,16.614966546000062],[101.35524353400007,16.615728406000073],[101.35304517300006,16.61659362000006],[101.35431943300006,16.617661987000076],[101.35579747700007,16.616704167000023],[101.35649580700004,16.617317928000034],[101.36013667900005,16.61693841500005],[101.36168308500004,16.61635893600004],[101.36356860700005,16.618448455000078],[101.36547680700005,16.617181671000026],[101.36536628400006,16.615823439000053],[101.36653149300008,16.614638542000023],[101.36969995300007,16.613155833000064],[101.37303344500003,16.616890518000048],[101.37431712400007,16.616845096000077],[101.37847984000007,16.618332854000073],[101.37934759300003,16.616878042000053],[101.38249232100009,16.61678051100006],[101.38462088700004,16.617865651000045],[101.38806126100008,16.618255232000024],[101.38893093200005,16.619287883000027],[101.39233777100009,16.620400190000055],[101.39356940000005,16.619603296000037],[101.39457865900005,16.621282447000056],[101.39691886600008,16.620444210000073],[101.39654708900008,16.621820483000022],[101.40114257900007,16.62072818100006],[101.40417027800004,16.618984659000034],[101.40668298400004,16.62006087000003],[101.40831922500007,16.619183201000055],[101.41069628200006,16.619883581000067],[101.41253941400004,16.619287230000054],[101.41418067900008,16.62066168100006],[101.41760195400008,16.62193516800005],[101.41927615500003,16.62175373200006],[101.42098853200008,16.622650401000044],[101.42229152100003,16.624321389000045],[101.42483761100004,16.625532043000078],[101.42663407800006,16.62747510400004],[101.42624289500009,16.628910790000077],[101.42724947900007,16.632069539000042],[101.42919843200008,16.63356001300002],[101.43424939700009,16.63331535100002],[101.43747097300007,16.63361473200007],[101.44022377100003,16.63281379800003],[101.44241654500007,16.630772157000024],[101.44247470700009,16.627338532000067],[101.44124384600008,16.62285756700004],[101.43996399600007,16.622296196000036],[101.44121653100007,16.620210538000038],[101.44068946200008,16.618130945000075],[101.43963959300004,16.61711077900003],[101.43926799100007,16.614794028000063],[101.44000781000005,16.611886535000053],[101.43852109300008,16.610719346000053],[101.44072268800005,16.60873329100002],[101.44035159900005,16.60775570100003],[101.44303535000006,16.607521458000065],[101.44360463300006,16.60678377200003],[101.44910519600006,16.606266597000058],[101.45006729500005,16.60577266400003],[101.45127092600006,16.60286575200007],[101.45058845300008,16.601876376000064],[101.45029492700007,16.598961201000066],[101.45252245200004,16.59728617600007],[101.45242410100008,16.59639420600007],[101.45599269300004,16.596096370000055],[101.45940082200008,16.598998950000066],[101.46205623600008,16.60017405700006],[101.46372652900004,16.598731696000073],[101.46564684500004,16.599806709000063],[101.46742423600006,16.597840364000035],[101.46889535600008,16.59748350500007],[101.46866779100009,16.59621210100005],[101.46990792300005,16.59465620700007],[101.47112271400005,16.595300966000025],[101.47462599800008,16.59466140400002],[101.47581755300007,16.59317860400006],[101.47818604200006,16.592562411000074],[101.47952334200005,16.59014638800005],[101.48260530500005,16.58921444200007],[101.48485793400005,16.59041355900007],[101.48688521600008,16.586287044000073],[101.48791440700006,16.58668687200003],[101.48818527100008,16.58512028100006],[101.48936465000008,16.585462806000066],[101.49026732500005,16.587293652000028],[101.49141039900007,16.58575870100003],[101.49350162100006,16.586759120000067],[101.49300554600006,16.58476223200006],[101.49385852500006,16.583781310000063],[101.49366396400006,16.581175291000022],[101.49478806500008,16.579596442000025],[101.49608558800008,16.580563037000047],[101.49661969100003,16.57874789500005],[101.49874710000006,16.579158866000057]]]},"properties":{"Shape_Leng":1.04732786001,"Shape_Area":0.0177971529858,"ADM3_EN":"Ban Klang","ADM3_TH":"บ้านกลาง","ADM3_PCODE":"TH670319","ADM2_EN":"Lom Sak","ADM2_TH":"หล่มสัก","ADM2_PCODE":"TH6703","ADM1_EN":"Phetchabun","ADM1_TH":"เพชรบูรณ์","ADM1_PCODE":"TH67","ADM0_EN":"Thailand","ADM0_TH":"ประเทศไทย","ADM0_PCODE":"TH"}},
{"type":"Feature","geometry":{"type":"Polygon","coordinates":[[[101.21307045300006,16.550713615000063],[101.21499511700006,16.55089496900007],[101.22685827000004,16.549787081000034],[101.22877509100005,16.547761093000076],[101.23112865200005,16.547497469000064],[101.23393256500003,16.548331421000057],[101.23396193400004,16.54646004800003],[101.23658772100003,16.548656307000044],[101.24153986300007,16.550514989000078],[101.24442057400006,16.54914007700006],[101.24756663100004,16.549602479000043],[101.25070723500005,16.54757159600007],[101.25323823000008,16.550839739000025],[101.25493685000004,16.551061099000037],[101.25624151800008,16.55232293200004],[101.25893034400008,16.55079415600005],[101.25931947900006,16.551391803000058],[101.26288379400006,16.55234891300006],[101.26499685900006,16.555171417000054],[101.26857496900004,16.556314618000044],[101.27025345100009,16.55580574100003],[101.27084148700004,16.55452092400003],[101.27194505100005,16.554817171000025],[101.27332176600004,16.553715471000032],[101.27382288600006,16.55552156300007],[101.27571865100003,16.554995622000035],[101.27984340400008,16.55474299100007],[101.27989612300007,16.55386610900007],[101.28477723100008,16.55187627600003],[101.28659821600007,16.552849226000035],[101.28727859500003,16.55144789800005],[101.29008614400004,16.549928580000028],[101.29186350200007,16.550124862000075],[101.29468121700006,16.548658115000023],[101.29521981200008,16.54733352100004],[101.29847113900007,16.545923903000073],[101.30001508500004,16.54573533200005],[101.30107509800007,16.546734784000023],[101.30381805700006,16.547568177000073],[101.30566128700008,16.549426981000067],[101.30879044600005,16.549180570000033],[101.31228392700007,16.549905010000032],[101.31482185800007,16.548004646000038],[101.31773519300003,16.547376365000048],[101.31960936500008,16.548038806000022],[101.32333457500005,16.548351468000078],[101.32491069900004,16.550069312000062],[101.32664161800005,16.550498627000024],[101.32876807000008,16.553239784000027],[101.33126241000008,16.554847520000067],[101.33425990300003,16.554873130000033],[101.33663553400004,16.556572107000022],[101.34233026600003,16.55893069600006],[101.34342409400006,16.56113946800002],[101.34692771300007,16.560126252000032],[101.34783586600008,16.56143581400005],[101.35266995700005,16.561172035000027],[101.35503149800007,16.56000712900004],[101.35780232600007,16.56132480100007],[101.35766585300007,16.562912294000057],[101.35435862200006,16.565554862000056],[101.35420118400003,16.568889359000025],[101.35489257500006,16.57021430800006],[101.35733508100009,16.571761756000058],[101.35818280000007,16.57517494900003],[101.35958910100004,16.57588093000004],[101.36075655400003,16.578033435000066],[101.36007643200008,16.581192174000023],[101.36051832900006,16.582644018000053],[101.36496055800006,16.58536828000007],[101.36680913900005,16.588005533000057],[101.36649482700005,16.590085524000074],[101.36825326200005,16.592441380000025],[101.36964277800007,16.59316623600006],[101.37404756000007,16.59280146800006],[101.37643320000006,16.59199853100006],[101.37864797400005,16.593719751000037],[101.38020889200004,16.594051270000023],[101.38268782700004,16.59341708900007],[101.38686981700005,16.59418694200002],[101.39166961900008,16.594535656000062],[101.39555133300007,16.59364794100003],[101.39997671000003,16.59365733900006],[101.40135299100007,16.59435299100005],[101.40646143200007,16.594824181000035],[101.40814089700007,16.59574043600003],[101.41163558200009,16.600834839000072],[101.41310719700004,16.600581928000054],[101.41479571100007,16.602168364000022],[101.41678886400007,16.60293757000005],[101.41841751800007,16.60561997700006],[101.42152456700006,16.606474691000074],[101.42280292800007,16.605559498000048],[101.42430808300008,16.60748697300005],[101.42716676100008,16.606701174000023],[101.42754827800007,16.609684569000024],[101.43157643100005,16.609465818000047],[101.43467217700004,16.60821798300003],[101.43587761600008,16.60962638600006],[101.43769389500005,16.608883271000025],[101.44072268800005,16.60873329100002],[101.43852109300008,16.610719346000053],[101.44000781000005,16.611886535000053],[101.43926799100007,16.614794028000063],[101.43963959300004,16.61711077900003],[101.44068946200008,16.618130945000075],[101.44121653100007,16.620210538000038],[101.43996399600007,16.622296196000036],[101.44124384600008,16.62285756700004],[101.44247470700009,16.627338532000067],[101.44241654500007,16.630772157000024],[101.44022377100003,16.63281379800003],[101.43747097300007,16.63361473200007],[101.43424939700009,16.63331535100002],[101.42919843200008,16.63356001300002],[101.42724947900007,16.632069539000042],[101.42624289500009,16.628910790000077],[101.42663407800006,16.62747510400004],[101.42483761100004,16.625532043000078],[101.42229152100003,16.624321389000045],[101.42098853200008,16.622650401000044],[101.41927615500003,16.62175373200006],[101.41760195400008,16.62193516800005],[101.41418067900008,16.62066168100006],[101.41253941400004,16.619287230000054],[101.41069628200006,16.619883581000067],[101.40831922500007,16.619183201000055],[101.40668298400004,16.62006087000003],[101.40417027800004,16.618984659000034],[101.40114257900007,16.62072818100006],[101.39654708900008,16.621820483000022],[101.39691886600008,16.620444210000073],[101.39457865900005,16.621282447000056],[101.39356940000005,16.619603296000037],[101.39233777100009,16.620400190000055],[101.38893093200005,16.619287883000027],[101.38806126100008,16.618255232000024],[101.38462088700004,16.617865651000045],[101.38249232100009,16.61678051100006],[101.37934759300003,16.616878042000053],[101.37847984000007,16.618332854000073],[101.37431712400007,16.616845096000077],[101.37303344500003,16.616890518000048],[101.36969995300007,16.613155833000064],[101.36653149300008,16.614638542000023],[101.36536628400006,16.615823439000053],[101.36547680700005,16.617181671000026],[101.36356860700005,16.618448455000078],[101.36168308500004,16.61635893600004],[101.36013667900005,16.61693841500005],[101.35649580700004,16.617317928000034],[101.35579747700007,16.616704167000023],[101.35431943300006,16.617661987000076],[101.35304517300006,16.61659362000006],[101.35524353400007,16.615728406000073],[101.35389862800008,16.614966546000062],[101.35166274100004,16.615222447000065],[101.35276361700005,16.61369335300003],[101.35077282600008,16.612838021000073],[101.34821910000005,16.614195668000036],[101.34666371200007,16.61403903300004],[101.34647070800008,16.61594042100006],[101.34467007800004,16.61674128100003],[101.34043100800005,16.616219498000078],[101.33392178600008,16.61467300100003],[101.33193233700007,16.61473987100004],[101.33084936600005,16.612679224000033],[101.32530089600004,16.612875005000035],[101.32260529200005,16.61357721400003],[101.31705311300004,16.613517901000023],[101.31013813600003,16.615034269000034],[101.30570941000008,16.61304704400004],[101.30476677100006,16.612952610000036],[101.29789899500008,16.610545970000032],[101.29491582500003,16.610778023000023],[101.29348768000006,16.609255588000053],[101.29020807200004,16.61026841100005],[101.28747018200005,16.61006908400003],[101.28515833300008,16.609358144000055],[101.28277840400006,16.609911012000055],[101.28153546300007,16.609285460000024],[101.27838599400008,16.60975369700003],[101.27752864500007,16.608633130000044],[101.27515421300006,16.60861171600004],[101.27062078900008,16.60792516500004],[101.26819309600006,16.604567892000034],[101.26386191500006,16.603741487000036],[101.26063659900007,16.60649623300003],[101.25882177300008,16.606332396000028],[101.25855255500005,16.60412915200004],[101.25703287900006,16.603849585000034],[101.25589473800005,16.602648961000057],[101.25469983100004,16.602771364000034],[101.25445527800008,16.601496368000028],[101.25329794700008,16.601410285000043],[101.25283310200007,16.59928291700004],[101.25029891600008,16.598474045000046],[101.24838826800004,16.60000524700007],[101.24624252500007,16.59853300700007],[101.24404894900005,16.597808459000078],[101.24296446100004,16.595991062000053],[101.23881984900004,16.596933978000038],[101.23738803600008,16.59619402800007],[101.23474038200004,16.596882521000055],[101.23395980700008,16.59228772800003],[101.23207361100003,16.590388036000036],[101.23126972900008,16.58875611800005],[101.22701695200004,16.588792519000037],[101.22633236100006,16.58839067100007],[101.22112442900004,16.589492777000032],[101.21936522000004,16.588564293000047],[101.21894586300004,16.586420556000064],[101.21926707100005,16.583646757000054],[101.21824802200007,16.582838768000045],[101.21472339700006,16.58265516000006],[101.20790990300009,16.58330275900005],[101.20696041000008,16.58193165600005],[101.20521565000007,16.58123407900007],[101.20808200900007,16.579193823000026],[101.20762893800008,16.576987295000038],[101.21108038900007,16.57593601700006],[101.21288803300007,16.57729312400005],[101.21582562400005,16.577408587000036],[101.21591648600008,16.574848848000045],[101.21878202500005,16.57285567300005],[101.21905526600005,16.570156998000073],[101.22007038600003,16.568761626000025],[101.21912586700006,16.567293276000044],[101.21908238500004,16.565621719000035],[101.21751013600004,16.564579519000063],[101.21722667400007,16.560790949000022],[101.21607582100006,16.55945265400004],[101.21579609600008,16.556760229000076],[101.21441039600006,16.555020022000065],[101.21377111800007,16.55294656500007],[101.21418257200008,16.55175910500003],[101.21307045300006,16.550713615000063]]]},"properties":{"Shape_Leng":0.717186744834,"Shape_Area":0.00975293542227,"ADM3_EN":"Chang Talut","ADM3_TH":"ช้างตะลูด","ADM3_PCODE":"TH670320","ADM2_EN":"Lom Sak","ADM2_TH":"หล่มสัก","ADM2_PCODE":"TH6703","ADM1_EN":"Phetchabun","ADM1_TH":"เพชรบูรณ์","ADM1_PCODE":"TH67","ADM0_EN":"Thailand","ADM0_TH":"ประเทศไทย","ADM0_PCODE":"TH"}},
{"type":"Feature","geometry":{"type":"Polygon","coordinates":[[[101.22976421800007,16.69224808100006],[101.23824433800007,16.687530286000026],[101.23816149100008,16.687226681000027],[101.22936825200009,16.68592731600006],[101.22114101700004,16.665181148000045],[101.21575168600003,16.653345178000052],[101.21366560100006,16.65071920500003],[101.21303039100007,16.648208331000035],[101.21124788800006,16.647608862000027],[101.21355400800007,16.64537769900005],[101.21430756800004,16.64302974700007],[101.21686064400006,16.64509790900007],[101.21597540500005,16.640573611000036],[101.21510716000006,16.63809693500002],[101.21381306800004,16.63638995200006],[101.21494537400008,16.635193626000046],[101.21430737200006,16.634409885000025],[101.21182513000008,16.63476972600006],[101.21380910200008,16.63357871200003],[101.21201929800009,16.632254811000053],[101.20855298900005,16.633390448000057],[101.20884395100006,16.631825435000053],[101.21009293400004,16.630358510000065],[101.20838274500005,16.62874803400007],[101.20913945900008,16.626676674000066],[101.20814242600005,16.625750265000022],[101.20647783000004,16.625899891000074],[101.20825224500004,16.623274528000024],[101.20759840400007,16.622050038000054],[101.20634440100008,16.62196288800004],[101.20661398300007,16.61989204100007],[101.20511326800005,16.618597240000042],[101.20656672900009,16.618227407000063],[101.20648078300007,16.61705873300002],[101.20341917700006,16.616155888000037],[101.20311506400009,16.61509754800005],[101.20482585700006,16.61264555500003],[101.20279127500004,16.612019838000037],[101.20073359100007,16.60907054300003],[101.20173703300009,16.608464396000045],[101.20030066900006,16.606314799000074],[101.20344240500003,16.604766830000074],[101.20233313200004,16.602416754000046],[101.20258118800007,16.601431038000044],[101.20526919800005,16.601383120000037],[101.20544849800007,16.600109275000023],[101.20425523900008,16.598340243000052],[101.20538229500005,16.59651261600004],[101.20438455600004,16.595331360000046],[101.20480440000006,16.591530497000065],[101.20426549700005,16.589303028000074],[101.20226321500007,16.587438167000073],[101.20259643200006,16.58508979100003],[101.20466333100006,16.584232884000073],[101.20589238500008,16.58539713400006],[101.20772075100007,16.585035477000076],[101.20790990300009,16.58330275900005],[101.21472339700006,16.58265516000006],[101.21824802200007,16.582838768000045],[101.21926707100005,16.583646757000054],[101.21894586300004,16.586420556000064],[101.21936522000004,16.588564293000047],[101.22112442900004,16.589492777000032],[101.22135567100008,16.591993827000067],[101.22271652400008,16.592517130000033],[101.22365471000006,16.594156675000022],[101.22332269200007,16.595275247000075],[101.22456607200007,16.59881622100005],[101.22611601400007,16.59854391300007],[101.22664888800006,16.600228925000067],[101.22798330300009,16.600497164000046],[101.22932000700007,16.603682630000037],[101.23063501400009,16.604234750000046],[101.23091787800007,16.608145510000043],[101.23256344800006,16.60845755400004],[101.23248938200004,16.609539322000046],[101.23445997000005,16.615494795000075],[101.23626760300004,16.61945281100003],[101.23476910900007,16.623710518000053],[101.22854965200008,16.62734759500006],[101.22649741700008,16.62686439500004],[101.22390703500008,16.62864138900005],[101.22487478800008,16.62946415300007],[101.22413032900005,16.63098737200005],[101.22231570800005,16.632301578000067],[101.22228315100006,16.633483538000064],[101.22448677600005,16.636218400000075],[101.22397956500004,16.637274903000048],[101.22596036100003,16.639080406000062],[101.22655178200006,16.64092517100005],[101.22900617000005,16.641373677000047],[101.22996693100004,16.643601381000053],[101.23095504900004,16.649148514000046],[101.23055498800005,16.650211157000058],[101.23250577800007,16.65211484100007],[101.23464310900005,16.653064183000026],[101.23797484300007,16.652463029000046],[101.24026952000008,16.664132680000023],[101.24199939400006,16.670349298000076],[101.24330590400007,16.676768431000028],[101.24570602500006,16.68655540700007],[101.24646152700006,16.69129281100004],[101.22976421800007,16.69224808100006]]]},"properties":{"Shape_Leng":0.35133389401,"Shape_Area":0.0021209889318,"ADM3_EN":"Ban Rai","ADM3_TH":"บ้านไร่","ADM3_PCODE":"TH670321","ADM2_EN":"Lom Sak","ADM2_TH":"หล่มสัก","ADM2_PCODE":"TH6703","ADM1_EN":"Phetchabun","ADM1_TH":"เพชรบูรณ์","ADM1_PCODE":"TH67","ADM0_EN":"Thailand","ADM0_TH":"ประเทศไทย","ADM0_PCODE":"TH"}},
{"type":"Feature","geometry":{"type":"Polygon","coordinates":[[[101.23841388200003,16.729869407000024],[101.23703103800005,16.729192174000048],[101.23857834700004,16.727009390000035],[101.23635288300005,16.726343967000048],[101.23686780400004,16.723439833000043],[101.23460622100004,16.722970576000023],[101.23436371900004,16.722017572000027],[101.23640654300004,16.721112753000057],[101.23625772800006,16.719313358000022],[101.23519776400008,16.71770822800005],[101.23560504600005,16.715118972000027],[101.23479423100008,16.713571543000057],[101.23355149000008,16.713298294000026],[101.23204159100004,16.714319700000033],[101.23122519300006,16.713645146000033],[101.23076034600007,16.711337549000064],[101.22883013100005,16.708909405000043],[101.22626624000009,16.707788450000066],[101.22895571500004,16.705277059000025],[101.23146944100006,16.70437578700006],[101.23684544900004,16.70317322300002],[101.23863801800007,16.701953201000038],[101.24270218700008,16.701310556000067],[101.24641159800007,16.69938279300004],[101.24777039800006,16.701507117000062],[101.25178497900004,16.701903663000053],[101.25378416800004,16.70276123000002],[101.25902555000005,16.70290030600006],[101.26077258300006,16.70700623500005],[101.26129086800006,16.710216265000042],[101.25977871600008,16.712914282000042],[101.25793942300004,16.713263575000042],[101.25864207300003,16.71679956500003],[101.25798650200005,16.71844567000005],[101.25863377600007,16.720555570000045],[101.25819660900004,16.722936016000062],[101.26204043100006,16.722520925000026],[101.26307400600007,16.723411381000062],[101.26400226200008,16.72742273500006],[101.24515234500006,16.726490115000047],[101.24092406600005,16.72733302000006],[101.23841388200003,16.729869407000024]]]},"properties":{"Shape_Leng":0.133758405483,"Shape_Area":0.000675506126907,"ADM3_EN":"Pak Duk","ADM3_TH":"ปากดุก","ADM3_PCODE":"TH670322","ADM2_EN":"Lom Sak","ADM2_TH":"หล่มสัก","ADM2_PCODE":"TH6703","ADM1_EN":"Phetchabun","ADM1_TH":"เพชรบูรณ์","ADM1_PCODE":"TH67","ADM0_EN":"Thailand","ADM0_TH":"ประเทศไทย","ADM0_PCODE":"TH"}},
{"type":"Feature","geometry":{"type":"Polygon","coordinates":[[[101.26350145000004,16.746491830000025],[101.26628019200007,16.74537771400003],[101.26786047000007,16.746095122000042],[101.26961358700004,16.74588390300005],[101.26947881600006,16.745008351000024],[101.27404121200004,16.744110353000053],[101.27611228300003,16.745460300000047],[101.28202810900007,16.744619623000062],[101.28762606700008,16.744243961000052],[101.29248753800005,16.742098999000063],[101.29481544600009,16.741480396000043],[101.30073878100006,16.740975380000066],[101.30976351700008,16.739769376000027],[101.31328254200008,16.73772847600003],[101.31667057400006,16.738905087000035],[101.31808269000004,16.73999344200007],[101.32041827700004,16.74074002800006],[101.32225100800008,16.739419681000072],[101.32614879800008,16.73959272600007],[101.32786295400007,16.739173408000056],[101.32898017600007,16.737223105000055],[101.32951285800004,16.73831049000006],[101.33143634700008,16.739315731000033],[101.33343424200007,16.74328882800006],[101.33686384900005,16.742335884000056],[101.33892729400009,16.742231489000062],[101.33880696200004,16.743223552000075],[101.33315150600004,16.743917175000036],[101.33134869200006,16.744719450000048],[101.32888283700004,16.746735104000038],[101.32731721900007,16.750990819000037],[101.32925328700009,16.75248846200003],[101.32823206800003,16.754919027000028],[101.32458878200003,16.757095399000036],[101.32403771900005,16.761151390000066],[101.32113468500006,16.761625148000064],[101.31591598300008,16.764048133000074],[101.31569580100006,16.763364151000076],[101.31047636100004,16.76306238500007],[101.30897602200008,16.76428559200002],[101.30530937500004,16.765034453000055],[101.30275871100008,16.767969141000037],[101.30091519200005,16.77099717400006],[101.30118394400006,16.77447082900005],[101.30079585100003,16.77585053100006],[101.29887194500009,16.777257862000056],[101.29790063100006,16.777184143000056],[101.29613785700008,16.77881811000003],[101.29495067400006,16.78239977100003],[101.29296121400006,16.786784929000078],[101.29199207300007,16.787861547000034],[101.29175808100007,16.789911435000022],[101.29283791400007,16.792772194000065],[101.28968016800007,16.79050723200004],[101.28287014200004,16.789171976000034],[101.28081453100003,16.78978971500004],[101.27825822500006,16.78803709500005],[101.27782560300005,16.786640818000024],[101.27572593900004,16.78449217800005],[101.27647018100004,16.78246652200005],[101.27539425600008,16.78210971200002],[101.27481496300004,16.77809516600007],[101.27307702500008,16.77793348700004],[101.27113484600005,16.77626305000007],[101.27132389900004,16.775390971000036],[101.26957382900008,16.773597352000024],[101.26839287700005,16.76815632200004],[101.26737480100007,16.766336528000068],[101.26600253500004,16.762045425000053],[101.26436016700006,16.75933088000005],[101.26174231900006,16.760898474000044],[101.25779822800007,16.761011105000023],[101.25988006700004,16.74899627900004],[101.26375781000007,16.748281788000043],[101.26350145000004,16.746491830000025]]]},"properties":{"Shape_Leng":0.255643738723,"Shape_Area":0.00211525269846,"ADM3_EN":"Ban Wai","ADM3_TH":"บ้านหวาย","ADM3_PCODE":"TH670323","ADM2_EN":"Lom Sak","ADM2_TH":"หล่มสัก","ADM2_PCODE":"TH6703","ADM1_EN":"Phetchabun","ADM1_TH":"เพชรบูรณ์","ADM1_PCODE":"TH67","ADM0_EN":"Thailand","ADM0_TH":"ประเทศไทย","ADM0_PCODE":"TH"}},
{"type":"Feature","geometry":{"type":"Polygon","coordinates":[[[101.28366300900007,16.92006507900004],[101.28116281400008,16.920453735000024],[101.27769117200006,16.91934292800005],[101.27395242400007,16.919082338000067],[101.26622144600003,16.91922373700004],[101.25954885100003,16.919843397000022],[101.25619507600004,16.920441267000058],[101.25353089200007,16.919686526000078],[101.25115243400006,16.920076884000025],[101.24472153800008,16.91860306700005],[101.24171607200009,16.91860454500005],[101.23957860900003,16.919676473000038],[101.23374844600005,16.919563906000064],[101.22272763400008,16.91897223500007],[101.21832925400008,16.919480303000057],[101.21787242500005,16.91828207700007],[101.21474652200004,16.91814424200004],[101.21563032600005,16.915379603000076],[101.21418685900005,16.91229147000007],[101.21496103700008,16.91097990700007],[101.21446629000008,16.908342464000043],[101.21259514100007,16.905228746000034],[101.21222268100007,16.902115552000055],[101.21017166400009,16.899147355000025],[101.20643990800005,16.896701583000038],[101.20309725900006,16.895003142000064],[101.20195483400005,16.895479241000032],[101.19919377900004,16.89403783100005],[101.19986513900005,16.891070115000048],[101.20271600000007,16.886947235000036],[101.20387285300006,16.883653553000045],[101.20506422700004,16.881990277000057],[101.20736318200005,16.880120689000023],[101.21476632900004,16.87863991300003],[101.22415004800007,16.877455390000023],[101.22498039700008,16.873811932000024],[101.22287097300006,16.87258558800005],[101.22255941700007,16.86963146200003],[101.22115942800008,16.86847290000003],[101.22179426400004,16.86621589500004],[101.22510470100008,16.86578563200004],[101.22944126600004,16.866064490000042],[101.23586328300007,16.865517010000076],[101.24426473300008,16.866549312000075],[101.25285391400007,16.86865679500005],[101.25424712700004,16.870098995000035],[101.25633162200006,16.874897686000054],[101.26126322600004,16.878408980000074],[101.26330639200006,16.88074898700006],[101.26544955700007,16.881300214000078],[101.26580072600007,16.882580923000035],[101.26733318400005,16.883374375000074],[101.26884714100004,16.887395671000036],[101.26883570300004,16.88989070300005],[101.27025987400003,16.890783417000023],[101.27065791400008,16.892503271000066],[101.26963930500006,16.89346850000004],[101.27102688100007,16.895571061000055],[101.27036925500005,16.898116493000032],[101.27099036600004,16.89943278100003],[101.26987484100005,16.900501130000066],[101.27034160800008,16.902540084000066],[101.27428849600005,16.904457260000072],[101.27606435700005,16.90870241600004],[101.27518217000005,16.909461746000034],[101.27595972500006,16.91171978600005],[101.27726168200007,16.913341132000028],[101.27998656100004,16.914739379000025],[101.28146488900006,16.917559466000057],[101.28366300900007,16.92006507900004]]]},"properties":{"Shape_Leng":0.255407620003,"Shape_Area":0.00298641512503,"ADM3_EN":"Lom Kao","ADM3_TH":"หล่มเก่า","ADM3_PCODE":"TH670401","ADM2_EN":"Lom Kao","ADM2_TH":"หล่มเก่า","ADM2_PCODE":"TH6704","ADM1_EN":"Phetchabun","ADM1_TH":"เพชรบูรณ์","ADM1_PCODE":"TH67","ADM0_EN":"Thailand","ADM0_TH":"ประเทศไทย","ADM0_PCODE":"TH"}},
{"type":"Feature","geometry":{"type":"Polygon","coordinates":[[[101.28705370700004,17.016407754000056],[101.28643701300007,17.018020186000058],[101.28339838600004,17.018705844000067],[101.27927321200008,17.021868639000047],[101.27625082100008,17.026541804000033],[101.27459177600008,17.029762145000063],[101.27317300900006,17.03413418300005],[101.26975466000005,17.03791869300005],[101.26926079600008,17.040145859000063],[101.26662465200008,17.04309392400006],[101.26597813100005,17.045120822000058],[101.26167788900005,17.047264261000066],[101.25788589900009,17.05132012000007],[101.25415853100009,17.052387760000045],[101.25159291000006,17.057737062000058],[101.24668980500007,17.06225976500002],[101.23784605300006,17.068545795000034],[101.23255186300008,17.07100718600003],[101.22959702800006,17.074744406000036],[101.22623441800005,17.075855975000025],[101.22738690200003,17.07417210500006],[101.22718061100005,17.07205694000004],[101.22893152900008,17.069454841000038],[101.22863817100006,17.064810025000043],[101.22402935300005,17.062600126000063],[101.22275734200008,17.060620565000022],[101.22125354500008,17.059930423000026],[101.21978277200009,17.060918702000038],[101.21838004800009,17.06056850500005],[101.21416936200006,17.062872511000023],[101.21012428200004,17.066040454000074],[101.20909675600006,17.067786627000032],[101.20519220900007,17.06871268900005],[101.20048074700009,17.06835307700004],[101.19745720600008,17.067604146000065],[101.19564335900009,17.066643416000034],[101.18843519100005,17.06596998200007],[101.18679583700003,17.064573728000028],[101.18065722700004,17.05769798400007],[101.17852058100004,17.055921197000032],[101.17272237600008,17.053738361000057],[101.17133710900004,17.051091729000063],[101.17021071400006,17.046133057000077],[101.17035937100007,17.042033481000033],[101.16968335800004,17.039295382000034],[101.16717565300007,17.037373849000062],[101.15607196900004,17.03446468100003],[101.16459218700004,17.026664176000054],[101.16751244200003,17.022536461000072],[101.17327090200007,17.010930082000073],[101.17430966900008,17.007774134000044],[101.17421242900008,17.002098458000034],[101.17451748900004,16.998030968000023],[101.17612541900007,16.992964275000077],[101.17693760500003,16.986426702000074],[101.17953336400006,16.984624213000075],[101.18446646000007,16.983460716000025],[101.18806674800004,16.98302176900006],[101.19138333500007,16.982122738000044],[101.19511590800005,16.97960409700005],[101.19721335200006,16.977013405000037],[101.20379421900009,16.972180152000078],[101.20748768900006,16.971828042000027],[101.21000306500008,16.97427512300004],[101.21229275800005,16.977381949000062],[101.21379126200009,16.980069709000077],[101.21217280800005,16.980744037000022],[101.21534500900003,16.982667341000024],[101.21485537700005,16.985137223000038],[101.21283092200008,16.987515174000066],[101.21622814900007,16.988115255000025],[101.21761044600004,16.98886934500007],[101.21697514700008,16.990406751000023],[101.21949755700007,16.991724349000037],[101.21827613500005,16.994141177000074],[101.21885338100009,16.995060430000024],[101.22117349500007,16.994832965000057],[101.22236741600005,16.996161389000065],[101.21979521500003,16.99684022400004],[101.21994835400005,16.998436600000048],[101.22275857800008,16.998968657000034],[101.22945766000004,16.999197929000047],[101.23222721200005,16.99874406600003],[101.24064696400006,16.999907009000026],[101.24438516200007,17.00268113100003],[101.24658205400004,17.00544908100005],[101.25028589700008,17.004593059000058],[101.25125577200004,17.008271223000065],[101.25254057000006,17.00905742200007],[101.25320685700007,17.008285814000033],[101.25625268800007,17.008781098000043],[101.25751540100003,17.01033991500003],[101.25848794000007,17.009864046000075],[101.26199289600004,17.01192208300006],[101.26316374900006,17.01128312700007],[101.26549237200004,17.012090492000027],[101.26611073800007,17.010264896000024],[101.26760480700005,17.010917445000075],[101.27009776000006,17.007677926000042],[101.27099912800008,17.007778776000066],[101.27379075900006,17.00632950000005],[101.27547326100006,17.008163013000058],[101.27572644100007,17.00942131200003],[101.27825050300004,17.012111333000064],[101.27940662300006,17.01480839100003],[101.28239765400008,17.01555271500007],[101.28464399700005,17.016827963000026],[101.28705370700004,17.016407754000056]]]},"properties":{"Shape_Leng":0.424946411163,"Shape_Area":0.00704407594836,"ADM3_EN":"Na Sam","ADM3_TH":"นาซำ","ADM3_PCODE":"TH670402","ADM2_EN":"Lom Kao","ADM2_TH":"หล่มเก่า","ADM2_PCODE":"TH6704","ADM1_EN":"Phetchabun","ADM1_TH":"เพชรบูรณ์","ADM1_PCODE":"TH67","ADM0_EN":"Thailand","ADM0_TH":"ประเทศไทย","ADM0_PCODE":"TH"}},
{"type":"Feature","geometry":{"type":"Polygon","coordinates":[[[101.31465479300005,16.92189524500003],[101.31618017400007,16.924216975000036],[101.31600311800008,16.92658325600007],[101.31918011600004,16.928617030000055],[101.31910074500007,16.929588468000077],[101.31669982800008,16.930423742000073],[101.31647115800007,16.931200396000065],[101.31260906700004,16.933707517000073],[101.31374453000006,16.935031926000022],[101.31516711900008,16.935205207000024],[101.31453346500007,16.937171384000067],[101.31187787200008,16.938121977000037],[101.31017368800008,16.937964564000026],[101.30757815900006,16.935321465000072],[101.30074311800007,16.937800467000045],[101.29981767300006,16.939270819000058],[101.30016659300009,16.940420611000036],[101.30391948300007,16.94102583600005],[101.30531666900004,16.94281626000003],[101.30577446000007,16.944692031000045],[101.30358980500006,16.94582469200003],[101.30217003400008,16.944864808000034],[101.30090856500004,16.94536470500003],[101.29674353300004,16.943377918000067],[101.29292573200007,16.94320012000003],[101.29249036800007,16.94449628600006],[101.29476409700004,16.948746551000056],[101.29376643100005,16.952028966000057],[101.29433328700009,16.953230520000034],[101.29280962900003,16.95643192600005],[101.29283914700005,16.957748921000075],[101.29769642600007,16.958357052000053],[101.29809008300003,16.959022571000048],[101.29604967300008,16.962866726000073],[101.29407345700008,16.96399196400006],[101.29315328500007,16.96360233200005],[101.29146480000009,16.964608084000076],[101.29105689300007,16.966389099000025],[101.29198084100005,16.967051274000028],[101.29129562600008,16.969114511000043],[101.29286433300007,16.969381767000073],[101.29310480700008,16.971283011000025],[101.29490354800004,16.97285769800004],[101.29637892800008,16.972637087000066],[101.29798498600007,16.973988005000024],[101.29931668900008,16.974104944000032],[101.29715582200004,16.970884691000037],[101.29833808600006,16.968865460000075],[101.30039775300008,16.967655845000024],[101.30241456900006,16.96957711500005],[101.30411718800008,16.969420984000067],[101.30464833800005,16.97024017500007],[101.30449355600007,16.972755929000073],[101.30573503500005,16.973852943000054],[101.30561404900004,16.975960299000064],[101.30723796900008,16.977208219000033],[101.30712559000006,16.97860688000003],[101.30887845400008,16.97965022900007],[101.30946713000009,16.980918234000058],[101.31166606100004,16.98314849600007],[101.31109797600004,16.985128248000024],[101.30112563700004,16.988705586000037],[101.30021659200008,16.991695719000063],[101.29723188900005,16.992560095000044],[101.29651144300004,16.994034655000064],[101.29813564100004,16.99600022100003],[101.30018871900006,16.996829138000066],[101.30009033000005,16.99816085200007],[101.30110852100006,16.99940318800003],[101.29882817300006,17.001224260000072],[101.29878688000008,17.007078964000073],[101.29773261300005,17.009039422000058],[101.28942514900007,17.01335954800004],[101.28705370700004,17.016407754000056],[101.28464399700005,17.016827963000026],[101.28239765400008,17.01555271500007],[101.27940662300006,17.01480839100003],[101.27825050300004,17.012111333000064],[101.27572644100007,17.00942131200003],[101.27547326100006,17.008163013000058],[101.27379075900006,17.00632950000005],[101.27099912800008,17.007778776000066],[101.27009776000006,17.007677926000042],[101.26760480700005,17.010917445000075],[101.26611073800007,17.010264896000024],[101.26549237200004,17.012090492000027],[101.26316374900006,17.01128312700007],[101.26199289600004,17.01192208300006],[101.25848794000007,17.009864046000075],[101.25751540100003,17.01033991500003],[101.25625268800007,17.008781098000043],[101.25320685700007,17.008285814000033],[101.25254057000006,17.00905742200007],[101.25125577200004,17.008271223000065],[101.25028589700008,17.004593059000058],[101.24658205400004,17.00544908100005],[101.24438516200007,17.00268113100003],[101.24064696400006,16.999907009000026],[101.23222721200005,16.99874406600003],[101.22945766000004,16.999197929000047],[101.22275857800008,16.998968657000034],[101.21994835400005,16.998436600000048],[101.21979521500003,16.99684022400004],[101.22236741600005,16.996161389000065],[101.22117349500007,16.994832965000057],[101.21885338100009,16.995060430000024],[101.21827613500005,16.994141177000074],[101.21949755700007,16.991724349000037],[101.21697514700008,16.990406751000023],[101.21761044600004,16.98886934500007],[101.21622814900007,16.988115255000025],[101.21283092200008,16.987515174000066],[101.21485537700005,16.985137223000038],[101.21534500900003,16.982667341000024],[101.21217280800005,16.980744037000022],[101.21379126200009,16.980069709000077],[101.21229275800005,16.977381949000062],[101.21000306500008,16.97427512300004],[101.20748768900006,16.971828042000027],[101.20379421900009,16.972180152000078],[101.19721335200006,16.977013405000037],[101.19511590800005,16.97960409700005],[101.19138333500007,16.982122738000044],[101.18806674800004,16.98302176900006],[101.18446646000007,16.983460716000025],[101.17953336400006,16.984624213000075],[101.17693760500003,16.986426702000074],[101.17612541900007,16.992964275000077],[101.17451748900004,16.998030968000023],[101.17421242900008,17.002098458000034],[101.17430966900008,17.007774134000044],[101.17327090200007,17.010930082000073],[101.16751244200003,17.022536461000072],[101.16459218700004,17.026664176000054],[101.15607196900004,17.03446468100003],[101.14629584400006,17.032775530000038],[101.14015195000007,17.03263245900007],[101.13853097700007,17.031847365000033],[101.13526235600006,17.02792441200006],[101.13211057000007,17.02694142400003],[101.12891512400006,17.026580632000048],[101.12895470200004,17.02529843700006],[101.12772724800004,17.025070563000043],[101.12741307600004,17.023803217000022],[101.12487972000008,17.02390473400004],[101.12026881500009,17.02260238100007],[101.11755391900004,17.020606702000066],[101.11514593000004,17.02076210000007],[101.11486884400006,17.020014958000047],[101.11680622300008,17.019431765000036],[101.11506608600007,17.016405416000055],[101.11438364400004,17.01109150800005],[101.11327063200008,17.009585231000074],[101.11443073500004,17.008513668000035],[101.11442584200006,17.00702559000007],[101.11122918600006,17.007897188000072],[101.11009328300008,17.004318994000073],[101.11144263100005,17.00242098900003],[101.11414681100007,17.003237213000034],[101.11491072700005,17.001490455000067],[101.11194791300005,17.001727619000064],[101.11089752600009,16.99985288700003],[101.11253437200008,17.00019152300007],[101.11195826400007,16.997974691000024],[101.11257296300005,16.99706771900003],[101.11356133100008,16.99830017100004],[101.11471750000004,16.99817409700006],[101.11328572900004,16.99576195000003],[101.11285049600008,16.99350990100004],[101.11408454800005,16.992702647000044],[101.11456369000007,16.990089029000046],[101.11367636500006,16.98779894200004],[101.11443433500006,16.984790220000036],[101.11387736100005,16.97949771900005],[101.11413747000006,16.978284177000035],[101.11578038500005,16.977604432000078],[101.11725923900008,16.97857450500004],[101.12313418100007,16.97937655800007],[101.12951611900007,16.978449385000033],[101.13238420100004,16.977435288000038],[101.13585064100005,16.975688301000048],[101.14345284900008,16.975337955000043],[101.14965138700006,16.973734163000074],[101.15267619700006,16.973853142000053],[101.15528832300004,16.972687784000072],[101.15643063000005,16.973512640000024],[101.15826154800004,16.972423890000073],[101.16094238700003,16.973171939000053],[101.16230263300008,16.974250167000037],[101.16239698400005,16.976458583000067],[101.16352613300006,16.976922139000067],[101.16602742700007,16.97586334700003],[101.16689777300007,16.974808143000075],[101.16969984200006,16.974416564000023],[101.16865076400006,16.972360527000035],[101.17011432400005,16.971176811000078],[101.17193805900007,16.96709577100006],[101.17143539700004,16.96465217100007],[101.16960561400003,16.96195971800006],[101.17087691500006,16.95998203700003],[101.17039973700008,16.958903288000045],[101.17343850300006,16.95851053100006],[101.17328051300007,16.95534460600004],[101.17394016400004,16.954560306000076],[101.17562588200008,16.955403185000023],[101.17730950900005,16.955310007000037],[101.17973005300007,16.953604247000044],[101.18381487200008,16.95208952200005],[101.18800355400003,16.949151173000075],[101.19661497900006,16.941725615000053],[101.20379043500009,16.933403335000037],[101.20608303100005,16.930418300000042],[101.21175261300004,16.924796478000076],[101.21557727700008,16.921354739000037],[101.21832925400008,16.919480303000057],[101.22272763400008,16.91897223500007],[101.23374844600005,16.919563906000064],[101.23957860900003,16.919676473000038],[101.24171607200009,16.91860454500005],[101.24472153800008,16.91860306700005],[101.25115243400006,16.920076884000025],[101.25353089200007,16.919686526000078],[101.25619507600004,16.920441267000058],[101.25954885100003,16.919843397000022],[101.26622144600003,16.91922373700004],[101.27395242400007,16.919082338000067],[101.27769117200006,16.91934292800005],[101.28116281400008,16.920453735000024],[101.28366300900007,16.92006507900004],[101.28473323200006,16.92269799500002],[101.28904959800008,16.92538016700007],[101.29212072500007,16.926211844000022],[101.29780710300008,16.924701508000055],[101.30077790200005,16.923382324000045],[101.30537613900003,16.920125065000036],[101.30743332400004,16.919200040000078],[101.31083882900003,16.919313358000068],[101.31465479300005,16.92189524500003]]]},"properties":{"Shape_Leng":0.804830025078,"Shape_Area":0.0122225106946,"ADM3_EN":"Hin Hao","ADM3_TH":"หินฮาว","ADM3_PCODE":"TH670403","ADM2_EN":"Lom Kao","ADM2_TH":"หล่มเก่า","ADM2_PCODE":"TH6704","ADM1_EN":"Phetchabun","ADM1_TH":"เพชรบูรณ์","ADM1_PCODE":"TH67","ADM0_EN":"Thailand","ADM0_TH":"ประเทศไทย","ADM0_PCODE":"TH"}},
{"type":"Feature","geometry":{"type":"Polygon","coordinates":[[[101.14035286700005,16.809419324000032],[101.13852870600005,16.819975406000026],[101.13912303700005,16.82646856300005],[101.14151234600007,16.834361037000065],[101.14191055100008,16.83786631600003],[101.14155470100008,16.841303047000054],[101.14238517700005,16.843775949000076],[101.14301250500006,16.84841315400007],[101.14530487600007,16.849660054000026],[101.14846475300004,16.849730699000077],[101.15037693000005,16.849027388000025],[101.15236715400005,16.847541539000076],[101.15545218000005,16.846357011000066],[101.15929692200007,16.846695847000035],[101.16258763200005,16.845442665000064],[101.16416364100007,16.84647351500007],[101.16744072400007,16.846338334000052],[101.17211252600003,16.844390737000026],[101.17587599900008,16.843708999000057],[101.18732535200007,16.842941667000048],[101.19194021900006,16.84327121900003],[101.19169146600007,16.848773519000076],[101.19287049900004,16.85844691500006],[101.19355758700004,16.859676369000056],[101.19800283100005,16.86165737500005],[101.20334916400009,16.86350410800003],[101.20491502100003,16.86523382100006],[101.20401230000004,16.86670035000003],[101.20425036500006,16.87139916700005],[101.20328586300008,16.87310780100006],[101.20174725800007,16.873705432000065],[101.20237593800005,16.876196254000035],[101.20561871300004,16.877584874000036],[101.20736318200005,16.880120689000023],[101.20506422700004,16.881990277000057],[101.20387285300006,16.883653553000045],[101.20271600000007,16.886947235000036],[101.19986513900005,16.891070115000048],[101.19919377900004,16.89403783100005],[101.19760583600004,16.89334782800006],[101.18792060800007,16.890859515000045],[101.17335840900006,16.88810660100006],[101.17036079500008,16.889460516000042],[101.16634891300004,16.893528782000033],[101.16457231800007,16.893924827000035],[101.16285890300009,16.895957789000022],[101.16101389700003,16.89589477800007],[101.15966221700006,16.894819305000055],[101.15838882500003,16.89565004700006],[101.15670307000005,16.893397512000035],[101.15515895200008,16.89317296300004],[101.15243711400007,16.890901647000078],[101.15065562800004,16.890296101000047],[101.14778453600007,16.890844365000078],[101.14387356100008,16.889954255000077],[101.14290787000004,16.88796647500004],[101.14129144700007,16.88682098700002],[101.14077889700008,16.888648271000022],[101.13918064400008,16.890440495000064],[101.13704838400008,16.891246143000046],[101.13558903800003,16.89294970900005],[101.13476383500006,16.895070087000022],[101.13344463900006,16.894590179000033],[101.12962941600006,16.897685704000025],[101.12649866600003,16.897954062000053],[101.12439949700007,16.899583711000048],[101.12077033100007,16.900656638000044],[101.10932433400006,16.90072953500004],[101.10628847100008,16.900082732000044],[101.09711804200003,16.89882073600006],[101.08832295800005,16.89965657700003],[101.08197932200005,16.899246552000022],[101.07904047000005,16.899557526000024],[101.07671020500004,16.896414395000022],[101.07609261500005,16.892078748000074],[101.07392268000007,16.88911927600003],[101.07063272700003,16.88705483600006],[101.06532579800006,16.886135996000064],[101.06205427400005,16.88330413700004],[101.06120734200005,16.881988328000034],[101.05932433500004,16.87198982500007],[101.05994678000008,16.867369332000067],[101.06114862100009,16.864478662000067],[101.06169205100008,16.86075112800006],[101.06095840300009,16.858880920000047],[101.05895765600008,16.849787826000068],[101.05859360000005,16.846906405000027],[101.05924689100004,16.83867679100007],[101.05779007000007,16.834289788000035],[101.05754658400008,16.832413083000063],[101.05785192800005,16.827454508000073],[101.05573115900006,16.82286731000005],[101.05879928100006,16.82241213900005],[101.06209682200006,16.823633735000044],[101.06513962300005,16.823768975000064],[101.06584614300004,16.824891105000063],[101.06777471200007,16.82562045900005],[101.07116746800006,16.824858375000076],[101.07323847600009,16.822417983000037],[101.07646190000008,16.822446548000073],[101.07747235000005,16.82084952300005],[101.07994138300006,16.819438653000077],[101.08261026200006,16.81879082200004],[101.08443450900006,16.81703434600007],[101.09181210300005,16.816522108000072],[101.09339878100008,16.81579174700005],[101.09430711100003,16.81355539900005],[101.09558017700004,16.813312034000035],[101.09835599200005,16.81413615100007],[101.10210558400007,16.815978863000055],[101.11082014500005,16.81905064500006],[101.11308221400009,16.818347908000078],[101.11605021900004,16.81605204400006],[101.12350883800008,16.812627314000054],[101.12630962200006,16.810272825000027],[101.12881853200008,16.80743197000004],[101.13116907700004,16.806432717000064],[101.13722783700007,16.807906050000042],[101.14035286700005,16.809419324000032]]]},"properties":{"Shape_Leng":0.486865830044,"Shape_Area":0.00915765736405,"ADM3_EN":"Ban Noen","ADM3_TH":"บ้านเนิน","ADM3_PCODE":"TH670404","ADM2_EN":"Lom Kao","ADM2_TH":"หล่มเก่า","ADM2_PCODE":"TH6704","ADM1_EN":"Phetchabun","ADM1_TH":"เพชรบูรณ์","ADM1_PCODE":"TH67","ADM0_EN":"Thailand","ADM0_TH":"ประเทศไทย","ADM0_PCODE":"TH"}},
{"type":"Feature","geometry":{"type":"Polygon","coordinates":[[[101.28705370700004,17.016407754000056],[101.28942514900007,17.01335954800004],[101.29773261300005,17.009039422000058],[101.29878688000008,17.007078964000073],[101.29882817300006,17.001224260000072],[101.30110852100006,16.99940318800003],[101.30009033000005,16.99816085200007],[101.30018871900006,16.996829138000066],[101.29813564100004,16.99600022100003],[101.29651144300004,16.994034655000064],[101.29723188900005,16.992560095000044],[101.30021659200008,16.991695719000063],[101.30112563700004,16.988705586000037],[101.31109797600004,16.985128248000024],[101.31127179500004,16.98614425900007],[101.31462393500004,16.986648262000074],[101.31527472900007,16.98509669300006],[101.31683680400005,16.98414162100005],[101.31647036200008,16.98280674600005],[101.31820575400008,16.982363215000078],[101.32167562500007,16.985550531000058],[101.32278847400005,16.98472915600007],[101.32290766400007,16.98263737700006],[101.32545461700005,16.981965666000065],[101.32794218000004,16.98286528400007],[101.32787968200006,16.98831950300007],[101.32869881300007,16.98941062600005],[101.33049688500006,16.989459873000044],[101.33147698400006,16.987326753000048],[101.33135826100005,16.984876661000044],[101.33333701800007,16.983077038000033],[101.33658125000005,16.98206328200007],[101.33724661900004,16.982800394000037],[101.33716338300007,16.985445939000044],[101.33846967700003,16.986084229000028],[101.34212766000007,16.98445528700006],[101.34310783600006,16.983130858000038],[101.34423679100007,16.983276686000067],[101.34522335100007,16.98805352100004],[101.34519446500008,16.991122376000078],[101.34373955500007,16.993508614000064],[101.34394427000007,16.996875189000036],[101.34580043400007,16.998544947000028],[101.34884035600004,16.99775248900005],[101.34962809500007,16.998394610000048],[101.34860125700004,17.000779891000036],[101.35100301400007,17.00160230800003],[101.35263941000005,17.002931859000057],[101.35259770600004,17.00677188700007],[101.35179668800004,17.010012672000073],[101.35457402800006,17.011837332000027],[101.35426068500004,17.013583717000074],[101.35497435000008,17.014467181000043],[101.35926641900005,17.014358108000067],[101.36048516000005,17.01510269000005],[101.36525556400005,17.01621950200007],[101.36501400600008,17.01856164000003],[101.36812778600006,17.020254975000057],[101.37262372300006,17.019310805000032],[101.37359543000008,17.020323535000045],[101.37223552500006,17.020923079000056],[101.37126126300006,17.02245306700007],[101.37407690100008,17.023444737000034],[101.37472954700007,17.025580903000048],[101.37323784900008,17.026155682000024],[101.37429095300007,17.02904969900004],[101.37579021100004,17.030421671000056],[101.37635911900009,17.031928476000076],[101.37500247100007,17.03235632800005],[101.37293939000006,17.03413475700006],[101.37407008900004,17.034879628000056],[101.37787216300006,17.034947481000074],[101.37837331300005,17.03303661700005],[101.38111341900009,17.03296080900003],[101.38172848000005,17.034971975000076],[101.38121681300004,17.035860101000026],[101.38199654000005,17.038664460000064],[101.38208166600003,17.041491232000055],[101.38457545500006,17.042169885000078],[101.38637587800008,17.04330823300006],[101.38700776600007,17.044563350000033],[101.38856854800008,17.043555352000055],[101.38974370800008,17.045573863000072],[101.38874789200008,17.046642021000025],[101.38981728700008,17.047026579000033],[101.39087426700007,17.045459428000072],[101.39313930900005,17.045634127000028],[101.39247337900008,17.04269514500004],[101.39571166500008,17.042818252000075],[101.39587159700005,17.044037564000064],[101.39980648400007,17.045082568000055],[101.40156064700005,17.046136013000023],[101.40373181400008,17.045210644000065],[101.40233801700003,17.04446549900007],[101.40338168500006,17.043532767000045],[101.40494447700007,17.045040205000078],[101.40871815200006,17.044368993000035],[101.40942371500006,17.043084742000076],[101.41051587300007,17.044281116000036],[101.40954937900005,17.04577097200007],[101.41166207200007,17.04677201000004],[101.41256218300003,17.04527592900007],[101.41280146000008,17.04652477700006],[101.41550781400008,17.04725619100003],[101.41399992600009,17.048717054000065],[101.41327943000005,17.050593588000027],[101.41414474700008,17.051282981000043],[101.41303878800005,17.052162795000072],[101.41339077900005,17.053814316000057],[101.41611439600007,17.053838088000077],[101.41710816400007,17.05546337100003],[101.41972842500007,17.056338656000037],[101.42164157000008,17.05617615600005],[101.42170339800003,17.057694396000045],[101.42314831400006,17.058367908000037],[101.42346546100003,17.060030047000055],[101.42260786900005,17.06231570600005],[101.42294505800004,17.064876913000035],[101.42487081700006,17.06744898200003],[101.42749953000003,17.06818955600005],[101.42886361800004,17.071653213000047],[101.43141845200006,17.073207255000057],[101.43328328200005,17.073672466000062],[101.43841228200006,17.073246530000063],[101.44162596300004,17.075238096000078],[101.44328014700005,17.07574638400007],[101.45076596000007,17.07638740300007],[101.45184098700008,17.076849313000025],[101.45439772500004,17.079512737000073],[101.45624602200007,17.08290421600003],[101.46051950900005,17.08565512800004],[101.46138832600008,17.087472994000052],[101.46392687000008,17.08932034700007],[101.46489535900008,17.090721501000075],[101.46817304500007,17.093047195000054],[101.46714540100004,17.09503694600005],[101.46239668200008,17.095238359000064],[101.46057977800007,17.096589137000024],[101.46013771500009,17.098265253000022],[101.45872854800007,17.09868021400007],[101.45963126000004,17.100254541000027],[101.46099394500004,17.10101758600007],[101.46183854500003,17.10285019500003],[101.46018329900005,17.10385046500005],[101.46167348800009,17.105375086000038],[101.46110330100004,17.10634806400003],[101.45832907100004,17.10695778300004],[101.45579553700009,17.111524298000063],[101.45620050700006,17.112631501000067],[101.45905895400006,17.11353602400004],[101.45925845400006,17.11496705600007],[101.45776086000006,17.117021418000036],[101.45378252000006,17.119214811000063],[101.45227254900004,17.121077400000047],[101.45173599500004,17.123739796000052],[101.45422215300005,17.123491263000062],[101.45606734300009,17.12410595600005],[101.45674976600009,17.126189943000043],[101.45559584700004,17.12720819900005],[101.45381193300005,17.130087718000027],[101.45261432900008,17.130825241000025],[101.45269790500004,17.136208538000062],[101.45149207000009,17.137273828000048],[101.45274086900008,17.139571088000025],[101.45245664000004,17.140863205000073],[101.45060096500004,17.142905598000027],[101.44798667000003,17.144522788000074],[101.44562387100007,17.146947758000067],[101.44201886000008,17.147671908000063],[101.43690580200007,17.150502477000032],[101.43462970200005,17.152362218000064],[101.43134302900006,17.154349079000042],[101.42952712600004,17.15471844800004],[101.42571005500008,17.15665633900005],[101.42535181300008,17.15886838700004],[101.42369396700008,17.16003329700004],[101.42144891200007,17.16330187400007],[101.41901877200007,17.163894414000026],[101.41759845500007,17.166041250000035],[101.41470173300007,17.16763489300007],[101.41258026000008,17.166669741000078],[101.41128382400007,17.167365677000078],[101.41177033700006,17.170707966000066],[101.41100440700006,17.17240909800006],[101.40941838900005,17.173220231000073],[101.40600802800009,17.17247646800007],[101.40270501300006,17.17272969100003],[101.39940400500006,17.174204209000038],[101.39856276600005,17.17560721700005],[101.40004899200005,17.176575565000064],[101.39847884100004,17.17797431400004],[101.39551036800003,17.177981703000057],[101.39440139900006,17.17668124000005],[101.39098743100004,17.176197150000064],[101.38899596800007,17.17544978600006],[101.38489147900003,17.17282429000005],[101.38240419700008,17.170245742000077],[101.37926858400004,17.170193148000067],[101.37855492200003,17.169708784000022],[101.37443164400008,17.17049223500004],[101.37137322500007,17.168228749000036],[101.36963906400007,17.168216538000024],[101.36814429200007,17.170167183000046],[101.36477602000008,17.171368718000053],[101.36245091200004,17.17153713700003],[101.35966777600004,17.170398334000026],[101.35766312800007,17.170879761000037],[101.35594302500004,17.170537397000032],[101.35462024000009,17.16777953600007],[101.35082025100007,17.167434151000066],[101.35035368600006,17.165542350000067],[101.35134040200006,17.164152943000033],[101.34998712600009,17.16257134700004],[101.34401783600003,17.161079210000025],[101.34393800900006,17.157797208000034],[101.34292491000008,17.15673379900005],[101.33751522900008,17.153812799000036],[101.33511985400008,17.151540494000074],[101.33456961800005,17.149601159000042],[101.33162419400009,17.14881352900005],[101.33069105400006,17.146341008000036],[101.32746922100006,17.145901821000052],[101.32319009700007,17.14460807300003],[101.32391799900006,17.14238048800007],[101.32311807900004,17.140700474000027],[101.32146444700004,17.140201989000047],[101.32123411100008,17.139047565000055],[101.31735329100007,17.135479016000033],[101.31391573300004,17.134050213000023],[101.31139148300008,17.13169053300004],[101.30812758100006,17.130436529000065],[101.30684506400007,17.128805715000055],[101.30747085800004,17.124497564000023],[101.30697774700008,17.12332596400006],[101.30748984000007,17.12143027600007],[101.30629171500004,17.118209987000057],[101.30273687200008,17.116064786000038],[101.29984274900005,17.11340696700006],[101.29853593800004,17.110489421000068],[101.29611040900005,17.109545146000073],[101.29482275200007,17.10710264100004],[101.29108406100005,17.10630897900006],[101.28842531300006,17.107578215000046],[101.28588840200007,17.104733879000037],[101.28402045400009,17.103906210000048],[101.28220364100008,17.10220374000005],[101.28153928200004,17.100556169000072],[101.27889246200004,17.09954201000005],[101.27823942100008,17.09845871500005],[101.27170826600008,17.096261668000068],[101.26980832400005,17.098973513000033],[101.26784567300007,17.10088398000005],[101.26602616100007,17.101133512000047],[101.26490544100005,17.103700805000074],[101.26305141400007,17.104383566000024],[101.26256440000009,17.105348105000076],[101.25927365800004,17.108383768000067],[101.25593699700005,17.109970324000074],[101.25016108300008,17.11159354800003],[101.24777831700004,17.111126005000074],[101.24392749600008,17.10879498500003],[101.24159593100006,17.10685911400003],[101.24074634800007,17.105397244000073],[101.24001767600004,17.100578485000028],[101.23773821300006,17.09702371800006],[101.23066277600009,17.091387946000054],[101.22626052300006,17.087100699000075],[101.22470204700005,17.08357684500004],[101.22505712500003,17.079179386000078],[101.22623441800005,17.075855975000025],[101.22959702800006,17.074744406000036],[101.23255186300008,17.07100718600003],[101.23784605300006,17.068545795000034],[101.24668980500007,17.06225976500002],[101.25159291000006,17.057737062000058],[101.25415853100009,17.052387760000045],[101.25788589900009,17.05132012000007],[101.26167788900005,17.047264261000066],[101.26597813100005,17.045120822000058],[101.26662465200008,17.04309392400006],[101.26926079600008,17.040145859000063],[101.26975466000005,17.03791869300005],[101.27317300900006,17.03413418300005],[101.27459177600008,17.029762145000063],[101.27625082100008,17.026541804000033],[101.27927321200008,17.021868639000047],[101.28339838600004,17.018705844000067],[101.28643701300007,17.018020186000058],[101.28705370700004,17.016407754000056]]]},"properties":{"Shape_Leng":0.879867809821,"Shape_Area":0.0247270796418,"ADM3_EN":"Sila","ADM3_TH":"ศิลา","ADM3_PCODE":"TH670405","ADM2_EN":"Lom Kao","ADM2_TH":"หล่มเก่า","ADM2_PCODE":"TH6704","ADM1_EN":"Phetchabun","ADM1_TH":"เพชรบูรณ์","ADM1_PCODE":"TH67","ADM0_EN":"Thailand","ADM0_TH":"ประเทศไทย","ADM0_PCODE":"TH"}},
{"type":"Feature","geometry":{"type":"Polygon","coordinates":[[[101.24957037100006,16.84662050000003],[101.25234622300007,16.84739453900005],[101.25460310600005,16.848872533000076],[101.25869823400006,16.849862642000062],[101.26174424600003,16.852424602000042],[101.26200143200003,16.853443758000026],[101.26125732000008,16.856361802000038],[101.26167979700006,16.860468858000047],[101.26132262700008,16.86409624500004],[101.26278525500004,16.868140423000057],[101.26522651000005,16.869857774000025],[101.26737608800005,16.872068381000076],[101.26861839900005,16.87426724900007],[101.26826430500006,16.876815316000034],[101.26690469100004,16.877730365000048],[101.26776676900005,16.880258516000026],[101.26733318400005,16.883374375000074],[101.26580072600007,16.882580923000035],[101.26544955700007,16.881300214000078],[101.26330639200006,16.88074898700006],[101.26126322600004,16.878408980000074],[101.25633162200006,16.874897686000054],[101.25424712700004,16.870098995000035],[101.25285391400007,16.86865679500005],[101.24426473300008,16.866549312000075],[101.23586328300007,16.865517010000076],[101.22944126600004,16.866064490000042],[101.22510470100008,16.86578563200004],[101.22179426400004,16.86621589500004],[101.22115942800008,16.86847290000003],[101.22255941700007,16.86963146200003],[101.22287097300006,16.87258558800005],[101.22498039700008,16.873811932000024],[101.22415004800007,16.877455390000023],[101.21476632900004,16.87863991300003],[101.20736318200005,16.880120689000023],[101.20561871300004,16.877584874000036],[101.20237593800005,16.876196254000035],[101.20174725800007,16.873705432000065],[101.20328586300008,16.87310780100006],[101.20425036500006,16.87139916700005],[101.20401230000004,16.86670035000003],[101.20491502100003,16.86523382100006],[101.20334916400009,16.86350410800003],[101.20699619500004,16.861346276000063],[101.20586118300008,16.858827444000042],[101.20644702700008,16.855318906000036],[101.20860259400007,16.853230633000067],[101.20804934000006,16.85183973900007],[101.20873605100007,16.850880979000067],[101.20918033900006,16.847201806000044],[101.21185238900006,16.845159986000056],[101.21311669400006,16.84618111800006],[101.21908239400005,16.847692668000036],[101.22652691800005,16.848286364000046],[101.23628134800003,16.84711685600007],[101.24102490500007,16.846954243000027],[101.24342434900007,16.847593174000053],[101.24610788100006,16.84665231100007],[101.24957037100006,16.84662050000003]]]},"properties":{"Shape_Leng":0.220473693036,"Shape_Area":0.00141487166293,"ADM3_EN":"Na Saeng","ADM3_TH":"นาแซง","ADM3_PCODE":"TH670406","ADM2_EN":"Lom Kao","ADM2_TH":"หล่มเก่า","ADM2_PCODE":"TH6704","ADM1_EN":"Phetchabun","ADM1_TH":"เพชรบูรณ์","ADM1_PCODE":"TH67","ADM0_EN":"Thailand","ADM0_TH":"ประเทศไทย","ADM0_PCODE":"TH"}},
{"type":"Feature","geometry":{"type":"Polygon","coordinates":[[[101.21832925400008,16.919480303000057],[101.21557727700008,16.921354739000037],[101.21175261300004,16.924796478000076],[101.20608303100005,16.930418300000042],[101.20379043500009,16.933403335000037],[101.19661497900006,16.941725615000053],[101.18800355400003,16.949151173000075],[101.18381487200008,16.95208952200005],[101.17973005300007,16.953604247000044],[101.17730950900005,16.955310007000037],[101.17562588200008,16.955403185000023],[101.17394016400004,16.954560306000076],[101.17328051300007,16.95534460600004],[101.17343850300006,16.95851053100006],[101.17039973700008,16.958903288000045],[101.17087691500006,16.95998203700003],[101.16960561400003,16.96195971800006],[101.17143539700004,16.96465217100007],[101.17193805900007,16.96709577100006],[101.17011432400005,16.971176811000078],[101.16865076400006,16.972360527000035],[101.16969984200006,16.974416564000023],[101.16689777300007,16.974808143000075],[101.16602742700007,16.97586334700003],[101.16352613300006,16.976922139000067],[101.16239698400005,16.976458583000067],[101.16230263300008,16.974250167000037],[101.16094238700003,16.973171939000053],[101.15826154800004,16.972423890000073],[101.15643063000005,16.973512640000024],[101.15528832300004,16.972687784000072],[101.15267619700006,16.973853142000053],[101.14965138700006,16.973734163000074],[101.14345284900008,16.975337955000043],[101.13585064100005,16.975688301000048],[101.13238420100004,16.977435288000038],[101.12951611900007,16.978449385000033],[101.12313418100007,16.97937655800007],[101.11725923900008,16.97857450500004],[101.11578038500005,16.977604432000078],[101.11413747000006,16.978284177000035],[101.11345498000009,16.976395713000045],[101.11547358400009,16.970363548000023],[101.11472424200008,16.967091072000073],[101.11552698300005,16.964758709000023],[101.11476963300004,16.963495883000064],[101.11475599900007,16.959428545000037],[101.11564680400005,16.955173141000046],[101.11551645900005,16.951643726000043],[101.11262563400004,16.94874981600003],[101.11313851400007,16.94755094100003],[101.11207960700006,16.94658323400006],[101.11305223800008,16.944734812000036],[101.11333898400005,16.942416931000025],[101.11142207600005,16.93744519200004],[101.11015154200004,16.937989619000064],[101.10676099000005,16.936923041000057],[101.10724740700005,16.93497381700007],[101.10573793600008,16.934174669000072],[101.10367429500008,16.931894063000072],[101.10369177500007,16.929647500000044],[101.10521204000008,16.928706141000077],[101.10462105400006,16.922621871000047],[101.10318433500004,16.919524936000073],[101.10183163600004,16.91864577900003],[101.10165649900006,16.913702732000047],[101.10053165400006,16.911551690000067],[101.09659234500003,16.90960930500006],[101.09396045600005,16.909226061000027],[101.09199460900004,16.90833729800005],[101.08671963000006,16.90424366700006],[101.08429183000004,16.902762539000037],[101.08016692200005,16.901689652000073],[101.07904047000005,16.899557526000024],[101.08197932200005,16.899246552000022],[101.08832295800005,16.89965657700003],[101.09711804200003,16.89882073600006],[101.10628847100008,16.900082732000044],[101.10932433400006,16.90072953500004],[101.12077033100007,16.900656638000044],[101.12439949700007,16.899583711000048],[101.12649866600003,16.897954062000053],[101.12962941600006,16.897685704000025],[101.13344463900006,16.894590179000033],[101.13476383500006,16.895070087000022],[101.13558903800003,16.89294970900005],[101.13704838400008,16.891246143000046],[101.13918064400008,16.890440495000064],[101.14077889700008,16.888648271000022],[101.14129144700007,16.88682098700002],[101.14290787000004,16.88796647500004],[101.14387356100008,16.889954255000077],[101.14778453600007,16.890844365000078],[101.15065562800004,16.890296101000047],[101.15243711400007,16.890901647000078],[101.15515895200008,16.89317296300004],[101.15670307000005,16.893397512000035],[101.15838882500003,16.89565004700006],[101.15966221700006,16.894819305000055],[101.16101389700003,16.89589477800007],[101.16285890300009,16.895957789000022],[101.16457231800007,16.893924827000035],[101.16634891300004,16.893528782000033],[101.17036079500008,16.889460516000042],[101.17335840900006,16.88810660100006],[101.18792060800007,16.890859515000045],[101.19760583600004,16.89334782800006],[101.19919377900004,16.89403783100005],[101.20195483400005,16.895479241000032],[101.20309725900006,16.895003142000064],[101.20643990800005,16.896701583000038],[101.21017166400009,16.899147355000025],[101.21222268100007,16.902115552000055],[101.21259514100007,16.905228746000034],[101.21446629000008,16.908342464000043],[101.21496103700008,16.91097990700007],[101.21418685900005,16.91229147000007],[101.21563032600005,16.915379603000076],[101.21474652200004,16.91814424200004],[101.21787242500005,16.91828207700007],[101.21832925400008,16.919480303000057]]]},"properties":{"Shape_Leng":0.433615979241,"Shape_Area":0.00737289258295,"ADM3_EN":"Wang Ban","ADM3_TH":"วังบาล","ADM3_PCODE":"TH670407","ADM2_EN":"Lom Kao","ADM2_TH":"หล่มเก่า","ADM2_PCODE":"TH6704","ADM1_EN":"Phetchabun","ADM1_TH":"เพชรบูรณ์","ADM1_PCODE":"TH67","ADM0_EN":"Thailand","ADM0_TH":"ประเทศไทย","ADM0_PCODE":"TH"}},
{"type":"Feature","geometry":{"type":"Polygon","coordinates":[[[101.21185238900006,16.845159986000056],[101.20918033900006,16.847201806000044],[101.20873605100007,16.850880979000067],[101.20804934000006,16.85183973900007],[101.20860259400007,16.853230633000067],[101.20644702700008,16.855318906000036],[101.20586118300008,16.858827444000042],[101.20699619500004,16.861346276000063],[101.20334916400009,16.86350410800003],[101.19800283100005,16.86165737500005],[101.19355758700004,16.859676369000056],[101.19287049900004,16.85844691500006],[101.19169146600007,16.848773519000076],[101.19194021900006,16.84327121900003],[101.18732535200007,16.842941667000048],[101.17587599900008,16.843708999000057],[101.17211252600003,16.844390737000026],[101.16744072400007,16.846338334000052],[101.16416364100007,16.84647351500007],[101.16258763200005,16.845442665000064],[101.15929692200007,16.846695847000035],[101.15545218000005,16.846357011000066],[101.15236715400005,16.847541539000076],[101.15037693000005,16.849027388000025],[101.14846475300004,16.849730699000077],[101.14530487600007,16.849660054000026],[101.14301250500006,16.84841315400007],[101.14238517700005,16.843775949000076],[101.14155470100008,16.841303047000054],[101.14191055100008,16.83786631600003],[101.14151234600007,16.834361037000065],[101.13912303700005,16.82646856300005],[101.13852870600005,16.819975406000026],[101.14035286700005,16.809419324000032],[101.14344632600006,16.81029761700006],[101.14687783600004,16.812045753000064],[101.15485452300004,16.814872915000024],[101.16105350500004,16.81565284900006],[101.16596523400005,16.816848597000046],[101.17271594100004,16.81943175200007],[101.17579393000005,16.820125939000036],[101.17699665300006,16.819487132000063],[101.17828783100003,16.820930391000047],[101.18023713700006,16.821651553000038],[101.18277180100006,16.82070049600003],[101.18578111400006,16.82065302600006],[101.18884716200006,16.82197251900004],[101.18986030100007,16.82083293100004],[101.19318901700007,16.82134183000005],[101.19517193000007,16.82439197100007],[101.19743871600008,16.83091190300007],[101.19846341000004,16.835507303000043],[101.20225134000003,16.83862986200006],[101.20675697500008,16.840967615000068],[101.21185238900006,16.845159986000056]]]},"properties":{"Shape_Leng":0.237410924434,"Shape_Area":0.00193444303176,"ADM3_EN":"Na Ko","ADM3_TH":"นาเกาะ","ADM3_PCODE":"TH670408","ADM2_EN":"Lom Kao","ADM2_TH":"หล่มเก่า","ADM2_PCODE":"TH6704","ADM1_EN":"Phetchabun","ADM1_TH":"เพชรบูรณ์","ADM1_PCODE":"TH67","ADM0_EN":"Thailand","ADM0_TH":"ประเทศไทย","ADM0_PCODE":"TH"}},
{"type":"Feature","geometry":{"type":"Polygon","coordinates":[[[101.41694172500007,16.93170539500005],[101.41942875200004,16.933603942000047],[101.41937600200004,16.93588826000007],[101.42208513100007,16.93838869900003],[101.42363164800008,16.938993933000063],[101.42585830800004,16.94164900800007],[101.42639209600009,16.94668426000004],[101.42341304600006,16.949700851000046],[101.42252766900003,16.951965710000025],[101.42330502100003,16.95396910000005],[101.42282122800003,16.956088265000062],[101.42571700100007,16.960283012000048],[101.42623544000008,16.964137148000077],[101.42921573600006,16.966608029000042],[101.42963860700007,16.96925998000006],[101.42908024200005,16.971152697000036],[101.42957966000006,16.972501452000074],[101.43153144400009,16.974006657000075],[101.43081007000006,16.975414390000026],[101.43103237400004,16.977256745000034],[101.43241796200005,16.979746345000024],[101.43343606000008,16.97993186900004],[101.43465608900004,16.982577157000037],[101.43362616100006,16.985211167000045],[101.43390804200004,16.987531193000052],[101.43052545200004,16.988773086000037],[101.43007127900006,16.99008836300004],[101.43059610400007,16.994127907000063],[101.43022333800008,16.995845512000074],[101.43119424700006,16.996542736000038],[101.43164790200007,16.998427484000047],[101.43032811700004,16.99996999500007],[101.43156934500007,17.001911600000028],[101.43253706100006,17.004798278000067],[101.43261702500007,17.006783450000057],[101.43185652400007,17.00818631900006],[101.42962073900009,17.009216636000076],[101.42676808000004,17.00988210500003],[101.42757564800007,17.01181770900007],[101.43235127300005,17.011759638000058],[101.43369745300004,17.011087764000024],[101.43759708500005,17.011724005000076],[101.44251140200004,17.012971709000055],[101.44444376400008,17.01257392200006],[101.45038762900003,17.008747966000044],[101.45081638300007,17.007540808000044],[101.45575156100006,17.006175991000077],[101.46201474600008,17.006313814000066],[101.46521631900004,17.006917147000024],[101.46697851900007,17.005965480000043],[101.46870676700007,17.006505049000054],[101.47064069800007,17.005262685000048],[101.47282053700008,17.00523043000004],[101.47353264400004,17.005944905000035],[101.47704512200005,17.006920819000072],[101.48337924300006,17.00643921900007],[101.48761388600008,17.004687708000063],[101.48994176500008,17.00566319400002],[101.49189369100009,17.00526072300005],[101.49390900200007,17.00672879600006],[101.49689284500005,17.00720555600003],[101.50018350700009,17.00953992500007],[101.50427930500007,17.010135199000047],[101.50329698100006,17.013657738000063],[101.50147464600008,17.01716307500004],[101.49938175400007,17.01937849500007],[101.49806407700004,17.020060658000034],[101.49658636500004,17.02258686600004],[101.49582521700006,17.027866756000037],[101.49192757300005,17.033112447000065],[101.49057461700005,17.04221620900006],[101.49031856800008,17.045115172000067],[101.49044136200007,17.050641738000024],[101.48934335000007,17.058907228000066],[101.48677109800008,17.063974732000077],[101.48376159700007,17.06786691800005],[101.48196162700003,17.071403632000056],[101.48113601100005,17.072082688000023],[101.48014761300004,17.07478465300005],[101.47971945300009,17.08117353500006],[101.47831112500006,17.08499194700005],[101.47602202500008,17.088541133000035],[101.47328444300007,17.090329867000037],[101.47165271700004,17.092547684000067],[101.46817304500007,17.093047195000054],[101.46489535900008,17.090721501000075],[101.46392687000008,17.08932034700007],[101.46138832600008,17.087472994000052],[101.46051950900005,17.08565512800004],[101.45624602200007,17.08290421600003],[101.45439772500004,17.079512737000073],[101.45184098700008,17.076849313000025],[101.45076596000007,17.07638740300007],[101.44328014700005,17.07574638400007],[101.44162596300004,17.075238096000078],[101.43841228200006,17.073246530000063],[101.43328328200005,17.073672466000062],[101.43141845200006,17.073207255000057],[101.42886361800004,17.071653213000047],[101.42749953000003,17.06818955600005],[101.42487081700006,17.06744898200003],[101.42294505800004,17.064876913000035],[101.42260786900005,17.06231570600005],[101.42346546100003,17.060030047000055],[101.42314831400006,17.058367908000037],[101.42170339800003,17.057694396000045],[101.42164157000008,17.05617615600005],[101.41972842500007,17.056338656000037],[101.41710816400007,17.05546337100003],[101.41611439600007,17.053838088000077],[101.41339077900005,17.053814316000057],[101.41303878800005,17.052162795000072],[101.41414474700008,17.051282981000043],[101.41327943000005,17.050593588000027],[101.41399992600009,17.048717054000065],[101.41550781400008,17.04725619100003],[101.41280146000008,17.04652477700006],[101.41256218300003,17.04527592900007],[101.41166207200007,17.04677201000004],[101.40954937900005,17.04577097200007],[101.41051587300007,17.044281116000036],[101.40942371500006,17.043084742000076],[101.40871815200006,17.044368993000035],[101.40494447700007,17.045040205000078],[101.40338168500006,17.043532767000045],[101.40233801700003,17.04446549900007],[101.40373181400008,17.045210644000065],[101.40156064700005,17.046136013000023],[101.39980648400007,17.045082568000055],[101.39587159700005,17.044037564000064],[101.39571166500008,17.042818252000075],[101.39247337900008,17.04269514500004],[101.39313930900005,17.045634127000028],[101.39087426700007,17.045459428000072],[101.38981728700008,17.047026579000033],[101.38874789200008,17.046642021000025],[101.38974370800008,17.045573863000072],[101.38856854800008,17.043555352000055],[101.38700776600007,17.044563350000033],[101.38637587800008,17.04330823300006],[101.38457545500006,17.042169885000078],[101.38208166600003,17.041491232000055],[101.38199654000005,17.038664460000064],[101.38121681300004,17.035860101000026],[101.38172848000005,17.034971975000076],[101.38111341900009,17.03296080900003],[101.37837331300005,17.03303661700005],[101.37787216300006,17.034947481000074],[101.37407008900004,17.034879628000056],[101.37293939000006,17.03413475700006],[101.37500247100007,17.03235632800005],[101.37635911900009,17.031928476000076],[101.37579021100004,17.030421671000056],[101.37429095300007,17.02904969900004],[101.37323784900008,17.026155682000024],[101.37472954700007,17.025580903000048],[101.37407690100008,17.023444737000034],[101.37126126300006,17.02245306700007],[101.37223552500006,17.020923079000056],[101.37359543000008,17.020323535000045],[101.37262372300006,17.019310805000032],[101.36812778600006,17.020254975000057],[101.36501400600008,17.01856164000003],[101.36525556400005,17.01621950200007],[101.36048516000005,17.01510269000005],[101.35926641900005,17.014358108000067],[101.35497435000008,17.014467181000043],[101.35426068500004,17.013583717000074],[101.35457402800006,17.011837332000027],[101.35179668800004,17.010012672000073],[101.35259770600004,17.00677188700007],[101.35263941000005,17.002931859000057],[101.35100301400007,17.00160230800003],[101.34860125700004,17.000779891000036],[101.34962809500007,16.998394610000048],[101.34884035600004,16.99775248900005],[101.34580043400007,16.998544947000028],[101.34394427000007,16.996875189000036],[101.34373955500007,16.993508614000064],[101.34519446500008,16.991122376000078],[101.34522335100007,16.98805352100004],[101.34423679100007,16.983276686000067],[101.34310783600006,16.983130858000038],[101.34212766000007,16.98445528700006],[101.33846967700003,16.986084229000028],[101.33716338300007,16.985445939000044],[101.33724661900004,16.982800394000037],[101.33658125000005,16.98206328200007],[101.33333701800007,16.983077038000033],[101.33135826100005,16.984876661000044],[101.33147698400006,16.987326753000048],[101.33049688500006,16.989459873000044],[101.32869881300007,16.98941062600005],[101.32787968200006,16.98831950300007],[101.32794218000004,16.98286528400007],[101.32545461700005,16.981965666000065],[101.32290766400007,16.98263737700006],[101.32278847400005,16.98472915600007],[101.32167562500007,16.985550531000058],[101.31820575400008,16.982363215000078],[101.31647036200008,16.98280674600005],[101.31683680400005,16.98414162100005],[101.31527472900007,16.98509669300006],[101.31462393500004,16.986648262000074],[101.31127179500004,16.98614425900007],[101.31109797600004,16.985128248000024],[101.31166606100004,16.98314849600007],[101.30946713000009,16.980918234000058],[101.30887845400008,16.97965022900007],[101.30712559000006,16.97860688000003],[101.30723796900008,16.977208219000033],[101.30561404900004,16.975960299000064],[101.30573503500005,16.973852943000054],[101.30449355600007,16.972755929000073],[101.30464833800005,16.97024017500007],[101.30411718800008,16.969420984000067],[101.30241456900006,16.96957711500005],[101.30039775300008,16.967655845000024],[101.29833808600006,16.968865460000075],[101.29715582200004,16.970884691000037],[101.29931668900008,16.974104944000032],[101.29798498600007,16.973988005000024],[101.29637892800008,16.972637087000066],[101.29490354800004,16.97285769800004],[101.29310480700008,16.971283011000025],[101.29286433300007,16.969381767000073],[101.29129562600008,16.969114511000043],[101.29198084100005,16.967051274000028],[101.29105689300007,16.966389099000025],[101.29146480000009,16.964608084000076],[101.29315328500007,16.96360233200005],[101.29407345700008,16.96399196400006],[101.29604967300008,16.962866726000073],[101.29809008300003,16.959022571000048],[101.29769642600007,16.958357052000053],[101.29283914700005,16.957748921000075],[101.29280962900003,16.95643192600005],[101.29433328700009,16.953230520000034],[101.29376643100005,16.952028966000057],[101.29476409700004,16.948746551000056],[101.29249036800007,16.94449628600006],[101.29292573200007,16.94320012000003],[101.29674353300004,16.943377918000067],[101.30090856500004,16.94536470500003],[101.30217003400008,16.944864808000034],[101.30358980500006,16.94582469200003],[101.30577446000007,16.944692031000045],[101.30531666900004,16.94281626000003],[101.30391948300007,16.94102583600005],[101.30016659300009,16.940420611000036],[101.29981767300006,16.939270819000058],[101.30074311800007,16.937800467000045],[101.30757815900006,16.935321465000072],[101.31017368800008,16.937964564000026],[101.31187787200008,16.938121977000037],[101.31453346500007,16.937171384000067],[101.31516711900008,16.935205207000024],[101.31374453000006,16.935031926000022],[101.31260906700004,16.933707517000073],[101.31647115800007,16.931200396000065],[101.31669982800008,16.930423742000073],[101.31910074500007,16.929588468000077],[101.31918011600004,16.928617030000055],[101.31600311800008,16.92658325600007],[101.31618017400007,16.924216975000036],[101.31465479300005,16.92189524500003],[101.32053500400008,16.923996386000056],[101.32351494400007,16.924435481000046],[101.32530087800006,16.925930123000057],[101.32590091900005,16.927346519000025],[101.32590225400008,16.930242753000073],[101.32730998300008,16.931278812000073],[101.32751871300007,16.93410906400004],[101.32677877000003,16.93560412100004],[101.32802203900007,16.93738754000003],[101.33095096900007,16.938797694000073],[101.33456431400003,16.93915174700004],[101.34036309400005,16.936439835000044],[101.34250849100005,16.93465155000007],[101.34473765800004,16.934217311000054],[101.34783475600005,16.935300166000047],[101.35034253700007,16.937809241000025],[101.35211240300004,16.93787495400005],[101.35468754100003,16.936511765000034],[101.35702743400009,16.934204901000044],[101.36026537100008,16.932260823000036],[101.36509130600007,16.932197468000027],[101.37010687200006,16.933021161000056],[101.37391951600006,16.934138320000045],[101.37628538700005,16.935702392000053],[101.37744002700003,16.93538807400006],[101.37843569500006,16.932558717000063],[101.38076775600007,16.931434640000077],[101.38293745300007,16.931124041000032],[101.38724166600008,16.92918680200006],[101.39005608100007,16.92911087600004],[101.39560937800007,16.930439032000038],[101.39697523900008,16.93182906900006],[101.39818967300005,16.93195878000006],[101.40084576500004,16.936097035000046],[101.40232942500006,16.936431753000022],[101.40417247600004,16.935333264000064],[101.40811973000007,16.93079308500006],[101.41061618500004,16.930280201000073],[101.41694172500007,16.93170539500005]]]},"properties":{"Shape_Leng":0.891504505704,"Shape_Area":0.0154240535899,"ADM3_EN":"Tat Kloi","ADM3_TH":"ตาดกลอย","ADM3_PCODE":"TH670409","ADM2_EN":"Lom Kao","ADM2_TH":"หล่มเก่า","ADM2_PCODE":"TH6704","ADM1_EN":"Phetchabun","ADM1_TH":"เพชรบูรณ์","ADM1_PCODE":"TH67","ADM0_EN":"Thailand","ADM0_TH":"ประเทศไทย","ADM0_PCODE":"TH"}},
{"type":"Feature","geometry":{"type":"Polygon","coordinates":[[[101.17416908300004,15.729707638000036],[101.17332760300008,15.731141410000077],[101.17213395200008,15.737685894000037],[101.16982084000006,15.736648351000042],[101.16830431200003,15.735329071000024],[101.16628966000007,15.734983125000042],[101.16474964100007,15.731311058000074],[101.16163114100004,15.728472559000068],[101.16052400300003,15.725180822000027],[101.15934143500004,15.726023100000077],[101.15850690200006,15.724511505000066],[101.15685998400005,15.724289598000041],[101.15546331400009,15.725127154000063],[101.15464056800005,15.723542360000067],[101.15254820500007,15.723508429000049],[101.15314006800008,15.722758804000023],[101.15069678600008,15.721582971000032],[101.14909860900008,15.718264574000045],[101.14728920100004,15.717702132000056],[101.14755846600008,15.716168263000043],[101.14459237400007,15.715177188000041],[101.14271739000009,15.715796049000062],[101.14165497000005,15.714876031000074],[101.13977406100008,15.715663645000063],[101.13920022100007,15.714923675000023],[101.13714726500007,15.716009506000034],[101.13765430500007,15.71361091500006],[101.13721842900009,15.71202272000005],[101.13614907900006,15.712844733000054],[101.13513432400003,15.71098689300004],[101.13236184800007,15.712682292000068],[101.13202872600004,15.714762320000034],[101.13036671900005,15.713696739000056],[101.12764810900006,15.713619505000054],[101.12704061100004,15.712459719000037],[101.12523682800008,15.713649662000023],[101.12386502700008,15.711791722000044],[101.12424957800005,15.709846423000045],[101.12322216400008,15.708956969000042],[101.12174469600006,15.710244199000044],[101.11808229900004,15.70955647900007],[101.11777284700008,15.707249455000067],[101.11578242600007,15.707948760000022],[101.11588393500006,15.705913422000037],[101.11388157800008,15.70704433900005],[101.11267345300007,15.705886832000033],[101.10913300900006,15.704885195000031],[101.10954887600008,15.703190163000045],[101.10799001600009,15.703147676000071],[101.10142347100003,15.701034436000043],[101.10108276300008,15.698906312000076],[101.10183052700006,15.697141147000025],[101.10022109200008,15.697304257000042],[101.10080719800004,15.696034643000075],[101.09898843500008,15.694816505000063],[101.09867249800004,15.693478417000051],[101.09767948100006,15.694681441000057],[101.09542951400005,15.693070350000028],[101.09544891200005,15.691953717000047],[101.09321730900007,15.692279864000056],[101.09209211200005,15.691133433000061],[101.09160680500008,15.689233671000068],[101.09313227000007,15.688365773000044],[101.09270555000006,15.686738731000048],[101.09359250100005,15.684730645000059],[101.09248548200009,15.684037149000062],[101.09221291600005,15.681062869000073],[101.09098260700006,15.679783221000037],[101.08713374700005,15.678792395000073],[101.08643798100007,15.677923812000074],[101.08786699800004,15.675286868000057],[101.08593529200004,15.674482603000058],[101.08418612800006,15.675735410000073],[101.08363087700008,15.673569668000027],[101.08136297800007,15.673306178000075],[101.07981974800003,15.671035532000076],[101.07978507300004,15.668753743000025],[101.08161949300006,15.668420363000052],[101.07842682200004,15.665272220000077],[101.08063027500003,15.664545181000051],[101.08164618200004,15.661916236000025],[101.08262761900005,15.662668137000026],[101.08419169300004,15.66135322200006],[101.08372960700007,15.659733637000045],[101.08463078900007,15.659836168000027],[101.08566615400008,15.662382388000026],[101.08789305700009,15.659514074000072],[101.09209511800003,15.65840853800006],[101.09107929400005,15.655070411000054],[101.09302970300007,15.655159989000026],[101.09769044300003,15.654461124000022],[101.09666673400005,15.656131267000035],[101.09745359000004,15.65770797700003],[101.09870828600003,15.656931630000031],[101.10021084700008,15.657183621000058],[101.10075144900009,15.655572342000028],[101.09990196600006,15.654830760000038],[101.09872578300008,15.651416351000023],[101.09925592300004,15.649354859000027],[101.10038722200005,15.649439808000068],[101.09982757200004,15.647289233000038],[101.09794948100006,15.647200460000022],[101.09958336100004,15.64567788200003],[101.10006388700003,15.644137622000073],[101.09779378900004,15.643012959000032],[101.09885555100004,15.641406758000073],[101.09830875100005,15.63968791800005],[101.09866782600005,15.637343556000076],[101.09640274600008,15.638717409000037],[101.09663328300007,15.636575668000035],[101.09366212600008,15.63564825800006],[101.09305981200004,15.631713999000056],[101.09028401400008,15.630552669000053],[101.09001810500007,15.629249513000048],[101.09152452300003,15.63021683200003],[101.09351478000008,15.630238586000075],[101.09404991800005,15.628745079000055],[101.09679777400004,15.627376071000072],[101.09642638800005,15.62504879900007],[101.09823517100006,15.622033232000035],[101.10151393200005,15.621271067000066],[101.10219986800007,15.620410114000038],[101.10004683300008,15.618965634000062],[101.09890261400005,15.620426319000046],[101.09607603500007,15.620536559000072],[101.09579720900007,15.61844659600007],[101.09442866400008,15.620651348000024],[101.09301872800006,15.620339503000025],[101.09329718000004,15.622539050000057],[101.09037951700009,15.621860024000057],[101.08838247000006,15.620728262000057],[101.08681781600006,15.618820590000041],[101.08850095600008,15.616761292000035],[101.09001992300006,15.617466602000036],[101.08975287000004,15.616223137000077],[101.09112275600006,15.613500627000064],[101.09088882400005,15.612480663000042],[101.09220166100005,15.60952695800006],[101.09475995700006,15.608454004000066],[101.09489112900008,15.607079664000025],[101.09298366600007,15.607642149000071],[101.09163778500005,15.607157372000074],[101.09142103900007,15.605343879000031],[101.09293312800008,15.605026137000038],[101.09340225400007,15.60219521700003],[101.09082009600007,15.602202843000043],[101.08975058300007,15.601371767000046],[101.08960468200007,15.599195107000071],[101.08838130400005,15.598782065000023],[101.08772573600004,15.596264721000068],[101.08567827800005,15.594913837000036],[101.08594932300008,15.593768346000047],[101.08952169500009,15.594401883000046],[101.09047799800004,15.592844874000036],[101.09159317500007,15.59457668300007],[101.09292154500008,15.594627905000038],[101.09264177000006,15.593296950000024],[101.09582109100006,15.592393522000066],[101.09601767200007,15.595296618000077],[101.09863336000006,15.595626798000069],[101.09956276800006,15.597705146000067],[101.09879483400005,15.599674609000033],[101.09904084600004,15.603733522000027],[101.10107610800009,15.60643757400004],[101.10253108100005,15.607281743000044],[101.10406841300005,15.606607774000054],[101.10679963100006,15.607974108000064],[101.10797943700004,15.61037873500004],[101.11331601800003,15.61019780600003],[101.11513632200007,15.611017028000049],[101.11795485100004,15.613122953000072],[101.11866669700004,15.61494276600007],[101.11994230800008,15.61462743900006],[101.12138416500005,15.615797891000057],[101.12325236100008,15.614829041000064],[101.12611699900003,15.612456504000022],[101.12794444700006,15.607441634000054],[101.12975411600007,15.60811079900003],[101.13523813200004,15.605354600000055],[101.13742126100004,15.604697455000064],[101.13942487500003,15.605000636000057],[101.14331616800007,15.604503659000045],[101.14666444900007,15.605375542000047],[101.14810905400009,15.604746642000066],[101.15231194200004,15.60541685100003],[101.15313215600008,15.605091450000032],[101.15422540700007,15.600503050000043],[101.15861764800007,15.599170068000035],[101.15985186200004,15.601459801000033],[101.16025680000007,15.599779912000031],[101.16096741000007,15.601624092000066],[101.16293512000004,15.600657712000043],[101.16222425300003,15.60258760000005],[101.16502007300005,15.602658790000078],[101.16675346900007,15.604674996000028],[101.16768598200008,15.604065003000073],[101.16868197800005,15.605124664000073],[101.16809336000006,15.60697555400003],[101.16926077100004,15.60681112800006],[101.16882143700008,15.608495442000049],[101.17048902700009,15.60862578900003],[101.16976747400008,15.60946019100004],[101.17041743900006,15.611729868000054],[101.17503965600008,15.613052175000064],[101.17511326000005,15.614180651000027],[101.17371982300006,15.61486138500004],[101.17395042100009,15.616163328000027],[101.17715376700005,15.616131457000051],[101.17844568600003,15.616968348000057],[101.17755238200004,15.620137444000022],[101.17878334700004,15.620873456000027],[101.18038727800007,15.620340629000054],[101.18014404500008,15.623202598000034],[101.18230742400004,15.623430971000062],[101.18514151100004,15.623026018000076],[101.18676860700003,15.624329873000022],[101.18781487900009,15.627275891000068],[101.18957881000006,15.62788150800003],[101.18920994700005,15.629169242000046],[101.19125777700003,15.630400604000044],[101.19167412000007,15.631492453000021],[101.19449493200005,15.632382378000045],[101.19501788800005,15.633507157000054],[101.19898215400008,15.635684568000045],[101.19875431000008,15.637062254000057],[101.20023177500008,15.638387961000035],[101.20078958900007,15.640081255000041],[101.19942101200007,15.642083446000072],[101.19982657000008,15.643570164000039],[101.19986125400004,15.646862749000036],[101.19939846600005,15.647734151000066],[101.19611716000009,15.649933968000028],[101.19545600400005,15.651947008000036],[101.19576312400005,15.653729224000074],[101.19493322400007,15.65672814100003],[101.19524951700004,15.660465271000078],[101.19353458700004,15.67114192400004],[101.19483923000007,15.672135343000036],[101.19576341500004,15.674709052000026],[101.19467061800003,15.67601072900004],[101.19130682100007,15.678470824000044],[101.18833018200007,15.679385543000024],[101.18718946600006,15.680578096000033],[101.18359921700005,15.68151408600005],[101.18158696500006,15.683281125000065],[101.17873897600003,15.688179068000068],[101.17717494200008,15.691414935000068],[101.17615166600007,15.694703936000053],[101.17193231500005,15.703288864000058],[101.17066963300005,15.710073800000032],[101.16995394200006,15.715255151000065],[101.16992023000006,15.721403433000035],[101.16922019100008,15.723774797000033],[101.17136910200009,15.725210085000072],[101.17244970300004,15.727826051000022],[101.17392254500004,15.727664831000027],[101.17416908300004,15.729707638000036]]]},"properties":{"Shape_Leng":0.741371711262,"Shape_Area":0.0101148911422,"ADM3_EN":"Tha Rong","ADM3_TH":"ท่าโรง","ADM3_PCODE":"TH670501","ADM2_EN":"Wichian Buri","ADM2_TH":"วิเชียรบุรี","ADM2_PCODE":"TH6705","ADM1_EN":"Phetchabun","ADM1_TH":"เพชรบูรณ์","ADM1_PCODE":"TH67","ADM0_EN":"Thailand","ADM0_TH":"ประเทศไทย","ADM0_PCODE":"TH"}},
{"type":"Feature","geometry":{"type":"Polygon","coordinates":[[[101.08372960700007,15.659733637000045],[101.07916629400006,15.658833336000043],[101.07687419200005,15.658805318000077],[101.07325579400003,15.657829631000027],[101.06996777800003,15.657506211000054],[101.06891782100007,15.658012653000071],[101.06321176200004,15.663148547000048],[101.06053903600008,15.66416676800003],[101.05529507400007,15.664303680000046],[101.04901740800005,15.663668939000047],[101.04533858300005,15.664757876000067],[101.03699944100003,15.666568699000038],[101.03381818800005,15.665796967000063],[101.03224179000006,15.665876828000023],[101.03065898400007,15.664335478000055],[101.03033815200007,15.66008961500006],[101.02879424700006,15.658585148000043],[101.02714354700004,15.65600081100007],[101.02540304800004,15.654979340000068],[101.01988564400006,15.653271564000022],[101.02223889900006,15.64686694900007],[101.02398119500003,15.644107642000051],[101.02628232000006,15.641379477000044],[101.02936841200005,15.635349482000038],[101.03128037700009,15.630128670000033],[101.03435376100003,15.623312635000048],[101.03465293000005,15.620752878000076],[101.03594047400009,15.617956285000048],[101.03772606600006,15.615820241000051],[101.03977668300007,15.606015481000043],[101.03795542800003,15.601680316000056],[101.04025698300006,15.59993793800004],[101.04517618600005,15.598257788000069],[101.05951604700005,15.592174317000058],[101.06417527300005,15.59107012100003],[101.07253347300008,15.59158639900005],[101.07402304700008,15.589227080000057],[101.07440717100008,15.58614702400007],[101.07623805200006,15.584972606000065],[101.08062728600004,15.579312633000029],[101.08084278600006,15.578238929000065],[101.08400720600008,15.578873614000031],[101.08829714600006,15.577422807000062],[101.08982302500004,15.58189408000004],[101.09272927600006,15.583355563000055],[101.09275284100005,15.585132144000056],[101.09160916200005,15.585174304000077],[101.08932353200004,15.58688961100006],[101.09067100100003,15.588278047000074],[101.09326579400005,15.589021162000051],[101.09422204900005,15.590731997000034],[101.09425958900005,15.589214063000043],[101.09603458300006,15.590189850000058],[101.09767321500004,15.589958763000027],[101.09582109100006,15.592393522000066],[101.09264177000006,15.593296950000024],[101.09292154500008,15.594627905000038],[101.09159317500007,15.59457668300007],[101.09047799800004,15.592844874000036],[101.08952169500009,15.594401883000046],[101.08594932300008,15.593768346000047],[101.08567827800005,15.594913837000036],[101.08772573600004,15.596264721000068],[101.08838130400005,15.598782065000023],[101.08960468200007,15.599195107000071],[101.08975058300007,15.601371767000046],[101.09082009600007,15.602202843000043],[101.09340225400007,15.60219521700003],[101.09293312800008,15.605026137000038],[101.09142103900007,15.605343879000031],[101.09163778500005,15.607157372000074],[101.09298366600007,15.607642149000071],[101.09489112900008,15.607079664000025],[101.09475995700006,15.608454004000066],[101.09220166100005,15.60952695800006],[101.09088882400005,15.612480663000042],[101.09112275600006,15.613500627000064],[101.08975287000004,15.616223137000077],[101.09001992300006,15.617466602000036],[101.08850095600008,15.616761292000035],[101.08681781600006,15.618820590000041],[101.08838247000006,15.620728262000057],[101.09037951700009,15.621860024000057],[101.09329718000004,15.622539050000057],[101.09301872800006,15.620339503000025],[101.09442866400008,15.620651348000024],[101.09579720900007,15.61844659600007],[101.09607603500007,15.620536559000072],[101.09890261400005,15.620426319000046],[101.10004683300008,15.618965634000062],[101.10219986800007,15.620410114000038],[101.10151393200005,15.621271067000066],[101.09823517100006,15.622033232000035],[101.09642638800005,15.62504879900007],[101.09679777400004,15.627376071000072],[101.09404991800005,15.628745079000055],[101.09351478000008,15.630238586000075],[101.09152452300003,15.63021683200003],[101.09001810500007,15.629249513000048],[101.09028401400008,15.630552669000053],[101.09305981200004,15.631713999000056],[101.09366212600008,15.63564825800006],[101.09663328300007,15.636575668000035],[101.09640274600008,15.638717409000037],[101.09866782600005,15.637343556000076],[101.09830875100005,15.63968791800005],[101.09885555100004,15.641406758000073],[101.09779378900004,15.643012959000032],[101.10006388700003,15.644137622000073],[101.09958336100004,15.64567788200003],[101.09794948100006,15.647200460000022],[101.09982757200004,15.647289233000038],[101.10038722200005,15.649439808000068],[101.09925592300004,15.649354859000027],[101.09872578300008,15.651416351000023],[101.09990196600006,15.654830760000038],[101.10075144900009,15.655572342000028],[101.10021084700008,15.657183621000058],[101.09870828600003,15.656931630000031],[101.09745359000004,15.65770797700003],[101.09666673400005,15.656131267000035],[101.09769044300003,15.654461124000022],[101.09302970300007,15.655159989000026],[101.09107929400005,15.655070411000054],[101.09209511800003,15.65840853800006],[101.08789305700009,15.659514074000072],[101.08566615400008,15.662382388000026],[101.08463078900007,15.659836168000027],[101.08372960700007,15.659733637000045]]]},"properties":{"Shape_Leng":0.415494527564,"Shape_Area":0.00448020640322,"ADM3_EN":"Sa Pradu","ADM3_TH":"สระประดู่","ADM3_PCODE":"TH670502","ADM2_EN":"Wichian Buri","ADM2_TH":"วิเชียรบุรี","ADM2_PCODE":"TH6705","ADM1_EN":"Phetchabun","ADM1_TH":"เพชรบูรณ์","ADM1_PCODE":"TH67","ADM0_EN":"Thailand","ADM0_TH":"ประเทศไทย","ADM0_PCODE":"TH"}},
{"type":"Feature","geometry":{"type":"Polygon","coordinates":[[[101.08713374700005,15.678792395000073],[101.08450346900008,15.68069947500004],[101.08355952700003,15.679899359000046],[101.08168761800005,15.680281767000054],[101.08075942600004,15.681810455000061],[101.08120988100006,15.683524415000022],[101.07910403400007,15.683487165000031],[101.07767380300004,15.685089793000031],[101.07821724600007,15.689140290000068],[101.07598944600005,15.691291819000071],[101.07770935900004,15.69227961300004],[101.07924586500008,15.691403209000043],[101.07839399300008,15.695487878000051],[101.07709515800008,15.695447233000039],[101.07777424700004,15.70008007000007],[101.07481949400005,15.70043197700005],[101.07686134900007,15.704723214000069],[101.07856214600008,15.703893836000077],[101.07903239900008,15.704910870000049],[101.07792395100006,15.708665686000074],[101.08029757700007,15.709588647000032],[101.07785195700006,15.711176473000023],[101.07823305600004,15.712892184000054],[101.07723527800005,15.715014764000045],[101.07607944200004,15.71584910200005],[101.07331272200008,15.716050025000072],[101.06980672300006,15.715322168000057],[101.07016341100007,15.713961433000065],[101.06900627900006,15.71360869800003],[101.06912419900004,15.716283487000055],[101.06762900400008,15.715624911000077],[101.06637920900005,15.71647331500003],[101.06640474300008,15.720549497000036],[101.06539029100009,15.721169505000034],[101.06362741500004,15.720588631000055],[101.06250598300005,15.721534090000034],[101.06354019400004,15.722620101000075],[101.06261065300004,15.72369162700005],[101.05941819100008,15.723374874000058],[101.06005217100005,15.72094168500007],[101.05834099100008,15.721425088000046],[101.05678033700008,15.723418731000038],[101.05799904300005,15.72749054600007],[101.05465369200004,15.730596555000034],[101.05590857700008,15.731762909000054],[101.05688534200004,15.733968269000059],[101.05934870200008,15.734129409000047],[101.05990108700007,15.73207762800007],[101.06157057100006,15.734149539000043],[101.06164443100005,15.737112299000046],[101.06307240000007,15.736535643000025],[101.06345213300006,15.734505080000076],[101.06504145800005,15.735562197000036],[101.06436016700007,15.73790639200007],[101.06504957500005,15.739989989000037],[101.06237158200008,15.741275424000037],[101.06354484500008,15.743415668000068],[101.06261095100007,15.74378228200004],[101.06051571100005,15.74240796600003],[101.05980321800007,15.741122662000066],[101.05781635900007,15.743691209000076],[101.05916208700006,15.745190663000074],[101.05894611600007,15.746134508000068],[101.05557652800007,15.750721555000041],[101.05287916400005,15.752902853000023],[101.05185426900005,15.754621927000073],[101.04970441700004,15.755290672000058],[101.05053377900003,15.756926101000033],[101.04850234000008,15.757356179000055],[101.04941213700005,15.76019904900005],[101.05295160800006,15.758985123000059],[101.05308573400004,15.75756588300004],[101.05553399300004,15.75826567300004],[101.05506556500006,15.760224323000045],[101.05612576300007,15.76064668600003],[101.05421140300007,15.761155187000043],[101.05078058400005,15.764050464000036],[101.05170183000007,15.764712512000074],[101.05128039200008,15.76740783400004],[101.05022746100008,15.76614952600005],[101.04863085400007,15.766107463000026],[101.04612638900005,15.768562590000045],[101.04580836600007,15.770664319000048],[101.04365789300005,15.771587172000068],[101.04308584600005,15.772692095000025],[101.04232205100004,15.771256986000026],[101.04002808600006,15.769796313000029],[101.04006313500008,15.768878524000058],[101.03547240800003,15.76704466600006],[101.03359112100009,15.764200729000038],[101.03145808900007,15.762592040000072],[101.03100214400007,15.760040901000025],[101.02915235900008,15.759012504000054],[101.02843348500005,15.75672280200007],[101.02729010900003,15.755831241000067],[101.02689661100004,15.753789514000061],[101.02403761100004,15.752578967000034],[101.02413327800008,15.753828119000048],[101.02272547500007,15.75479791500004],[101.02120418400006,15.75477761600007],[101.01949797200007,15.753068554000038],[101.01855307000005,15.75304376300005],[101.01769848600009,15.750770658000022],[101.01525828100006,15.747680278000075],[101.01306833700005,15.747469625000065],[101.01208376900007,15.746495741000047],[101.01047286100004,15.746851867000032],[101.00931620100005,15.744734995000044],[101.00884033500006,15.745244152000055],[101.00763639000007,15.743515717000037],[101.00481820000005,15.74343996400006],[101.00153176500004,15.74118829200006],[100.99627232800003,15.741946430000041],[100.99606427100008,15.743453552000062],[100.99424042800007,15.742721766000045],[100.99155998100008,15.74327672100003],[100.98838871100008,15.740523520000067],[100.98847085800008,15.73912643500006],[100.98582917800007,15.738374669000052],[100.98389197900008,15.73948734000004],[100.98199823600004,15.741741704000049],[100.97757800000005,15.74127046500007],[100.97695428000009,15.738800965000053],[100.97316054900006,15.738082291000069],[100.97205353300006,15.736975553000036],[100.96890024200007,15.737811946000022],[100.96558463400004,15.73692290100007],[100.96498704000004,15.735189080000055],[100.96364430700004,15.734296484000026],[100.96276564800007,15.732625730000052],[100.96146155600007,15.732945571000073],[100.95828688400007,15.733247598000048],[100.95411311800007,15.734441317000062],[100.95182086900007,15.732641401000024],[100.95125773900008,15.727927093000062],[100.95264128700006,15.724606105000078],[100.95602094200007,15.721085180000046],[100.96054568000005,15.718981846000077],[100.96203966000007,15.717698075000044],[100.96430235000008,15.71413930400007],[100.96567197500008,15.713726000000065],[100.97402846900007,15.70728894900003],[100.97648425300008,15.706153569000037],[100.98000876300006,15.705887528000062],[100.98631494600005,15.701395701000024],[100.99135514600005,15.69739478200006],[100.99422099300006,15.69574244100005],[100.99401881200004,15.691488302000039],[100.99565973100005,15.689933492000023],[100.99866483200003,15.690099931000077],[100.99911669700003,15.688399632000028],[101.00105019500006,15.688486272000034],[101.00301562900006,15.690008940000041],[101.00550396500006,15.689736297000024],[101.00683420900003,15.686401022000041],[101.00882394400008,15.683670748000054],[101.00924164100007,15.680049651000047],[101.01014493400004,15.676715514000023],[101.01375989200005,15.66777193400003],[101.01896780700008,15.657681249000063],[101.01988564400006,15.653271564000022],[101.02540304800004,15.654979340000068],[101.02714354700004,15.65600081100007],[101.02879424700006,15.658585148000043],[101.03033815200007,15.66008961500006],[101.03065898400007,15.664335478000055],[101.03224179000006,15.665876828000023],[101.03381818800005,15.665796967000063],[101.03699944100003,15.666568699000038],[101.04533858300005,15.664757876000067],[101.04901740800005,15.663668939000047],[101.05529507400007,15.664303680000046],[101.06053903600008,15.66416676800003],[101.06321176200004,15.663148547000048],[101.06891782100007,15.658012653000071],[101.06996777800003,15.657506211000054],[101.07325579400003,15.657829631000027],[101.07687419200005,15.658805318000077],[101.07916629400006,15.658833336000043],[101.08372960700007,15.659733637000045],[101.08419169300004,15.66135322200006],[101.08262761900005,15.662668137000026],[101.08164618200004,15.661916236000025],[101.08063027500003,15.664545181000051],[101.07842682200004,15.665272220000077],[101.08161949300006,15.668420363000052],[101.07978507300004,15.668753743000025],[101.07981974800003,15.671035532000076],[101.08136297800007,15.673306178000075],[101.08363087700008,15.673569668000027],[101.08418612800006,15.675735410000073],[101.08593529200004,15.674482603000058],[101.08786699800004,15.675286868000057],[101.08643798100007,15.677923812000074],[101.08713374700005,15.678792395000073]]]},"properties":{"Shape_Leng":0.599379731577,"Shape_Area":0.00795079222131,"ADM3_EN":"Sam Yaek","ADM3_TH":"สามแยก","ADM3_PCODE":"TH670503","ADM2_EN":"Wichian Buri","ADM2_TH":"วิเชียรบุรี","ADM2_PCODE":"TH6705","ADM1_EN":"Phetchabun","ADM1_TH":"เพชรบูรณ์","ADM1_PCODE":"TH67","ADM0_EN":"Thailand","ADM0_TH":"ประเทศไทย","ADM0_PCODE":"TH"}},
{"type":"Feature","geometry":{"type":"Polygon","coordinates":[[[101.17213395200008,15.737685894000037],[101.17316305100007,15.737423682000042],[101.17404610300008,15.73963393400004],[101.17280230700004,15.745059121000054],[101.17437166200006,15.745063522000066],[101.17505637400006,15.746425973000044],[101.17671893900007,15.745665146000022],[101.17796763700005,15.746493745000066],[101.18066147300004,15.746686467000075],[101.18106079300009,15.747937125000021],[101.18044353800008,15.75094809500007],[101.18285528100006,15.753049626000063],[101.18384792900008,15.752217181000049],[101.18568473100004,15.754023931000063],[101.18504552400003,15.755934357000058],[101.18722772800004,15.755311954000035],[101.18732956900004,15.756697815000052],[101.19032148400004,15.756761364000056],[101.19009505600008,15.757571263000045],[101.19280249600007,15.75806414300007],[101.19414178700004,15.759473193000076],[101.19267853400004,15.760462894000057],[101.19382388500009,15.762211535000063],[101.19346761700007,15.766199217000064],[101.19489417400007,15.768094979000068],[101.19420740200007,15.771746780000058],[101.19524760400009,15.772258546000046],[101.19515478300008,15.774164579000058],[101.19641277900007,15.774976792000075],[101.19719057200007,15.776975513000025],[101.19944951200006,15.778955242000052],[101.20010008600008,15.77554910300006],[101.20152069400007,15.776574932000074],[101.20301634300006,15.77582925400003],[101.20467215200006,15.776541248000058],[101.20650940700006,15.779694229000029],[101.20663230900004,15.778848242000038],[101.20948665300006,15.780188057000032],[101.21130875800009,15.77967568500003],[101.21160443500008,15.780533509000065],[101.21422493100005,15.781462493000049],[101.21551484300005,15.781062572000053],[101.21660783800007,15.783261418000052],[101.21758835300005,15.782286825000028],[101.21814848900004,15.783390441000051],[101.21727849800004,15.784390616000053],[101.21910812000004,15.784444015000076],[101.22075680900008,15.785982248000039],[101.22104160700007,15.788082304000056],[101.21986182000006,15.787892811000063],[101.22089077600003,15.790721818000065],[101.22027625300007,15.791911043000027],[101.22221858800003,15.792335835000074],[101.22237889800004,15.79537520200006],[101.22457922200005,15.794797729000038],[101.22630878000007,15.795439850000037],[101.22719280100006,15.797596274000057],[101.22895036800008,15.799803921000034],[101.23236046500006,15.799778212000035],[101.23455739600007,15.797220803000073],[101.23733217200004,15.797137870000029],[101.23940373500005,15.795656416000043],[101.24135546700006,15.795346812000048],[101.24626250900008,15.792116442000065],[101.24620929600007,15.790196561000073],[101.24701994800006,15.789882805000047],[101.25143028600007,15.790737439000054],[101.25369505000003,15.790847428000063],[101.25620045800008,15.793102849000036],[101.25713701700005,15.795011866000038],[101.25771658600007,15.798153826000032],[101.26066436500008,15.80168851700006],[101.26298489200008,15.802635530000032],[101.26593756800008,15.804569258000072],[101.26667845400004,15.805753473000038],[101.26670079200005,15.81027756900005],[101.26490102700006,15.812784048000026],[101.26570239400007,15.813447202000077],[101.26573449800009,15.81613851700007],[101.26729896100005,15.816173244000026],[101.26675951600004,15.820165458000076],[101.26424506300003,15.820200783000075],[101.26175962500008,15.820868192000034],[101.26339628600005,15.822381450000023],[101.26284833500006,15.823690025000076],[101.26465572800004,15.827516996000043],[101.26232604000006,15.828697959000067],[101.26087673900008,15.830454159000055],[101.26116860400003,15.833222173000024],[101.25969438500005,15.835189919000072],[101.25647543300005,15.834595969000077],[101.25531993300007,15.837723211000025],[101.25306617300004,15.837616555000068],[101.25085736500006,15.838675613000078],[101.25080533000005,15.840048650000028],[101.25183436300006,15.841499547000069],[101.25115734800005,15.843261792000021],[101.25242960000008,15.845047579000038],[101.25017583100004,15.846768356000041],[101.25028921400008,15.847625790000052],[101.24875418000005,15.849096437000071],[101.24807738900006,15.85193281100004],[101.24874496600006,15.857282719000068],[101.24721456100008,15.860320772000023],[101.24563403300004,15.856552742000076],[101.24546171300005,15.854796022000073],[101.24144446100007,15.847709224000027],[101.23624777800006,15.84760383500003],[101.22789375700006,15.849123918000032],[101.22330431300009,15.850702807000062],[101.22098964700007,15.850076167000054],[101.21767089600007,15.851466669000047],[101.21373619700006,15.848069892000069],[101.21042585800006,15.847503021000023],[101.20792368100007,15.845373669000026],[101.20683498400007,15.841618201000074],[101.20426984600005,15.836545671000067],[101.20276387900009,15.835538589000066],[101.19789454600004,15.83471583000005],[101.19672923800005,15.833037212000022],[101.19561873000004,15.828002907000041],[101.19641947800005,15.82595001900006],[101.19823137900005,15.82401053700005],[101.19836758600007,15.822654827000065],[101.19705318700005,15.82064162200004],[101.19667037200009,15.816626201000076],[101.19780161200003,15.814061824000078],[101.19829828000007,15.811165827000025],[101.19788145900009,15.80952192500007],[101.19532560200008,15.80638934600006],[101.19266449100007,15.805061893000072],[101.18835344300004,15.80351898500004],[101.18320250900007,15.802840914000058],[101.17929745400005,15.80311497300005],[101.17464535700009,15.804374198000062],[101.16806839100008,15.804917963000037],[101.15961937000009,15.804140360000076],[101.15281298300005,15.804231354000024],[101.14492606500005,15.80476582800003],[101.13964419400008,15.806007664000049],[101.13916956700007,15.807233859000064],[101.13584640900007,15.808470275000047],[101.13220021200004,15.808398859000022],[101.13036670000008,15.80926351000005],[101.12890404600006,15.810770692000062],[101.12838811100005,15.80891725500004],[101.12839839100008,15.805341576000046],[101.12455329600004,15.803298305000055],[101.12533532500004,15.800085726000077],[101.12441149400007,15.798138825000024],[101.12467240200004,15.795661504000066],[101.12773621700006,15.790076184000043],[101.12512265000004,15.783392826000068],[101.12418094200007,15.782168805000026],[101.12025342900006,15.77273122300005],[101.12198572400007,15.770499312000027],[101.12265603700007,15.76817735700007],[101.12391151800006,15.765998159000048],[101.12449384100006,15.76309217000005],[101.12331672000005,15.760706454000058],[101.12497466400004,15.75717565900004],[101.12546084800005,15.752679798000031],[101.12440158200008,15.748912153000049],[101.12466530200004,15.747051140000053],[101.12396785500005,15.744256697000026],[101.12540008900004,15.737489722000078],[101.12542544300004,15.733034190000069],[101.12448004100008,15.730069190000052],[101.12473182700006,15.728740721000065],[101.12301422800005,15.728474934000076],[101.12278292900004,15.72702875300007],[101.12023434400004,15.726848112000027],[101.12069014100007,15.72619895300005],[101.11928210300005,15.724362684000027],[101.11972598000006,15.723324640000044],[101.11645711500006,15.722241660000066],[101.11384027800005,15.722536366000043],[101.11235718500006,15.721490072000051],[101.11264894200008,15.72068077800003],[101.11141464900004,15.71810669100006],[101.10960273200004,15.717720087000032],[101.11027711000008,15.71657209700004],[101.10962810500007,15.71454717100005],[101.11192072800009,15.70962650000007],[101.11267345300007,15.705886832000033],[101.11388157800008,15.70704433900005],[101.11588393500006,15.705913422000037],[101.11578242600007,15.707948760000022],[101.11777284700008,15.707249455000067],[101.11808229900004,15.70955647900007],[101.12174469600006,15.710244199000044],[101.12322216400008,15.708956969000042],[101.12424957800005,15.709846423000045],[101.12386502700008,15.711791722000044],[101.12523682800008,15.713649662000023],[101.12704061100004,15.712459719000037],[101.12764810900006,15.713619505000054],[101.13036671900005,15.713696739000056],[101.13202872600004,15.714762320000034],[101.13236184800007,15.712682292000068],[101.13513432400003,15.71098689300004],[101.13614907900006,15.712844733000054],[101.13721842900009,15.71202272000005],[101.13765430500007,15.71361091500006],[101.13714726500007,15.716009506000034],[101.13920022100007,15.714923675000023],[101.13977406100008,15.715663645000063],[101.14165497000005,15.714876031000074],[101.14271739000009,15.715796049000062],[101.14459237400007,15.715177188000041],[101.14755846600008,15.716168263000043],[101.14728920100004,15.717702132000056],[101.14909860900008,15.718264574000045],[101.15069678600008,15.721582971000032],[101.15314006800008,15.722758804000023],[101.15254820500007,15.723508429000049],[101.15464056800005,15.723542360000067],[101.15546331400009,15.725127154000063],[101.15685998400005,15.724289598000041],[101.15850690200006,15.724511505000066],[101.15934143500004,15.726023100000077],[101.16052400300003,15.725180822000027],[101.16163114100004,15.728472559000068],[101.16474964100007,15.731311058000074],[101.16628966000007,15.734983125000042],[101.16830431200003,15.735329071000024],[101.16982084000006,15.736648351000042],[101.17213395200008,15.737685894000037]]]},"properties":{"Shape_Leng":0.713322048772,"Shape_Area":0.00917041434736,"ADM3_EN":"Khok Prong","ADM3_TH":"โคกปรง","ADM3_PCODE":"TH670504","ADM2_EN":"Wichian Buri","ADM2_TH":"วิเชียรบุรี","ADM2_PCODE":"TH6705","ADM1_EN":"Phetchabun","ADM1_TH":"เพชรบูรณ์","ADM1_PCODE":"TH67","ADM0_EN":"Thailand","ADM0_TH":"ประเทศไทย","ADM0_PCODE":"TH"}},
{"type":"Feature","geometry":{"type":"Polygon","coordinates":[[[101.19982657000008,15.643570164000039],[101.20244357000007,15.64347476200004],[101.20446983100004,15.645444913000063],[101.20256682100006,15.647696980000035],[101.20371781200004,15.648422038000035],[101.20558437800008,15.65198194900006],[101.20672359900004,15.651899591000074],[101.20687326100006,15.654187654000054],[101.20932470900004,15.654731912000045],[101.20926427500007,15.656845961000045],[101.21027757500008,15.656761313000061],[101.21170967600005,15.659106712000039],[101.21412293100008,15.658985279000035],[101.21591920000009,15.658010409000042],[101.21829161300008,15.658495078000044],[101.22051853900007,15.658154091000029],[101.22194439000003,15.65920503500007],[101.22297992400007,15.658110493000038],[101.22357637400006,15.65536138400006],[101.22574805300007,15.654864158000066],[101.22803951300006,15.653654653000046],[101.22930745300005,15.652272880000055],[101.23140324000008,15.65263875100004],[101.23173952100007,15.65165937200004],[101.23555425700005,15.65150032400004],[101.23763664700004,15.651011938000067],[101.23970041300004,15.653003616000035],[101.24127139700005,15.653015693000043],[101.24267036500004,15.651382259000059],[101.24375616200007,15.65120186200005],[101.24368064100008,15.649547619000032],[101.24574285500006,15.649002169000028],[101.24734457800008,15.649700661000054],[101.24916278300009,15.648478085000022],[101.24962808700008,15.64901631600003],[101.25171836600003,15.647788121000076],[101.25144163700008,15.647154927000031],[101.25370490200004,15.64645968800005],[101.25452430300004,15.645250731000033],[101.25759629500004,15.646567539000046],[101.25811654400007,15.64613074700003],[101.26169221700007,15.64596195100006],[101.26669429300006,15.648660066000048],[101.26869254100006,15.649170432000062],[101.27214243500003,15.648415718000024],[101.27467176700009,15.649498115000029],[101.27965676100007,15.64961855100006],[101.28061930400008,15.650094387000024],[101.28732350400008,15.64974858100004],[101.28923503200008,15.653378119000024],[101.29175791500006,15.653561393000075],[101.29531145300007,15.655409854000027],[101.29577114500006,15.656933844000037],[101.29828940200008,15.65638618500003],[101.29994212400004,15.656846063000046],[101.30320326900005,15.655390219000026],[101.30568695600005,15.655371815000024],[101.30963275700009,15.653549478000059],[101.31172214500003,15.653678833000072],[101.31455519000008,15.652953780000075],[101.31994620700004,15.653939623000042],[101.32216963600007,15.653249949000042],[101.32548239600004,15.654347045000065],[101.32792764300007,15.654477211000028],[101.33343003200008,15.653764955000042],[101.33953530500008,15.654365202000065],[101.34083152700003,15.658905997000033],[101.34189048900004,15.659733610000046],[101.34546874600005,15.660785974000078],[101.34762601600005,15.662517925000031],[101.34793064500008,15.663813408000067],[101.35159968500005,15.667845785000054],[101.35101592600006,15.673819284000047],[101.35256356400004,15.67608423300004],[101.35438454000007,15.676907065000023],[101.35519120400005,15.68089992800003],[101.35859341700007,15.68374155500004],[101.36003293400006,15.686042693000047],[101.36006119500007,15.688499464000074],[101.35794912400007,15.690733625000064],[101.35542478300005,15.691778784000064],[101.35482702100006,15.693364775000077],[101.35300307100005,15.695455395000067],[101.35359886800006,15.696853032000035],[101.35311863600003,15.699209986000028],[101.35204943600007,15.700765955000065],[101.35290241500007,15.70177644100005],[101.35288638600008,15.704313568000032],[101.34957242100006,15.706711246000054],[101.34887359500004,15.708774584000025],[101.34698730300005,15.709669688000076],[101.34635281700008,15.711215656000036],[101.34340637600008,15.711951853000073],[101.34142569000005,15.715649986000074],[101.34144154800003,15.717036904000054],[101.33811943300009,15.718723818000058],[101.33666076600008,15.723157557000036],[101.33373226700007,15.722400272000073],[101.33178782400006,15.724142071000074],[101.32319081800006,15.723820476000071],[101.32069186900009,15.724748569000042],[101.31767081600003,15.724850526000068],[101.31581188900009,15.724120016000029],[101.31486668500008,15.72279224600004],[101.30820607600003,15.720518465000055],[101.30532061500008,15.721533239000053],[101.30125933600004,15.721878754000045],[101.29886862800004,15.721530512000072],[101.29598075100006,15.722910761000037],[101.28792773700008,15.723668401000054],[101.27031902200008,15.724207793000062],[101.26280176800009,15.723774107000054],[101.25498599200006,15.722791337000046],[101.25066611400007,15.723019970000053],[101.24845623800007,15.72400435700007],[101.24506483800008,15.727900956000042],[101.23929988600008,15.72823530200003],[101.23361237800003,15.727451271000064],[101.22931149200008,15.728266288000043],[101.21592150400005,15.728254940000056],[101.20828498800006,15.728022107000072],[101.20418962700006,15.727054402000022],[101.19908670100006,15.727334903000042],[101.19476437700007,15.729066172000046],[101.19112247900006,15.729826892000062],[101.18731148200004,15.732744984000021],[101.18385275600008,15.733417721000023],[101.18145067800003,15.731877058000066],[101.17960743800006,15.73160940400004],[101.17743442400007,15.732379325000068],[101.17712138800005,15.729414424000026],[101.17528368200004,15.728833757000075],[101.17416908300004,15.729707638000036],[101.17392254500004,15.727664831000027],[101.17244970300004,15.727826051000022],[101.17136910200009,15.725210085000072],[101.16922019100008,15.723774797000033],[101.16992023000006,15.721403433000035],[101.16995394200006,15.715255151000065],[101.17066963300005,15.710073800000032],[101.17193231500005,15.703288864000058],[101.17615166600007,15.694703936000053],[101.17717494200008,15.691414935000068],[101.17873897600003,15.688179068000068],[101.18158696500006,15.683281125000065],[101.18359921700005,15.68151408600005],[101.18718946600006,15.680578096000033],[101.18833018200007,15.679385543000024],[101.19130682100007,15.678470824000044],[101.19467061800003,15.67601072900004],[101.19576341500004,15.674709052000026],[101.19483923000007,15.672135343000036],[101.19353458700004,15.67114192400004],[101.19524951700004,15.660465271000078],[101.19493322400007,15.65672814100003],[101.19576312400005,15.653729224000074],[101.19545600400005,15.651947008000036],[101.19611716000009,15.649933968000028],[101.19939846600005,15.647734151000066],[101.19986125400004,15.646862749000036],[101.19982657000008,15.643570164000039]]]},"properties":{"Shape_Leng":0.58711992593,"Shape_Area":0.0123186660839,"ADM3_EN":"Nam Ron","ADM3_TH":"น้ำร้อน","ADM3_PCODE":"TH670505","ADM2_EN":"Wichian Buri","ADM2_TH":"วิเชียรบุรี","ADM2_PCODE":"TH6705","ADM1_EN":"Phetchabun","ADM1_TH":"เพชรบูรณ์","ADM1_PCODE":"TH67","ADM0_EN":"Thailand","ADM0_TH":"ประเทศไทย","ADM0_PCODE":"TH"}},
{"type":"Feature","geometry":{"type":"Polygon","coordinates":[[[101.09582109100006,15.592393522000066],[101.09767321500004,15.589958763000027],[101.09603458300006,15.590189850000058],[101.09425958900005,15.589214063000043],[101.09422204900005,15.590731997000034],[101.09326579400005,15.589021162000051],[101.09067100100003,15.588278047000074],[101.08932353200004,15.58688961100006],[101.09160916200005,15.585174304000077],[101.09275284100005,15.585132144000056],[101.09272927600006,15.583355563000055],[101.08982302500004,15.58189408000004],[101.08829714600006,15.577422807000062],[101.09057215700005,15.574890690000075],[101.08988127000003,15.572974501000033],[101.08880416500006,15.57211092800003],[101.08965468300005,15.570058370000027],[101.08838408800005,15.566002591000029],[101.09031362500008,15.565260631000058],[101.08946799000006,15.56426538200003],[101.08873650900006,15.561700009000049],[101.09020657000008,15.560761956000022],[101.09190281700006,15.561656031000041],[101.09370478700004,15.561499144000038],[101.09534355900007,15.558723952000037],[101.09966424400005,15.56036202200005],[101.10048246500008,15.557448226000076],[101.10220218300009,15.557150560000025],[101.10204487000004,15.555935513000065],[101.10635911300005,15.552935843000057],[101.10844041200005,15.551864180000052],[101.10749675900007,15.550286654000047],[101.10666461000005,15.54583425900006],[101.10717163400005,15.54462920900005],[101.10910213800008,15.54516921800007],[101.10914417700008,15.544248412000059],[101.11196797100007,15.545928583000034],[101.11403010200007,15.545917743000075],[101.11584909100009,15.54978933800004],[101.11918213500007,15.550007566000033],[101.12018716100005,15.550785738000059],[101.12034449500004,15.553179353000075],[101.12303524900005,15.553832697000075],[101.12415266400006,15.556043353000064],[101.12519030400006,15.556004527000027],[101.12665415900005,15.558705046000057],[101.12830277800003,15.559098386000073],[101.12889153700007,15.560303353000052],[101.13187933200004,15.561578388000044],[101.13293998300009,15.563559508000026],[101.13363855200004,15.56334090300004],[101.13454680700005,15.56575139000006],[101.13727104800006,15.567112852000037],[101.13772432200005,15.568146728000045],[101.14032665600007,15.568478346000063],[101.14393790900004,15.569625578000057],[101.14612965800006,15.567942412000036],[101.14886892200008,15.568108520000067],[101.15154423700005,15.567512802000067],[101.15322440500006,15.568542270000023],[101.15472368900004,15.567646194000076],[101.15766775300006,15.564317517000063],[101.15878382200003,15.56183827600006],[101.16011925100008,15.561634927000057],[101.16186635900004,15.560176005000073],[101.16371269700005,15.55978241400004],[101.16605906300003,15.56091569800003],[101.17166987300004,15.561337923000053],[101.17430712500004,15.561047126000062],[101.17626461100008,15.559100908000062],[101.17964366900009,15.55878754500003],[101.18110391000005,15.55788790500003],[101.18220993700004,15.558416674000057],[101.18343366500005,15.557622381000044],[101.18547766000006,15.558760793000033],[101.18772883700007,15.559096080000074],[101.18961946800005,15.558609407000063],[101.19337580300004,15.558579548000068],[101.19803334400007,15.557237666000049],[101.19961750700008,15.557168345000036],[101.20342041900005,15.558701937000023],[101.21014552300005,15.55876491400005],[101.21622579800004,15.560807079000028],[101.21877386700004,15.561013667000054],[101.21978206300008,15.561888182000075],[101.22551718200003,15.562042655000027],[101.22788242100006,15.562885294000068],[101.23034086400008,15.562020419000078],[101.23196267500003,15.560637180000072],[101.23437250500007,15.560299221000037],[101.23547423100007,15.56100021800006],[101.24257503200005,15.561788249000074],[101.24517653800007,15.56267176800003],[101.24774376600004,15.564489066000021],[101.25020303600007,15.565257054000028],[101.25112465200004,15.56258639300006],[101.25221851100008,15.561913686000025],[101.25567743200008,15.562584533000063],[101.25725496400008,15.564150486000074],[101.25920288900005,15.564703243000054],[101.26018663400004,15.564168496000036],[101.26280409300006,15.564803773000051],[101.26641925800004,15.563370993000035],[101.26881548600005,15.563677510000048],[101.27069703500007,15.564952594000033],[101.27143782800005,15.566865734000032],[101.27279588800008,15.565691611000034],[101.27678355200004,15.567652102000068],[101.27842809000003,15.567495018000045],[101.27977130100004,15.568571967000025],[101.28084891300006,15.567914378000069],[101.28157401300007,15.570302223000056],[101.28337888600004,15.569396980000022],[101.28417577200008,15.57040420900006],[101.28525371200004,15.568950878000066],[101.28691850800004,15.568782503000023],[101.28775654100008,15.569626650000032],[101.29003592400005,15.569430490000059],[101.29143641100006,15.568528206000053],[101.29264820500003,15.57086791200004],[101.29467688100004,15.569867456000054],[101.29730942900005,15.569428625000057],[101.29832368000007,15.570025980000025],[101.29956682100004,15.568363525000052],[101.30182469900006,15.569065386000034],[101.30216516300004,15.570849450000026],[101.30113232600007,15.571680795000077],[101.30339115500004,15.572982940000031],[101.30409928400007,15.572314746000075],[101.30641025000006,15.572568147000027],[101.30852413300005,15.573700596000037],[101.31069211600004,15.573410330000058],[101.31081139000008,15.575458534000063],[101.30987538600004,15.577614553000046],[101.30994969700004,15.579459277000069],[101.31140305700006,15.581218596000042],[101.31182782300004,15.58429989800004],[101.31383575200005,15.585330644000067],[101.31450476500004,15.587177642000029],[101.31566548600006,15.588100251000071],[101.31774174000009,15.596478962000049],[101.31650594400008,15.599148384000046],[101.31706049100006,15.602527163000047],[101.31821148700004,15.603295683000056],[101.32127800400008,15.603885956000056],[101.32253457500008,15.606275130000029],[101.32355340600009,15.606681379000065],[101.32848605000004,15.605288717000064],[101.32913409800005,15.605520144000025],[101.32894789300008,15.608083796000074],[101.32985929900008,15.609861350000074],[101.33173899400003,15.610288206000064],[101.33261053000007,15.613972525000065],[101.33118496200007,15.615655738000044],[101.33327000700007,15.617927172000066],[101.33245701000004,15.622135766000042],[101.33610282200004,15.623794832000044],[101.33651654800008,15.625041476000035],[101.33537127300008,15.627049386000067],[101.33563065700008,15.628238097000064],[101.34027406600006,15.631360776000065],[101.34317818100004,15.635642785000073],[101.34396905100004,15.639907041000072],[101.34309844800003,15.643817821000027],[101.34393528800007,15.648068348000038],[101.34298271600005,15.651968139000076],[101.34165634900006,15.652999217000058],[101.33958818200006,15.653402651000022],[101.33953530500008,15.654365202000065],[101.33343003200008,15.653764955000042],[101.32792764300007,15.654477211000028],[101.32548239600004,15.654347045000065],[101.32216963600007,15.653249949000042],[101.31994620700004,15.653939623000042],[101.31455519000008,15.652953780000075],[101.31172214500003,15.653678833000072],[101.30963275700009,15.653549478000059],[101.30568695600005,15.655371815000024],[101.30320326900005,15.655390219000026],[101.29994212400004,15.656846063000046],[101.29828940200008,15.65638618500003],[101.29577114500006,15.656933844000037],[101.29531145300007,15.655409854000027],[101.29175791500006,15.653561393000075],[101.28923503200008,15.653378119000024],[101.28732350400008,15.64974858100004],[101.28061930400008,15.650094387000024],[101.27965676100007,15.64961855100006],[101.27467176700009,15.649498115000029],[101.27214243500003,15.648415718000024],[101.26869254100006,15.649170432000062],[101.26669429300006,15.648660066000048],[101.26169221700007,15.64596195100006],[101.25811654400007,15.64613074700003],[101.25759629500004,15.646567539000046],[101.25452430300004,15.645250731000033],[101.25370490200004,15.64645968800005],[101.25144163700008,15.647154927000031],[101.25171836600003,15.647788121000076],[101.24962808700008,15.64901631600003],[101.24916278300009,15.648478085000022],[101.24734457800008,15.649700661000054],[101.24574285500006,15.649002169000028],[101.24368064100008,15.649547619000032],[101.24375616200007,15.65120186200005],[101.24267036500004,15.651382259000059],[101.24127139700005,15.653015693000043],[101.23970041300004,15.653003616000035],[101.23763664700004,15.651011938000067],[101.23555425700005,15.65150032400004],[101.23173952100007,15.65165937200004],[101.23140324000008,15.65263875100004],[101.22930745300005,15.652272880000055],[101.22803951300006,15.653654653000046],[101.22574805300007,15.654864158000066],[101.22357637400006,15.65536138400006],[101.22297992400007,15.658110493000038],[101.22194439000003,15.65920503500007],[101.22051853900007,15.658154091000029],[101.21829161300008,15.658495078000044],[101.21591920000009,15.658010409000042],[101.21412293100008,15.658985279000035],[101.21170967600005,15.659106712000039],[101.21027757500008,15.656761313000061],[101.20926427500007,15.656845961000045],[101.20932470900004,15.654731912000045],[101.20687326100006,15.654187654000054],[101.20672359900004,15.651899591000074],[101.20558437800008,15.65198194900006],[101.20371781200004,15.648422038000035],[101.20256682100006,15.647696980000035],[101.20446983100004,15.645444913000063],[101.20244357000007,15.64347476200004],[101.19982657000008,15.643570164000039],[101.19942101200007,15.642083446000072],[101.20078958900007,15.640081255000041],[101.20023177500008,15.638387961000035],[101.19875431000008,15.637062254000057],[101.19898215400008,15.635684568000045],[101.19501788800005,15.633507157000054],[101.19449493200005,15.632382378000045],[101.19167412000007,15.631492453000021],[101.19125777700003,15.630400604000044],[101.18920994700005,15.629169242000046],[101.18957881000006,15.62788150800003],[101.18781487900009,15.627275891000068],[101.18676860700003,15.624329873000022],[101.18514151100004,15.623026018000076],[101.18230742400004,15.623430971000062],[101.18014404500008,15.623202598000034],[101.18038727800007,15.620340629000054],[101.17878334700004,15.620873456000027],[101.17755238200004,15.620137444000022],[101.17844568600003,15.616968348000057],[101.17715376700005,15.616131457000051],[101.17395042100009,15.616163328000027],[101.17371982300006,15.61486138500004],[101.17511326000005,15.614180651000027],[101.17503965600008,15.613052175000064],[101.17041743900006,15.611729868000054],[101.16976747400008,15.60946019100004],[101.17048902700009,15.60862578900003],[101.16882143700008,15.608495442000049],[101.16926077100004,15.60681112800006],[101.16809336000006,15.60697555400003],[101.16868197800005,15.605124664000073],[101.16768598200008,15.604065003000073],[101.16675346900007,15.604674996000028],[101.16502007300005,15.602658790000078],[101.16222425300003,15.60258760000005],[101.16293512000004,15.600657712000043],[101.16096741000007,15.601624092000066],[101.16025680000007,15.599779912000031],[101.15985186200004,15.601459801000033],[101.15861764800007,15.599170068000035],[101.15422540700007,15.600503050000043],[101.15313215600008,15.605091450000032],[101.15231194200004,15.60541685100003],[101.14810905400009,15.604746642000066],[101.14666444900007,15.605375542000047],[101.14331616800007,15.604503659000045],[101.13942487500003,15.605000636000057],[101.13742126100004,15.604697455000064],[101.13523813200004,15.605354600000055],[101.12975411600007,15.60811079900003],[101.12794444700006,15.607441634000054],[101.12611699900003,15.612456504000022],[101.12325236100008,15.614829041000064],[101.12138416500005,15.615797891000057],[101.11994230800008,15.61462743900006],[101.11866669700004,15.61494276600007],[101.11795485100004,15.613122953000072],[101.11513632200007,15.611017028000049],[101.11331601800003,15.61019780600003],[101.10797943700004,15.61037873500004],[101.10679963100006,15.607974108000064],[101.10406841300005,15.606607774000054],[101.10253108100005,15.607281743000044],[101.10107610800009,15.60643757400004],[101.09904084600004,15.603733522000027],[101.09879483400005,15.599674609000033],[101.09956276800006,15.597705146000067],[101.09863336000006,15.595626798000069],[101.09601767200007,15.595296618000077],[101.09582109100006,15.592393522000066]]]},"properties":{"Shape_Leng":0.923881224191,"Shape_Area":0.016690731863,"ADM3_EN":"Bo Rang","ADM3_TH":"บ่อรัง","ADM3_PCODE":"TH670506","ADM2_EN":"Wichian Buri","ADM2_TH":"วิเชียรบุรี","ADM2_PCODE":"TH6705","ADM1_EN":"Phetchabun","ADM1_TH":"เพชรบูรณ์","ADM1_PCODE":"TH67","ADM0_EN":"Thailand","ADM0_TH":"ประเทศไทย","ADM0_PCODE":"TH"}},
{"type":"Feature","geometry":{"type":"Polygon","coordinates":[[[101.03795542800003,15.601680316000056],[101.03193546600005,15.602907727000058],[101.02638783700007,15.604684622000036],[101.02389603800003,15.604874702000075],[101.01360126900005,15.60861357500005],[101.00943326800007,15.609318176000045],[101.00941428900006,15.610002918000077],[101.00537054800009,15.612104414000044],[101.00452462800007,15.614204904000076],[101.00477739400009,15.616595547000031],[101.00425370600004,15.618020448000038],[101.00172419800003,15.618336986000031],[101.00199116100003,15.619264892000047],[101.00042156900008,15.622817797000039],[100.99783429900003,15.623935698000025],[100.99677152800007,15.625282536000043],[100.99359276900009,15.626003531000038],[100.99354083700007,15.627120614000034],[100.98877913000007,15.62959436400007],[100.98668637900005,15.632216046000053],[100.98216194300005,15.632262022000077],[100.98145610000006,15.63372486000003],[100.97733718600006,15.636187428000028],[100.97634324700005,15.631376086000046],[100.97639926400007,15.629500647000043],[100.97820361500004,15.623800441000071],[100.97910996600007,15.61776995300005],[100.97929225900003,15.612140801000066],[100.97862793800005,15.603464598000073],[100.97743797100009,15.600481139000067],[100.97749109000006,15.599174080000068],[100.97623150300007,15.594207803000074],[100.97309962400004,15.595080662000044],[100.96835667100004,15.594764275000045],[100.96794496200005,15.590240787000027],[100.96622423800005,15.589554546000045],[100.96063528600007,15.588886840000043],[100.95269734300007,15.584847327000034],[100.95052316400006,15.580362430000037],[100.94709221900007,15.577390366000031],[100.94634991400005,15.57489818700003],[100.94656548500006,15.57368453500004],[100.94827134100007,15.573019584000065],[100.95449211800008,15.572286914000074],[100.95795727300003,15.574527594000074],[100.96457319400008,15.574334556000053],[100.96988081000006,15.573319815000048],[100.97316910300003,15.571615186000031],[100.97893609000005,15.570035759000064],[100.98271971800006,15.568138959000066],[100.98381276600009,15.567052363000073],[100.98440699400004,15.56622242900005],[100.99239796700004,15.562112338000077],[100.99583021000007,15.561520166000037],[101.00290345800005,15.560901244000036],[101.00702973200003,15.56094530200005],[101.01385839100004,15.56180800900006],[101.02021184600005,15.562865313000032],[101.02471813500006,15.564456350000057],[101.03325294500007,15.565464389000056],[101.04012036300009,15.56799122600006],[101.04369325600004,15.56826460800005],[101.04720223100009,15.567945285000064],[101.05023492900006,15.568332170000076],[101.05033168300008,15.569107551000059],[101.05250636200009,15.568624039000042],[101.05192243200008,15.56779941600007],[101.05307784300004,15.566278346000047],[101.05613250400006,15.565418044000069],[101.05855452900005,15.563009198000032],[101.06034609900007,15.562867718000064],[101.06116841100004,15.561606143000063],[101.06444377400004,15.561393416000044],[101.06472905400005,15.56047678300007],[101.06703640100005,15.561253548000025],[101.06759491200006,15.559954103000052],[101.06942643100007,15.559210676000077],[101.07073297400007,15.555703319000031],[101.07245825600006,15.556560145000049],[101.07657363400006,15.55357136300006],[101.07702859300008,15.554383857000062],[101.07854472000008,15.552098948000037],[101.08035937400007,15.55245092000007],[101.08001616500007,15.551582378000035],[101.08213598700007,15.551896902000067],[101.08357970600008,15.549714866000045],[101.08428280000004,15.551272357000073],[101.08600047000004,15.55277535700003],[101.08396491000008,15.554235964000043],[101.08634644400007,15.555841728000075],[101.08799311600006,15.555210011000042],[101.08889693900005,15.556926331000057],[101.09037254100008,15.557363706000046],[101.09188756200007,15.556663933000038],[101.09093967700005,15.555442859000038],[101.09230807800009,15.552649621000057],[101.09376053600005,15.555756049000024],[101.09323126500004,15.558188419000032],[101.09236596500006,15.559092650000025],[101.09346231200004,15.559725967000077],[101.09370478700004,15.561499144000038],[101.09190281700006,15.561656031000041],[101.09020657000008,15.560761956000022],[101.08873650900006,15.561700009000049],[101.08946799000006,15.56426538200003],[101.09031362500008,15.565260631000058],[101.08838408800005,15.566002591000029],[101.08965468300005,15.570058370000027],[101.08880416500006,15.57211092800003],[101.08988127000003,15.572974501000033],[101.09057215700005,15.574890690000075],[101.08829714600006,15.577422807000062],[101.08400720600008,15.578873614000031],[101.08084278600006,15.578238929000065],[101.08062728600004,15.579312633000029],[101.07623805200006,15.584972606000065],[101.07440717100008,15.58614702400007],[101.07402304700008,15.589227080000057],[101.07253347300008,15.59158639900005],[101.06417527300005,15.59107012100003],[101.05951604700005,15.592174317000058],[101.04517618600005,15.598257788000069],[101.04025698300006,15.59993793800004],[101.03795542800003,15.601680316000056]]]},"properties":{"Shape_Leng":0.480202659231,"Shape_Area":0.0051412987917,"ADM3_EN":"Phu Toei","ADM3_TH":"พุเตย","ADM3_PCODE":"TH670507","ADM2_EN":"Wichian Buri","ADM2_TH":"วิเชียรบุรี","ADM2_PCODE":"TH6705","ADM1_EN":"Phetchabun","ADM1_TH":"เพชรบูรณ์","ADM1_PCODE":"TH67","ADM0_EN":"Thailand","ADM0_TH":"ประเทศไทย","ADM0_PCODE":"TH"}},
{"type":"Feature","geometry":{"type":"Polygon","coordinates":[[[100.98381276600009,15.567052363000073],[100.98093014800008,15.565618482000048],[100.97945085200007,15.564256857000032],[100.97885635200004,15.560058635000075],[100.97989348600004,15.553841307000027],[100.98105855400007,15.551832368000078],[100.98763827700009,15.54621110200003],[100.99140342600003,15.544428431000028],[100.99428169800007,15.541669240000033],[100.99619029200005,15.535908844000062],[100.99651318300005,15.531044457000064],[100.99771844100007,15.528349215000048],[100.99869661900004,15.523857986000053],[101.00229488600007,15.523350442000037],[101.00738790300005,15.519860653000023],[101.01056428200008,15.519382594000035],[101.01330220700004,15.518279668000048],[101.01904628600005,15.515083142000037],[101.01996073800007,15.51384709000007],[101.02048084900008,15.510184009000056],[101.02163073500009,15.508331256000076],[101.02225752000004,15.504530817000045],[101.02664673500004,15.50222227300003],[101.03005667400004,15.497533977000046],[101.03294096800005,15.495704652000029],[101.03150078000004,15.493009584000049],[101.03162529300005,15.49222955700003],[101.03452193600003,15.492678693000073],[101.03575985100008,15.489854196000067],[101.03753382200006,15.490502793000076],[101.04142855700007,15.489810602000034],[101.04179843000009,15.48775852600005],[101.04293554500003,15.487812516000076],[101.04373371600008,15.48529626800007],[101.04577297300006,15.484680444000048],[101.04677585100006,15.486103254000056],[101.04945378700006,15.486692232000053],[101.05043065600006,15.488033302000076],[101.05536351200004,15.487939496000024],[101.05706000300006,15.486978768000029],[101.05848049800005,15.487126105000073],[101.06317996000007,15.48357315800007],[101.06749340700009,15.483674719000078],[101.07105840600008,15.484652586000038],[101.07276166600008,15.484024324000075],[101.07896495600005,15.483762263000074],[101.08676297400007,15.482263611000064],[101.08690633200007,15.484187176000034],[101.08903433600005,15.484701790000031],[101.08995526300004,15.487094073000037],[101.08978949500005,15.487420370000052],[101.08781826500007,15.488480690000074],[101.08720289100006,15.48979797000004],[101.08543239900007,15.490373435000038],[101.08502665400005,15.488219182000023],[101.08353260000007,15.488936911000053],[101.08417612600005,15.491323864000037],[101.08386708000006,15.49300972900005],[101.08415282000004,15.496379450000063],[101.08675620100007,15.496222124000042],[101.08719752600007,15.497344139000063],[101.08525231300007,15.498364268000046],[101.08336552300005,15.498114465000072],[101.08360117200004,15.501465583000027],[101.08439997400006,15.501861972000029],[101.08535128600005,15.500381919000063],[101.08805494800004,15.502600362000067],[101.08949601700004,15.50085566100006],[101.09068693300009,15.500858683000047],[101.09073940800005,15.50244490700004],[101.08963956300005,15.502734778000047],[101.09029641000006,15.504276058000073],[101.09173981200007,15.505484136000064],[101.09169052300007,15.507105052000043],[101.09282218900006,15.507280206000075],[101.09094263300005,15.509229030000029],[101.09314632500008,15.509920459000057],[101.09424973600005,15.508709366000062],[101.09507992000005,15.509802843000045],[101.09459724800007,15.511501078000038],[101.09623345700004,15.512141082000028],[101.09442284000005,15.51341143600007],[101.09334714900007,15.513004488000036],[101.09162064100008,15.51466233800005],[101.09039063200004,15.514538917000039],[101.09061027900003,15.51766888700007],[101.08972769600007,15.517049217000022],[101.08799517600005,15.518540815000051],[101.08520479500004,15.518916610000076],[101.08333731700009,15.516556241000046],[101.08240706500004,15.517793709000046],[101.08367670300004,15.518861798000046],[101.08306596200003,15.521703953000042],[101.08511096900008,15.522549401000049],[101.08372980700005,15.524229296000044],[101.08682545200008,15.52630963300004],[101.08711050400007,15.528130987000054],[101.08951486600006,15.527209869000046],[101.08909439600006,15.529303274000029],[101.08703082600005,15.530605538000032],[101.08850425500003,15.535024723000049],[101.08737685900007,15.535958963000041],[101.08820086100008,15.538655126000037],[101.08614924500006,15.537828132000072],[101.08587525500008,15.539917046000028],[101.08443600000004,15.538356287000056],[101.08124681700008,15.542375049000043],[101.08149758600007,15.54387545000003],[101.07955905800009,15.547477119000064],[101.07890903000003,15.550210868000022],[101.07791531800007,15.55055477600007],[101.07879561400006,15.551711649000026],[101.08001616500007,15.551582378000035],[101.08035937400007,15.55245092000007],[101.07854472000008,15.552098948000037],[101.07702859300008,15.554383857000062],[101.07657363400006,15.55357136300006],[101.07245825600006,15.556560145000049],[101.07073297400007,15.555703319000031],[101.06942643100007,15.559210676000077],[101.06759491200006,15.559954103000052],[101.06703640100005,15.561253548000025],[101.06472905400005,15.56047678300007],[101.06444377400004,15.561393416000044],[101.06116841100004,15.561606143000063],[101.06034609900007,15.562867718000064],[101.05855452900005,15.563009198000032],[101.05613250400006,15.565418044000069],[101.05307784300004,15.566278346000047],[101.05192243200008,15.56779941600007],[101.05250636200009,15.568624039000042],[101.05033168300008,15.569107551000059],[101.05023492900006,15.568332170000076],[101.04720223100009,15.567945285000064],[101.04369325600004,15.56826460800005],[101.04012036300009,15.56799122600006],[101.03325294500007,15.565464389000056],[101.02471813500006,15.564456350000057],[101.02021184600005,15.562865313000032],[101.01385839100004,15.56180800900006],[101.00702973200003,15.56094530200005],[101.00290345800005,15.560901244000036],[100.99583021000007,15.561520166000037],[100.99239796700004,15.562112338000077],[100.98440699400004,15.56622242900005],[100.98381276600009,15.567052363000073]]]},"properties":{"Shape_Leng":0.457693110129,"Shape_Area":0.00613738792131,"ADM3_EN":"Phu Kham","ADM3_TH":"พุขาม","ADM3_PCODE":"TH670508","ADM2_EN":"Wichian Buri","ADM2_TH":"วิเชียรบุรี","ADM2_PCODE":"TH6705","ADM1_EN":"Phetchabun","ADM1_TH":"เพชรบูรณ์","ADM1_PCODE":"TH67","ADM0_EN":"Thailand","ADM0_TH":"ประเทศไทย","ADM0_PCODE":"TH"}},
{"type":"Feature","geometry":{"type":"Polygon","coordinates":[[[100.94827134100007,15.573019584000065],[100.94512742600006,15.57322435900005],[100.94267070700005,15.571901343000036],[100.93702491000005,15.572619779000036],[100.93226056600008,15.572908483000049],[100.93381493500004,15.574820866000039],[100.93554634800006,15.575564341000074],[100.93637311000003,15.57902964300007],[100.93843584700005,15.58073392700004],[100.93762933300007,15.582273744000076],[100.93716163300007,15.586524885000074],[100.93794091900008,15.586431485000048],[100.93886380200007,15.590723315000048],[100.93819093700006,15.591132754000057],[100.94005823100008,15.594488482000031],[100.94115780500005,15.59508840500007],[100.94270176800006,15.597887382000067],[100.94584963600005,15.599139631000071],[100.94800010800009,15.600949916000047],[100.94663834500005,15.603658113000051],[100.94252848100007,15.604465059000063],[100.94132387400003,15.604037290000065],[100.94076840100007,15.602443042000061],[100.93831417500007,15.602057234000029],[100.93796901400003,15.600483402000066],[100.93587878000005,15.599727678000022],[100.93510751700006,15.598111998000036],[100.93279326300006,15.598203495000064],[100.93171846000007,15.597427227000026],[100.92767075000006,15.597209280000072],[100.92751635000008,15.59633569600004],[100.92470364200005,15.598817034000035],[100.92157563200004,15.598981799000057],[100.92023804100006,15.597379819000025],[100.91936674500005,15.598269180000045],[100.91834347900004,15.597204170000055],[100.91347626100008,15.596200564000071],[100.91152943800006,15.597331677000057],[100.91064468700006,15.598724772000025],[100.90902291300006,15.598602030000052],[100.90671876300007,15.599480461000041],[100.90652004900005,15.600778498000068],[100.90491496200008,15.600510090000057],[100.90425834900009,15.602428498000052],[100.90309020100005,15.602069972000038],[100.90262539300005,15.60372110000003],[100.89980576500005,15.603429702000028],[100.89741676500006,15.604231213000048],[100.89713280700005,15.603604001000065],[100.89461794800008,15.60458845900007],[100.89191557800007,15.604547067000055],[100.89107882300004,15.603770393000048],[100.88855683300005,15.604035974000055],[100.88585302700005,15.605162264000057],[100.88253650200005,15.60510640700005],[100.88154976400006,15.606679662000033],[100.87710064100008,15.607529764000049],[100.87509189900004,15.606371161000027],[100.87149466300008,15.606119998000054],[100.86905340500005,15.605175855000027],[100.86722393900004,15.606610715000045],[100.86589549600006,15.60648849200004],[100.86597209500007,15.610482306000051],[100.86367723000006,15.610528626000075],[100.86300758900006,15.611204403000045],[100.85967255600008,15.612071425000067],[100.85991853800004,15.613580368000044],[100.85760607400005,15.613927882000041],[100.85440477100008,15.613799078000056],[100.85314131000007,15.612851187000047],[100.84883045600009,15.61308506100005],[100.84705942900007,15.61490236000003],[100.84573343000005,15.61763297400006],[100.84295239800008,15.617426263000027],[100.84168421100009,15.615931702000069],[100.84205643500007,15.614917148000075],[100.84000406200005,15.611360651000041],[100.83507754400006,15.612115298000049],[100.82562486800003,15.615055859000051],[100.82494406000006,15.612769564000075],[100.82216485700008,15.609166636000054],[100.82013245100006,15.608138633000067],[100.81731985600004,15.604068980000022],[100.81643972300009,15.601369358000056],[100.81359235900004,15.602255983000077],[100.81157055000006,15.60219199100004],[100.81062388500004,15.600872029000072],[100.80801270200004,15.593911063000064],[100.80792696200007,15.592473405000078],[100.80910575900003,15.591339669000035],[100.81513013400007,15.58850618300005],[100.81816071300005,15.586049409000054],[100.81824163800007,15.58451077500007],[100.81684580900009,15.583551280000052],[100.81575497700004,15.581030720000058],[100.81347615400006,15.577971159000072],[100.81689421700008,15.576922867000064],[100.82128384300006,15.574829712000053],[100.82157820600008,15.573566258000028],[100.82307453000004,15.572735075000026],[100.82381102400007,15.571275600000035],[100.82480010700004,15.571386902000029],[100.82610823600004,15.569033938000075],[100.82543161100006,15.567634845000043],[100.82806622200007,15.566636217000053],[100.82885506900004,15.565083217000051],[100.83124527600006,15.562409597000055],[100.83265474100006,15.561478970000053],[100.83475274800008,15.561954210000067],[100.83754578900005,15.563391898000077],[100.83921203900007,15.562837399000045],[100.83925128500005,15.558978284000034],[100.83983675800005,15.55944458600004],[100.84227048400004,15.557340488000023],[100.84396853100009,15.556964494000056],[100.84565425900007,15.555335290000073],[100.84805709700004,15.551131540000029],[100.84783733200004,15.550321242000052],[100.84952691800004,15.549149468000053],[100.85174247500004,15.550887915000033],[100.85363055400006,15.548129153000048],[100.85485255900005,15.545344896000074],[100.85357850300005,15.54183893000004],[100.85524866800006,15.538193573000058],[100.85517116200003,15.53655644500003],[100.85607267200004,15.535756419000052],[100.85635220800003,15.531879949000029],[100.85433530800003,15.530587556000057],[100.85492813600007,15.529332586000066],[100.85418810700008,15.526699385000029],[100.85290539000005,15.525432433000049],[100.85436466700008,15.525061329000039],[100.85979374700008,15.527326951000077],[100.86166006500008,15.527637947000073],[100.86228688700004,15.528592630000048],[100.86444729200008,15.528329134000046],[100.86747467200007,15.529550249000067],[100.87094943100004,15.52929451700004],[100.87558497000003,15.528256026000065],[100.87740401400004,15.52863589900005],[100.87978497000006,15.527830434000066],[100.88188994000006,15.528750727000045],[100.88237760200008,15.528187402000071],[100.88485993300009,15.528790116000039],[100.88479603500008,15.52797161500007],[100.88725831300007,15.52553464600004],[100.88871771800007,15.52605698700006],[100.88970239400004,15.524004388000037],[100.88781094800004,15.518018442000027],[100.89248869000005,15.517139287000077],[100.89205273000005,15.515463599000043],[100.90007461800008,15.512908680000066],[100.89905606300005,15.508001364000052],[100.89884806800006,15.503975351000065],[100.90092702400005,15.503499826000052],[100.90120709500007,15.501581815000065],[100.90414614700006,15.496225194000033],[100.90705709900004,15.494850795000048],[100.91046389400003,15.49466747100007],[100.91561635000005,15.49494713300004],[100.91552991500004,15.491960217000042],[100.91660700600005,15.488837352000075],[100.92314908900005,15.490449859000023],[100.92869897300005,15.487688026000058],[100.92877708500004,15.49071183600006],[100.92966391100003,15.491885446000026],[100.93373970300007,15.493851292000045],[100.93613115900007,15.494416153000031],[100.93869609700005,15.49277802000006],[100.94328841500004,15.493146608000075],[100.94559194400006,15.491025726000032],[100.94689572700008,15.490749668000035],[100.94905202400008,15.493216142000051],[100.95106442000008,15.493559188000063],[100.95354408200006,15.494945302000076],[100.95552207000009,15.496820644000024],[100.95652582500009,15.496766469000022],[100.95814157500007,15.499253660000022],[100.96344183700006,15.499282623000056],[100.96625125000008,15.49806264800003],[100.96905081600005,15.501070124000023],[100.97091394900008,15.503885288000049],[100.97631334500005,15.503683015000036],[100.97604325800006,15.50312208300005],[100.97858053000004,15.501763013000073],[100.98107504700005,15.501614395000047],[100.98385278500007,15.503851823000048],[100.98583212900007,15.506079838000062],[100.98984092600006,15.507369997000069],[100.99115474100006,15.509418507000078],[100.99287294400006,15.508550845000059],[100.99410271200009,15.509284066000077],[100.99534751800007,15.508185488000038],[100.99781477900007,15.510274586000037],[100.99883722100009,15.510468639000067],[100.99986613500005,15.509178002000056],[101.00207691800006,15.508939740000073],[101.00351359800004,15.50576181300005],[101.00675577400006,15.504701152000052],[101.01001976200007,15.501006430000075],[101.01214096800004,15.500706137000066],[101.01405768500007,15.498148898000068],[101.01695014400008,15.497634552000022],[101.01743587700008,15.49674234300005],[101.02056412400003,15.495953708000059],[101.02247141900006,15.496349679000048],[101.02407056900006,15.493690374000039],[101.02709451200008,15.494513222000023],[101.02903181000005,15.492748824000046],[101.03150078000004,15.493009584000049],[101.03294096800005,15.495704652000029],[101.03005667400004,15.497533977000046],[101.02664673500004,15.50222227300003],[101.02225752000004,15.504530817000045],[101.02163073500009,15.508331256000076],[101.02048084900008,15.510184009000056],[101.01996073800007,15.51384709000007],[101.01904628600005,15.515083142000037],[101.01330220700004,15.518279668000048],[101.01056428200008,15.519382594000035],[101.00738790300005,15.519860653000023],[101.00229488600007,15.523350442000037],[100.99869661900004,15.523857986000053],[100.99771844100007,15.528349215000048],[100.99651318300005,15.531044457000064],[100.99619029200005,15.535908844000062],[100.99428169800007,15.541669240000033],[100.99140342600003,15.544428431000028],[100.98763827700009,15.54621110200003],[100.98105855400007,15.551832368000078],[100.97989348600004,15.553841307000027],[100.97885635200004,15.560058635000075],[100.97945085200007,15.564256857000032],[100.98093014800008,15.565618482000048],[100.98381276600009,15.567052363000073],[100.98271971800006,15.568138959000066],[100.97893609000005,15.570035759000064],[100.97316910300003,15.571615186000031],[100.96988081000006,15.573319815000048],[100.96457319400008,15.574334556000053],[100.95795727300003,15.574527594000074],[100.95449211800008,15.572286914000074],[100.94827134100007,15.573019584000065]]]},"properties":{"Shape_Leng":0.821341537089,"Shape_Area":0.0141226151628,"ADM3_EN":"Phu Nam Yot","ADM3_TH":"ภูน้ำหยด","ADM3_PCODE":"TH670509","ADM2_EN":"Wichian Buri","ADM2_TH":"วิเชียรบุรี","ADM2_PCODE":"TH6705","ADM1_EN":"Phetchabun","ADM1_TH":"เพชรบูรณ์","ADM1_PCODE":"TH67","ADM0_EN":"Thailand","ADM0_TH":"ประเทศไทย","ADM0_PCODE":"TH"}},
{"type":"Feature","geometry":{"type":"Polygon","coordinates":[[[101.01988564400006,15.653271564000022],[101.01896780700008,15.657681249000063],[101.01375989200005,15.66777193400003],[101.01014493400004,15.676715514000023],[101.00924164100007,15.680049651000047],[101.00882394400008,15.683670748000054],[101.00683420900003,15.686401022000041],[101.00550396500006,15.689736297000024],[101.00301562900006,15.690008940000041],[101.00105019500006,15.688486272000034],[100.99911669700003,15.688399632000028],[100.99866483200003,15.690099931000077],[100.99565973100005,15.689933492000023],[100.99401881200004,15.691488302000039],[100.99422099300006,15.69574244100005],[100.99135514600005,15.69739478200006],[100.98631494600005,15.701395701000024],[100.98000876300006,15.705887528000062],[100.97720000600003,15.703096811000023],[100.97116400300007,15.698822911000036],[100.95784675400006,15.686366983000028],[100.95620192200005,15.684466555000029],[100.95404666800005,15.680927350000047],[100.95288707700007,15.67712830000005],[100.95030228500008,15.671119787000066],[100.94412281000007,15.666095533000032],[100.94131228000003,15.662923591000038],[100.93881170400005,15.658040632000052],[100.93313590400004,15.651322623000056],[100.92849908600004,15.643922480000072],[100.92437629900007,15.635912954000048],[100.92349186500007,15.63260744400003],[100.92804893800007,15.633295822000036],[100.93312801900004,15.634429862000047],[100.93756139000004,15.635883811000042],[100.94628392000004,15.637542927000027],[100.94876835900004,15.637552610000057],[100.95718927800004,15.636181002000058],[100.96085926000006,15.635191658000053],[100.96384234200008,15.634906888000046],[100.96500156700006,15.63574421100003],[100.96468017300003,15.637991488000068],[100.96741453600004,15.639107122000041],[100.96900577600007,15.637347276000071],[100.97033216000005,15.637780715000076],[100.97354841600009,15.636849337000058],[100.97539925300003,15.637177448000045],[100.97733718600006,15.636187428000028],[100.98145610000006,15.63372486000003],[100.98216194300005,15.632262022000077],[100.98668637900005,15.632216046000053],[100.98877913000007,15.62959436400007],[100.99354083700007,15.627120614000034],[100.99359276900009,15.626003531000038],[100.99677152800007,15.625282536000043],[100.99783429900003,15.623935698000025],[101.00042156900008,15.622817797000039],[101.00199116100003,15.619264892000047],[101.00172419800003,15.618336986000031],[101.00425370600004,15.618020448000038],[101.00477739400009,15.616595547000031],[101.00452462800007,15.614204904000076],[101.00537054800009,15.612104414000044],[101.00941428900006,15.610002918000077],[101.00943326800007,15.609318176000045],[101.01360126900005,15.60861357500005],[101.02389603800003,15.604874702000075],[101.02638783700007,15.604684622000036],[101.03193546600005,15.602907727000058],[101.03795542800003,15.601680316000056],[101.03977668300007,15.606015481000043],[101.03772606600006,15.615820241000051],[101.03594047400009,15.617956285000048],[101.03465293000005,15.620752878000076],[101.03435376100003,15.623312635000048],[101.03128037700009,15.630128670000033],[101.02936841200005,15.635349482000038],[101.02628232000006,15.641379477000044],[101.02398119500003,15.644107642000051],[101.02223889900006,15.64686694900007],[101.01988564400006,15.653271564000022]]]},"properties":{"Shape_Leng":0.372592539462,"Shape_Area":0.00541875568614,"ADM3_EN":"Sap Sombun","ADM3_TH":"ซับสมบูรณ์","ADM3_PCODE":"TH670510","ADM2_EN":"Wichian Buri","ADM2_TH":"วิเชียรบุรี","ADM2_PCODE":"TH6705","ADM1_EN":"Phetchabun","ADM1_TH":"เพชรบูรณ์","ADM1_PCODE":"TH67","ADM0_EN":"Thailand","ADM0_TH":"ประเทศไทย","ADM0_PCODE":"TH"}},
{"type":"Feature","geometry":{"type":"Polygon","coordinates":[[[101.11267345300007,15.705886832000033],[101.11192072800009,15.70962650000007],[101.10962810500007,15.71454717100005],[101.11027711000008,15.71657209700004],[101.10960273200004,15.717720087000032],[101.11141464900004,15.71810669100006],[101.11264894200008,15.72068077800003],[101.11235718500006,15.721490072000051],[101.11384027800005,15.722536366000043],[101.11645711500006,15.722241660000066],[101.11972598000006,15.723324640000044],[101.11928210300005,15.724362684000027],[101.12069014100007,15.72619895300005],[101.12023434400004,15.726848112000027],[101.12278292900004,15.72702875300007],[101.12301422800005,15.728474934000076],[101.12473182700006,15.728740721000065],[101.12448004100008,15.730069190000052],[101.12542544300004,15.733034190000069],[101.12540008900004,15.737489722000078],[101.12396785500005,15.744256697000026],[101.12466530200004,15.747051140000053],[101.12440158200008,15.748912153000049],[101.12546084800005,15.752679798000031],[101.12497466400004,15.75717565900004],[101.12331672000005,15.760706454000058],[101.12449384100006,15.76309217000005],[101.12391151800006,15.765998159000048],[101.12265603700007,15.76817735700007],[101.12198572400007,15.770499312000027],[101.12025342900006,15.77273122300005],[101.12418094200007,15.782168805000026],[101.12512265000004,15.783392826000068],[101.12773621700006,15.790076184000043],[101.12467240200004,15.795661504000066],[101.12441149400007,15.798138825000024],[101.12533532500004,15.800085726000077],[101.12455329600004,15.803298305000055],[101.12839839100008,15.805341576000046],[101.12838811100005,15.80891725500004],[101.12890404600006,15.810770692000062],[101.12468370500005,15.81131679400005],[101.11972835100005,15.811207538000076],[101.11613772400005,15.810700188000055],[101.11165773300007,15.810839145000045],[101.10622667200005,15.809350212000027],[101.09836772700004,15.807799154000065],[101.09549812400007,15.806453739000062],[101.09160610000004,15.803061188000072],[101.09028210700006,15.799800668000046],[101.09079063500008,15.797539043000029],[101.09005158900004,15.79633627000004],[101.09142695200006,15.79299035300005],[101.09009585400008,15.788063869000041],[101.08845664500006,15.787221546000069],[101.08870350300003,15.785167673000046],[101.08773946600007,15.778480654000077],[101.08366134000005,15.775806825000075],[101.08241149200006,15.77565716600003],[101.07988972100009,15.77409573400007],[101.07699531800006,15.769933138000056],[101.07190883800007,15.766819886000064],[101.06971986900004,15.767221647000042],[101.06722471000006,15.76945971400005],[101.06151600400005,15.770479785000077],[101.05670073200008,15.770133169000076],[101.05674182600006,15.768590922000044],[101.05953097600008,15.768920579000053],[101.05893068000006,15.767038289000027],[101.05758357000008,15.76646852500005],[101.05988232400006,15.76585820300005],[101.05868626500006,15.763186013000052],[101.05990981000008,15.761782013000072],[101.05965269600006,15.759575287000075],[101.05840982300003,15.760965354000064],[101.05612576300007,15.76064668600003],[101.05506556500006,15.760224323000045],[101.05553399300004,15.75826567300004],[101.05308573400004,15.75756588300004],[101.05295160800006,15.758985123000059],[101.04941213700005,15.76019904900005],[101.04850234000008,15.757356179000055],[101.05053377900003,15.756926101000033],[101.04970441700004,15.755290672000058],[101.05185426900005,15.754621927000073],[101.05287916400005,15.752902853000023],[101.05557652800007,15.750721555000041],[101.05894611600007,15.746134508000068],[101.05916208700006,15.745190663000074],[101.05781635900007,15.743691209000076],[101.05980321800007,15.741122662000066],[101.06051571100005,15.74240796600003],[101.06261095100007,15.74378228200004],[101.06354484500008,15.743415668000068],[101.06237158200008,15.741275424000037],[101.06504957500005,15.739989989000037],[101.06436016700007,15.73790639200007],[101.06504145800005,15.735562197000036],[101.06345213300006,15.734505080000076],[101.06307240000007,15.736535643000025],[101.06164443100005,15.737112299000046],[101.06157057100006,15.734149539000043],[101.05990108700007,15.73207762800007],[101.05934870200008,15.734129409000047],[101.05688534200004,15.733968269000059],[101.05590857700008,15.731762909000054],[101.05465369200004,15.730596555000034],[101.05799904300005,15.72749054600007],[101.05678033700008,15.723418731000038],[101.05834099100008,15.721425088000046],[101.06005217100005,15.72094168500007],[101.05941819100008,15.723374874000058],[101.06261065300004,15.72369162700005],[101.06354019400004,15.722620101000075],[101.06250598300005,15.721534090000034],[101.06362741500004,15.720588631000055],[101.06539029100009,15.721169505000034],[101.06640474300008,15.720549497000036],[101.06637920900005,15.71647331500003],[101.06762900400008,15.715624911000077],[101.06912419900004,15.716283487000055],[101.06900627900006,15.71360869800003],[101.07016341100007,15.713961433000065],[101.06980672300006,15.715322168000057],[101.07331272200008,15.716050025000072],[101.07607944200004,15.71584910200005],[101.07723527800005,15.715014764000045],[101.07823305600004,15.712892184000054],[101.07785195700006,15.711176473000023],[101.08029757700007,15.709588647000032],[101.07792395100006,15.708665686000074],[101.07903239900008,15.704910870000049],[101.07856214600008,15.703893836000077],[101.07686134900007,15.704723214000069],[101.07481949400005,15.70043197700005],[101.07777424700004,15.70008007000007],[101.07709515800008,15.695447233000039],[101.07839399300008,15.695487878000051],[101.07924586500008,15.691403209000043],[101.07770935900004,15.69227961300004],[101.07598944600005,15.691291819000071],[101.07821724600007,15.689140290000068],[101.07767380300004,15.685089793000031],[101.07910403400007,15.683487165000031],[101.08120988100006,15.683524415000022],[101.08075942600004,15.681810455000061],[101.08168761800005,15.680281767000054],[101.08355952700003,15.679899359000046],[101.08450346900008,15.68069947500004],[101.08713374700005,15.678792395000073],[101.09098260700006,15.679783221000037],[101.09221291600005,15.681062869000073],[101.09248548200009,15.684037149000062],[101.09359250100005,15.684730645000059],[101.09270555000006,15.686738731000048],[101.09313227000007,15.688365773000044],[101.09160680500008,15.689233671000068],[101.09209211200005,15.691133433000061],[101.09321730900007,15.692279864000056],[101.09544891200005,15.691953717000047],[101.09542951400005,15.693070350000028],[101.09767948100006,15.694681441000057],[101.09867249800004,15.693478417000051],[101.09898843500008,15.694816505000063],[101.10080719800004,15.696034643000075],[101.10022109200008,15.697304257000042],[101.10183052700006,15.697141147000025],[101.10108276300008,15.698906312000076],[101.10142347100003,15.701034436000043],[101.10799001600009,15.703147676000071],[101.10954887600008,15.703190163000045],[101.10913300900006,15.704885195000031],[101.11267345300007,15.705886832000033]]]},"properties":{"Shape_Leng":0.535458934637,"Shape_Area":0.00573069631404,"ADM3_EN":"Bueng Krachap","ADM3_TH":"บึงกระจับ","ADM3_PCODE":"TH670511","ADM2_EN":"Wichian Buri","ADM2_TH":"วิเชียรบุรี","ADM2_PCODE":"TH6705","ADM1_EN":"Phetchabun","ADM1_TH":"เพชรบูรณ์","ADM1_PCODE":"TH67","ADM0_EN":"Thailand","ADM0_TH":"ประเทศไทย","ADM0_PCODE":"TH"}},
{"type":"Feature","geometry":{"type":"Polygon","coordinates":[[[100.97733718600006,15.636187428000028],[100.97539925300003,15.637177448000045],[100.97354841600009,15.636849337000058],[100.97033216000005,15.637780715000076],[100.96900577600007,15.637347276000071],[100.96741453600004,15.639107122000041],[100.96468017300003,15.637991488000068],[100.96500156700006,15.63574421100003],[100.96384234200008,15.634906888000046],[100.96085926000006,15.635191658000053],[100.95718927800004,15.636181002000058],[100.94876835900004,15.637552610000057],[100.94628392000004,15.637542927000027],[100.93756139000004,15.635883811000042],[100.93312801900004,15.634429862000047],[100.92804893800007,15.633295822000036],[100.92349186500007,15.63260744400003],[100.91764279600005,15.633253387000025],[100.91483610600005,15.632775048000042],[100.90076044900007,15.628646248000052],[100.89427710000007,15.626379618000044],[100.88712268600005,15.624761586000034],[100.87088020300007,15.620525976000067],[100.86345937600004,15.619089345000077],[100.85901370700009,15.616348017000064],[100.85760607400005,15.613927882000041],[100.85991853800004,15.613580368000044],[100.85967255600008,15.612071425000067],[100.86300758900006,15.611204403000045],[100.86367723000006,15.610528626000075],[100.86597209500007,15.610482306000051],[100.86589549600006,15.60648849200004],[100.86722393900004,15.606610715000045],[100.86905340500005,15.605175855000027],[100.87149466300008,15.606119998000054],[100.87509189900004,15.606371161000027],[100.87710064100008,15.607529764000049],[100.88154976400006,15.606679662000033],[100.88253650200005,15.60510640700005],[100.88585302700005,15.605162264000057],[100.88855683300005,15.604035974000055],[100.89107882300004,15.603770393000048],[100.89191557800007,15.604547067000055],[100.89461794800008,15.60458845900007],[100.89713280700005,15.603604001000065],[100.89741676500006,15.604231213000048],[100.89980576500005,15.603429702000028],[100.90262539300005,15.60372110000003],[100.90309020100005,15.602069972000038],[100.90425834900009,15.602428498000052],[100.90491496200008,15.600510090000057],[100.90652004900005,15.600778498000068],[100.90671876300007,15.599480461000041],[100.90902291300006,15.598602030000052],[100.91064468700006,15.598724772000025],[100.91152943800006,15.597331677000057],[100.91347626100008,15.596200564000071],[100.91834347900004,15.597204170000055],[100.91936674500005,15.598269180000045],[100.92023804100006,15.597379819000025],[100.92157563200004,15.598981799000057],[100.92470364200005,15.598817034000035],[100.92751635000008,15.59633569600004],[100.92767075000006,15.597209280000072],[100.93171846000007,15.597427227000026],[100.93279326300006,15.598203495000064],[100.93510751700006,15.598111998000036],[100.93587878000005,15.599727678000022],[100.93796901400003,15.600483402000066],[100.93831417500007,15.602057234000029],[100.94076840100007,15.602443042000061],[100.94132387400003,15.604037290000065],[100.94252848100007,15.604465059000063],[100.94663834500005,15.603658113000051],[100.94800010800009,15.600949916000047],[100.94584963600005,15.599139631000071],[100.94270176800006,15.597887382000067],[100.94115780500005,15.59508840500007],[100.94005823100008,15.594488482000031],[100.93819093700006,15.591132754000057],[100.93886380200007,15.590723315000048],[100.93794091900008,15.586431485000048],[100.93716163300007,15.586524885000074],[100.93762933300007,15.582273744000076],[100.93843584700005,15.58073392700004],[100.93637311000003,15.57902964300007],[100.93554634800006,15.575564341000074],[100.93381493500004,15.574820866000039],[100.93226056600008,15.572908483000049],[100.93702491000005,15.572619779000036],[100.94267070700005,15.571901343000036],[100.94512742600006,15.57322435900005],[100.94827134100007,15.573019584000065],[100.94656548500006,15.57368453500004],[100.94634991400005,15.57489818700003],[100.94709221900007,15.577390366000031],[100.95052316400006,15.580362430000037],[100.95269734300007,15.584847327000034],[100.96063528600007,15.588886840000043],[100.96622423800005,15.589554546000045],[100.96794496200005,15.590240787000027],[100.96835667100004,15.594764275000045],[100.97309962400004,15.595080662000044],[100.97623150300007,15.594207803000074],[100.97749109000006,15.599174080000068],[100.97743797100009,15.600481139000067],[100.97862793800005,15.603464598000073],[100.97929225900003,15.612140801000066],[100.97910996600007,15.61776995300005],[100.97820361500004,15.623800441000071],[100.97639926400007,15.629500647000043],[100.97634324700005,15.631376086000046],[100.97733718600006,15.636187428000028]]]},"properties":{"Shape_Leng":0.440887588602,"Shape_Area":0.00398504903405,"ADM3_EN":"Wang Yai","ADM3_TH":"วังใหญ่","ADM3_PCODE":"TH670512","ADM2_EN":"Wichian Buri","ADM2_TH":"วิเชียรบุรี","ADM2_PCODE":"TH6705","ADM1_EN":"Phetchabun","ADM1_TH":"เพชรบูรณ์","ADM1_PCODE":"TH67","ADM0_EN":"Thailand","ADM0_TH":"ประเทศไทย","ADM0_PCODE":"TH"}},
{"type":"Feature","geometry":{"type":"Polygon","coordinates":[[[101.17416908300004,15.729707638000036],[101.17528368200004,15.728833757000075],[101.17712138800005,15.729414424000026],[101.17743442400007,15.732379325000068],[101.17960743800006,15.73160940400004],[101.18145067800003,15.731877058000066],[101.18385275600008,15.733417721000023],[101.18731148200004,15.732744984000021],[101.19112247900006,15.729826892000062],[101.19476437700007,15.729066172000046],[101.19908670100006,15.727334903000042],[101.20418962700006,15.727054402000022],[101.20828498800006,15.728022107000072],[101.21592150400005,15.728254940000056],[101.22931149200008,15.728266288000043],[101.23361237800003,15.727451271000064],[101.23929988600008,15.72823530200003],[101.24506483800008,15.727900956000042],[101.24845623800007,15.72400435700007],[101.25066611400007,15.723019970000053],[101.25498599200006,15.722791337000046],[101.26280176800009,15.723774107000054],[101.27031902200008,15.724207793000062],[101.28792773700008,15.723668401000054],[101.29598075100006,15.722910761000037],[101.29886862800004,15.721530512000072],[101.30125933600004,15.721878754000045],[101.30532061500008,15.721533239000053],[101.30820607600003,15.720518465000055],[101.31486668500008,15.72279224600004],[101.31581188900009,15.724120016000029],[101.31767081600003,15.724850526000068],[101.32069186900009,15.724748569000042],[101.32319081800006,15.723820476000071],[101.33178782400006,15.724142071000074],[101.33373226700007,15.722400272000073],[101.33666076600008,15.723157557000036],[101.33651584100005,15.725312519000056],[101.33534086800006,15.728533095000046],[101.33675790200004,15.732172940000055],[101.33632913200006,15.733716451000078],[101.33422967700005,15.73649105800007],[101.33397909000007,15.73819455100005],[101.33529356100007,15.73939440600003],[101.33774692200006,15.740518974000054],[101.33885269200005,15.744224518000067],[101.33894566600009,15.746510716000046],[101.33804244400005,15.74766037300003],[101.33622252900005,15.748241374000031],[101.33594136800008,15.750925747000053],[101.33632334300006,15.75302154600007],[101.33565819300009,15.757578442000067],[101.33642883200008,15.763223349000043],[101.33632891900004,15.765901923000058],[101.33888570400006,15.766295682000077],[101.33839282800005,15.767773486000067],[101.33443883800004,15.770457315000044],[101.33459232800004,15.77207721800005],[101.33262399100005,15.773824353000066],[101.33430650200006,15.775785145000043],[101.33332555700008,15.777835641000024],[101.33031823500005,15.780006621000041],[101.32947719100008,15.78412163300004],[101.32850547400005,15.784981713000036],[101.32515777600008,15.786200545000042],[101.32231431800005,15.788182365000068],[101.31963413200003,15.788739503000045],[101.31792950300007,15.790423396000051],[101.31757532700004,15.79178902700005],[101.32053535300008,15.796803084000032],[101.32521493600007,15.799326632000032],[101.32859335000006,15.800257128000055],[101.33072383200005,15.802257883000038],[101.33123109300004,15.805462988000045],[101.32690163200004,15.805972200000042],[101.32329007800007,15.81001198000007],[101.32411886900007,15.81658081300003],[101.32561171100008,15.81917259000005],[101.32726516900004,15.81941084600004],[101.32712477900009,15.820845690000056],[101.32806804900008,15.822790084000076],[101.32834576700009,15.825673291000044],[101.32929839600007,15.82843305700004],[101.33014486800005,15.828981934000069],[101.33015780200009,15.831022756000038],[101.32749081400004,15.829996992000076],[101.32505787000008,15.831255112000065],[101.32514909400004,15.835048487000051],[101.32454291400006,15.837122735000037],[101.32624111100006,15.839436480000074],[101.32974451000007,15.840674901000057],[101.33083606300005,15.842884414000025],[101.33247241700008,15.849095033000026],[101.33180877800004,15.850621974000035],[101.33019433800007,15.851304300000038],[101.32759868900007,15.850714961000051],[101.32669867100009,15.851395489000026],[101.32335510600007,15.849842238000065],[101.32167785800004,15.84633516200006],[101.31962098100007,15.846359798000037],[101.31903095000007,15.845451754000067],[101.31959899500004,15.84385316600003],[101.31872161300004,15.84344197300004],[101.31622025100006,15.844166372000075],[101.31644787900007,15.845861745000036],[101.31354483300004,15.847479338000028],[101.31221230300008,15.849084040000037],[101.30782443400005,15.849394733000054],[101.30430133900006,15.854919319000032],[101.30277437900008,15.86017776400007],[101.30265723300005,15.866030716000068],[101.29730184300007,15.866763767000066],[101.29734287200006,15.869752627000025],[101.29598715200007,15.869972309000048],[101.29273701900007,15.869405270000073],[101.28779361700003,15.870986298000048],[101.28529909500008,15.870539664000034],[101.28305047100008,15.867334310000047],[101.28096161800005,15.867374496000025],[101.27938509700004,15.86848077600007],[101.27789877400005,15.868596698000033],[101.27674632600008,15.866039066000042],[101.27333436800006,15.865454814000032],[101.27284743700005,15.864522711000063],[101.27552689300006,15.861140060000025],[101.27505677000005,15.859509496000044],[101.27261459200008,15.857491749000076],[101.26859727300007,15.85697016000006],[101.26495825100005,15.858753059000037],[101.26352547500005,15.864141676000031],[101.26165193600008,15.86576360500004],[101.25886614600006,15.86586359200004],[101.25593617700008,15.864357402000053],[101.25025946200009,15.863023887000054],[101.24599726000008,15.864170225000066],[101.24721456100008,15.860320772000023],[101.24874496600006,15.857282719000068],[101.24807738900006,15.85193281100004],[101.24875418000005,15.849096437000071],[101.25028921400008,15.847625790000052],[101.25017583100004,15.846768356000041],[101.25242960000008,15.845047579000038],[101.25115734800005,15.843261792000021],[101.25183436300006,15.841499547000069],[101.25080533000005,15.840048650000028],[101.25085736500006,15.838675613000078],[101.25306617300004,15.837616555000068],[101.25531993300007,15.837723211000025],[101.25647543300005,15.834595969000077],[101.25969438500005,15.835189919000072],[101.26116860400003,15.833222173000024],[101.26087673900008,15.830454159000055],[101.26232604000006,15.828697959000067],[101.26465572800004,15.827516996000043],[101.26284833500006,15.823690025000076],[101.26339628600005,15.822381450000023],[101.26175962500008,15.820868192000034],[101.26424506300003,15.820200783000075],[101.26675951600004,15.820165458000076],[101.26729896100005,15.816173244000026],[101.26573449800009,15.81613851700007],[101.26570239400007,15.813447202000077],[101.26490102700006,15.812784048000026],[101.26670079200005,15.81027756900005],[101.26667845400004,15.805753473000038],[101.26593756800008,15.804569258000072],[101.26298489200008,15.802635530000032],[101.26066436500008,15.80168851700006],[101.25771658600007,15.798153826000032],[101.25713701700005,15.795011866000038],[101.25620045800008,15.793102849000036],[101.25369505000003,15.790847428000063],[101.25143028600007,15.790737439000054],[101.24701994800006,15.789882805000047],[101.24620929600007,15.790196561000073],[101.24626250900008,15.792116442000065],[101.24135546700006,15.795346812000048],[101.23940373500005,15.795656416000043],[101.23733217200004,15.797137870000029],[101.23455739600007,15.797220803000073],[101.23236046500006,15.799778212000035],[101.22895036800008,15.799803921000034],[101.22719280100006,15.797596274000057],[101.22630878000007,15.795439850000037],[101.22457922200005,15.794797729000038],[101.22237889800004,15.79537520200006],[101.22221858800003,15.792335835000074],[101.22027625300007,15.791911043000027],[101.22089077600003,15.790721818000065],[101.21986182000006,15.787892811000063],[101.22104160700007,15.788082304000056],[101.22075680900008,15.785982248000039],[101.21910812000004,15.784444015000076],[101.21727849800004,15.784390616000053],[101.21814848900004,15.783390441000051],[101.21758835300005,15.782286825000028],[101.21660783800007,15.783261418000052],[101.21551484300005,15.781062572000053],[101.21422493100005,15.781462493000049],[101.21160443500008,15.780533509000065],[101.21130875800009,15.77967568500003],[101.20948665300006,15.780188057000032],[101.20663230900004,15.778848242000038],[101.20650940700006,15.779694229000029],[101.20467215200006,15.776541248000058],[101.20301634300006,15.77582925400003],[101.20152069400007,15.776574932000074],[101.20010008600008,15.77554910300006],[101.19944951200006,15.778955242000052],[101.19719057200007,15.776975513000025],[101.19641277900007,15.774976792000075],[101.19515478300008,15.774164579000058],[101.19524760400009,15.772258546000046],[101.19420740200007,15.771746780000058],[101.19489417400007,15.768094979000068],[101.19346761700007,15.766199217000064],[101.19382388500009,15.762211535000063],[101.19267853400004,15.760462894000057],[101.19414178700004,15.759473193000076],[101.19280249600007,15.75806414300007],[101.19009505600008,15.757571263000045],[101.19032148400004,15.756761364000056],[101.18732956900004,15.756697815000052],[101.18722772800004,15.755311954000035],[101.18504552400003,15.755934357000058],[101.18568473100004,15.754023931000063],[101.18384792900008,15.752217181000049],[101.18285528100006,15.753049626000063],[101.18044353800008,15.75094809500007],[101.18106079300009,15.747937125000021],[101.18066147300004,15.746686467000075],[101.17796763700005,15.746493745000066],[101.17671893900007,15.745665146000022],[101.17505637400006,15.746425973000044],[101.17437166200006,15.745063522000066],[101.17280230700004,15.745059121000054],[101.17404610300008,15.73963393400004],[101.17316305100007,15.737423682000042],[101.17213395200008,15.737685894000037],[101.17332760300008,15.731141410000077],[101.17416908300004,15.729707638000036]]]},"properties":{"Shape_Leng":0.780441310961,"Shape_Area":0.0142446180969,"ADM3_EN":"Yang Sao","ADM3_TH":"ยางสาว","ADM3_PCODE":"TH670513","ADM2_EN":"Wichian Buri","ADM2_TH":"วิเชียรบุรี","ADM2_PCODE":"TH6705","ADM1_EN":"Phetchabun","ADM1_TH":"เพชรบูรณ์","ADM1_PCODE":"TH67","ADM0_EN":"Thailand","ADM0_TH":"ประเทศไทย","ADM0_PCODE":"TH"}},
{"type":"Feature","geometry":{"type":"Polygon","coordinates":[[[100.95125773900008,15.727927093000062],[100.94588577400003,15.728619727000023],[100.93633724900008,15.728464514000052],[100.93242167600005,15.729309503000025],[100.90388620600004,15.737535343000047],[100.90121167600006,15.73772709800005],[100.89815659200008,15.73604978800006],[100.89667129800006,15.734259893000058],[100.89443028400007,15.733975092000037],[100.89408174500005,15.733113150000065],[100.88977470400005,15.731376880000028],[100.88992723100006,15.729908933000047],[100.88805830500007,15.729382624000039],[100.88718884000008,15.72802450000006],[100.88415232300008,15.728530112000044],[100.88279195100006,15.727782011000045],[100.87665328800006,15.727333557000065],[100.87477300600005,15.724183742000037],[100.87535888800005,15.723242646000074],[100.87368242100007,15.72123381800003],[100.87093274600005,15.720099915000048],[100.86789120900005,15.719843841000056],[100.86748321600004,15.718218800000045],[100.86447967200007,15.716583987000035],[100.86230195500008,15.716566624000052],[100.86173865900008,15.714940235000029],[100.85994037600005,15.713256460000025],[100.85851197400007,15.71341005000005],[100.85796845700008,15.712087659000076],[100.85608962000003,15.712466346000042],[100.85324598400007,15.711262795000039],[100.84978065000007,15.71161610200005],[100.84953698700008,15.710626637000075],[100.84697383900004,15.709412450000059],[100.84743404900007,15.707782681000026],[100.84556867200007,15.70782179400004],[100.84433038500003,15.709888856000077],[100.84352227800008,15.70886432900005],[100.84246568300006,15.709409920000041],[100.83944153100003,15.708840556000041],[100.83241847500005,15.709933785000032],[100.83298750400007,15.708491736000042],[100.83201636400008,15.707322628000043],[100.82838253500006,15.708656957000073],[100.82635936600008,15.710347107000075],[100.82498968400006,15.710291470000072],[100.82244820200003,15.712169716000062],[100.82163937900003,15.711226577000048],[100.81852095600004,15.713012298000024],[100.81743929600003,15.70751610700006],[100.82311560600004,15.698684669000045],[100.82425473500007,15.691100088000042],[100.82554429000004,15.684810482000046],[100.82958608200005,15.682280773000059],[100.83252712400008,15.681754844000068],[100.83347496300007,15.680724827000063],[100.83214804700003,15.67777605200007],[100.83087539600007,15.67714625700006],[100.82673002300004,15.67643352400006],[100.82562745000007,15.675268887000072],[100.82797990100005,15.668891917000053],[100.82805040100004,15.666127278000033],[100.82726875400004,15.664041517000044],[100.82516963700004,15.663828340000066],[100.82341326500006,15.662704396000038],[100.82312614200004,15.661615651000034],[100.82569854200005,15.653541691000044],[100.82740900700009,15.644664762000048],[100.82503933000004,15.639765187000023],[100.82007726700004,15.63104177100007],[100.81943180100006,15.62842678000004],[100.81966033200007,15.62671126400005],[100.82274170400007,15.621929691000048],[100.82296435900008,15.617198663000067],[100.82562486800003,15.615055859000051],[100.83507754400006,15.612115298000049],[100.84000406200005,15.611360651000041],[100.84205643500007,15.614917148000075],[100.84168421100009,15.615931702000069],[100.84295239800008,15.617426263000027],[100.84573343000005,15.61763297400006],[100.84705942900007,15.61490236000003],[100.84883045600009,15.61308506100005],[100.85314131000007,15.612851187000047],[100.85440477100008,15.613799078000056],[100.85760607400005,15.613927882000041],[100.85901370700009,15.616348017000064],[100.86345937600004,15.619089345000077],[100.87088020300007,15.620525976000067],[100.88712268600005,15.624761586000034],[100.89427710000007,15.626379618000044],[100.90076044900007,15.628646248000052],[100.91483610600005,15.632775048000042],[100.91764279600005,15.633253387000025],[100.92349186500007,15.63260744400003],[100.92437629900007,15.635912954000048],[100.92849908600004,15.643922480000072],[100.93313590400004,15.651322623000056],[100.93881170400005,15.658040632000052],[100.94131228000003,15.662923591000038],[100.94412281000007,15.666095533000032],[100.95030228500008,15.671119787000066],[100.95288707700007,15.67712830000005],[100.95404666800005,15.680927350000047],[100.95620192200005,15.684466555000029],[100.95784675400006,15.686366983000028],[100.97116400300007,15.698822911000036],[100.97720000600003,15.703096811000023],[100.98000876300006,15.705887528000062],[100.97648425300008,15.706153569000037],[100.97402846900007,15.70728894900003],[100.96567197500008,15.713726000000065],[100.96430235000008,15.71413930400007],[100.96203966000007,15.717698075000044],[100.96054568000005,15.718981846000077],[100.95602094200007,15.721085180000046],[100.95264128700006,15.724606105000078],[100.95125773900008,15.727927093000062]]]},"properties":{"Shape_Leng":0.547371810435,"Shape_Area":0.0126429608284,"ADM3_EN":"Sap Noi","ADM3_TH":"ซับน้อย","ADM3_PCODE":"TH670514","ADM2_EN":"Wichian Buri","ADM2_TH":"วิเชียรบุรี","ADM2_PCODE":"TH6705","ADM1_EN":"Phetchabun","ADM1_TH":"เพชรบูรณ์","ADM1_PCODE":"TH67","ADM0_EN":"Thailand","ADM0_TH":"ประเทศไทย","ADM0_PCODE":"TH"}},
{"type":"Feature","geometry":{"type":"Polygon","coordinates":[[[101.08995526300004,15.487094073000037],[101.09021158800005,15.485428397000078],[101.09167122000008,15.484231433000048],[101.09201672300009,15.481342754000025],[101.08871192000004,15.482407688000023],[101.08759796700008,15.481315524000024],[101.09002517400006,15.478727720000052],[101.09173076600007,15.477858679000065],[101.09003660200005,15.47573935400004],[101.09164923100008,15.473409281000045],[101.09514880100005,15.474355313000046],[101.09511602800006,15.476611567000077],[101.09629464200003,15.477200348000054],[101.09613224100008,15.474643109000056],[101.09859705100007,15.473677676000023],[101.09870350400007,15.471915401000047],[101.10052007000007,15.471158788000025],[101.10104455700008,15.46944430800005],[101.10246639600007,15.469481027000029],[101.10317167100004,15.468329112000049],[101.10174407600005,15.467975384000056],[101.10256975400006,15.466430506000052],[101.10138378100004,15.46509190200004],[101.10485028700003,15.46399139600004],[101.10506565200006,15.463177391000045],[101.10137219500007,15.461572193000052],[101.10304778500006,15.459516302000054],[101.10195128000004,15.45868463100004],[101.10257149600005,15.457386126000074],[101.10497427800004,15.455895035000026],[101.10507354100008,15.455217129000062],[101.10165141300007,15.45407102300004],[101.10097463100004,15.452873312000065],[101.10425748800009,15.453216568000073],[101.10403024100003,15.45219514400003],[101.10651118300007,15.451477240000031],[101.10431149500005,15.449218200000075],[101.10304065800005,15.450261634000071],[101.10278265900007,15.448095625000065],[101.10451270500005,15.447832547000075],[101.10454377700006,15.445650250000028],[101.10268062700004,15.44698390700006],[101.10070600200004,15.445715104000044],[101.09802366200006,15.445905846000073],[101.09873747200004,15.444355424000037],[101.09826071300006,15.443015374000026],[101.09984874900005,15.440058972000031],[101.10152845900006,15.438567670000054],[101.10111717000007,15.43632105200004],[101.10469929400006,15.434291962000032],[101.10479299300005,15.43530847900007],[101.10693991600004,15.435161186000073],[101.10650520400009,15.43396219400006],[101.10777221100005,15.43392878000003],[101.10774692600006,15.43535975900005],[101.11122647800005,15.434568054000067],[101.11415494000005,15.432171049000033],[101.11567282000004,15.432957092000038],[101.11714479000005,15.426480250000054],[101.11806841000003,15.425843193000048],[101.11561330800004,15.425678670000025],[101.11714130100006,15.422595754000042],[101.11531393500007,15.421870483000077],[101.11532279300008,15.420905446000063],[101.11845484400004,15.418943864000028],[101.11652378700006,15.417357628000047],[101.11838845200003,15.416804968000065],[101.12035402400005,15.418241197000043],[101.12321038300007,15.417375021000055],[101.12390216500006,15.417988998000055],[101.12575482200003,15.417421278000063],[101.12489898700005,15.41966319200003],[101.12652985900007,15.418770014000074],[101.12839174000004,15.418695651000064],[101.12769145700008,15.41673533900007],[101.13155331300004,15.415305315000069],[101.13079387900007,15.414197469000044],[101.13193762000009,15.412521114000072],[101.13187975100004,15.410357220000037],[101.13393866200005,15.410278960000028],[101.13410340900003,15.408234265000033],[101.13197974500008,15.407735024000033],[101.13304119300005,15.405799864000073],[101.13175659300003,15.405069912000044],[101.13217833300007,15.403554654000061],[101.13366579100006,15.40256266700004],[101.13124074500007,15.401883944000076],[101.13281951500005,15.400002566000069],[101.13384141600005,15.40038350900005],[101.13594128700004,15.399527903000035],[101.13607902200005,15.396764645000076],[101.13407940100006,15.397454582000023],[101.13343535200005,15.396122072000026],[101.13525709200007,15.395021447000033],[101.13328297900006,15.394483742000034],[101.13293474900007,15.392254539000078],[101.13164048200008,15.392139445000055],[101.13261860000006,15.390630122000061],[101.13190650600006,15.388348417000032],[101.13621694900007,15.385389159000056],[101.13706660400004,15.385814340000024],[101.13897772400009,15.390683448000061],[101.14262415600007,15.390846972000077],[101.14225347900003,15.392329823000068],[101.14362213600003,15.391974620000042],[101.14461968500007,15.393710555000041],[101.14384356800008,15.393861291000064],[101.14343044500004,15.395975860000021],[101.14444988900004,15.39651357400004],[101.14573055200003,15.39444534100005],[101.14849577400008,15.396992410000053],[101.15103544400006,15.398061799000061],[101.15396519200004,15.39780761000003],[101.15463943300006,15.398756092000042],[101.15263022300007,15.400730157000055],[101.15312671600009,15.40114714300006],[101.15613032700008,15.399505647000069],[101.15794382700005,15.400513096000054],[101.15809361800007,15.401673576000064],[101.16140137700006,15.40160502200007],[101.15997013400005,15.403003725000076],[101.15812808900006,15.402642356000058],[101.15801131500007,15.40468243600003],[101.16002068200004,15.406539312000064],[101.16156811300004,15.405528665000077],[101.16243972200004,15.40342275100005],[101.16379506800007,15.403950463000058],[101.16386222500006,15.405604694000033],[101.16570902600006,15.40543602300005],[101.16617017800007,15.404548680000062],[101.16878290700004,15.404406470000026],[101.16860645300005,15.40699718600007],[101.17214083800008,15.407811028000026],[101.17379380100004,15.407567251000046],[101.17342283300007,15.405025798000054],[101.17536018700008,15.403364770000053],[101.17807409700004,15.404119166000044],[101.17993301100006,15.405311036000057],[101.18478666000004,15.400311645000045],[101.18560743400008,15.400406237000027],[101.18565385500006,15.403104620000022],[101.18660776200005,15.403534530000059],[101.18836769500007,15.402596172000074],[101.18974765000007,15.402767212000072],[101.18967748700004,15.401706797000031],[101.19117060400004,15.401403458000061],[101.19299720000004,15.398806377000028],[101.19556986000003,15.39768368600005],[101.19382682600008,15.39668011200007],[101.19395340000005,15.392894975000047],[101.19663098400008,15.392685801000027],[101.19689167500007,15.394002942000043],[101.19846772700004,15.394948631000034],[101.19961804600007,15.39744664400007],[101.19908265800007,15.399717416000044],[101.20096176900006,15.399343386000055],[101.20056137500006,15.400302552000028],[101.20178038900008,15.401125260000072],[101.20120543000007,15.402259456000024],[101.20352183500006,15.402661154000043],[101.20225425000007,15.404708404000075],[101.20260378000006,15.40639079400006],[101.20483377000005,15.40827676500004],[101.20372370200005,15.410350379000022],[101.20441983800004,15.411813945000063],[101.20340007600004,15.41361456900006],[101.20603773400006,15.415215227000033],[101.20507505400008,15.418659116000072],[101.20670409700006,15.420901283000035],[101.20654909500007,15.421634966000056],[101.20896949600007,15.422882884000046],[101.20959147400004,15.430581700000062],[101.20747648500009,15.431380925000042],[101.20820484700005,15.434783370000048],[101.20973232000006,15.437980259000028],[101.20908606000006,15.441115363000051],[101.20985231000009,15.444587287000047],[101.20940203400005,15.448418106000076],[101.21154313900007,15.449463703000049],[101.21429521700009,15.451859980000052],[101.21782563400006,15.451921353000046],[101.22151361200008,15.450810062000073],[101.22167389300006,15.452048684000033],[101.22682691000006,15.449752358000069],[101.22762813300005,15.451154750000057],[101.23369842300008,15.450729360000025],[101.23745333600004,15.449291134000077],[101.24071877000006,15.449786388000064],[101.24517078500008,15.44991581100004],[101.24764328600008,15.449278543000048],[101.25069358300004,15.449415669000075],[101.25052533200005,15.450541263000048],[101.25356455200006,15.451292528000067],[101.25357570600005,15.45317506400005],[101.25557660600003,15.455362068000056],[101.25650144600007,15.454251172000056],[101.26035349700004,15.45636902800004],[101.25975160400009,15.457344775000024],[101.26114388800005,15.45820795800006],[101.26275611100004,15.458106195000028],[101.26379710200007,15.459797378000076],[101.26565288600005,15.460325607000073],[101.26843953600007,15.459614195000029],[101.27246773500008,15.460810883000022],[101.27455092200006,15.462100926000062],[101.27529318000006,15.464440410000066],[101.27418654500008,15.465483693000067],[101.27716693100007,15.466363379000029],[101.27723675600004,15.467549116000043],[101.27886909300008,15.468004833000066],[101.27838660900005,15.468924075000075],[101.27981252000006,15.47032813900006],[101.27869144900006,15.472057559000064],[101.27959978700005,15.473366297000041],[101.27850625500008,15.473863665000067],[101.27817592700006,15.476100890000055],[101.28178556300008,15.478299398000047],[101.28282194700006,15.481479183000033],[101.28212214900009,15.48239671600004],[101.28322220000007,15.48472511600005],[101.28237641300007,15.48718643500007],[101.28416248100007,15.486632437000026],[101.28417651500007,15.487645115000078],[101.28660185700005,15.488079908000032],[101.28669053500005,15.490059497000061],[101.28755885600003,15.492361453000058],[101.28736890700009,15.494555397000056],[101.28939805100003,15.498303302000068],[101.29170952100009,15.500415779000036],[101.29627553900008,15.500687581000022],[101.29759590400005,15.500429889000031],[101.30056282300006,15.502580755000054],[101.30226546700004,15.502778853000052],[101.30103728600005,15.505941796000059],[101.30097766500006,15.509015383000076],[101.30203311800005,15.510976655000036],[101.30161760400006,15.513066851000076],[101.30222018000006,15.514568645000054],[101.30244074800004,15.517719155000066],[101.30439086500007,15.519682568000064],[101.30040682500004,15.518920755000067],[101.29728394800009,15.520397359000071],[101.29531091600006,15.520798332000027],[101.29383162400006,15.518715494000048],[101.28997500800006,15.516327624000041],[101.29040860700007,15.515226323000036],[101.28839633900009,15.512097115000074],[101.28737874100005,15.512425015000076],[101.28534195800006,15.509981659000061],[101.28193071900006,15.508472217000076],[101.28065678300004,15.505538528000045],[101.27728178100006,15.50560082100003],[101.27417465200006,15.505207723000069],[101.27242911700006,15.504403816000035],[101.27157846300008,15.50234370000004],[101.27012159100008,15.502593380000064],[101.26838354700004,15.504317141000058],[101.26518123000005,15.504300799000077],[101.26504565200008,15.503352275000054],[101.26341056900009,15.503190496000059],[101.26168069800008,15.504376982000053],[101.25788554700006,15.502490842000043],[101.25823820500005,15.501658762000034],[101.25457193300008,15.499246036000045],[101.25111991500006,15.499230229000034],[101.24892906800005,15.500139338000054],[101.24703125200006,15.49804917800003],[101.23912128500007,15.499008374000027],[101.23890101800004,15.49869280200005],[101.23225970000004,15.499323507000042],[101.23232558200004,15.500092988000063],[101.23033574200008,15.500462908000031],[101.22749915900005,15.500042914000062],[101.22481093700009,15.498646670000028],[101.22135779600006,15.497921033000068],[101.22119319700005,15.498603829000047],[101.21842057600009,15.498024179000026],[101.21715784300005,15.498485608000067],[101.21570349400008,15.49779432500003],[101.21422800800008,15.499298555000053],[101.21292748700006,15.498662975000059],[101.21134476200007,15.499274288000038],[101.21046998700007,15.497484063000059],[101.20746686700005,15.497387357000036],[101.20602165000008,15.496348472000022],[101.20304107900006,15.49615192300007],[101.19582721300009,15.494481190000045],[101.19396126600009,15.495714876000022],[101.19032477800005,15.494473280000022],[101.18801503400005,15.494487915000036],[101.18617391200007,15.492400265000072],[101.18481607300004,15.492683703000068],[101.18347524900008,15.491643319000048],[101.18136672100007,15.491418391000025],[101.17879707600008,15.489998342000035],[101.17723310000008,15.49018955400004],[101.16912977600003,15.485509037000043],[101.16633415100006,15.486200244000031],[101.16582078400006,15.48580567600004],[101.15878821100006,15.486145836000048],[101.15675208000005,15.486669410000047],[101.15286417200008,15.486147080000023],[101.14715120300008,15.487194937000027],[101.14473266500005,15.486202415000037],[101.14009761200003,15.487194619000036],[101.13683973400003,15.486737924000067],[101.13149343700007,15.486993003000066],[101.12793853800008,15.487577601000055],[101.12157636000006,15.48691953100007],[101.12124035000005,15.487750559000062],[101.11632264800005,15.486744198000054],[101.11409501100007,15.487569934000078],[101.11039620800005,15.487077202000023],[101.10323086300008,15.487204535000046],[101.10318600000005,15.487954461000072],[101.10075801900007,15.487695150000036],[101.09518821900008,15.487810228000058],[101.08978949500005,15.487420370000052],[101.08995526300004,15.487094073000037]]]},"properties":{"Shape_Leng":0.904712465153,"Shape_Area":0.012590131249,"ADM3_EN":"Si Thep","ADM3_TH":"ศรีเทพ","ADM3_PCODE":"TH670601","ADM2_EN":"Si Thep","ADM2_TH":"ศรีเทพ","ADM2_PCODE":"TH6706","ADM1_EN":"Phetchabun","ADM1_TH":"เพชรบูรณ์","ADM1_PCODE":"TH67","ADM0_EN":"Thailand","ADM0_TH":"ประเทศไทย","ADM0_PCODE":"TH"}},
{"type":"Feature","geometry":{"type":"Polygon","coordinates":[[[101.09826071300006,15.443015374000026],[101.09594971100006,15.44245453600007],[101.09246005900008,15.443155859000058],[101.09141574500006,15.446190066000042],[101.09099120800005,15.452636201000075],[101.08228574300006,15.452600325000049],[101.07849167000006,15.45289456200004],[101.07848786500006,15.456949105000035],[101.07532090000007,15.457293427000025],[101.07510205500006,15.459373292000066],[101.06697973700005,15.458551288000024],[101.06024967800005,15.45721955700003],[101.05465674700008,15.456799538000041],[101.05164324100008,15.45569808700003],[101.04717218900004,15.455121594000047],[101.04411814300005,15.453918647000023],[101.04351001800006,15.452720831000022],[101.03704533400008,15.45025729100007],[101.03178291500006,15.450252479000028],[101.02894221900004,15.449177358000043],[101.02426132100004,15.450218699000061],[101.01757155900003,15.450953434000041],[101.01639965200008,15.449036009000054],[101.01651295900007,15.446831386000042],[101.01503379400003,15.445761966000077],[101.01534144300007,15.442553943000064],[101.01257452300007,15.442233743000031],[101.01231978500005,15.439745316000028],[101.01283226900006,15.436563229000058],[101.01227249500005,15.434598481000023],[101.01265020300008,15.427425134000032],[101.01342843900005,15.427068757000029],[101.01303154300007,15.423618154000053],[101.01055675400005,15.422444333000044],[101.00469780500003,15.422707112000069],[101.00370695300006,15.420551123000052],[101.00223692600008,15.419222661000049],[101.00270286100005,15.41733040400004],[101.00137176900006,15.418187158000023],[100.99825845300006,15.416946994000057],[100.99493601300009,15.418405096000072],[100.99459655200008,15.417447798000069],[100.99302651000005,15.418043314000045],[100.98910543400007,15.418315695000047],[100.98969768600006,15.419114469000021],[100.98674432300004,15.418755973000032],[100.98599371100005,15.420016407000048],[100.98358953300004,15.420850512000072],[100.98365244000007,15.422139250000043],[100.98236424400005,15.421549000000027],[100.98018024100008,15.42185193000006],[100.98088908100004,15.420046834000061],[100.97880650500008,15.419669001000045],[100.97916947900006,15.417534380000063],[100.97759604100008,15.416343726000036],[100.97563370700004,15.416021413000067],[100.97699788800008,15.41461851400004],[100.97695197000007,15.41082502300003],[100.97299696900006,15.410475345000066],[100.97280397600008,15.402464872000053],[100.97655212300003,15.40226507400007],[100.97721105100004,15.40097215700007],[100.97682348800004,15.398298251000028],[100.97532568400004,15.39571555300006],[100.97601123900006,15.39375794600005],[100.97537269600008,15.392151634000072],[100.97620735000004,15.390120255000056],[100.97540514000008,15.38900131500003],[100.97817246200003,15.38504935700007],[100.97746223900003,15.384237863000067],[100.97699096900004,15.380568173000029],[100.97791785200008,15.377228652000042],[100.97620014700004,15.373379410000041],[100.97838044200006,15.37087421800004],[100.97862445000004,15.367443607000041],[100.98269382900008,15.36802890100006],[100.98737907700007,15.369641479000052],[100.98720596300006,15.37161754500005],[101.00141281700007,15.374657941000066],[101.00888905900007,15.37335783800006],[101.00874213400004,15.374805182000046],[101.00718568900004,15.375915204000023],[101.00873437600006,15.37681016700003],[101.00871981300008,15.378242577000037],[101.01010611100008,15.379244551000056],[101.00915068600005,15.380345930000033],[101.00989845900006,15.381297756000038],[101.01524371700003,15.384110071000066],[101.01680446600005,15.38690150800005],[101.01860931300007,15.388923592000026],[101.02107163400007,15.389296147000039],[101.02244779700004,15.39021273700007],[101.02306692100007,15.392804289000026],[101.02590016200008,15.391405191000047],[101.02808669000007,15.393553484000051],[101.02906717000008,15.393145491000041],[101.03003419900006,15.39103207100004],[101.02957139900008,15.389115683000057],[101.03434480700008,15.386493725000037],[101.03361150600006,15.385226011000043],[101.03488970800004,15.384147319000022],[101.03733323600005,15.383902113000033],[101.03752015400005,15.381209542000022],[101.03984622000007,15.381097407000027],[101.03991145300006,15.379577028000028],[101.04625500100008,15.379440827000053],[101.04666493100007,15.379739302000075],[101.05233337500005,15.379615479000051],[101.05592151200005,15.380492544000049],[101.05755301500005,15.379739525000048],[101.05983337600009,15.380265817000065],[101.06071339200008,15.379437083000028],[101.06519194100008,15.379314241000031],[101.06584448000007,15.379970555000057],[101.06779513300006,15.379524165000078],[101.06978159900007,15.379808824000065],[101.07118945400003,15.382842410000023],[101.07233342800004,15.382965338000076],[101.07365067300003,15.384543703000077],[101.07523351400005,15.383957635000058],[101.07792870700007,15.384348868000075],[101.08108668600005,15.385680199000035],[101.08096723700004,15.386876013000062],[101.08303182000009,15.386878610000053],[101.08271060500005,15.38794888600006],[101.08423504400008,15.388022292000073],[101.08559528600006,15.389474137000036],[101.08643878300006,15.388526369000033],[101.08836321300004,15.390255196000055],[101.08864019200007,15.394363962000057],[101.08998831100007,15.396370442000034],[101.08885638700008,15.397088583000027],[101.08859844800008,15.39933097200003],[101.08879559600007,15.403234674000032],[101.08694873300004,15.403577979000033],[101.08628019100007,15.404796755000064],[101.08721136600008,15.406402784000022],[101.08586782600008,15.407205575000035],[101.08679334600004,15.409674895000023],[101.08791239900006,15.41043435000006],[101.09025007200006,15.413615717000027],[101.09054680100007,15.415454856000053],[101.08950635800005,15.415498892000073],[101.08851531100004,15.419921228000078],[101.08928509700007,15.422749976000034],[101.08828594700009,15.424045570000033],[101.08988400000004,15.427306763000047],[101.09101743600007,15.428256834000024],[101.09045756700004,15.429365680000046],[101.09167951200004,15.430266619000065],[101.09255858700004,15.433453695000026],[101.09519546900003,15.431427287000076],[101.09641962300009,15.431648463000045],[101.09718348700005,15.434467699000038],[101.10019063300007,15.43546335800005],[101.10111717000007,15.43632105200004],[101.10152845900006,15.438567670000054],[101.09984874900005,15.440058972000031],[101.09826071300006,15.443015374000026]]]},"properties":{"Shape_Leng":0.539309386644,"Shape_Area":0.00713759068456,"ADM3_EN":"Sa Kruat","ADM3_TH":"สระกรวด","ADM3_PCODE":"TH670602","ADM2_EN":"Si Thep","ADM2_TH":"ศรีเทพ","ADM2_PCODE":"TH6706","ADM1_EN":"Phetchabun","ADM1_TH":"เพชรบูรณ์","ADM1_PCODE":"TH67","ADM0_EN":"Thailand","ADM0_TH":"ประเทศไทย","ADM0_PCODE":"TH"}},
{"type":"Feature","geometry":{"type":"Polygon","coordinates":[[[101.10111717000007,15.43632105200004],[101.10019063300007,15.43546335800005],[101.09718348700005,15.434467699000038],[101.09641962300009,15.431648463000045],[101.09519546900003,15.431427287000076],[101.09255858700004,15.433453695000026],[101.09167951200004,15.430266619000065],[101.09045756700004,15.429365680000046],[101.09101743600007,15.428256834000024],[101.08988400000004,15.427306763000047],[101.08828594700009,15.424045570000033],[101.08928509700007,15.422749976000034],[101.08851531100004,15.419921228000078],[101.08950635800005,15.415498892000073],[101.09054680100007,15.415454856000053],[101.09025007200006,15.413615717000027],[101.08791239900006,15.41043435000006],[101.08679334600004,15.409674895000023],[101.08586782600008,15.407205575000035],[101.08721136600008,15.406402784000022],[101.08628019100007,15.404796755000064],[101.08694873300004,15.403577979000033],[101.08879559600007,15.403234674000032],[101.08859844800008,15.39933097200003],[101.08885638700008,15.397088583000027],[101.08998831100007,15.396370442000034],[101.08864019200007,15.394363962000057],[101.08836321300004,15.390255196000055],[101.08643878300006,15.388526369000033],[101.08559528600006,15.389474137000036],[101.08423504400008,15.388022292000073],[101.08271060500005,15.38794888600006],[101.08303182000009,15.386878610000053],[101.08096723700004,15.386876013000062],[101.08108668600005,15.385680199000035],[101.07792870700007,15.384348868000075],[101.07523351400005,15.383957635000058],[101.07365067300003,15.384543703000077],[101.07233342800004,15.382965338000076],[101.07118945400003,15.382842410000023],[101.06978159900007,15.379808824000065],[101.06779513300006,15.379524165000078],[101.06584448000007,15.379970555000057],[101.06519194100008,15.379314241000031],[101.06071339200008,15.379437083000028],[101.05983337600009,15.380265817000065],[101.05755301500005,15.379739525000048],[101.05592151200005,15.380492544000049],[101.05233337500005,15.379615479000051],[101.04666493100007,15.379739302000075],[101.04625500100008,15.379440827000053],[101.03991145300006,15.379577028000028],[101.03984622000007,15.381097407000027],[101.03752015400005,15.381209542000022],[101.03733323600005,15.383902113000033],[101.03488970800004,15.384147319000022],[101.03361150600006,15.385226011000043],[101.03434480700008,15.386493725000037],[101.02957139900008,15.389115683000057],[101.03003419900006,15.39103207100004],[101.02906717000008,15.393145491000041],[101.02808669000007,15.393553484000051],[101.02590016200008,15.391405191000047],[101.02306692100007,15.392804289000026],[101.02244779700004,15.39021273700007],[101.02107163400007,15.389296147000039],[101.01860931300007,15.388923592000026],[101.01680446600005,15.38690150800005],[101.01524371700003,15.384110071000066],[101.00989845900006,15.381297756000038],[101.00915068600005,15.380345930000033],[101.01010611100008,15.379244551000056],[101.00871981300008,15.378242577000037],[101.00873437600006,15.37681016700003],[101.00718568900004,15.375915204000023],[101.00874213400004,15.374805182000046],[101.00888905900007,15.37335783800006],[101.00141281700007,15.374657941000066],[100.98720596300006,15.37161754500005],[100.98737907700007,15.369641479000052],[100.98269382900008,15.36802890100006],[100.97862445000004,15.367443607000041],[100.97863975500007,15.361544611000056],[100.97729617800007,15.359761444000071],[100.97750428600006,15.358257174000073],[100.97868004000009,15.356946229000073],[100.97965204800005,15.354547238000066],[100.98152951800006,15.352175999000053],[100.98222893400003,15.349072381000042],[100.98409129500004,15.346488930000078],[100.98136012800006,15.344278904000078],[100.97946148700004,15.339417493000042],[100.97704139900009,15.336500673000046],[100.97836860600006,15.333274433000042],[100.97978787800008,15.33211448700007],[100.98261029800005,15.331460266000022],[100.98460902800008,15.329739952000068],[100.98501595600004,15.326386799000034],[100.98603054700004,15.324786282000048],[100.98911698400008,15.322676199000057],[100.99293278000005,15.320682658000067],[100.99559867000005,15.318543487000056],[101.00143497900007,15.318491631000029],[101.00513067400004,15.322908442000028],[101.01017565300003,15.330199734000075],[101.01184813600008,15.331289846000061],[101.01340542300005,15.334219032000021],[101.01497319000003,15.333915470000022],[101.01487906400007,15.335157587000026],[101.02045595400006,15.33742484100003],[101.02523820600004,15.338018086000034],[101.02672556700008,15.337682096000037],[101.02845541600004,15.335136864000049],[101.03069438000006,15.330776472000025],[101.03372844800003,15.327298558000052],[101.03623529300006,15.326270388000069],[101.04282734700007,15.324948246000076],[101.04627681200009,15.32501938300004],[101.04997779800004,15.322870280000075],[101.05094424200007,15.32094475100007],[101.05369291000005,15.319942834000074],[101.05553050500004,15.320124535000048],[101.05647750800006,15.322746933000076],[101.05978263000009,15.324096449000024],[101.06190001300007,15.326508906000072],[101.06282212400004,15.32597518600005],[101.06607139500005,15.32791740700003],[101.06719614000008,15.331868174000022],[101.06821529900009,15.33308056800007],[101.06869045700006,15.33515329100004],[101.07012149800005,15.33608717800007],[101.07037423800006,15.338422276000074],[101.07196470200006,15.33977387300007],[101.07244053000005,15.341288991000056],[101.07382151500008,15.341548335000027],[101.07546360600008,15.344142666000039],[101.07550727800003,15.346034257000042],[101.07671862600006,15.348424962000024],[101.07790961900008,15.349262465000038],[101.07855154700007,15.351332985000056],[101.08000249400004,15.352454926000064],[101.08122997900006,15.354595380000035],[101.08082980900008,15.355581732000076],[101.08227669600006,15.356381916000032],[101.08305696300005,15.354865615000051],[101.08341149600005,15.350346064000064],[101.08533303400009,15.347430390000056],[101.08511787300006,15.345164388000057],[101.08735018900006,15.341390665000063],[101.08856658900004,15.340936915000043],[101.08944504700008,15.338948403000074],[101.09273826600008,15.336787705000063],[101.09427756000008,15.337378700000045],[101.09621169300004,15.33655916400005],[101.09699686300007,15.333939361000034],[101.09821692400004,15.333925458000067],[101.10161963200005,15.330939198000067],[101.10329594300003,15.331333287000064],[101.10569615000009,15.330105371000059],[101.10714416900004,15.330120677000025],[101.10900700200006,15.328071446000024],[101.10888092500005,15.326367683000058],[101.11009647700007,15.32525940000005],[101.11472076800004,15.324883121000028],[101.11573312800004,15.325529249000056],[101.11799086300005,15.325451114000032],[101.12233783600004,15.325977145000024],[101.12526375200008,15.329440798000064],[101.12757276800005,15.331497274000071],[101.12781027800008,15.333798195000043],[101.12972307700005,15.335824181000078],[101.13050790900007,15.337984920000054],[101.13283112900007,15.338042957000027],[101.13337278800009,15.338829209000039],[101.13503045600004,15.338114924000024],[101.13782906800009,15.339576257000033],[101.13976261100004,15.337644999000076],[101.14229636400006,15.338525980000043],[101.14564481800005,15.337220074000072],[101.15272543800006,15.336874806000026],[101.15592474900006,15.336301040000023],[101.15706675600006,15.335531547000073],[101.15837282000007,15.332486128000028],[101.16222453600005,15.330590932000064],[101.16500352100007,15.330368004000036],[101.16678756200008,15.329243753000071],[101.16798429600004,15.327448109000045],[101.17136031900009,15.327124490000074],[101.17261882300005,15.326512913000045],[101.17518523300004,15.327625209000075],[101.17652260600005,15.327294551000023],[101.17927508300005,15.329040216000067],[101.18149268500008,15.328394643000024],[101.18322830800008,15.327156596000066],[101.18614197000005,15.327277394000077],[101.18652284300003,15.328286479000042],[101.18915375100005,15.329642045000071],[101.19306486900007,15.328904242000021],[101.19616435100005,15.327540326000076],[101.19779316400007,15.32734582300003],[101.19843732400005,15.325674735000064],[101.20415838100007,15.321133880000048],[101.20336702500003,15.320048265000025],[101.20543512900008,15.319421657000078],[101.20856271500008,15.324047005000068],[101.21142748600005,15.325412047000043],[101.21364023100006,15.330021112000054],[101.21239313000007,15.333906309000042],[101.21949966200003,15.338026158000048],[101.22193767800007,15.339764116000026],[101.22439620700004,15.339252931000033],[101.22593035300008,15.340971255000056],[101.22468084600007,15.34306090900003],[101.22285593400005,15.344186862000072],[101.22267492600008,15.345344580000074],[101.22460179500007,15.347125724000023],[101.22390082400005,15.348953545000029],[101.22144474400005,15.349629296000046],[101.21664079700008,15.34914359100003],[101.21307058600007,15.349579145000064],[101.20969293100006,15.349114675000067],[101.20856241000007,15.351877587000047],[101.20875134600004,15.353803956000036],[101.20991750100006,15.356426471000077],[101.20763447300004,15.358116496000036],[101.20584385100005,15.362469950000047],[101.20293472500003,15.363417110000057],[101.20051597200006,15.363676610000027],[101.19965268300007,15.365194230000043],[101.20331988200007,15.368551602000025],[101.20877510000008,15.371993466000049],[101.20757929100006,15.374071660000027],[101.20776864400005,15.376033836000033],[101.20529150200008,15.377614207000022],[101.20434542600003,15.37719590100005],[101.20352760800006,15.374679761000039],[101.20088067600005,15.378318084000057],[101.19966531900008,15.380692273000022],[101.19810591100008,15.38198770200006],[101.19809897100004,15.38371382300005],[101.19955125000007,15.383351017000052],[101.20032518700003,15.38202248600004],[101.20164052800004,15.382671264000066],[101.20125309400004,15.383952751000038],[101.19832624700007,15.386799009000072],[101.19977516500006,15.388235218000034],[101.20179704500003,15.386931111000024],[101.20140120600007,15.390692388000048],[101.19972347900006,15.391397785000038],[101.19725262000009,15.390348499000027],[101.19663098400008,15.392685801000027],[101.19395340000005,15.392894975000047],[101.19382682600008,15.39668011200007],[101.19556986000003,15.39768368600005],[101.19299720000004,15.398806377000028],[101.19117060400004,15.401403458000061],[101.18967748700004,15.401706797000031],[101.18974765000007,15.402767212000072],[101.18836769500007,15.402596172000074],[101.18660776200005,15.403534530000059],[101.18565385500006,15.403104620000022],[101.18560743400008,15.400406237000027],[101.18478666000004,15.400311645000045],[101.17993301100006,15.405311036000057],[101.17807409700004,15.404119166000044],[101.17536018700008,15.403364770000053],[101.17342283300007,15.405025798000054],[101.17379380100004,15.407567251000046],[101.17214083800008,15.407811028000026],[101.16860645300005,15.40699718600007],[101.16878290700004,15.404406470000026],[101.16617017800007,15.404548680000062],[101.16570902600006,15.40543602300005],[101.16386222500006,15.405604694000033],[101.16379506800007,15.403950463000058],[101.16243972200004,15.40342275100005],[101.16156811300004,15.405528665000077],[101.16002068200004,15.406539312000064],[101.15801131500007,15.40468243600003],[101.15812808900006,15.402642356000058],[101.15997013400005,15.403003725000076],[101.16140137700006,15.40160502200007],[101.15809361800007,15.401673576000064],[101.15794382700005,15.400513096000054],[101.15613032700008,15.399505647000069],[101.15312671600009,15.40114714300006],[101.15263022300007,15.400730157000055],[101.15463943300006,15.398756092000042],[101.15396519200004,15.39780761000003],[101.15103544400006,15.398061799000061],[101.14849577400008,15.396992410000053],[101.14573055200003,15.39444534100005],[101.14444988900004,15.39651357400004],[101.14343044500004,15.395975860000021],[101.14384356800008,15.393861291000064],[101.14461968500007,15.393710555000041],[101.14362213600003,15.391974620000042],[101.14225347900003,15.392329823000068],[101.14262415600007,15.390846972000077],[101.13897772400009,15.390683448000061],[101.13706660400004,15.385814340000024],[101.13621694900007,15.385389159000056],[101.13190650600006,15.388348417000032],[101.13261860000006,15.390630122000061],[101.13164048200008,15.392139445000055],[101.13293474900007,15.392254539000078],[101.13328297900006,15.394483742000034],[101.13525709200007,15.395021447000033],[101.13343535200005,15.396122072000026],[101.13407940100006,15.397454582000023],[101.13607902200005,15.396764645000076],[101.13594128700004,15.399527903000035],[101.13384141600005,15.40038350900005],[101.13281951500005,15.400002566000069],[101.13124074500007,15.401883944000076],[101.13366579100006,15.40256266700004],[101.13217833300007,15.403554654000061],[101.13175659300003,15.405069912000044],[101.13304119300005,15.405799864000073],[101.13197974500008,15.407735024000033],[101.13410340900003,15.408234265000033],[101.13393866200005,15.410278960000028],[101.13187975100004,15.410357220000037],[101.13193762000009,15.412521114000072],[101.13079387900007,15.414197469000044],[101.13155331300004,15.415305315000069],[101.12769145700008,15.41673533900007],[101.12839174000004,15.418695651000064],[101.12652985900007,15.418770014000074],[101.12489898700005,15.41966319200003],[101.12575482200003,15.417421278000063],[101.12390216500006,15.417988998000055],[101.12321038300007,15.417375021000055],[101.12035402400005,15.418241197000043],[101.11838845200003,15.416804968000065],[101.11652378700006,15.417357628000047],[101.11845484400004,15.418943864000028],[101.11532279300008,15.420905446000063],[101.11531393500007,15.421870483000077],[101.11714130100006,15.422595754000042],[101.11561330800004,15.425678670000025],[101.11806841000003,15.425843193000048],[101.11714479000005,15.426480250000054],[101.11567282000004,15.432957092000038],[101.11415494000005,15.432171049000033],[101.11122647800005,15.434568054000067],[101.10774692600006,15.43535975900005],[101.10777221100005,15.43392878000003],[101.10650520400009,15.43396219400006],[101.10693991600004,15.435161186000073],[101.10479299300005,15.43530847900007],[101.10469929400006,15.434291962000032],[101.10111717000007,15.43632105200004]]]},"properties":{"Shape_Leng":1.04272587967,"Shape_Area":0.0149178835755,"ADM3_EN":"Khlong Krachang","ADM3_TH":"คลองกระจัง","ADM3_PCODE":"TH670603","ADM2_EN":"Si Thep","ADM2_TH":"ศรีเทพ","ADM2_PCODE":"TH6706","ADM1_EN":"Phetchabun","ADM1_TH":"เพชรบูรณ์","ADM1_PCODE":"TH67","ADM0_EN":"Thailand","ADM0_TH":"ประเทศไทย","ADM0_PCODE":"TH"}},
{"type":"Feature","geometry":{"type":"Polygon","coordinates":[[[101.09370478700004,15.561499144000038],[101.09346231200004,15.559725967000077],[101.09236596500006,15.559092650000025],[101.09323126500004,15.558188419000032],[101.09376053600005,15.555756049000024],[101.09230807800009,15.552649621000057],[101.09093967700005,15.555442859000038],[101.09188756200007,15.556663933000038],[101.09037254100008,15.557363706000046],[101.08889693900005,15.556926331000057],[101.08799311600006,15.555210011000042],[101.08634644400007,15.555841728000075],[101.08396491000008,15.554235964000043],[101.08600047000004,15.55277535700003],[101.08428280000004,15.551272357000073],[101.08357970600008,15.549714866000045],[101.08213598700007,15.551896902000067],[101.08001616500007,15.551582378000035],[101.07879561400006,15.551711649000026],[101.07791531800007,15.55055477600007],[101.07890903000003,15.550210868000022],[101.07955905800009,15.547477119000064],[101.08149758600007,15.54387545000003],[101.08124681700008,15.542375049000043],[101.08443600000004,15.538356287000056],[101.08587525500008,15.539917046000028],[101.08614924500006,15.537828132000072],[101.08820086100008,15.538655126000037],[101.08737685900007,15.535958963000041],[101.08850425500003,15.535024723000049],[101.08703082600005,15.530605538000032],[101.08909439600006,15.529303274000029],[101.08951486600006,15.527209869000046],[101.08711050400007,15.528130987000054],[101.08682545200008,15.52630963300004],[101.08372980700005,15.524229296000044],[101.08511096900008,15.522549401000049],[101.08306596200003,15.521703953000042],[101.08367670300004,15.518861798000046],[101.08240706500004,15.517793709000046],[101.08333731700009,15.516556241000046],[101.08520479500004,15.518916610000076],[101.08799517600005,15.518540815000051],[101.08972769600007,15.517049217000022],[101.09061027900003,15.51766888700007],[101.09039063200004,15.514538917000039],[101.09162064100008,15.51466233800005],[101.09334714900007,15.513004488000036],[101.09442284000005,15.51341143600007],[101.09623345700004,15.512141082000028],[101.09459724800007,15.511501078000038],[101.09507992000005,15.509802843000045],[101.09424973600005,15.508709366000062],[101.09314632500008,15.509920459000057],[101.09094263300005,15.509229030000029],[101.09282218900006,15.507280206000075],[101.09169052300007,15.507105052000043],[101.09173981200007,15.505484136000064],[101.09029641000006,15.504276058000073],[101.08963956300005,15.502734778000047],[101.09073940800005,15.50244490700004],[101.09068693300009,15.500858683000047],[101.08949601700004,15.50085566100006],[101.08805494800004,15.502600362000067],[101.08535128600005,15.500381919000063],[101.08439997400006,15.501861972000029],[101.08360117200004,15.501465583000027],[101.08336552300005,15.498114465000072],[101.08525231300007,15.498364268000046],[101.08719752600007,15.497344139000063],[101.08675620100007,15.496222124000042],[101.08415282000004,15.496379450000063],[101.08386708000006,15.49300972900005],[101.08417612600005,15.491323864000037],[101.08353260000007,15.488936911000053],[101.08502665400005,15.488219182000023],[101.08543239900007,15.490373435000038],[101.08720289100006,15.48979797000004],[101.08781826500007,15.488480690000074],[101.08978949500005,15.487420370000052],[101.09518821900008,15.487810228000058],[101.10075801900007,15.487695150000036],[101.10318600000005,15.487954461000072],[101.10323086300008,15.487204535000046],[101.11039620800005,15.487077202000023],[101.11409501100007,15.487569934000078],[101.11632264800005,15.486744198000054],[101.12124035000005,15.487750559000062],[101.12157636000006,15.48691953100007],[101.12793853800008,15.487577601000055],[101.13149343700007,15.486993003000066],[101.13683973400003,15.486737924000067],[101.14009761200003,15.487194619000036],[101.14473266500005,15.486202415000037],[101.14715120300008,15.487194937000027],[101.15286417200008,15.486147080000023],[101.15675208000005,15.486669410000047],[101.15878821100006,15.486145836000048],[101.16582078400006,15.48580567600004],[101.16633415100006,15.486200244000031],[101.16912977600003,15.485509037000043],[101.17723310000008,15.49018955400004],[101.17879707600008,15.489998342000035],[101.18136672100007,15.491418391000025],[101.18347524900008,15.491643319000048],[101.18481607300004,15.492683703000068],[101.18617391200007,15.492400265000072],[101.18801503400005,15.494487915000036],[101.19032477800005,15.494473280000022],[101.19396126600009,15.495714876000022],[101.19582721300009,15.494481190000045],[101.20304107900006,15.49615192300007],[101.20602165000008,15.496348472000022],[101.20746686700005,15.497387357000036],[101.21046998700007,15.497484063000059],[101.21134476200007,15.499274288000038],[101.21292748700006,15.498662975000059],[101.21422800800008,15.499298555000053],[101.21570349400008,15.49779432500003],[101.21715784300005,15.498485608000067],[101.21842057600009,15.498024179000026],[101.22119319700005,15.498603829000047],[101.22135779600006,15.497921033000068],[101.22481093700009,15.498646670000028],[101.22749915900005,15.500042914000062],[101.23033574200008,15.500462908000031],[101.23232558200004,15.500092988000063],[101.23225970000004,15.499323507000042],[101.23890101800004,15.49869280200005],[101.23912128500007,15.499008374000027],[101.24703125200006,15.49804917800003],[101.24892906800005,15.500139338000054],[101.25111991500006,15.499230229000034],[101.25457193300008,15.499246036000045],[101.25823820500005,15.501658762000034],[101.25788554700006,15.502490842000043],[101.26168069800008,15.504376982000053],[101.26341056900009,15.503190496000059],[101.26504565200008,15.503352275000054],[101.26518123000005,15.504300799000077],[101.26838354700004,15.504317141000058],[101.27012159100008,15.502593380000064],[101.27157846300008,15.50234370000004],[101.27242911700006,15.504403816000035],[101.27417465200006,15.505207723000069],[101.27728178100006,15.50560082100003],[101.28065678300004,15.505538528000045],[101.28193071900006,15.508472217000076],[101.28534195800006,15.509981659000061],[101.28737874100005,15.512425015000076],[101.28839633900009,15.512097115000074],[101.29040860700007,15.515226323000036],[101.28997500800006,15.516327624000041],[101.29383162400006,15.518715494000048],[101.29531091600006,15.520798332000027],[101.29728394800009,15.520397359000071],[101.30040682500004,15.518920755000067],[101.30439086500007,15.519682568000064],[101.30052484100008,15.522881606000055],[101.29944556800007,15.524509999000031],[101.29894065700006,15.527320915000075],[101.29772083200004,15.528416026000059],[101.29603794200005,15.52870469000004],[101.29438560900007,15.528101486000025],[101.29311318300006,15.526324221000039],[101.29047870700003,15.525704078000047],[101.28907799000007,15.524580697000033],[101.28830322500005,15.525129132000075],[101.28754975600003,15.530135647000066],[101.28844287400005,15.532262419000062],[101.28840523200006,15.534435380000048],[101.29029522200005,15.536970268000061],[101.29402272100003,15.538872945000037],[101.30075158200003,15.540784630000076],[101.30266339400004,15.542368143000033],[101.30395760800008,15.54641825300007],[101.30705873900007,15.550575371000036],[101.30766116900008,15.552434564000066],[101.30701020000004,15.556335421000028],[101.30917173400007,15.559608273000038],[101.30857435600007,15.562051694000047],[101.30969469600007,15.568685353000035],[101.31125693000007,15.571030674000042],[101.31161511200008,15.574109247000024],[101.31081139000008,15.575458534000063],[101.31069211600004,15.573410330000058],[101.30852413300005,15.573700596000037],[101.30641025000006,15.572568147000027],[101.30409928400007,15.572314746000075],[101.30339115500004,15.572982940000031],[101.30113232600007,15.571680795000077],[101.30216516300004,15.570849450000026],[101.30182469900006,15.569065386000034],[101.29956682100004,15.568363525000052],[101.29832368000007,15.570025980000025],[101.29730942900005,15.569428625000057],[101.29467688100004,15.569867456000054],[101.29264820500003,15.57086791200004],[101.29143641100006,15.568528206000053],[101.29003592400005,15.569430490000059],[101.28775654100008,15.569626650000032],[101.28691850800004,15.568782503000023],[101.28525371200004,15.568950878000066],[101.28417577200008,15.57040420900006],[101.28337888600004,15.569396980000022],[101.28157401300007,15.570302223000056],[101.28084891300006,15.567914378000069],[101.27977130100004,15.568571967000025],[101.27842809000003,15.567495018000045],[101.27678355200004,15.567652102000068],[101.27279588800008,15.565691611000034],[101.27143782800005,15.566865734000032],[101.27069703500007,15.564952594000033],[101.26881548600005,15.563677510000048],[101.26641925800004,15.563370993000035],[101.26280409300006,15.564803773000051],[101.26018663400004,15.564168496000036],[101.25920288900005,15.564703243000054],[101.25725496400008,15.564150486000074],[101.25567743200008,15.562584533000063],[101.25221851100008,15.561913686000025],[101.25112465200004,15.56258639300006],[101.25020303600007,15.565257054000028],[101.24774376600004,15.564489066000021],[101.24517653800007,15.56267176800003],[101.24257503200005,15.561788249000074],[101.23547423100007,15.56100021800006],[101.23437250500007,15.560299221000037],[101.23196267500003,15.560637180000072],[101.23034086400008,15.562020419000078],[101.22788242100006,15.562885294000068],[101.22551718200003,15.562042655000027],[101.21978206300008,15.561888182000075],[101.21877386700004,15.561013667000054],[101.21622579800004,15.560807079000028],[101.21014552300005,15.55876491400005],[101.20342041900005,15.558701937000023],[101.19961750700008,15.557168345000036],[101.19803334400007,15.557237666000049],[101.19337580300004,15.558579548000068],[101.18961946800005,15.558609407000063],[101.18772883700007,15.559096080000074],[101.18547766000006,15.558760793000033],[101.18343366500005,15.557622381000044],[101.18220993700004,15.558416674000057],[101.18110391000005,15.55788790500003],[101.17964366900009,15.55878754500003],[101.17626461100008,15.559100908000062],[101.17430712500004,15.561047126000062],[101.17166987300004,15.561337923000053],[101.16605906300003,15.56091569800003],[101.16371269700005,15.55978241400004],[101.16186635900004,15.560176005000073],[101.16011925100008,15.561634927000057],[101.15878382200003,15.56183827600006],[101.15766775300006,15.564317517000063],[101.15472368900004,15.567646194000076],[101.15322440500006,15.568542270000023],[101.15154423700005,15.567512802000067],[101.14886892200008,15.568108520000067],[101.14612965800006,15.567942412000036],[101.14393790900004,15.569625578000057],[101.14032665600007,15.568478346000063],[101.13772432200005,15.568146728000045],[101.13727104800006,15.567112852000037],[101.13454680700005,15.56575139000006],[101.13363855200004,15.56334090300004],[101.13293998300009,15.563559508000026],[101.13187933200004,15.561578388000044],[101.12889153700007,15.560303353000052],[101.12830277800003,15.559098386000073],[101.12665415900005,15.558705046000057],[101.12519030400006,15.556004527000027],[101.12415266400006,15.556043353000064],[101.12303524900005,15.553832697000075],[101.12034449500004,15.553179353000075],[101.12018716100005,15.550785738000059],[101.11918213500007,15.550007566000033],[101.11584909100009,15.54978933800004],[101.11403010200007,15.545917743000075],[101.11196797100007,15.545928583000034],[101.10914417700008,15.544248412000059],[101.10910213800008,15.54516921800007],[101.10717163400005,15.54462920900005],[101.10666461000005,15.54583425900006],[101.10749675900007,15.550286654000047],[101.10844041200005,15.551864180000052],[101.10635911300005,15.552935843000057],[101.10204487000004,15.555935513000065],[101.10220218300009,15.557150560000025],[101.10048246500008,15.557448226000076],[101.09966424400005,15.56036202200005],[101.09534355900007,15.558723952000037],[101.09370478700004,15.561499144000038]]]},"properties":{"Shape_Leng":0.871573300987,"Shape_Area":0.0142321893825,"ADM3_EN":"Na Sanun","ADM3_TH":"นาสนุ่น","ADM3_PCODE":"TH670604","ADM2_EN":"Si Thep","ADM2_TH":"ศรีเทพ","ADM2_PCODE":"TH6706","ADM1_EN":"Phetchabun","ADM1_TH":"เพชรบูรณ์","ADM1_PCODE":"TH67","ADM0_EN":"Thailand","ADM0_TH":"ประเทศไทย","ADM0_PCODE":"TH"}},
{"type":"Feature","geometry":{"type":"Polygon","coordinates":[[[101.03150078000004,15.493009584000049],[101.02903181000005,15.492748824000046],[101.02709451200008,15.494513222000023],[101.02407056900006,15.493690374000039],[101.02247141900006,15.496349679000048],[101.02056412400003,15.495953708000059],[101.01743587700008,15.49674234300005],[101.01695014400008,15.497634552000022],[101.01405768500007,15.498148898000068],[101.01214096800004,15.500706137000066],[101.01001976200007,15.501006430000075],[101.00675577400006,15.504701152000052],[101.00351359800004,15.50576181300005],[101.00207691800006,15.508939740000073],[100.99986613500005,15.509178002000056],[100.99883722100009,15.510468639000067],[100.99781477900007,15.510274586000037],[100.99534751800007,15.508185488000038],[100.99410271200009,15.509284066000077],[100.99287294400006,15.508550845000059],[100.99115474100006,15.509418507000078],[100.98984092600006,15.507369997000069],[100.98583212900007,15.506079838000062],[100.98385278500007,15.503851823000048],[100.98107504700005,15.501614395000047],[100.97858053000004,15.501763013000073],[100.97604325800006,15.50312208300005],[100.97631334500005,15.503683015000036],[100.97091394900008,15.503885288000049],[100.96905081600005,15.501070124000023],[100.96625125000008,15.49806264800003],[100.96344183700006,15.499282623000056],[100.95814157500007,15.499253660000022],[100.95652582500009,15.496766469000022],[100.95552207000009,15.496820644000024],[100.95354408200006,15.494945302000076],[100.95106442000008,15.493559188000063],[100.94905202400008,15.493216142000051],[100.94689572700008,15.490749668000035],[100.94559194400006,15.491025726000032],[100.94328841500004,15.493146608000075],[100.93869609700005,15.49277802000006],[100.93613115900007,15.494416153000031],[100.93373970300007,15.493851292000045],[100.92966391100003,15.491885446000026],[100.92877708500004,15.49071183600006],[100.92869897300005,15.487688026000058],[100.92865222300009,15.485538260000055],[100.92689486900008,15.48293968300004],[100.92739025900005,15.481758506000062],[100.92625201600003,15.480663802000038],[100.92708070700007,15.477766675000055],[100.92707524600007,15.475064883000073],[100.92808929300008,15.472369956000023],[100.93000273300004,15.471211138000058],[100.93071366100008,15.46865996200006],[100.93157161100004,15.467821234000041],[100.93334760100004,15.46806902700007],[100.93757179600004,15.467012070000067],[100.93993920200006,15.463867667000045],[100.94227989700005,15.46268090600006],[100.94603558100005,15.462491022000052],[100.94779766300007,15.460953227000061],[100.95291880100007,15.458001417000048],[100.95514571300004,15.457287200000053],[100.95635834100005,15.455488648000028],[100.96113020900003,15.452538768000068],[100.96198438100004,15.45343076000006],[100.96504925300007,15.454374617000042],[100.96599441200004,15.45749257600005],[100.96825962500009,15.456189247000054],[100.96921149800005,15.45685805100004],[100.97208013300008,15.455565559000036],[100.97414960100008,15.456506787000023],[100.97999595300007,15.456473888000062],[100.98033440800003,15.459547371000042],[100.98193946500004,15.46190335600005],[100.98167694800009,15.465239828000051],[100.98236351900005,15.466863268000054],[100.98480110000008,15.467912696000042],[100.98635352800005,15.467897600000072],[100.98613177500005,15.471287436000068],[100.98541642000004,15.473711537000042],[100.98624081600008,15.476121402000047],[100.98741629900007,15.474235530000044],[100.98894199100005,15.473573969000029],[100.98870134400005,15.472261222000043],[100.99204408500003,15.471281324000074],[100.99573458100008,15.471688357000062],[100.99636625700003,15.468847227000026],[100.99797743600004,15.467445706000035],[100.99710425200004,15.462617771000055],[100.99801276400007,15.462157835000028],[101.00880925300004,15.458364772000039],[101.01222904300005,15.456102010000052],[101.01165529500008,15.454803390000052],[101.01670320200009,15.454179459000045],[101.01553271200004,15.45242300700005],[101.01757155900003,15.450953434000041],[101.02426132100004,15.450218699000061],[101.02894221900004,15.449177358000043],[101.03178291500006,15.450252479000028],[101.03704533400008,15.45025729100007],[101.04351001800006,15.452720831000022],[101.04411814300005,15.453918647000023],[101.04717218900004,15.455121594000047],[101.05164324100008,15.45569808700003],[101.05465674700008,15.456799538000041],[101.06024967800005,15.45721955700003],[101.06697973700005,15.458551288000024],[101.07510205500006,15.459373292000066],[101.07532090000007,15.457293427000025],[101.07848786500006,15.456949105000035],[101.07849167000006,15.45289456200004],[101.08228574300006,15.452600325000049],[101.09099120800005,15.452636201000075],[101.09141574500006,15.446190066000042],[101.09246005900008,15.443155859000058],[101.09594971100006,15.44245453600007],[101.09826071300006,15.443015374000026],[101.09873747200004,15.444355424000037],[101.09802366200006,15.445905846000073],[101.10070600200004,15.445715104000044],[101.10268062700004,15.44698390700006],[101.10454377700006,15.445650250000028],[101.10451270500005,15.447832547000075],[101.10278265900007,15.448095625000065],[101.10304065800005,15.450261634000071],[101.10431149500005,15.449218200000075],[101.10651118300007,15.451477240000031],[101.10403024100003,15.45219514400003],[101.10425748800009,15.453216568000073],[101.10097463100004,15.452873312000065],[101.10165141300007,15.45407102300004],[101.10507354100008,15.455217129000062],[101.10497427800004,15.455895035000026],[101.10257149600005,15.457386126000074],[101.10195128000004,15.45868463100004],[101.10304778500006,15.459516302000054],[101.10137219500007,15.461572193000052],[101.10506565200006,15.463177391000045],[101.10485028700003,15.46399139600004],[101.10138378100004,15.46509190200004],[101.10256975400006,15.466430506000052],[101.10174407600005,15.467975384000056],[101.10317167100004,15.468329112000049],[101.10246639600007,15.469481027000029],[101.10104455700008,15.46944430800005],[101.10052007000007,15.471158788000025],[101.09870350400007,15.471915401000047],[101.09859705100007,15.473677676000023],[101.09613224100008,15.474643109000056],[101.09629464200003,15.477200348000054],[101.09511602800006,15.476611567000077],[101.09514880100005,15.474355313000046],[101.09164923100008,15.473409281000045],[101.09003660200005,15.47573935400004],[101.09173076600007,15.477858679000065],[101.09002517400006,15.478727720000052],[101.08759796700008,15.481315524000024],[101.08871192000004,15.482407688000023],[101.09201672300009,15.481342754000025],[101.09167122000008,15.484231433000048],[101.09021158800005,15.485428397000078],[101.08995526300004,15.487094073000037],[101.08903433600005,15.484701790000031],[101.08690633200007,15.484187176000034],[101.08676297400007,15.482263611000064],[101.07896495600005,15.483762263000074],[101.07276166600008,15.484024324000075],[101.07105840600008,15.484652586000038],[101.06749340700009,15.483674719000078],[101.06317996000007,15.48357315800007],[101.05848049800005,15.487126105000073],[101.05706000300006,15.486978768000029],[101.05536351200004,15.487939496000024],[101.05043065600006,15.488033302000076],[101.04945378700006,15.486692232000053],[101.04677585100006,15.486103254000056],[101.04577297300006,15.484680444000048],[101.04373371600008,15.48529626800007],[101.04293554500003,15.487812516000076],[101.04179843000009,15.48775852600005],[101.04142855700007,15.489810602000034],[101.03753382200006,15.490502793000076],[101.03575985100008,15.489854196000067],[101.03452193600003,15.492678693000073],[101.03162529300005,15.49222955700003],[101.03150078000004,15.493009584000049]]]},"properties":{"Shape_Leng":0.582563648008,"Shape_Area":0.00628658444803,"ADM3_EN":"Khok Sa-At","ADM3_TH":"โคกสะอาด","ADM3_PCODE":"TH670605","ADM2_EN":"Si Thep","ADM2_TH":"ศรีเทพ","ADM2_PCODE":"TH6706","ADM1_EN":"Phetchabun","ADM1_TH":"เพชรบูรณ์","ADM1_PCODE":"TH67","ADM0_EN":"Thailand","ADM0_TH":"ประเทศไทย","ADM0_PCODE":"TH"}},
{"type":"Feature","geometry":{"type":"Polygon","coordinates":[[[101.19663098400008,15.392685801000027],[101.19725262000009,15.390348499000027],[101.19972347900006,15.391397785000038],[101.20140120600007,15.390692388000048],[101.20179704500003,15.386931111000024],[101.19977516500006,15.388235218000034],[101.19832624700007,15.386799009000072],[101.20125309400004,15.383952751000038],[101.20164052800004,15.382671264000066],[101.20032518700003,15.38202248600004],[101.19955125000007,15.383351017000052],[101.19809897100004,15.38371382300005],[101.19810591100008,15.38198770200006],[101.19966531900008,15.380692273000022],[101.20088067600005,15.378318084000057],[101.20352760800006,15.374679761000039],[101.20434542600003,15.37719590100005],[101.20529150200008,15.377614207000022],[101.20776864400005,15.376033836000033],[101.20757929100006,15.374071660000027],[101.20877510000008,15.371993466000049],[101.20331988200007,15.368551602000025],[101.19965268300007,15.365194230000043],[101.20051597200006,15.363676610000027],[101.20293472500003,15.363417110000057],[101.20584385100005,15.362469950000047],[101.20763447300004,15.358116496000036],[101.20991750100006,15.356426471000077],[101.20875134600004,15.353803956000036],[101.20856241000007,15.351877587000047],[101.20969293100006,15.349114675000067],[101.21307058600007,15.349579145000064],[101.21664079700008,15.34914359100003],[101.22144474400005,15.349629296000046],[101.22390082400005,15.348953545000029],[101.22460179500007,15.347125724000023],[101.22267492600008,15.345344580000074],[101.22285593400005,15.344186862000072],[101.22468084600007,15.34306090900003],[101.22593035300008,15.340971255000056],[101.22783898000006,15.340392398000063],[101.22797939500003,15.341406669000037],[101.23114367300008,15.343167512000036],[101.23354050800003,15.343085164000058],[101.23611679300006,15.345209218000036],[101.23789690500007,15.345794923000028],[101.23751645600004,15.348182009000027],[101.23979352900005,15.348494666000022],[101.23991196900005,15.349556550000045],[101.24334804500006,15.35070724700006],[101.24453584900004,15.349845565000066],[101.24625376200004,15.351462077000065],[101.24773682600005,15.351501831000064],[101.24825307900005,15.352681868000047],[101.25079574700004,15.35252309200007],[101.25303010100004,15.351652615000035],[101.25438349700005,15.352915349000057],[101.25618813900007,15.352977318000057],[101.25632892900006,15.35436170500003],[101.25964169900004,15.354867880000029],[101.26054912900008,15.356419545000051],[101.26175509300003,15.355504707000023],[101.26404785700004,15.357786244000067],[101.26546725500003,15.358191214000044],[101.26697051700006,15.359922768000047],[101.26893726700007,15.359330187000069],[101.27006636800007,15.361386454000069],[101.27193143500006,15.36025515700004],[101.27481697800005,15.360692504000042],[101.27694075300008,15.36193079700007],[101.28094111300004,15.365617894000025],[101.28113614300008,15.368010139000035],[101.28212039000005,15.369728405000046],[101.28370436800009,15.370395945000041],[101.28321244200004,15.371126706000041],[101.28521236400007,15.374435727000048],[101.28873266000005,15.375672297000051],[101.28992004300005,15.37512582900007],[101.29092999100004,15.377257935000046],[101.29362579600007,15.376259008000034],[101.29442538000006,15.378631777000066],[101.29522538100008,15.378451058000053],[101.29736634200003,15.380322053000043],[101.29901727700008,15.380235601000038],[101.29872491300006,15.382642389000068],[101.29947323500005,15.384671603000072],[101.30197619600006,15.38569676800006],[101.30502245100007,15.391007563000073],[101.30514009300003,15.391764984000076],[101.30259456200008,15.393309548000047],[101.30232200600005,15.394776593000074],[101.30339475500006,15.398147622000067],[101.30361644100009,15.401495209000075],[101.30305569600006,15.404009010000038],[101.30337535700005,15.410190630000045],[101.30471307500005,15.414954581000075],[101.30418468900007,15.419503617000032],[101.30242094000005,15.42162223400004],[101.30200911900005,15.42572375800006],[101.30277065200005,15.430735279000032],[101.30618832800008,15.431510758000059],[101.30712294200003,15.432940322000036],[101.30720658500007,15.435211862000074],[101.30526595900005,15.436545834000071],[101.30289231200004,15.436606126000072],[101.30139197300008,15.43768005100003],[101.30131477900005,15.43912871200007],[101.30257485500005,15.442685894000022],[101.30180783800006,15.445273430000043],[101.29941456100005,15.44733730200005],[101.29980814400005,15.44964764100007],[101.29838182600008,15.451933109000038],[101.29766979900006,15.456352378000076],[101.29858105300008,15.45750487600003],[101.30178142500006,15.459604773000024],[101.30267175500006,15.460914493000075],[101.30226740400008,15.46351861100004],[101.30335584600004,15.46439590700004],[101.30366192500009,15.467296844000032],[101.30643624200007,15.469980684000063],[101.30727499600005,15.471720353000023],[101.30670265500004,15.473915239000064],[101.30559781300008,15.475081980000027],[101.30521473900006,15.478076974000032],[101.30325876300009,15.482671907000054],[101.30445654100004,15.48635665300003],[101.30301713200004,15.488187306000043],[101.30485472200007,15.490975868000078],[101.30281153000004,15.495108654000035],[101.30304745400008,15.496992833000036],[101.30174455400004,15.499532510000051],[101.30226546700004,15.502778853000052],[101.30056282300006,15.502580755000054],[101.29759590400005,15.500429889000031],[101.29627553900008,15.500687581000022],[101.29170952100009,15.500415779000036],[101.28939805100003,15.498303302000068],[101.28736890700009,15.494555397000056],[101.28755885600003,15.492361453000058],[101.28669053500005,15.490059497000061],[101.28660185700005,15.488079908000032],[101.28417651500007,15.487645115000078],[101.28416248100007,15.486632437000026],[101.28237641300007,15.48718643500007],[101.28322220000007,15.48472511600005],[101.28212214900009,15.48239671600004],[101.28282194700006,15.481479183000033],[101.28178556300008,15.478299398000047],[101.27817592700006,15.476100890000055],[101.27850625500008,15.473863665000067],[101.27959978700005,15.473366297000041],[101.27869144900006,15.472057559000064],[101.27981252000006,15.47032813900006],[101.27838660900005,15.468924075000075],[101.27886909300008,15.468004833000066],[101.27723675600004,15.467549116000043],[101.27716693100007,15.466363379000029],[101.27418654500008,15.465483693000067],[101.27529318000006,15.464440410000066],[101.27455092200006,15.462100926000062],[101.27246773500008,15.460810883000022],[101.26843953600007,15.459614195000029],[101.26565288600005,15.460325607000073],[101.26379710200007,15.459797378000076],[101.26275611100004,15.458106195000028],[101.26114388800005,15.45820795800006],[101.25975160400009,15.457344775000024],[101.26035349700004,15.45636902800004],[101.25650144600007,15.454251172000056],[101.25557660600003,15.455362068000056],[101.25357570600005,15.45317506400005],[101.25356455200006,15.451292528000067],[101.25052533200005,15.450541263000048],[101.25069358300004,15.449415669000075],[101.24764328600008,15.449278543000048],[101.24517078500008,15.44991581100004],[101.24071877000006,15.449786388000064],[101.23745333600004,15.449291134000077],[101.23369842300008,15.450729360000025],[101.22762813300005,15.451154750000057],[101.22682691000006,15.449752358000069],[101.22167389300006,15.452048684000033],[101.22151361200008,15.450810062000073],[101.21782563400006,15.451921353000046],[101.21429521700009,15.451859980000052],[101.21154313900007,15.449463703000049],[101.20940203400005,15.448418106000076],[101.20985231000009,15.444587287000047],[101.20908606000006,15.441115363000051],[101.20973232000006,15.437980259000028],[101.20820484700005,15.434783370000048],[101.20747648500009,15.431380925000042],[101.20959147400004,15.430581700000062],[101.20896949600007,15.422882884000046],[101.20654909500007,15.421634966000056],[101.20670409700006,15.420901283000035],[101.20507505400008,15.418659116000072],[101.20603773400006,15.415215227000033],[101.20340007600004,15.41361456900006],[101.20441983800004,15.411813945000063],[101.20372370200005,15.410350379000022],[101.20483377000005,15.40827676500004],[101.20260378000006,15.40639079400006],[101.20225425000007,15.404708404000075],[101.20352183500006,15.402661154000043],[101.20120543000007,15.402259456000024],[101.20178038900008,15.401125260000072],[101.20056137500006,15.400302552000028],[101.20096176900006,15.399343386000055],[101.19908265800007,15.399717416000044],[101.19961804600007,15.39744664400007],[101.19846772700004,15.394948631000034],[101.19689167500007,15.394002942000043],[101.19663098400008,15.392685801000027]]]},"properties":{"Shape_Leng":0.634890067828,"Shape_Area":0.0104048108221,"ADM3_EN":"Nong Yang Thoi","ADM3_TH":"หนองย่างทอย","ADM3_PCODE":"TH670606","ADM2_EN":"Si Thep","ADM2_TH":"ศรีเทพ","ADM2_PCODE":"TH6706","ADM1_EN":"Phetchabun","ADM1_TH":"เพชรบูรณ์","ADM1_PCODE":"TH67","ADM0_EN":"Thailand","ADM0_TH":"ประเทศไทย","ADM0_PCODE":"TH"}},
{"type":"Feature","geometry":{"type":"Polygon","coordinates":[[[101.01757155900003,15.450953434000041],[101.01553271200004,15.45242300700005],[101.01670320200009,15.454179459000045],[101.01165529500008,15.454803390000052],[101.01222904300005,15.456102010000052],[101.00880925300004,15.458364772000039],[100.99801276400007,15.462157835000028],[100.99710425200004,15.462617771000055],[100.99797743600004,15.467445706000035],[100.99636625700003,15.468847227000026],[100.99573458100008,15.471688357000062],[100.99204408500003,15.471281324000074],[100.98870134400005,15.472261222000043],[100.98894199100005,15.473573969000029],[100.98741629900007,15.474235530000044],[100.98624081600008,15.476121402000047],[100.98541642000004,15.473711537000042],[100.98613177500005,15.471287436000068],[100.98635352800005,15.467897600000072],[100.98480110000008,15.467912696000042],[100.98236351900005,15.466863268000054],[100.98167694800009,15.465239828000051],[100.98193946500004,15.46190335600005],[100.98033440800003,15.459547371000042],[100.97999595300007,15.456473888000062],[100.97414960100008,15.456506787000023],[100.97208013300008,15.455565559000036],[100.96921149800005,15.45685805100004],[100.96825962500009,15.456189247000054],[100.96599441200004,15.45749257600005],[100.96504925300007,15.454374617000042],[100.96198438100004,15.45343076000006],[100.96113020900003,15.452538768000068],[100.95635834100005,15.455488648000028],[100.95514571300004,15.457287200000053],[100.95291880100007,15.458001417000048],[100.94779766300007,15.460953227000061],[100.94603558100005,15.462491022000052],[100.94227989700005,15.46268090600006],[100.93993920200006,15.463867667000045],[100.93757179600004,15.467012070000067],[100.93334760100004,15.46806902700007],[100.93157161100004,15.467821234000041],[100.93212954000006,15.466086591000021],[100.93149046900004,15.465008537000074],[100.92895477200005,15.464288043000067],[100.92829015700005,15.462266571000043],[100.92728479900006,15.461827708000044],[100.92794935100005,15.460461059000068],[100.92699365500005,15.458796997000036],[100.92680351800004,15.456723657000055],[100.92824938100006,15.451456591000067],[100.92680779200003,15.44985974900004],[100.92711085500008,15.446024820000048],[100.92566162800006,15.445264609000048],[100.92501502600004,15.443264068000076],[100.92525073200005,15.441156797000076],[100.92418780400004,15.440535437000051],[100.92527735700008,15.439759047000052],[100.92574230000008,15.437597229000062],[100.92418675800008,15.432637825000029],[100.92560247900008,15.43297758600005],[100.92952985700003,15.428274288000068],[100.93100147000007,15.426882946000035],[100.93029809700005,15.425491140000076],[100.93102829000009,15.42489630800003],[100.93093811900007,15.422239378000029],[100.93031304700008,15.420642706000024],[100.93047574800005,15.416586163000034],[100.93267153700003,15.413565297000048],[100.93512912100005,15.411894222000058],[100.93570216900008,15.412554775000046],[100.93803890700008,15.412217175000023],[100.94026819400005,15.410519218000047],[100.94230128200007,15.409784843000068],[100.94288171700003,15.408848947000024],[100.94523167000006,15.40762978600003],[100.94871682300004,15.40771681800004],[100.94909962800006,15.40931659000006],[100.95087043300003,15.40982783100003],[100.95373122600006,15.412418224000078],[100.95585429600004,15.411346862000073],[100.95967722900008,15.411786892000066],[100.96330076600003,15.411664651000024],[100.96541992700008,15.412718894000022],[100.96761114500003,15.412723455000048],[100.96713575500007,15.413583412000037],[100.96871575500006,15.415831989000026],[100.97183365000006,15.416534530000035],[100.97260815200008,15.415826415000026],[100.97474683200005,15.416549141000075],[100.97563370700004,15.416021413000067],[100.97759604100008,15.416343726000036],[100.97916947900006,15.417534380000063],[100.97880650500008,15.419669001000045],[100.98088908100004,15.420046834000061],[100.98018024100008,15.42185193000006],[100.98236424400005,15.421549000000027],[100.98365244000007,15.422139250000043],[100.98358953300004,15.420850512000072],[100.98599371100005,15.420016407000048],[100.98674432300004,15.418755973000032],[100.98969768600006,15.419114469000021],[100.98910543400007,15.418315695000047],[100.99302651000005,15.418043314000045],[100.99459655200008,15.417447798000069],[100.99493601300009,15.418405096000072],[100.99825845300006,15.416946994000057],[101.00137176900006,15.418187158000023],[101.00270286100005,15.41733040400004],[101.00223692600008,15.419222661000049],[101.00370695300006,15.420551123000052],[101.00469780500003,15.422707112000069],[101.01055675400005,15.422444333000044],[101.01303154300007,15.423618154000053],[101.01342843900005,15.427068757000029],[101.01265020300008,15.427425134000032],[101.01227249500005,15.434598481000023],[101.01283226900006,15.436563229000058],[101.01231978500005,15.439745316000028],[101.01257452300007,15.442233743000031],[101.01534144300007,15.442553943000064],[101.01503379400003,15.445761966000077],[101.01651295900007,15.446831386000042],[101.01639965200008,15.449036009000054],[101.01757155900003,15.450953434000041]]]},"properties":{"Shape_Leng":0.389069972226,"Shape_Area":0.00395966147783,"ADM3_EN":"Pradu Ngam","ADM3_TH":"ประดู่งาม","ADM3_PCODE":"TH670607","ADM2_EN":"Si Thep","ADM2_TH":"ศรีเทพ","ADM2_PCODE":"TH6706","ADM1_EN":"Phetchabun","ADM1_TH":"เพชรบูรณ์","ADM1_PCODE":"TH67","ADM0_EN":"Thailand","ADM0_TH":"ประเทศไทย","ADM0_PCODE":"TH"}},
{"type":"Feature","geometry":{"type":"Polygon","coordinates":[[[101.11611915300006,16.002456863000077],[101.11140735200007,16.00342054400005],[101.11091182600006,16.00459200000006],[101.10761369900007,16.006439681000074],[101.10589337700009,16.005026018000024],[101.10165286400007,16.006693737000035],[101.09865235400008,16.007439600000055],[101.09723641400006,16.006325700000048],[101.09528833300004,16.006687400000033],[101.09115319800009,16.006575678000047],[101.09006219800006,16.000871197000038],[101.08909369800006,15.998449166000057],[101.08965655400004,15.993509122000034],[101.08897888300004,15.993390418000047],[101.08883389900006,15.989131878000023],[101.08928702200006,15.988417481000056],[101.08960233700009,15.979978047000031],[101.09140607800003,15.97234854900006],[101.09040078500004,15.970348743000045],[101.08941584800004,15.969901037000056],[101.08906338900005,15.96787555900005],[101.09065319500007,15.964724659000069],[101.09009642200004,15.962714755000036],[101.09145465200004,15.961199521000026],[101.09228266700006,15.95739448300003],[101.09196909700006,15.95634030900004],[101.09007608000007,15.954892044000076],[101.08739800100005,15.951919037000039],[101.08264768800007,15.949841651000042],[101.08066271500007,15.94824094200004],[101.07920832300005,15.945431115000076],[101.07767881300003,15.944110548000026],[101.07392498300004,15.94259674600005],[101.07189813400004,15.941018620000023],[101.06968240400005,15.94170613600005],[101.06810195300005,15.937616902000059],[101.06905711900004,15.93609021800006],[101.06989035400005,15.932639144000063],[101.06946903300008,15.932077521000053],[101.07040067900004,15.929716408000047],[101.07448236200008,15.926714626000035],[101.07679757300008,15.926146097000071],[101.07687005000008,15.92400744300005],[101.07453739000005,15.923257989000035],[101.07387373100005,15.919791620000069],[101.07314494900004,15.919304088000047],[101.07344589200005,15.916448094000032],[101.07422886700004,15.914203927000074],[101.07535523000007,15.91341684200006],[101.07637224900009,15.912828942000033],[101.07953602400005,15.913292040000044],[101.07816650100006,15.911968818000048],[101.07862294200004,15.908851918000039],[101.07789228800004,15.907305304000033],[101.08098207500007,15.908439912000063],[101.08034920100005,15.909241948000044],[101.08193085700003,15.909541255000022],[101.08402508200004,15.907995215000028],[101.08486966000004,15.908219935000034],[101.08650278000005,15.905849368000077],[101.08571041500005,15.904591867000022],[101.08705983000004,15.904837771000075],[101.08730102500004,15.90610928500007],[101.08850067200007,15.905590233000055],[101.08929570400005,15.903801246000057],[101.08894046300009,15.902615991000062],[101.09041108700006,15.902254196000058],[101.08995560600005,15.903707968000049],[101.09201106700004,15.904676904000041],[101.09113447700008,15.90639195700004],[101.09182836500008,15.906805795000025],[101.09362795900006,15.90560662400003],[101.09523989300004,15.908656543000063],[101.09418228800007,15.91005881700005],[101.09491881900004,15.910946660000036],[101.09413528700009,15.913149159000056],[101.09622949700008,15.913860465000027],[101.09739907800008,15.916499307000038],[101.09957364700006,15.916989090000072],[101.09967811700005,15.914598546000036],[101.09800462900006,15.913935325000068],[101.09841689200005,15.913166664000073],[101.10139727700005,15.91205325900006],[101.10253006000005,15.913394268000047],[101.10458645000006,15.913747859000068],[101.10506194800007,15.913018549000071],[101.10425959500009,15.911159938000026],[101.10548389900003,15.910769152000057],[101.10674648700007,15.912353279000058],[101.10816133100008,15.912674159000062],[101.10928226600004,15.914607204000049],[101.10990792400008,15.913741783000035],[101.11287163900005,15.91625897800003],[101.11441651900009,15.914907476000053],[101.11499376300009,15.91624691100003],[101.11171001900004,15.92087026400003],[101.11183180900008,15.92303822200006],[101.10923839800006,15.923665291000077],[101.10965797200004,15.925224288000038],[101.11082134100008,15.924654815000054],[101.11092375900006,15.92626269300007],[101.11220473500003,15.925951485000041],[101.11367175400005,15.928132427000037],[101.11364208700007,15.930033722000076],[101.11247954000004,15.930468043000076],[101.11418936400008,15.931948980000072],[101.11696251100005,15.93019081400007],[101.11802737900007,15.928473655000062],[101.11780096200005,15.926541634000046],[101.11962127000004,15.926107999000067],[101.11951232000007,15.924600478000059],[101.12081097300006,15.924974312000074],[101.12156694600009,15.928306698000029],[101.12030593400004,15.930089294000027],[101.11849467100006,15.930394862000071],[101.11908776500007,15.931662182000025],[101.12098954200007,15.93310847400005],[101.12232923400006,15.932522665000022],[101.12381652400006,15.933403292000037],[101.12480690900009,15.932739520000041],[101.12802845400006,15.934556419000046],[101.13007543800006,15.932926578000036],[101.13178631300008,15.934136096000032],[101.13186931000007,15.936558471000069],[101.13109490500005,15.93783000600007],[101.12834825000004,15.93749772600006],[101.12971527900004,15.938603613000055],[101.13325673000008,15.939291807000075],[101.13386694300004,15.941065723000065],[101.13571015300005,15.940713943000048],[101.13667923600008,15.941424041000062],[101.13535029800005,15.943650287000025],[101.13524632100007,15.945862711000075],[101.13783618000008,15.945120312000029],[101.13738560500008,15.947040314000049],[101.13508804700007,15.948160873000063],[101.13447728800008,15.947194989000025],[101.13205711400008,15.949284659000057],[101.13539605000005,15.952419080000027],[101.13464609400006,15.953468066000028],[101.13577042500003,15.954972387000055],[101.13676532800008,15.954317236000065],[101.13758286800004,15.955597005000072],[101.13508218900006,15.955708831000038],[101.13429295700007,15.957361985000034],[101.13577919500005,15.958411558000023],[101.13443312600003,15.958576185000027],[101.13524759300009,15.959826538000073],[101.13753507400008,15.958135752000032],[101.13859904400005,15.958641947000046],[101.13748308900006,15.960540668000021],[101.13716421600009,15.96244084600005],[101.13574156200008,15.96334657500006],[101.13588297900009,15.961022438000043],[101.13373125300006,15.962077291000071],[101.13231984800007,15.964439457000026],[101.13373869700007,15.965759449000075],[101.13547589700005,15.964894521000076],[101.13532754300007,15.966428852000035],[101.13256833600008,15.967678113000034],[101.12958539900006,15.968015425000033],[101.13108037700005,15.970145340000045],[101.13176042900005,15.969402212000034],[101.13214059500007,15.97179936200007],[101.12974887900003,15.972448258000043],[101.12833597200006,15.969634459000076],[101.12737457300005,15.970942602000036],[101.12776394500008,15.977523593000058],[101.12529552400008,15.97746015100006],[101.12473572600004,15.978665013000068],[101.12472062600006,15.983218027000078],[101.12686875900005,15.985098909000044],[101.12719511200004,15.986088751000068],[101.12461617700006,15.988598017000072],[101.12449167600005,15.990268611000033],[101.12309162300005,15.991459813000063],[101.12356900400005,15.993547715000034],[101.12178694400006,15.994534286000032],[101.12214919300004,15.996026048000033],[101.12062167800008,15.998404463000043],[101.11949804900007,15.99775548100007],[101.11767688400005,15.999754879000022],[101.11757594800008,16.001651306000042],[101.11611915300006,16.002456863000077]]]},"properties":{"Shape_Leng":0.472449746707,"Shape_Area":0.00401561699615,"ADM3_EN":"Kong Thun","ADM3_TH":"กองทูล","ADM3_PCODE":"TH670701","ADM2_EN":"Nong Phai","ADM2_TH":"หนองไผ่","ADM2_PCODE":"TH6707","ADM1_EN":"Phetchabun","ADM1_TH":"เพชรบูรณ์","ADM1_PCODE":"TH67","ADM0_EN":"Thailand","ADM0_TH":"ประเทศไทย","ADM0_PCODE":"TH"}},
{"type":"Feature","geometry":{"type":"Polygon","coordinates":[[[101.09418200300007,16.12494508800006],[101.09276970400003,16.124196708000056],[101.09209691900008,16.122062760000063],[101.09061593000007,16.122692821000044],[101.08814175300006,16.125207915000033],[101.08583325900008,16.12594437200005],[101.08396202000006,16.125266073000034],[101.08398510200004,16.12450110700007],[101.08055923900008,16.122610398000063],[101.07852186500008,16.12231889800006],[101.07775348500007,16.120706764000033],[101.07658892800004,16.120932503000063],[101.07668512700008,16.117689599000073],[101.07583843800006,16.116064230000063],[101.07450923900007,16.115940581000075],[101.07488188900004,16.117241127000057],[101.07379307600007,16.119579326000064],[101.06645134800004,16.12122094500006],[101.06199730800006,16.12146388900004],[101.05982344200004,16.12200603100007],[101.05724442800005,16.12032991600006],[101.04944226900005,16.11649563900005],[101.04127475600006,16.11315217300006],[101.03843950500004,16.112379161000035],[101.03689037100008,16.11121355000006],[101.03327311600003,16.10983576700005],[101.03024134600008,16.110707481000077],[101.02908467200007,16.109417903000065],[101.02750357000008,16.106415898000023],[101.02894836100006,16.105015605000062],[101.03124076500006,16.104288576000044],[101.03074225200004,16.103763576000063],[101.03229302800008,16.10082095200005],[101.03464517200007,16.10145780700003],[101.03611180900003,16.101170382000078],[101.03929679700008,16.10273926000002],[101.04115154800007,16.10227776800002],[101.04203633200007,16.100522796000064],[101.04320819300005,16.100012495000044],[101.04502229200006,16.101107125000055],[101.04717278900006,16.096757113000024],[101.05082904400007,16.088163388000055],[101.05177612300008,16.08685934700003],[101.05510619400007,16.084522202000073],[101.05835831000007,16.080846379000036],[101.06413877600005,16.076766779000025],[101.06592824700004,16.07518976800003],[101.06701375200004,16.073259232000055],[101.07999566800004,16.048087778000024],[101.08064616100006,16.045303878000027],[101.07262453600003,16.01889579400006],[101.07139488600006,16.01460719000005],[101.07397916300005,16.01361299900003],[101.07521967700006,16.01164977700006],[101.07865160300008,16.009068933000037],[101.08505349000006,16.006869063000067],[101.08966133400008,16.006368398000063],[101.09115319800009,16.006575678000047],[101.09528833300004,16.006687400000033],[101.09723641400006,16.006325700000048],[101.09865235400008,16.007439600000055],[101.10165286400007,16.006693737000035],[101.10589337700009,16.005026018000024],[101.10761369900007,16.006439681000074],[101.11091182600006,16.00459200000006],[101.11140735200007,16.00342054400005],[101.11611915300006,16.002456863000077],[101.11542890600003,16.003818524000053],[101.11617279600006,16.005426638000074],[101.11590897000008,16.008041655000056],[101.11755513200006,16.00922367100003],[101.11584015700004,16.010935043000075],[101.11670106400004,16.012310025000033],[101.11493618200006,16.013102623000066],[101.11553895300005,16.014436703000058],[101.11435340900005,16.01456501100006],[101.11305322100009,16.015931557000044],[101.11241568500009,16.01511232200005],[101.11305771800005,16.012764393000054],[101.11167490000008,16.01301810600006],[101.11099962000009,16.014904442000045],[101.11209404000004,16.01690142700005],[101.11111473700004,16.01775715100007],[101.11288420200003,16.01829312600006],[101.11343863200005,16.019751175000067],[101.11448212100004,16.019377302000066],[101.11506097600005,16.02135647700004],[101.11248418000008,16.022294265000028],[101.11567294700006,16.022887121000053],[101.11656021800007,16.021151891000045],[101.11728770800005,16.024218070000074],[101.11499441400008,16.02401430900005],[101.11467591100006,16.024977870000043],[101.11284181000008,16.02504625100005],[101.11108966800003,16.027651238000033],[101.11209057800005,16.029372387000024],[101.11045670300007,16.029480636000073],[101.11043602800004,16.027798800000028],[101.10939443900008,16.027305011000067],[101.10926637400007,16.025321810000037],[101.10827517000007,16.026503800000057],[101.10881938900008,16.02869604600005],[101.10749969600005,16.02837779400005],[101.10702355000006,16.02954607600003],[101.10871688800006,16.029710885000043],[101.10857760100004,16.03119268000006],[101.10601993200004,16.031714537000028],[101.10433494800009,16.033119503000023],[101.10271257500006,16.036829615000045],[101.10191869200008,16.035446501000024],[101.10114667600004,16.036393733000068],[101.10221579600005,16.037374982000074],[101.10141800300005,16.03879850100003],[101.10379726300005,16.039293343000054],[101.10201823800008,16.039561208000066],[101.10232241600005,16.040696238000066],[101.10513254100005,16.041447161000065],[101.10584294100005,16.04244430500006],[101.10747240900008,16.041362179000032],[101.10729881800006,16.042896105000068],[101.10842184800003,16.04436521100007],[101.10722722100007,16.045108363000054],[101.10775714200008,16.046251076000033],[101.11122284800007,16.04594670800003],[101.11142646700006,16.04848104100006],[101.11261390200008,16.047299095000028],[101.11227745500008,16.045785075000026],[101.11395736700007,16.04754121700006],[101.11546066100004,16.04689415000007],[101.11702474600008,16.048604298000043],[101.11793267100006,16.051543216000027],[101.11780331300008,16.052888277000022],[101.11944842700007,16.055023019000032],[101.11743047300007,16.05603584000005],[101.11793381300004,16.058963755000036],[101.11760975700008,16.060058382000022],[101.11868505700005,16.062057495000033],[101.11684371700005,16.064738870000042],[101.11758423000003,16.06562378800004],[101.11328880800005,16.067124060000026],[101.11459335900008,16.06889565700004],[101.11196878500004,16.069616360000055],[101.11157785100005,16.071514404000027],[101.10982067800006,16.07276487100006],[101.10827701000005,16.070472280000047],[101.10776339700004,16.072175170000037],[101.11014564300007,16.074668529000064],[101.11231573600008,16.074512990000073],[101.11222245500005,16.07655714300006],[101.11048945200008,16.07726161000005],[101.10963103400007,16.079099556000074],[101.11190692000008,16.080336561000024],[101.11205793100004,16.08198720300004],[101.11083817500008,16.083013005000055],[101.11124848100008,16.084151589000044],[101.10964792200008,16.083438023000042],[101.10968106900003,16.085483021000073],[101.11144695000007,16.08494308300004],[101.11322042300009,16.088401486000066],[101.11217636600009,16.090244770000027],[101.11115373200005,16.09001458000006],[101.11097883500008,16.09178779900003],[101.11259735200008,16.092612847000055],[101.10993594800004,16.093189677000055],[101.10861892700007,16.09583101900006],[101.10694311900005,16.09615211600004],[101.10882715300005,16.096938246000036],[101.10737568800005,16.09715654400003],[101.10815859300004,16.09986194800007],[101.10689545200006,16.100125885000068],[101.10742763800005,16.10227434500007],[101.10588712300006,16.102713892000054],[101.10638958200008,16.103679459000034],[101.10497812600005,16.105503992000024],[101.10473405900007,16.107471813000075],[101.10115552600007,16.110294516000067],[101.10163010600007,16.112416518000032],[101.10054124600003,16.113164593000022],[101.09921938200006,16.112330710000037],[101.09828918000005,16.114963099000022],[101.09644789600009,16.11515057500003],[101.09634689800004,16.11763729300003],[101.09856592700004,16.120631453000044],[101.09930047800003,16.123548080000035],[101.09799560200008,16.123669835000044],[101.09658976700007,16.123693536000076],[101.09418200300007,16.12494508800006]]]},"properties":{"Shape_Leng":0.565492868078,"Shape_Area":0.00536164648666,"ADM3_EN":"Na Chaliang","ADM3_TH":"นาเฉลียง","ADM3_PCODE":"TH670702","ADM2_EN":"Nong Phai","ADM2_TH":"หนองไผ่","ADM2_PCODE":"TH6707","ADM1_EN":"Phetchabun","ADM1_TH":"เพชรบูรณ์","ADM1_PCODE":"TH67","ADM0_EN":"Thailand","ADM0_TH":"ประเทศไทย","ADM0_PCODE":"TH"}},
{"type":"Feature","geometry":{"type":"Polygon","coordinates":[[[100.90140476500005,15.896926837000024],[100.90532321600006,15.898418460000073],[100.90735563000004,15.897485528000061],[100.90981202400008,15.897092299000064],[100.91134727700006,15.899132651000059],[100.91516145700007,15.897992912000063],[100.91890775700006,15.894619233000071],[100.92194387100005,15.892606052000076],[100.92566671600008,15.891692662000025],[100.92712415600005,15.892898478000063],[100.92758228100007,15.894474323000054],[100.92728503000006,15.897546550000072],[100.92434391300009,15.899739530000033],[100.92381355400005,15.903702664000036],[100.92442998800004,15.906777241000043],[100.92611469400003,15.907241700000043],[100.93021956800004,15.905207233000056],[100.93345959900006,15.905826215000047],[100.93633857800006,15.903876771000057],[100.93699387800007,15.901287675000049],[100.94019118900007,15.900299447000066],[100.94028796500004,15.903823377000037],[100.93904311500006,15.905826950000062],[100.94001221800005,15.907901198000047],[100.94261483000008,15.90943937700007],[100.94628706500004,15.910530446000053],[100.94785099400008,15.909243113000059],[100.94919943800005,15.910370968000052],[100.95477598500008,15.910274561000051],[100.95761800700006,15.911083603000066],[100.95797934100005,15.909552588000054],[100.96232102500005,15.90820440400006],[100.96273658000007,15.907136527000034],[100.96560911500006,15.905178871000032],[100.96687771800003,15.905903885000043],[100.96899941500004,15.904178699000056],[100.97509083900007,15.904086249000045],[100.97598154200006,15.902567566000073],[100.97934707800005,15.902183132000062],[100.98142392400007,15.901352855000027],[100.98928953400008,15.901741917000038],[100.99079174500008,15.902028649000044],[100.99387990200006,15.904936853000038],[100.99453747600006,15.904863026000044],[100.99601369500004,15.90772898800003],[100.99824778000004,15.907430357000067],[101.00002425500008,15.907851106000066],[101.00113875700004,15.909447955000076],[101.00440839500004,15.908769138000025],[101.00649166100004,15.907684334000066],[101.00809587600008,15.907598617000076],[101.00841960400004,15.906281774000036],[101.01154953600008,15.905577184000038],[101.01190749600005,15.904084695000051],[101.01543381000005,15.903653960000042],[101.01655930800007,15.90180252500005],[101.01993488500005,15.900071276000062],[101.02385438700009,15.89714790100004],[101.02850900400006,15.896315646000062],[101.02963902400006,15.89665562600004],[101.03028494100005,15.89463455400005],[101.03313418200008,15.894052914000042],[101.03356451500008,15.89321995000006],[101.03584283900005,15.892881764000037],[101.03599138300007,15.891348745000073],[101.03992986800006,15.89176197300003],[101.04012821800006,15.88972039600003],[101.04285045100005,15.88885438400007],[101.04328652800007,15.884634392000066],[101.04320989400009,15.882010472000047],[101.04610930800004,15.88203452700003],[101.04636881600004,15.88324549500004],[101.04943695000009,15.882889489000036],[101.05179419500007,15.881461586000057],[101.05523859400006,15.88386919800007],[101.05723109700006,15.884251349000067],[101.05776077600007,15.885995649000051],[101.05893859900004,15.88663833000004],[101.06018072900008,15.885352973000067],[101.05978330600004,15.88402050700006],[101.06025810200003,15.877742182000077],[101.05901248100008,15.877017003000049],[101.05909854200007,15.875128650000022],[101.06115596300003,15.873950510000043],[101.06243598000003,15.87406611800003],[101.06341171800005,15.871961616000021],[101.06375859900004,15.871170891000077],[101.06621805700007,15.872967748000065],[101.06731211600004,15.874848802000031],[101.06961625700006,15.871978162000062],[101.07055297600004,15.872994395000035],[101.07162953700004,15.871822075000068],[101.07364276700008,15.872852866000073],[101.07344990800004,15.875594367000076],[101.07191559700004,15.876390383000057],[101.07292073000008,15.87741320200007],[101.07393856700008,15.876859316000036],[101.07438566500008,15.87843386000003],[101.07496016900006,15.88034566400006],[101.07356522700007,15.881320714000026],[101.07200005100003,15.87927768000003],[101.07100266300006,15.879770590000078],[101.07217847000004,15.881967460000055],[101.07230535400004,15.88453602100003],[101.07158348700005,15.888089809000064],[101.06949817800006,15.890060639000069],[101.06978367100004,15.891626203000044],[101.06901076600008,15.893449279000038],[101.06646776800005,15.896609719000026],[101.06641065700006,15.900851437000028],[101.06514349700007,15.90089480000006],[101.06128467900004,15.902828849000059],[101.06164970100008,15.904942709000068],[101.05838580000005,15.905733584000075],[101.05996679400005,15.907806986000026],[101.05919155500004,15.909957961000032],[101.05921372000006,15.912285121000025],[101.05806270900007,15.914477637000061],[101.05572968100006,15.917234746000076],[101.05299230300005,15.91846369800004],[101.05340988900008,15.922078670000076],[101.05387650000006,15.922294284000031],[101.05236810600007,15.925928912000074],[101.04962030200005,15.926809330000026],[101.04610148300009,15.928774177000037],[101.04429632000006,15.929096191000042],[101.04322692600005,15.930667104000065],[101.04149024400004,15.930176869000036],[101.03954397300004,15.93087871800003],[101.03859122600005,15.930355120000058],[101.03483685100008,15.930489558000033],[101.03298886100004,15.931279979000067],[101.02997775000006,15.929374904000042],[101.02857231900003,15.929280320000032],[101.02680357200006,15.930753038000034],[101.02370823600006,15.930551207000065],[101.01950353900008,15.93078347200003],[101.01863806500006,15.929355488000056],[101.01687735400009,15.929238640000051],[101.01693902200009,15.927242829000022],[101.01422712100003,15.927664561000029],[101.01399682200008,15.927080272000069],[101.01004501500006,15.926405804000069],[101.00690675000004,15.927406998000038],[101.00392310300003,15.927027488000022],[101.00180072700005,15.925217275000023],[100.99865361300004,15.925327907000053],[100.99853389000003,15.924004086000025],[100.98931251000005,15.923307386000033],[100.98727984400006,15.923755095000047],[100.98704294600009,15.923062228000049],[100.98525139200007,15.924061565000045],[100.97614970400008,15.924415957000065],[100.97300466000007,15.923019339000064],[100.97237610800005,15.921579318000056],[100.96928349400008,15.921236961000034],[100.96996362700008,15.924761553000053],[100.96999376100007,15.928347065000025],[100.96898244700009,15.929253685000049],[100.96685799200009,15.929572154000027],[100.96611916900008,15.928735085000028],[100.96407799500008,15.92862322700006],[100.95813190600006,15.929275473000075],[100.95723363500008,15.928743995000048],[100.95320465500004,15.931658777000052],[100.95198898300004,15.931630333000044],[100.94904335600006,15.93355142300004],[100.94665653100009,15.933271349000051],[100.94509302700004,15.934003917000041],[100.94010556900008,15.93430593200003],[100.93890872800006,15.934082316000058],[100.93752072300003,15.93529499300007],[100.93645946200007,15.937414518000026],[100.93481577900008,15.937111867000056],[100.93137069500006,15.934151707000069],[100.92962064000005,15.934306348000064],[100.92679331200009,15.936222532000045],[100.92443180500004,15.939191357000027],[100.92164848000004,15.941934458000048],[100.91804480500008,15.94283146500004],[100.91667185800009,15.944198117000042],[100.91215930800007,15.951285729000062],[100.90960517000008,15.952887198000042],[100.90498241800003,15.954423575000021],[100.90158598100004,15.953159163000066],[100.89876403300008,15.952719750000028],[100.89728049700005,15.949333379000052],[100.89406254700003,15.947446510000077],[100.88939317500007,15.946899478000034],[100.88765939600006,15.94710875100003],[100.88650571100004,15.944937495000033],[100.88676220600007,15.942523191000078],[100.88611919300007,15.93941473500007],[100.88648450700003,15.93653445800004],[100.88882582400004,15.932424853000043],[100.89049050600005,15.930840337000063],[100.89199119100005,15.926762968000048],[100.89622919300007,15.918463559000031],[100.89719290100004,15.916097035000064],[100.89820832300006,15.915278085000068],[100.89828088600007,15.909139308000022],[100.89633828600006,15.906978117000051],[100.89569760700005,15.90541791000004],[100.89660664500008,15.901746847000027],[100.90140476500005,15.896926837000024]]]},"properties":{"Shape_Leng":0.627174437015,"Shape_Area":0.00565461568485,"ADM3_EN":"Ban Phot","ADM3_TH":"บ้านโภชน์","ADM3_PCODE":"TH670703","ADM2_EN":"Nong Phai","ADM2_TH":"หนองไผ่","ADM2_PCODE":"TH6707","ADM1_EN":"Phetchabun","ADM1_TH":"เพชรบูรณ์","ADM1_PCODE":"TH67","ADM0_EN":"Thailand","ADM0_TH":"ประเทศไทย","ADM0_PCODE":"TH"}},
{"type":"Feature","geometry":{"type":"Polygon","coordinates":[[[101.13783618000008,15.945120312000029],[101.13809181700003,15.944180589000041],[101.14085428800007,15.943532822000066],[101.14223604300008,15.940147996000064],[101.14093351300005,15.93692203300003],[101.14263497900004,15.931087663000028],[101.14511199400005,15.92948517700006],[101.14803691900005,15.926194277000036],[101.14964868900006,15.925490947000071],[101.15240132100007,15.926697722000029],[101.16146033600006,15.92550826300004],[101.16623536200007,15.924187481000047],[101.16949721100008,15.921688502000052],[101.17225844300003,15.921661955000047],[101.17457378600005,15.920532604000073],[101.17760542200006,15.920949386000075],[101.18057942100006,15.918593029000021],[101.18242203500006,15.916399156000068],[101.18379244800008,15.920041337000043],[101.18506982400004,15.919815751000044],[101.18614486400008,15.917489874000069],[101.18861298400009,15.918122389000075],[101.19312728600005,15.915987543000028],[101.20008581800005,15.911154798000041],[101.20234219400004,15.910421281000026],[101.20925805100006,15.909708585000033],[101.21461133700006,15.908622645000037],[101.21664159000005,15.909016489000066],[101.22016964500006,15.911020449000034],[101.22214982700007,15.91262352700005],[101.22502938200006,15.912887526000077],[101.23001654900008,15.911578939000037],[101.23395016500007,15.911627704000068],[101.23791148600009,15.912938987000075],[101.24063888300009,15.912318563000042],[101.24295413600004,15.911735356000065],[101.24316492200006,15.913124566000022],[101.24483513100006,15.912935793000031],[101.24737929600008,15.91406646200005],[101.24796881900005,15.912619323000058],[101.24913309000004,15.918483386000048],[101.24800495700003,15.918967549000058],[101.24840630700004,15.920955384000024],[101.25071743400008,15.922191045000034],[101.25031873800003,15.925089159000038],[101.24716753700005,15.926298910000071],[101.24812423700007,15.928101473000027],[101.24677165600008,15.92869829600005],[101.24744698600006,15.931092352000064],[101.25039710900006,15.928605731000061],[101.25089974200006,15.929173374000072],[101.24937786400005,15.93246653400007],[101.24756254500005,15.932868804000066],[101.24990020000007,15.937201534000053],[101.24743517400003,15.93768398800006],[101.24860475100007,15.940444547000027],[101.24670767600009,15.940940339000065],[101.24664175300006,15.941859377000071],[101.24432916000006,15.941512785000043],[101.24229746400005,15.940435384000068],[101.24026378300005,15.940160769000045],[101.23762798900003,15.938751583000055],[101.23529760500008,15.938300428000048],[101.23251670000008,15.93857220500007],[101.23101267900006,15.939791964000051],[101.23020616900004,15.94189179600005],[101.22756529200007,15.942985978000024],[101.22578628100007,15.946004274000074],[101.22427482500007,15.94655860100005],[101.22551796200008,15.95038015800003],[101.22450592400008,15.952661674000069],[101.22249177100008,15.953178932000071],[101.21719230300005,15.956772201000035],[101.21750725000004,15.958301896000023],[101.21893176500004,15.958079530000077],[101.21955620400007,15.960511035000025],[101.22176133100004,15.962015250000036],[101.22132119100007,15.96407159100005],[101.22018646800007,15.964539788000025],[101.21742699400005,15.964320280000038],[101.21528695900008,15.96578310800004],[101.21493704000005,15.967935629000067],[101.21399478800004,15.968765534000056],[101.21201956400006,15.968892313000026],[101.21191777500007,15.97050155200003],[101.21064812100008,15.971387338000056],[101.21179039400005,15.973471992000043],[101.21049334600008,15.973513341000057],[101.20957020600008,15.97549454700004],[101.20774502000006,15.97768332000004],[101.20452151800004,15.978300689000037],[101.20277328600008,15.979347201000053],[101.20144074600006,15.978640995000035],[101.19724332100009,15.97869358500003],[101.19768658900006,15.976798547000044],[101.19676116800008,15.976111024000033],[101.19637240000009,15.977491580000049],[101.19528370800003,15.977059997000026],[101.19410728900004,15.977962830000024],[101.19217206500008,15.977924665000046],[101.19219540400007,15.979537266000023],[101.18928588300008,15.979931429000032],[101.18959162400006,15.982421141000032],[101.18655346700007,15.983863494000047],[101.18433477800005,15.985498518000043],[101.18516326400004,15.990784876000077],[101.18593509900006,15.992825324000023],[101.18589026600006,15.99552624200004],[101.18328400800004,15.996387106000043],[101.18285571700005,15.997091245000036],[101.18399927900003,16.004167215000052],[101.18207915500005,16.00767729300003],[101.17816228600009,16.009716929000035],[101.17536362800007,16.008343577000062],[101.17494781700003,16.009670920000076],[101.17382821500007,16.00896715600004],[101.16829932400003,16.008345504000033],[101.16523336000006,16.002453917000025],[101.16447818300009,15.99775098200007],[101.16062682600005,15.997490718000051],[101.15935617400004,15.99958220600007],[101.15834122900009,15.999561249000067],[101.15841492100009,15.998067129000049],[101.15602765600005,15.997313251000037],[101.15626396000005,15.99636468500006],[101.15330622500005,15.997907457000053],[101.15204818000007,15.997151676000044],[101.14996963400006,15.998354203000076],[101.14944130200007,15.997358035000047],[101.14360343200008,15.997164463000047],[101.14266070500008,15.996240803000035],[101.14043237900006,15.99629886100007],[101.14127963400006,15.995324520000054],[101.14018866900005,15.993636546000062],[101.13724704900005,15.994499466000036],[101.13479676900005,15.994053906000033],[101.13345456100006,15.992667655000048],[101.13197568300006,15.992252832000077],[101.13118226800003,15.989394567000033],[101.13252414200008,15.98916831400004],[101.13115066700004,15.988180646000046],[101.12861907700005,15.988405082000043],[101.12705117700006,15.991175289000068],[101.12508588500003,15.993089506000047],[101.12356900400005,15.993547715000034],[101.12309162300005,15.991459813000063],[101.12449167600005,15.990268611000033],[101.12461617700006,15.988598017000072],[101.12719511200004,15.986088751000068],[101.12686875900005,15.985098909000044],[101.12472062600006,15.983218027000078],[101.12473572600004,15.978665013000068],[101.12529552400008,15.97746015100006],[101.12776394500008,15.977523593000058],[101.12737457300005,15.970942602000036],[101.12833597200006,15.969634459000076],[101.12974887900003,15.972448258000043],[101.13214059500007,15.97179936200007],[101.13176042900005,15.969402212000034],[101.13108037700005,15.970145340000045],[101.12958539900006,15.968015425000033],[101.13256833600008,15.967678113000034],[101.13532754300007,15.966428852000035],[101.13547589700005,15.964894521000076],[101.13373869700007,15.965759449000075],[101.13231984800007,15.964439457000026],[101.13373125300006,15.962077291000071],[101.13588297900009,15.961022438000043],[101.13574156200008,15.96334657500006],[101.13716421600009,15.96244084600005],[101.13748308900006,15.960540668000021],[101.13859904400005,15.958641947000046],[101.13753507400008,15.958135752000032],[101.13524759300009,15.959826538000073],[101.13443312600003,15.958576185000027],[101.13577919500005,15.958411558000023],[101.13429295700007,15.957361985000034],[101.13508218900006,15.955708831000038],[101.13758286800004,15.955597005000072],[101.13676532800008,15.954317236000065],[101.13577042500003,15.954972387000055],[101.13464609400006,15.953468066000028],[101.13539605000005,15.952419080000027],[101.13205711400008,15.949284659000057],[101.13447728800008,15.947194989000025],[101.13508804700007,15.948160873000063],[101.13738560500008,15.947040314000049],[101.13783618000008,15.945120312000029]]]},"properties":{"Shape_Leng":0.551595246494,"Shape_Area":0.00700169220956,"ADM3_EN":"Tha Daeng","ADM3_TH":"ท่าแดง","ADM3_PCODE":"TH670704","ADM2_EN":"Nong Phai","ADM2_TH":"หนองไผ่","ADM2_PCODE":"TH6707","ADM1_EN":"Phetchabun","ADM1_TH":"เพชรบูรณ์","ADM1_PCODE":"TH67","ADM0_EN":"Thailand","ADM0_TH":"ประเทศไทย","ADM0_PCODE":"TH"}},
{"type":"Feature","geometry":{"type":"Polygon","coordinates":[[[101.07535523000007,15.91341684200006],[101.07399831200007,15.912409715000024],[101.07323760000008,15.910601404000033],[101.07405908800007,15.909267642000032],[101.07147393100007,15.909005690000072],[101.07201266300007,15.90711972300005],[101.06951387500004,15.908149263000041],[101.06899379200007,15.904336612000066],[101.07012612500006,15.902621848000024],[101.06851133700007,15.902839008000058],[101.06778725400005,15.901299745000074],[101.06641065700006,15.900851437000028],[101.06646776800005,15.896609719000026],[101.06901076600008,15.893449279000038],[101.06978367100004,15.891626203000044],[101.06949817800006,15.890060639000069],[101.07158348700005,15.888089809000064],[101.07230535400004,15.88453602100003],[101.07217847000004,15.881967460000055],[101.07100266300006,15.879770590000078],[101.07200005100003,15.87927768000003],[101.07356522700007,15.881320714000026],[101.07496016900006,15.88034566400006],[101.07438566500008,15.87843386000003],[101.07694578200005,15.878200671000059],[101.07818494400004,15.88046625000004],[101.08147418500005,15.87991312400004],[101.08446496700009,15.878624440000067],[101.09250658300004,15.878385260000073],[101.09385822500008,15.877423381000028],[101.09765397000007,15.877247282000042],[101.10069691200005,15.87500020300007],[101.10641673400005,15.873886775000074],[101.10792798900007,15.874434474000054],[101.11098442700006,15.873714429000074],[101.11508311800009,15.871629249000023],[101.11940528900004,15.870717769000066],[101.12353397000004,15.868990053000061],[101.13603081600007,15.866847497000037],[101.14228275100004,15.866121035000049],[101.16352085400007,15.866421039000045],[101.16939061900007,15.86760554600005],[101.17490262600006,15.869787005000035],[101.18452209000009,15.876257899000052],[101.19100973900004,15.881134537000037],[101.19668485300008,15.885896993000074],[101.19919693600008,15.886965089000057],[101.20648864900005,15.889358207000043],[101.20973491000007,15.892415121000056],[101.21183703500009,15.893030943000042],[101.22490927100006,15.893178592000027],[101.22837602600003,15.891991347000044],[101.23240063900005,15.892346997000061],[101.23287358100004,15.894262207000054],[101.23405922600006,15.894896317000075],[101.23503322700009,15.897287536000022],[101.23773300900007,15.896702345000051],[101.23811390200007,15.899169803000063],[101.23764786500004,15.90291658600006],[101.23869071100006,15.909703211000021],[101.24063888300009,15.912318563000042],[101.23791148600009,15.912938987000075],[101.23395016500007,15.911627704000068],[101.23001654900008,15.911578939000037],[101.22502938200006,15.912887526000077],[101.22214982700007,15.91262352700005],[101.22016964500006,15.911020449000034],[101.21664159000005,15.909016489000066],[101.21461133700006,15.908622645000037],[101.20925805100006,15.909708585000033],[101.20234219400004,15.910421281000026],[101.20008581800005,15.911154798000041],[101.19312728600005,15.915987543000028],[101.18861298400009,15.918122389000075],[101.18614486400008,15.917489874000069],[101.18506982400004,15.919815751000044],[101.18379244800008,15.920041337000043],[101.18242203500006,15.916399156000068],[101.18057942100006,15.918593029000021],[101.17760542200006,15.920949386000075],[101.17457378600005,15.920532604000073],[101.17225844300003,15.921661955000047],[101.16949721100008,15.921688502000052],[101.16623536200007,15.924187481000047],[101.16146033600006,15.92550826300004],[101.15240132100007,15.926697722000029],[101.14964868900006,15.925490947000071],[101.14803691900005,15.926194277000036],[101.14511199400005,15.92948517700006],[101.14263497900004,15.931087663000028],[101.14093351300005,15.93692203300003],[101.14223604300008,15.940147996000064],[101.14085428800007,15.943532822000066],[101.13809181700003,15.944180589000041],[101.13783618000008,15.945120312000029],[101.13524632100007,15.945862711000075],[101.13535029800005,15.943650287000025],[101.13667923600008,15.941424041000062],[101.13571015300005,15.940713943000048],[101.13386694300004,15.941065723000065],[101.13325673000008,15.939291807000075],[101.12971527900004,15.938603613000055],[101.12834825000004,15.93749772600006],[101.13109490500005,15.93783000600007],[101.13186931000007,15.936558471000069],[101.13178631300008,15.934136096000032],[101.13007543800006,15.932926578000036],[101.12802845400006,15.934556419000046],[101.12480690900009,15.932739520000041],[101.12381652400006,15.933403292000037],[101.12232923400006,15.932522665000022],[101.12098954200007,15.93310847400005],[101.11908776500007,15.931662182000025],[101.11849467100006,15.930394862000071],[101.12030593400004,15.930089294000027],[101.12156694600009,15.928306698000029],[101.12081097300006,15.924974312000074],[101.11951232000007,15.924600478000059],[101.11962127000004,15.926107999000067],[101.11780096200005,15.926541634000046],[101.11802737900007,15.928473655000062],[101.11696251100005,15.93019081400007],[101.11418936400008,15.931948980000072],[101.11247954000004,15.930468043000076],[101.11364208700007,15.930033722000076],[101.11367175400005,15.928132427000037],[101.11220473500003,15.925951485000041],[101.11092375900006,15.92626269300007],[101.11082134100008,15.924654815000054],[101.10965797200004,15.925224288000038],[101.10923839800006,15.923665291000077],[101.11183180900008,15.92303822200006],[101.11171001900004,15.92087026400003],[101.11499376300009,15.91624691100003],[101.11441651900009,15.914907476000053],[101.11287163900005,15.91625897800003],[101.10990792400008,15.913741783000035],[101.10928226600004,15.914607204000049],[101.10816133100008,15.912674159000062],[101.10674648700007,15.912353279000058],[101.10548389900003,15.910769152000057],[101.10425959500009,15.911159938000026],[101.10506194800007,15.913018549000071],[101.10458645000006,15.913747859000068],[101.10253006000005,15.913394268000047],[101.10139727700005,15.91205325900006],[101.09841689200005,15.913166664000073],[101.09800462900006,15.913935325000068],[101.09967811700005,15.914598546000036],[101.09957364700006,15.916989090000072],[101.09739907800008,15.916499307000038],[101.09622949700008,15.913860465000027],[101.09413528700009,15.913149159000056],[101.09491881900004,15.910946660000036],[101.09418228800007,15.91005881700005],[101.09523989300004,15.908656543000063],[101.09362795900006,15.90560662400003],[101.09182836500008,15.906805795000025],[101.09113447700008,15.90639195700004],[101.09201106700004,15.904676904000041],[101.08995560600005,15.903707968000049],[101.09041108700006,15.902254196000058],[101.08894046300009,15.902615991000062],[101.08929570400005,15.903801246000057],[101.08850067200007,15.905590233000055],[101.08730102500004,15.90610928500007],[101.08705983000004,15.904837771000075],[101.08571041500005,15.904591867000022],[101.08650278000005,15.905849368000077],[101.08486966000004,15.908219935000034],[101.08402508200004,15.907995215000028],[101.08193085700003,15.909541255000022],[101.08034920100005,15.909241948000044],[101.08098207500007,15.908439912000063],[101.07789228800004,15.907305304000033],[101.07862294200004,15.908851918000039],[101.07816650100006,15.911968818000048],[101.07953602400005,15.913292040000044],[101.07637224900009,15.912828942000033],[101.07535523000007,15.91341684200006]]]},"properties":{"Shape_Leng":0.58572006462,"Shape_Area":0.00698968670298,"ADM3_EN":"Phet Lakhon","ADM3_TH":"เพชรละคร","ADM3_PCODE":"TH670705","ADM2_EN":"Nong Phai","ADM2_TH":"หนองไผ่","ADM2_PCODE":"TH6707","ADM1_EN":"Phetchabun","ADM1_TH":"เพชรบูรณ์","ADM1_PCODE":"TH67","ADM0_EN":"Thailand","ADM0_TH":"ประเทศไทย","ADM0_PCODE":"TH"}},
{"type":"Feature","geometry":{"type":"Polygon","coordinates":[[[101.19263748200007,16.148332614000026],[101.19463619100009,16.143001181000045],[101.19386994600006,16.140349513000046],[101.19075176300004,16.134554570000034],[101.19131484700006,16.132330700000068],[101.19315280200004,16.12991491100007],[101.19352640900007,16.126789545000065],[101.19110068700007,16.122935507000022],[101.19021840800008,16.11931204700005],[101.19023936900004,16.11516497300005],[101.18973934500008,16.114044986000067],[101.19011149700003,16.111579987000027],[101.18721619500008,16.108342316000062],[101.18717704400007,16.10607015900007],[101.18633138400008,16.103438979000032],[101.18481680400004,16.10303669500007],[101.18316790400007,16.101207960000067],[101.18385962000008,16.100190861000044],[101.18324669500004,16.098424986000055],[101.18511603500008,16.097400437000033],[101.18482579700009,16.094745197000066],[101.18332266000004,16.09494879400006],[101.18085007600007,16.092651296000042],[101.18061460900009,16.091688457000032],[101.18155767000007,16.088704912000026],[101.18258545200007,16.088388964000046],[101.18101357300009,16.086095759000045],[101.17762183700006,16.084256053000047],[101.17523377100008,16.08062915000005],[101.17909800200005,16.066230011000073],[101.18637157100005,16.040940771000066],[101.18642805400003,16.039793115000066],[101.18200023300005,16.01589907400006],[101.18028770600006,16.012496292000037],[101.18284600200008,16.013524520000033],[101.18722929200004,16.01228982400005],[101.18989306600008,16.012900450000075],[101.19087316600007,16.016366600000026],[101.19081530900007,16.017868451000027],[101.19489811400007,16.022726786000078],[101.19643530400003,16.02139769100006],[101.19846728200008,16.021700735000024],[101.19864512500004,16.022799400000054],[101.20194515600008,16.022346393000078],[101.20613594300005,16.025278453000055],[101.20684094800004,16.025017048000052],[101.20898599400005,16.026364186000023],[101.20948644900005,16.02910238100003],[101.21536175600005,16.033402851000062],[101.21723947400005,16.03619343300005],[101.21938773200009,16.037211213000035],[101.22053355900005,16.036865464000073],[101.22169837000007,16.040414122000072],[101.22321157100004,16.039452148000066],[101.22693207600008,16.039541920000033],[101.22856187100007,16.04032489100007],[101.23133585400006,16.040286602000037],[101.23296180800008,16.04140856500004],[101.23313644600006,16.042445027000042],[101.23510108900007,16.044343380000043],[101.23786836100004,16.04508991700004],[101.24347903100005,16.049736307000046],[101.24376216000007,16.050745326000026],[101.24578028100007,16.051488090000078],[101.24754291100004,16.051132731000052],[101.24734064200004,16.052152781000075],[101.24833217000008,16.054390183000066],[101.24997646000008,16.054411213000037],[101.25084735500008,16.056637973000022],[101.24969647100005,16.05808451200005],[101.25150140400007,16.05917646300003],[101.25054728900005,16.06064757400003],[101.25067182200007,16.065863855000032],[101.25243826400003,16.06786189500002],[101.25453664600008,16.068129232000047],[101.25567726000008,16.069343056000037],[101.25753315600008,16.073086121000074],[101.25863629300005,16.07409601300003],[101.26312479700005,16.07394641600007],[101.26477606500004,16.07504863500003],[101.26754719500008,16.078045934000045],[101.27072211800004,16.079799775000026],[101.27730325200008,16.079445390000046],[101.28232177100006,16.07718157100004],[101.28444798700008,16.076680246000024],[101.28702287600004,16.08000002700004],[101.29008249200007,16.08199994100005],[101.29339750900004,16.083578380000063],[101.29425439800008,16.08666407100003],[101.29467039300005,16.090847756000073],[101.29543010200007,16.091586058000075],[101.30087163800005,16.091164397000057],[101.30204424800007,16.091514910000058],[101.30348492200005,16.093700744000046],[101.30440570600007,16.097239186000024],[101.30858309000007,16.099372922000043],[101.31032807300005,16.099473042000056],[101.31318803500005,16.10260135300007],[101.31484660400008,16.104953185000056],[101.31741883900008,16.10665683600007],[101.31973279100004,16.107247160000043],[101.32279113700008,16.10555398300005],[101.32640909800006,16.106447794000076],[101.33010227000005,16.108824859000038],[101.33381478200005,16.10999883900007],[101.33729489400008,16.113032798000063],[101.33664387900006,16.115714457000024],[101.33692090300008,16.118024804000072],[101.33860760600004,16.119150904000037],[101.33974427700008,16.121377490000043],[101.34036221200006,16.126716529000078],[101.34010404100007,16.12960001500005],[101.34136525500008,16.140097122000043],[101.34237392900008,16.141469311000037],[101.34407608400005,16.14221279000003],[101.34421320400008,16.144124514000055],[101.34230998700008,16.145456614000068],[101.34257939900004,16.151648100000045],[101.34439203200009,16.151825873000064],[101.34489856900007,16.152668368000036],[101.34400571100008,16.155494006000026],[101.34496012100004,16.157891463000055],[101.34719686000005,16.159661179000068],[101.34966242800004,16.160763235000047],[101.35145326400004,16.162382081000032],[101.35302865300008,16.16300095500003],[101.35384900000008,16.164382329000034],[101.35651043200005,16.17378538400004],[101.35962360500008,16.176345823000077],[101.36230493000005,16.182751965000023],[101.36437593000005,16.182386291000057],[101.37157565100006,16.18275944100003],[101.37145792200005,16.184931421000044],[101.37711298300007,16.185364354000058],[101.37847361900003,16.18617921500004],[101.37889689700006,16.18761951500005],[101.37919967000005,16.188617024000052],[101.37679305700004,16.187916980000068],[101.37489731000005,16.189326723000022],[101.37469933700004,16.191240011000048],[101.37081762800005,16.191627027000038],[101.37039938400005,16.19032689100004],[101.36790987000006,16.19097650300006],[101.36865179900008,16.191817498000034],[101.36769741400008,16.19273228000003],[101.36660262300006,16.191386694000073],[101.36313621500005,16.192611887000055],[101.36134221400005,16.191712534000033],[101.35818195600007,16.191739933000065],[101.35828650300004,16.190099361000023],[101.36038544200005,16.189082579000058],[101.35917056500006,16.187338926000052],[101.35854769100007,16.183312544000046],[101.35405094600009,16.183839970000065],[101.35450728700005,16.181958743000052],[101.35318300200004,16.180012103000024],[101.35170630600004,16.179204909000077],[101.34821924500005,16.180528157000026],[101.34550240900006,16.180340818000047],[101.34522155200005,16.181499786000074],[101.34295124600004,16.183061483000074],[101.34040770700005,16.181619882000064],[101.33983117800005,16.178410988000053],[101.33783141100008,16.177046088000054],[101.33764971300008,16.17337579200006],[101.33564727700008,16.171943342000077],[101.33261532500006,16.173071974000038],[101.33154299700004,16.17438526500007],[101.33098631500008,16.178088649000074],[101.32917773600008,16.179349956000067],[101.32714211000007,16.179332603000034],[101.32745426200006,16.181076227000062],[101.32530927800008,16.184374502000026],[101.32631803300006,16.184688493000067],[101.32409165000007,16.187299636000034],[101.32319860200005,16.186330460000022],[101.31901202700004,16.184353182000052],[101.31940872400008,16.183592834000024],[101.31581346200005,16.18437248500004],[101.31366818500004,16.18575944500003],[101.31396515800009,16.188185314000066],[101.31176987200007,16.19109219300003],[101.30981226900008,16.18973677100007],[101.30751158400005,16.189063610000062],[101.30580373100008,16.186994895000055],[101.30497812100003,16.188140515000043],[101.30274414400009,16.18935476000007],[101.30205260300005,16.18854870200005],[101.29893944100007,16.188996383000074],[101.29854835900005,16.189770891000023],[101.29510754100005,16.19002877300005],[101.29397316300003,16.189135141000065],[101.29312514500003,16.189898709000033],[101.29210976300004,16.186641010000073],[101.28944960500007,16.18676199400005],[101.28781736100007,16.18579724600005],[101.28783029600004,16.184846512000036],[101.28488160400008,16.18025939200004],[101.28214596800007,16.181210517000068],[101.28060691400003,16.180163917000073],[101.27915971900006,16.180227030000026],[101.27769576600008,16.179219990000036],[101.27473614100006,16.178624108000065],[101.27292068600008,16.176971509000055],[101.27019060000003,16.17598601800006],[101.26909709800003,16.180269379000038],[101.26686677600009,16.180845189000024],[101.26367686300006,16.18060573400004],[101.26099136400006,16.179140869000037],[101.25786276900004,16.180631637000033],[101.25630238400004,16.180218540000055],[101.25247046600003,16.180673065000065],[101.24919576800005,16.179779060000044],[101.24769800800004,16.175695605000044],[101.24860075800007,16.173731257000043],[101.24642982900008,16.171255893000023],[101.24549776800006,16.168107948000056],[101.24264810200003,16.16589988100003],[101.23966522800004,16.16835770700004],[101.23704363700006,16.16860061700004],[101.23523308800009,16.16783117800003],[101.23415688300008,16.16862819200003],[101.23172627000008,16.167735573000073],[101.23065544500008,16.16939063600006],[101.22672577300006,16.171948325000074],[101.22472012600008,16.17003895600004],[101.22300724100006,16.169432332000042],[101.22104052800006,16.166595014000052],[101.21965669900004,16.169085874000075],[101.22048512700007,16.169501094000054],[101.21679531100006,16.17051182800003],[101.21428694800005,16.170128937000072],[101.21050848500005,16.17129300600004],[101.20697080600007,16.17105241300004],[101.20547085200008,16.175121552000064],[101.20535782300004,16.178826704000073],[101.20316800700004,16.180059388000075],[101.20095762700004,16.17963283000006],[101.19807163700006,16.178041309000037],[101.19566837100007,16.178695945000072],[101.19422902700006,16.177710002000026],[101.19395471500007,16.17631516600005],[101.19549329600005,16.174275203000036],[101.19442103900008,16.169553954000037],[101.19458228800005,16.166926532000048],[101.19367929900005,16.16304967800005],[101.19244218600005,16.16192684500004],[101.19109381000004,16.159326484000076],[101.19143538600008,16.15697040300006],[101.19111709700007,16.154877330000033],[101.19177777400006,16.15108916500003],[101.19263748200007,16.148332614000026]]]},"properties":{"Shape_Leng":0.84627588048,"Shape_Area":0.017688378387,"ADM3_EN":"Bo Thai","ADM3_TH":"บ่อไทย","ADM3_PCODE":"TH670706","ADM2_EN":"Nong Phai","ADM2_TH":"หนองไผ่","ADM2_PCODE":"TH6707","ADM1_EN":"Phetchabun","ADM1_TH":"เพชรบูรณ์","ADM1_PCODE":"TH67","ADM0_EN":"Thailand","ADM0_TH":"ประเทศไทย","ADM0_PCODE":"TH"}},
{"type":"Feature","geometry":{"type":"Polygon","coordinates":[[[100.98455626300006,16.166148617000033],[100.98486594200006,16.164256369000043],[100.98308215000009,16.161653296000054],[100.98312505900009,16.159366610000063],[100.98151918000008,16.156476070000053],[100.98218216400005,16.152119604000063],[100.98451269000009,16.15025617300006],[100.98493844900008,16.148473987000045],[100.98612515100007,16.147224522000045],[100.98639208400004,16.142697098000042],[100.98580470100006,16.141448290000028],[100.98596578800004,16.137261912000042],[100.98721664800007,16.13375561600003],[100.98730448600008,16.131103419000056],[100.98813623800004,16.128554764000057],[100.98921885400006,16.128240868000034],[100.99347980200008,16.129088885000044],[100.99623624600008,16.12906310300002],[100.99845949700006,16.127680533000046],[100.99941941300006,16.125409353000066],[100.99980630600004,16.122208133000072],[100.99888961900007,16.12095900500003],[100.99949219800004,16.117855174000056],[101.00312547400006,16.115656650000062],[101.00736090000004,16.117093410000052],[101.00728275100005,16.115991234000035],[101.01054912100005,16.11590466800004],[101.01132078600006,16.114844907000077],[101.01281176100008,16.115385460000027],[101.01446611400007,16.114012924000065],[101.01775704000005,16.115053402000058],[101.01825781200006,16.116596795000078],[101.02023782900005,16.11717526900003],[101.02148885400004,16.114802663000034],[101.02313023600004,16.11519797400007],[101.02463823200009,16.11457861300005],[101.02591197200007,16.11250549700003],[101.02695466600005,16.112381097000025],[101.02908467200007,16.109417903000065],[101.03024134600008,16.110707481000077],[101.03327311600003,16.10983576700005],[101.03689037100008,16.11121355000006],[101.03843950500004,16.112379161000035],[101.04127475600006,16.11315217300006],[101.04944226900005,16.11649563900005],[101.05724442800005,16.12032991600006],[101.05982344200004,16.12200603100007],[101.06199730800006,16.12146388900004],[101.06645134800004,16.12122094500006],[101.07379307600007,16.119579326000064],[101.07488188900004,16.117241127000057],[101.07450923900007,16.115940581000075],[101.07583843800006,16.116064230000063],[101.07668512700008,16.117689599000073],[101.07658892800004,16.120932503000063],[101.07775348500007,16.120706764000033],[101.07852186500008,16.12231889800006],[101.08055923900008,16.122610398000063],[101.08398510200004,16.12450110700007],[101.08396202000006,16.125266073000034],[101.08583325900008,16.12594437200005],[101.08814175300006,16.125207915000033],[101.09061593000007,16.122692821000044],[101.09209691900008,16.122062760000063],[101.09276970400003,16.124196708000056],[101.09418200300007,16.12494508800006],[101.09321280700004,16.125783178000063],[101.09338445600008,16.127764908000074],[101.09575448400005,16.129037135000033],[101.09489489100008,16.131628040000066],[101.09360575800008,16.133802337000077],[101.09402218500009,16.135419110000043],[101.09289717400009,16.139688226000033],[101.08998414400008,16.13918323200005],[101.08842058800008,16.140156498000067],[101.08651552900005,16.140223684000034],[101.08679960000006,16.141608031000032],[101.08344070600003,16.144579801000077],[101.08431603200006,16.145746237000026],[101.08397508800005,16.150852792000023],[101.08034966800005,16.152404663000027],[101.06964355100007,16.15626425000005],[101.06544277100005,16.15802799000005],[101.05806744100005,16.160253110000042],[101.05381622300007,16.162907329000063],[101.04583109100008,16.16673948600004],[101.03908118400005,16.168917325000052],[101.03328899800005,16.170386785000062],[101.03086230100007,16.171439574000033],[101.02803871200007,16.17110944600006],[101.02715876200006,16.167769796000073],[101.02559828200003,16.167931733000046],[101.02262500800003,16.16982802900003],[101.02135348500008,16.169909648000043],[101.01750421200006,16.16672167200005],[101.01734684400009,16.160780817000045],[101.01582229800005,16.16025834900006],[101.01306196700006,16.160335660000044],[101.00906092600007,16.156469710000067],[101.00632640200007,16.156059077000066],[101.00360020500005,16.15707263400003],[101.00117883800004,16.15961767300007],[100.99799950800008,16.160550300000068],[100.99727512200008,16.163351587000022],[100.99779078700004,16.167256705000057],[100.99571532700008,16.16875570700006],[100.99252169300007,16.16985327200007],[100.98975238500009,16.169820998000034],[100.98455626300006,16.166148617000033]]]},"properties":{"Shape_Leng":0.368555157387,"Shape_Area":0.00455694968089,"ADM3_EN":"Huai Pong","ADM3_TH":"ห้วยโป่ง","ADM3_PCODE":"TH670707","ADM2_EN":"Nong Phai","ADM2_TH":"หนองไผ่","ADM2_PCODE":"TH6707","ADM1_EN":"Phetchabun","ADM1_TH":"เพชรบูรณ์","ADM1_PCODE":"TH67","ADM0_EN":"Thailand","ADM0_TH":"ประเทศไทย","ADM0_PCODE":"TH"}},
{"type":"Feature","geometry":{"type":"Polygon","coordinates":[[[101.24664175300006,15.941859377000071],[101.24831605800006,15.942163427000025],[101.24950376100008,15.943821781000054],[101.25455106800007,15.946929453000052],[101.25574228800008,15.949800496000023],[101.25565453200005,15.95190057700006],[101.25779165900008,15.953690529000028],[101.25885649400004,15.953478276000055],[101.25870191100006,15.955258730000025],[101.25686966400008,15.957377739000037],[101.25721484100006,15.959824530000049],[101.25941184900006,15.962607662000039],[101.25676972600007,15.966079978000039],[101.25905508700004,15.97121874800007],[101.25930561600006,15.973072428000023],[101.26040539400009,15.97448018600005],[101.25979403600007,15.975136507000059],[101.26069029100006,15.978102971000055],[101.25922096100004,15.980521039000052],[101.26128949200006,15.984688219000077],[101.25874063300006,15.986151622000023],[101.25792411900005,15.993358301000058],[101.25669593600009,15.997194239000066],[101.25482374700005,15.998635297000021],[101.25562598600004,16.003170029000046],[101.25958601600007,16.00434120700004],[101.26004158800004,16.00903055200007],[101.26187009100005,16.00957057200003],[101.26205451500005,16.01181200700006],[101.26104302200008,16.01459075300005],[101.26346933300005,16.01403450500004],[101.26624545100003,16.01472740300005],[101.26645298700004,16.01654934900006],[101.26504976500007,16.017169256000045],[101.26425673400007,16.019509994000032],[101.26582880400008,16.02206321600005],[101.26405814100008,16.022444767000025],[101.26347352300007,16.02338223600003],[101.26105656500005,16.024041959000044],[101.26012000100008,16.027799663000053],[101.25899648200004,16.02902240800006],[101.25723256000003,16.028215545000023],[101.25613104000007,16.03063969300007],[101.25466470500004,16.03231008100005],[101.25564697400006,16.032356825000022],[101.25647323100009,16.03462374000003],[101.25539437300006,16.03604878300007],[101.25749581700006,16.037114038000027],[101.25742890400005,16.038771980000035],[101.25539495700008,16.041433355000038],[101.25206015900005,16.04459834100004],[101.25066614200006,16.04687528200003],[101.25081596300004,16.048300723000068],[101.24885286100005,16.048242291000065],[101.24776608900004,16.048943447000056],[101.24754291100004,16.051132731000052],[101.24578028100007,16.051488090000078],[101.24376216000007,16.050745326000026],[101.24347903100005,16.049736307000046],[101.23786836100004,16.04508991700004],[101.23510108900007,16.044343380000043],[101.23313644600006,16.042445027000042],[101.23296180800008,16.04140856500004],[101.23133585400006,16.040286602000037],[101.22856187100007,16.04032489100007],[101.22693207600008,16.039541920000033],[101.22321157100004,16.039452148000066],[101.22169837000007,16.040414122000072],[101.22053355900005,16.036865464000073],[101.21938773200009,16.037211213000035],[101.21723947400005,16.03619343300005],[101.21536175600005,16.033402851000062],[101.20948644900005,16.02910238100003],[101.20898599400005,16.026364186000023],[101.20684094800004,16.025017048000052],[101.20613594300005,16.025278453000055],[101.20194515600008,16.022346393000078],[101.19864512500004,16.022799400000054],[101.19846728200008,16.021700735000024],[101.19643530400003,16.02139769100006],[101.19489811400007,16.022726786000078],[101.19081530900007,16.017868451000027],[101.19087316600007,16.016366600000026],[101.18989306600008,16.012900450000075],[101.18722929200004,16.01228982400005],[101.18284600200008,16.013524520000033],[101.18028770600006,16.012496292000037],[101.17816228600009,16.009716929000035],[101.18207915500005,16.00767729300003],[101.18399927900003,16.004167215000052],[101.18285571700005,15.997091245000036],[101.18328400800004,15.996387106000043],[101.18589026600006,15.99552624200004],[101.18593509900006,15.992825324000023],[101.18516326400004,15.990784876000077],[101.18433477800005,15.985498518000043],[101.18655346700007,15.983863494000047],[101.18959162400006,15.982421141000032],[101.18928588300008,15.979931429000032],[101.19219540400007,15.979537266000023],[101.19217206500008,15.977924665000046],[101.19410728900004,15.977962830000024],[101.19528370800003,15.977059997000026],[101.19637240000009,15.977491580000049],[101.19676116800008,15.976111024000033],[101.19768658900006,15.976798547000044],[101.19724332100009,15.97869358500003],[101.20144074600006,15.978640995000035],[101.20277328600008,15.979347201000053],[101.20452151800004,15.978300689000037],[101.20774502000006,15.97768332000004],[101.20957020600008,15.97549454700004],[101.21049334600008,15.973513341000057],[101.21179039400005,15.973471992000043],[101.21064812100008,15.971387338000056],[101.21191777500007,15.97050155200003],[101.21201956400006,15.968892313000026],[101.21399478800004,15.968765534000056],[101.21493704000005,15.967935629000067],[101.21528695900008,15.96578310800004],[101.21742699400005,15.964320280000038],[101.22018646800007,15.964539788000025],[101.22132119100007,15.96407159100005],[101.22176133100004,15.962015250000036],[101.21955620400007,15.960511035000025],[101.21893176500004,15.958079530000077],[101.21750725000004,15.958301896000023],[101.21719230300005,15.956772201000035],[101.22249177100008,15.953178932000071],[101.22450592400008,15.952661674000069],[101.22551796200008,15.95038015800003],[101.22427482500007,15.94655860100005],[101.22578628100007,15.946004274000074],[101.22756529200007,15.942985978000024],[101.23020616900004,15.94189179600005],[101.23101267900006,15.939791964000051],[101.23251670000008,15.93857220500007],[101.23529760500008,15.938300428000048],[101.23762798900003,15.938751583000055],[101.24026378300005,15.940160769000045],[101.24229746400005,15.940435384000068],[101.24432916000006,15.941512785000043],[101.24664175300006,15.941859377000071]]]},"properties":{"Shape_Leng":0.427614497913,"Shape_Area":0.00564205355984,"ADM3_EN":"Wang Tha Di","ADM3_TH":"วังท่าดี","ADM3_PCODE":"TH670708","ADM2_EN":"Nong Phai","ADM2_TH":"หนองไผ่","ADM2_PCODE":"TH6707","ADM1_EN":"Phetchabun","ADM1_TH":"เพชรบูรณ์","ADM1_PCODE":"TH67","ADM0_EN":"Thailand","ADM0_TH":"ประเทศไทย","ADM0_PCODE":"TH"}},
{"type":"Feature","geometry":{"type":"Polygon","coordinates":[[[100.90158598100004,15.953159163000066],[100.90498241800003,15.954423575000021],[100.90960517000008,15.952887198000042],[100.91215930800007,15.951285729000062],[100.91667185800009,15.944198117000042],[100.91804480500008,15.94283146500004],[100.92164848000004,15.941934458000048],[100.92443180500004,15.939191357000027],[100.92679331200009,15.936222532000045],[100.92962064000005,15.934306348000064],[100.93137069500006,15.934151707000069],[100.93481577900008,15.937111867000056],[100.93645946200007,15.937414518000026],[100.93752072300003,15.93529499300007],[100.93890872800006,15.934082316000058],[100.94010556900008,15.93430593200003],[100.94509302700004,15.934003917000041],[100.94665653100009,15.933271349000051],[100.94904335600006,15.93355142300004],[100.95198898300004,15.931630333000044],[100.95320465500004,15.931658777000052],[100.95723363500008,15.928743995000048],[100.95813190600006,15.929275473000075],[100.96407799500008,15.92862322700006],[100.96611916900008,15.928735085000028],[100.96685799200009,15.929572154000027],[100.96898244700009,15.929253685000049],[100.96999376100007,15.928347065000025],[100.96996362700008,15.924761553000053],[100.96928349400008,15.921236961000034],[100.97237610800005,15.921579318000056],[100.97300466000007,15.923019339000064],[100.97614970400008,15.924415957000065],[100.98525139200007,15.924061565000045],[100.98704294600009,15.923062228000049],[100.98727984400006,15.923755095000047],[100.98931251000005,15.923307386000033],[100.99853389000003,15.924004086000025],[100.99865361300004,15.925327907000053],[101.00180072700005,15.925217275000023],[101.00392310300003,15.927027488000022],[101.00690675000004,15.927406998000038],[101.01004501500006,15.926405804000069],[101.01399682200008,15.927080272000069],[101.01422712100003,15.927664561000029],[101.01693902200009,15.927242829000022],[101.01687735400009,15.929238640000051],[101.01863806500006,15.929355488000056],[101.01950353900008,15.93078347200003],[101.02370823600006,15.930551207000065],[101.02680357200006,15.930753038000034],[101.02857231900003,15.929280320000032],[101.02997775000006,15.929374904000042],[101.03298886100004,15.931279979000067],[101.03483685100008,15.930489558000033],[101.03859122600005,15.930355120000058],[101.03954397300004,15.93087871800003],[101.04149024400004,15.930176869000036],[101.04322692600005,15.930667104000065],[101.04429632000006,15.929096191000042],[101.04610148300009,15.928774177000037],[101.04962030200005,15.926809330000026],[101.05236810600007,15.925928912000074],[101.05387650000006,15.922294284000031],[101.05340988900008,15.922078670000076],[101.05299230300005,15.91846369800004],[101.05572968100006,15.917234746000076],[101.05806270900007,15.914477637000061],[101.05921372000006,15.912285121000025],[101.05919155500004,15.909957961000032],[101.05996679400005,15.907806986000026],[101.05838580000005,15.905733584000075],[101.06164970100008,15.904942709000068],[101.06128467900004,15.902828849000059],[101.06514349700007,15.90089480000006],[101.06641065700006,15.900851437000028],[101.06778725400005,15.901299745000074],[101.06851133700007,15.902839008000058],[101.07012612500006,15.902621848000024],[101.06899379200007,15.904336612000066],[101.06951387500004,15.908149263000041],[101.07201266300007,15.90711972300005],[101.07147393100007,15.909005690000072],[101.07405908800007,15.909267642000032],[101.07323760000008,15.910601404000033],[101.07399831200007,15.912409715000024],[101.07535523000007,15.91341684200006],[101.07422886700004,15.914203927000074],[101.07344589200005,15.916448094000032],[101.07314494900004,15.919304088000047],[101.07387373100005,15.919791620000069],[101.07453739000005,15.923257989000035],[101.07687005000008,15.92400744300005],[101.07679757300008,15.926146097000071],[101.07448236200008,15.926714626000035],[101.07040067900004,15.929716408000047],[101.06946903300008,15.932077521000053],[101.06989035400005,15.932639144000063],[101.06905711900004,15.93609021800006],[101.06810195300005,15.937616902000059],[101.05855763300008,15.938577832000021],[101.05554814300007,15.943331717000035],[101.05248850000004,15.944514541000046],[101.05293156400006,15.949206466000078],[101.05211077800004,15.950700250000068],[101.05176709800008,15.953863548000072],[101.05217086400006,15.957239169000047],[101.04597474600007,15.960311018000027],[101.03491309600008,15.947397917000046],[101.03459132500006,15.947675567000033],[101.04016418900005,15.956921587000068],[101.04263630400004,15.959603541000035],[101.04521126900005,15.963378462000037],[101.04316798400004,15.965319727000065],[101.04228577500004,15.968092197000033],[101.03962551200004,15.970032910000043],[101.03399522900008,15.973422521000032],[101.02542956800005,15.974524232000022],[101.02328433400004,15.975053114000048],[101.02444433800008,15.97824872700005],[101.01929753600007,15.979272403000039],[101.00809011300004,15.98054834800007],[101.00536260800004,15.980591275000052],[101.00307682600004,15.981162446000042],[100.99898576700008,15.983023598000045],[100.99469085200008,15.986772960000053],[100.99072596500008,15.98768020500006],[100.98517597000006,15.987445749000074],[100.98210932900008,15.989379254000028],[100.98049471100006,15.992093182000076],[100.97752517600009,15.993898724000076],[100.97363500100005,15.99498206900006],[100.97329382600009,15.996068926000078],[100.97286653700007,15.99846447300007],[100.97178065100007,15.999401258000034],[100.96790275700005,15.99929602900005],[100.96663403600007,15.997805422000056],[100.96570962400006,15.997969041000033],[100.95608953100003,16.001442160000067],[100.95495375600007,16.000119531000053],[100.95554108200008,15.99753288200003],[100.95089481100007,15.995938530000046],[100.94848343200005,15.994314530000054],[100.94583777900004,15.993927032000045],[100.94054195300004,15.988041061000047],[100.93750720000008,15.989086289000056],[100.93673041800008,15.98746905400003],[100.93383902800008,15.987126923000062],[100.93257332200005,15.985882228000037],[100.93089601200006,15.986070550000022],[100.93059501500005,15.985033740000063],[100.93160918800004,15.983400391000032],[100.93747814600005,15.981420163000053],[100.94175172500007,15.980473993000032],[100.93801630900003,15.97918469800004],[100.93447981600008,15.979259850000062],[100.93178731400008,15.978634354000064],[100.92811567400008,15.978623988000038],[100.92064708400005,15.981895996000048],[100.91490713900004,15.985693797000067],[100.91423623700007,15.988125323000077],[100.91267492800006,15.988745609000034],[100.90853150000004,15.98858752600006],[100.90698187500004,15.988081516000022],[100.90216375600005,15.989245181000058],[100.90080220200008,15.979685134000022],[100.89954467500007,15.979073154000048],[100.89776506800007,15.975504486000034],[100.89696683500006,15.972461898000063],[100.89395272200005,15.966841620000025],[100.89664673900006,15.964012719000038],[100.89863594500008,15.960926911000058],[100.89861649900007,15.958862972000077],[100.90158598100004,15.953159163000066]]]},"properties":{"Shape_Leng":0.615382997627,"Shape_Area":0.00860254980458,"ADM3_EN":"Bua Watthana","ADM3_TH":"บัววัฒนา","ADM3_PCODE":"TH670709","ADM2_EN":"Nong Phai","ADM2_TH":"หนองไผ่","ADM2_PCODE":"TH6707","ADM1_EN":"Phetchabun","ADM1_TH":"เพชรบูรณ์","ADM1_PCODE":"TH67","ADM0_EN":"Thailand","ADM0_TH":"ประเทศไทย","ADM0_PCODE":"TH"}},
{"type":"Feature","geometry":{"type":"Polygon","coordinates":[[[100.97329382600009,15.996068926000078],[100.97363500100005,15.99498206900006],[100.97752517600009,15.993898724000076],[100.98049471100006,15.992093182000076],[100.98210932900008,15.989379254000028],[100.98517597000006,15.987445749000074],[100.99072596500008,15.98768020500006],[100.99469085200008,15.986772960000053],[100.99898576700008,15.983023598000045],[101.00307682600004,15.981162446000042],[101.00536260800004,15.980591275000052],[101.00809011300004,15.98054834800007],[101.01929753600007,15.979272403000039],[101.02444433800008,15.97824872700005],[101.02328433400004,15.975053114000048],[101.02542956800005,15.974524232000022],[101.03399522900008,15.973422521000032],[101.03962551200004,15.970032910000043],[101.04228577500004,15.968092197000033],[101.04316798400004,15.965319727000065],[101.04521126900005,15.963378462000037],[101.04263630400004,15.959603541000035],[101.04016418900005,15.956921587000068],[101.03459132500006,15.947675567000033],[101.03491309600008,15.947397917000046],[101.04597474600007,15.960311018000027],[101.05217086400006,15.957239169000047],[101.05176709800008,15.953863548000072],[101.05211077800004,15.950700250000068],[101.05293156400006,15.949206466000078],[101.05248850000004,15.944514541000046],[101.05554814300007,15.943331717000035],[101.05855763300008,15.938577832000021],[101.06810195300005,15.937616902000059],[101.06968240400005,15.94170613600005],[101.07189813400004,15.941018620000023],[101.07392498300004,15.94259674600005],[101.07767881300003,15.944110548000026],[101.07920832300005,15.945431115000076],[101.08066271500007,15.94824094200004],[101.08264768800007,15.949841651000042],[101.08739800100005,15.951919037000039],[101.09007608000007,15.954892044000076],[101.09196909700006,15.95634030900004],[101.09228266700006,15.95739448300003],[101.09145465200004,15.961199521000026],[101.09009642200004,15.962714755000036],[101.09065319500007,15.964724659000069],[101.08906338900005,15.96787555900005],[101.08941584800004,15.969901037000056],[101.09040078500004,15.970348743000045],[101.09140607800003,15.97234854900006],[101.08960233700009,15.979978047000031],[101.08928702200006,15.988417481000056],[101.08883389900006,15.989131878000023],[101.08897888300004,15.993390418000047],[101.08965655400004,15.993509122000034],[101.08909369800006,15.998449166000057],[101.09006219800006,16.000871197000038],[101.09115319800009,16.006575678000047],[101.08966133400008,16.006368398000063],[101.08505349000006,16.006869063000067],[101.07865160300008,16.009068933000037],[101.07521967700006,16.01164977700006],[101.07397916300005,16.01361299900003],[101.07139488600006,16.01460719000005],[101.06762190600006,16.01571934800006],[101.06470886600005,16.017035201000056],[101.06114165100007,16.01948414000003],[101.05621949400006,16.02178748800003],[101.04865467800005,16.024048180000023],[101.02083927300004,16.028588011000068],[101.01275980700007,16.030404290000035],[101.00269261500006,16.03459338600004],[100.98880550400008,16.041788444000076],[100.98804711400004,16.040199579000046],[100.98753540700005,16.035193202000073],[100.98916858900009,16.031810713000027],[100.98873697200008,16.029891933000044],[100.98563223800005,16.024645974000066],[100.98400401200007,16.023766344000023],[100.98502760200006,16.019840428000066],[100.98637345200007,16.017840571000022],[100.98512420100008,16.01565907300005],[100.98516456800007,16.013492211000028],[100.98314845500005,16.01102065400005],[100.98386652500005,16.00961293200004],[100.98588490800006,16.008530369000027],[100.98589701800006,16.005815667000036],[100.98518737000006,16.00465501000002],[100.98286829200003,16.00376517500007],[100.98064753700004,16.00163793400003],[100.97329382600009,15.996068926000078]]]},"properties":{"Shape_Leng":0.420228237842,"Shape_Area":0.00638300768338,"ADM3_EN":"Nong Phai","ADM3_TH":"หนองไผ่","ADM3_PCODE":"TH670710","ADM2_EN":"Nong Phai","ADM2_TH":"หนองไผ่","ADM2_PCODE":"TH6707","ADM1_EN":"Phetchabun","ADM1_TH":"เพชรบูรณ์","ADM1_PCODE":"TH67","ADM0_EN":"Thailand","ADM0_TH":"ประเทศไทย","ADM0_PCODE":"TH"}},
{"type":"Feature","geometry":{"type":"Polygon","coordinates":[[[101.17657010600004,16.146631832000025],[101.17620685300005,16.145505038000067],[101.17301108500004,16.144481992000067],[101.17144968800005,16.143528719000074],[101.16577019700009,16.142170398000076],[101.16508772700007,16.14173320900005],[101.16617704500004,16.134756077000077],[101.16717504200005,16.13187855700005],[101.16781762100004,16.131514835000075],[101.16830052300008,16.12704317300006],[101.17026177000008,16.120316889000037],[101.17171497200007,16.109637392000025],[101.16678526900006,16.10908234300007],[101.16151823300004,16.107767043000024],[101.15798817500007,16.10414490900007],[101.15594240700005,16.103440342000056],[101.15607637000005,16.102342066000062],[101.15447904200005,16.100412504000076],[101.15391191000003,16.10096552600004],[101.15081682100003,16.098662628000056],[101.14848851000005,16.097907961000033],[101.14699998500004,16.096670536000033],[101.14341478300008,16.091780637000056],[101.14177204500004,16.090614969000057],[101.14056316300008,16.092460992000042],[101.13840439000006,16.094358490000047],[101.13753797100009,16.095830327000044],[101.13921059800003,16.097437713000033],[101.13879291400008,16.098168075000046],[101.13648947600007,16.098475996000047],[101.13296326300008,16.101252268000053],[101.13161082500005,16.103573502000074],[101.12542669100009,16.10294577600007],[101.12428900100008,16.10345815900007],[101.12272725400004,16.101879517000043],[101.12081238900004,16.101456048000045],[101.11157997900006,16.100742553000032],[101.10815859300004,16.09986194800007],[101.10737568800005,16.09715654400003],[101.10882715300005,16.096938246000036],[101.10694311900005,16.09615211600004],[101.10861892700007,16.09583101900006],[101.10993594800004,16.093189677000055],[101.11259735200008,16.092612847000055],[101.11097883500008,16.09178779900003],[101.11115373200005,16.09001458000006],[101.11217636600009,16.090244770000027],[101.11322042300009,16.088401486000066],[101.11144695000007,16.08494308300004],[101.10968106900003,16.085483021000073],[101.10964792200008,16.083438023000042],[101.11124848100008,16.084151589000044],[101.11083817500008,16.083013005000055],[101.11205793100004,16.08198720300004],[101.11190692000008,16.080336561000024],[101.10963103400007,16.079099556000074],[101.11048945200008,16.07726161000005],[101.11222245500005,16.07655714300006],[101.11231573600008,16.074512990000073],[101.11014564300007,16.074668529000064],[101.10776339700004,16.072175170000037],[101.10827701000005,16.070472280000047],[101.10982067800006,16.07276487100006],[101.11157785100005,16.071514404000027],[101.11196878500004,16.069616360000055],[101.11459335900008,16.06889565700004],[101.11328880800005,16.067124060000026],[101.11758423000003,16.06562378800004],[101.11684371700005,16.064738870000042],[101.11868505700005,16.062057495000033],[101.11760975700008,16.060058382000022],[101.11793381300004,16.058963755000036],[101.11743047300007,16.05603584000005],[101.11944842700007,16.055023019000032],[101.11780331300008,16.052888277000022],[101.11793267100006,16.051543216000027],[101.11702474600008,16.048604298000043],[101.11546066100004,16.04689415000007],[101.11395736700007,16.04754121700006],[101.11227745500008,16.045785075000026],[101.11261390200008,16.047299095000028],[101.11142646700006,16.04848104100006],[101.11122284800007,16.04594670800003],[101.10775714200008,16.046251076000033],[101.10722722100007,16.045108363000054],[101.10842184800003,16.04436521100007],[101.10729881800006,16.042896105000068],[101.10747240900008,16.041362179000032],[101.10584294100005,16.04244430500006],[101.10513254100005,16.041447161000065],[101.10232241600005,16.040696238000066],[101.10201823800008,16.039561208000066],[101.10379726300005,16.039293343000054],[101.10141800300005,16.03879850100003],[101.10221579600005,16.037374982000074],[101.10114667600004,16.036393733000068],[101.10191869200008,16.035446501000024],[101.10271257500006,16.036829615000045],[101.10433494800009,16.033119503000023],[101.10601993200004,16.031714537000028],[101.10857760100004,16.03119268000006],[101.10871688800006,16.029710885000043],[101.10702355000006,16.02954607600003],[101.10749969600005,16.02837779400005],[101.10881938900008,16.02869604600005],[101.10827517000007,16.026503800000057],[101.10926637400007,16.025321810000037],[101.10939443900008,16.027305011000067],[101.11043602800004,16.027798800000028],[101.11045670300007,16.029480636000073],[101.11209057800005,16.029372387000024],[101.11108966800003,16.027651238000033],[101.11284181000008,16.02504625100005],[101.11467591100006,16.024977870000043],[101.11499441400008,16.02401430900005],[101.11728770800005,16.024218070000074],[101.11656021800007,16.021151891000045],[101.11567294700006,16.022887121000053],[101.11248418000008,16.022294265000028],[101.11506097600005,16.02135647700004],[101.11448212100004,16.019377302000066],[101.11343863200005,16.019751175000067],[101.11288420200003,16.01829312600006],[101.11111473700004,16.01775715100007],[101.11209404000004,16.01690142700005],[101.11099962000009,16.014904442000045],[101.11167490000008,16.01301810600006],[101.11305771800005,16.012764393000054],[101.11241568500009,16.01511232200005],[101.11305322100009,16.015931557000044],[101.11435340900005,16.01456501100006],[101.11553895300005,16.014436703000058],[101.11493618200006,16.013102623000066],[101.11670106400004,16.012310025000033],[101.11584015700004,16.010935043000075],[101.11755513200006,16.00922367100003],[101.11590897000008,16.008041655000056],[101.11617279600006,16.005426638000074],[101.11542890600003,16.003818524000053],[101.11611915300006,16.002456863000077],[101.11757594800008,16.001651306000042],[101.11767688400005,15.999754879000022],[101.11949804900007,15.99775548100007],[101.12062167800008,15.998404463000043],[101.12214919300004,15.996026048000033],[101.12178694400006,15.994534286000032],[101.12356900400005,15.993547715000034],[101.12508588500003,15.993089506000047],[101.12705117700006,15.991175289000068],[101.12861907700005,15.988405082000043],[101.13115066700004,15.988180646000046],[101.13252414200008,15.98916831400004],[101.13118226800003,15.989394567000033],[101.13197568300006,15.992252832000077],[101.13345456100006,15.992667655000048],[101.13479676900005,15.994053906000033],[101.13724704900005,15.994499466000036],[101.14018866900005,15.993636546000062],[101.14127963400006,15.995324520000054],[101.14043237900006,15.99629886100007],[101.14266070500008,15.996240803000035],[101.14360343200008,15.997164463000047],[101.14944130200007,15.997358035000047],[101.14996963400006,15.998354203000076],[101.15204818000007,15.997151676000044],[101.15330622500005,15.997907457000053],[101.15626396000005,15.99636468500006],[101.15602765600005,15.997313251000037],[101.15841492100009,15.998067129000049],[101.15834122900009,15.999561249000067],[101.15935617400004,15.99958220600007],[101.16062682600005,15.997490718000051],[101.16447818300009,15.99775098200007],[101.16523336000006,16.002453917000025],[101.16829932400003,16.008345504000033],[101.17382821500007,16.00896715600004],[101.17494781700003,16.009670920000076],[101.17536362800007,16.008343577000062],[101.17816228600009,16.009716929000035],[101.18028770600006,16.012496292000037],[101.18200023300005,16.01589907400006],[101.18642805400003,16.039793115000066],[101.18637157100005,16.040940771000066],[101.17909800200005,16.066230011000073],[101.17523377100008,16.08062915000005],[101.17762183700006,16.084256053000047],[101.18101357300009,16.086095759000045],[101.18258545200007,16.088388964000046],[101.18155767000007,16.088704912000026],[101.18061460900009,16.091688457000032],[101.18085007600007,16.092651296000042],[101.18332266000004,16.09494879400006],[101.18482579700009,16.094745197000066],[101.18511603500008,16.097400437000033],[101.18324669500004,16.098424986000055],[101.18385962000008,16.100190861000044],[101.18316790400007,16.101207960000067],[101.18481680400004,16.10303669500007],[101.18633138400008,16.103438979000032],[101.18717704400007,16.10607015900007],[101.18721619500008,16.108342316000062],[101.19011149700003,16.111579987000027],[101.18973934500008,16.114044986000067],[101.19023936900004,16.11516497300005],[101.19021840800008,16.11931204700005],[101.19110068700007,16.122935507000022],[101.19352640900007,16.126789545000065],[101.19315280200004,16.12991491100007],[101.19131484700006,16.132330700000068],[101.19075176300004,16.134554570000034],[101.19386994600006,16.140349513000046],[101.19463619100009,16.143001181000045],[101.19263748200007,16.148332614000026],[101.18893841900007,16.146383119000063],[101.18427229700006,16.147491655000067],[101.18244042500004,16.146181323000064],[101.17713696800007,16.14694512500006],[101.17657010600004,16.146631832000025]]]},"properties":{"Shape_Leng":0.674247808721,"Shape_Area":0.00809906963279,"ADM3_EN":"Wang Bot","ADM3_TH":"วังโบสถ์","ADM3_PCODE":"TH670711","ADM2_EN":"Nong Phai","ADM2_TH":"หนองไผ่","ADM2_PCODE":"TH6707","ADM1_EN":"Phetchabun","ADM1_TH":"เพชรบูรณ์","ADM1_PCODE":"TH67","ADM0_EN":"Thailand","ADM0_TH":"ประเทศไทย","ADM0_PCODE":"TH"}},
{"type":"Feature","geometry":{"type":"Polygon","coordinates":[[[100.90724431900009,16.107125432000032],[100.90888745700005,16.105407355000068],[100.90939784000005,16.10250207200005],[100.91103686000008,16.10004827000006],[100.91155573500004,16.097122004000028],[100.91458193600005,16.093041851000066],[100.91516833000009,16.090890174000037],[100.91681342700008,16.089034910000066],[100.91859295700004,16.087911586000075],[100.91969775200005,16.085854378000022],[100.92301900700005,16.08453086000003],[100.92436745700007,16.079626458000064],[100.92623147900008,16.077422358000035],[100.93041279400006,16.075891477000027],[100.93263968700006,16.07233101500003],[100.93165678400004,16.068250200000023],[100.93069724600008,16.066177294000056],[100.93160919200005,16.064659317000064],[100.93321108600009,16.06357975800006],[100.93975179300008,16.063757258000066],[100.94066978400008,16.064400560000024],[100.94161299700005,16.06706502000003],[100.94317657700009,16.06941228200003],[100.94527782200004,16.071507369000074],[100.94795403000006,16.071540517000074],[100.94951156000008,16.070683066000072],[100.95134016000009,16.067117857000028],[100.95339519000004,16.06572459100005],[100.95887220100008,16.064349621000076],[100.96106122100008,16.065716132000034],[100.96314154800007,16.065964147000045],[100.96520703100003,16.062405746000024],[100.96930322500003,16.059737324000025],[100.97192974100005,16.061166567000043],[100.97318063100005,16.059911459000034],[100.97494062600003,16.06093698500007],[100.97757944600005,16.064594666000062],[100.97986282600004,16.064916758000038],[100.98168775800008,16.066270146000022],[100.98269709700008,16.06543375600006],[100.98261967800005,16.062151309000058],[100.98173137400005,16.060231372000032],[100.97937322300004,16.05771729500003],[100.97911846500006,16.055808075000073],[100.98004624000004,16.054323511000064],[100.98046055500004,16.048559973000067],[100.98222384700006,16.048019718000035],[100.98569142700006,16.043961059000026],[100.98874039000003,16.042423790000043],[100.98880550400008,16.041788444000076],[101.00269261500006,16.03459338600004],[101.01275980700007,16.030404290000035],[101.02083927300004,16.028588011000068],[101.04865467800005,16.024048180000023],[101.05621949400006,16.02178748800003],[101.06114165100007,16.01948414000003],[101.06470886600005,16.017035201000056],[101.06762190600006,16.01571934800006],[101.07139488600006,16.01460719000005],[101.07262453600003,16.01889579400006],[101.08064616100006,16.045303878000027],[101.07999566800004,16.048087778000024],[101.06701375200004,16.073259232000055],[101.06592824700004,16.07518976800003],[101.06413877600005,16.076766779000025],[101.05835831000007,16.080846379000036],[101.05510619400007,16.084522202000073],[101.05177612300008,16.08685934700003],[101.05082904400007,16.088163388000055],[101.04717278900006,16.096757113000024],[101.04502229200006,16.101107125000055],[101.04320819300005,16.100012495000044],[101.04203633200007,16.100522796000064],[101.04115154800007,16.10227776800002],[101.03929679700008,16.10273926000002],[101.03611180900003,16.101170382000078],[101.03464517200007,16.10145780700003],[101.03229302800008,16.10082095200005],[101.03074225200004,16.103763576000063],[101.03124076500006,16.104288576000044],[101.02894836100006,16.105015605000062],[101.02750357000008,16.106415898000023],[101.02908467200007,16.109417903000065],[101.02695466600005,16.112381097000025],[101.02591197200007,16.11250549700003],[101.02463823200009,16.11457861300005],[101.02313023600004,16.11519797400007],[101.02148885400004,16.114802663000034],[101.02023782900005,16.11717526900003],[101.01825781200006,16.116596795000078],[101.01775704000005,16.115053402000058],[101.01446611400007,16.114012924000065],[101.01281176100008,16.115385460000027],[101.01132078600006,16.114844907000077],[101.01054912100005,16.11590466800004],[101.00728275100005,16.115991234000035],[101.00736090000004,16.117093410000052],[101.00312547400006,16.115656650000062],[100.99949219800004,16.117855174000056],[100.99888961900007,16.12095900500003],[100.99980630600004,16.122208133000072],[100.99941941300006,16.125409353000066],[100.99845949700006,16.127680533000046],[100.99623624600008,16.12906310300002],[100.99347980200008,16.129088885000044],[100.98921885400006,16.128240868000034],[100.98813623800004,16.128554764000057],[100.98730448600008,16.131103419000056],[100.98721664800007,16.13375561600003],[100.98596578800004,16.137261912000042],[100.98315819500004,16.136665507000032],[100.98238942600005,16.13586751400004],[100.98179908800006,16.133353529000033],[100.97834844000005,16.134032140000045],[100.97760244400007,16.13593582900006],[100.97492314200008,16.137405477000073],[100.97440237600006,16.138605858000062],[100.97447187300008,16.144125496000072],[100.97326824500004,16.145540394000022],[100.96961086300007,16.144304302000023],[100.96652225200006,16.141407625000056],[100.96377710100006,16.140691911000033],[100.96141689900008,16.14154386900003],[100.95962104300008,16.141240065000034],[100.95789722700005,16.138185514000043],[100.95386092500007,16.134673347000046],[100.95241067800004,16.134053798000025],[100.95039980200005,16.13432695800003],[100.94847029100004,16.13696744300006],[100.94700373100005,16.13740509300004],[100.94451093300006,16.136975342000028],[100.94316142400004,16.135930838000036],[100.94163967100008,16.132879478000064],[100.94276490000004,16.131145193000066],[100.94368600700005,16.128386831000057],[100.94224104100005,16.125554418000036],[100.94008028500008,16.12537747600004],[100.93825722200006,16.124532027000043],[100.93732896700004,16.12721725600005],[100.93246377500009,16.13049774900003],[100.93066087100004,16.130120874000056],[100.92896984300006,16.13160312800005],[100.92552499700008,16.13293485500003],[100.92210255800006,16.13010743600006],[100.92096076500007,16.12689646900003],[100.92067222900005,16.124554958000033],[100.91503737400006,16.11940319300004],[100.91447340800005,16.11644175200007],[100.91240456300005,16.114042890000064],[100.91111220300007,16.11125955500006],[100.90824416000004,16.108618978000038],[100.90724431900009,16.107125432000032]]]},"properties":{"Shape_Leng":0.580091836712,"Shape_Area":0.0115979201418,"ADM3_EN":"Yang Ngam","ADM3_TH":"ยางงาม","ADM3_PCODE":"TH670712","ADM2_EN":"Nong Phai","ADM2_TH":"หนองไผ่","ADM2_PCODE":"TH6707","ADM1_EN":"Phetchabun","ADM1_TH":"เพชรบูรณ์","ADM1_PCODE":"TH67","ADM0_EN":"Thailand","ADM0_TH":"ประเทศไทย","ADM0_PCODE":"TH"}},
{"type":"Feature","geometry":{"type":"Polygon","coordinates":[[[101.24796881900005,15.912619323000058],[101.24900724600008,15.912411890000044],[101.25081908300007,15.91374145900005],[101.25325444500004,15.913722964000044],[101.25592907500004,15.916652913000064],[101.26018210600006,15.920574646000034],[101.26108217100006,15.924032409000063],[101.26469012800004,15.924988947000031],[101.26433198700005,15.925947243000053],[101.26572967500005,15.92679686200006],[101.26994906600004,15.92579816500006],[101.26994363200004,15.927164023000046],[101.27208706700009,15.928557011000066],[101.27533310700005,15.927439518000028],[101.27592916900005,15.929391172000066],[101.27728830000007,15.929305792000036],[101.27755490000004,15.931136891000051],[101.27871888300007,15.931708818000061],[101.28204613200006,15.92889522400003],[101.28247952900006,15.927614898000058],[101.28030916900008,15.925659371000052],[101.27929514500005,15.923191259000077],[101.28216815500008,15.920325228000024],[101.28235065900009,15.919272411000065],[101.28007872900008,15.917205110000054],[101.27865459500003,15.91800069900006],[101.27723975600009,15.917762215000039],[101.27811529100006,15.916439213000046],[101.27765414800007,15.915120184000045],[101.27654679200003,15.915296436000062],[101.27677282800005,15.91381498100003],[101.27933822000006,15.912689716000045],[101.28417103200007,15.90903935800003],[101.28747971600006,15.908102922000069],[101.28808879600007,15.907436292000057],[101.28979180500005,15.908199961000037],[101.28976603400008,15.909839927000064],[101.29173173000004,15.914125881000075],[101.29490757900004,15.915526847000024],[101.29658850700008,15.917360621000057],[101.29755509700004,15.91747640400007],[101.29958205900004,15.921615528000075],[101.29978734600007,15.925263034000068],[101.30085548700004,15.926174503000027],[101.30080997000005,15.927842874000078],[101.29938024900008,15.931003205000025],[101.29818023600006,15.932446843000037],[101.29953429100004,15.932994619000056],[101.30189762600008,15.935898333000068],[101.30101676600003,15.936574286000052],[101.30115528200008,15.939615729000025],[101.30214408300009,15.940173178000066],[101.30214838800003,15.942300277000072],[101.30331297600009,15.941812556000059],[101.30549794100006,15.942198782000048],[101.30616803900006,15.942999193000048],[101.30836742900004,15.942819167000039],[101.31156554200004,15.94469950100006],[101.31287297200004,15.942892329000074],[101.31442170300005,15.942559689000063],[101.31630860900003,15.943332725000062],[101.31748705500007,15.943049038000026],[101.31883615400005,15.941431441000077],[101.31865692700006,15.940540216000045],[101.32063009200004,15.940629795000063],[101.32290751200009,15.939468513000065],[101.32294523200005,15.938509115000045],[101.32498670900009,15.937785706000057],[101.32601346700005,15.935429874000022],[101.32773987500008,15.934544742000071],[101.33109624600007,15.934470882000028],[101.33380055400005,15.933010350000075],[101.33537399600004,15.933734598000058],[101.33834428100005,15.932294521000074],[101.33938669700007,15.933528214000034],[101.34415917800004,15.933873067000036],[101.34409071900006,15.935039479000068],[101.34699141700008,15.93486613500005],[101.34994121000005,15.935805230000028],[101.35183289100007,15.934609470000055],[101.35522608200006,15.934127370000056],[101.35807189300004,15.93081974200004],[101.35953646200005,15.929992670000047],[101.36198041200004,15.930165823000038],[101.36398948500005,15.931651487000067],[101.36425765200005,15.930975459000024],[101.36621955400005,15.935101431000078],[101.37085534300007,15.93948894600004],[101.37116443800005,15.941750482000032],[101.37102574900007,15.946633495000071],[101.37248266700004,15.95036903600004],[101.37197308200007,15.952414512000075],[101.37229584100004,15.955339585000047],[101.37584779400004,15.961073252000062],[101.37478778600007,15.964776355000026],[101.37512429800006,15.972912988000076],[101.37580372400004,15.979045086000042],[101.37717339800008,15.984369381000022],[101.37781242800008,15.989398620000031],[101.37760867800006,15.996676738000076],[101.37695687800004,16.000392387000034],[101.37699036100008,16.008750715000076],[101.37601269200007,16.014264929000035],[101.37376700500005,16.023541470000055],[101.37221736000004,16.028834017000065],[101.37009785300006,16.038969578000035],[101.36816221800007,16.041970654000067],[101.36717148700006,16.045283120000022],[101.36657471300003,16.051040010000065],[101.36497552600008,16.075004079000053],[101.36039882200004,16.07137258000006],[101.35305508800008,16.067390662000037],[101.34951045500009,16.06768359700004],[101.34604637400008,16.069245198000033],[101.34448513200005,16.073064041000066],[101.33363849500006,16.09345055400007],[101.33453381900006,16.095595975000037],[101.33624817700007,16.096867519000057],[101.33449526900006,16.101470620000043],[101.33620826500004,16.103885771000023],[101.33894670700005,16.10411242300006],[101.33941077600008,16.108137460000023],[101.33918179400007,16.109349013000042],[101.33729489400008,16.113032798000063],[101.33381478200005,16.10999883900007],[101.33010227000005,16.108824859000038],[101.32640909800006,16.106447794000076],[101.32279113700008,16.10555398300005],[101.31973279100004,16.107247160000043],[101.31741883900008,16.10665683600007],[101.31484660400008,16.104953185000056],[101.31318803500005,16.10260135300007],[101.31032807300005,16.099473042000056],[101.30858309000007,16.099372922000043],[101.30440570600007,16.097239186000024],[101.30348492200005,16.093700744000046],[101.30204424800007,16.091514910000058],[101.30087163800005,16.091164397000057],[101.29543010200007,16.091586058000075],[101.29467039300005,16.090847756000073],[101.29425439800008,16.08666407100003],[101.29339750900004,16.083578380000063],[101.29008249200007,16.08199994100005],[101.28702287600004,16.08000002700004],[101.28444798700008,16.076680246000024],[101.28232177100006,16.07718157100004],[101.27730325200008,16.079445390000046],[101.27072211800004,16.079799775000026],[101.26754719500008,16.078045934000045],[101.26477606500004,16.07504863500003],[101.26312479700005,16.07394641600007],[101.25863629300005,16.07409601300003],[101.25753315600008,16.073086121000074],[101.25567726000008,16.069343056000037],[101.25453664600008,16.068129232000047],[101.25243826400003,16.06786189500002],[101.25067182200007,16.065863855000032],[101.25054728900005,16.06064757400003],[101.25150140400007,16.05917646300003],[101.24969647100005,16.05808451200005],[101.25084735500008,16.056637973000022],[101.24997646000008,16.054411213000037],[101.24833217000008,16.054390183000066],[101.24734064200004,16.052152781000075],[101.24754291100004,16.051132731000052],[101.24776608900004,16.048943447000056],[101.24885286100005,16.048242291000065],[101.25081596300004,16.048300723000068],[101.25066614200006,16.04687528200003],[101.25206015900005,16.04459834100004],[101.25539495700008,16.041433355000038],[101.25742890400005,16.038771980000035],[101.25749581700006,16.037114038000027],[101.25539437300006,16.03604878300007],[101.25647323100009,16.03462374000003],[101.25564697400006,16.032356825000022],[101.25466470500004,16.03231008100005],[101.25613104000007,16.03063969300007],[101.25723256000003,16.028215545000023],[101.25899648200004,16.02902240800006],[101.26012000100008,16.027799663000053],[101.26105656500005,16.024041959000044],[101.26347352300007,16.02338223600003],[101.26405814100008,16.022444767000025],[101.26582880400008,16.02206321600005],[101.26425673400007,16.019509994000032],[101.26504976500007,16.017169256000045],[101.26645298700004,16.01654934900006],[101.26624545100003,16.01472740300005],[101.26346933300005,16.01403450500004],[101.26104302200008,16.01459075300005],[101.26205451500005,16.01181200700006],[101.26187009100005,16.00957057200003],[101.26004158800004,16.00903055200007],[101.25958601600007,16.00434120700004],[101.25562598600004,16.003170029000046],[101.25482374700005,15.998635297000021],[101.25669593600009,15.997194239000066],[101.25792411900005,15.993358301000058],[101.25874063300006,15.986151622000023],[101.26128949200006,15.984688219000077],[101.25922096100004,15.980521039000052],[101.26069029100006,15.978102971000055],[101.25979403600007,15.975136507000059],[101.26040539400009,15.97448018600005],[101.25930561600006,15.973072428000023],[101.25905508700004,15.97121874800007],[101.25676972600007,15.966079978000039],[101.25941184900006,15.962607662000039],[101.25721484100006,15.959824530000049],[101.25686966400008,15.957377739000037],[101.25870191100006,15.955258730000025],[101.25885649400004,15.953478276000055],[101.25779165900008,15.953690529000028],[101.25565453200005,15.95190057700006],[101.25574228800008,15.949800496000023],[101.25455106800007,15.946929453000052],[101.24950376100008,15.943821781000054],[101.24831605800006,15.942163427000025],[101.24664175300006,15.941859377000071],[101.24670767600009,15.940940339000065],[101.24860475100007,15.940444547000027],[101.24743517400003,15.93768398800006],[101.24990020000007,15.937201534000053],[101.24756254500005,15.932868804000066],[101.24937786400005,15.93246653400007],[101.25089974200006,15.929173374000072],[101.25039710900006,15.928605731000061],[101.24744698600006,15.931092352000064],[101.24677165600008,15.92869829600005],[101.24812423700007,15.928101473000027],[101.24716753700005,15.926298910000071],[101.25031873800003,15.925089159000038],[101.25071743400008,15.922191045000034],[101.24840630700004,15.920955384000024],[101.24800495700003,15.918967549000058],[101.24913309000004,15.918483386000048],[101.24796881900005,15.912619323000058]]]},"properties":{"Shape_Leng":0.808780797138,"Shape_Area":0.0181513904369,"ADM3_EN":"Tha Duang","ADM3_TH":"ท่าด้วง","ADM3_PCODE":"TH670713","ADM2_EN":"Nong Phai","ADM2_TH":"หนองไผ่","ADM2_PCODE":"TH6707","ADM1_EN":"Phetchabun","ADM1_TH":"เพชรบูรณ์","ADM1_PCODE":"TH67","ADM0_EN":"Thailand","ADM0_TH":"ประเทศไทย","ADM0_PCODE":"TH"}},
{"type":"Feature","geometry":{"type":"Polygon","coordinates":[[[101.01306833700005,15.747469625000065],[101.01128932200004,15.765882223000062],[101.00979465400007,15.769193159000054],[101.00686484100004,15.772241928000028],[101.00606019300005,15.774233241000047],[101.00658905600005,15.798314292000043],[100.99864251400004,15.799144974000058],[100.99704450100006,15.802376480000078],[100.99651482500008,15.808884965000061],[101.00027466400007,15.808617906000052],[101.00278769300007,15.808825779000074],[101.00298091600007,15.809479262000025],[101.00683825100003,15.809724035000045],[101.00695317200007,15.812989023000057],[101.00963057400008,15.838786516000027],[101.00460923700007,15.840215551000028],[101.00257617900007,15.841867337000053],[101.00131100600004,15.84142192400003],[100.99966846000007,15.843173500000034],[100.99716293100005,15.842945769000039],[100.99541165500005,15.844845645000078],[100.99397506100007,15.84497695400006],[100.99227777800007,15.848466550000069],[100.99067699200003,15.850388505000069],[100.98940205000008,15.850248356000066],[100.98827738500006,15.851696745000027],[100.98517338000005,15.852636407000034],[100.98373460900007,15.853781136000066],[100.97885191600005,15.85548779100003],[100.97870680800008,15.856352345000062],[100.97340761300006,15.855069466000032],[100.97063203900007,15.855004073000032],[100.96847103300007,15.85565645500003],[100.96776904900008,15.853948653000032],[100.96588294100007,15.854902558000049],[100.96566410200006,15.856250164000073],[100.96360913000007,15.857063775000029],[100.96296230800004,15.85869023500004],[100.96064698200007,15.85873971600006],[100.95958578300008,15.860367887000052],[100.95768227800005,15.861246307000044],[100.95451991600004,15.859837510000034],[100.95388220600006,15.861763150000058],[100.95180089100006,15.862172119000036],[100.95095114400004,15.864414345000057],[100.94905945300007,15.867560226000023],[100.94894534500008,15.869836430000078],[100.94712553300008,15.870090990000051],[100.94641380800005,15.869209880000028],[100.94383334600008,15.87036753500007],[100.94283927300006,15.869754704000059],[100.94180706800006,15.871109025000067],[100.94046937500008,15.870723650000059],[100.93943062400007,15.871666856000047],[100.93318228500004,15.865650076000065],[100.93135750800008,15.865523795000058],[100.92905635200003,15.863817649000055],[100.92783951700005,15.86485846100004],[100.92257511600008,15.865054358000066],[100.92159792600006,15.864152957000044],[100.91749418600006,15.862677525000038],[100.91426490000003,15.863262537000026],[100.91755733300005,15.854895225000064],[100.91916288600004,15.853085964000059],[100.92225729600005,15.850627910000071],[100.92778529400005,15.847789349000038],[100.93066810300007,15.845507052000073],[100.93143041500008,15.843819617000065],[100.93078156700005,15.841362724000078],[100.93157606800008,15.838516583000057],[100.93319804400005,15.836790327000074],[100.93284723400006,15.834927641000036],[100.93106632300004,15.833191472000067],[100.93305192600008,15.832395913000028],[100.93777485900006,15.832302350000077],[100.94408606900004,15.834952732000033],[100.95912564200006,15.834663410000076],[100.95660505000006,15.82798669500005],[100.95744799300007,15.827671376000069],[100.95676541200004,15.82501447900006],[100.95776042600005,15.821834729000045],[100.95925080200004,15.818640376000076],[100.96205897300007,15.81791288900007],[100.96393583100007,15.813930928000048],[100.96566565700005,15.812718922000045],[100.97113266600007,15.810911673000078],[100.97207358300005,15.808899458000042],[100.97199926400003,15.807442824000077],[100.97053296600006,15.805241029000058],[100.96643028900007,15.801509520000025],[100.96453616800005,15.798806643000034],[100.96627057600006,15.79825347700006],[100.96455893400008,15.794412286000068],[100.96410966000008,15.791534309000042],[100.96513593500003,15.791297623000048],[100.96495049200007,15.788276938000024],[100.96727361100005,15.784462118000022],[100.96398908700007,15.78229768400007],[100.96778425600007,15.780020961000048],[100.96598687100004,15.776782432000061],[100.96257786700005,15.776830355000072],[100.96202409400007,15.774980959000061],[100.96238163500004,15.770209205000072],[100.96423241200006,15.77038822000003],[100.96535403300004,15.77127495600007],[100.96588065500003,15.768890423000073],[100.96507425900006,15.766967923000038],[100.96352532500003,15.766505945000063],[100.96342961300007,15.764142891000063],[100.96413475000008,15.763498025000047],[100.96247546100005,15.755670939000026],[100.96227510000006,15.749957259000041],[100.96350685300007,15.750000365000062],[100.96372951400008,15.747787807000066],[100.96197900500005,15.745910080000044],[100.96146132900009,15.742994659000033],[100.96183807000006,15.738654434000068],[100.96146155600007,15.732945571000073],[100.96276564800007,15.732625730000052],[100.96364430700004,15.734296484000026],[100.96498704000004,15.735189080000055],[100.96558463400004,15.73692290100007],[100.96890024200007,15.737811946000022],[100.97205353300006,15.736975553000036],[100.97316054900006,15.738082291000069],[100.97695428000009,15.738800965000053],[100.97757800000005,15.74127046500007],[100.98199823600004,15.741741704000049],[100.98389197900008,15.73948734000004],[100.98582917800007,15.738374669000052],[100.98847085800008,15.73912643500006],[100.98838871100008,15.740523520000067],[100.99155998100008,15.74327672100003],[100.99424042800007,15.742721766000045],[100.99606427100008,15.743453552000062],[100.99627232800003,15.741946430000041],[101.00153176500004,15.74118829200006],[101.00481820000005,15.74343996400006],[101.00763639000007,15.743515717000037],[101.00884033500006,15.745244152000055],[101.00931620100005,15.744734995000044],[101.01047286100004,15.746851867000032],[101.01208376900007,15.746495741000047],[101.01306833700005,15.747469625000065]]]},"properties":{"Shape_Leng":0.55182432888,"Shape_Area":0.00605549264969,"ADM3_EN":"Sap Samo Thot","ADM3_TH":"ซับสมอทอด","ADM3_PCODE":"TH670801","ADM2_EN":"Bueng Sam Phan","ADM2_TH":"บึงสามพัน","ADM2_PCODE":"TH6708","ADM1_EN":"Phetchabun","ADM1_TH":"เพชรบูรณ์","ADM1_PCODE":"TH67","ADM0_EN":"Thailand","ADM0_TH":"ประเทศไทย","ADM0_PCODE":"TH"}},
{"type":"Feature","geometry":{"type":"Polygon","coordinates":[[[100.96146155600007,15.732945571000073],[100.96183807000006,15.738654434000068],[100.96146132900009,15.742994659000033],[100.96197900500005,15.745910080000044],[100.96372951400008,15.747787807000066],[100.96350685300007,15.750000365000062],[100.96227510000006,15.749957259000041],[100.96247546100005,15.755670939000026],[100.96413475000008,15.763498025000047],[100.96342961300007,15.764142891000063],[100.96352532500003,15.766505945000063],[100.96507425900006,15.766967923000038],[100.96588065500003,15.768890423000073],[100.96535403300004,15.77127495600007],[100.96423241200006,15.77038822000003],[100.96238163500004,15.770209205000072],[100.96202409400007,15.774980959000061],[100.96257786700005,15.776830355000072],[100.96598687100004,15.776782432000061],[100.96778425600007,15.780020961000048],[100.96398908700007,15.78229768400007],[100.96727361100005,15.784462118000022],[100.96495049200007,15.788276938000024],[100.96513593500003,15.791297623000048],[100.96410966000008,15.791534309000042],[100.96455893400008,15.794412286000068],[100.96627057600006,15.79825347700006],[100.96453616800005,15.798806643000034],[100.96643028900007,15.801509520000025],[100.97053296600006,15.805241029000058],[100.97199926400003,15.807442824000077],[100.97207358300005,15.808899458000042],[100.97113266600007,15.810911673000078],[100.96566565700005,15.812718922000045],[100.96393583100007,15.813930928000048],[100.96205897300007,15.81791288900007],[100.95925080200004,15.818640376000076],[100.95776042600005,15.821834729000045],[100.95676541200004,15.82501447900006],[100.95744799300007,15.827671376000069],[100.95660505000006,15.82798669500005],[100.95912564200006,15.834663410000076],[100.94408606900004,15.834952732000033],[100.93777485900006,15.832302350000077],[100.93305192600008,15.832395913000028],[100.93106632300004,15.833191472000067],[100.93284723400006,15.834927641000036],[100.93319804400005,15.836790327000074],[100.93157606800008,15.838516583000057],[100.93078156700005,15.841362724000078],[100.93143041500008,15.843819617000065],[100.93066810300007,15.845507052000073],[100.92778529400005,15.847789349000038],[100.92225729600005,15.850627910000071],[100.91916288600004,15.853085964000059],[100.91755733300005,15.854895225000064],[100.91426490000003,15.863262537000026],[100.91030347000009,15.858634119000044],[100.90923552300006,15.856394009000041],[100.90858773700006,15.852643796000052],[100.90772142600008,15.852140518000056],[100.90756102500006,15.84828757400004],[100.90570173100008,15.84618516300003],[100.90516178500008,15.844063627000025],[100.90374217500005,15.842490782000027],[100.90376570300003,15.840860166000027],[100.90230878300008,15.840271887000029],[100.89992386600005,15.841705324000031],[100.89799496100005,15.842105410000045],[100.89512382000004,15.839681163000023],[100.89448283600007,15.840858857000057],[100.89309507100006,15.83936078000005],[100.89239148400009,15.83965243800003],[100.89213351600006,15.836587204000068],[100.88678391600007,15.833108165000056],[100.88329122600004,15.830094031000044],[100.87875635800003,15.828326082000046],[100.88070533600006,15.82344028500006],[100.87961009100007,15.818047565000029],[100.87983803400004,15.816984361000038],[100.87612954800005,15.81581155400005],[100.87359946400005,15.814364290000071],[100.87362990100007,15.813315934000059],[100.87208290700005,15.81177953200006],[100.86778491300004,15.810251867000034],[100.86517587200007,15.80836572100003],[100.86339287700008,15.808552228000053],[100.86089108600004,15.807456209000065],[100.85896414000007,15.805322344000047],[100.85865157200004,15.80357901900004],[100.85653785600005,15.802929434000077],[100.85543343100005,15.80366699900003],[100.85354994400006,15.802389955000024],[100.85177494700008,15.802040050000073],[100.85065244000003,15.800609215000065],[100.85289615100004,15.797692507000022],[100.85541268100008,15.794067200000029],[100.85894685000005,15.796038982000027],[100.86291453000007,15.795547144000068],[100.86643013100007,15.79453905500003],[100.87007292600003,15.792876630000023],[100.87141047700004,15.792780747000052],[100.87491100300008,15.790911688000051],[100.88357753800005,15.789331807000053],[100.88755313000007,15.79013685800004],[100.88778858400008,15.785660428000028],[100.88898740500008,15.785938177000048],[100.88875010800007,15.784232061000068],[100.89150108200005,15.783329494000043],[100.89136897200007,15.778753078000022],[100.89193810500007,15.778212327000062],[100.89374443000008,15.779344369000057],[100.89560077300007,15.778775499000062],[100.89703020100006,15.780143373000044],[100.89967248400006,15.780455238000059],[100.90122213200004,15.77959684700005],[100.90258292900006,15.780912314000034],[100.90384977700006,15.780523003000042],[100.90546282200006,15.77871331600005],[100.90617022800006,15.77678716400004],[100.90538199500008,15.776454804000025],[100.90546907300006,15.77344996100004],[100.90418853700004,15.773096208000027],[100.90187021200006,15.76983222900003],[100.90165886900007,15.766237965000073],[100.90025990100008,15.765131445000065],[100.89688418400004,15.761147505000054],[100.89541352400005,15.760881158000075],[100.89488083800006,15.75980174700004],[100.89590208400006,15.75731938000007],[100.89739175300008,15.757024752000063],[100.89753620600004,15.75484962400003],[100.90340953700007,15.749191719000066],[100.90353701200007,15.74613856600007],[100.90317922900005,15.741951418000042],[100.90388620600004,15.737535343000047],[100.93242167600005,15.729309503000025],[100.93633724900008,15.728464514000052],[100.94588577400003,15.728619727000023],[100.95125773900008,15.727927093000062],[100.95182086900007,15.732641401000024],[100.95411311800007,15.734441317000062],[100.95828688400007,15.733247598000048],[100.96146155600007,15.732945571000073]]]},"properties":{"Shape_Leng":0.518637690036,"Shape_Area":0.0083936165605,"ADM3_EN":"Sap Mai Daeng","ADM3_TH":"ซับไม้แดง","ADM3_PCODE":"TH670802","ADM2_EN":"Bueng Sam Phan","ADM2_TH":"บึงสามพัน","ADM2_PCODE":"TH6708","ADM1_EN":"Phetchabun","ADM1_TH":"เพชรบูรณ์","ADM1_PCODE":"TH67","ADM0_EN":"Thailand","ADM0_TH":"ประเทศไทย","ADM0_PCODE":"TH"}},
{"type":"Feature","geometry":{"type":"Polygon","coordinates":[[[100.90735563000004,15.897485528000061],[100.90711086400006,15.891361455000037],[100.90667129300004,15.887987250000037],[100.90717061600009,15.886447950000047],[100.90971062900007,15.883107236000058],[100.91453865300008,15.878338510000049],[100.91470647600005,15.876972667000075],[100.91381625300005,15.874566679000054],[100.91148737100008,15.870346423000058],[100.91151304500005,15.869407907000038],[100.91321186000005,15.867046813000059],[100.91426490000003,15.863262537000026],[100.91749418600006,15.862677525000038],[100.92159792600006,15.864152957000044],[100.92257511600008,15.865054358000066],[100.92783951700005,15.86485846100004],[100.92905635200003,15.863817649000055],[100.93135750800008,15.865523795000058],[100.93318228500004,15.865650076000065],[100.93943062400007,15.871666856000047],[100.94046937500008,15.870723650000059],[100.94180706800006,15.871109025000067],[100.94283927300006,15.869754704000059],[100.94383334600008,15.87036753500007],[100.94641380800005,15.869209880000028],[100.94712553300008,15.870090990000051],[100.94894534500008,15.869836430000078],[100.94905945300007,15.867560226000023],[100.95095114400004,15.864414345000057],[100.95180089100006,15.862172119000036],[100.95388220600006,15.861763150000058],[100.95451991600004,15.859837510000034],[100.95768227800005,15.861246307000044],[100.95958578300008,15.860367887000052],[100.96064698200007,15.85873971600006],[100.96296230800004,15.85869023500004],[100.96360913000007,15.857063775000029],[100.96566410200006,15.856250164000073],[100.96588294100007,15.854902558000049],[100.96776904900008,15.853948653000032],[100.96847103300007,15.85565645500003],[100.97063203900007,15.855004073000032],[100.97340761300006,15.855069466000032],[100.97870680800008,15.856352345000062],[100.97885191600005,15.85548779100003],[100.98373460900007,15.853781136000066],[100.98517338000005,15.852636407000034],[100.98827738500006,15.851696745000027],[100.98940205000008,15.850248356000066],[100.99067699200003,15.850388505000069],[100.99227777800007,15.848466550000069],[100.99397506100007,15.84497695400006],[100.99541165500005,15.844845645000078],[100.99716293100005,15.842945769000039],[100.99966846000007,15.843173500000034],[101.00131100600004,15.84142192400003],[101.00257617900007,15.841867337000053],[101.00460923700007,15.840215551000028],[101.00963057400008,15.838786516000027],[101.01160206500003,15.837038086000064],[101.01559696700008,15.835540753000032],[101.01547859100003,15.835110066000027],[101.01876021900006,15.834185842000068],[101.01860568600006,15.833493204000035],[101.02321427200008,15.833278794000023],[101.02485963500004,15.834379762000026],[101.02641762600007,15.834439132000057],[101.02630765200007,15.838229563000027],[101.03000411200009,15.83846803800003],[101.03126291400008,15.838027810000028],[101.03258847700005,15.836002259000054],[101.03354869600008,15.83110868700004],[101.03790237900006,15.831517662000067],[101.04148605400007,15.832521219000057],[101.04874491100009,15.83414881300007],[101.05086191800007,15.834170715000027],[101.05107195500005,15.835953758000073],[101.05242017100005,15.837108360000059],[101.05017778900009,15.837221443000033],[101.04925706500006,15.83928830800005],[101.04872938500006,15.83726228300003],[101.04467130200004,15.837026207000065],[101.04314707700007,15.838855623000029],[101.04471137900003,15.841326073000062],[101.04655763000005,15.841923001000055],[101.04773289100007,15.843563078000045],[101.04656104400004,15.844578126000044],[101.04630360600004,15.847004158000061],[101.04504702200006,15.847680840000066],[101.04339289700005,15.847053956000025],[101.04240648000007,15.848770628000068],[101.04257299900007,15.850758687000052],[101.04374228900008,15.851877905000038],[101.04257529900008,15.852322880000031],[101.03828944600008,15.850678338000023],[101.03513811000005,15.852612977000035],[101.03674122400008,15.85432817900005],[101.03627144400008,15.855521620000047],[101.03486937000008,15.854220220000059],[101.03461150400005,15.858694680000042],[101.03518208500009,15.862134352000055],[101.03591090500004,15.862293352000052],[101.03890387700005,15.86066485200007],[101.03792035800006,15.859191686000031],[101.03894577800008,15.857395214000064],[101.04064912500007,15.859029447000069],[101.04275772600005,15.857206707000046],[101.04326914600006,15.858791778000068],[101.04532518300005,15.858517716000051],[101.04481847800008,15.860745503000032],[101.04611746700004,15.863436385000057],[101.04777457300008,15.863726543000041],[101.04735983900008,15.862337350000075],[101.04900541500007,15.861900538000043],[101.05025503200005,15.865826783000045],[101.05310786100006,15.866910738000058],[101.05486841400005,15.868254764000028],[101.05730040500003,15.869291512000075],[101.05868167700004,15.868336228000032],[101.05919884400004,15.86937727700007],[101.06159476700009,15.868650205000051],[101.06353988500007,15.869401978000042],[101.06341171800005,15.871961616000021],[101.06243598000003,15.87406611800003],[101.06115596300003,15.873950510000043],[101.05909854200007,15.875128650000022],[101.05901248100008,15.877017003000049],[101.06025810200003,15.877742182000077],[101.05978330600004,15.88402050700006],[101.06018072900008,15.885352973000067],[101.05893859900004,15.88663833000004],[101.05776077600007,15.885995649000051],[101.05723109700006,15.884251349000067],[101.05523859400006,15.88386919800007],[101.05179419500007,15.881461586000057],[101.04943695000009,15.882889489000036],[101.04636881600004,15.88324549500004],[101.04610930800004,15.88203452700003],[101.04320989400009,15.882010472000047],[101.04328652800007,15.884634392000066],[101.04285045100005,15.88885438400007],[101.04012821800006,15.88972039600003],[101.03992986800006,15.89176197300003],[101.03599138300007,15.891348745000073],[101.03584283900005,15.892881764000037],[101.03356451500008,15.89321995000006],[101.03313418200008,15.894052914000042],[101.03028494100005,15.89463455400005],[101.02963902400006,15.89665562600004],[101.02850900400006,15.896315646000062],[101.02385438700009,15.89714790100004],[101.01993488500005,15.900071276000062],[101.01655930800007,15.90180252500005],[101.01543381000005,15.903653960000042],[101.01190749600005,15.904084695000051],[101.01154953600008,15.905577184000038],[101.00841960400004,15.906281774000036],[101.00809587600008,15.907598617000076],[101.00649166100004,15.907684334000066],[101.00440839500004,15.908769138000025],[101.00113875700004,15.909447955000076],[101.00002425500008,15.907851106000066],[100.99824778000004,15.907430357000067],[100.99601369500004,15.90772898800003],[100.99453747600006,15.904863026000044],[100.99387990200006,15.904936853000038],[100.99079174500008,15.902028649000044],[100.98928953400008,15.901741917000038],[100.98142392400007,15.901352855000027],[100.97934707800005,15.902183132000062],[100.97598154200006,15.902567566000073],[100.97509083900007,15.904086249000045],[100.96899941500004,15.904178699000056],[100.96687771800003,15.905903885000043],[100.96560911500006,15.905178871000032],[100.96273658000007,15.907136527000034],[100.96232102500005,15.90820440400006],[100.95797934100005,15.909552588000054],[100.95761800700006,15.911083603000066],[100.95477598500008,15.910274561000051],[100.94919943800005,15.910370968000052],[100.94785099400008,15.909243113000059],[100.94628706500004,15.910530446000053],[100.94261483000008,15.90943937700007],[100.94001221800005,15.907901198000047],[100.93904311500006,15.905826950000062],[100.94028796500004,15.903823377000037],[100.94019118900007,15.900299447000066],[100.93699387800007,15.901287675000049],[100.93633857800006,15.903876771000057],[100.93345959900006,15.905826215000047],[100.93021956800004,15.905207233000056],[100.92611469400003,15.907241700000043],[100.92442998800004,15.906777241000043],[100.92381355400005,15.903702664000036],[100.92434391300009,15.899739530000033],[100.92728503000006,15.897546550000072],[100.92758228100007,15.894474323000054],[100.92712415600005,15.892898478000063],[100.92566671600008,15.891692662000025],[100.92194387100005,15.892606052000076],[100.91890775700006,15.894619233000071],[100.91516145700007,15.897992912000063],[100.91134727700006,15.899132651000059],[100.90981202400008,15.897092299000064],[100.90735563000004,15.897485528000061]]]},"properties":{"Shape_Leng":0.619208465205,"Shape_Area":0.00701424791758,"ADM3_EN":"Nong Chaeng","ADM3_TH":"หนองแจง","ADM3_PCODE":"TH670803","ADM2_EN":"Bueng Sam Phan","ADM2_TH":"บึงสามพัน","ADM2_PCODE":"TH6708","ADM1_EN":"Phetchabun","ADM1_TH":"เพชรบูรณ์","ADM1_PCODE":"TH67","ADM0_EN":"Thailand","ADM0_TH":"ประเทศไทย","ADM0_PCODE":"TH"}},
{"type":"Feature","geometry":{"type":"Polygon","coordinates":[[[101.19672923800005,15.833037212000022],[101.19312659400003,15.832135150000056],[101.19024215000007,15.829421650000029],[101.18581124700006,15.829737464000061],[101.18382100900004,15.833144228000037],[101.18035001000004,15.836657788000025],[101.18096538200007,15.840137654000046],[101.17823667700009,15.843208425000057],[101.17931379300006,15.847811600000057],[101.17944585800007,15.852352771000028],[101.17869382300006,15.854725657000074],[101.17800822900006,15.859849010000062],[101.17811412400005,15.86230957600003],[101.18144178200004,15.868737839000062],[101.18394843000004,15.872712694000029],[101.18452209000009,15.876257899000052],[101.17490262600006,15.869787005000035],[101.16939061900007,15.86760554600005],[101.16352085400007,15.866421039000045],[101.14228275100004,15.866121035000049],[101.13603081600007,15.866847497000037],[101.12353397000004,15.868990053000061],[101.11940528900004,15.870717769000066],[101.11508311800009,15.871629249000023],[101.11098442700006,15.873714429000074],[101.10792798900007,15.874434474000054],[101.10641673400005,15.873886775000074],[101.10069691200005,15.87500020300007],[101.09765397000007,15.877247282000042],[101.09385822500008,15.877423381000028],[101.09250658300004,15.878385260000073],[101.08446496700009,15.878624440000067],[101.08147418500005,15.87991312400004],[101.07818494400004,15.88046625000004],[101.07694578200005,15.878200671000059],[101.07438566500008,15.87843386000003],[101.07393856700008,15.876859316000036],[101.07292073000008,15.87741320200007],[101.07191559700004,15.876390383000057],[101.07344990800004,15.875594367000076],[101.07364276700008,15.872852866000073],[101.07162953700004,15.871822075000068],[101.07055297600004,15.872994395000035],[101.06961625700006,15.871978162000062],[101.06731211600004,15.874848802000031],[101.06621805700007,15.872967748000065],[101.06375859900004,15.871170891000077],[101.06341171800005,15.871961616000021],[101.06353988500007,15.869401978000042],[101.06159476700009,15.868650205000051],[101.05919884400004,15.86937727700007],[101.05868167700004,15.868336228000032],[101.05730040500003,15.869291512000075],[101.05486841400005,15.868254764000028],[101.05310786100006,15.866910738000058],[101.05025503200005,15.865826783000045],[101.04900541500007,15.861900538000043],[101.04735983900008,15.862337350000075],[101.04777457300008,15.863726543000041],[101.04611746700004,15.863436385000057],[101.04481847800008,15.860745503000032],[101.04532518300005,15.858517716000051],[101.04326914600006,15.858791778000068],[101.04275772600005,15.857206707000046],[101.04064912500007,15.859029447000069],[101.03894577800008,15.857395214000064],[101.03792035800006,15.859191686000031],[101.03890387700005,15.86066485200007],[101.03591090500004,15.862293352000052],[101.03518208500009,15.862134352000055],[101.03461150400005,15.858694680000042],[101.03486937000008,15.854220220000059],[101.03627144400008,15.855521620000047],[101.03674122400008,15.85432817900005],[101.03513811000005,15.852612977000035],[101.03828944600008,15.850678338000023],[101.04257529900008,15.852322880000031],[101.04374228900008,15.851877905000038],[101.04257299900007,15.850758687000052],[101.04240648000007,15.848770628000068],[101.04339289700005,15.847053956000025],[101.04504702200006,15.847680840000066],[101.04630360600004,15.847004158000061],[101.04656104400004,15.844578126000044],[101.04773289100007,15.843563078000045],[101.04655763000005,15.841923001000055],[101.04471137900003,15.841326073000062],[101.04314707700007,15.838855623000029],[101.04467130200004,15.837026207000065],[101.04872938500006,15.83726228300003],[101.04925706500006,15.83928830800005],[101.05017778900009,15.837221443000033],[101.05242017100005,15.837108360000059],[101.05107195500005,15.835953758000073],[101.05086191800007,15.834170715000027],[101.05060305300003,15.830909896000037],[101.04899867100005,15.828774254000052],[101.04547309500003,15.827353218000042],[101.04453189900005,15.82828943100003],[101.04078658800006,15.828346927000041],[101.03973409700006,15.829353310000045],[101.03828920900008,15.82848315700005],[101.04019020400006,15.827091495000047],[101.04114694100008,15.824479331000077],[101.03964959900009,15.82459674100005],[101.03815091800004,15.823702444000048],[101.03704841500007,15.824757593000072],[101.03663771400005,15.823438230000022],[101.03827636800008,15.821529730000066],[101.03989973600005,15.821070530000043],[101.04061077000006,15.821835408000027],[101.04462322100005,15.82134009200007],[101.04467438300009,15.819140099000037],[101.04243509300005,15.817745143000025],[101.04367741400006,15.815562230000069],[101.04357460000006,15.814167282000028],[101.04250985800007,15.81378957000004],[101.04241480300004,15.81203732800003],[101.04011768300006,15.812798030000067],[101.03857990100005,15.811972652000065],[101.03785158100004,15.810456935000047],[101.03972011000008,15.81085304100003],[101.04121022400005,15.810300331000064],[101.04188174400008,15.808974852000063],[101.04125803000005,15.807969288000038],[101.04212493400007,15.807021908000024],[101.04669964300007,15.806799388000059],[101.04772737100006,15.80572698800006],[101.04856603400003,15.807367288000023],[101.04981970900008,15.805839010000057],[101.04853143300005,15.805686280000032],[101.04678711400004,15.803859910000028],[101.04778101300008,15.801196376000064],[101.04877002100005,15.801922722000029],[101.05122956000008,15.801928975000067],[101.05245778100004,15.800287684000068],[101.05176606100008,15.797490992000064],[101.05230356500005,15.796318461000055],[101.05175904800006,15.793524438000077],[101.05042003500006,15.793671264000068],[101.04901699800007,15.792546383000058],[101.04537081900008,15.792295591000027],[101.04430976800006,15.79134674200003],[101.04499596800008,15.790361938000046],[101.04682934600004,15.790699317000076],[101.04800381700005,15.789496305000057],[101.04856543600005,15.786470025000028],[101.04826510500004,15.785092390000045],[101.04937341500005,15.78425218600006],[101.04787329500004,15.782977725000023],[101.04835450500008,15.782324619000065],[101.05091240600007,15.782733858000029],[101.05341255600007,15.781620591000035],[101.05293573700004,15.779536637000035],[101.05488701000007,15.77843727100003],[101.05337438400005,15.777920438000024],[101.05338417500008,15.774103971000045],[101.05555089900008,15.772341047000054],[101.05670073200008,15.770133169000076],[101.06151600400005,15.770479785000077],[101.06722471000006,15.76945971400005],[101.06971986900004,15.767221647000042],[101.07190883800007,15.766819886000064],[101.07699531800006,15.769933138000056],[101.07988972100009,15.77409573400007],[101.08241149200006,15.77565716600003],[101.08366134000005,15.775806825000075],[101.08773946600007,15.778480654000077],[101.08870350300003,15.785167673000046],[101.08845664500006,15.787221546000069],[101.09009585400008,15.788063869000041],[101.09142695200006,15.79299035300005],[101.09005158900004,15.79633627000004],[101.09079063500008,15.797539043000029],[101.09028210700006,15.799800668000046],[101.09160610000004,15.803061188000072],[101.09549812400007,15.806453739000062],[101.09836772700004,15.807799154000065],[101.10622667200005,15.809350212000027],[101.11165773300007,15.810839145000045],[101.11613772400005,15.810700188000055],[101.11972835100005,15.811207538000076],[101.12468370500005,15.81131679400005],[101.12890404600006,15.810770692000062],[101.13036670000008,15.80926351000005],[101.13220021200004,15.808398859000022],[101.13584640900007,15.808470275000047],[101.13916956700007,15.807233859000064],[101.13964419400008,15.806007664000049],[101.14492606500005,15.80476582800003],[101.15281298300005,15.804231354000024],[101.15961937000009,15.804140360000076],[101.16806839100008,15.804917963000037],[101.17464535700009,15.804374198000062],[101.17929745400005,15.80311497300005],[101.18320250900007,15.802840914000058],[101.18835344300004,15.80351898500004],[101.19266449100007,15.805061893000072],[101.19532560200008,15.80638934600006],[101.19788145900009,15.80952192500007],[101.19829828000007,15.811165827000025],[101.19780161200003,15.814061824000078],[101.19667037200009,15.816626201000076],[101.19705318700005,15.82064162200004],[101.19836758600007,15.822654827000065],[101.19823137900005,15.82401053700005],[101.19641947800005,15.82595001900006],[101.19561873000004,15.828002907000041],[101.19672923800005,15.833037212000022]]]},"properties":{"Shape_Leng":0.679510391369,"Shape_Area":0.0105764580071,"ADM3_EN":"Kan Chu","ADM3_TH":"กันจุ","ADM3_PCODE":"TH670804","ADM2_EN":"Bueng Sam Phan","ADM2_TH":"บึงสามพัน","ADM2_PCODE":"TH6708","ADM1_EN":"Phetchabun","ADM1_TH":"เพชรบูรณ์","ADM1_PCODE":"TH67","ADM0_EN":"Thailand","ADM0_TH":"ประเทศไทย","ADM0_PCODE":"TH"}},
{"type":"Feature","geometry":{"type":"Polygon","coordinates":[[[100.90388620600004,15.737535343000047],[100.90317922900005,15.741951418000042],[100.90353701200007,15.74613856600007],[100.90340953700007,15.749191719000066],[100.89753620600004,15.75484962400003],[100.89739175300008,15.757024752000063],[100.89590208400006,15.75731938000007],[100.89488083800006,15.75980174700004],[100.89541352400005,15.760881158000075],[100.89688418400004,15.761147505000054],[100.90025990100008,15.765131445000065],[100.90165886900007,15.766237965000073],[100.90187021200006,15.76983222900003],[100.90418853700004,15.773096208000027],[100.90546907300006,15.77344996100004],[100.90538199500008,15.776454804000025],[100.90617022800006,15.77678716400004],[100.90546282200006,15.77871331600005],[100.90384977700006,15.780523003000042],[100.90258292900006,15.780912314000034],[100.90122213200004,15.77959684700005],[100.89967248400006,15.780455238000059],[100.89703020100006,15.780143373000044],[100.89560077300007,15.778775499000062],[100.89374443000008,15.779344369000057],[100.89193810500007,15.778212327000062],[100.89136897200007,15.778753078000022],[100.89150108200005,15.783329494000043],[100.88875010800007,15.784232061000068],[100.88898740500008,15.785938177000048],[100.88778858400008,15.785660428000028],[100.88755313000007,15.79013685800004],[100.88357753800005,15.789331807000053],[100.87491100300008,15.790911688000051],[100.87141047700004,15.792780747000052],[100.87007292600003,15.792876630000023],[100.86643013100007,15.79453905500003],[100.86291453000007,15.795547144000068],[100.85894685000005,15.796038982000027],[100.85541268100008,15.794067200000029],[100.85289615100004,15.797692507000022],[100.84726691600008,15.796403840000039],[100.84684239900008,15.79743400600006],[100.84214035300005,15.797701881000023],[100.84150827200006,15.797396007000032],[100.83450847200004,15.797289239000065],[100.83132608900007,15.797019172000034],[100.83127756400006,15.797663855000053],[100.82702980900007,15.798156334000055],[100.82468576100007,15.797761845000025],[100.82288206500004,15.796270360000051],[100.82248319700005,15.793103876000032],[100.82088093300007,15.791918913000075],[100.81939436700009,15.789856359000055],[100.81993248000003,15.786187763000044],[100.81947199800004,15.784989747000054],[100.81726018400008,15.782646817000057],[100.81589479500008,15.782558465000022],[100.81603341800007,15.779680901000063],[100.81549631100006,15.779703882000035],[100.81499178600006,15.775328925000053],[100.81853477300007,15.766084901000056],[100.82484240800005,15.750183368000023],[100.82066537300005,15.73888957400004],[100.81918630300004,15.73549041800004],[100.81952031700007,15.725779845000034],[100.82087689300005,15.723611583000036],[100.82082102900006,15.722114549000025],[100.81939338900008,15.717881246000047],[100.81852095600004,15.713012298000024],[100.82163937900003,15.711226577000048],[100.82244820200003,15.712169716000062],[100.82498968400006,15.710291470000072],[100.82635936600008,15.710347107000075],[100.82838253500006,15.708656957000073],[100.83201636400008,15.707322628000043],[100.83298750400007,15.708491736000042],[100.83241847500005,15.709933785000032],[100.83944153100003,15.708840556000041],[100.84246568300006,15.709409920000041],[100.84352227800008,15.70886432900005],[100.84433038500003,15.709888856000077],[100.84556867200007,15.70782179400004],[100.84743404900007,15.707782681000026],[100.84697383900004,15.709412450000059],[100.84953698700008,15.710626637000075],[100.84978065000007,15.71161610200005],[100.85324598400007,15.711262795000039],[100.85608962000003,15.712466346000042],[100.85796845700008,15.712087659000076],[100.85851197400007,15.71341005000005],[100.85994037600005,15.713256460000025],[100.86173865900008,15.714940235000029],[100.86230195500008,15.716566624000052],[100.86447967200007,15.716583987000035],[100.86748321600004,15.718218800000045],[100.86789120900005,15.719843841000056],[100.87093274600005,15.720099915000048],[100.87368242100007,15.72123381800003],[100.87535888800005,15.723242646000074],[100.87477300600005,15.724183742000037],[100.87665328800006,15.727333557000065],[100.88279195100006,15.727782011000045],[100.88415232300008,15.728530112000044],[100.88718884000008,15.72802450000006],[100.88805830500007,15.729382624000039],[100.88992723100006,15.729908933000047],[100.88977470400005,15.731376880000028],[100.89408174500005,15.733113150000065],[100.89443028400007,15.733975092000037],[100.89667129800006,15.734259893000058],[100.89815659200008,15.73604978800006],[100.90121167600006,15.73772709800005],[100.90388620600004,15.737535343000047]]]},"properties":{"Shape_Leng":0.394856127598,"Shape_Area":0.00605906171235,"ADM3_EN":"Wang Phikun","ADM3_TH":"วังพิกุล","ADM3_PCODE":"TH670805","ADM2_EN":"Bueng Sam Phan","ADM2_TH":"บึงสามพัน","ADM2_PCODE":"TH6708","ADM1_EN":"Phetchabun","ADM1_TH":"เพชรบูรณ์","ADM1_PCODE":"TH67","ADM0_EN":"Thailand","ADM0_TH":"ประเทศไทย","ADM0_PCODE":"TH"}},
{"type":"Feature","geometry":{"type":"Polygon","coordinates":[[[100.79609866200008,15.892696844000056],[100.80001738500005,15.889521940000066],[100.80320289000008,15.888159074000043],[100.80878509800004,15.886635461000026],[100.80985436000009,15.88430554100006],[100.80717376200005,15.877083725000034],[100.80561524300003,15.873439446000077],[100.80450780400008,15.868440934000034],[100.80810119400007,15.866475534000074],[100.80841540700004,15.864954624000063],[100.80974785700005,15.863224484000057],[100.80920278000008,15.861668283000029],[100.81034626200005,15.858878970000035],[100.81146046900005,15.858308524000051],[100.81118093600008,15.855640501000039],[100.80941180700006,15.855276525000022],[100.80856349700008,15.853251399000044],[100.80832563900003,15.849077274000024],[100.80920236500003,15.847819547000029],[100.80900583900006,15.845889932000034],[100.80665359300008,15.843265486000064],[100.80723415400007,15.84170553100006],[100.80664779700004,15.840710700000045],[100.80896012100004,15.83927833000007],[100.80737820800005,15.836753079000061],[100.80822834500003,15.835060267000074],[100.81053730700006,15.835134985000025],[100.81122946300007,15.83617967400005],[100.81236047700008,15.834793507000029],[100.81343099900005,15.836887427000022],[100.81454986500006,15.836958770000024],[100.81558365900008,15.838319566000052],[100.81681794300005,15.838069763000021],[100.81732032900004,15.84005376500005],[100.81879480500004,15.841189158000077],[100.82259646900008,15.841745595000077],[100.82288547000007,15.84108563500007],[100.82458003900007,15.842207608000024],[100.82599678600008,15.841494458000057],[100.82725777200005,15.843145560000039],[100.82877287600007,15.841619018000074],[100.83107122100006,15.842667371000061],[100.83180015500005,15.84165534300007],[100.83517033800007,15.843242925000027],[100.83692492500006,15.841350380000051],[100.83881674400004,15.841758809000055],[100.83903034500008,15.842777369000032],[100.84453087800006,15.843967723000048],[100.84562413100008,15.842364633000045],[100.84813422000008,15.842218127000024],[100.84926927300006,15.843105540000067],[100.85050309400003,15.842662474000065],[100.85539286500006,15.84295648400007],[100.86138923600004,15.842179380000061],[100.86517471600007,15.843917255000065],[100.86710620800005,15.844153997000035],[100.86858598500004,15.846660711000027],[100.87095848700005,15.845913601000063],[100.87736431800005,15.845439523000039],[100.87770342800007,15.84344814900004],[100.87918608700005,15.842644218000032],[100.87990795300004,15.840554535000024],[100.87875635800003,15.828326082000046],[100.88329122600004,15.830094031000044],[100.88678391600007,15.833108165000056],[100.89213351600006,15.836587204000068],[100.89239148400009,15.83965243800003],[100.89309507100006,15.83936078000005],[100.89448283600007,15.840858857000057],[100.89512382000004,15.839681163000023],[100.89799496100005,15.842105410000045],[100.89992386600005,15.841705324000031],[100.90230878300008,15.840271887000029],[100.90376570300003,15.840860166000027],[100.90374217500005,15.842490782000027],[100.90516178500008,15.844063627000025],[100.90570173100008,15.84618516300003],[100.90756102500006,15.84828757400004],[100.90772142600008,15.852140518000056],[100.90858773700006,15.852643796000052],[100.90923552300006,15.856394009000041],[100.91030347000009,15.858634119000044],[100.91426490000003,15.863262537000026],[100.91321186000005,15.867046813000059],[100.91151304500005,15.869407907000038],[100.91148737100008,15.870346423000058],[100.91381625300005,15.874566679000054],[100.91470647600005,15.876972667000075],[100.91453865300008,15.878338510000049],[100.90971062900007,15.883107236000058],[100.90717061600009,15.886447950000047],[100.90667129300004,15.887987250000037],[100.90711086400006,15.891361455000037],[100.90735563000004,15.897485528000061],[100.90532321600006,15.898418460000073],[100.90140476500005,15.896926837000024],[100.90037491000004,15.896002084000031],[100.89720024600007,15.897052517000077],[100.89194428100006,15.899888670000053],[100.89103509500006,15.904108756000028],[100.88961396200006,15.907337246000054],[100.88696844000003,15.90884245500007],[100.88712216000005,15.91185439800006],[100.88547151400007,15.915875739000057],[100.88282371100007,15.919192948000045],[100.88118315600008,15.92186375500006],[100.87951664100007,15.922705525000026],[100.87635326900005,15.923069414000054],[100.87342936000005,15.924905745000046],[100.87045170300007,15.925966395000046],[100.86648390100004,15.92490519100005],[100.86287540400008,15.926892494000072],[100.86123256800005,15.926738452000052],[100.86044418200004,15.927749653000035],[100.85606279800004,15.929514193000045],[100.84992106600004,15.927241478000042],[100.84884753500006,15.926157210000042],[100.84696700600006,15.926292064000052],[100.84462532600008,15.92464467700006],[100.84626807100005,15.924229853000043],[100.84727203300008,15.922786528000074],[100.84700232500006,15.921625824000046],[100.84771449900006,15.918703280000045],[100.84672298900006,15.916945518000034],[100.84605561000006,15.914020781000033],[100.84351351000004,15.90950132000006],[100.84270312300004,15.909218443000043],[100.83777338500005,15.910452888000066],[100.83308173000006,15.912427303000072],[100.82753671000006,15.91316454400004],[100.82606056200007,15.911624027000073],[100.82329029600004,15.910536621000062],[100.82181943300009,15.910618506000048],[100.81868017100004,15.913361958000053],[100.81544042700006,15.915197139000043],[100.81369496600007,15.915091239000049],[100.81255790800009,15.916440548000026],[100.81257786600008,15.917894021000052],[100.81034850300006,15.919413262000035],[100.80988072200006,15.922063213000058],[100.80877165300006,15.924999894000052],[100.80664812000003,15.925016611000046],[100.80399463700007,15.924209245000043],[100.80073982100004,15.924505232000058],[100.79862958200005,15.925153937000061],[100.79819581500004,15.926502146000075],[100.79741633700007,15.92530897100005],[100.79755153100007,15.92302507900007],[100.79643854300008,15.92226071500005],[100.79560784400007,15.92023073200005],[100.79646882100008,15.91753596500007],[100.79527472200004,15.916759551000041],[100.79526423200008,15.914345457000024],[100.79590184700004,15.914369822000026],[100.79563374100007,15.911065543000063],[100.79409688100009,15.90720163800006],[100.79344022000004,15.906755628000042],[100.79294108600004,15.903736297000023],[100.79186005300005,15.901982554000028],[100.79177039600006,15.899995732000036],[100.79509073300005,15.895297951000032],[100.79609866200008,15.892696844000056]]]},"properties":{"Shape_Leng":0.519937560746,"Shape_Area":0.00798871130379,"ADM3_EN":"Phaya Wang","ADM3_TH":"พญาวัง","ADM3_PCODE":"TH670806","ADM2_EN":"Bueng Sam Phan","ADM2_TH":"บึงสามพัน","ADM2_PCODE":"TH6708","ADM1_EN":"Phetchabun","ADM1_TH":"เพชรบูรณ์","ADM1_PCODE":"TH67","ADM0_EN":"Thailand","ADM0_TH":"ประเทศไทย","ADM0_PCODE":"TH"}},
{"type":"Feature","geometry":{"type":"Polygon","coordinates":[[[100.87875635800003,15.828326082000046],[100.87990795300004,15.840554535000024],[100.87918608700005,15.842644218000032],[100.87770342800007,15.84344814900004],[100.87736431800005,15.845439523000039],[100.87095848700005,15.845913601000063],[100.86858598500004,15.846660711000027],[100.86710620800005,15.844153997000035],[100.86517471600007,15.843917255000065],[100.86138923600004,15.842179380000061],[100.85539286500006,15.84295648400007],[100.85050309400003,15.842662474000065],[100.84926927300006,15.843105540000067],[100.84813422000008,15.842218127000024],[100.84562413100008,15.842364633000045],[100.84453087800006,15.843967723000048],[100.83903034500008,15.842777369000032],[100.83881674400004,15.841758809000055],[100.83692492500006,15.841350380000051],[100.83517033800007,15.843242925000027],[100.83180015500005,15.84165534300007],[100.83107122100006,15.842667371000061],[100.82877287600007,15.841619018000074],[100.82725777200005,15.843145560000039],[100.82599678600008,15.841494458000057],[100.82458003900007,15.842207608000024],[100.82288547000007,15.84108563500007],[100.82259646900008,15.841745595000077],[100.81879480500004,15.841189158000077],[100.81732032900004,15.84005376500005],[100.81681794300005,15.838069763000021],[100.81558365900008,15.838319566000052],[100.81454986500006,15.836958770000024],[100.81343099900005,15.836887427000022],[100.81236047700008,15.834793507000029],[100.81122946300007,15.83617967400005],[100.81053730700006,15.835134985000025],[100.80822834500003,15.835060267000074],[100.80753520900004,15.834583687000077],[100.80534111400004,15.835297986000057],[100.80340357000006,15.834776716000022],[100.80374700100003,15.831271092000065],[100.80103915800004,15.829859465000027],[100.80017239800009,15.830918788000076],[100.79901979000005,15.830287369000075],[100.79842629900008,15.825738127000022],[100.80059455000008,15.818191747000071],[100.80141213900004,15.813807186000076],[100.80423503800006,15.807648220000033],[100.80837611900006,15.791794099000072],[100.81068512000007,15.78567253400007],[100.81499178600006,15.775328925000053],[100.81549631100006,15.779703882000035],[100.81603341800007,15.779680901000063],[100.81589479500008,15.782558465000022],[100.81726018400008,15.782646817000057],[100.81947199800004,15.784989747000054],[100.81993248000003,15.786187763000044],[100.81939436700009,15.789856359000055],[100.82088093300007,15.791918913000075],[100.82248319700005,15.793103876000032],[100.82288206500004,15.796270360000051],[100.82468576100007,15.797761845000025],[100.82702980900007,15.798156334000055],[100.83127756400006,15.797663855000053],[100.83132608900007,15.797019172000034],[100.83450847200004,15.797289239000065],[100.84150827200006,15.797396007000032],[100.84214035300005,15.797701881000023],[100.84684239900008,15.79743400600006],[100.84726691600008,15.796403840000039],[100.85289615100004,15.797692507000022],[100.85065244000003,15.800609215000065],[100.85177494700008,15.802040050000073],[100.85354994400006,15.802389955000024],[100.85543343100005,15.80366699900003],[100.85653785600005,15.802929434000077],[100.85865157200004,15.80357901900004],[100.85896414000007,15.805322344000047],[100.86089108600004,15.807456209000065],[100.86339287700008,15.808552228000053],[100.86517587200007,15.80836572100003],[100.86778491300004,15.810251867000034],[100.87208290700005,15.81177953200006],[100.87362990100007,15.813315934000059],[100.87359946400005,15.814364290000071],[100.87612954800005,15.81581155400005],[100.87983803400004,15.816984361000038],[100.87961009100007,15.818047565000029],[100.88070533600006,15.82344028500006],[100.87875635800003,15.828326082000046]]]},"properties":{"Shape_Leng":0.316950830848,"Shape_Area":0.00327677803469,"ADM3_EN":"Si Mongkhon","ADM3_TH":"ศรีมงคล","ADM3_PCODE":"TH670807","ADM2_EN":"Bueng Sam Phan","ADM2_TH":"บึงสามพัน","ADM2_PCODE":"TH6708","ADM1_EN":"Phetchabun","ADM1_TH":"เพชรบูรณ์","ADM1_PCODE":"TH67","ADM0_EN":"Thailand","ADM0_TH":"ประเทศไทย","ADM0_PCODE":"TH"}},
{"type":"Feature","geometry":{"type":"Polygon","coordinates":[[[101.24721456100008,15.860320772000023],[101.24599726000008,15.864170225000066],[101.25025946200009,15.863023887000054],[101.25593617700008,15.864357402000053],[101.25886614600006,15.86586359200004],[101.26165193600008,15.86576360500004],[101.26352547500005,15.864141676000031],[101.26495825100005,15.858753059000037],[101.26859727300007,15.85697016000006],[101.27261459200008,15.857491749000076],[101.27505677000005,15.859509496000044],[101.27552689300006,15.861140060000025],[101.27284743700005,15.864522711000063],[101.27333436800006,15.865454814000032],[101.27674632600008,15.866039066000042],[101.27789877400005,15.868596698000033],[101.27938509700004,15.86848077600007],[101.28096161800005,15.867374496000025],[101.28305047100008,15.867334310000047],[101.28529909500008,15.870539664000034],[101.28779361700003,15.870986298000048],[101.29273701900007,15.869405270000073],[101.29598715200007,15.869972309000048],[101.29734287200006,15.869752627000025],[101.29730184300007,15.866763767000066],[101.30265723300005,15.866030716000068],[101.30277437900008,15.86017776400007],[101.30430133900006,15.854919319000032],[101.30782443400005,15.849394733000054],[101.31221230300008,15.849084040000037],[101.31354483300004,15.847479338000028],[101.31644787900007,15.845861745000036],[101.31622025100006,15.844166372000075],[101.31872161300004,15.84344197300004],[101.31959899500004,15.84385316600003],[101.31903095000007,15.845451754000067],[101.31962098100007,15.846359798000037],[101.32167785800004,15.84633516200006],[101.32335510600007,15.849842238000065],[101.32669867100009,15.851395489000026],[101.32571635100004,15.852138233000062],[101.32688293700005,15.858811643000024],[101.32865011300004,15.857937027000048],[101.32941614600009,15.860626211000067],[101.32964208000004,15.863748971000064],[101.33069769200006,15.865821806000042],[101.33246429500008,15.873736202000032],[101.33191953100004,15.877555378000068],[101.33246506800003,15.881669610000074],[101.33685400200005,15.886019483000041],[101.33858882400006,15.88687178500004],[101.34480076200003,15.887061913000025],[101.34829220400007,15.88627615400003],[101.34970012700006,15.887814190000029],[101.35224582400008,15.888580115000025],[101.35405398700004,15.890429737000034],[101.35548844200008,15.894296533000045],[101.35840604200007,15.897940763000065],[101.36163426400009,15.90019501100005],[101.36153837400008,15.902040419000059],[101.36274109700008,15.907798102000072],[101.36982749100008,15.909702521000042],[101.37066955100005,15.912767833000032],[101.37286682300004,15.917440506000048],[101.37458112800005,15.918389318000038],[101.37397854100004,15.921710248000068],[101.36964453100006,15.922451558000034],[101.36709154100004,15.92136223600005],[101.36531382400005,15.922098191000032],[101.36102534300005,15.923016202000042],[101.36062849200005,15.923494456000071],[101.36187458900008,15.926277109000068],[101.36360012200004,15.92840895200004],[101.36425765200005,15.930975459000024],[101.36398948500005,15.931651487000067],[101.36198041200004,15.930165823000038],[101.35953646200005,15.929992670000047],[101.35807189300004,15.93081974200004],[101.35522608200006,15.934127370000056],[101.35183289100007,15.934609470000055],[101.34994121000005,15.935805230000028],[101.34699141700008,15.93486613500005],[101.34409071900006,15.935039479000068],[101.34415917800004,15.933873067000036],[101.33938669700007,15.933528214000034],[101.33834428100005,15.932294521000074],[101.33537399600004,15.933734598000058],[101.33380055400005,15.933010350000075],[101.33109624600007,15.934470882000028],[101.32773987500008,15.934544742000071],[101.32601346700005,15.935429874000022],[101.32498670900009,15.937785706000057],[101.32294523200005,15.938509115000045],[101.32290751200009,15.939468513000065],[101.32063009200004,15.940629795000063],[101.31865692700006,15.940540216000045],[101.31883615400005,15.941431441000077],[101.31748705500007,15.943049038000026],[101.31630860900003,15.943332725000062],[101.31442170300005,15.942559689000063],[101.31287297200004,15.942892329000074],[101.31156554200004,15.94469950100006],[101.30836742900004,15.942819167000039],[101.30616803900006,15.942999193000048],[101.30549794100006,15.942198782000048],[101.30331297600009,15.941812556000059],[101.30214838800003,15.942300277000072],[101.30214408300009,15.940173178000066],[101.30115528200008,15.939615729000025],[101.30101676600003,15.936574286000052],[101.30189762600008,15.935898333000068],[101.29953429100004,15.932994619000056],[101.29818023600006,15.932446843000037],[101.29938024900008,15.931003205000025],[101.30080997000005,15.927842874000078],[101.30085548700004,15.926174503000027],[101.29978734600007,15.925263034000068],[101.29958205900004,15.921615528000075],[101.29755509700004,15.91747640400007],[101.29658850700008,15.917360621000057],[101.29490757900004,15.915526847000024],[101.29173173000004,15.914125881000075],[101.28976603400008,15.909839927000064],[101.28979180500005,15.908199961000037],[101.28808879600007,15.907436292000057],[101.28747971600006,15.908102922000069],[101.28417103200007,15.90903935800003],[101.27933822000006,15.912689716000045],[101.27677282800005,15.91381498100003],[101.27654679200003,15.915296436000062],[101.27765414800007,15.915120184000045],[101.27811529100006,15.916439213000046],[101.27723975600009,15.917762215000039],[101.27865459500003,15.91800069900006],[101.28007872900008,15.917205110000054],[101.28235065900009,15.919272411000065],[101.28216815500008,15.920325228000024],[101.27929514500005,15.923191259000077],[101.28030916900008,15.925659371000052],[101.28247952900006,15.927614898000058],[101.28204613200006,15.92889522400003],[101.27871888300007,15.931708818000061],[101.27755490000004,15.931136891000051],[101.27728830000007,15.929305792000036],[101.27592916900005,15.929391172000066],[101.27533310700005,15.927439518000028],[101.27208706700009,15.928557011000066],[101.26994363200004,15.927164023000046],[101.26994906600004,15.92579816500006],[101.26572967500005,15.92679686200006],[101.26433198700005,15.925947243000053],[101.26469012800004,15.924988947000031],[101.26108217100006,15.924032409000063],[101.26018210600006,15.920574646000034],[101.25592907500004,15.916652913000064],[101.25325444500004,15.913722964000044],[101.25081908300007,15.91374145900005],[101.24900724600008,15.912411890000044],[101.24796881900005,15.912619323000058],[101.24737929600008,15.91406646200005],[101.24483513100006,15.912935793000031],[101.24316492200006,15.913124566000022],[101.24295413600004,15.911735356000065],[101.24063888300009,15.912318563000042],[101.23869071100006,15.909703211000021],[101.23764786500004,15.90291658600006],[101.23811390200007,15.899169803000063],[101.23773300900007,15.896702345000051],[101.23503322700009,15.897287536000022],[101.23405922600006,15.894896317000075],[101.23287358100004,15.894262207000054],[101.23240063900005,15.892346997000061],[101.22837602600003,15.891991347000044],[101.22490927100006,15.893178592000027],[101.21183703500009,15.893030943000042],[101.20973491000007,15.892415121000056],[101.20648864900005,15.889358207000043],[101.19919693600008,15.886965089000057],[101.19668485300008,15.885896993000074],[101.19100973900004,15.881134537000037],[101.18452209000009,15.876257899000052],[101.18394843000004,15.872712694000029],[101.18144178200004,15.868737839000062],[101.17811412400005,15.86230957600003],[101.17800822900006,15.859849010000062],[101.17869382300006,15.854725657000074],[101.17944585800007,15.852352771000028],[101.17931379300006,15.847811600000057],[101.17823667700009,15.843208425000057],[101.18096538200007,15.840137654000046],[101.18035001000004,15.836657788000025],[101.18382100900004,15.833144228000037],[101.18581124700006,15.829737464000061],[101.19024215000007,15.829421650000029],[101.19312659400003,15.832135150000056],[101.19672923800005,15.833037212000022],[101.19789454600004,15.83471583000005],[101.20276387900009,15.835538589000066],[101.20426984600005,15.836545671000067],[101.20683498400007,15.841618201000074],[101.20792368100007,15.845373669000026],[101.21042585800006,15.847503021000023],[101.21373619700006,15.848069892000069],[101.21767089600007,15.851466669000047],[101.22098964700007,15.850076167000054],[101.22330431300009,15.850702807000062],[101.22789375700006,15.849123918000032],[101.23624777800006,15.84760383500003],[101.24144446100007,15.847709224000027],[101.24546171300005,15.854796022000073],[101.24563403300004,15.856552742000076],[101.24721456100008,15.860320772000023]]]},"properties":{"Shape_Leng":0.708610523511,"Shape_Area":0.0103671659096,"ADM3_EN":"Sa Kaeo","ADM3_TH":"สระแก้ว","ADM3_PCODE":"TH670808","ADM2_EN":"Bueng Sam Phan","ADM2_TH":"บึงสามพัน","ADM2_PCODE":"TH6708","ADM1_EN":"Phetchabun","ADM1_TH":"เพชรบูรณ์","ADM1_PCODE":"TH67","ADM0_EN":"Thailand","ADM0_TH":"ประเทศไทย","ADM0_PCODE":"TH"}},
{"type":"Feature","geometry":{"type":"Polygon","coordinates":[[[101.05612576300007,15.76064668600003],[101.05840982300003,15.760965354000064],[101.05965269600006,15.759575287000075],[101.05990981000008,15.761782013000072],[101.05868626500006,15.763186013000052],[101.05988232400006,15.76585820300005],[101.05758357000008,15.76646852500005],[101.05893068000006,15.767038289000027],[101.05953097600008,15.768920579000053],[101.05674182600006,15.768590922000044],[101.05670073200008,15.770133169000076],[101.05555089900008,15.772341047000054],[101.05338417500008,15.774103971000045],[101.05337438400005,15.777920438000024],[101.05488701000007,15.77843727100003],[101.05293573700004,15.779536637000035],[101.05341255600007,15.781620591000035],[101.05091240600007,15.782733858000029],[101.04835450500008,15.782324619000065],[101.04787329500004,15.782977725000023],[101.04937341500005,15.78425218600006],[101.04826510500004,15.785092390000045],[101.04856543600005,15.786470025000028],[101.04800381700005,15.789496305000057],[101.04682934600004,15.790699317000076],[101.04499596800008,15.790361938000046],[101.04430976800006,15.79134674200003],[101.04537081900008,15.792295591000027],[101.04901699800007,15.792546383000058],[101.05042003500006,15.793671264000068],[101.05175904800006,15.793524438000077],[101.05230356500005,15.796318461000055],[101.05176606100008,15.797490992000064],[101.05245778100004,15.800287684000068],[101.05122956000008,15.801928975000067],[101.04877002100005,15.801922722000029],[101.04778101300008,15.801196376000064],[101.04678711400004,15.803859910000028],[101.04853143300005,15.805686280000032],[101.04981970900008,15.805839010000057],[101.04856603400003,15.807367288000023],[101.04772737100006,15.80572698800006],[101.04669964300007,15.806799388000059],[101.04212493400007,15.807021908000024],[101.04125803000005,15.807969288000038],[101.04188174400008,15.808974852000063],[101.04121022400005,15.810300331000064],[101.03972011000008,15.81085304100003],[101.03785158100004,15.810456935000047],[101.03857990100005,15.811972652000065],[101.04011768300006,15.812798030000067],[101.04241480300004,15.81203732800003],[101.04250985800007,15.81378957000004],[101.04357460000006,15.814167282000028],[101.04367741400006,15.815562230000069],[101.04243509300005,15.817745143000025],[101.04467438300009,15.819140099000037],[101.04462322100005,15.82134009200007],[101.04061077000006,15.821835408000027],[101.03989973600005,15.821070530000043],[101.03827636800008,15.821529730000066],[101.03663771400005,15.823438230000022],[101.03704841500007,15.824757593000072],[101.03815091800004,15.823702444000048],[101.03964959900009,15.82459674100005],[101.04114694100008,15.824479331000077],[101.04019020400006,15.827091495000047],[101.03828920900008,15.82848315700005],[101.03973409700006,15.829353310000045],[101.04078658800006,15.828346927000041],[101.04453189900005,15.82828943100003],[101.04547309500003,15.827353218000042],[101.04899867100005,15.828774254000052],[101.05060305300003,15.830909896000037],[101.05086191800007,15.834170715000027],[101.04874491100009,15.83414881300007],[101.04148605400007,15.832521219000057],[101.03790237900006,15.831517662000067],[101.03354869600008,15.83110868700004],[101.03258847700005,15.836002259000054],[101.03126291400008,15.838027810000028],[101.03000411200009,15.83846803800003],[101.02630765200007,15.838229563000027],[101.02641762600007,15.834439132000057],[101.02485963500004,15.834379762000026],[101.02321427200008,15.833278794000023],[101.01860568600006,15.833493204000035],[101.01876021900006,15.834185842000068],[101.01547859100003,15.835110066000027],[101.01559696700008,15.835540753000032],[101.01160206500003,15.837038086000064],[101.00963057400008,15.838786516000027],[101.00695317200007,15.812989023000057],[101.00683825100003,15.809724035000045],[101.00298091600007,15.809479262000025],[101.00278769300007,15.808825779000074],[101.00027466400007,15.808617906000052],[100.99651482500008,15.808884965000061],[100.99704450100006,15.802376480000078],[100.99864251400004,15.799144974000058],[101.00658905600005,15.798314292000043],[101.00606019300005,15.774233241000047],[101.00686484100004,15.772241928000028],[101.00979465400007,15.769193159000054],[101.01128932200004,15.765882223000062],[101.01306833700005,15.747469625000065],[101.01525828100006,15.747680278000075],[101.01769848600009,15.750770658000022],[101.01855307000005,15.75304376300005],[101.01949797200007,15.753068554000038],[101.02120418400006,15.75477761600007],[101.02272547500007,15.75479791500004],[101.02413327800008,15.753828119000048],[101.02403761100004,15.752578967000034],[101.02689661100004,15.753789514000061],[101.02729010900003,15.755831241000067],[101.02843348500005,15.75672280200007],[101.02915235900008,15.759012504000054],[101.03100214400007,15.760040901000025],[101.03145808900007,15.762592040000072],[101.03359112100009,15.764200729000038],[101.03547240800003,15.76704466600006],[101.04006313500008,15.768878524000058],[101.04002808600006,15.769796313000029],[101.04232205100004,15.771256986000026],[101.04308584600005,15.772692095000025],[101.04365789300005,15.771587172000068],[101.04580836600007,15.770664319000048],[101.04612638900005,15.768562590000045],[101.04863085400007,15.766107463000026],[101.05022746100008,15.76614952600005],[101.05128039200008,15.76740783400004],[101.05170183000007,15.764712512000074],[101.05078058400005,15.764050464000036],[101.05421140300007,15.761155187000043],[101.05612576300007,15.76064668600003]]]},"properties":{"Shape_Leng":0.419547416328,"Shape_Area":0.00315109257997,"ADM3_EN":"Bueng Sam Phan","ADM3_TH":"บึงสามพัน","ADM3_PCODE":"TH670809","ADM2_EN":"Bueng Sam Phan","ADM2_TH":"บึงสามพัน","ADM2_PCODE":"TH6708","ADM1_EN":"Phetchabun","ADM1_TH":"เพชรบูรณ์","ADM1_PCODE":"TH67","ADM0_EN":"Thailand","ADM0_TH":"ประเทศไทย","ADM0_PCODE":"TH"}},
{"type":"Feature","geometry":{"type":"Polygon","coordinates":[[[101.51342721600008,16.68113119700007],[101.51592123600005,16.680895484000075],[101.51730739500005,16.679911713000024],[101.52000188600005,16.67939932300004],[101.52297950900004,16.680150962000027],[101.52599920400007,16.68004561600003],[101.52814642900006,16.67846070300004],[101.52930062000007,16.675688912000055],[101.53297127000008,16.673868408000033],[101.53621420100006,16.670169980000026],[101.53611470600003,16.66893041800006],[101.53777342500007,16.666031916000065],[101.54247516500004,16.666237368000054],[101.54400434000007,16.668194936000077],[101.54539355100007,16.66843479100004],[101.54765282100004,16.665940532000036],[101.54873083900009,16.66280991700006],[101.55094046200009,16.661462654000047],[101.55207674100006,16.659188914000026],[101.55433559600004,16.656677482000077],[101.55631920600007,16.656190559000038],[101.55785869000005,16.654373099000054],[101.56073508200006,16.654217681000034],[101.56166252100007,16.653144273000066],[101.56254357900008,16.649477621000074],[101.56486485100004,16.64794224900004],[101.56701084800005,16.648067384000058],[101.56789475200009,16.64975078200007],[101.56946246400008,16.649510243000066],[101.57013412700007,16.647876993000068],[101.57174879700005,16.648255541000026],[101.57243731700004,16.652941886000065],[101.57333168800005,16.65587277900005],[101.57710678400008,16.660966725000037],[101.57871929200007,16.670079286000032],[101.57568195600004,16.671835499000053],[101.57483667800005,16.673039548000077],[101.57443938400007,16.675535354000033],[101.57181176000006,16.680342180000025],[101.57185096300009,16.688267370000062],[101.57046448200003,16.691809462000037],[101.56791376500007,16.69378641800006],[101.56562403100008,16.694126420000032],[101.56244526400008,16.696282535000023],[101.56020803100006,16.69880418400004],[101.55886239100005,16.704826661000027],[101.55623720400007,16.708524923000027],[101.55309282700006,16.711395418000052],[101.55196920400005,16.71534966100006],[101.55261492800008,16.720732831000078],[101.55334071600004,16.72354977300006],[101.55272157400003,16.725710113000048],[101.55324888200005,16.727594218000036],[101.55986476400005,16.72883413200003],[101.56134428000007,16.727935167000055],[101.56300699000008,16.725710675000073],[101.56522760800004,16.724464847000036],[101.57005472500003,16.72292696900007],[101.57404332900006,16.722389579000037],[101.57613133000007,16.72409996600004],[101.58132277100003,16.721962232000067],[101.58554856400008,16.722686097000064],[101.58713575200005,16.721267432000047],[101.58799684400009,16.71918266600005],[101.59138203700007,16.717092199000035],[101.59043279800005,16.70839493400007],[101.59131145300006,16.707657958000027],[101.59429402700005,16.707041325000034],[101.60124157700005,16.70755013300004],[101.60379474900009,16.707034770000064],[101.60317642700005,16.707558219000077],[101.60790661900006,16.710201725000047],[101.61896840500003,16.721918161000076],[101.62195475700008,16.72365578800003],[101.62454400800004,16.723847075000037],[101.62734998500008,16.725889103000043],[101.63155167300005,16.725950155000078],[101.63413672400009,16.727478034000058],[101.63878511300004,16.727694579000058],[101.64225933200004,16.72882032900003],[101.64459731100004,16.72892369500005],[101.64679255800007,16.72709498100005],[101.64975526600006,16.727302249000047],[101.65538175700004,16.730674790000023],[101.65793131400005,16.730500290000066],[101.65992504800005,16.731274477000056],[101.66645506700007,16.729642134000073],[101.67304810700006,16.727235068000027],[101.67434731200007,16.726265116000036],[101.67872697700005,16.724840593000067],[101.68217654700004,16.726049869000065],[101.68669628400005,16.726023088000034],[101.69385582600006,16.725412108000057],[101.69840433000007,16.72866859800007],[101.70467699300008,16.73046372300007],[101.70864054700007,16.73232964600004],[101.71484690500006,16.737667180000074],[101.71666373400006,16.738919934000023],[101.71827107200005,16.74123458100007],[101.72305587800008,16.744410439000035],[101.72841343100004,16.745956213000056],[101.73219217700006,16.748359851000032],[101.73283821600006,16.750634193000053],[101.73391808000008,16.751706999000078],[101.73456731200008,16.75460272500004],[101.73013894100006,16.753574423000032],[101.72721895700005,16.753859182000042],[101.72506866100008,16.75469378500003],[101.71950445900006,16.75858201400007],[101.71806131900007,16.75987944600007],[101.71130220900005,16.772022294000067],[101.70888871000005,16.775498796000022],[101.70439183400003,16.78411959500005],[101.70153996300007,16.785649569000043],[101.69872201500004,16.787931284000024],[101.69639115300004,16.79052482700007],[101.69288114800008,16.793396916000063],[101.68926184200006,16.79588718800005],[101.68638246800003,16.79848012100007],[101.68457636000005,16.799368017000063],[101.67210006200008,16.808392970000057],[101.66941175600004,16.809537000000034],[101.66353180700008,16.81280042000003],[101.65682794500003,16.816177950000053],[101.65303377900005,16.81860364000005],[101.65028040000004,16.821259603000044],[101.64774551700003,16.82279752000005],[101.64158764600006,16.828546725000024],[101.63924775900006,16.830290968000043],[101.63906766600007,16.831291634000024],[101.64109168600004,16.834394837000048],[101.64231003000003,16.837679765000075],[101.64361858400008,16.839494555000044],[101.64533081300004,16.840732897000066],[101.64580857300007,16.84278041600004],[101.64417647100004,16.84646295700003],[101.64472872800008,16.84795090600005],[101.64828228200008,16.851073944000063],[101.64853689700004,16.851785686000028],[101.64625759900008,16.85237245600007],[101.64585149000004,16.853981945000044],[101.64379329800005,16.85356693600005],[101.64259332600005,16.852518038000028],[101.64220785600008,16.853886234000072],[101.64309750300004,16.855513736000034],[101.64102229700006,16.85589333400003],[101.63958664200004,16.857051385000034],[101.63593497100004,16.858777803000066],[101.63493609300008,16.860154003000048],[101.63016679200007,16.862559643000054],[101.62892278700008,16.86368598000007],[101.62632965600005,16.86322626200007],[101.62481662200008,16.865123114000028],[101.62146693900007,16.864693362000025],[101.61882802900004,16.866306853000026],[101.61619651800004,16.866718933000072],[101.61479890200008,16.865987696000047],[101.61472219700005,16.864490527000044],[101.61189020300009,16.867049958000052],[101.61143886300005,16.870010539000077],[101.60617518000004,16.876609071000075],[101.60479958300004,16.878862866000077],[101.60152267800004,16.878765758000043],[101.59781560900007,16.877667606000045],[101.59435183600004,16.875255202000062],[101.58827106600006,16.871675624000034],[101.58585115400007,16.87100977500006],[101.57944319700005,16.87188979800004],[101.57609382100009,16.871500235000042],[101.57400151600007,16.869804862000024],[101.56884578200004,16.867829269000026],[101.55986986500005,16.866229014000055],[101.55527751100004,16.865014607000035],[101.55250431900004,16.86375533100005],[101.54636078900006,16.85960723200003],[101.54378921100005,16.85680704400005],[101.54060092700007,16.855538865000028],[101.53901149400008,16.85385619300007],[101.53672217600007,16.852414293000038],[101.53231900600008,16.847613082000066],[101.53229944000009,16.846143089000066],[101.53365721900008,16.843567332000077],[101.53331349200005,16.840830021000045],[101.53184193100009,16.839251696000076],[101.53162890000004,16.83801985300005],[101.53293050900004,16.834929040000077],[101.53275338100008,16.83151901100007],[101.52866196700006,16.828311205000034],[101.53067024500007,16.824340385000028],[101.53004235500003,16.822168271000066],[101.52613935700003,16.81600197000006],[101.52512059400004,16.811546686000042],[101.52408779400008,16.810084327000027],[101.51914987100008,16.808932796000022],[101.52270466700008,16.795943399000066],[101.52445468400003,16.790354282000067],[101.52427607000004,16.78461560200003],[101.52369550600008,16.781996133000064],[101.52122605200009,16.775398283000072],[101.51961434700007,16.770048291000023],[101.51863282400006,16.76863912700003],[101.51593187400005,16.766941659000054],[101.51509074100005,16.76569508700004],[101.51696856000007,16.76253728300003],[101.51634971900006,16.76052072500005],[101.51506713100008,16.759675980000054],[101.51243245500007,16.75972131800006],[101.51091465400003,16.757925716000045],[101.51137707600009,16.75303969500004],[101.51015345200005,16.749823066000033],[101.50940089600005,16.741394031000027],[101.50870358500003,16.73715443900005],[101.51082621900008,16.73552506300007],[101.51096919900004,16.73270625300006],[101.51056572500005,16.729374016000065],[101.51217672100006,16.72760639200004],[101.51212592500008,16.726017891000026],[101.51475608800007,16.725947765000058],[101.51410746600004,16.72006330100004],[101.51302269300004,16.715651824000076],[101.51079154300004,16.713191953000035],[101.51135168400003,16.70991292700006],[101.51365750300005,16.70537296300006],[101.51477441300005,16.702513834000058],[101.51506138900004,16.699487305000048],[101.51418440500004,16.69687616500005],[101.51510440300007,16.694417841000075],[101.51560567000007,16.69067699200002],[101.51530818800006,16.686280194000062],[101.51342721600008,16.68113119700007]]]},"properties":{"Shape_Leng":0.897563022842,"Shape_Area":0.0259486539036,"ADM3_EN":"Nam Nao","ADM3_TH":"น้ำหนาว","ADM3_PCODE":"TH670901","ADM2_EN":"Nam Nao","ADM2_TH":"น้ำหนาว","ADM2_PCODE":"TH6709","ADM1_EN":"Phetchabun","ADM1_TH":"เพชรบูรณ์","ADM1_PCODE":"TH67","ADM0_EN":"Thailand","ADM0_TH":"ประเทศไทย","ADM0_PCODE":"TH"}},
{"type":"Feature","geometry":{"type":"Polygon","coordinates":[[[101.40745499300004,16.88568674100003],[101.40868443900007,16.885529293000047],[101.40733708500005,16.88192039100005],[101.40951431200006,16.87995364300002],[101.40763062300005,16.87707671100003],[101.40797637200006,16.87591573900005],[101.40675276800005,16.874807910000072],[101.40738604800003,16.87366664500007],[101.40701904500008,16.870405004000077],[101.40875954700005,16.867873717000066],[101.40597877000005,16.866409544000078],[101.40323151700005,16.864075159000038],[101.40145567100006,16.863741047000076],[101.40120609900004,16.862129882000033],[101.39894070200006,16.858908971000062],[101.39997293000005,16.854885971000044],[101.40321444200003,16.855396186000064],[101.40554024000005,16.854621877000056],[101.40635618500005,16.85372355800007],[101.40950253900007,16.853716347000045],[101.40977531300007,16.85260144500006],[101.41660551600006,16.85291624100006],[101.41962485700009,16.85421903500003],[101.42091125300004,16.854229891000045],[101.42185334300007,16.852145018000044],[101.42502464300009,16.850877620000063],[101.42551022600009,16.850033417000077],[101.43090539500008,16.852012112000068],[101.43378258000007,16.84978223300004],[101.43336447000007,16.84654806800006],[101.43513259000008,16.848735445000045],[101.43635557400006,16.84919117900006],[101.43986062300007,16.852465713000072],[101.44202331200006,16.852987624000036],[101.44216160500008,16.855706748000046],[101.44353194900003,16.855904476000035],[101.44622458900005,16.85770053300007],[101.44639020700004,16.859054250000042],[101.45161711000009,16.85948599200003],[101.45262780500008,16.858532338000032],[101.45367672500004,16.85930128800004],[101.45369848700005,16.856176980000043],[101.45618433200008,16.855136721000065],[101.45947289000009,16.857168435000062],[101.46181724900003,16.856197374000033],[101.46564112600004,16.857499392000022],[101.46698655100005,16.85963338700003],[101.46908486500007,16.86052219000004],[101.47053761300003,16.86012286600004],[101.47288777800009,16.861589045000073],[101.47258340300004,16.865439881000043],[101.47568406300007,16.866972609000072],[101.47787447000007,16.869347334000054],[101.48049496000004,16.870612512000037],[101.48182696400005,16.87222180300006],[101.48146197900007,16.87727541000004],[101.48036373600007,16.881284890000074],[101.47911643500004,16.883321331000047],[101.47909136700008,16.88531550400006],[101.48120533000008,16.88649499400003],[101.48467469000008,16.887628765000045],[101.48947930200006,16.892913488000033],[101.49085269000005,16.89491989800007],[101.49124904300004,16.89722732200005],[101.49008973700006,16.89973624600003],[101.49382281500004,16.904981990000067],[101.49775795000005,16.909187675000055],[101.49921638400008,16.909565661000045],[101.50299289600008,16.90953866500007],[101.50858106800007,16.90884995400006],[101.51174571900003,16.909217556000044],[101.51504335400006,16.910628306000035],[101.51915875000009,16.911249945000066],[101.52751615900007,16.91575907200007],[101.53095506100004,16.916754774000026],[101.53448083400008,16.91999592700006],[101.53883774300004,16.92153127100005],[101.53894775000003,16.924306026000068],[101.54065965200004,16.92575484200006],[101.54047740100003,16.93141737700006],[101.54090864300008,16.932463750000068],[101.54419217100008,16.934934530000078],[101.54608841700008,16.93778461000005],[101.54663386700008,16.94002716500006],[101.54475004900007,16.941961509000066],[101.53992807800006,16.943956634000074],[101.53796070100009,16.94715480600007],[101.53503526200006,16.947974912000063],[101.53378812700004,16.948952118000022],[101.53427914200006,16.950548866000076],[101.53866445000006,16.953500590000033],[101.54096258300007,16.954249091000065],[101.54468262000006,16.958520185000054],[101.54665509000006,16.959332451000023],[101.54890247600008,16.96299512400003],[101.55073507400004,16.963830302000076],[101.55197402600004,16.963436855000054],[101.55518678000004,16.96839088300004],[101.55648809800005,16.971718619000058],[101.55803526400007,16.973917607000033],[101.55730823200008,16.97709610000004],[101.55794395100008,16.978469433000043],[101.55736374300005,16.98287526200005],[101.55763622800004,16.985481653000022],[101.56043131600006,16.984794298000054],[101.56114200900004,16.986441266000043],[101.56281103200007,16.987052266000035],[101.56255347700005,16.989444633000062],[101.56320644900006,16.989817724000034],[101.56122209000006,16.99296220800005],[101.55955919900003,16.994073238000055],[101.55701383500008,16.993162506000033],[101.55447286900005,16.994678753000073],[101.55163772700007,16.99473144600006],[101.54958148600008,16.99705744000005],[101.54686906400008,17.00171243500006],[101.54668540800009,17.004203516000075],[101.54591136900007,17.005718123000065],[101.54575300600004,17.00823630900004],[101.54468886700005,17.009377458000074],[101.54413768100005,17.01356071200007],[101.54496567200005,17.015210610000054],[101.54237439100007,17.016855074000034],[101.54023929700008,17.01978191200004],[101.53778230800003,17.02098885600003],[101.53600198400005,17.022734968000066],[101.53449264800008,17.022281362000058],[101.53359369800006,17.02319238000007],[101.53162767000003,17.02266889200007],[101.52815325000006,17.020749498000043],[101.52617312300004,17.02082438800005],[101.52053921000004,17.019220623000024],[101.51847122500004,17.016873514000054],[101.51801267500008,17.01513544100004],[101.51263778900005,17.01372673700007],[101.50802686200007,17.013145833000067],[101.50427930500007,17.010135199000047],[101.50018350700009,17.00953992500007],[101.49689284500005,17.00720555600003],[101.49390900200007,17.00672879600006],[101.49189369100009,17.00526072300005],[101.48994176500008,17.00566319400002],[101.48761388600008,17.004687708000063],[101.48337924300006,17.00643921900007],[101.47704512200005,17.006920819000072],[101.47353264400004,17.005944905000035],[101.47282053700008,17.00523043000004],[101.47064069800007,17.005262685000048],[101.46870676700007,17.006505049000054],[101.46697851900007,17.005965480000043],[101.46521631900004,17.006917147000024],[101.46201474600008,17.006313814000066],[101.45575156100006,17.006175991000077],[101.45081638300007,17.007540808000044],[101.45038762900003,17.008747966000044],[101.44444376400008,17.01257392200006],[101.44251140200004,17.012971709000055],[101.43759708500005,17.011724005000076],[101.43369745300004,17.011087764000024],[101.43235127300005,17.011759638000058],[101.42757564800007,17.01181770900007],[101.42676808000004,17.00988210500003],[101.42962073900009,17.009216636000076],[101.43185652400007,17.00818631900006],[101.43261702500007,17.006783450000057],[101.43253706100006,17.004798278000067],[101.43156934500007,17.001911600000028],[101.43032811700004,16.99996999500007],[101.43164790200007,16.998427484000047],[101.43119424700006,16.996542736000038],[101.43022333800008,16.995845512000074],[101.43059610400007,16.994127907000063],[101.43007127900006,16.99008836300004],[101.43052545200004,16.988773086000037],[101.43390804200004,16.987531193000052],[101.43362616100006,16.985211167000045],[101.43465608900004,16.982577157000037],[101.43343606000008,16.97993186900004],[101.43241796200005,16.979746345000024],[101.43103237400004,16.977256745000034],[101.43081007000006,16.975414390000026],[101.43153144400009,16.974006657000075],[101.42957966000006,16.972501452000074],[101.42908024200005,16.971152697000036],[101.42963860700007,16.96925998000006],[101.42921573600006,16.966608029000042],[101.42623544000008,16.964137148000077],[101.42571700100007,16.960283012000048],[101.42282122800003,16.956088265000062],[101.42330502100003,16.95396910000005],[101.42252766900003,16.951965710000025],[101.42341304600006,16.949700851000046],[101.42639209600009,16.94668426000004],[101.42585830800004,16.94164900800007],[101.42363164800008,16.938993933000063],[101.42208513100007,16.93838869900003],[101.41937600200004,16.93588826000007],[101.41942875200004,16.933603942000047],[101.41694172500007,16.93170539500005],[101.42246232300005,16.932559604000062],[101.42393873700007,16.93175302700007],[101.42471019100009,16.929429655000035],[101.42581486300008,16.928285777000042],[101.42482602300004,16.921485742000073],[101.42559190900005,16.91859104100007],[101.42523990500007,16.91513589300007],[101.42316431900008,16.91390203900005],[101.42093663900005,16.910644681000065],[101.42209235100006,16.90895045700006],[101.42208145400008,16.906742374000032],[101.42325099900006,16.905066711000075],[101.42416331900006,16.900592849000077],[101.42399901900006,16.894159256000023],[101.42207730000007,16.894494515000076],[101.42287529200007,16.892646128000024],[101.42081448900007,16.892065237000054],[101.41961964300003,16.890209837000043],[101.41339105400004,16.886817654000026],[101.40837469900003,16.886647305000054],[101.40745499300004,16.88568674100003]]]},"properties":{"Shape_Leng":0.69948430596,"Shape_Area":0.0159663101791,"ADM3_EN":"Lak Dan","ADM3_TH":"หลักด่าน","ADM3_PCODE":"TH670902","ADM2_EN":"Nam Nao","ADM2_TH":"น้ำหนาว","ADM2_PCODE":"TH6709","ADM1_EN":"Phetchabun","ADM1_TH":"เพชรบูรณ์","ADM1_PCODE":"TH67","ADM0_EN":"Thailand","ADM0_TH":"ประเทศไทย","ADM0_PCODE":"TH"}},
{"type":"Feature","geometry":{"type":"Polygon","coordinates":[[[101.44030041100007,16.825342443000068],[101.44217677200004,16.823382002000073],[101.44302979100007,16.823467047000065],[101.44446240300005,16.825922897000055],[101.44687384500008,16.82766411800003],[101.44890996700008,16.827378753000062],[101.45032249500008,16.82613676400007],[101.45243124600006,16.82754636800007],[101.45245561400009,16.82984426400003],[101.45389216400008,16.82871410300004],[101.45534787000008,16.82907160700006],[101.45603686100009,16.83061655100005],[101.45731683900004,16.831091627000035],[101.45828874200004,16.828971151000076],[101.46059913000005,16.829571112000053],[101.46105606500004,16.828055005000067],[101.46321497000008,16.831078599000023],[101.46436846600005,16.831501865000064],[101.46681063900007,16.834054440000045],[101.46743842400008,16.83648479200002],[101.47082545300003,16.839565468000046],[101.47352589400003,16.839521492000074],[101.47524359600004,16.840659492000043],[101.47576245100004,16.842553628000076],[101.47985117600007,16.844621981000046],[101.48077837700004,16.84549540000006],[101.48018103700008,16.850125856000034],[101.48033549400009,16.85523021000006],[101.48246838100005,16.857781015000057],[101.48262349600009,16.859189693000076],[101.48556854600008,16.859188940000024],[101.48810546400006,16.860195262000047],[101.49169983500008,16.860167390000072],[101.49655999200007,16.85754040100005],[101.49974321800005,16.858483294000052],[101.50240607600006,16.85824393100006],[101.50375117800007,16.857538900000065],[101.50379321800006,16.856017698000073],[101.50566888000009,16.855109370000037],[101.50515983600008,16.852939451000054],[101.50736658000005,16.85201048500005],[101.50692623000003,16.848248926000053],[101.50943378900007,16.843168008000077],[101.50967691200003,16.841128097000023],[101.51306033100008,16.838287364000053],[101.51386322600007,16.836092868000037],[101.51308887200008,16.832218460000036],[101.51392609700008,16.829810309000038],[101.51643794500006,16.828934926000045],[101.51403966300006,16.826447760000065],[101.51621268500008,16.824360640000066],[101.51600606500006,16.822534446000077],[101.51686755000009,16.821372686000075],[101.51640906100005,16.81921863900004],[101.51799990700005,16.81852672200006],[101.51787025400006,16.815426140000056],[101.51835959200008,16.813674837000065],[101.51972153900005,16.812032932000022],[101.51914987100008,16.808932796000022],[101.52408779400008,16.810084327000027],[101.52512059400004,16.811546686000042],[101.52613935700003,16.81600197000006],[101.53004235500003,16.822168271000066],[101.53067024500007,16.824340385000028],[101.52866196700006,16.828311205000034],[101.53275338100008,16.83151901100007],[101.53293050900004,16.834929040000077],[101.53162890000004,16.83801985300005],[101.53184193100009,16.839251696000076],[101.53331349200005,16.840830021000045],[101.53365721900008,16.843567332000077],[101.53229944000009,16.846143089000066],[101.53231900600008,16.847613082000066],[101.53672217600007,16.852414293000038],[101.53901149400008,16.85385619300007],[101.54060092700007,16.855538865000028],[101.54378921100005,16.85680704400005],[101.54636078900006,16.85960723200003],[101.55250431900004,16.86375533100005],[101.55527751100004,16.865014607000035],[101.55986986500005,16.866229014000055],[101.56884578200004,16.867829269000026],[101.57400151600007,16.869804862000024],[101.57609382100009,16.871500235000042],[101.57944319700005,16.87188979800004],[101.58585115400007,16.87100977500006],[101.58827106600006,16.871675624000034],[101.59435183600004,16.875255202000062],[101.59781560900007,16.877667606000045],[101.60152267800004,16.878765758000043],[101.60479958300004,16.878862866000077],[101.60617518000004,16.876609071000075],[101.61143886300005,16.870010539000077],[101.61189020300009,16.867049958000052],[101.61472219700005,16.864490527000044],[101.61479890200008,16.865987696000047],[101.61619651800004,16.866718933000072],[101.61882802900004,16.866306853000026],[101.62146693900007,16.864693362000025],[101.62481662200008,16.865123114000028],[101.62632965600005,16.86322626200007],[101.62892278700008,16.86368598000007],[101.63016679200007,16.862559643000054],[101.63493609300008,16.860154003000048],[101.63593497100004,16.858777803000066],[101.63958664200004,16.857051385000034],[101.64102229700006,16.85589333400003],[101.64309750300004,16.855513736000034],[101.64220785600008,16.853886234000072],[101.64259332600005,16.852518038000028],[101.64379329800005,16.85356693600005],[101.64585149000004,16.853981945000044],[101.64625759900008,16.85237245600007],[101.64853689700004,16.851785686000028],[101.64828228200008,16.851073944000063],[101.64472872800008,16.84795090600005],[101.64417647100004,16.84646295700003],[101.64580857300007,16.84278041600004],[101.64533081300004,16.840732897000066],[101.64361858400008,16.839494555000044],[101.64231003000003,16.837679765000075],[101.64109168600004,16.834394837000048],[101.63906766600007,16.831291634000024],[101.63924775900006,16.830290968000043],[101.64158764600006,16.828546725000024],[101.64774551700003,16.82279752000005],[101.65028040000004,16.821259603000044],[101.65303377900005,16.81860364000005],[101.65682794500003,16.816177950000053],[101.66353180700008,16.81280042000003],[101.66941175600004,16.809537000000034],[101.67210006200008,16.808392970000057],[101.68457636000005,16.799368017000063],[101.68638246800003,16.79848012100007],[101.69424196200004,16.80608840800005],[101.69965438300005,16.809319079000034],[101.70051486200003,16.809500238000055],[101.70698402000005,16.806387949000055],[101.71319833200005,16.802122363000024],[101.71858383000006,16.799768870000037],[101.71905451100008,16.800179986000046],[101.71973094000003,16.804544596000028],[101.72159090200006,16.805872790000024],[101.72177014000005,16.807460882000044],[101.71843596000008,16.808565310000063],[101.71810727900004,16.809474575000024],[101.71962017700008,16.812082487000055],[101.71877720900005,16.815525940000043],[101.71715329900007,16.817115029000036],[101.71273794600006,16.820285758000068],[101.70891764700008,16.82259848700005],[101.70640977900007,16.826443204000043],[101.70705344200007,16.829327744000068],[101.70511555800005,16.83043264300005],[101.70095002500005,16.82850090100004],[101.69908289200004,16.829354214000034],[101.70084884700003,16.831628353000042],[101.69928310200004,16.83410475200003],[101.69771465800005,16.835450439000056],[101.69358881200009,16.834986644000026],[101.69111895600008,16.83931519600003],[101.68991583100006,16.84247487400006],[101.69089567800006,16.843636613000058],[101.69081221000005,16.848473168000055],[101.69005086500005,16.84900417500006],[101.68855515200005,16.847611534000066],[101.68812445900005,16.845345706000046],[101.68542389100008,16.846683635000034],[101.68450903600007,16.85147166300004],[101.68692347100006,16.85648423400005],[101.68861709400005,16.857840133000025],[101.68482620500004,16.85908524900003],[101.68363139900003,16.857588984000074],[101.68137977900005,16.85733050600004],[101.67875965800005,16.861424141000043],[101.67952001900005,16.86517278900004],[101.67697594300006,16.867093044000057],[101.67777224900004,16.86789760100004],[101.68133317200005,16.868408910000028],[101.68402063300005,16.86832488300007],[101.68364997300006,16.869491759000027],[101.68103741700008,16.869965570000033],[101.67983288800008,16.872210262000067],[101.68025686900006,16.873117363000063],[101.68254399800009,16.873419074000026],[101.68361362900004,16.87428943200007],[101.68336185900006,16.87914648700007],[101.68273251700003,16.880715235000025],[101.68030884500007,16.883230407000042],[101.67870775100005,16.883302065000066],[101.67914064500007,16.888371719000077],[101.68092680600006,16.891483621000077],[101.68150080200007,16.896156190000056],[101.68247674300005,16.89769275200007],[101.68373038800007,16.89771744600006],[101.68499957500006,16.899510660000033],[101.68455751700009,16.90114809100004],[101.68499235700006,16.90335902000004],[101.68348546300007,16.908250817000066],[101.68288212600004,16.91258231100005],[101.68379537600003,16.916052945000047],[101.68653412600008,16.919015134000063],[101.68516442800006,16.921194918000026],[101.68569554200008,16.923157762000073],[101.68746850500008,16.923966257000075],[101.68944249400005,16.92221269600003],[101.69210375000006,16.922716944000058],[101.69206484600005,16.923654381000063],[101.68929520000006,16.92487914800006],[101.68808692500005,16.926389560000075],[101.68848797500004,16.928216993000035],[101.68724834200003,16.931199469000035],[101.68863570400003,16.934270767000044],[101.69230551900006,16.936233366000067],[101.69174260100004,16.937049737000052],[101.68493519000003,16.936755360000063],[101.68002853500008,16.939359401000047],[101.67814587700008,16.941254627000035],[101.67541736200008,16.945577958000058],[101.67443257400004,16.949264480000068],[101.67268633300006,16.952154063000023],[101.67211725400006,16.954804315000047],[101.67256251300006,16.958673313000077],[101.66983505000007,16.960180372000025],[101.67082697500007,16.96395809300003],[101.67376028500007,16.96644659100002],[101.67290597400006,16.96916430600004],[101.67394010200007,16.970793470000046],[101.67517839600004,16.97124638100007],[101.67522211700003,16.97561931300004],[101.67336207900007,16.976688916000057],[101.67313989200005,16.97811046000004],[101.67191182900007,16.97815938900004],[101.66900869500006,16.979932576000067],[101.66832060800004,16.98119676500005],[101.66827130100006,16.984946036000053],[101.66630047800004,16.98746691200006],[101.66339557600008,16.990391915000032],[101.66220520700006,16.99315337200005],[101.65982317100008,16.995319634000055],[101.65865048900008,16.997802770000078],[101.65902542100008,16.999091487000044],[101.65443370400004,17.005902389000028],[101.65563021100007,17.009621999000046],[101.65497328100008,17.012475937000033],[101.65338993900008,17.013689491000036],[101.65300536000007,17.016080872000032],[101.65075352100007,17.017194957000072],[101.64870107800004,17.022400228000038],[101.64685006700006,17.02382801500005],[101.64775485700005,17.026661795000052],[101.64547730300006,17.028361791000066],[101.64531735500003,17.03014224700007],[101.64666780100004,17.03181715200003],[101.64589153500003,17.03357960900007],[101.64603013400006,17.035821725000062],[101.64723940100004,17.03618067900004],[101.65030234600005,17.040231599000037],[101.64941652400006,17.042337618000033],[101.64726452000008,17.039634869000054],[101.64477163800007,17.03918253200004],[101.64306676300004,17.040007256000024],[101.63873732100006,17.044089151000037],[101.63681514800004,17.044932415000062],[101.63657434400005,17.042644125000038],[101.63070853700003,17.04314729200007],[101.62863180300008,17.044988514000067],[101.62751108100008,17.039591545000064],[101.62432986800007,17.036786765000045],[101.62403218200006,17.034066581000047],[101.62139839400004,17.027805444000023],[101.62038833800005,17.02623402000006],[101.61874311400004,17.02590176900003],[101.61702913200008,17.023358245000054],[101.61596525000004,17.020017779000057],[101.61610130400004,17.017694473000063],[101.61709485400007,17.01515960300003],[101.61520263900007,17.011096162000058],[101.61264051700005,17.009008059000053],[101.61343972500003,17.00556044700005],[101.61297585800008,17.004288649000046],[101.61028537800007,17.001991331000056],[101.60821848900008,16.999377469000024],[101.60574893700004,16.99836271600003],[101.60032214200004,16.999905285000068],[101.59871754000005,16.99980237500006],[101.59768846100008,16.996673788000066],[101.59270117900007,16.995207640000046],[101.59109107900008,16.99586831000005],[101.58769999300006,16.99622767900007],[101.58684793900005,16.993523543000038],[101.58368671400007,16.991157233000024],[101.58332116900004,16.987878711000064],[101.58149129800006,16.986536714000067],[101.57992704900005,16.986445986000035],[101.57538113100009,16.983816817000047],[101.57248532400007,16.985414010000056],[101.56678222800008,16.98550395700005],[101.56407824400009,16.98824787600006],[101.56320644900006,16.989817724000034],[101.56255347700005,16.989444633000062],[101.56281103200007,16.987052266000035],[101.56114200900004,16.986441266000043],[101.56043131600006,16.984794298000054],[101.55763622800004,16.985481653000022],[101.55736374300005,16.98287526200005],[101.55794395100008,16.978469433000043],[101.55730823200008,16.97709610000004],[101.55803526400007,16.973917607000033],[101.55648809800005,16.971718619000058],[101.55518678000004,16.96839088300004],[101.55197402600004,16.963436855000054],[101.55073507400004,16.963830302000076],[101.54890247600008,16.96299512400003],[101.54665509000006,16.959332451000023],[101.54468262000006,16.958520185000054],[101.54096258300007,16.954249091000065],[101.53866445000006,16.953500590000033],[101.53427914200006,16.950548866000076],[101.53378812700004,16.948952118000022],[101.53503526200006,16.947974912000063],[101.53796070100009,16.94715480600007],[101.53992807800006,16.943956634000074],[101.54475004900007,16.941961509000066],[101.54663386700008,16.94002716500006],[101.54608841700008,16.93778461000005],[101.54419217100008,16.934934530000078],[101.54090864300008,16.932463750000068],[101.54047740100003,16.93141737700006],[101.54065965200004,16.92575484200006],[101.53894775000003,16.924306026000068],[101.53883774300004,16.92153127100005],[101.53448083400008,16.91999592700006],[101.53095506100004,16.916754774000026],[101.52751615900007,16.91575907200007],[101.51915875000009,16.911249945000066],[101.51504335400006,16.910628306000035],[101.51174571900003,16.909217556000044],[101.50858106800007,16.90884995400006],[101.50299289600008,16.90953866500007],[101.49921638400008,16.909565661000045],[101.49775795000005,16.909187675000055],[101.49382281500004,16.904981990000067],[101.49008973700006,16.89973624600003],[101.49124904300004,16.89722732200005],[101.49085269000005,16.89491989800007],[101.48947930200006,16.892913488000033],[101.48467469000008,16.887628765000045],[101.48120533000008,16.88649499400003],[101.47909136700008,16.88531550400006],[101.47911643500004,16.883321331000047],[101.48036373600007,16.881284890000074],[101.48146197900007,16.87727541000004],[101.48182696400005,16.87222180300006],[101.48049496000004,16.870612512000037],[101.47787447000007,16.869347334000054],[101.47568406300007,16.866972609000072],[101.47258340300004,16.865439881000043],[101.47288777800009,16.861589045000073],[101.47053761300003,16.86012286600004],[101.46908486500007,16.86052219000004],[101.46698655100005,16.85963338700003],[101.46564112600004,16.857499392000022],[101.46181724900003,16.856197374000033],[101.45947289000009,16.857168435000062],[101.45618433200008,16.855136721000065],[101.45369848700005,16.856176980000043],[101.45367672500004,16.85930128800004],[101.45262780500008,16.858532338000032],[101.45161711000009,16.85948599200003],[101.44639020700004,16.859054250000042],[101.44622458900005,16.85770053300007],[101.44353194900003,16.855904476000035],[101.44216160500008,16.855706748000046],[101.44202331200006,16.852987624000036],[101.43986062300007,16.852465713000072],[101.43635557400006,16.84919117900006],[101.43513259000008,16.848735445000045],[101.43336447000007,16.84654806800006],[101.43668497400006,16.843356666000034],[101.43746796400006,16.843876759000068],[101.43750734500009,16.841609234000032],[101.43536033000004,16.841555413000037],[101.43776961400005,16.840124848000073],[101.43775385500004,16.83731134100003],[101.43927972200004,16.835810923000054],[101.44064405200004,16.837343499000042],[101.44273495800007,16.837439017000065],[101.44272675500008,16.83493992900003],[101.44073766300005,16.832785496000042],[101.44248859800007,16.830348764000064],[101.44211511500004,16.82888739300006],[101.44078699900007,16.82819874000006],[101.44093321800005,16.82589985000004],[101.44030041100007,16.825342443000068]]]},"properties":{"Shape_Leng":1.30402638916,"Shape_Area":0.026667652509,"ADM3_EN":"Wang Kwang","ADM3_TH":"วังกวาง","ADM3_PCODE":"TH670903","ADM2_EN":"Nam Nao","ADM2_TH":"น้ำหนาว","ADM2_PCODE":"TH6709","ADM1_EN":"Phetchabun","ADM1_TH":"เพชรบูรณ์","ADM1_PCODE":"TH67","ADM0_EN":"Thailand","ADM0_TH":"ประเทศไทย","ADM0_PCODE":"TH"}},
{"type":"Feature","geometry":{"type":"Polygon","coordinates":[[[101.60379474900009,16.707034770000064],[101.60468273700008,16.706164830000034],[101.60809642800007,16.70002075600007],[101.61145377000008,16.695564595000064],[101.61386869300009,16.690919138000027],[101.61886921000007,16.685437037000042],[101.62127933400006,16.68473454100007],[101.62355752200006,16.68488354300007],[101.62534445100005,16.68359597700004],[101.62737273700009,16.683312905000037],[101.63031081700007,16.684207032000074],[101.63151411100006,16.682485245000066],[101.63373812200007,16.680977994000045],[101.63623914400006,16.68056436200004],[101.63981910600006,16.681363286000078],[101.64082312800008,16.682509336000066],[101.64598156700004,16.683307284000023],[101.64980234200004,16.68691234000005],[101.65269529300008,16.686773068000036],[101.65314605400005,16.688122816000032],[101.65640886200003,16.68883293500005],[101.65802696600008,16.687647525000045],[101.66169785700004,16.688643479000064],[101.66402283000008,16.688519063000058],[101.66543523600006,16.687652471000035],[101.66617431500003,16.688290814000027],[101.66646056600007,16.686572973000068],[101.66526226700006,16.685566477000066],[101.66795796700006,16.685633919000054],[101.66826003700004,16.686497709000037],[101.67046488900007,16.68550516600004],[101.67083427400007,16.68746906900003],[101.67202014000009,16.687866385000063],[101.67296080300008,16.68674360700004],[101.67361492000003,16.688032813000063],[101.67480770000009,16.686482569000077],[101.67582830400005,16.68765520100004],[101.67843459600005,16.688196060000053],[101.67879891200005,16.68605879200004],[101.67836478900006,16.684479460000034],[101.68016986100008,16.68495162800002],[101.68142343400007,16.688051290000033],[101.68243334600004,16.688024702000064],[101.68461267400005,16.685497541000075],[101.68625665400003,16.684461987000077],[101.68785295100008,16.68659885900007],[101.69150464600006,16.683934883000063],[101.69294840800006,16.684176404000027],[101.69467834500006,16.682998918000067],[101.69458242600007,16.68129375700005],[101.69633562900003,16.680208512000036],[101.69920707400007,16.679978263000066],[101.69749694400008,16.67842913100003],[101.69805095400005,16.677423128000044],[101.69991808000003,16.677473977000034],[101.70083291900005,16.679370901000027],[101.70166221300008,16.67902265300006],[101.70116861100007,16.67635284200003],[101.70291303400006,16.674079934000076],[101.70232467000005,16.671214692000035],[101.70267436200004,16.668909859000053],[101.70369934000007,16.668539766000038],[101.70644888300006,16.67045766500007],[101.70791430100007,16.668408189000047],[101.70777884700004,16.666245143000026],[101.70870320300008,16.66583393800005],[101.71064961900004,16.666836642000078],[101.71122795300005,16.665079304000074],[101.71338852900004,16.66212523200005],[101.71481877800005,16.661000457000057],[101.71688658100004,16.66062253700005],[101.71696306600006,16.656971602000056],[101.71872988800004,16.657158598000024],[101.71891533800004,16.656126545000063],[101.72114564800006,16.655002102000026],[101.72358129400004,16.652558033000048],[101.72503967800009,16.652012484000068],[101.72800786200008,16.652717692000067],[101.73110697500005,16.652780991000043],[101.73210550800007,16.65408279600007],[101.73097154300007,16.657757272000026],[101.73241983100007,16.65861354200007],[101.73470682200008,16.65880895400005],[101.73605218200004,16.65973981700006],[101.73647360700005,16.661384698000063],[101.73752657200004,16.662007051000046],[101.73863709100004,16.66034771300002],[101.74128565900008,16.660650098000076],[101.74295006700004,16.665391398000054],[101.74268322300009,16.66687827000004],[101.74391776200008,16.669476399000075],[101.74584642100007,16.669689910000045],[101.75081508500006,16.66781867800006],[101.75230771800005,16.669233391000034],[101.75232677000008,16.67224237100004],[101.75043114800008,16.672079578000023],[101.75122420100007,16.67329819300005],[101.74963562200008,16.674254898000072],[101.75024423900004,16.67663424600005],[101.75356879700007,16.677816750000034],[101.75504818900004,16.67737659900007],[101.75755735200005,16.678208479000034],[101.76474103200007,16.679209489000073],[101.76702277700008,16.68048911900007],[101.76803427900006,16.68268146500003],[101.76980750300004,16.685082978000025],[101.77196985600006,16.685968055000046],[101.77269428000005,16.68841404500006],[101.77147861900005,16.690483877000077],[101.77325529000007,16.692239375000042],[101.77350105300007,16.696123774000057],[101.77428143200007,16.69718576100007],[101.77148319100007,16.702191824000067],[101.77278199000006,16.703138711000065],[101.77525361700003,16.70287703300005],[101.77552527900008,16.70493909700002],[101.77662957600006,16.70686200700004],[101.77585552700003,16.710066943000072],[101.77615772300004,16.71227026500003],[101.77950663100006,16.712979303000054],[101.77897547200007,16.715925053000035],[101.78121090600007,16.717352839000057],[101.78129622800009,16.71931227600004],[101.78304439500005,16.721473243000048],[101.78729252800008,16.721880932000033],[101.78801045400007,16.725752422000028],[101.78724377200007,16.726516847000028],[101.79111277600003,16.72644629000007],[101.79174969200005,16.72816974400007],[101.79074562300008,16.729568056000062],[101.79041757500005,16.731793562000064],[101.78958649200007,16.732695962000037],[101.79048073300004,16.733524775000035],[101.78988194400006,16.735397473000035],[101.78765464100007,16.738133076000054],[101.78983303700005,16.738227018000032],[101.78819270700006,16.740232626000022],[101.78642575700007,16.741362465000066],[101.78674328500006,16.74308099500007],[101.78965515300007,16.74284662200006],[101.78920029100004,16.74408287500006],[101.79080920000007,16.744970633000037],[101.78999011900004,16.746729850000065],[101.79268457700005,16.74858888400007],[101.79347922900007,16.750880221000045],[101.79274690600005,16.757205629000055],[101.79309607200008,16.763740489000043],[101.79384643600008,16.766099112000063],[101.79681467000006,16.768788898000025],[101.79300038900004,16.76629199300004],[101.78964839900004,16.765457370000036],[101.78524598900003,16.76217815700005],[101.77940893600004,16.761335821000046],[101.77448794400004,16.759877021000023],[101.76950760300008,16.76055571300003],[101.76699673800005,16.75923599300006],[101.76472030100007,16.75692431400006],[101.76145226700004,16.756076927000038],[101.75837843400006,16.755855043000054],[101.75363048300005,16.756343797000056],[101.74910799500009,16.756485147000035],[101.74505147100007,16.757217592000075],[101.74318899500008,16.756321008000043],[101.73950100200005,16.75540599900006],[101.73456731200008,16.75460272500004],[101.73391808000008,16.751706999000078],[101.73283821600006,16.750634193000053],[101.73219217700006,16.748359851000032],[101.72841343100004,16.745956213000056],[101.72305587800008,16.744410439000035],[101.71827107200005,16.74123458100007],[101.71666373400006,16.738919934000023],[101.71484690500006,16.737667180000074],[101.70864054700007,16.73232964600004],[101.70467699300008,16.73046372300007],[101.69840433000007,16.72866859800007],[101.69385582600006,16.725412108000057],[101.68669628400005,16.726023088000034],[101.68217654700004,16.726049869000065],[101.67872697700005,16.724840593000067],[101.67434731200007,16.726265116000036],[101.67304810700006,16.727235068000027],[101.66645506700007,16.729642134000073],[101.65992504800005,16.731274477000056],[101.65793131400005,16.730500290000066],[101.65538175700004,16.730674790000023],[101.64975526600006,16.727302249000047],[101.64679255800007,16.72709498100005],[101.64459731100004,16.72892369500005],[101.64225933200004,16.72882032900003],[101.63878511300004,16.727694579000058],[101.63413672400009,16.727478034000058],[101.63155167300005,16.725950155000078],[101.62734998500008,16.725889103000043],[101.62454400800004,16.723847075000037],[101.62195475700008,16.72365578800003],[101.61896840500003,16.721918161000076],[101.60790661900006,16.710201725000047],[101.60317642700005,16.707558219000077],[101.60379474900009,16.707034770000064]]]},"properties":{"Shape_Leng":0.628978189797,"Shape_Area":0.01043648817,"ADM3_EN":"Khok Mon","ADM3_TH":"โคกมน","ADM3_PCODE":"TH670904","ADM2_EN":"Nam Nao","ADM2_TH":"น้ำหนาว","ADM2_PCODE":"TH6709","ADM1_EN":"Phetchabun","ADM1_TH":"เพชรบูรณ์","ADM1_PCODE":"TH67","ADM0_EN":"Thailand","ADM0_TH":"ประเทศไทย","ADM0_PCODE":"TH"}},
{"type":"Feature","geometry":{"type":"Polygon","coordinates":[[[100.86430827800007,16.33154797000003],[100.86437115800004,16.335489352000025],[100.86507599300006,16.336969295000074],[100.86692129900007,16.33857956600002],[100.86822781700005,16.34099094800007],[100.87105950500006,16.344613925000033],[100.87193343400008,16.34945106400005],[100.87002293400008,16.350416005000056],[100.86964211800006,16.35298355900005],[100.86489110300005,16.354257546000042],[100.86399258300008,16.357729728000038],[100.86264490900004,16.35975613100004],[100.86205350200004,16.362569312000062],[100.86065552600007,16.36406928100007],[100.86043115300004,16.36928208200004],[100.85853952100007,16.371662849000074],[100.85494384000003,16.37084054500002],[100.85484235300004,16.369515087000025],[100.85257673400008,16.367712488000052],[100.85177631500005,16.367924776000052],[100.85259091900008,16.37445193600007],[100.85364570500008,16.377425840000058],[100.85601052000004,16.380928245000064],[100.85606783800006,16.382843265000076],[100.85493856000005,16.390765972000054],[100.85401471900008,16.393764495000028],[100.84961815600008,16.395633641000074],[100.84816784600008,16.397062525000024],[100.84820868700007,16.399846634000028],[100.84597849600004,16.404359630000044],[100.84117704400006,16.40822254400007],[100.83815374500006,16.40558941000006],[100.83716790200003,16.402909737000073],[100.83386109300005,16.398733097000047],[100.82902843200009,16.39475950900004],[100.82782446500005,16.392185324000025],[100.82580610900004,16.391314974000068],[100.82454444900009,16.389889700000026],[100.78848757100008,16.37263045700007],[100.78916643700006,16.371064502000024],[100.78582739100005,16.36913185700007],[100.78537284200007,16.36720784700003],[100.78264224900005,16.365592767000066],[100.78115488700007,16.36286070600005],[100.77782253900006,16.362255522000055],[100.77553454200006,16.359255157000064],[100.77461489000007,16.356564798000022],[100.77195671600003,16.358581370000024],[100.76626451600004,16.35582682100005],[100.76640089700004,16.354423559000054],[100.76454538200005,16.353000930000064],[100.75834973500008,16.351731922000056],[100.75679944000007,16.35017861500006],[100.75742775900005,16.347435595000036],[100.75728962200009,16.345497214000034],[100.75568091500008,16.342352275000053],[100.75530495200007,16.34044692300006],[100.75291596100004,16.337422703000072],[100.75140226000008,16.33335581600005],[100.74993838900008,16.332774606000044],[100.74984554600007,16.33101332700005],[100.75084678700006,16.330184819000067],[100.74755356600008,16.325634352000066],[100.74831164600005,16.325313160000064],[100.74820567000006,16.320660806000035],[100.74947634200004,16.319643537000047],[100.75012702900005,16.32066382100004],[100.75381014400006,16.319423243000074],[100.75350698000005,16.31791609100003],[100.75205208100004,16.318155630000035],[100.75259847000007,16.31678031000007],[100.75611728900009,16.316813468000078],[100.75697057600007,16.319467409000026],[100.75824691000008,16.319072323000057],[100.75992350600006,16.320082912000032],[100.76230119600007,16.318843267000034],[100.76137304000008,16.31784657700007],[100.76434951200008,16.316672363000066],[100.76580177500006,16.318173993000073],[100.76503543100006,16.319230341000036],[100.76632542200008,16.320602804000032],[100.76763717000006,16.32041939000004],[100.76849316300007,16.31919374000006],[100.76859922400007,16.317087324000056],[100.76939740300008,16.31875948800007],[100.77046140100003,16.318460536000032],[100.77072397000006,16.317024382000056],[100.77204011300006,16.316057466000075],[100.77359991800006,16.313281193000023],[100.77349386900005,16.31125177900003],[100.77260678300007,16.308290646000046],[100.77148784300005,16.307066096000028],[100.77139072400007,16.30505661500007],[100.77340705400007,16.30459347900006],[100.77613210000004,16.300987733000056],[100.77751396800005,16.300339948000044],[100.78128312600006,16.300386123000067],[100.78886630100004,16.30108049200004],[100.79131221800009,16.302588538000066],[100.79375089800004,16.302421045000074],[100.79388098000004,16.301781559000062],[100.79658994900007,16.300992654000027],[100.79978244700004,16.301173473000063],[100.80041620600008,16.300008825000077],[100.80712653000006,16.301501271000063],[100.80778934700004,16.30350902500004],[100.81500858400005,16.305922245000033],[100.81696725700004,16.307088790000023],[100.81886344900005,16.305068838000068],[100.82389312800007,16.30664554200007],[100.82434699900006,16.30728626000007],[100.82837372600005,16.307726437000042],[100.82704198800008,16.311868719000074],[100.83036674600004,16.31520728600003],[100.83448826200004,16.316375961000062],[100.83626554000006,16.314816790000066],[100.84557410700006,16.31435519200005],[100.84718851200006,16.314907895000033],[100.84749068100007,16.31672485400003],[100.84928749300008,16.317951750000077],[100.85235203000008,16.31919175300004],[100.85643896700009,16.324297367000042],[100.85694261400005,16.328024981000056],[100.85948594300004,16.329461468000034],[100.86207544600006,16.329822377000028],[100.86430827800007,16.33154797000003]]]},"properties":{"Shape_Leng":0.445983261471,"Shape_Area":0.00750594189518,"ADM3_EN":"Wang Pong","ADM3_TH":"วังโป่ง","ADM3_PCODE":"TH671001","ADM2_EN":"Wang Pong","ADM2_TH":"วังโป่ง","ADM2_PCODE":"TH6710","ADM1_EN":"Phetchabun","ADM1_TH":"เพชรบูรณ์","ADM1_PCODE":"TH67","ADM0_EN":"Thailand","ADM0_TH":"ประเทศไทย","ADM0_PCODE":"TH"}},
{"type":"Feature","geometry":{"type":"Polygon","coordinates":[[[100.75530495200007,16.34044692300006],[100.75319914700003,16.34058678200006],[100.75178462000008,16.34242568600007],[100.74899326600007,16.339717545000042],[100.74713210800007,16.340844162000053],[100.74427992100004,16.341054925000037],[100.74395438400006,16.33973581500004],[100.74275807600009,16.339677782000024],[100.73906690800004,16.337789331000067],[100.73669541400005,16.337834327000053],[100.73210820600008,16.335140655000032],[100.72815758200005,16.334885779000047],[100.72576747800008,16.33681408600006],[100.72143259600006,16.333207886000025],[100.71678703600008,16.33358646000005],[100.71635174100004,16.33208801400002],[100.71386748100008,16.330154899000036],[100.70796568500003,16.331330931000025],[100.70536894300005,16.328490171000055],[100.70184740000008,16.328234777000034],[100.70038760900007,16.326672209000037],[100.69749458200005,16.327139354000053],[100.69307455700005,16.326575509000065],[100.69158564900005,16.325607654000066],[100.68637450500006,16.32721798400007],[100.68403550000005,16.323632647000068],[100.67937995900007,16.323688295000068],[100.67467405300005,16.325637586000028],[100.67141818200008,16.326423530000056],[100.67099817300004,16.324937361000025],[100.66563200700006,16.32435948500006],[100.66231926500006,16.32469575500005],[100.66228092000006,16.322496398000055],[100.66128169000007,16.321000465000054],[100.65807164000006,16.32047102000007],[100.65516888200005,16.321227417000046],[100.65146167000006,16.320812990000036],[100.65235249800008,16.31813838900007],[100.65230121800005,16.31430270800007],[100.64999814300006,16.311320788000046],[100.64925839500006,16.309510028000034],[100.65038459700008,16.305410334000044],[100.64996857200003,16.298938527000075],[100.65061147500006,16.29540491000006],[100.65267840800004,16.28969068200007],[100.65446950900008,16.288241782000057],[100.65621079700009,16.284132102000058],[100.65847927900006,16.282128904000047],[100.66505335000005,16.279845566000063],[100.67005235800008,16.27885530900005],[100.67117771400007,16.276432948000036],[100.67034925900003,16.275693379000074],[100.67096027600007,16.273212845000046],[100.67288259400004,16.27182980300006],[100.67847673000006,16.271036356000025],[100.67981514200005,16.27274347100007],[100.68002113500006,16.274504098000023],[100.68109180900007,16.275704375000032],[100.68444364600003,16.27561409900005],[100.68696765500005,16.27885130900006],[100.68966364900007,16.280623872000035],[100.69131933200003,16.280903288000047],[100.69338175800004,16.284061387000065],[100.69556297000008,16.284171150000077],[100.69646340900005,16.285474496000063],[100.69588777000007,16.288240185000063],[100.69699199100006,16.289490989000058],[100.69761739600006,16.291744446000052],[100.69944624000004,16.292398898000044],[100.70015727400005,16.29079664300002],[100.70478538700007,16.291430814000023],[100.70759447900008,16.292389833000072],[100.71363302700007,16.293429376000063],[100.71846521800006,16.293856554000058],[100.71741271200005,16.297885627000028],[100.71945671800006,16.298329270000067],[100.71946029100008,16.299793672000078],[100.72097915300009,16.300343896000072],[100.72086517200006,16.303525353000055],[100.72242776400009,16.30446960000006],[100.72555381300003,16.30502974500007],[100.72639668700003,16.306379004000064],[100.72837429700007,16.306496582000022],[100.73145241100008,16.308436131000065],[100.73542204300009,16.31170472900004],[100.73614956100005,16.311003627000048],[100.74022793700004,16.31146657000005],[100.74123225800008,16.31221246000007],[100.74261208600007,16.31142275700006],[100.74733505500006,16.311864144000026],[100.75058443900008,16.31004709000007],[100.75600494500009,16.311113216000024],[100.75832975000009,16.31127368500006],[100.75953205200005,16.313641567000047],[100.76266550800005,16.314382832000035],[100.76388412000006,16.314064682000037],[100.76722327000004,16.31554641200006],[100.76932174800004,16.315399308000053],[100.77204011300006,16.316057466000075],[100.77072397000006,16.317024382000056],[100.77046140100003,16.318460536000032],[100.76939740300008,16.31875948800007],[100.76859922400007,16.317087324000056],[100.76849316300007,16.31919374000006],[100.76763717000006,16.32041939000004],[100.76632542200008,16.320602804000032],[100.76503543100006,16.319230341000036],[100.76580177500006,16.318173993000073],[100.76434951200008,16.316672363000066],[100.76137304000008,16.31784657700007],[100.76230119600007,16.318843267000034],[100.75992350600006,16.320082912000032],[100.75824691000008,16.319072323000057],[100.75697057600007,16.319467409000026],[100.75611728900009,16.316813468000078],[100.75259847000007,16.31678031000007],[100.75205208100004,16.318155630000035],[100.75350698000005,16.31791609100003],[100.75381014400006,16.319423243000074],[100.75012702900005,16.32066382100004],[100.74947634200004,16.319643537000047],[100.74820567000006,16.320660806000035],[100.74831164600005,16.325313160000064],[100.74755356600008,16.325634352000066],[100.75084678700006,16.330184819000067],[100.74984554600007,16.33101332700005],[100.74993838900008,16.332774606000044],[100.75140226000008,16.33335581600005],[100.75291596100004,16.337422703000072],[100.75530495200007,16.34044692300006]]]},"properties":{"Shape_Leng":0.414235064185,"Shape_Area":0.003892214709,"ADM3_EN":"Thai Dong","ADM3_TH":"ท้ายดง","ADM3_PCODE":"TH671002","ADM2_EN":"Wang Pong","ADM2_TH":"วังโป่ง","ADM2_PCODE":"TH6710","ADM1_EN":"Phetchabun","ADM1_TH":"เพชรบูรณ์","ADM1_PCODE":"TH67","ADM0_EN":"Thailand","ADM0_TH":"ประเทศไทย","ADM0_PCODE":"TH"}},
{"type":"Feature","geometry":{"type":"Polygon","coordinates":[[[100.98481401600009,16.37796428300004],[100.98224343500004,16.38126530900007],[100.98019305600008,16.38235042100007],[100.97791372800003,16.382541398000058],[100.97461119200005,16.381908561000046],[100.97124547500005,16.38269388300006],[100.96857115200004,16.384692246000043],[100.96685476400006,16.385225079000065],[100.96502552100009,16.386793184000055],[100.96353017900009,16.38974656700003],[100.96104013600007,16.39127847800006],[100.95903099500003,16.391348360000052],[100.95546110400005,16.39007674800007],[100.95375335600005,16.39004684400004],[100.95032736900004,16.391314814000054],[100.94780696500004,16.393032196000036],[100.94538010100007,16.393979113000057],[100.94185774400006,16.394130571000062],[100.94014937900005,16.395773458000065],[100.93912211300005,16.39818497600004],[100.93672321900004,16.400133006000033],[100.93154691500007,16.40055810800004],[100.92986011100004,16.40151415200006],[100.92905143400009,16.40346668600006],[100.92903200100005,16.406869251000046],[100.92702522100006,16.40915672500006],[100.92278919600005,16.411958757000036],[100.91978198800007,16.412249725000038],[100.91513203300008,16.410379504000048],[100.90896325600005,16.411149218000048],[100.90781073800008,16.413010392000047],[100.90609013800008,16.41927967400005],[100.90461741900003,16.42244690700005],[100.90205283500006,16.42515604500005],[100.89773365700006,16.42730474600006],[100.89557828800008,16.42973435700003],[100.89207032200005,16.436482174000048],[100.88942048900009,16.438130916000034],[100.88581626600006,16.442658811000058],[100.88291166500005,16.444093132000035],[100.87859126500007,16.444213132000073],[100.87676191500003,16.44366080900005],[100.87172609000004,16.441207338000027],[100.86812183500007,16.437907110000026],[100.86681575000006,16.437554787000067],[100.86140493700003,16.438300628000036],[100.85476462900004,16.43776450000007],[100.85334476300005,16.434408381000026],[100.85030287400008,16.430476815000077],[100.84939408800005,16.427424470000062],[100.84927486200007,16.423596072000066],[100.85028642500004,16.42133667400003],[100.85192760200005,16.419248389000074],[100.84945426800004,16.417673480000076],[100.84783739200009,16.412892858000077],[100.84383018800008,16.410854336000057],[100.84117704400006,16.40822254400007],[100.84597849600004,16.404359630000044],[100.84820868700007,16.399846634000028],[100.84816784600008,16.397062525000024],[100.84961815600008,16.395633641000074],[100.85401471900008,16.393764495000028],[100.85493856000005,16.390765972000054],[100.85606783800006,16.382843265000076],[100.85601052000004,16.380928245000064],[100.85364570500008,16.377425840000058],[100.85259091900008,16.37445193600007],[100.85177631500005,16.367924776000052],[100.85257673400008,16.367712488000052],[100.85484235300004,16.369515087000025],[100.85494384000003,16.37084054500002],[100.85853952100007,16.371662849000074],[100.86043115300004,16.36928208200004],[100.86065552600007,16.36406928100007],[100.86205350200004,16.362569312000062],[100.86264490900004,16.35975613100004],[100.86399258300008,16.357729728000038],[100.86489110300005,16.354257546000042],[100.86964211800006,16.35298355900005],[100.87002293400008,16.350416005000056],[100.87193343400008,16.34945106400005],[100.87105950500006,16.344613925000033],[100.86822781700005,16.34099094800007],[100.86692129900007,16.33857956600002],[100.86507599300006,16.336969295000074],[100.86437115800004,16.335489352000025],[100.86430827800007,16.33154797000003],[100.86936711500005,16.330435399000066],[100.87053872800004,16.33055168100003],[100.87563989900008,16.329005877000043],[100.87889258900003,16.32911742600004],[100.88230939800007,16.330302716000062],[100.88459583200006,16.330569380000043],[100.88603959200003,16.32998819900007],[100.88958553800006,16.325902503000066],[100.89154873500007,16.326515663000066],[100.89435009800007,16.325252312000032],[100.89515942100007,16.32425200800003],[100.89862883500007,16.32304186700003],[100.89997422300007,16.321305171000063],[100.90389115000005,16.31907684400005],[100.90571766900007,16.319586043000072],[100.90892765800004,16.318879494000043],[100.90927796500006,16.319887505000054],[100.91266617600007,16.319451701000048],[100.91405867300006,16.316326299000025],[100.91601967700007,16.314330213000062],[100.91784500700004,16.31388900500002],[100.91796195300009,16.309823218000076],[100.91847074500004,16.308269078000023],[100.92012429100004,16.30623057300005],[100.92093998400009,16.302752027000054],[100.92263072800006,16.302290458000073],[100.92703023200005,16.303855200000044],[100.93123526700003,16.304628965000063],[100.93322477200007,16.305882609000037],[100.94206206400008,16.308623728000043],[100.94548009900006,16.311003183000025],[100.94892522300006,16.31054262600003],[100.95253399200004,16.311440080000068],[100.95412926000006,16.312981043000036],[100.95925337200003,16.31430021500006],[100.96039556500006,16.31536752200003],[100.96390106100006,16.317577050000068],[100.96554580900005,16.31754113200003],[100.96661538900008,16.319223715000078],[100.97102358200004,16.31905150800003],[100.97125027500005,16.320200644000067],[100.97304071300005,16.32162656500003],[100.97201338500008,16.324628378000057],[100.97294372900006,16.326595459000032],[100.97322695500009,16.32879635100005],[100.97624250900009,16.330988373000025],[100.97808104300003,16.333980032000056],[100.98054396400005,16.33652795200004],[100.98025593100004,16.337670524000032],[100.98145390100007,16.340324783000028],[100.98338157500007,16.34064300500006],[100.98551679100007,16.342598460000033],[100.98813670800007,16.346208947000036],[100.99160639800004,16.349037516000067],[100.99257751500005,16.35181496100006],[100.99404461500006,16.352938625000036],[100.99409321000007,16.35509967200005],[100.99286453600007,16.35838321700004],[100.99285399300004,16.360458820000076],[100.99394406500005,16.364839627000038],[100.99348896000004,16.366390144000036],[100.99108091100004,16.369540662000077],[100.98890548000008,16.373254406000058],[100.98481401600009,16.37796428300004]]]},"properties":{"Shape_Leng":0.518222559541,"Shape_Area":0.0120365253327,"ADM3_EN":"Sap Poep","ADM3_TH":"ซับเปิบ","ADM3_PCODE":"TH671003","ADM2_EN":"Wang Pong","ADM2_TH":"วังโป่ง","ADM2_PCODE":"TH6710","ADM1_EN":"Phetchabun","ADM1_TH":"เพชรบูรณ์","ADM1_PCODE":"TH67","ADM0_EN":"Thailand","ADM0_TH":"ประเทศไทย","ADM0_PCODE":"TH"}},
{"type":"Feature","geometry":{"type":"Polygon","coordinates":[[[100.80544148700005,16.44842962000007],[100.80142377700008,16.450496999000052],[100.79672990300008,16.451001891000033],[100.79219353100007,16.449304377000033],[100.79010842900004,16.450024106000058],[100.78681115900008,16.450182332000054],[100.78493572500008,16.448355070000048],[100.78267122600005,16.447598407000044],[100.78282826300006,16.445868105000045],[100.78163015200005,16.444350064000048],[100.77944150300004,16.44369419900005],[100.77832033700008,16.44218965300007],[100.77621644900006,16.441348669000035],[100.77562349500005,16.439209831000028],[100.77397508700005,16.437709711000025],[100.77384414800008,16.435630563000075],[100.77481422800008,16.432778722000023],[100.77419935500006,16.430575711000074],[100.77451155200004,16.428280319000066],[100.77248708200005,16.426536100000078],[100.77025335900004,16.426538055000037],[100.76639383600008,16.429024819000063],[100.76535858300008,16.431011014000035],[100.76365752200007,16.43158041600003],[100.76151578200006,16.431076219000033],[100.75877146700009,16.427997305000076],[100.75611758400004,16.426434886000038],[100.75022131700007,16.425912249000078],[100.74886339300008,16.423061790000077],[100.74758112900008,16.423024155000064],[100.74723470100008,16.421599237000066],[100.74595366800008,16.42076448800003],[100.74450479800004,16.421063697000022],[100.74267515000008,16.419200198000055],[100.74093580100003,16.419354191000025],[100.73699109500006,16.420734166000045],[100.73521464500004,16.422351114000037],[100.73354186000006,16.42186305300004],[100.73389082300008,16.42076247700004],[100.73116322200008,16.42079840100007],[100.72802340300007,16.42264662200006],[100.72582330100005,16.42290358300005],[100.72384503400008,16.422460896000075],[100.72357321800007,16.42159355000007],[100.72099617600009,16.420729017000042],[100.71815647400007,16.421933180000053],[100.71541078200005,16.420543917000032],[100.71526865400006,16.419557403000056],[100.71345362300008,16.419013982000024],[100.70869051900007,16.419132569000055],[100.70728921900007,16.416920314000038],[100.70341511000004,16.412927419000027],[100.70378758700008,16.41024525100005],[100.70316679600006,16.40639118000007],[100.70102724600008,16.40376980600007],[100.70154332900006,16.40195490900004],[100.70115235600008,16.399050259000035],[100.70214152200003,16.39600497600003],[100.70486951500004,16.394976646000032],[100.70620240200009,16.393833203000042],[100.70693554000007,16.388039458000037],[100.70656148000006,16.384677562000036],[100.70330061600004,16.38318321400004],[100.69670822400008,16.379670431000022],[100.69453189600006,16.377738857000054],[100.69474946500009,16.376004177000027],[100.69391390200008,16.372288311000034],[100.69419847500006,16.37086966800007],[100.69203038700005,16.370015359000035],[100.68974773900004,16.367890170000067],[100.68461501900003,16.365257550000024],[100.67670224300008,16.35927988800006],[100.67169683400004,16.356132029000037],[100.66766844400007,16.350745948000053],[100.66430965900008,16.346703802000036],[100.66222230600005,16.343493201000058],[100.65982564100005,16.33733158000007],[100.65861229100005,16.335021701000073],[100.65293204900007,16.326405494000028],[100.65146167000006,16.320812990000036],[100.65516888200005,16.321227417000046],[100.65807164000006,16.32047102000007],[100.66128169000007,16.321000465000054],[100.66228092000006,16.322496398000055],[100.66231926500006,16.32469575500005],[100.66563200700006,16.32435948500006],[100.67099817300004,16.324937361000025],[100.67141818200008,16.326423530000056],[100.67467405300005,16.325637586000028],[100.67937995900007,16.323688295000068],[100.68403550000005,16.323632647000068],[100.68637450500006,16.32721798400007],[100.69158564900005,16.325607654000066],[100.69307455700005,16.326575509000065],[100.69749458200005,16.327139354000053],[100.70038760900007,16.326672209000037],[100.70184740000008,16.328234777000034],[100.70536894300005,16.328490171000055],[100.70796568500003,16.331330931000025],[100.71386748100008,16.330154899000036],[100.71635174100004,16.33208801400002],[100.71678703600008,16.33358646000005],[100.72143259600006,16.333207886000025],[100.72576747800008,16.33681408600006],[100.72815758200005,16.334885779000047],[100.73210820600008,16.335140655000032],[100.73669541400005,16.337834327000053],[100.73906690800004,16.337789331000067],[100.74275807600009,16.339677782000024],[100.74395438400006,16.33973581500004],[100.74427992100004,16.341054925000037],[100.74713210800007,16.340844162000053],[100.74899326600007,16.339717545000042],[100.75178462000008,16.34242568600007],[100.75319914700003,16.34058678200006],[100.75530495200007,16.34044692300006],[100.75568091500008,16.342352275000053],[100.75728962200009,16.345497214000034],[100.75742775900005,16.347435595000036],[100.75679944000007,16.35017861500006],[100.75834973500008,16.351731922000056],[100.76454538200005,16.353000930000064],[100.76640089700004,16.354423559000054],[100.76626451600004,16.35582682100005],[100.77195671600003,16.358581370000024],[100.77461489000007,16.356564798000022],[100.77553454200006,16.359255157000064],[100.77782253900006,16.362255522000055],[100.78115488700007,16.36286070600005],[100.78264224900005,16.365592767000066],[100.78537284200007,16.36720784700003],[100.78582739100005,16.36913185700007],[100.78916643700006,16.371064502000024],[100.78848757100008,16.37263045700007],[100.82454444900009,16.389889700000026],[100.82580610900004,16.391314974000068],[100.82782446500005,16.392185324000025],[100.82902843200009,16.39475950900004],[100.83386109300005,16.398733097000047],[100.83716790200003,16.402909737000073],[100.83815374500006,16.40558941000006],[100.84117704400006,16.40822254400007],[100.84383018800008,16.410854336000057],[100.84783739200009,16.412892858000077],[100.84945426800004,16.417673480000076],[100.85192760200005,16.419248389000074],[100.85028642500004,16.42133667400003],[100.84927486200007,16.423596072000066],[100.84939408800005,16.427424470000062],[100.85030287400008,16.430476815000077],[100.85334476300005,16.434408381000026],[100.85476462900004,16.43776450000007],[100.85214340300007,16.43561575800004],[100.84910510800006,16.435125594000056],[100.84286096900007,16.436579144000063],[100.84162345000004,16.435742376000064],[100.83933690500004,16.432455296000057],[100.83733539100007,16.430397494000033],[100.83591957900006,16.43067941700002],[100.83424990600008,16.433033230000035],[100.83228958400008,16.434350727000037],[100.82916362800006,16.434801295000057],[100.82182460200005,16.43416523800005],[100.81922693300004,16.435490317000074],[100.81849098400005,16.436908410000058],[100.81767817400004,16.442198689000065],[100.81698525900003,16.443224416000078],[100.81172115200008,16.445428265000032],[100.80911332900007,16.447029565000037],[100.80544148700005,16.44842962000007]]]},"properties":{"Shape_Leng":0.624616147385,"Shape_Area":0.0118302773868,"ADM3_EN":"Wang Hin","ADM3_TH":"วังหิน","ADM3_PCODE":"TH671004","ADM2_EN":"Wang Pong","ADM2_TH":"วังโป่ง","ADM2_PCODE":"TH6710","ADM1_EN":"Phetchabun","ADM1_TH":"เพชรบูรณ์","ADM1_PCODE":"TH67","ADM0_EN":"Thailand","ADM0_TH":"ประเทศไทย","ADM0_PCODE":"TH"}},
{"type":"Feature","geometry":{"type":"Polygon","coordinates":[[[100.79018470400007,16.27283694600004],[100.79195914400003,16.273235575000058],[100.79454079200008,16.271821800000055],[100.79615030600007,16.272990202000074],[100.79672792200006,16.274461736000035],[100.79849104600004,16.27430183100006],[100.80061672800008,16.276022864000026],[100.80422333200005,16.277311565000048],[100.80813926900004,16.280116258000078],[100.80983936800004,16.280409685000052],[100.81107833100003,16.282399351000038],[100.81215411600004,16.282616577000056],[100.81158587300007,16.28419217000004],[100.81436638200006,16.284689661000073],[100.81478223100004,16.283679671000073],[100.81662907300006,16.283043858000042],[100.81678224000007,16.284061042000076],[100.81986273900009,16.283869503000062],[100.82326315800003,16.284470233000036],[100.82455365400006,16.28226913800006],[100.82593331700008,16.282049909000023],[100.82603968900008,16.278681521000067],[100.82759631000005,16.276870617000043],[100.82974595600007,16.275865751000026],[100.82888160100003,16.272992859000055],[100.82983536600005,16.27236510000006],[100.83003424900005,16.270373806000066],[100.83187981900005,16.269112565000057],[100.83371227600009,16.269102265000072],[100.83437660400006,16.267238246000034],[100.83834802300004,16.267435256000056],[100.83994906400005,16.268309405000025],[100.84181437300003,16.271153562000052],[100.84221813200008,16.27284905700003],[100.84072958000007,16.275200582000025],[100.84145481700006,16.27762901400007],[100.84090261500006,16.282565043000034],[100.84165007500008,16.28378949100005],[100.84493187100009,16.283975591000058],[100.84474305300006,16.28542582800003],[100.84629210000008,16.287274162000074],[100.84560742000008,16.288921223000045],[100.84788198900009,16.28983689100005],[100.84798131500008,16.29080577800005],[100.84595592100004,16.29331748900006],[100.84349639900006,16.299949040000058],[100.84385463500007,16.301569438000058],[100.84354818800006,16.306303895000042],[100.84497505300004,16.308429234000073],[100.84557410700006,16.31435519200005],[100.83626554000006,16.314816790000066],[100.83448826200004,16.316375961000062],[100.83036674600004,16.31520728600003],[100.82704198800008,16.311868719000074],[100.82837372600005,16.307726437000042],[100.82434699900006,16.30728626000007],[100.82389312800007,16.30664554200007],[100.81886344900005,16.305068838000068],[100.81696725700004,16.307088790000023],[100.81500858400005,16.305922245000033],[100.80778934700004,16.30350902500004],[100.80712653000006,16.301501271000063],[100.80041620600008,16.300008825000077],[100.79978244700004,16.301173473000063],[100.79658994900007,16.300992654000027],[100.79388098000004,16.301781559000062],[100.79375089800004,16.302421045000074],[100.79131221800009,16.302588538000066],[100.78886630100004,16.30108049200004],[100.78128312600006,16.300386123000067],[100.77751396800005,16.300339948000044],[100.77613210000004,16.300987733000056],[100.77340705400007,16.30459347900006],[100.77139072400007,16.30505661500007],[100.77148784300005,16.307066096000028],[100.77260678300007,16.308290646000046],[100.77349386900005,16.31125177900003],[100.77359991800006,16.313281193000023],[100.77204011300006,16.316057466000075],[100.76932174800004,16.315399308000053],[100.76722327000004,16.31554641200006],[100.76388412000006,16.314064682000037],[100.76266550800005,16.314382832000035],[100.75953205200005,16.313641567000047],[100.75832975000009,16.31127368500006],[100.75600494500009,16.311113216000024],[100.75058443900008,16.31004709000007],[100.74733505500006,16.311864144000026],[100.74261208600007,16.31142275700006],[100.74123225800008,16.31221246000007],[100.74022793700004,16.31146657000005],[100.73614956100005,16.311003627000048],[100.73542204300009,16.31170472900004],[100.73145241100008,16.308436131000065],[100.72837429700007,16.306496582000022],[100.72639668700003,16.306379004000064],[100.72555381300003,16.30502974500007],[100.72242776400009,16.30446960000006],[100.72086517200006,16.303525353000055],[100.72097915300009,16.300343896000072],[100.71946029100008,16.299793672000078],[100.71945671800006,16.298329270000067],[100.71741271200005,16.297885627000028],[100.71846521800006,16.293856554000058],[100.71363302700007,16.293429376000063],[100.70759447900008,16.292389833000072],[100.70478538700007,16.291430814000023],[100.70015727400005,16.29079664300002],[100.69944624000004,16.292398898000044],[100.69761739600006,16.291744446000052],[100.69699199100006,16.289490989000058],[100.69588777000007,16.288240185000063],[100.69646340900005,16.285474496000063],[100.69556297000008,16.284171150000077],[100.69338175800004,16.284061387000065],[100.69131933200003,16.280903288000047],[100.68966364900007,16.280623872000035],[100.68696765500005,16.27885130900006],[100.68444364600003,16.27561409900005],[100.68109180900007,16.275704375000032],[100.68002113500006,16.274504098000023],[100.67981514200005,16.27274347100007],[100.67847673000006,16.271036356000025],[100.67762931300007,16.268975427000044],[100.67815806300007,16.266865418000066],[100.67673597900006,16.263053126000045],[100.67692390300004,16.26081849700006],[100.67283512500006,16.255454529000076],[100.66991546300005,16.255405993000068],[100.66930707300008,16.254723691000038],[100.67015057500004,16.251663274000066],[100.66924315600005,16.250663634000034],[100.66723949400006,16.251040552000063],[100.66675573700007,16.24849827500003],[100.66882294900006,16.24807203200004],[100.66850107100004,16.24924048500003],[100.67039861600006,16.24968932400003],[100.67163598300004,16.249148142000024],[100.67352477300005,16.250138114000038],[100.67445807300004,16.248275595000052],[100.67869682100007,16.247496993000027],[100.68082157900005,16.249900815000046],[100.68118813500007,16.24824459200005],[100.68174498100007,16.249689510000053],[100.68376261900005,16.24975131900004],[100.68436004200004,16.251064400000075],[100.68599058500007,16.250042260000043],[100.68674277000008,16.250605277000034],[100.68924864700006,16.249927741000022],[100.69070405400004,16.25019794600007],[100.69153422900007,16.248508487000038],[100.69376743300006,16.24811489700005],[100.69488330000007,16.24993911100006],[100.69594145300005,16.24956830900004],[100.69539904300007,16.25176275000007],[100.69652924700006,16.251045142000066],[100.69735566900005,16.25216041300007],[100.69890385300005,16.251909135000062],[100.70025662400008,16.253165101000036],[100.70145857300008,16.252847280000026],[100.69951247100005,16.25570242200007],[100.70076095000007,16.256963264000035],[100.70073554100009,16.258103104000043],[100.70271104000005,16.260240155000076],[100.70415340300008,16.262829492000037],[100.70654836000006,16.26444494200007],[100.70890327000006,16.264261926000074],[100.70913689000008,16.265090066000027],[100.71412553100004,16.261593749000042],[100.71811169700004,16.256592200000057],[100.71875385400006,16.25794883700007],[100.72214634600005,16.256844629000057],[100.72347630600007,16.258970211000076],[100.72537714200007,16.259011991000023],[100.72701102300005,16.257756920000077],[100.72742638800008,16.259378834000074],[100.72931601400006,16.25940903700007],[100.73108393700005,16.257599064000033],[100.73318112900006,16.257855669000037],[100.73372438500007,16.258973095000044],[100.73580753300007,16.25857760400004],[100.73748141900006,16.25745811300004],[100.73830999100005,16.25815718000007],[100.73962728500004,16.256299842000033],[100.74175602500009,16.257190346000073],[100.74330218600005,16.25713920900006],[100.74691366900004,16.259916799000052],[100.74885682600006,16.259534277000057],[100.74892899500009,16.260965660000068],[100.75010870100004,16.260523813000077],[100.75106590000007,16.262563698000065],[100.75181270900003,16.261242422000066],[100.75466136400007,16.26382756000004],[100.75648314400007,16.26278721700004],[100.75740421100005,16.26356862800003],[100.75824373200004,16.260805326000025],[100.76048365800006,16.259613874000024],[100.76169708600008,16.260465301000067],[100.76275975900006,16.259989464000057],[100.76692968800006,16.26304114900006],[100.76674914300008,16.265221952000047],[100.76815992600007,16.266385700000058],[100.77248673900004,16.26862810500006],[100.77311883400006,16.267232577000073],[100.77511844100007,16.268675830000063],[100.77646575200004,16.267408490000037],[100.78014560000008,16.26753055300003],[100.78152658700009,16.271233367000036],[100.78210165300004,16.269991279000067],[100.78397534000004,16.270710863000033],[100.78633463700004,16.270744642000068],[100.78795994300003,16.273969883000063],[100.79018470400007,16.27283694600004]]]},"properties":{"Shape_Leng":0.626125686941,"Shape_Area":0.0062483499765,"ADM3_EN":"Wang San","ADM3_TH":"วังศาล","ADM3_PCODE":"TH671005","ADM2_EN":"Wang Pong","ADM2_TH":"วังโป่ง","ADM2_PCODE":"TH6710","ADM1_EN":"Phetchabun","ADM1_TH":"เพชรบูรณ์","ADM1_PCODE":"TH67","ADM0_EN":"Thailand","ADM0_TH":"ประเทศไทย","ADM0_PCODE":"TH"}},
{"type":"Feature","geometry":{"type":"Polygon","coordinates":[[[101.09923545600009,16.73233770400003],[101.09814862800005,16.73311422300003],[101.09574591700004,16.73679352100004],[101.09305904400009,16.735444827000038],[101.08862215900007,16.735754567000072],[101.08398428400005,16.73354373500007],[101.08037926300005,16.73054195000003],[101.07846369900005,16.729948042000046],[101.07192001000004,16.730696699000077],[101.06803412400006,16.729487069000072],[101.06681587600008,16.729817146000073],[101.06183294500005,16.72881359200005],[101.05972633100004,16.729981932000044],[101.05833640200007,16.733632688000057],[101.05851240000004,16.735124248000034],[101.05676050500006,16.736682531000042],[101.05514158100004,16.739961332000064],[101.05345003200006,16.74202672000007],[101.05098749500007,16.74318246400003],[101.04440544700009,16.740389914000048],[101.04240465600009,16.741974158000062],[101.04026819700005,16.74103511800007],[101.03812877900003,16.741290631000027],[101.03614335200007,16.740531494000038],[101.03607971700006,16.739711808000038],[101.03371012100007,16.738241964000053],[101.03191053700004,16.738724666000053],[101.03087252800003,16.738141378000023],[101.02795089400007,16.738997986000072],[101.02363829900008,16.73699539000006],[101.02170906300006,16.735343622000073],[101.01876082600006,16.735830299000042],[101.01605817500007,16.737246062000054],[101.01438924300004,16.73959863300007],[101.01391145400004,16.741838847000054],[101.01235033800003,16.744173889000024],[101.01259981700008,16.746833898000034],[101.01185885000007,16.748441961000026],[101.00993073700005,16.74803386700006],[101.00835808400006,16.74427457300004],[101.00426400800006,16.74188784300003],[101.00022889900004,16.742348277000076],[100.99505531900007,16.742089424000028],[100.99388299800006,16.736433178000027],[100.99275108200004,16.736337384000024],[100.99138008100005,16.740720667000062],[100.99399051500006,16.75018479700003],[100.99330120500008,16.75166936200003],[100.99146796500008,16.752785516000074],[100.98972557400003,16.752672517000065],[100.98833427800008,16.750439119000077],[100.98878537100006,16.747968267000033],[100.98835664000006,16.745605757000078],[100.98666250900004,16.744144169000037],[100.98576703300006,16.745740543000068],[100.98337406100006,16.747850611000047],[100.98302693100004,16.746356063000064],[100.98006553600004,16.747622758000034],[100.98278140900004,16.751670912000066],[100.98185374800005,16.753167721000068],[100.98055883300003,16.753230092000024],[100.97814897600006,16.749708229000078],[100.97710594900008,16.749069143000042],[100.97575778300006,16.75099935800006],[100.97265379000004,16.750509799000042],[100.97075166300004,16.750987336000037],[100.96755850500006,16.748880832000054],[100.96264105400007,16.74942697800003],[100.96029386200007,16.747941414000024],[100.95502244200009,16.749349539000036],[100.95441878300005,16.751132771000073],[100.95177643600005,16.75322489900003],[100.94915484200004,16.75328963800007],[100.94493387900008,16.754058472000054],[100.94045032000008,16.75548983500005],[100.93484454000009,16.754019589000052],[100.93227393000006,16.75662891500002],[100.92827297000008,16.756781283000066],[100.92711934600004,16.755819405000068],[100.92407962100003,16.755668317000072],[100.91980197000004,16.756963531000054],[100.91959231800007,16.753574822000076],[100.92123887000008,16.748854966000067],[100.92256552600008,16.74628451800004],[100.92114165100008,16.744462119000048],[100.92030419000008,16.740265640000075],[100.91885522500007,16.73936624600003],[100.91623685700006,16.736244921000036],[100.91519947000006,16.73561601600005],[100.91510175200006,16.733714422000048],[100.91379201700005,16.732300636000048],[100.91399229500007,16.730572601000063],[100.91538111900007,16.72943030400006],[100.91630164000009,16.726837140000043],[100.91941567000003,16.724895326000023],[100.92162973900008,16.724176356000044],[100.92297220300009,16.72226519700007],[100.92869565500007,16.719608882000045],[100.93112925200006,16.717188038000074],[100.93121441500006,16.711092347000033],[100.93003303900008,16.710559868000075],[100.92688650700006,16.712244541000075],[100.92494355700006,16.71281091800006],[100.92284798400004,16.711670694000077],[100.92274004200004,16.707005898000034],[100.92379352600005,16.702410859000054],[100.92884168000006,16.697047689000044],[100.93261194800004,16.696959271000026],[100.93386713500007,16.69571901100005],[100.93416600400008,16.693032880000032],[100.93320349500004,16.69031784300006],[100.92908777100007,16.686886839000067],[100.92883180100006,16.685554359000037],[100.93246755000007,16.685960669000053],[100.93656893400004,16.68715465100007],[100.93777504400003,16.687066473000073],[100.94007955400008,16.68491257200003],[100.94256225300006,16.68106930600004],[100.94526207900009,16.681760885000074],[100.94782640400007,16.680607300000077],[100.94922793200004,16.682006715000057],[100.95154878400007,16.683282249000058],[100.95319346400004,16.68546112300004],[100.95328630900008,16.68651314500005],[100.95556095900008,16.68643102900006],[100.95649472300005,16.68731619700003],[100.95821890500008,16.68676494600004],[100.95940367900005,16.687358846000052],[100.96031807500003,16.686554158000035],[100.96307018400006,16.68598260300007],[100.96677722800007,16.686010407000026],[100.96852292500006,16.68756853800005],[100.96980008500009,16.687696052000035],[100.97304894700005,16.689580113000034],[100.97651337100007,16.690077900000063],[100.97695607200006,16.68619638000007],[100.98368967400006,16.68056213500006],[100.98463393300005,16.682067664000044],[100.98667170000004,16.681090245000064],[100.99106040500004,16.681899928000064],[100.99350777000006,16.68597264500005],[100.99640885900004,16.685530904000075],[100.99841216400006,16.68398196000004],[101.00030837500003,16.683744803000025],[101.01290931500006,16.68320367000007],[101.01514696400005,16.68199541100006],[101.01580802800004,16.684403432000067],[101.01773568000004,16.684741760000065],[101.01867736800006,16.68589790900006],[101.02220133300006,16.68597001200004],[101.02433847300006,16.687077182000053],[101.02507239300007,16.685152534000053],[101.02661611500008,16.685450678000052],[101.02670670500004,16.684177963000025],[101.02878443900005,16.684571104000042],[101.03266421400008,16.683384843000056],[101.03403189600004,16.68403852700004],[101.03713794900005,16.683138677000045],[101.05233670800004,16.68164614600005],[101.05389573900004,16.681049064000035],[101.05628326000004,16.678829318000055],[101.05928803000006,16.679368623000073],[101.06579529100009,16.679561171000046],[101.06946033400004,16.680900843000074],[101.07440955800007,16.679891273000067],[101.07575595300005,16.678495455000075],[101.07708289100003,16.679827012000032],[101.07797448700006,16.679270691000056],[101.08029194500006,16.680830267000033],[101.08269140700008,16.68004762000004],[101.08255013200005,16.681587832000048],[101.08452084000004,16.682365485000048],[101.08567898200005,16.68052321700003],[101.08699367500009,16.68158567100005],[101.08822762200003,16.680132161000074],[101.08996117500004,16.680976798000074],[101.09164638000004,16.679736968000043],[101.09473534200004,16.681119453000065],[101.09781356300005,16.679789352000057],[101.10209314000008,16.682185271000037],[101.10276424600005,16.68348342300004],[101.10470089000006,16.68300338000006],[101.10545761000009,16.687194533000024],[101.10034253200007,16.692234400000075],[101.09960758100004,16.69243881600005],[101.09763532800008,16.69027398000003],[101.09482634900007,16.691648732000033],[101.09333418900007,16.693313199000045],[101.09145913500004,16.694116414000064],[101.09042850000009,16.695538328000055],[101.08834717100007,16.69681656000006],[101.08905130900007,16.69818164800006],[101.08818569800007,16.70324961500006],[101.08978949300007,16.706717910000066],[101.09083609000004,16.711051500000053],[101.09064979300007,16.715636585000027],[101.09414806600006,16.719166260000065],[101.09926457200004,16.722611647000065],[101.09928796600008,16.72474883800004],[101.09857012400005,16.728190952000034],[101.09923545600009,16.73233770400003]]]},"properties":{"Shape_Leng":0.672586060703,"Shape_Area":0.0102621638979,"ADM3_EN":"Thung Samo","ADM3_TH":"ทุ่งสมอ","ADM3_PCODE":"TH671101","ADM2_EN":"Khao Kho","ADM2_TH":"เขาค้อ","ADM2_PCODE":"TH6711","ADM1_EN":"Phetchabun","ADM1_TH":"เพชรบูรณ์","ADM1_PCODE":"TH67","ADM0_EN":"Thailand","ADM0_TH":"ประเทศไทย","ADM0_PCODE":"TH"}},
{"type":"Feature","geometry":{"type":"Polygon","coordinates":[[[101.07994138300006,16.819438653000077],[101.07747235000005,16.82084952300005],[101.07646190000008,16.822446548000073],[101.07323847600009,16.822417983000037],[101.07116746800006,16.824858375000076],[101.06777471200007,16.82562045900005],[101.06584614300004,16.824891105000063],[101.06513962300005,16.823768975000064],[101.06209682200006,16.823633735000044],[101.05879928100006,16.82241213900005],[101.05573115900006,16.82286731000005],[101.04795174400004,16.819725868000035],[101.04527749100004,16.816493644000047],[101.04474560900007,16.809495353000045],[101.04440238100005,16.80895629400004],[101.04046601400006,16.80885628900006],[101.03845933000008,16.807838616000026],[101.03676361700008,16.805947036000077],[101.03560685300005,16.803479608000032],[101.03444942900006,16.802460273000065],[101.03030578200008,16.800390546000074],[101.02460500000007,16.799250761000053],[101.02103533900004,16.798123538000027],[101.01669983600004,16.797700505000023],[101.01333678700007,16.796378963000052],[101.01211671200008,16.79521065800003],[101.01152025600004,16.79342364000007],[101.01021051800006,16.792347412000026],[101.00729333500004,16.79182978500006],[101.00586565800006,16.790393750000078],[101.00162928200007,16.78937446200007],[100.99790929600005,16.787144685000044],[100.99666894700005,16.782180512000025],[100.99496847800003,16.779984778000028],[100.99607613100005,16.77459740200004],[100.99563587700004,16.77151294300006],[100.99588443600004,16.765538998000068],[100.99676547300004,16.76312412300007],[100.99556214600005,16.76201377600006],[100.99365984700006,16.763310051000076],[100.99117784100008,16.76166784800006],[100.98872852400007,16.756658221000066],[100.98672648900003,16.75780195400006],[100.98587411400007,16.75920720000005],[100.98579941100007,16.761274184000058],[100.98387240600005,16.76510932900004],[100.98282006500006,16.76633336900005],[100.98069507400004,16.76465901100005],[100.97819791400008,16.766175952000026],[100.97791502900009,16.76930188500006],[100.97604703000007,16.771288820000052],[100.97573357600004,16.773932701000035],[100.97501444500006,16.77536694500003],[100.97435757900007,16.781039416000056],[100.97340757200004,16.785447141000077],[100.97157643700007,16.785597232000043],[100.96948796700008,16.779860075000045],[100.96410306500007,16.78166524100004],[100.96227285900005,16.78284132500005],[100.96061853900005,16.78163033900006],[100.95819800000004,16.78329826600003],[100.95619567600005,16.783238991000076],[100.95309052800008,16.784349487000043],[100.95365792900009,16.786686381000038],[100.95222700800008,16.787771014000043],[100.95184980200008,16.789858965000064],[100.95254652200003,16.790725431000055],[100.95533637500006,16.791643436000072],[100.95714200900005,16.792760488000056],[100.95667167100004,16.794777063000026],[100.95543301100008,16.795893784000043],[100.95282029400005,16.793341085000066],[100.95097761600005,16.793530490000023],[100.94916671800007,16.791570603000025],[100.94670175100003,16.79197074500007],[100.94268864700007,16.79537301000005],[100.94097931000005,16.794971175000057],[100.93653371400006,16.795836923000024],[100.93548017800003,16.794333529000028],[100.93341245400006,16.793741170000033],[100.93176577400004,16.794140931000072],[100.92724221000009,16.792541824000068],[100.92587497700003,16.79302577200002],[100.92346088000005,16.791838736000045],[100.91782322100005,16.791784792000044],[100.91387223200007,16.795675910000057],[100.91258303200004,16.79578084600007],[100.91019351100005,16.79744081800004],[100.90784679300003,16.797609790000024],[100.90576173300008,16.79856659400002],[100.90305716300008,16.80177936700005],[100.90238045500007,16.800571775000037],[100.90457401700007,16.795279161000053],[100.90502189300008,16.793097530000068],[100.90464894500008,16.79087431100004],[100.90514948100008,16.786677980000036],[100.90617679600007,16.78342355500007],[100.90570239200008,16.781416593000074],[100.90457984200003,16.780352030000074],[100.90250104100005,16.775241666000056],[100.90070178500008,16.77494040700003],[100.89730303600004,16.776016709000032],[100.89508075800006,16.773341751000032],[100.89556785700006,16.770916956000065],[100.89681408500007,16.76925539700005],[100.89877039900006,16.76339521700004],[100.89878543100008,16.76195854300005],[100.90181670600003,16.759995352000033],[100.90359295100006,16.75969374600004],[100.91145621300006,16.760557430000063],[100.91687776500004,16.759216352000067],[100.91915882600006,16.75949958500007],[100.91980197000004,16.756963531000054],[100.92407962100003,16.755668317000072],[100.92711934600004,16.755819405000068],[100.92827297000008,16.756781283000066],[100.93227393000006,16.75662891500002],[100.93484454000009,16.754019589000052],[100.94045032000008,16.75548983500005],[100.94493387900008,16.754058472000054],[100.94915484200004,16.75328963800007],[100.95177643600005,16.75322489900003],[100.95441878300005,16.751132771000073],[100.95502244200009,16.749349539000036],[100.96029386200007,16.747941414000024],[100.96264105400007,16.74942697800003],[100.96755850500006,16.748880832000054],[100.97075166300004,16.750987336000037],[100.97265379000004,16.750509799000042],[100.97575778300006,16.75099935800006],[100.97710594900008,16.749069143000042],[100.97814897600006,16.749708229000078],[100.98055883300003,16.753230092000024],[100.98185374800005,16.753167721000068],[100.98278140900004,16.751670912000066],[100.98006553600004,16.747622758000034],[100.98302693100004,16.746356063000064],[100.98337406100006,16.747850611000047],[100.98576703300006,16.745740543000068],[100.98666250900004,16.744144169000037],[100.98835664000006,16.745605757000078],[100.98878537100006,16.747968267000033],[100.98833427800008,16.750439119000077],[100.98972557400003,16.752672517000065],[100.99146796500008,16.752785516000074],[100.99330120500008,16.75166936200003],[100.99399051500006,16.75018479700003],[100.99138008100005,16.740720667000062],[100.99275108200004,16.736337384000024],[100.99388299800006,16.736433178000027],[100.99505531900007,16.742089424000028],[101.00022889900004,16.742348277000076],[101.00426400800006,16.74188784300003],[101.00835808400006,16.74427457300004],[101.00993073700005,16.74803386700006],[101.01185885000007,16.748441961000026],[101.01259981700008,16.746833898000034],[101.01235033800003,16.744173889000024],[101.01391145400004,16.741838847000054],[101.01438924300004,16.73959863300007],[101.01605817500007,16.737246062000054],[101.01876082600006,16.735830299000042],[101.02170906300006,16.735343622000073],[101.02363829900008,16.73699539000006],[101.02795089400007,16.738997986000072],[101.03087252800003,16.738141378000023],[101.03191053700004,16.738724666000053],[101.03371012100007,16.738241964000053],[101.03607971700006,16.739711808000038],[101.03614335200007,16.740531494000038],[101.03812877900003,16.741290631000027],[101.04026819700005,16.74103511800007],[101.04240465600009,16.741974158000062],[101.04440544700009,16.740389914000048],[101.05098749500007,16.74318246400003],[101.05345003200006,16.74202672000007],[101.05514158100004,16.739961332000064],[101.05676050500006,16.736682531000042],[101.05851240000004,16.735124248000034],[101.05833640200007,16.733632688000057],[101.05972633100004,16.729981932000044],[101.06183294500005,16.72881359200005],[101.06681587600008,16.729817146000073],[101.06803412400006,16.729487069000072],[101.07192001000004,16.730696699000077],[101.07846369900005,16.729948042000046],[101.08037926300005,16.73054195000003],[101.08398428400005,16.73354373500007],[101.08862215900007,16.735754567000072],[101.09305904400009,16.735444827000038],[101.09574591700004,16.73679352100004],[101.09814862800005,16.73311422300003],[101.09923545600009,16.73233770400003],[101.10172925600006,16.733619050000073],[101.10253527900005,16.735570924000058],[101.10366572900006,16.736317400000075],[101.10242866200008,16.738294260000032],[101.10211287800007,16.740850760000058],[101.10115255300008,16.742564478000077],[101.10023308400008,16.746183879000057],[101.10205675700007,16.748248235000062],[101.09961726400007,16.74983472300005],[101.10077971200008,16.75319503000003],[101.09949367600007,16.75487339400007],[101.10256058300007,16.75888536100007],[101.10477075400007,16.760294127000066],[101.10490864400003,16.764029374000074],[101.10353900900009,16.765978888000063],[101.10472987200006,16.767830651000054],[101.10372519500004,16.76960837300004],[101.10561848600008,16.774934780000024],[101.10546961400007,16.776753941000038],[101.10653352900005,16.778811390000044],[101.10663266200004,16.780529571000045],[101.10869011200003,16.782393771000045],[101.10671534300008,16.784200458000043],[101.10706973400005,16.782672304000073],[101.10586086700005,16.781952125000032],[101.10565674200006,16.785088733000066],[101.10283231900007,16.78388299900007],[101.10122964800007,16.784628009000073],[101.10015278400004,16.783756785000037],[101.09734966900004,16.786592618000043],[101.09598190500009,16.78661493100003],[101.09702135500004,16.788582088000055],[101.09550884500004,16.788254103000043],[101.09475084200005,16.789843371000075],[101.09306299900004,16.787893965000023],[101.09260705000008,16.789409731000035],[101.09095122100007,16.788152755000056],[101.09066131100008,16.79107414200007],[101.08933303700007,16.794453847000057],[101.08646915900005,16.79599869200007],[101.08585253000007,16.79948068400006],[101.08328069300006,16.800963575000026],[101.08227977800004,16.806263845000046],[101.08138054400007,16.808775745000048],[101.07933877200009,16.81193967400003],[101.07981941900005,16.814233019000028],[101.07946132100005,16.81563109600006],[101.07994138300006,16.819438653000077]]]},"properties":{"Shape_Leng":0.770762375711,"Shape_Area":0.0102584098278,"ADM3_EN":"Khaem Son","ADM3_TH":"แคมป์สน","ADM3_PCODE":"TH671102","ADM2_EN":"Khao Kho","ADM2_TH":"เขาค้อ","ADM2_PCODE":"TH6711","ADM1_EN":"Phetchabun","ADM1_TH":"เพชรบูรณ์","ADM1_PCODE":"TH67","ADM0_EN":"Thailand","ADM0_TH":"ประเทศไทย","ADM0_PCODE":"TH"}},
{"type":"Feature","geometry":{"type":"Polygon","coordinates":[[[101.05159583600005,16.64516470500007],[101.05179160900008,16.64674618500004],[101.05633074600007,16.65054590400007],[101.05874426100007,16.65399800800003],[101.05581926600007,16.653657845000055],[101.05573707100007,16.65471900800003],[101.05403384500005,16.655779064000058],[101.05269630500004,16.655217066000034],[101.05020850200003,16.65746112200003],[101.04846736200005,16.657474041000057],[101.04863531500007,16.658610004000025],[101.04718600400008,16.66117335900003],[101.04697014400006,16.662652256000058],[101.04881468500008,16.666259146000073],[101.04903060200007,16.66985929200007],[101.04870787200008,16.67123407100007],[101.04967521100008,16.67424259200004],[101.05151166400003,16.675832757000023],[101.05628326000004,16.678829318000055],[101.05389573900004,16.681049064000035],[101.05233670800004,16.68164614600005],[101.03713794900005,16.683138677000045],[101.03403189600004,16.68403852700004],[101.03266421400008,16.683384843000056],[101.02878443900005,16.684571104000042],[101.02670670500004,16.684177963000025],[101.02661611500008,16.685450678000052],[101.02507239300007,16.685152534000053],[101.02433847300006,16.687077182000053],[101.02220133300006,16.68597001200004],[101.01867736800006,16.68589790900006],[101.01773568000004,16.684741760000065],[101.01580802800004,16.684403432000067],[101.01514696400005,16.68199541100006],[101.01290931500006,16.68320367000007],[101.00030837500003,16.683744803000025],[100.99841216400006,16.68398196000004],[100.99640885900004,16.685530904000075],[100.99350777000006,16.68597264500005],[100.99106040500004,16.681899928000064],[100.98667170000004,16.681090245000064],[100.98463393300005,16.682067664000044],[100.98368967400006,16.68056213500006],[100.97695607200006,16.68619638000007],[100.97651337100007,16.690077900000063],[100.97304894700005,16.689580113000034],[100.96980008500009,16.687696052000035],[100.96852292500006,16.68756853800005],[100.96677722800007,16.686010407000026],[100.96307018400006,16.68598260300007],[100.96031807500003,16.686554158000035],[100.95940367900005,16.687358846000052],[100.95821890500008,16.68676494600004],[100.95649472300005,16.68731619700003],[100.95556095900008,16.68643102900006],[100.95328630900008,16.68651314500005],[100.95319346400004,16.68546112300004],[100.95154878400007,16.683282249000058],[100.94922793200004,16.682006715000057],[100.94782640400007,16.680607300000077],[100.94526207900009,16.681760885000074],[100.94256225300006,16.68106930600004],[100.94245505700007,16.680392829000027],[100.93641141300009,16.67796984900002],[100.93830648300008,16.67494769600006],[100.93579478600009,16.672350004000066],[100.93530985700005,16.670460612000056],[100.93520955000008,16.666089017000047],[100.93558242200004,16.664961274000063],[100.93865229900007,16.66216870900007],[100.93789882200008,16.661195707000047],[100.93408101500006,16.66111766100005],[100.93089538800007,16.66042943900004],[100.93053283100005,16.659381660000065],[100.93195554500005,16.657689357000038],[100.93436216900005,16.655845717000034],[100.93373400800004,16.65280400300003],[100.93502386000006,16.648129898000036],[100.93633766800008,16.647193126000047],[100.93540159300005,16.64506083300006],[100.93677677900007,16.644720927000037],[100.93654941700004,16.642651588000035],[100.93509796000006,16.641670582000074],[100.93644274500008,16.63727128900007],[100.93557300100008,16.635871201000043],[100.93690779400004,16.633287911000025],[100.93660197100007,16.629809257000034],[100.93743637000006,16.629292693000025],[100.94070398000008,16.62991172900007],[100.94079010900003,16.62841015300006],[100.93766976400008,16.62465528000007],[100.93753846800007,16.620066139000073],[100.93926095400008,16.619355633000055],[100.93852722000008,16.617180888000064],[100.93414227200009,16.61534791100007],[100.93441633700007,16.614180444000056],[100.93681293000009,16.61320749500004],[100.93542078300004,16.61019137200003],[100.93564051400006,16.608605492000038],[100.93778097300009,16.607093552000038],[100.93798134600007,16.60557874400007],[100.93590288100006,16.604270469000028],[100.93569422800005,16.60262412900005],[100.93824516800004,16.601278647000072],[100.93998801900005,16.599032758000078],[100.94371702300003,16.599394913000026],[100.94645477600005,16.59809281300005],[100.94770781900007,16.60006770700005],[100.94807835900008,16.60317709700007],[100.95120582800007,16.60548215600005],[100.95306255800006,16.605957999000054],[100.95331416300007,16.602746109000066],[100.95168537000006,16.60063460300006],[100.95232685200006,16.599956707000047],[100.95568634300008,16.60127857200007],[100.95860016200004,16.600137292000056],[100.95839738700005,16.599113548000048],[100.96031278500004,16.59731068700006],[100.96026369200007,16.595723038000074],[100.95777676400007,16.595537619000027],[100.95703975300006,16.593617987000073],[100.95896487100003,16.59337344100004],[100.95995048700007,16.59121497800004],[100.96067288000006,16.591199415000062],[100.96190062400007,16.58891823400006],[100.96380739100005,16.588703948000045],[100.96650891500008,16.58732663400002],[100.96493310700004,16.585988634000046],[100.96600601900008,16.584648109000057],[100.96527230800007,16.58208386700005],[100.96646856200005,16.582471431000045],[100.96739122700006,16.580278505000024],[100.96733864300006,16.577955573000054],[100.96927313100008,16.57836507600007],[100.96976250500006,16.576493737000078],[100.97087728600007,16.57624009700004],[100.97281677800004,16.573285702000078],[100.97396028500003,16.572571760000073],[100.97571676800004,16.574843634000047],[100.97722038000006,16.57404525900006],[100.97667230400003,16.572870008000052],[100.97813829200004,16.571434286000056],[100.97988787800006,16.57217531400005],[100.98275570900006,16.57096288300005],[100.98640576200006,16.571233783000025],[100.98896588500008,16.573452587000077],[100.99339778500007,16.571743945000037],[100.99419493800008,16.57024754100007],[100.99527521100003,16.570146609000062],[100.99529805000009,16.572380622000026],[100.99631286700009,16.573060207000026],[100.99840090000004,16.570379436000053],[100.99927655000005,16.57035690400005],[101.00116158300006,16.572694167000066],[101.00130052400004,16.573949209000034],[101.00285129000008,16.574075278000066],[101.00198909800008,16.575264856000047],[101.00304808400006,16.576769314000046],[101.00561513500008,16.57691206900006],[101.00661998400005,16.575739191000025],[101.00838727100006,16.57521482900006],[101.00820233800005,16.57422129100007],[101.01111093000009,16.572973724000065],[101.01092922300006,16.571244456000045],[101.01221963200004,16.570206017000032],[101.01444962800008,16.568672182000057],[101.01561649400008,16.56860333700007],[101.01706277700004,16.570124993000036],[101.02046355100003,16.571402351000074],[101.02034771500007,16.572568716000035],[101.02505769500004,16.575904251000054],[101.02712637800005,16.57919120300005],[101.02855412000008,16.579406176000077],[101.02988512400003,16.578524985000058],[101.03212158600007,16.578246885000055],[101.03375440600007,16.57707653800003],[101.03671182400007,16.576880232000065],[101.03899698600009,16.578998713000033],[101.03906146000008,16.58238384200007],[101.03733823500005,16.582721475000028],[101.03790723900005,16.588319600000034],[101.04031685900009,16.588886283000022],[101.04311833200006,16.588485607000052],[101.04581912600008,16.58722338000007],[101.04819179900005,16.585128172000054],[101.04913350300006,16.58286947700003],[101.05223946900009,16.581365512000048],[101.05345571600009,16.581532792000075],[101.05537256800005,16.580333534000033],[101.05652860900005,16.57764477300003],[101.05567291200003,16.57568320400003],[101.05795556000004,16.57670590500004],[101.05759705400004,16.580453457000033],[101.05611427600007,16.58414904700004],[101.05776125300008,16.58726441400006],[101.06002367300005,16.586799444000064],[101.06196434900005,16.587908372000072],[101.06363818700004,16.58809070600006],[101.06529366300003,16.587307250000038],[101.06904825900006,16.588260339000044],[101.07088241700006,16.58649766800005],[101.07070960400006,16.58856445400005],[101.07156919600004,16.59172171700004],[101.06956331200007,16.592789468000035],[101.06936586100005,16.594346427000062],[101.06728425500006,16.595147027000053],[101.06871244800004,16.598797973000046],[101.06775739100004,16.601517134000062],[101.06922025600005,16.603664881000043],[101.07189470300005,16.606178944000078],[101.07020178100004,16.609004800000037],[101.06802573900006,16.608871387000022],[101.06885467700005,16.610071711000046],[101.06597101100004,16.611467295000068],[101.06604777500007,16.614588076000075],[101.06419950800006,16.614949670000044],[101.06455807400005,16.616628449000075],[101.06157341200009,16.617529082000033],[101.06188131100004,16.61844909100006],[101.06075126500008,16.61988873300004],[101.05961723000007,16.619633185000055],[101.05924600200007,16.61787989900006],[101.05805034800005,16.61868412700005],[101.05819018200003,16.62034649900005],[101.05695333500006,16.62030221300006],[101.05643455700005,16.62233688300006],[101.05423648800007,16.622415149000062],[101.05536904500008,16.623190229000045],[101.05372977000007,16.625125147000062],[101.05262318400008,16.627518482000028],[101.05168046300008,16.627883997000026],[101.05163201700009,16.631547390000037],[101.05255659800008,16.631938001000037],[101.05419176300006,16.63479598200007],[101.05401745600005,16.637167908000038],[101.05242905100005,16.639158267000028],[101.05068797200005,16.64407086400007],[101.05159583600005,16.64516470500007]]]},"properties":{"Shape_Leng":0.668431062122,"Shape_Area":0.0124197114379,"ADM3_EN":"Khao Kho","ADM3_TH":"เขาค้อ","ADM3_PCODE":"TH671103","ADM2_EN":"Khao Kho","ADM2_TH":"เขาค้อ","ADM2_PCODE":"TH6711","ADM1_EN":"Phetchabun","ADM1_TH":"เพชรบูรณ์","ADM1_PCODE":"TH67","ADM0_EN":"Thailand","ADM0_TH":"ประเทศไทย","ADM0_PCODE":"TH"}},
{"type":"Feature","geometry":{"type":"Polygon","coordinates":[[[101.11481519300008,16.47633582900005],[101.11473922800008,16.478168371000038],[101.11595053800005,16.479656874000057],[101.11399272700004,16.480237459000023],[101.11271846500006,16.481403759000045],[101.11094867600008,16.481279365000034],[101.10946490100008,16.483258615000068],[101.10791204500003,16.48370747000007],[101.10775888200004,16.484871991000034],[101.10465515900006,16.485494781000057],[101.10430850800009,16.488258234000057],[101.10292408400005,16.488109808000047],[101.10215590500007,16.48907037400005],[101.10250537200005,16.492117777000033],[101.09993857000006,16.492265660000044],[101.10099769600004,16.494821268000067],[101.09870594300008,16.497554625000078],[101.10015634600006,16.498493159000077],[101.09924883800005,16.499765237000076],[101.09526111400004,16.498900461000062],[101.09469788800004,16.50000284600003],[101.09256254100006,16.50154394200007],[101.09333238400006,16.503686604000052],[101.09518749100005,16.50398231300005],[101.09554572000008,16.506179075000034],[101.09495372100008,16.507564502000037],[101.09358206700006,16.50740032300007],[101.09307822600005,16.50895813900007],[101.09388167900005,16.510934211000063],[101.09245049200007,16.51231060200007],[101.09455260100003,16.513742695000076],[101.09521601500006,16.515295636000076],[101.09735228400007,16.515789829000028],[101.10167183400006,16.514284248000024],[101.10302615800003,16.514379408000025],[101.10471471600005,16.517857131000028],[101.10547448600005,16.52057099900003],[101.10556460300006,16.52548915400007],[101.10603528800004,16.527664130000062],[101.10772629400009,16.529267279000067],[101.11190486900006,16.530240036000066],[101.11285542200005,16.532485348000023],[101.11298943800006,16.534389786000077],[101.10969445900008,16.536293112000067],[101.10864426600006,16.537573574000078],[101.10823244900007,16.539564443000074],[101.10807412500009,16.544417675000034],[101.10748455400005,16.545717010000033],[101.10400863500007,16.547223505000034],[101.09876626500005,16.54765396700003],[101.09491637700006,16.548469131000047],[101.09393641000008,16.547896278000053],[101.09384352700005,16.54622484600003],[101.09247889500006,16.54607693500003],[101.09272443700007,16.548085495000066],[101.09138386700005,16.54843291700007],[101.09020949100005,16.54689688600007],[101.08976876000008,16.54834039700006],[101.08848666600005,16.548359891000075],[101.08659456800007,16.54954578400003],[101.08603526300004,16.547263706000024],[101.08418683500008,16.548758930000076],[101.08479537100004,16.549929419000023],[101.08381781700007,16.551252728000065],[101.08099683100005,16.55194354100007],[101.08047129400006,16.550691330000063],[101.07885970700005,16.54982308900003],[101.07820271500003,16.551118373000065],[101.07565192300007,16.55275821600003],[101.07554445700003,16.554939896000064],[101.07648297900005,16.55622898300004],[101.07473638700009,16.557348341000022],[101.07270430200003,16.557486032000043],[101.07248555600006,16.55651974700004],[101.07004396700006,16.556510356000047],[101.06714509700004,16.55804032700007],[101.06647758700007,16.559425022000028],[101.06499053600004,16.55914308800004],[101.06489270300006,16.557982543000037],[101.05990985900007,16.555487261000053],[101.05880827600004,16.556548829000064],[101.05913344700008,16.557791224000027],[101.05771061100006,16.55818159300003],[101.05632877300008,16.556768654000052],[101.05531341100004,16.55825489600005],[101.05292591900007,16.557367990000046],[101.05235484400004,16.560935289000042],[101.05132430700007,16.561600914000053],[101.05106623300009,16.565309659000036],[101.05182473100007,16.565146925000022],[101.05498680100004,16.567238753000026],[101.05441757400007,16.569069219000028],[101.05421146800006,16.573317864000046],[101.05540656900007,16.57426608000003],[101.05567291200003,16.57568320400003],[101.05652860900005,16.57764477300003],[101.05537256800005,16.580333534000033],[101.05345571600009,16.581532792000075],[101.05223946900009,16.581365512000048],[101.04913350300006,16.58286947700003],[101.04819179900005,16.585128172000054],[101.04581912600008,16.58722338000007],[101.04311833200006,16.588485607000052],[101.04031685900009,16.588886283000022],[101.03790723900005,16.588319600000034],[101.03733823500005,16.582721475000028],[101.03906146000008,16.58238384200007],[101.03899698600009,16.578998713000033],[101.03671182400007,16.576880232000065],[101.03375440600007,16.57707653800003],[101.03212158600007,16.578246885000055],[101.02988512400003,16.578524985000058],[101.02855412000008,16.579406176000077],[101.02712637800005,16.57919120300005],[101.02505769500004,16.575904251000054],[101.02034771500007,16.572568716000035],[101.02046355100003,16.571402351000074],[101.01706277700004,16.570124993000036],[101.01561649400008,16.56860333700007],[101.01444962800008,16.568672182000057],[101.01221963200004,16.570206017000032],[101.01164530100004,16.56925194300004],[101.00560446400004,16.56702395600007],[101.00255327100007,16.56514664300005],[101.00325781700008,16.564088167000023],[101.00129609500004,16.563037287000043],[100.99722025800008,16.55829331800004],[100.99619097900006,16.55456130600004],[100.99253695400006,16.548287235000032],[100.99321973800005,16.546723297000028],[100.99198160000009,16.542296032000024],[100.99273717900007,16.539842992000047],[100.99184221700006,16.53848699100007],[100.99185629500005,16.536020307000058],[100.99080290700005,16.534928356000023],[100.99220254700003,16.530896529000074],[100.99588994000004,16.525119333000077],[100.99975538800004,16.523175640000034],[101.00198959700003,16.52147635500006],[101.00518412600007,16.516697350000072],[101.00515695900003,16.514978383000027],[101.00332869700009,16.511421017000032],[101.00166197400006,16.509808726000074],[101.00120727300003,16.50685672900005],[101.00171886900006,16.505259944000045],[101.00187473100004,16.501165037000078],[101.00261547900004,16.499848049000036],[101.00228797800008,16.498259302000065],[101.00370341600006,16.49470720900007],[101.00321003800008,16.49257426500003],[101.00524522400008,16.48969846700004],[101.00469203300008,16.482786845000078],[101.00497334700003,16.48006854500005],[101.00605094800005,16.479271511000036],[101.00654601100007,16.477548187000025],[101.00691885900005,16.477836267000043],[101.01389459100005,16.47799868900006],[101.01599954400007,16.48018083000005],[101.01786881500004,16.481111877000046],[101.02013573900007,16.481420310000033],[101.02207066200003,16.48093152900003],[101.02491949300008,16.47906983300004],[101.02695007600005,16.476114590000066],[101.02966909600008,16.475089882000077],[101.03072363400008,16.472871283000075],[101.03311687900003,16.47361900900006],[101.03563930700005,16.473538533000067],[101.03677068800005,16.474329560000058],[101.04041654400004,16.473561053000026],[101.04381610600007,16.477272691000053],[101.04645157000004,16.47918820900003],[101.04782208800003,16.47823540400003],[101.04934636300004,16.475702471000034],[101.05220276800009,16.47487325000003],[101.05330351500004,16.473456613000053],[101.05769560800007,16.471940534000055],[101.06415150800007,16.466862267000067],[101.06543323300008,16.466288547000033],[101.07109481200007,16.467522719000044],[101.07230748700005,16.468613274000063],[101.07379487700007,16.47255569500004],[101.07612926900003,16.47287163200002],[101.07827193600008,16.47798145300004],[101.08135425700004,16.481777152000063],[101.08241356000008,16.482389476000037],[101.08659181700006,16.482932487000028],[101.09062908800007,16.484145256000033],[101.09238172100004,16.483827701000052],[101.09699522400007,16.479942866000044],[101.10329779000006,16.47863241500005],[101.10601898400006,16.477143713000032],[101.10968416800006,16.47705030800006],[101.11200065900005,16.47636850400005],[101.11481519300008,16.47633582900005]]]},"properties":{"Shape_Leng":0.56775937865,"Shape_Area":0.00924707493449,"ADM3_EN":"Rim Si Muang","ADM3_TH":"ริมสีม่วง","ADM3_PCODE":"TH671104","ADM2_EN":"Khao Kho","ADM2_TH":"เขาค้อ","ADM2_PCODE":"TH6711","ADM1_EN":"Phetchabun","ADM1_TH":"เพชรบูรณ์","ADM1_PCODE":"TH67","ADM0_EN":"Thailand","ADM0_TH":"ประเทศไทย","ADM0_PCODE":"TH"}},
{"type":"Feature","geometry":{"type":"Polygon","coordinates":[[[101.00654601100007,16.477548187000025],[101.00605094800005,16.479271511000036],[101.00497334700003,16.48006854500005],[101.00469203300008,16.482786845000078],[101.00524522400008,16.48969846700004],[101.00321003800008,16.49257426500003],[101.00370341600006,16.49470720900007],[101.00228797800008,16.498259302000065],[101.00261547900004,16.499848049000036],[101.00187473100004,16.501165037000078],[101.00171886900006,16.505259944000045],[101.00120727300003,16.50685672900005],[101.00166197400006,16.509808726000074],[101.00332869700009,16.511421017000032],[101.00515695900003,16.514978383000027],[101.00518412600007,16.516697350000072],[101.00198959700003,16.52147635500006],[100.99975538800004,16.523175640000034],[100.99588994000004,16.525119333000077],[100.99220254700003,16.530896529000074],[100.99080290700005,16.534928356000023],[100.99185629500005,16.536020307000058],[100.99184221700006,16.53848699100007],[100.99273717900007,16.539842992000047],[100.99198160000009,16.542296032000024],[100.99321973800005,16.546723297000028],[100.99253695400006,16.548287235000032],[100.99619097900006,16.55456130600004],[100.99722025800008,16.55829331800004],[101.00129609500004,16.563037287000043],[101.00325781700008,16.564088167000023],[101.00255327100007,16.56514664300005],[101.00560446400004,16.56702395600007],[101.01164530100004,16.56925194300004],[101.01221963200004,16.570206017000032],[101.01092922300006,16.571244456000045],[101.01111093000009,16.572973724000065],[101.00820233800005,16.57422129100007],[101.00838727100006,16.57521482900006],[101.00661998400005,16.575739191000025],[101.00561513500008,16.57691206900006],[101.00304808400006,16.576769314000046],[101.00198909800008,16.575264856000047],[101.00285129000008,16.574075278000066],[101.00130052400004,16.573949209000034],[101.00116158300006,16.572694167000066],[100.99927655000005,16.57035690400005],[100.99840090000004,16.570379436000053],[100.99631286700009,16.573060207000026],[100.99529805000009,16.572380622000026],[100.99527521100003,16.570146609000062],[100.99419493800008,16.57024754100007],[100.99339778500007,16.571743945000037],[100.98896588500008,16.573452587000077],[100.98640576200006,16.571233783000025],[100.98275570900006,16.57096288300005],[100.97988787800006,16.57217531400005],[100.97813829200004,16.571434286000056],[100.97667230400003,16.572870008000052],[100.97722038000006,16.57404525900006],[100.97571676800004,16.574843634000047],[100.97396028500003,16.572571760000073],[100.97281677800004,16.573285702000078],[100.97087728600007,16.57624009700004],[100.96976250500006,16.576493737000078],[100.96927313100008,16.57836507600007],[100.96733864300006,16.577955573000054],[100.96739122700006,16.580278505000024],[100.96646856200005,16.582471431000045],[100.96527230800007,16.58208386700005],[100.96600601900008,16.584648109000057],[100.96493310700004,16.585988634000046],[100.96650891500008,16.58732663400002],[100.96380739100005,16.588703948000045],[100.96190062400007,16.58891823400006],[100.96067288000006,16.591199415000062],[100.95995048700007,16.59121497800004],[100.95896487100003,16.59337344100004],[100.95703975300006,16.593617987000073],[100.95572912000006,16.59309663500005],[100.95508504700007,16.59168292100003],[100.95558926900009,16.590382199000032],[100.95462810900005,16.58793098900003],[100.95242089600004,16.586139993000074],[100.95153289400008,16.58254561700005],[100.94966442700007,16.582104137000044],[100.94916100500006,16.58031158800003],[100.94774184600004,16.579845094000063],[100.94397740000005,16.577269539000042],[100.94332306800004,16.572497852000026],[100.94144373600005,16.571897879000062],[100.94072127800007,16.57338773300006],[100.93810729800003,16.56957979200007],[100.93821482300007,16.566919944000063],[100.93629486200007,16.565541990000042],[100.93639262300007,16.56452419900006],[100.93937062100008,16.56340317300004],[100.93891586100005,16.560043519000033],[100.93657550100005,16.561808368000072],[100.93545661600007,16.561602547000064],[100.93283794000007,16.558097257000043],[100.93301762300007,16.55650343600007],[100.93057109800009,16.553529276000063],[100.92974813100005,16.554440846000034],[100.92434750600006,16.553622822000023],[100.92469805100006,16.552036892000046],[100.92366449700006,16.551351632000035],[100.92428654500009,16.550135133000026],[100.92626105900007,16.54960408000005],[100.92583154600004,16.54823779000003],[100.92856091600004,16.547086425000032],[100.93042226300008,16.545222299000045],[100.93149220000004,16.54323792100007],[100.93414326800007,16.541173812000068],[100.93459494700005,16.539469772000075],[100.93815059100007,16.539731699000072],[100.93884864800003,16.53851086900005],[100.93852548900009,16.535595040000032],[100.93918265900004,16.533240423000052],[100.93887213000005,16.53129123100007],[100.94018719800005,16.528207482000028],[100.94106026100008,16.527330748000054],[100.94058953100006,16.52481180500007],[100.94247805500004,16.52402219100003],[100.94470467000008,16.521751393000045],[100.94801208200005,16.519216693000033],[100.95103138200005,16.51869556300005],[100.95491106700007,16.51703443400004],[100.95865351300006,16.517521989000045],[100.96141119400005,16.515998357000058],[100.96170076600004,16.513329678000048],[100.96249867200004,16.51231467100007],[100.96035089500003,16.509744488000024],[100.95985064400008,16.506141770000056],[100.96290265200008,16.50318046500007],[100.96491731800006,16.502456093000035],[100.96474597200006,16.500055196000062],[100.96597904200007,16.49557284200006],[100.96611125100009,16.493655357000023],[100.96808671000008,16.49237464600003],[100.96959836100007,16.49286746000007],[100.97173335800005,16.490695783000035],[100.97344800300004,16.489886271000046],[100.97634535000009,16.490420184000072],[100.97679396200004,16.49185537900007],[100.98053799900003,16.49225887700004],[100.98372863100008,16.49029917300004],[100.98470325800008,16.48775512000003],[100.98627332600006,16.485906646000046],[100.98741557400007,16.483195543000022],[100.98987795200009,16.481513230000076],[100.99061890500008,16.479654138000058],[100.99274013500008,16.47663976800004],[100.99450662500004,16.474907364000046],[100.99740441700004,16.473662707000074],[101.00039617600004,16.471613669000078],[101.00420248800003,16.47108066000004],[101.00572370600008,16.47152660200004],[101.00662184200007,16.47274601500004],[101.00654601100007,16.477548187000025]]]},"properties":{"Shape_Leng":0.457129890279,"Shape_Area":0.00505335950597,"ADM3_EN":"Sado Phong","ADM3_TH":"สะเดาะพง","ADM3_PCODE":"TH671105","ADM2_EN":"Khao Kho","ADM2_TH":"เขาค้อ","ADM2_PCODE":"TH6711","ADM1_EN":"Phetchabun","ADM1_TH":"เพชรบูรณ์","ADM1_PCODE":"TH67","ADM0_EN":"Thailand","ADM0_TH":"ประเทศไทย","ADM0_PCODE":"TH"}},
{"type":"Feature","geometry":{"type":"Polygon","coordinates":[[[100.96170076600004,16.513329678000048],[100.96141119400005,16.515998357000058],[100.95865351300006,16.517521989000045],[100.95491106700007,16.51703443400004],[100.95103138200005,16.51869556300005],[100.94801208200005,16.519216693000033],[100.94470467000008,16.521751393000045],[100.94247805500004,16.52402219100003],[100.94058953100006,16.52481180500007],[100.94106026100008,16.527330748000054],[100.94018719800005,16.528207482000028],[100.93887213000005,16.53129123100007],[100.93918265900004,16.533240423000052],[100.93852548900009,16.535595040000032],[100.93884864800003,16.53851086900005],[100.93815059100007,16.539731699000072],[100.93459494700005,16.539469772000075],[100.93414326800007,16.541173812000068],[100.93149220000004,16.54323792100007],[100.93042226300008,16.545222299000045],[100.92856091600004,16.547086425000032],[100.92583154600004,16.54823779000003],[100.92626105900007,16.54960408000005],[100.92428654500009,16.550135133000026],[100.92366449700006,16.551351632000035],[100.92469805100006,16.552036892000046],[100.92434750600006,16.553622822000023],[100.92974813100005,16.554440846000034],[100.93057109800009,16.553529276000063],[100.93301762300007,16.55650343600007],[100.93283794000007,16.558097257000043],[100.93545661600007,16.561602547000064],[100.93657550100005,16.561808368000072],[100.93891586100005,16.560043519000033],[100.93937062100008,16.56340317300004],[100.93639262300007,16.56452419900006],[100.93629486200007,16.565541990000042],[100.93821482300007,16.566919944000063],[100.93810729800003,16.56957979200007],[100.94072127800007,16.57338773300006],[100.94144373600005,16.571897879000062],[100.94332306800004,16.572497852000026],[100.94397740000005,16.577269539000042],[100.94774184600004,16.579845094000063],[100.94916100500006,16.58031158800003],[100.94966442700007,16.582104137000044],[100.95153289400008,16.58254561700005],[100.95242089600004,16.586139993000074],[100.95462810900005,16.58793098900003],[100.95558926900009,16.590382199000032],[100.95508504700007,16.59168292100003],[100.95572912000006,16.59309663500005],[100.95703975300006,16.593617987000073],[100.95777676400007,16.595537619000027],[100.96026369200007,16.595723038000074],[100.96031278500004,16.59731068700006],[100.95839738700005,16.599113548000048],[100.95860016200004,16.600137292000056],[100.95568634300008,16.60127857200007],[100.95232685200006,16.599956707000047],[100.95168537000006,16.60063460300006],[100.95331416300007,16.602746109000066],[100.95306255800006,16.605957999000054],[100.95120582800007,16.60548215600005],[100.94807835900008,16.60317709700007],[100.94770781900007,16.60006770700005],[100.94645477600005,16.59809281300005],[100.94371702300003,16.599394913000026],[100.93998801900005,16.599032758000078],[100.93824516800004,16.601278647000072],[100.93569422800005,16.60262412900005],[100.93590288100006,16.604270469000028],[100.93798134600007,16.60557874400007],[100.93778097300009,16.607093552000038],[100.93564051400006,16.608605492000038],[100.93542078300004,16.61019137200003],[100.93681293000009,16.61320749500004],[100.93441633700007,16.614180444000056],[100.93414227200009,16.61534791100007],[100.93852722000008,16.617180888000064],[100.93926095400008,16.619355633000055],[100.93753846800007,16.620066139000073],[100.93766976400008,16.62465528000007],[100.94079010900003,16.62841015300006],[100.94070398000008,16.62991172900007],[100.93743637000006,16.629292693000025],[100.93660197100007,16.629809257000034],[100.93690779400004,16.633287911000025],[100.93557300100008,16.635871201000043],[100.93644274500008,16.63727128900007],[100.93509796000006,16.641670582000074],[100.93654941700004,16.642651588000035],[100.93677677900007,16.644720927000037],[100.93540159300005,16.64506083300006],[100.93633766800008,16.647193126000047],[100.93502386000006,16.648129898000036],[100.93373400800004,16.65280400300003],[100.93436216900005,16.655845717000034],[100.93195554500005,16.657689357000038],[100.93053283100005,16.659381660000065],[100.93089538800007,16.66042943900004],[100.93408101500006,16.66111766100005],[100.93789882200008,16.661195707000047],[100.93865229900007,16.66216870900007],[100.93558242200004,16.664961274000063],[100.93520955000008,16.666089017000047],[100.93530985700005,16.670460612000056],[100.93579478600009,16.672350004000066],[100.93830648300008,16.67494769600006],[100.93641141300009,16.67796984900002],[100.94245505700007,16.680392829000027],[100.94256225300006,16.68106930600004],[100.93647354900008,16.682181721000063],[100.93400569000005,16.681721164000066],[100.93193827700009,16.68021058200003],[100.92827025000008,16.671238034000055],[100.92784199100004,16.666304515000036],[100.92744460900008,16.665307685000073],[100.92529327200003,16.663971101000072],[100.92205538900004,16.663216594000062],[100.92019106200007,16.66401929400007],[100.91768957600004,16.668372297000076],[100.91466574300006,16.669752677000076],[100.90858433900007,16.66783434900003],[100.90600652700005,16.66859563400004],[100.90370934400005,16.666736522000065],[100.90145907400006,16.667776381000067],[100.90001710200005,16.667596324000044],[100.89623728500004,16.668514450000032],[100.89430070800006,16.669627109000032],[100.88956033300008,16.668655600000022],[100.88879818100008,16.66762138000007],[100.88698875100005,16.66715023100005],[100.88555543400008,16.66585678100006],[100.88469169700005,16.663887809000073],[100.88464902300007,16.65829494600007],[100.88351451700004,16.655770266000047],[100.87854119700006,16.65047794800006],[100.87637412800007,16.649671951000073],[100.87063052100007,16.649491269000066],[100.86838314500005,16.648024063000037],[100.86516748600008,16.644508572000063],[100.86215392100007,16.638891933000025],[100.86160300100005,16.635134398000048],[100.86185998800005,16.623989363000078],[100.86478411000007,16.622598711000023],[100.86539943000008,16.620967111000027],[100.86319181100004,16.615755458000024],[100.86182263800004,16.614447084000062],[100.85988032800009,16.61501826400007],[100.85717318600007,16.61655937300003],[100.85268459200006,16.61462509100005],[100.85511181100009,16.613044651000052],[100.85492148900005,16.60832089200005],[100.85177755800004,16.60648470700005],[100.85137654300007,16.605633299000033],[100.85156962200006,16.602251783000042],[100.85260565300007,16.59988128400005],[100.85436484200005,16.598835498000028],[100.85443343100007,16.597070634000033],[100.85066668700006,16.59671720800003],[100.84749829900005,16.592595076000066],[100.84805652900008,16.590260599000032],[100.84813403700008,16.586612149000075],[100.85067446000005,16.583989177000035],[100.84972598800005,16.582715476000033],[100.84763929900004,16.581867215000045],[100.84734297000006,16.58017497700007],[100.84573725600006,16.577981976000046],[100.84605599600008,16.577229659000068],[100.84991318800007,16.577184387000045],[100.85076444600008,16.576628134000032],[100.85018057700006,16.573424318000036],[100.85086201700005,16.56921948400003],[100.85079100700005,16.567048689000046],[100.85243903500003,16.56337994200004],[100.85328433300003,16.560023890000025],[100.85580254200005,16.55990477200004],[100.85657212800004,16.55727961300005],[100.85787749900004,16.55633240700007],[100.85785300600008,16.553776472000038],[100.85844687900004,16.552981311000053],[100.85775056800009,16.550569258000053],[100.85848786300005,16.54940486000004],[100.85833115700007,16.546695512000042],[100.85715100300007,16.544895406000023],[100.85376276200009,16.543105259000072],[100.84857795400006,16.542035612000063],[100.84673349300004,16.54252905100003],[100.84604260500004,16.541896595000026],[100.84666317700004,16.538338579000026],[100.84880280000004,16.53688100000005],[100.84982235500007,16.535271860000023],[100.84999748200005,16.530492020000054],[100.84769602400007,16.528136649000032],[100.84947585400005,16.526055994000046],[100.84864369500008,16.522324025000046],[100.84472850500003,16.52085272100004],[100.84145006300008,16.523742905000063],[100.83767680500006,16.522539795000057],[100.83429927100008,16.520075306000024],[100.83372477700004,16.518444895000073],[100.83463627700007,16.515653130000032],[100.83633727900008,16.513910053000075],[100.83528940700006,16.510202177000053],[100.83362084500004,16.507540042000073],[100.83379696300005,16.504028556000037],[100.84733656700007,16.50263166700006],[100.84907817900006,16.50363539400007],[100.84965410800004,16.507384969000043],[100.85044651100009,16.508920894000028],[100.85626318500005,16.51086371300005],[100.85913549900005,16.510623788000032],[100.86280119900005,16.508647868000025],[100.86555186500004,16.508436606000032],[100.87009019500005,16.509150216000023],[100.87216716100005,16.508529897000074],[100.87891047400007,16.50483574900005],[100.88048964600006,16.502401908000024],[100.88087230200006,16.499702271000046],[100.88195929800008,16.49706025200004],[100.87976994600007,16.492406129000074],[100.88074866200009,16.48982897700006],[100.88288929900006,16.490163377000044],[100.88522708600004,16.493025189000036],[100.89073695800005,16.49418017200003],[100.89053983200006,16.49344473000002],[100.89221629300005,16.491664526000022],[100.89536289000006,16.49039575000006],[100.89740159000007,16.487186008000037],[100.89941192600008,16.48611862100006],[100.90371606300005,16.48473160900005],[100.90704396700005,16.48756946700007],[100.91020036700007,16.489061786000036],[100.91363616300004,16.49210972000003],[100.91540790200008,16.494878911000058],[100.92044156100008,16.499279926000042],[100.92511834600003,16.502164529000027],[100.92601897600008,16.505209123000043],[100.92735182100006,16.507282616000055],[100.92915719600006,16.508096926000064],[100.93122921100007,16.507930876000046],[100.93688662800008,16.505151470000044],[100.93849776100006,16.505025244000024],[100.93946859700009,16.506776229000025],[100.93940948300008,16.50977583200006],[100.94176197300004,16.511158918000035],[100.94236083500004,16.514580945000034],[100.94328288500009,16.515015006000056],[100.94673739600006,16.51370545700007],[100.94959272700004,16.513770910000062],[100.95229871100008,16.51139136300003],[100.95624891700004,16.511824184000034],[100.96170076600004,16.513329678000048]]]},"properties":{"Shape_Leng":0.808421380729,"Shape_Area":0.0142661377141,"ADM3_EN":"Nong Mae Na","ADM3_TH":"หนองแม่นา","ADM3_PCODE":"TH671106","ADM2_EN":"Khao Kho","ADM2_TH":"เขาค้อ","ADM2_PCODE":"TH6711","ADM1_EN":"Phetchabun","ADM1_TH":"เพชรบูรณ์","ADM1_PCODE":"TH67","ADM0_EN":"Thailand","ADM0_TH":"ประเทศไทย","ADM0_PCODE":"TH"}},
{"type":"Feature","geometry":{"type":"Polygon","coordinates":[[[101.07904047000005,16.899557526000024],[101.07619646100005,16.901518972000076],[101.07405839900008,16.902206972000045],[101.06852053300008,16.902129770000045],[101.06456760500004,16.903802702000064],[101.06216308500007,16.906237127000054],[101.05691649000005,16.907582362000028],[101.05311716900007,16.907035129000064],[101.05031011800008,16.907356148000076],[101.04815671300008,16.906759516000022],[101.04436674600004,16.904284662000066],[101.04025752500007,16.899936469000068],[101.03880911500005,16.899481277000064],[101.03858840000004,16.89832578900007],[101.03502895500009,16.896129574000042],[101.03414483800003,16.894624615000055],[101.03256194100004,16.894719112000075],[101.03051609800008,16.89241374200003],[101.03082336900007,16.889541877000056],[101.02996635500006,16.888779877000047],[101.02900859200008,16.884733649000054],[101.02755570100004,16.882767133000073],[101.02874808600006,16.880213040000058],[101.02732650500008,16.87781816000006],[101.02694732000003,16.87449592200005],[101.02457005800005,16.870735311000033],[101.02333252900007,16.870506659000057],[101.02214444800006,16.868086412000025],[101.01719645000009,16.867195536000054],[101.01287044700007,16.86308410500004],[101.01243561800004,16.86156551600004],[101.01277878400003,16.85852293800002],[101.01204046400005,16.858237047000046],[101.01001958100005,16.86032310300004],[101.00801945900008,16.856529855000076],[101.00355772000006,16.85544062100007],[101.00153817400007,16.85696943100004],[101.00048771500008,16.855338827000026],[100.99661833300007,16.854964541000072],[100.99376416600006,16.854241155000068],[100.99233225900008,16.855254813000045],[100.99182811700007,16.85313885100004],[100.98889386700006,16.850628019000055],[100.98514555300005,16.84963164100003],[100.98181467800003,16.849563836000073],[100.97940441300005,16.847143320000043],[100.98274894300005,16.84474461600007],[100.97959999000005,16.843302898000047],[100.97965176700006,16.842496046000065],[100.97573168400004,16.840382860000034],[100.97449064400007,16.84269813900005],[100.97271225100008,16.842006328000025],[100.97442959100005,16.839163927000072],[100.97759762200008,16.836405480000053],[100.97809420600004,16.838206779000075],[100.97946059600008,16.838136673000065],[100.97985543700008,16.836272096000073],[100.98150474800008,16.834059256000046],[100.97982130900004,16.830054707000045],[100.97738968900006,16.831708066000033],[100.97693355900009,16.830613234000054],[100.97890268800006,16.827526112000044],[100.97766278800003,16.82629468300007],[100.97665742300006,16.828123873000038],[100.97542500200007,16.82791074100004],[100.97432290200004,16.829657225000062],[100.97421178900004,16.82747247900005],[100.97484293700006,16.825902263000046],[100.97287492000004,16.825725741000042],[100.97196291700004,16.82434002100007],[100.97127416500007,16.825438701000053],[100.97270177900003,16.829020368000045],[100.97192866900008,16.829766385000028],[100.96826728600007,16.830658897000035],[100.96727272700008,16.830314384000076],[100.96518447000005,16.827848853000035],[100.96243651600008,16.830740518000027],[100.96043906100005,16.830413925000073],[100.96075539000009,16.82879291300003],[100.95919005300004,16.82505118800003],[100.95440264400008,16.826007383000047],[100.95459770200006,16.824009962000048],[100.95323609300004,16.822866798000064],[100.95382083700008,16.820675772000072],[100.95691360300003,16.821035116000076],[100.95749499800007,16.819450372000063],[100.95542042700004,16.81722647400005],[100.95821643300008,16.81701746300007],[100.95727540500008,16.813270516000046],[100.95531991500008,16.813311113000054],[100.95516185500009,16.81145009100004],[100.95587381700005,16.810380286000054],[100.95858250400005,16.810083169000052],[100.95671184900004,16.805172921000064],[100.95389089100007,16.80495041300003],[100.95316876700008,16.802735934000054],[100.95693637500005,16.801073646000077],[100.95679070600005,16.800241718000052],[100.95469413800004,16.798456318000035],[100.95543301100008,16.795893784000043],[100.95667167100004,16.794777063000026],[100.95714200900005,16.792760488000056],[100.95533637500006,16.791643436000072],[100.95254652200003,16.790725431000055],[100.95184980200008,16.789858965000064],[100.95222700800008,16.787771014000043],[100.95365792900009,16.786686381000038],[100.95309052800008,16.784349487000043],[100.95619567600005,16.783238991000076],[100.95819800000004,16.78329826600003],[100.96061853900005,16.78163033900006],[100.96227285900005,16.78284132500005],[100.96410306500007,16.78166524100004],[100.96948796700008,16.779860075000045],[100.97157643700007,16.785597232000043],[100.97340757200004,16.785447141000077],[100.97435757900007,16.781039416000056],[100.97501444500006,16.77536694500003],[100.97573357600004,16.773932701000035],[100.97604703000007,16.771288820000052],[100.97791502900009,16.76930188500006],[100.97819791400008,16.766175952000026],[100.98069507400004,16.76465901100005],[100.98282006500006,16.76633336900005],[100.98387240600005,16.76510932900004],[100.98579941100007,16.761274184000058],[100.98587411400007,16.75920720000005],[100.98672648900003,16.75780195400006],[100.98872852400007,16.756658221000066],[100.99117784100008,16.76166784800006],[100.99365984700006,16.763310051000076],[100.99556214600005,16.76201377600006],[100.99676547300004,16.76312412300007],[100.99588443600004,16.765538998000068],[100.99563587700004,16.77151294300006],[100.99607613100005,16.77459740200004],[100.99496847800003,16.779984778000028],[100.99666894700005,16.782180512000025],[100.99790929600005,16.787144685000044],[101.00162928200007,16.78937446200007],[101.00586565800006,16.790393750000078],[101.00729333500004,16.79182978500006],[101.01021051800006,16.792347412000026],[101.01152025600004,16.79342364000007],[101.01211671200008,16.79521065800003],[101.01333678700007,16.796378963000052],[101.01669983600004,16.797700505000023],[101.02103533900004,16.798123538000027],[101.02460500000007,16.799250761000053],[101.03030578200008,16.800390546000074],[101.03444942900006,16.802460273000065],[101.03560685300005,16.803479608000032],[101.03676361700008,16.805947036000077],[101.03845933000008,16.807838616000026],[101.04046601400006,16.80885628900006],[101.04440238100005,16.80895629400004],[101.04474560900007,16.809495353000045],[101.04527749100004,16.816493644000047],[101.04795174400004,16.819725868000035],[101.05573115900006,16.82286731000005],[101.05785192800005,16.827454508000073],[101.05754658400008,16.832413083000063],[101.05779007000007,16.834289788000035],[101.05924689100004,16.83867679100007],[101.05859360000005,16.846906405000027],[101.05895765600008,16.849787826000068],[101.06095840300009,16.858880920000047],[101.06169205100008,16.86075112800006],[101.06114862100009,16.864478662000067],[101.05994678000008,16.867369332000067],[101.05932433500004,16.87198982500007],[101.06120734200005,16.881988328000034],[101.06205427400005,16.88330413700004],[101.06532579800006,16.886135996000064],[101.07063272700003,16.88705483600006],[101.07392268000007,16.88911927600003],[101.07609261500005,16.892078748000074],[101.07671020500004,16.896414395000022],[101.07904047000005,16.899557526000024]]]},"properties":{"Shape_Leng":0.581486557018,"Shape_Area":0.00791957560333,"ADM3_EN":"Khek Noi","ADM3_TH":"เข็กน้อย","ADM3_PCODE":"TH671107","ADM2_EN":"Khao Kho","ADM2_TH":"เขาค้อ","ADM2_PCODE":"TH6711","ADM1_EN":"Phetchabun","ADM1_TH":"เพชรบูรณ์","ADM1_PCODE":"TH67","ADM0_EN":"Thailand","ADM0_TH":"ประเทศไทย","ADM0_PCODE":"TH"}}
]}