{"type":"FeatureCollection", "features": [
{"type":"Feature","geometry":{"type":"Polygon","coordinates":[[[100.15751492000004,18.14697351800004],[100.15805184900006,18.152480530000048],[100.15688901700008,18.155002024000055],[100.15137719800003,18.154865572000062],[100.14459773600004,18.152202696000074],[100.14316285700005,18.150403781000023],[100.13895728200004,18.14993193400005],[100.13433377000007,18.150368891000028],[100.13271186300005,18.149649302000057],[100.13132602900004,18.145040064000057],[100.13005513500008,18.143381447000024],[100.12549482700007,18.14246876800007],[100.12921581100005,18.140572090000035],[100.13334076100006,18.134063655000034],[100.14412915800006,18.129900032000023],[100.15391646000006,18.13462303800003],[100.15590215400005,18.139224897000076],[100.15751492000004,18.14697351800004]]]},"properties":{"Shape_Leng":0.0933544919439,"Shape_Area":0.000506942800854,"ADM3_EN":"Nai Wiang","ADM3_TH":"ในเวียง","ADM3_PCODE":"TH540101","ADM2_EN":"Mueang Phrae","ADM2_TH":"เมืองแพร่","ADM2_PCODE":"TH5401","ADM1_EN":"Phrae","ADM1_TH":"แพร่","ADM1_PCODE":"TH54","ADM0_EN":"Thailand","ADM0_TH":"ประเทศไทย","ADM0_PCODE":"TH"}},
{"type":"Feature","geometry":{"type":"Polygon","coordinates":[[[100.14412915800006,18.129900032000023],[100.13873915500005,18.115507338000043],[100.14200108900008,18.114919735000058],[100.14452332500008,18.11259196800006],[100.14873110800005,18.110944010000026],[100.15039788700005,18.10881256500005],[100.15421713300003,18.10764511900004],[100.15609065200005,18.105428490000065],[100.16288420000006,18.102926058000037],[100.16738143300006,18.103194743000074],[100.16812736100007,18.099880019000068],[100.17098475100005,18.10069793300005],[100.17696146700007,18.09427486100003],[100.17782544700003,18.094534864000025],[100.18051995800005,18.090668668000035],[100.18350781400005,18.08791442000006],[100.18654777200004,18.09008716200003],[100.18772495700006,18.10159611000006],[100.18761045000008,18.10467688500006],[100.18506296900006,18.10685883700006],[100.18046944700006,18.10884526500007],[100.17661555700005,18.11213191400003],[100.16943512800003,18.11987635400004],[100.17148065700007,18.119935318000046],[100.17377152900008,18.123375458000055],[100.17214714000005,18.128891735000025],[100.16840540700008,18.12941592900006],[100.16658888600006,18.131454200000064],[100.15854494600006,18.130966451000063],[100.15391646000006,18.13462303800003],[100.14412915800006,18.129900032000023]]]},"properties":{"Shape_Leng":0.166148742975,"Shape_Area":0.00104259963498,"ADM3_EN":"Na Chak","ADM3_TH":"นาจักร","ADM3_PCODE":"TH540102","ADM2_EN":"Mueang Phrae","ADM2_TH":"เมืองแพร่","ADM2_PCODE":"TH5401","ADM1_EN":"Phrae","ADM1_TH":"แพร่","ADM1_PCODE":"TH54","ADM0_EN":"Thailand","ADM0_TH":"ประเทศไทย","ADM0_PCODE":"TH"}},
{"type":"Feature","geometry":{"type":"Polygon","coordinates":[[[100.33280925400004,18.160217369000065],[100.33203858400003,18.161772119000034],[100.32515313300007,18.163291337000032],[100.32080741900006,18.163470351000058],[100.31751863700003,18.166228744000023],[100.31016931600004,18.169248194000033],[100.30909194200007,18.167556991000026],[100.30142294400008,18.170481049000045],[100.29863730300008,18.168885619000037],[100.29542485700006,18.168265478000023],[100.29174629300007,18.166047109000033],[100.28619951400003,18.16615561800006],[100.28474048500004,18.165102155000056],[100.28096432100006,18.167029858000035],[100.28044490000008,18.168419391000043],[100.27715143600005,18.169791221000025],[100.26659730400007,18.172253821000027],[100.26416126100008,18.17535601800006],[100.25892007600004,18.177503358000024],[100.25713402500008,18.17728046900004],[100.25246093300007,18.18122228900006],[100.25131528600008,18.18400543300004],[100.24800915700007,18.186438275000057],[100.24634217000005,18.192036547000043],[100.24774509700006,18.193631897000046],[100.24507958900006,18.197640243000023],[100.24138017800004,18.19966547100006],[100.24006481400005,18.202938049000068],[100.23354973400006,18.208000501000072],[100.23067225500006,18.208737688000042],[100.22766354500004,18.212294833000044],[100.22585966300005,18.21305459100006],[100.21747742000008,18.20391558700004],[100.21562523100005,18.200860239000065],[100.20819039500009,18.19671019200007],[100.20609359700006,18.19462696900007],[100.20573404300006,18.192744867000044],[100.20809690600004,18.188980043000072],[100.20628353600006,18.18523153500007],[100.20126160900008,18.180155911000043],[100.20007903500004,18.17737736400005],[100.20817114900007,18.17660687700004],[100.21024093900007,18.17625166600004],[100.21225376000007,18.17782218700006],[100.21361501400008,18.180930130000036],[100.21607103100007,18.18168967400004],[100.21828405900004,18.185583759000053],[100.22223350500008,18.18619173700006],[100.23124540100008,18.184311111000056],[100.23545518000009,18.17952686500007],[100.23684302200007,18.174703108000074],[100.23869025900007,18.173481538000033],[100.24301327300009,18.173322479000035],[100.24735584100006,18.17512345500006],[100.25139515100005,18.175483058000054],[100.25420629300004,18.173941746000025],[100.25609333600005,18.17406259300003],[100.25647515100007,18.17050875700005],[100.26145204000005,18.168625359000032],[100.26371994000004,18.165584995000074],[100.26855564100003,18.16541397700007],[100.27040233200006,18.163494237000066],[100.27612475300003,18.16412929200004],[100.27976500100004,18.16093212000004],[100.28293299400008,18.161194473000023],[100.28659058600005,18.15908520100004],[100.29289536300007,18.15667462300007],[100.29747006600007,18.15703699900007],[100.30040705700009,18.155819303000044],[100.30133923900007,18.153828757000042],[100.30370418500007,18.15544950900005],[100.30634821100006,18.154718339000055],[100.30764209700004,18.15121656200006],[100.31018603600006,18.149900812000055],[100.31043222500006,18.147000511000044],[100.31256134800009,18.145340376000036],[100.31497009600008,18.145449017000033],[100.31624821500009,18.148578844000042],[100.31852069800004,18.148986835000073],[100.32025731500005,18.150728576000063],[100.32334550500008,18.156496657000048],[100.32570828200005,18.158671629000025],[100.32946310100004,18.160182169000052],[100.33280925400004,18.160217369000065]]]},"properties":{"Shape_Leng":0.373217385751,"Shape_Area":0.00183846502184,"ADM3_EN":"Nam Cham","ADM3_TH":"น้ำชำ","ADM3_PCODE":"TH540103","ADM2_EN":"Mueang Phrae","ADM2_TH":"เมืองแพร่","ADM2_PCODE":"TH5401","ADM1_EN":"Phrae","ADM1_TH":"แพร่","ADM1_PCODE":"TH54","ADM0_EN":"Thailand","ADM0_TH":"ประเทศไทย","ADM0_PCODE":"TH"}},
{"type":"Feature","geometry":{"type":"Polygon","coordinates":[[[100.18772495700006,18.10159611000006],[100.19218876000008,18.09608382400006],[100.19768424500006,18.09064782400003],[100.20154308600007,18.087834960000066],[100.20882473500006,18.088686600000074],[100.21244869400005,18.088257472000066],[100.21320407800005,18.083872556000074],[100.21597829400008,18.08151975900006],[100.21463511200005,18.078531793000025],[100.21739495300005,18.076712822000047],[100.22201274800005,18.070975563000047],[100.22182199700006,18.06892190600007],[100.22496944800008,18.066910522000057],[100.22573137700005,18.063599719000024],[100.23201230000006,18.05912316100006],[100.23192716200003,18.05572729000005],[100.23726170700007,18.05394164100005],[100.23873614100006,18.05452013000007],[100.24191151700006,18.05089982000004],[100.24509337400008,18.05023263100003],[100.24960259700003,18.05074623400003],[100.25358462200006,18.05025009900004],[100.25286048700008,18.04613480100005],[100.25387470700008,18.044486556000038],[100.25773562900008,18.043602202000045],[100.25923947800004,18.042339683000023],[100.25831179300008,18.040193017000036],[100.26180527900004,18.039509963000057],[100.26140195200009,18.03532024200007],[100.26396491300005,18.03542109400007],[100.26630929600003,18.034044493000067],[100.27107892700008,18.03670461200005],[100.27399428500007,18.035262126000077],[100.27721072600008,18.037133571000027],[100.28069342700007,18.037482574000023],[100.28285980300006,18.03868337800003],[100.28733045900003,18.03599895600007],[100.28843422800009,18.03696393900003],[100.29183666700004,18.033607824000057],[100.29019808000004,18.02950718200003],[100.29181149900006,18.026965589000042],[100.29615234300007,18.026060791000077],[100.29745039900007,18.026878140000065],[100.30202351500009,18.024668134000024],[100.30233938300006,18.023100662000047],[100.30555730400005,18.023094900000046],[100.30741881900008,18.024350622000043],[100.31126971000003,18.023044507000066],[100.31108740700006,18.02157531100005],[100.30658243400006,18.021574943000076],[100.30914178600005,18.01895888100006],[100.30704871400008,18.016038081000033],[100.31056294200005,18.013995520000037],[100.30819246300007,18.01319301500007],[100.30666970400006,18.011094963000062],[100.31075709300006,18.012099031000048],[100.31202597500004,18.010643480000056],[100.31184418600009,18.015529162000064],[100.31469017500007,18.019008475000078],[100.31676940800008,18.016604263000033],[100.31811891600006,18.01899104200004],[100.31568414200007,18.021155805000035],[100.31899597700004,18.022069388000034],[100.31944177600008,18.024374476000048],[100.31618812600004,18.026668457000028],[100.31909639300005,18.02828482600006],[100.32264890000005,18.02746028300004],[100.32344835500004,18.023932339000055],[100.32181551100007,18.02081699100006],[100.32161574200006,18.01825378700005],[100.32395439300007,18.018215999000063],[100.32574144400007,18.01564376500005],[100.32979870500009,18.013715004000062],[100.33036369400008,18.016798318000042],[100.33511778400003,18.01310430700005],[100.33889809000004,18.016282583000077],[100.34052086900004,18.01478860700007],[100.34255969500003,18.010818245000053],[100.34786922000006,18.01068612200004],[100.34713762500007,18.006067211000072],[100.35100660200004,18.00389091200003],[100.35301122700008,18.001414443000044],[100.35451096200006,18.00341664800004],[100.35688155000008,18.002111419000073],[100.36035051900006,18.00181483700004],[100.36233227100007,18.000521346000028],[100.36315511700008,17.99775678700007],[100.36825217400008,17.99382679000007],[100.36932052600008,17.996074417000045],[100.37605033600005,18.000225759000045],[100.37915085300006,18.003839581000022],[100.37945036800005,18.00703039600006],[100.38154609100008,18.011585839000077],[100.38522963000008,18.012299339000037],[100.38667245000005,18.01465451100006],[100.38820880500003,18.01465810600007],[100.39035748500004,18.018789600000048],[100.39400220500005,18.021012057000064],[100.40064534500004,18.020895951000057],[100.40392819500005,18.023013750000075],[100.40806194600003,18.024005835000025],[100.41429748700006,18.021697394000057],[100.41743529200005,18.02732012000007],[100.41772912700009,18.03026324700005],[100.41573080200004,18.03723799900007],[100.41226248800007,18.040938107000045],[100.41217729000005,18.042216378000035],[100.40864257000004,18.047182388000067],[100.40790974800007,18.051799419000076],[100.40918184700007,18.054199424000046],[100.40915200600006,18.05708067100005],[100.40744506700008,18.060420270000066],[100.40337465400006,18.065252197000063],[100.40519394600005,18.067532450000044],[100.40984215600008,18.075123016000077],[100.40097423500004,18.08336981700006],[100.39712244500004,18.08310603800004],[100.39583724100004,18.085818964000055],[100.39646373300008,18.089583059000063],[100.39795783600005,18.09058438900007],[100.39639932300008,18.092824547000077],[100.39657193600004,18.09613969000003],[100.40002831700008,18.10024755200004],[100.39745841000007,18.10797217000004],[100.39360715000004,18.11296190300004],[100.39229213800007,18.11847707900006],[100.39425978800006,18.121869545000038],[100.39643374600007,18.12766638900007],[100.39790559900007,18.134939664000058],[100.39755596500004,18.136084654000058],[100.39385911600004,18.137965437000048],[100.39312393100005,18.139730738000026],[100.38675508200004,18.138937678000048],[100.37891663500005,18.142488381000078],[100.37297293200004,18.148864796000055],[100.37120069200006,18.149878297000043],[100.36716422000006,18.149561086000062],[100.36515495300006,18.14509090100006],[100.36311307600005,18.144469015000027],[100.35707685000006,18.144336577000047],[100.35735038600006,18.139999271000022],[100.35416194500004,18.137164041000062],[100.35368947500007,18.132603621000044],[100.34956377600008,18.12971460800003],[100.34916618800008,18.12626707900006],[100.35023525600008,18.123164158000066],[100.34674467300005,18.122399952000023],[100.34198995800006,18.11600298700006],[100.33810345400008,18.11392845100005],[100.33357575200006,18.113803007000058],[100.32687232100005,18.112249575000078],[100.32011467000007,18.112201888000072],[100.31730315200008,18.10908444100005],[100.30476983700004,18.11093446900003],[100.30332404200004,18.110077584000067],[100.30431957900004,18.10772576200003],[100.30081704400004,18.10465969300003],[100.29652570300004,18.103216148000058],[100.29257373100006,18.09954947400007],[100.28909136300007,18.099571514000047],[100.28209220400004,18.094701706000023],[100.28010993400005,18.094590522000033],[100.27801310200005,18.098527026000056],[100.27504877400008,18.10043269600004],[100.27404538100006,18.10248463100004],[100.26882479500006,18.10541940300004],[100.26139287200004,18.10580430300007],[100.25721530400006,18.106787233000034],[100.25335188700006,18.109046782000064],[100.25195343300004,18.11111614300006],[100.24778916100007,18.112933627000075],[100.24469780000004,18.111327411000048],[100.23803948700004,18.112330550000024],[100.23546457000003,18.111353483000073],[100.23074835400007,18.113897501000054],[100.22580663600007,18.115756376000036],[100.21968140500007,18.117129758000033],[100.21504383800004,18.119731296000054],[100.21184885300005,18.120178617000022],[100.21184315900007,18.122527044000037],[100.20977675700004,18.123183982000057],[100.20748137900006,18.122034083000074],[100.20896350300006,18.115741462000074],[100.20638160700008,18.10776991800003],[100.20482326200005,18.103283762000046],[100.19710528700006,18.105890487000067],[100.19285504200008,18.105359676000035],[100.19048944600007,18.105951563000076],[100.18761045000008,18.10467688500006],[100.18772495700006,18.10159611000006]]]},"properties":{"Shape_Leng":0.863257052503,"Shape_Area":0.0176720845567,"ADM3_EN":"Pa Daeng","ADM3_TH":"ป่าแดง","ADM3_PCODE":"TH540104","ADM2_EN":"Mueang Phrae","ADM2_TH":"เมืองแพร่","ADM2_PCODE":"TH5401","ADM1_EN":"Phrae","ADM1_TH":"แพร่","ADM1_PCODE":"TH54","ADM0_EN":"Thailand","ADM0_TH":"ประเทศไทย","ADM0_PCODE":"TH"}},
{"type":"Feature","geometry":{"type":"Polygon","coordinates":[[[100.20609359700006,18.19462696900007],[100.20001776700008,18.197518787000035],[100.19344692700008,18.19984512700006],[100.19088826000007,18.200128499000073],[100.18763789800005,18.198840793000045],[100.18613251900007,18.201669990000028],[100.18311104900005,18.200048112000047],[100.18160668000007,18.198089340000024],[100.17867534400006,18.19646232100007],[100.17519629800006,18.195727549000026],[100.16974035500004,18.197929060000035],[100.16513982700008,18.193313484000043],[100.16258406800006,18.19294447900006],[100.16230690200007,18.188917855000057],[100.16629203200006,18.18504121600006],[100.16628737800005,18.18179066700003],[100.16221458900009,18.179139021000026],[100.15704699800006,18.178288645000066],[100.15513260800009,18.176226820000068],[100.15520325100005,18.174592204000078],[100.15311800700005,18.172963477000053],[100.15088958100006,18.170893411000065],[100.15160405000006,18.16935142600005],[100.15812859100004,18.169183402000044],[100.16000944800004,18.163855110000043],[100.16440932800003,18.164658872000075],[100.17507757300007,18.159979258000078],[100.17628358900004,18.159794696000063],[100.18220214500008,18.178234211000074],[100.18450666400008,18.178444961000025],[100.18768754400008,18.18018289400004],[100.19399919700004,18.180326871000034],[100.19797421700008,18.17650800900003],[100.20007903500004,18.17737736400005],[100.20126160900008,18.180155911000043],[100.20628353600006,18.18523153500007],[100.20809690600004,18.188980043000072],[100.20573404300006,18.192744867000044],[100.20609359700006,18.19462696900007]]]},"properties":{"Shape_Leng":0.187493644773,"Shape_Area":0.00115834109872,"ADM3_EN":"Thung Hong","ADM3_TH":"ทุ่งโฮ้ง","ADM3_PCODE":"TH540105","ADM2_EN":"Mueang Phrae","ADM2_TH":"เมืองแพร่","ADM2_PCODE":"TH5401","ADM1_EN":"Phrae","ADM1_TH":"แพร่","ADM1_PCODE":"TH54","ADM0_EN":"Thailand","ADM0_TH":"ประเทศไทย","ADM0_PCODE":"TH"}},
{"type":"Feature","geometry":{"type":"Polygon","coordinates":[[[100.15391646000006,18.13462303800003],[100.15854494600006,18.130966451000063],[100.16658888600006,18.131454200000064],[100.16687145000009,18.139041741000028],[100.17523647800004,18.137347159000058],[100.17998442900006,18.13681510400005],[100.18090162900006,18.138302655000075],[100.18332012100007,18.13871246900004],[100.18652402500004,18.139073815000074],[100.18900275000004,18.14102292000007],[100.19029164600005,18.143410432000053],[100.19985717800006,18.149295412000072],[100.20219500100006,18.151366712000026],[100.20591396200007,18.156090937000045],[100.21054833600004,18.159023154000067],[100.22308652900006,18.171665962000077],[100.22521335900007,18.17437492700003],[100.22819942500007,18.17411720900003],[100.23097321000006,18.18076921000005],[100.23124540100008,18.184311111000056],[100.22223350500008,18.18619173700006],[100.21828405900004,18.185583759000053],[100.21607103100007,18.18168967400004],[100.21361501400008,18.180930130000036],[100.21225376000007,18.17782218700006],[100.21024093900007,18.17625166600004],[100.20817114900007,18.17660687700004],[100.20950506500009,18.174722341000063],[100.20847847000005,18.165096454000036],[100.20761364900005,18.163782280000078],[100.20843897500004,18.160977814000034],[100.20642713800004,18.16029191800004],[100.20247658500006,18.156564441000057],[100.20076736300007,18.15819123800003],[100.19943997900003,18.15700155600007],[100.19784898100005,18.158136160000026],[100.19257970500007,18.15884317000007],[100.18713047300008,18.152493366000044],[100.18773282400008,18.148967277000054],[100.18431690800008,18.149934612000038],[100.18214007900008,18.152099940000028],[100.18166812900006,18.156413929000053],[100.17716737700005,18.154472613000053],[100.17488297800008,18.15519923000005],[100.17159705600005,18.14503214900003],[100.16851145700008,18.143853669000066],[100.15751492000004,18.14697351800004],[100.15590215400005,18.139224897000076],[100.15391646000006,18.13462303800003]]]},"properties":{"Shape_Leng":0.255173639772,"Shape_Area":0.000934019071324,"ADM3_EN":"Mueang Mo","ADM3_TH":"เหมืองหม้อ","ADM3_PCODE":"TH540106","ADM2_EN":"Mueang Phrae","ADM2_TH":"เมืองแพร่","ADM2_PCODE":"TH5401","ADM1_EN":"Phrae","ADM1_TH":"แพร่","ADM1_PCODE":"TH54","ADM0_EN":"Thailand","ADM0_TH":"ประเทศไทย","ADM0_PCODE":"TH"}},
{"type":"Feature","geometry":{"type":"Polygon","coordinates":[[[100.14296094600007,18.19659844000006],[100.14256203800005,18.198195050000038],[100.14766610700008,18.201899669000056],[100.14994636300008,18.207772517000024],[100.14871272600004,18.209819061000076],[100.14046636300009,18.20840505900003],[100.13780030300006,18.209155432000045],[100.13347489600005,18.215590061000057],[100.12924662700004,18.21928702100007],[100.12763780100005,18.218923536000034],[100.12042624200006,18.22046804200005],[100.11828158300005,18.22231871100007],[100.11736046200008,18.22713026400004],[100.11531801100006,18.227620278000074],[100.11169684000004,18.23136437100004],[100.10921526400006,18.231719851000037],[100.10843551700003,18.233723819000033],[100.10635548100004,18.234596648000036],[100.10307249700008,18.233668668000064],[100.10112445600004,18.22992025700006],[100.09677143700009,18.228562080000074],[100.08904786600004,18.231435176000048],[100.08650901900006,18.234262684000043],[100.08267529400007,18.234388317000025],[100.08057670200009,18.23683639500007],[100.08044163900007,18.23865763400005],[100.07700796300009,18.240430271000037],[100.07536970100006,18.245473224000023],[100.07220446700006,18.24641185400003],[100.07168897200006,18.24356532400003],[100.07272400300008,18.24125168200004],[100.07273874000003,18.23729107500003],[100.07681041700005,18.237515615000063],[100.07530914500006,18.231060813000056],[100.07158168600006,18.22681023000007],[100.06924738700008,18.22710352200005],[100.06851747700006,18.225155479000023],[100.06948095500007,18.223005397000065],[100.06667559800007,18.21995686400004],[100.06629241700006,18.21770709900005],[100.06330088900006,18.210279627000034],[100.06265946500008,18.20654856300007],[100.06538744100004,18.20493546000006],[100.07377693500007,18.207380472000068],[100.07621487000006,18.206117637000034],[100.07721430400005,18.204204873000037],[100.08048950700004,18.205691355000056],[100.08353871100007,18.205201051000074],[100.08710899500005,18.208257781000043],[100.08916101200003,18.206515410000065],[100.08939737600008,18.204751694000038],[100.09255520100004,18.204758198000036],[100.09579752800005,18.203211812000063],[100.09212677100004,18.198731074000023],[100.09489472200005,18.193390098000066],[100.09822513200004,18.192649905000053],[100.10076321100007,18.189498263000075],[100.10518953600007,18.18870527000007],[100.10798152900009,18.186854890000063],[100.11161748400008,18.186409834000074],[100.11128974200005,18.182775225000057],[100.11273796500006,18.180783682000026],[100.11732131300005,18.178651983000066],[100.11806235900008,18.176841138000043],[100.12149537000005,18.176610650000043],[100.12188759500003,18.17523071000005],[100.12430055100003,18.176897652000036],[100.12594377300007,18.176566292000075],[100.12942842600006,18.17944489300004],[100.13133836500003,18.17799268300007],[100.13211530300003,18.172982899000033],[100.13358703600005,18.17153819500004],[100.13625259400004,18.166073073000064],[100.13809209400006,18.165023294000036],[100.14164510300009,18.165557083000067],[100.14189306300005,18.16842142400003],[100.14427195000007,18.171430159000067],[100.14437160900007,18.173886130000028],[100.14506161200006,18.17950139900006],[100.14285973000005,18.18106339700006],[100.13798634000005,18.181458570000075],[100.13371137300004,18.18552431200004],[100.12925145900005,18.187771664000024],[100.12777986700007,18.190544843000055],[100.12861635400009,18.192233568000063],[100.13581580400006,18.19651680900006],[100.13805152600008,18.194365196000035],[100.14143693800008,18.194144253000047],[100.14296094600007,18.19659844000006]]]},"properties":{"Shape_Leng":0.371773227137,"Shape_Area":0.00280837968373,"ADM3_EN":"Wang Thong","ADM3_TH":"วังธง","ADM3_PCODE":"TH540107","ADM2_EN":"Mueang Phrae","ADM2_TH":"เมืองแพร่","ADM2_PCODE":"TH5401","ADM1_EN":"Phrae","ADM1_TH":"แพร่","ADM1_PCODE":"TH54","ADM0_EN":"Thailand","ADM0_TH":"ประเทศไทย","ADM0_PCODE":"TH"}},
{"type":"Feature","geometry":{"type":"Polygon","coordinates":[[[100.22585966300005,18.21305459100006],[100.22295974500008,18.222534263000057],[100.22191099300005,18.227912187000072],[100.22226437300009,18.230187197000078],[100.22499368200005,18.23666493500002],[100.21896949500007,18.234912618000067],[100.21693114700008,18.233448231000068],[100.21547922100007,18.230245404000073],[100.21306441800004,18.230098678000047],[100.20995556800005,18.232475734000047],[100.20141135900008,18.231389979000028],[100.19669968900007,18.228616187000057],[100.19397717100009,18.22871692700005],[100.19155651100004,18.227511394000032],[100.19119477200007,18.230039216000023],[100.18922819900007,18.230555198000047],[100.18819331700007,18.226437571000076],[100.19143976400005,18.22204970200005],[100.19047173800004,18.220185354000023],[100.17894386000006,18.217795075000026],[100.18264215900007,18.21171791300003],[100.18621397500004,18.20359207200005],[100.18613251900007,18.201669990000028],[100.18763789800005,18.198840793000045],[100.19088826000007,18.200128499000073],[100.19344692700008,18.19984512700006],[100.20001776700008,18.197518787000035],[100.20609359700006,18.19462696900007],[100.20819039500009,18.19671019200007],[100.21562523100005,18.200860239000065],[100.21747742000008,18.20391558700004],[100.22585966300005,18.21305459100006]]]},"properties":{"Shape_Leng":0.163745724627,"Shape_Area":0.00119486048368,"ADM3_EN":"Mae Lai","ADM3_TH":"แม่หล่าย","ADM3_PCODE":"TH540108","ADM2_EN":"Mueang Phrae","ADM2_TH":"เมืองแพร่","ADM2_PCODE":"TH5401","ADM1_EN":"Phrae","ADM1_TH":"แพร่","ADM1_PCODE":"TH54","ADM0_EN":"Thailand","ADM0_TH":"ประเทศไทย","ADM0_PCODE":"TH"}},
{"type":"Feature","geometry":{"type":"Polygon","coordinates":[[[100.33280925400004,18.160217369000065],[100.33567488300008,18.160548207000033],[100.33860177500009,18.163039077000064],[100.34173141600007,18.168682267000065],[100.33933181400005,18.17034816000006],[100.33481984000008,18.172081813000034],[100.33142913700004,18.17217197100007],[100.32961426000008,18.17484804700007],[100.32652031900005,18.17512359500006],[100.32445742400006,18.174228518000064],[100.32147429400004,18.17800035500005],[100.32061680200007,18.181040266000025],[100.31736374000008,18.180681931000038],[100.31226987700006,18.182577208000055],[100.30745982400003,18.181024097000034],[100.30327582000007,18.180460636000078],[100.30117848100008,18.18336090300005],[100.30123874100008,18.185272870000063],[100.29905229600007,18.185590150000053],[100.29435948600008,18.189807720000033],[100.29264807900006,18.192446993000033],[100.29331757900007,18.195543963000034],[100.29199878600008,18.19595711000005],[100.28959791900007,18.19289092100007],[100.28505985800007,18.194348498000068],[100.28285973000004,18.198832848000052],[100.27801789800009,18.20309515200006],[100.27792716000005,18.20498762400007],[100.27575782900004,18.20449426700003],[100.26796097100004,18.210988620000023],[100.26747884100007,18.21240345700005],[100.27329931800006,18.213229629000068],[100.26827449800004,18.222979812000062],[100.27031446600006,18.230422188000034],[100.27040819000007,18.238013109000065],[100.27141202400009,18.239212803000044],[100.27642754800007,18.250820454000063],[100.27658547300007,18.257691368000053],[100.27503052700007,18.259370747000048],[100.27095841200008,18.260796722000066],[100.27007644500009,18.258987730000058],[100.26228890000004,18.256551925000053],[100.26095103100005,18.254814415000055],[100.24949877200004,18.25988115900003],[100.24821683700009,18.261921753000024],[100.24869888600006,18.263745120000067],[100.24774942000005,18.263045051000063],[100.24327073400008,18.263883768000028],[100.24101058200006,18.262152052000033],[100.24093470000008,18.256045560000075],[100.23729514100006,18.249545477000026],[100.23699977700005,18.24550236700003],[100.23483274000006,18.240942861000065],[100.22907103600005,18.23983279600003],[100.22499368200005,18.23666493500002],[100.22226437300009,18.230187197000078],[100.22191099300005,18.227912187000072],[100.22295974500008,18.222534263000057],[100.22585966300005,18.21305459100006],[100.22766354500004,18.212294833000044],[100.23067225500006,18.208737688000042],[100.23354973400006,18.208000501000072],[100.24006481400005,18.202938049000068],[100.24138017800004,18.19966547100006],[100.24507958900006,18.197640243000023],[100.24774509700006,18.193631897000046],[100.24634217000005,18.192036547000043],[100.24800915700007,18.186438275000057],[100.25131528600008,18.18400543300004],[100.25246093300007,18.18122228900006],[100.25713402500008,18.17728046900004],[100.25892007600004,18.177503358000024],[100.26416126100008,18.17535601800006],[100.26659730400007,18.172253821000027],[100.27715143600005,18.169791221000025],[100.28044490000008,18.168419391000043],[100.28096432100006,18.167029858000035],[100.28474048500004,18.165102155000056],[100.28619951400003,18.16615561800006],[100.29174629300007,18.166047109000033],[100.29542485700006,18.168265478000023],[100.29863730300008,18.168885619000037],[100.30142294400008,18.170481049000045],[100.30909194200007,18.167556991000026],[100.31016931600004,18.169248194000033],[100.31751863700003,18.166228744000023],[100.32080741900006,18.163470351000058],[100.32515313300007,18.163291337000032],[100.33203858400003,18.161772119000034],[100.33280925400004,18.160217369000065]]]},"properties":{"Shape_Leng":0.438098147208,"Shape_Area":0.00431990784032,"ADM3_EN":"Huai Ma","ADM3_TH":"ห้วยม้า","ADM3_PCODE":"TH540109","ADM2_EN":"Mueang Phrae","ADM2_TH":"เมืองแพร่","ADM2_PCODE":"TH5401","ADM1_EN":"Phrae","ADM1_TH":"แพร่","ADM1_PCODE":"TH54","ADM0_EN":"Thailand","ADM0_TH":"ประเทศไทย","ADM0_PCODE":"TH"}},
{"type":"Feature","geometry":{"type":"Polygon","coordinates":[[[100.13895728200004,18.14993193400005],[100.13994837100006,18.150331610000023],[100.14250483700005,18.155153202000065],[100.14637925500006,18.15792146700005],[100.14609220800008,18.161052460000064],[100.14164510300009,18.165557083000067],[100.13809209400006,18.165023294000036],[100.13625259400004,18.166073073000064],[100.13358703600005,18.17153819500004],[100.13211530300003,18.172982899000033],[100.13133836500003,18.17799268300007],[100.12942842600006,18.17944489300004],[100.12594377300007,18.176566292000075],[100.12430055100003,18.176897652000036],[100.12188759500003,18.17523071000005],[100.12149537000005,18.176610650000043],[100.11806235900008,18.176841138000043],[100.11732131300005,18.178651983000066],[100.11273796500006,18.180783682000026],[100.11128974200005,18.182775225000057],[100.11161748400008,18.186409834000074],[100.10798152900009,18.186854890000063],[100.10518953600007,18.18870527000007],[100.10076321100007,18.189498263000075],[100.09822513200004,18.192649905000053],[100.09489472200005,18.193390098000066],[100.09212677100004,18.198731074000023],[100.09579752800005,18.203211812000063],[100.09255520100004,18.204758198000036],[100.08939737600008,18.204751694000038],[100.08916101200003,18.206515410000065],[100.08710899500005,18.208257781000043],[100.08353871100007,18.205201051000074],[100.08048950700004,18.205691355000056],[100.07721430400005,18.204204873000037],[100.07621487000006,18.206117637000034],[100.07377693500007,18.207380472000068],[100.06538744100004,18.20493546000006],[100.06265946500008,18.20654856300007],[100.06190360500005,18.20348338900004],[100.06321945000008,18.19607062800003],[100.06288242800008,18.192403726000066],[100.06355978500005,18.18977990700006],[100.06106420800006,18.185600344000022],[100.06068112600008,18.182700441000065],[100.05811892100007,18.18214193400007],[100.05677568300007,18.179963419000046],[100.05569589600003,18.174332415000038],[100.05677913300008,18.17211354600005],[100.05559139500008,18.168771579000065],[100.05288238000009,18.16739850700003],[100.05221922000004,18.164528759000063],[100.04952816000008,18.16432896200007],[100.04955305200008,18.162457052000036],[100.04767079500004,18.15848234500004],[100.04312916200007,18.157711092000056],[100.04108326800008,18.152155211000036],[100.03660663600004,18.147542134000048],[100.04220065900006,18.14642894700006],[100.04509634300007,18.14316158400004],[100.04863596100006,18.141640074000065],[100.04785314600008,18.136344356000052],[100.05305986000008,18.13372516900006],[100.05680622800008,18.134651055000063],[100.05937843600003,18.134089682000024],[100.06051625500004,18.135714489000065],[100.06328312600004,18.136544598000057],[100.06445747800007,18.135473998000066],[100.06459875700006,18.13190456600006],[100.06636207400004,18.13097777100006],[100.06603878100003,18.128392830000053],[100.07141287100006,18.125090923000073],[100.07292107000006,18.126369141000055],[100.07769333200008,18.124457736000068],[100.07891755600008,18.11950912100002],[100.08257883200008,18.11819414000007],[100.08872334900008,18.119715075000045],[100.09214748700003,18.119357299000058],[100.10388282100007,18.12072088700006],[100.11127982900007,18.125400459000048],[100.11544584600006,18.127325862000077],[100.11913007100009,18.127776657000027],[100.13185666200008,18.121130011000048],[100.13616345200006,18.118300130000023],[100.13873915500005,18.115507338000043],[100.14412915800006,18.129900032000023],[100.13334076100006,18.134063655000034],[100.12921581100005,18.140572090000035],[100.12549482700007,18.14246876800007],[100.13005513500008,18.143381447000024],[100.13132602900004,18.145040064000057],[100.13271186300005,18.149649302000057],[100.13433377000007,18.150368891000028],[100.13895728200004,18.14993193400005]]]},"properties":{"Shape_Leng":0.429234608778,"Shape_Area":0.00583691664392,"ADM3_EN":"Pa Maet","ADM3_TH":"ป่าแมต","ADM3_PCODE":"TH540110","ADM2_EN":"Mueang Phrae","ADM2_TH":"เมืองแพร่","ADM2_PCODE":"TH5401","ADM1_EN":"Phrae","ADM1_TH":"แพร่","ADM1_PCODE":"TH54","ADM0_EN":"Thailand","ADM0_TH":"ประเทศไทย","ADM0_PCODE":"TH"}},
{"type":"Feature","geometry":{"type":"Polygon","coordinates":[[[100.23124540100008,18.184311111000056],[100.23097321000006,18.18076921000005],[100.22819942500007,18.17411720900003],[100.22521335900007,18.17437492700003],[100.22308652900006,18.171665962000077],[100.21054833600004,18.159023154000067],[100.20591396200007,18.156090937000045],[100.20219500100006,18.151366712000026],[100.19985717800006,18.149295412000072],[100.19029164600005,18.143410432000053],[100.18900275000004,18.14102292000007],[100.18652402500004,18.139073815000074],[100.18332012100007,18.13871246900004],[100.18556528200008,18.13338518300003],[100.19866654600008,18.132789039000045],[100.20052377200005,18.133721706000074],[100.21711548300004,18.135162825000066],[100.22021994000005,18.13595422900005],[100.22456605300005,18.13588144600004],[100.23375460300008,18.137206948000028],[100.24183316700004,18.13944860600003],[100.25408002800003,18.145815586000026],[100.25547569400004,18.145622591000063],[100.25803756300007,18.147831930000052],[100.26543522600008,18.14396910000005],[100.27016790100004,18.142985662000058],[100.27776058400008,18.146003602000064],[100.27917198300008,18.14754609700003],[100.28533749800005,18.14682976200004],[100.28760875300009,18.14733581200005],[100.29092259500004,18.146389595000073],[100.29386753000006,18.147186113000032],[100.29943753400005,18.145119816000033],[100.30605241700005,18.14198228600003],[100.30848516000003,18.138123101000076],[100.31151675900009,18.13686638300004],[100.31409856800008,18.139283987000056],[100.31333183500004,18.142684797000072],[100.31497009600008,18.145449017000033],[100.31256134800009,18.145340376000036],[100.31043222500006,18.147000511000044],[100.31018603600006,18.149900812000055],[100.30764209700004,18.15121656200006],[100.30634821100006,18.154718339000055],[100.30370418500007,18.15544950900005],[100.30133923900007,18.153828757000042],[100.30040705700009,18.155819303000044],[100.29747006600007,18.15703699900007],[100.29289536300007,18.15667462300007],[100.28659058600005,18.15908520100004],[100.28293299400008,18.161194473000023],[100.27976500100004,18.16093212000004],[100.27612475300003,18.16412929200004],[100.27040233200006,18.163494237000066],[100.26855564100003,18.16541397700007],[100.26371994000004,18.165584995000074],[100.26145204000005,18.168625359000032],[100.25647515100007,18.17050875700005],[100.25609333600005,18.17406259300003],[100.25420629300004,18.173941746000025],[100.25139515100005,18.175483058000054],[100.24735584100006,18.17512345500006],[100.24301327300009,18.173322479000035],[100.23869025900007,18.173481538000033],[100.23684302200007,18.174703108000074],[100.23545518000009,18.17952686500007],[100.23124540100008,18.184311111000056]]]},"properties":{"Shape_Leng":0.337377644548,"Shape_Area":0.00282429051698,"ADM3_EN":"Ban Thin","ADM3_TH":"บ้านถิ่น","ADM3_PCODE":"TH540111","ADM2_EN":"Mueang Phrae","ADM2_TH":"เมืองแพร่","ADM2_PCODE":"TH5401","ADM1_EN":"Phrae","ADM1_TH":"แพร่","ADM1_PCODE":"TH54","ADM0_EN":"Thailand","ADM0_TH":"ประเทศไทย","ADM0_PCODE":"TH"}},
{"type":"Feature","geometry":{"type":"Polygon","coordinates":[[[100.31497009600008,18.145449017000033],[100.31333183500004,18.142684797000072],[100.31409856800008,18.139283987000056],[100.31151675900009,18.13686638300004],[100.30848516000003,18.138123101000076],[100.30605241700005,18.14198228600003],[100.29943753400005,18.145119816000033],[100.29386753000006,18.147186113000032],[100.29092259500004,18.146389595000073],[100.28760875300009,18.14733581200005],[100.28533749800005,18.14682976200004],[100.27917198300008,18.14754609700003],[100.27776058400008,18.146003602000064],[100.27016790100004,18.142985662000058],[100.26543522600008,18.14396910000005],[100.25803756300007,18.147831930000052],[100.25547569400004,18.145622591000063],[100.25408002800003,18.145815586000026],[100.24183316700004,18.13944860600003],[100.23375460300008,18.137206948000028],[100.22456605300005,18.13588144600004],[100.22021994000005,18.13595422900005],[100.21711548300004,18.135162825000066],[100.20052377200005,18.133721706000074],[100.19866654600008,18.132789039000045],[100.19676653200008,18.126274040000055],[100.19706794400008,18.121125892000066],[100.19900051200005,18.11999995900004],[100.20102787200005,18.114405778000048],[100.20389368700006,18.115533838000033],[100.20367710400006,18.10951476500003],[100.20638160700008,18.10776991800003],[100.20896350300006,18.115741462000074],[100.20748137900006,18.122034083000074],[100.20977675700004,18.123183982000057],[100.21184315900007,18.122527044000037],[100.21184885300005,18.120178617000022],[100.21504383800004,18.119731296000054],[100.21968140500007,18.117129758000033],[100.22580663600007,18.115756376000036],[100.23074835400007,18.113897501000054],[100.23546457000003,18.111353483000073],[100.23803948700004,18.112330550000024],[100.24469780000004,18.111327411000048],[100.24778916100007,18.112933627000075],[100.25195343300004,18.11111614300006],[100.25335188700006,18.109046782000064],[100.25721530400006,18.106787233000034],[100.26139287200004,18.10580430300007],[100.26882479500006,18.10541940300004],[100.27404538100006,18.10248463100004],[100.27504877400008,18.10043269600004],[100.27801310200005,18.098527026000056],[100.28010993400005,18.094590522000033],[100.28209220400004,18.094701706000023],[100.28909136300007,18.099571514000047],[100.29257373100006,18.09954947400007],[100.29652570300004,18.103216148000058],[100.30081704400004,18.10465969300003],[100.30431957900004,18.10772576200003],[100.30332404200004,18.110077584000067],[100.30476983700004,18.11093446900003],[100.31730315200008,18.10908444100005],[100.32011467000007,18.112201888000072],[100.32687232100005,18.112249575000078],[100.33357575200006,18.113803007000058],[100.33810345400008,18.11392845100005],[100.34198995800006,18.11600298700006],[100.34674467300005,18.122399952000023],[100.35023525600008,18.123164158000066],[100.34916618800008,18.12626707900006],[100.34956377600008,18.12971460800003],[100.35368947500007,18.132603621000044],[100.35416194500004,18.137164041000062],[100.35735038600006,18.139999271000022],[100.35707685000006,18.144336577000047],[100.36311307600005,18.144469015000027],[100.36515495300006,18.14509090100006],[100.36716422000006,18.149561086000062],[100.37120069200006,18.149878297000043],[100.37297293200004,18.148864796000055],[100.37891663500005,18.142488381000078],[100.38675508200004,18.138937678000048],[100.39312393100005,18.139730738000026],[100.39385911600004,18.137965437000048],[100.39755596500004,18.136084654000058],[100.39949911600007,18.137903771000026],[100.40772898100005,18.140385898000034],[100.41003010400004,18.141606801000023],[100.41179892700006,18.14462729400003],[100.41205567400004,18.14717477800002],[100.41396193000008,18.149225564000062],[100.41437905900005,18.153567800000076],[100.41151320300008,18.15230344400004],[100.40590545500004,18.15189384300004],[100.39881288700008,18.154344696000067],[100.39700311600006,18.153864234000025],[100.39534037600004,18.156946394000045],[100.39039789500004,18.15902440800005],[100.38338278700007,18.159526826000047],[100.38173295900003,18.158126758000037],[100.37529658300008,18.158448512000064],[100.37032582300009,18.15595607100005],[100.36790594300004,18.155795969000053],[100.36305817400006,18.157181336000065],[100.35943117300008,18.16127678400005],[100.35775318000003,18.16171561300007],[100.35715557600008,18.163817424000058],[100.35034169700003,18.167256336000037],[100.34738318200004,18.166445746000022],[100.34173141600007,18.168682267000065],[100.33860177500009,18.163039077000064],[100.33567488300008,18.160548207000033],[100.33280925400004,18.160217369000065],[100.32946310100004,18.160182169000052],[100.32570828200005,18.158671629000025],[100.32334550500008,18.156496657000048],[100.32025731500005,18.150728576000063],[100.31852069800004,18.148986835000073],[100.31624821500009,18.148578844000042],[100.31497009600008,18.145449017000033]]]},"properties":{"Shape_Leng":0.587830369812,"Shape_Area":0.00637921841685,"ADM3_EN":"Suan Khuean","ADM3_TH":"สวนเขื่อน","ADM3_PCODE":"TH540112","ADM2_EN":"Mueang Phrae","ADM2_TH":"เมืองแพร่","ADM2_PCODE":"TH5401","ADM1_EN":"Phrae","ADM1_TH":"แพร่","ADM1_PCODE":"TH54","ADM0_EN":"Thailand","ADM0_TH":"ประเทศไทย","ADM0_PCODE":"TH"}},
{"type":"Feature","geometry":{"type":"Polygon","coordinates":[[[100.18922819900007,18.230555198000047],[100.18862837800003,18.232785788000058],[100.18637119500005,18.23332630300007],[100.18268589500008,18.231009560000075],[100.17923753000008,18.232648398000038],[100.18045980500005,18.23615830800003],[100.17495569000005,18.24307242900005],[100.17522957200003,18.244404664000058],[100.17827240400004,18.245496338000066],[100.17486857500006,18.24690331000005],[100.16667015500008,18.246133108000038],[100.16790826100004,18.24190982300007],[100.16662386200005,18.237474276000057],[100.16457493600007,18.236066746000063],[100.16486971200004,18.238500225000053],[100.16246335900007,18.245487832000038],[100.16180572500008,18.24967229400005],[100.15640358800005,18.25189626200006],[100.14892804800007,18.25835731600006],[100.14564139100008,18.257554218000053],[100.14303332500003,18.258417176000023],[100.14042264400007,18.257254346000025],[100.13389217700006,18.25649849900003],[100.13149437400006,18.257669321000037],[100.12862431800005,18.260421698000073],[100.12893905100003,18.26202879400006],[100.12652179000008,18.262041838000073],[100.12170402500004,18.26367827400003],[100.11839524700008,18.268031158000042],[100.11628682700007,18.268126049000045],[100.10942953600005,18.269991236000067],[100.10649787400007,18.273492357000066],[100.10884478100007,18.27535483400004],[100.10881890400003,18.277774961000034],[100.10420901400005,18.278760600000055],[100.10083380300006,18.277415377000068],[100.09881280000008,18.278601450000053],[100.09229890400007,18.275624351000033],[100.09004246900008,18.276669191000053],[100.08836151500009,18.276202743000056],[100.08743057100008,18.272444936000056],[100.08549612400009,18.268766604000064],[100.08552267000005,18.254396537000048],[100.08506844400006,18.253099818000067],[100.08815266100004,18.24805176600006],[100.09545913100004,18.244881932000055],[100.09830003300004,18.24549377200003],[100.09933193100005,18.243843182000035],[100.10187766200005,18.242911179000032],[100.10469794400007,18.24368420600007],[100.11002717400004,18.243864140000028],[100.11293563000004,18.24285550600007],[100.12069411800007,18.238124223000057],[100.12648172600007,18.237656385000037],[100.12892344000005,18.240799071000026],[100.13660762700005,18.24071902000003],[100.14267074900005,18.235852672000078],[100.14624573900005,18.235537625000063],[100.15198255500007,18.233586762000073],[100.15510711800005,18.22817221100007],[100.15779032200004,18.226440496000066],[100.16704586600008,18.22482010600004],[100.17154837800007,18.223577179000074],[100.17529201300005,18.22146674000004],[100.17894386000006,18.217795075000026],[100.19047173800004,18.220185354000023],[100.19143976400005,18.22204970200005],[100.18819331700007,18.226437571000076],[100.18922819900007,18.230555198000047]]]},"properties":{"Shape_Leng":0.339079414745,"Shape_Area":0.00243291922945,"ADM3_EN":"Wang Hong","ADM3_TH":"วังหงส์","ADM3_PCODE":"TH540113","ADM2_EN":"Mueang Phrae","ADM2_TH":"เมืองแพร่","ADM2_PCODE":"TH5401","ADM1_EN":"Phrae","ADM1_TH":"แพร่","ADM1_PCODE":"TH54","ADM0_EN":"Thailand","ADM0_TH":"ประเทศไทย","ADM0_PCODE":"TH"}},
{"type":"Feature","geometry":{"type":"Polygon","coordinates":[[[100.22499368200005,18.23666493500002],[100.22907103600005,18.23983279600003],[100.23483274000006,18.240942861000065],[100.23699977700005,18.24550236700003],[100.23729514100006,18.249545477000026],[100.24093470000008,18.256045560000075],[100.24101058200006,18.262152052000033],[100.24327073400008,18.263883768000028],[100.24774942000005,18.263045051000063],[100.24869888600006,18.263745120000067],[100.24498378900006,18.267082833000075],[100.24551217700008,18.26985770700003],[100.24283147400007,18.27008479600005],[100.24005414600003,18.266437203000066],[100.23716944500006,18.266447545000062],[100.23297668400005,18.267848666000077],[100.22960774000006,18.265548758000023],[100.22795023500004,18.26819616100005],[100.22529493300004,18.26633559000004],[100.22259875700007,18.266203822000023],[100.22127423700005,18.26370881400004],[100.21889349900005,18.263244524000072],[100.21671575300007,18.259757312000033],[100.21064203500003,18.258425269000043],[100.20785103200006,18.25914870400004],[100.20596152000007,18.257943624000063],[100.20358130400007,18.258633297000074],[100.20298492600006,18.255575109000063],[100.19941735800006,18.255098934000046],[100.20052743500008,18.252476084000023],[100.19829597600005,18.25094028600006],[100.19644743800006,18.251112788000057],[100.19828327000005,18.248472525000068],[100.19859767200006,18.245809227000052],[100.19705904800009,18.24524211100004],[100.19265837300009,18.245989869000027],[100.18867576100007,18.241756977000023],[100.18972779500007,18.240190036000058],[100.18750535800007,18.238480098000025],[100.18559187100004,18.240134023000053],[100.18489868300009,18.237908642000036],[100.18667600800006,18.237546147000046],[100.18552885500009,18.23522239700003],[100.18851264200003,18.236029372000075],[100.18970218600003,18.233146774000033],[100.18862837800003,18.232785788000058],[100.18922819900007,18.230555198000047],[100.19119477200007,18.230039216000023],[100.19155651100004,18.227511394000032],[100.19397717100009,18.22871692700005],[100.19669968900007,18.228616187000057],[100.20141135900008,18.231389979000028],[100.20995556800005,18.232475734000047],[100.21306441800004,18.230098678000047],[100.21547922100007,18.230245404000073],[100.21693114700008,18.233448231000068],[100.21896949500007,18.234912618000067],[100.22499368200005,18.23666493500002]]]},"properties":{"Shape_Leng":0.217408969732,"Shape_Area":0.00129845158412,"ADM3_EN":"Mae Kham Mi","ADM3_TH":"แม่คำมี","ADM3_PCODE":"TH540114","ADM2_EN":"Mueang Phrae","ADM2_TH":"เมืองแพร่","ADM2_PCODE":"TH5401","ADM1_EN":"Phrae","ADM1_TH":"แพร่","ADM1_PCODE":"TH54","ADM0_EN":"Thailand","ADM0_TH":"ประเทศไทย","ADM0_PCODE":"TH"}},
{"type":"Feature","geometry":{"type":"Polygon","coordinates":[[[100.15751492000004,18.14697351800004],[100.16851145700008,18.143853669000066],[100.17159705600005,18.14503214900003],[100.17488297800008,18.15519923000005],[100.17628358900004,18.159794696000063],[100.17507757300007,18.159979258000078],[100.16440932800003,18.164658872000075],[100.16000944800004,18.163855110000043],[100.15812859100004,18.169183402000044],[100.15160405000006,18.16935142600005],[100.15088958100006,18.170893411000065],[100.15311800700005,18.172963477000053],[100.14948372100008,18.173906354000053],[100.14437160900007,18.173886130000028],[100.14427195000007,18.171430159000067],[100.14189306300005,18.16842142400003],[100.14164510300009,18.165557083000067],[100.14609220800008,18.161052460000064],[100.14637925500006,18.15792146700005],[100.14250483700005,18.155153202000065],[100.13994837100006,18.150331610000023],[100.13895728200004,18.14993193400005],[100.14316285700005,18.150403781000023],[100.14459773600004,18.152202696000074],[100.15137719800003,18.154865572000062],[100.15688901700008,18.155002024000055],[100.15805184900006,18.152480530000048],[100.15751492000004,18.14697351800004]]]},"properties":{"Shape_Leng":0.13618661446,"Shape_Area":0.000555980906161,"ADM3_EN":"Thung Kwao","ADM3_TH":"ทุ่งกวาว","ADM3_PCODE":"TH540115","ADM2_EN":"Mueang Phrae","ADM2_TH":"เมืองแพร่","ADM2_PCODE":"TH5401","ADM1_EN":"Phrae","ADM1_TH":"แพร่","ADM1_PCODE":"TH54","ADM0_EN":"Thailand","ADM0_TH":"ประเทศไทย","ADM0_PCODE":"TH"}},
{"type":"Feature","geometry":{"type":"Polygon","coordinates":[[[100.14296094600007,18.19659844000006],[100.14536712300009,18.198859925000022],[100.15021215800004,18.195005752000043],[100.15529333300003,18.196856165000042],[100.15645279400007,18.199851072000058],[100.15546849600008,18.205335126000023],[100.15766582100008,18.212953249000066],[100.15920409400007,18.21408391400007],[100.16323462400004,18.213299540000037],[100.16757656300007,18.213507480000033],[100.17245950700004,18.216327568000054],[100.17596048900003,18.216622778000044],[100.17894386000006,18.217795075000026],[100.17529201300005,18.22146674000004],[100.17154837800007,18.223577179000074],[100.16704586600008,18.22482010600004],[100.15779032200004,18.226440496000066],[100.15510711800005,18.22817221100007],[100.15198255500007,18.233586762000073],[100.14624573900005,18.235537625000063],[100.14267074900005,18.235852672000078],[100.13660762700005,18.24071902000003],[100.12892344000005,18.240799071000026],[100.12648172600007,18.237656385000037],[100.12069411800007,18.238124223000057],[100.11293563000004,18.24285550600007],[100.11002717400004,18.243864140000028],[100.10469794400007,18.24368420600007],[100.10187766200005,18.242911179000032],[100.09933193100005,18.243843182000035],[100.09830003300004,18.24549377200003],[100.09545913100004,18.244881932000055],[100.08815266100004,18.24805176600006],[100.08506844400006,18.253099818000067],[100.07818393300005,18.255421012000056],[100.07633906200005,18.254186787000037],[100.07391614000005,18.24832985300003],[100.07220446700006,18.24641185400003],[100.07536970100006,18.245473224000023],[100.07700796300009,18.240430271000037],[100.08044163900007,18.23865763400005],[100.08057670200009,18.23683639500007],[100.08267529400007,18.234388317000025],[100.08650901900006,18.234262684000043],[100.08904786600004,18.231435176000048],[100.09677143700009,18.228562080000074],[100.10112445600004,18.22992025700006],[100.10307249700008,18.233668668000064],[100.10635548100004,18.234596648000036],[100.10843551700003,18.233723819000033],[100.10921526400006,18.231719851000037],[100.11169684000004,18.23136437100004],[100.11531801100006,18.227620278000074],[100.11736046200008,18.22713026400004],[100.11828158300005,18.22231871100007],[100.12042624200006,18.22046804200005],[100.12763780100005,18.218923536000034],[100.12924662700004,18.21928702100007],[100.13347489600005,18.215590061000057],[100.13780030300006,18.209155432000045],[100.14046636300009,18.20840505900003],[100.14871272600004,18.209819061000076],[100.14994636300008,18.207772517000024],[100.14766610700008,18.201899669000056],[100.14256203800005,18.198195050000038],[100.14296094600007,18.19659844000006]]]},"properties":{"Shape_Leng":0.321023345215,"Shape_Area":0.00183582380078,"ADM3_EN":"Tha Kham","ADM3_TH":"ท่าข้าม","ADM3_PCODE":"TH540116","ADM2_EN":"Mueang Phrae","ADM2_TH":"เมืองแพร่","ADM2_PCODE":"TH5401","ADM1_EN":"Phrae","ADM1_TH":"แพร่","ADM1_PCODE":"TH54","ADM0_EN":"Thailand","ADM0_TH":"ประเทศไทย","ADM0_PCODE":"TH"}},
{"type":"Feature","geometry":{"type":"Polygon","coordinates":[[[100.18613251900007,18.201669990000028],[100.18621397500004,18.20359207200005],[100.18264215900007,18.21171791300003],[100.17894386000006,18.217795075000026],[100.17596048900003,18.216622778000044],[100.17245950700004,18.216327568000054],[100.16757656300007,18.213507480000033],[100.16323462400004,18.213299540000037],[100.15920409400007,18.21408391400007],[100.15766582100008,18.212953249000066],[100.15546849600008,18.205335126000023],[100.15645279400007,18.199851072000058],[100.15529333300003,18.196856165000042],[100.15021215800004,18.195005752000043],[100.14536712300009,18.198859925000022],[100.14296094600007,18.19659844000006],[100.14143693800008,18.194144253000047],[100.13805152600008,18.194365196000035],[100.13581580400006,18.19651680900006],[100.12861635400009,18.192233568000063],[100.12777986700007,18.190544843000055],[100.12925145900005,18.187771664000024],[100.13371137300004,18.18552431200004],[100.13798634000005,18.181458570000075],[100.14285973000005,18.18106339700006],[100.14506161200006,18.17950139900006],[100.14437160900007,18.173886130000028],[100.14948372100008,18.173906354000053],[100.15311800700005,18.172963477000053],[100.15520325100005,18.174592204000078],[100.15513260800009,18.176226820000068],[100.15704699800006,18.178288645000066],[100.16221458900009,18.179139021000026],[100.16628737800005,18.18179066700003],[100.16629203200006,18.18504121600006],[100.16230690200007,18.188917855000057],[100.16258406800006,18.19294447900006],[100.16513982700008,18.193313484000043],[100.16974035500004,18.197929060000035],[100.17519629800006,18.195727549000026],[100.17867534400006,18.19646232100007],[100.18160668000007,18.198089340000024],[100.18311104900005,18.200048112000047],[100.18613251900007,18.201669990000028]]]},"properties":{"Shape_Leng":0.199514183249,"Shape_Area":0.00109580521659,"ADM3_EN":"Mae Yom","ADM3_TH":"แม่ยม","ADM3_PCODE":"TH540117","ADM2_EN":"Mueang Phrae","ADM2_TH":"เมืองแพร่","ADM2_PCODE":"TH5401","ADM1_EN":"Phrae","ADM1_TH":"แพร่","ADM1_PCODE":"TH54","ADM0_EN":"Thailand","ADM0_TH":"ประเทศไทย","ADM0_PCODE":"TH"}},
{"type":"Feature","geometry":{"type":"Polygon","coordinates":[[[100.18350781400005,18.08791442000006],[100.18097147200007,18.086988001000066],[100.18214496700006,18.084842447000028],[100.18241956100007,18.080564295000045],[100.18373295100008,18.076929249000045],[100.18778767500004,18.07309130400006],[100.19153965700008,18.07205351300007],[100.19135574300009,18.06961442000005],[100.19437105800006,18.06821018100004],[100.19607186900004,18.070588565000037],[100.20222211000004,18.068818460000045],[100.20463795800003,18.068726593000065],[100.20704329200004,18.063860593000072],[100.21116880300008,18.06227137700006],[100.21183092400008,18.060058814000058],[100.21436659700004,18.056558032000055],[100.21594993500008,18.05273561000007],[100.21793597500005,18.051843141000063],[100.21986249000008,18.04779938200005],[100.21949924000006,18.045125623000047],[100.22079584600004,18.044274746000042],[100.22510049500005,18.04519040300005],[100.23262157700003,18.038524538000047],[100.23362422500009,18.03490224600006],[100.23954236900005,18.02774222000005],[100.23513399600006,18.02620476800007],[100.23074664100005,18.02281255200006],[100.22833699400007,18.02193451100004],[100.22583878900008,18.023249020000037],[100.22257219300008,18.020970127000055],[100.21982016300007,18.021839485000044],[100.21923543400004,18.01853445200004],[100.21815253900007,18.018018749000078],[100.21799727600006,18.016215715000044],[100.22024166100005,18.01389264000005],[100.22581852200005,18.011511203000055],[100.22465199000004,18.006688910000037],[100.21995052200003,18.006040084000063],[100.22117912200008,18.00390127000003],[100.22512616600005,18.00128003800006],[100.22662170900009,17.998883258000035],[100.22506447900008,17.997213145000046],[100.22755336000006,17.991482296000072],[100.22965913700006,17.990227443000038],[100.22967992400004,17.984366845000068],[100.23191768500004,17.983682714000054],[100.23215541300004,17.982179520000045],[100.23528586500004,17.982075789000078],[100.23802121400007,17.980787156000076],[100.24152592600007,17.982043111000053],[100.24264289800004,17.981230839000034],[100.24762132100005,17.981006079000053],[100.24880552300004,17.979857496000022],[100.25460409700008,17.981443649000028],[100.25812341500006,17.97944753200005],[100.26020223400008,17.979181418000053],[100.26330485000005,17.973765203000028],[100.26607867400008,17.97216793700005],[100.26653111400003,17.969403701000033],[100.26983273400003,17.964310542000078],[100.26965694300009,17.959013644000038],[100.26899604000005,17.957283603000064],[100.27185651100007,17.955677785000034],[100.27620351200005,17.957669262000024],[100.27978131300006,17.957462580000026],[100.28218056300005,17.953811002000066],[100.28633455400006,17.94905953500006],[100.28726603300004,17.943065344000047],[100.28720272100009,17.93716696900003],[100.28960731900008,17.93644953300003],[100.29099676800007,17.937490839000077],[100.29941381100008,17.939088472000037],[100.30117131400004,17.936626619000037],[100.30682403900005,17.933414518000063],[100.30909030500004,17.928103715000077],[100.30966849800006,17.924087490000034],[100.30880140700003,17.92018151900004],[100.31194118400003,17.91678964500005],[100.31155205300007,17.914337661000047],[100.31325347700005,17.91232679500007],[100.31301701300004,17.909218598000052],[100.31726834800008,17.908829533000073],[100.31970470400006,17.90577667100007],[100.32107901100005,17.90151780700006],[100.32504768700005,17.896618880000062],[100.32380011700008,17.89551810300003],[100.32514943600006,17.89196877300003],[100.33024763600008,17.89302223800007],[100.33484299000008,17.88916400000005],[100.33698557100007,17.891933624000046],[100.33999835500003,17.894057814000064],[100.34208804500008,17.89445498200007],[100.34347655800008,17.897295377000034],[100.34250930100006,17.900205373000063],[100.34392491700004,17.901333806000025],[100.34514424000008,17.904757794000034],[100.34892524700007,17.909283121000044],[100.34768703000003,17.915229241000077],[100.35362654600004,17.920951880000075],[100.35867197000005,17.92319610000004],[100.35971881700004,17.927371922000077],[100.35851861200007,17.93222592500007],[100.36003857600008,17.936302125000054],[100.35657112600006,17.939731177000056],[100.35469295000007,17.943004406000057],[100.35464099400008,17.94733052500004],[100.35582732400007,17.947175147000053],[100.35458285400006,17.952605541000025],[100.35588950800008,17.955338770000026],[100.35636455600007,17.962967887000048],[100.35367746400004,17.97255223800005],[100.35136595900008,17.97787934100006],[100.35037815700008,17.983298172000048],[100.35619150000008,17.98545228100005],[100.35771944900006,17.98704781200007],[100.36494330200009,17.99116351200007],[100.36825217400008,17.99382679000007],[100.36315511700008,17.99775678700007],[100.36233227100007,18.000521346000028],[100.36035051900006,18.00181483700004],[100.35688155000008,18.002111419000073],[100.35451096200006,18.00341664800004],[100.35301122700008,18.001414443000044],[100.35100660200004,18.00389091200003],[100.34713762500007,18.006067211000072],[100.34786922000006,18.01068612200004],[100.34255969500003,18.010818245000053],[100.34052086900004,18.01478860700007],[100.33889809000004,18.016282583000077],[100.33511778400003,18.01310430700005],[100.33036369400008,18.016798318000042],[100.32979870500009,18.013715004000062],[100.32574144400007,18.01564376500005],[100.32395439300007,18.018215999000063],[100.32161574200006,18.01825378700005],[100.32181551100007,18.02081699100006],[100.32344835500004,18.023932339000055],[100.32264890000005,18.02746028300004],[100.31909639300005,18.02828482600006],[100.31618812600004,18.026668457000028],[100.31944177600008,18.024374476000048],[100.31899597700004,18.022069388000034],[100.31568414200007,18.021155805000035],[100.31811891600006,18.01899104200004],[100.31676940800008,18.016604263000033],[100.31469017500007,18.019008475000078],[100.31184418600009,18.015529162000064],[100.31202597500004,18.010643480000056],[100.31075709300006,18.012099031000048],[100.30666970400006,18.011094963000062],[100.30819246300007,18.01319301500007],[100.31056294200005,18.013995520000037],[100.30704871400008,18.016038081000033],[100.30914178600005,18.01895888100006],[100.30658243400006,18.021574943000076],[100.31108740700006,18.02157531100005],[100.31126971000003,18.023044507000066],[100.30741881900008,18.024350622000043],[100.30555730400005,18.023094900000046],[100.30233938300006,18.023100662000047],[100.30202351500009,18.024668134000024],[100.29745039900007,18.026878140000065],[100.29615234300007,18.026060791000077],[100.29181149900006,18.026965589000042],[100.29019808000004,18.02950718200003],[100.29183666700004,18.033607824000057],[100.28843422800009,18.03696393900003],[100.28733045900003,18.03599895600007],[100.28285980300006,18.03868337800003],[100.28069342700007,18.037482574000023],[100.27721072600008,18.037133571000027],[100.27399428500007,18.035262126000077],[100.27107892700008,18.03670461200005],[100.26630929600003,18.034044493000067],[100.26396491300005,18.03542109400007],[100.26140195200009,18.03532024200007],[100.26180527900004,18.039509963000057],[100.25831179300008,18.040193017000036],[100.25923947800004,18.042339683000023],[100.25773562900008,18.043602202000045],[100.25387470700008,18.044486556000038],[100.25286048700008,18.04613480100005],[100.25358462200006,18.05025009900004],[100.24960259700003,18.05074623400003],[100.24509337400008,18.05023263100003],[100.24191151700006,18.05089982000004],[100.23873614100006,18.05452013000007],[100.23726170700007,18.05394164100005],[100.23192716200003,18.05572729000005],[100.23201230000006,18.05912316100006],[100.22573137700005,18.063599719000024],[100.22496944800008,18.066910522000057],[100.22182199700006,18.06892190600007],[100.22201274800005,18.070975563000047],[100.21739495300005,18.076712822000047],[100.21463511200005,18.078531793000025],[100.21597829400008,18.08151975900006],[100.21320407800005,18.083872556000074],[100.21244869400005,18.088257472000066],[100.20882473500006,18.088686600000074],[100.20154308600007,18.087834960000066],[100.19768424500006,18.09064782400003],[100.19218876000008,18.09608382400006],[100.18772495700006,18.10159611000006],[100.18654777200004,18.09008716200003],[100.18350781400005,18.08791442000006]]]},"properties":{"Shape_Leng":0.897159039457,"Shape_Area":0.0126074589965,"ADM3_EN":"Cho Hae","ADM3_TH":"ช่อแฮ","ADM3_PCODE":"TH540118","ADM2_EN":"Mueang Phrae","ADM2_TH":"เมืองแพร่","ADM2_PCODE":"TH5401","ADM1_EN":"Phrae","ADM1_TH":"แพร่","ADM1_PCODE":"TH54","ADM0_EN":"Thailand","ADM0_TH":"ประเทศไทย","ADM0_PCODE":"TH"}},
{"type":"Feature","geometry":{"type":"Polygon","coordinates":[[[100.20007903500004,18.17737736400005],[100.19797421700008,18.17650800900003],[100.19399919700004,18.180326871000034],[100.18768754400008,18.18018289400004],[100.18450666400008,18.178444961000025],[100.18220214500008,18.178234211000074],[100.17628358900004,18.159794696000063],[100.17488297800008,18.15519923000005],[100.17716737700005,18.154472613000053],[100.18166812900006,18.156413929000053],[100.18214007900008,18.152099940000028],[100.18431690800008,18.149934612000038],[100.18773282400008,18.148967277000054],[100.18713047300008,18.152493366000044],[100.19257970500007,18.15884317000007],[100.19784898100005,18.158136160000026],[100.19943997900003,18.15700155600007],[100.20076736300007,18.15819123800003],[100.20247658500006,18.156564441000057],[100.20642713800004,18.16029191800004],[100.20843897500004,18.160977814000034],[100.20761364900005,18.163782280000078],[100.20847847000005,18.165096454000036],[100.20950506500009,18.174722341000063],[100.20817114900007,18.17660687700004],[100.20007903500004,18.17737736400005]]]},"properties":{"Shape_Leng":0.128849476581,"Shape_Area":0.000668467638374,"ADM3_EN":"Rong Fong","ADM3_TH":"ร่องฟอง","ADM3_PCODE":"TH540119","ADM2_EN":"Mueang Phrae","ADM2_TH":"เมืองแพร่","ADM2_PCODE":"TH5401","ADM1_EN":"Phrae","ADM1_TH":"แพร่","ADM1_PCODE":"TH54","ADM0_EN":"Thailand","ADM0_TH":"ประเทศไทย","ADM0_PCODE":"TH"}},
{"type":"Feature","geometry":{"type":"Polygon","coordinates":[[[100.18761045000008,18.10467688500006],[100.19048944600007,18.105951563000076],[100.19285504200008,18.105359676000035],[100.19710528700006,18.105890487000067],[100.20482326200005,18.103283762000046],[100.20638160700008,18.10776991800003],[100.20367710400006,18.10951476500003],[100.20389368700006,18.115533838000033],[100.20102787200005,18.114405778000048],[100.19900051200005,18.11999995900004],[100.19706794400008,18.121125892000066],[100.19676653200008,18.126274040000055],[100.19866654600008,18.132789039000045],[100.18556528200008,18.13338518300003],[100.18332012100007,18.13871246900004],[100.18090162900006,18.138302655000075],[100.17998442900006,18.13681510400005],[100.17523647800004,18.137347159000058],[100.16687145000009,18.139041741000028],[100.16658888600006,18.131454200000064],[100.16840540700008,18.12941592900006],[100.17214714000005,18.128891735000025],[100.17377152900008,18.123375458000055],[100.17148065700007,18.119935318000046],[100.16943512800003,18.11987635400004],[100.17661555700005,18.11213191400003],[100.18046944700006,18.10884526500007],[100.18506296900006,18.10685883700006],[100.18761045000008,18.10467688500006]]]},"properties":{"Shape_Leng":0.14627789186,"Shape_Area":0.000818893757854,"ADM3_EN":"Kanchana","ADM3_TH":"กาญจนา","ADM3_PCODE":"TH540120","ADM2_EN":"Mueang Phrae","ADM2_TH":"เมืองแพร่","ADM2_PCODE":"TH5401","ADM1_EN":"Phrae","ADM1_TH":"แพร่","ADM1_PCODE":"TH54","ADM0_EN":"Thailand","ADM0_TH":"ประเทศไทย","ADM0_PCODE":"TH"}},
{"type":"Feature","geometry":{"type":"Polygon","coordinates":[[[100.39268491700005,18.419296804000055],[100.38710474900006,18.41980922700003],[100.37944025400009,18.418562120000047],[100.37671013800008,18.416529574000037],[100.37634075800008,18.414681088000066],[100.37278842200004,18.410527958000046],[100.36958376000007,18.41031581900006],[100.36678885400005,18.411334924000073],[100.36142694300008,18.40450165200002],[100.36069640300008,18.40086813700003],[100.35835067600004,18.400527373000045],[100.35664178600007,18.39877789700006],[100.35437900000005,18.398384897000028],[100.35319237100003,18.39423224600006],[100.35694064000006,18.394416542000045],[100.35618871600008,18.390044386000056],[100.35142589000009,18.38708308400004],[100.34913795400007,18.384670193000034],[100.34889450600008,18.38286989900007],[100.34536815700005,18.38196583100006],[100.34301594300007,18.379620501000034],[100.33852976700007,18.377728098000034],[100.33566330600007,18.37302319300005],[100.33537970600008,18.37084339000006],[100.33290775700004,18.367804874000058],[100.33316857800008,18.364673512000024],[100.33470272700004,18.36146877500005],[100.33136936100004,18.36053654500006],[100.32747292500005,18.36040219700004],[100.32351586900006,18.362858860000074],[100.32153121200008,18.368000608000045],[100.31788921800006,18.366941186000076],[100.31579576900003,18.36463660900006],[100.31659461200007,18.360561278000034],[100.31276037000003,18.35577560400003],[100.31008992900007,18.355728579000072],[100.30639951300009,18.35020058500004],[100.30141187400005,18.354893666000066],[100.29962463800007,18.35770255700004],[100.29990613600006,18.359078947000057],[100.29741580100006,18.359663943000044],[100.29921355400006,18.36192892200006],[100.29653908800003,18.36457785700003],[100.29857908800005,18.366872396000076],[100.29805606900004,18.369189111000026],[100.29610989500009,18.37018579100004],[100.29508966600008,18.374818039000047],[100.29054177500007,18.377717201000053],[100.28818130300004,18.381411550000053],[100.28477354600005,18.383573644000023],[100.28664933300007,18.38795168300004],[100.28652799200006,18.390359902000057],[100.28150656800005,18.395139508000057],[100.28122650800003,18.397782676000077],[100.27855602200003,18.401309885000046],[100.27969208200005,18.403715443000067],[100.27808810700009,18.40634604400003],[100.27484157100008,18.409118920000026],[100.27222003300005,18.40962655900006],[100.26821854100007,18.412894453000035],[100.27145061800007,18.41730893700003],[100.27108946900006,18.419462487000033],[100.27358887200006,18.426133806000053],[100.27645130800005,18.428664647000062],[100.27290818800009,18.42980682600006],[100.27456112000004,18.43477031900005],[100.27734510500005,18.43876589300004],[100.27612123300008,18.440553013000056],[100.27391318700006,18.440851210000062],[100.27109023300005,18.452699451000058],[100.26895362800008,18.453021598000078],[100.26758492700009,18.446913084000073],[100.26846415100005,18.444712492000065],[100.26508500600005,18.443080245000033],[100.26230223500005,18.443123632000038],[100.25848398100004,18.44115081600006],[100.25930495100005,18.438172371000064],[100.25700464900007,18.43709080900004],[100.25742497600004,18.435164395000072],[100.25455300400006,18.434232310000027],[100.25549765300008,18.43132987000007],[100.25472655300007,18.430015640000022],[100.25204882800006,18.430399299000044],[100.24902782000004,18.426106525000023],[100.24874986600008,18.423174867000057],[100.24624629400006,18.422013185000026],[100.24359323100003,18.417831969000076],[100.24191435200004,18.416886220000038],[100.24027601100005,18.412761567000075],[100.24082006800006,18.411226971000076],[100.24052885900005,18.40410098600006],[100.23890541100008,18.400774211000055],[100.23970145000004,18.396492425000076],[100.24300582000006,18.395320834000074],[100.24513879300008,18.386102013000027],[100.24675829000006,18.387883499000054],[100.24718143100006,18.390733112000078],[100.24611727400008,18.391112243000066],[100.25433570600006,18.398595967000063],[100.25453812400008,18.401362945000074],[100.25646355900005,18.40342646600004],[100.26220396000008,18.404028277000066],[100.26086906400008,18.39960918500003],[100.25826385300007,18.397331484000063],[100.25913723100007,18.394697764000057],[100.26034847900007,18.394797469000025],[100.26456852300004,18.38827959300005],[100.26675427900005,18.38224196300007],[100.26608698800004,18.38014935800004],[100.26406632100009,18.378669884000033],[100.26028128400009,18.378147773000023],[100.25557283900008,18.375904640000044],[100.25543697000006,18.374492813000074],[100.25809949000006,18.37140739000006],[100.25744398600006,18.369416276000038],[100.25437048600008,18.365415433000067],[100.25577196500006,18.360291483000026],[100.25532970100005,18.355431058000022],[100.25430865900006,18.35402791100006],[100.25684348600004,18.351941800000077],[100.26281817100005,18.353143432000024],[100.26407026400005,18.351030593000075],[100.26698879300005,18.34983875100005],[100.26832326700008,18.346686411000064],[100.27484269900003,18.346217212000056],[100.27539951900008,18.343513424000037],[100.27678267000005,18.342728489000024],[100.27694785800009,18.34027390700004],[100.27938193900007,18.338940458000025],[100.27962583600004,18.336822099000074],[100.28165690300006,18.33525692300003],[100.28499182600007,18.334828026000025],[100.28626741700003,18.333006770000054],[100.28956514600009,18.33631936100005],[100.29137673100007,18.33521207900003],[100.29500584800007,18.335368413000026],[100.29849114900009,18.33312200200004],[100.30263915400008,18.332014582000056],[100.30667146100006,18.33298373300005],[100.31041163300006,18.331892803000073],[100.31188543000007,18.332474782000077],[100.31570084300006,18.33133385700006],[100.31833204300005,18.329247364000025],[100.31916769900005,18.329990980000048],[100.32055109000004,18.327390695000076],[100.32306940900008,18.329332382000075],[100.32607547000003,18.32807192100006],[100.32644754700004,18.326448735000042],[100.32922409200006,18.326347111000075],[100.33260557200003,18.32821050900003],[100.33640807100005,18.32642653100004],[100.34143147500004,18.326642325000023],[100.35110737800005,18.324833985000055],[100.35426889600006,18.323417797000047],[100.35595810700005,18.324998679000032],[100.35898833900006,18.323896766000075],[100.36432766700005,18.326500434000025],[100.36554204400005,18.33018184100007],[100.36871805800007,18.332681172000036],[100.37063751100004,18.332693407000022],[100.37460705700005,18.335270621000063],[100.37558846500008,18.338575798000022],[100.37347221400006,18.34318775400004],[100.37738668100008,18.345964587000026],[100.37928153200005,18.350104842000064],[100.38256973200004,18.35340231600003],[100.38082530800006,18.35768157900003],[100.38488090300007,18.361519500000043],[100.38404926100009,18.364666270000043],[100.38083066600007,18.36649847600006],[100.37800278500004,18.36641828200004],[100.37585558300003,18.36893606700005],[100.37439762000008,18.372874282000055],[100.37469891100005,18.375651025000025],[100.37621215500008,18.37607964500006],[100.37782327500008,18.37904338800007],[100.38027261000008,18.38019053100004],[100.38013537700004,18.383265170000072],[100.38126232400003,18.38633062400004],[100.37799170800008,18.392838460000064],[100.37891239500004,18.393996684000058],[100.38192610300007,18.393988840000077],[100.38259587600004,18.396861116000025],[100.37949879700005,18.399790584000073],[100.37810992000004,18.40283622900006],[100.37955549600008,18.409662984000022],[100.38489403900007,18.412048834000075],[100.38893261900006,18.416301539000074],[100.39131940500005,18.416840516000036],[100.39268491700005,18.419296804000055]]]},"properties":{"Shape_Leng":0.814527893642,"Shape_Area":0.0073682333784,"ADM3_EN":"Rong Kwang","ADM3_TH":"ร้องกวาง","ADM3_PCODE":"TH540201","ADM2_EN":"Rong Kwang","ADM2_TH":"ร้องกวาง","ADM2_PCODE":"TH5402","ADM1_EN":"Phrae","ADM1_TH":"แพร่","ADM1_PCODE":"TH54","ADM0_EN":"Thailand","ADM0_TH":"ประเทศไทย","ADM0_PCODE":"TH"}},
{"type":"Feature","geometry":{"type":"Polygon","coordinates":[[[100.39143577900006,18.29615582400004],[100.38511570000009,18.30065887300003],[100.37840854400008,18.30642395800004],[100.36863776200005,18.31042953800005],[100.36592296500004,18.313198268000065],[100.36179081400007,18.31484640700006],[100.35609686000004,18.312845883000023],[100.35445289600005,18.30598430300006],[100.35360258300005,18.304381868000064],[100.34983363400005,18.30138477500003],[100.34604075100003,18.302164941000058],[100.34269864200007,18.301902702000064],[100.33751943900006,18.305412388000036],[100.33138551300004,18.306270787000074],[100.32834570500006,18.30836468900003],[100.32412716900006,18.309192575000054],[100.31586954900007,18.30565542900007],[100.31351910000006,18.30509667900003],[100.30916283200008,18.305771562000075],[100.30751981800006,18.304298583000048],[100.30631390400004,18.308044548000055],[100.30395972500008,18.31109575200003],[100.29831226900006,18.315319268000053],[100.29546223200003,18.322331727000062],[100.29036257400008,18.316607780000027],[100.28790909100007,18.312139339000055],[100.28179294800003,18.306905285000028],[100.28239012200004,18.30556771600004],[100.28149121800004,18.301202277000073],[100.27948630700007,18.298607669000035],[100.27204759500006,18.295079112000053],[100.27055202300005,18.295075095000072],[100.27050130800006,18.288617155000054],[100.26837327200008,18.287111897000045],[100.26746619600004,18.284109600000022],[100.27464524000004,18.278892083000073],[100.27813684300008,18.27343267400005],[100.27930415800006,18.266550421000034],[100.27801945900006,18.259642194000037],[100.29703909500006,18.268098472000077],[100.32217716000008,18.277899380000065],[100.32418468800006,18.27965069000004],[100.32404239400006,18.28168596000006],[100.32571902000007,18.284365195000078],[100.32612110100007,18.28834486200003],[100.33127728900007,18.293679938000025],[100.33453191500007,18.29351740800007],[100.33702777400003,18.291878714000063],[100.34119069800005,18.29247337700002],[100.34618009800005,18.291356119000056],[100.34909449400004,18.292506855000056],[100.35541945500006,18.29346786900004],[100.36053953800007,18.293737031000035],[100.36307590200005,18.292547666000075],[100.36642552600006,18.29309665100004],[100.36672750700006,18.294214847000035],[100.36983648300009,18.294663640000067],[100.37166202600008,18.29630561600004],[100.37746731800007,18.297256882000056],[100.38305204700004,18.297280184000044],[100.38805400300004,18.294417569000075],[100.39143577900006,18.29615582400004]]]},"properties":{"Shape_Leng":0.341375954411,"Shape_Area":0.00285769017721,"ADM3_EN":"Rong Khem","ADM3_TH":"ร้องเข็ม","ADM3_PCODE":"TH540204","ADM2_EN":"Rong Kwang","ADM2_TH":"ร้องกวาง","ADM2_PCODE":"TH5402","ADM1_EN":"Phrae","ADM1_TH":"แพร่","ADM1_PCODE":"TH54","ADM0_EN":"Thailand","ADM0_TH":"ประเทศไทย","ADM0_PCODE":"TH"}},
{"type":"Feature","geometry":{"type":"Polygon","coordinates":[[[100.27141202400009,18.239212803000044],[100.27490167100007,18.239536722000025],[100.27897500200004,18.235326370000053],[100.28005617500008,18.229581633000066],[100.28321384100008,18.228466283000046],[100.29127249500004,18.228219053000032],[100.29344489200008,18.22747491900003],[100.29491628900007,18.22909559800007],[100.29933875500006,18.229001296000035],[100.30011246300006,18.230390654000075],[100.31082686300005,18.232038516000046],[100.31918226100004,18.23043202100007],[100.32216221400006,18.23179163900005],[100.32582499100005,18.23184378600007],[100.32987728900008,18.236607503000073],[100.33319224900004,18.237904754000056],[100.33751897800005,18.240927112000065],[100.34004784400008,18.237296813000057],[100.34357159500007,18.23466574200006],[100.34491488600008,18.23264444800003],[100.34902277200007,18.233495465000033],[100.35091841600007,18.235979102000044],[100.34998165200005,18.237783539000077],[100.35261739400005,18.241988427000024],[100.35565668500004,18.24483552600003],[100.35950635100005,18.244310151000036],[100.36174829900006,18.24612053100003],[100.36536592100003,18.244835814000055],[100.36573540300009,18.242311288000053],[100.36833213300008,18.240164910000033],[100.37404310000005,18.241008906000047],[100.37802319000008,18.245229064000057],[100.38070015600005,18.246942110000077],[100.38442610800007,18.246873065000045],[100.38588390600006,18.249966653000058],[100.38517690600008,18.254528279000056],[100.38954523300004,18.254509996000024],[100.39212440500006,18.25926707900004],[100.39102023900006,18.26192121300005],[100.40053077600004,18.265733411000042],[100.40815768000004,18.26838150100002],[100.42176772500005,18.275368530000037],[100.41379255400005,18.282039867000037],[100.40187185500008,18.289697725000053],[100.39748190100005,18.291816121000068],[100.39143577900006,18.29615582400004],[100.38805400300004,18.294417569000075],[100.38305204700004,18.297280184000044],[100.37746731800007,18.297256882000056],[100.37166202600008,18.29630561600004],[100.36983648300009,18.294663640000067],[100.36672750700006,18.294214847000035],[100.36642552600006,18.29309665100004],[100.36307590200005,18.292547666000075],[100.36053953800007,18.293737031000035],[100.35541945500006,18.29346786900004],[100.34909449400004,18.292506855000056],[100.34618009800005,18.291356119000056],[100.34119069800005,18.29247337700002],[100.33702777400003,18.291878714000063],[100.33453191500007,18.29351740800007],[100.33127728900007,18.293679938000025],[100.32612110100007,18.28834486200003],[100.32571902000007,18.284365195000078],[100.32404239400006,18.28168596000006],[100.32418468800006,18.27965069000004],[100.32217716000008,18.277899380000065],[100.29703909500006,18.268098472000077],[100.27801945900006,18.259642194000037],[100.27503052700007,18.259370747000048],[100.27658547300007,18.257691368000053],[100.27642754800007,18.250820454000063],[100.27141202400009,18.239212803000044]]]},"properties":{"Shape_Leng":0.402663274404,"Shape_Area":0.00592162968537,"ADM3_EN":"Nam Lao","ADM3_TH":"น้ำเลา","ADM3_PCODE":"TH540205","ADM2_EN":"Rong Kwang","ADM2_TH":"ร้องกวาง","ADM2_PCODE":"TH5402","ADM1_EN":"Phrae","ADM1_TH":"แพร่","ADM1_PCODE":"TH54","ADM0_EN":"Thailand","ADM0_TH":"ประเทศไทย","ADM0_PCODE":"TH"}},
{"type":"Feature","geometry":{"type":"Polygon","coordinates":[[[100.34173141600007,18.168682267000065],[100.34738318200004,18.166445746000022],[100.35034169700003,18.167256336000037],[100.35715557600008,18.163817424000058],[100.35775318000003,18.16171561300007],[100.35943117300008,18.16127678400005],[100.36305817400006,18.157181336000065],[100.36790594300004,18.155795969000053],[100.37032582300009,18.15595607100005],[100.37529658300008,18.158448512000064],[100.38173295900003,18.158126758000037],[100.38338278700007,18.159526826000047],[100.39039789500004,18.15902440800005],[100.39534037600004,18.156946394000045],[100.39700311600006,18.153864234000025],[100.39881288700008,18.154344696000067],[100.40590545500004,18.15189384300004],[100.41151320300008,18.15230344400004],[100.41437905900005,18.153567800000076],[100.41849791500005,18.155483657000048],[100.42129437200003,18.153851161000034],[100.42925502600008,18.152717993000067],[100.43588084000004,18.152282342000035],[100.44028303900006,18.152926001000026],[100.44699117100004,18.158546974000046],[100.44799624800004,18.165235193000058],[100.44948531000006,18.168920870000022],[100.45243686200007,18.173122974000023],[100.45173344500006,18.17629659000005],[100.45269916700005,18.180831058000024],[100.45141855600008,18.183586598000034],[100.45405679100008,18.187305330000072],[100.45558865800007,18.190789794000068],[100.46000384100006,18.194833003000042],[100.45863252100008,18.19976362600005],[100.45893689300004,18.20148455100008],[100.45759890300008,18.207443639000076],[100.45414997500006,18.213211104000038],[100.45405139700006,18.214648588000045],[100.45856793900003,18.217431047000048],[100.46183763900007,18.223115291000056],[100.46057612900006,18.225773206000042],[100.46121381700004,18.230095391000077],[100.46440309900004,18.23400293900005],[100.46788069700006,18.237185762000024],[100.46809108300005,18.24490916700006],[100.47006363000008,18.24607406800004],[100.47256809800007,18.254352979000032],[100.47376691900007,18.256855533000078],[100.47579908000006,18.257745965000026],[100.47679292200007,18.26103816500006],[100.47563237300005,18.263596825000036],[100.47834806500003,18.267579526000077],[100.48040729900003,18.26748352800007],[100.48543128700004,18.27106472500003],[100.48774878200004,18.275387514000045],[100.49054685500005,18.27604844800004],[100.49367317600007,18.27799310300003],[100.49392627000003,18.279855217000033],[100.49219028000005,18.284674490000043],[100.48894729600005,18.28523447200007],[100.48349832600007,18.29004040600006],[100.48339933600005,18.295568896000077],[100.48630222900005,18.297926155000027],[100.48511102100008,18.300536382000075],[100.48237172100005,18.300126990000024],[100.47930385700005,18.294758542000068],[100.47760021200008,18.29416797700003],[100.47770422700006,18.291585912000073],[100.47599302500004,18.288273976000028],[100.47094719800003,18.284411163000073],[100.46477278900005,18.284902199000044],[100.46417520500006,18.28378716900005],[100.46091591800007,18.28482960200006],[100.45766320700005,18.28474536300007],[100.45656141000006,18.283498697000027],[100.45355016400003,18.28455298700004],[100.45218521600003,18.283521549000056],[100.44853359800004,18.285365127000034],[100.44770927000008,18.28728332000003],[100.44134104000005,18.287036262000072],[100.43682621800008,18.285636311000076],[100.43603853900004,18.28657343900005],[100.43162264200004,18.28295987000007],[100.42872262600008,18.27939423500004],[100.42176772500005,18.275368530000037],[100.40815768000004,18.26838150100002],[100.40053077600004,18.265733411000042],[100.39102023900006,18.26192121300005],[100.39212440500006,18.25926707900004],[100.38954523300004,18.254509996000024],[100.38517690600008,18.254528279000056],[100.38588390600006,18.249966653000058],[100.38442610800007,18.246873065000045],[100.38070015600005,18.246942110000077],[100.37802319000008,18.245229064000057],[100.37404310000005,18.241008906000047],[100.36833213300008,18.240164910000033],[100.36573540300009,18.242311288000053],[100.36536592100003,18.244835814000055],[100.36174829900006,18.24612053100003],[100.35950635100005,18.244310151000036],[100.35565668500004,18.24483552600003],[100.35261739400005,18.241988427000024],[100.34998165200005,18.237783539000077],[100.35091841600007,18.235979102000044],[100.34902277200007,18.233495465000033],[100.34491488600008,18.23264444800003],[100.34357159500007,18.23466574200006],[100.34004784400008,18.237296813000057],[100.33751897800005,18.240927112000065],[100.33319224900004,18.237904754000056],[100.32987728900008,18.236607503000073],[100.32582499100005,18.23184378600007],[100.32216221400006,18.23179163900005],[100.31918226100004,18.23043202100007],[100.31082686300005,18.232038516000046],[100.30011246300006,18.230390654000075],[100.29933875500006,18.229001296000035],[100.29491628900007,18.22909559800007],[100.29344489200008,18.22747491900003],[100.29127249500004,18.228219053000032],[100.28321384100008,18.228466283000046],[100.28005617500008,18.229581633000066],[100.27897500200004,18.235326370000053],[100.27490167100007,18.239536722000025],[100.27141202400009,18.239212803000044],[100.27040819000007,18.238013109000065],[100.27031446600006,18.230422188000034],[100.26827449800004,18.222979812000062],[100.27329931800006,18.213229629000068],[100.26747884100007,18.21240345700005],[100.26796097100004,18.210988620000023],[100.27575782900004,18.20449426700003],[100.27792716000005,18.20498762400007],[100.27801789800009,18.20309515200006],[100.28285973000004,18.198832848000052],[100.28505985800007,18.194348498000068],[100.28959791900007,18.19289092100007],[100.29199878600008,18.19595711000005],[100.29331757900007,18.195543963000034],[100.29264807900006,18.192446993000033],[100.29435948600008,18.189807720000033],[100.29905229600007,18.185590150000053],[100.30123874100008,18.185272870000063],[100.30117848100008,18.18336090300005],[100.30327582000007,18.180460636000078],[100.30745982400003,18.181024097000034],[100.31226987700006,18.182577208000055],[100.31736374000008,18.180681931000038],[100.32061680200007,18.181040266000025],[100.32147429400004,18.17800035500005],[100.32445742400006,18.174228518000064],[100.32652031900005,18.17512359500006],[100.32961426000008,18.17484804700007],[100.33142913700004,18.17217197100007],[100.33481984000008,18.172081813000034],[100.33933181400005,18.17034816000006],[100.34173141600007,18.168682267000065]]]},"properties":{"Shape_Leng":0.74052937765,"Shape_Area":0.0164996680564,"ADM3_EN":"Ban Wiang","ADM3_TH":"บ้านเวียง","ADM3_PCODE":"TH540206","ADM2_EN":"Rong Kwang","ADM2_TH":"ร้องกวาง","ADM2_PCODE":"TH5402","ADM1_EN":"Phrae","ADM1_TH":"แพร่","ADM1_PCODE":"TH54","ADM0_EN":"Thailand","ADM0_TH":"ประเทศไทย","ADM0_PCODE":"TH"}},
{"type":"Feature","geometry":{"type":"Polygon","coordinates":[[[100.30263915400008,18.332014582000056],[100.30057863100006,18.331199194000078],[100.29740063900005,18.32431109500004],[100.29546223200003,18.322331727000062],[100.29831226900006,18.315319268000053],[100.30395972500008,18.31109575200003],[100.30631390400004,18.308044548000055],[100.30751981800006,18.304298583000048],[100.30916283200008,18.305771562000075],[100.31351910000006,18.30509667900003],[100.31586954900007,18.30565542900007],[100.32412716900006,18.309192575000054],[100.32834570500006,18.30836468900003],[100.33138551300004,18.306270787000074],[100.33751943900006,18.305412388000036],[100.34269864200007,18.301902702000064],[100.34604075100003,18.302164941000058],[100.34983363400005,18.30138477500003],[100.35360258300005,18.304381868000064],[100.35445289600005,18.30598430300006],[100.35609686000004,18.312845883000023],[100.36179081400007,18.31484640700006],[100.36592296500004,18.313198268000065],[100.36863776200005,18.31042953800005],[100.37840854400008,18.30642395800004],[100.38511570000009,18.30065887300003],[100.39143577900006,18.29615582400004],[100.39582411700007,18.296156110000027],[100.39893777800006,18.29939351200005],[100.40015276700007,18.30186078400004],[100.40235717900003,18.30176421500005],[100.40742806800006,18.298093050000034],[100.41144478100006,18.29938189300003],[100.41437867500008,18.304135650000035],[100.41466392200005,18.306095176000042],[100.40685020600006,18.309915397000054],[100.40481675700005,18.310348429000044],[100.40561717000008,18.313574420000066],[100.40251383100008,18.314947887000073],[100.40301781800008,18.31690582300007],[100.40117423800007,18.317932348000056],[100.40048232400005,18.32190895100007],[100.40317313000008,18.32364179600006],[100.40408495300005,18.32606301800007],[100.40015349300006,18.327072738000027],[100.40104522400009,18.32909214400007],[100.40697770000008,18.33401688600003],[100.40817766700007,18.33666105700007],[100.40459547800003,18.339838626000073],[100.39903181000005,18.34011271600002],[100.39598675100007,18.33833081100005],[100.39374727500007,18.33883583900007],[100.39229461400004,18.336835491000045],[100.38920069500006,18.336313032000078],[100.38708379300004,18.337380911000025],[100.38473407700008,18.33640190400007],[100.37955602300008,18.338778615000024],[100.37558846500008,18.338575798000022],[100.37460705700005,18.335270621000063],[100.37063751100004,18.332693407000022],[100.36871805800007,18.332681172000036],[100.36554204400005,18.33018184100007],[100.36432766700005,18.326500434000025],[100.35898833900006,18.323896766000075],[100.35595810700005,18.324998679000032],[100.35426889600006,18.323417797000047],[100.35110737800005,18.324833985000055],[100.34143147500004,18.326642325000023],[100.33640807100005,18.32642653100004],[100.33260557200003,18.32821050900003],[100.32922409200006,18.326347111000075],[100.32644754700004,18.326448735000042],[100.32607547000003,18.32807192100006],[100.32306940900008,18.329332382000075],[100.32055109000004,18.327390695000076],[100.31916769900005,18.329990980000048],[100.31833204300005,18.329247364000025],[100.31570084300006,18.33133385700006],[100.31188543000007,18.332474782000077],[100.31041163300006,18.331892803000073],[100.30667146100006,18.33298373300005],[100.30263915400008,18.332014582000056]]]},"properties":{"Shape_Leng":0.353553584778,"Shape_Area":0.00277871338367,"ADM3_EN":"Thung Si","ADM3_TH":"ทุ่งศรี","ADM3_PCODE":"TH540207","ADM2_EN":"Rong Kwang","ADM2_TH":"ร้องกวาง","ADM2_PCODE":"TH5402","ADM1_EN":"Phrae","ADM1_TH":"แพร่","ADM1_PCODE":"TH54","ADM0_EN":"Thailand","ADM0_TH":"ประเทศไทย","ADM0_PCODE":"TH"}},
{"type":"Feature","geometry":{"type":"Polygon","coordinates":[[[100.28626741700003,18.333006770000054],[100.28022771900004,18.327481117000048],[100.27757800100005,18.327680651000037],[100.27578505300005,18.325419147000048],[100.27251803700005,18.327058556000054],[100.27153824300007,18.32300138200003],[100.26981754900004,18.322840232000033],[100.26755833700008,18.318219464000038],[100.26361264200006,18.31598690800007],[100.25803011400006,18.314546590000077],[100.25381563500008,18.315994345000036],[100.25263608400007,18.31406619300003],[100.24794251200007,18.315852665000023],[100.24605541900007,18.315278833000036],[100.24192959600003,18.315959019000047],[100.23764817200004,18.31040662600003],[100.23664403400005,18.30821002600004],[100.23901259300004,18.30560526100004],[100.23698184500006,18.30390908000004],[100.23395509600005,18.305210919000046],[100.23227408300005,18.30333291200003],[100.23056810200006,18.303763109000045],[100.23003043000006,18.297590408000076],[100.23085112100006,18.295399175000057],[100.23700179900004,18.293923170000028],[100.23962779600004,18.291888355000026],[100.24349263200008,18.289479150000034],[100.25484644600004,18.28355153600006],[100.25854468200004,18.288389703000064],[100.26269808400008,18.28913142700003],[100.26460443500008,18.288189464000027],[100.26517455300007,18.285077030000025],[100.26746619600004,18.284109600000022],[100.26837327200008,18.287111897000045],[100.27050130800006,18.288617155000054],[100.27055202300005,18.295075095000072],[100.27204759500006,18.295079112000053],[100.27948630700007,18.298607669000035],[100.28149121800004,18.301202277000073],[100.28239012200004,18.30556771600004],[100.28179294800003,18.306905285000028],[100.28790909100007,18.312139339000055],[100.29036257400008,18.316607780000027],[100.29546223200003,18.322331727000062],[100.29740063900005,18.32431109500004],[100.30057863100006,18.331199194000078],[100.30263915400008,18.332014582000056],[100.29849114900009,18.33312200200004],[100.29500584800007,18.335368413000026],[100.29137673100007,18.33521207900003],[100.28956514600009,18.33631936100005],[100.28626741700003,18.333006770000054]]]},"properties":{"Shape_Leng":0.231986630511,"Shape_Area":0.0016356742624,"ADM3_EN":"Mae Yang Tan","ADM3_TH":"แม่ยางตาล","ADM3_PCODE":"TH540208","ADM2_EN":"Rong Kwang","ADM2_TH":"ร้องกวาง","ADM2_PCODE":"TH5402","ADM1_EN":"Phrae","ADM1_TH":"แพร่","ADM1_PCODE":"TH54","ADM0_EN":"Thailand","ADM0_TH":"ประเทศไทย","ADM0_PCODE":"TH"}},
{"type":"Feature","geometry":{"type":"Polygon","coordinates":[[[100.26028128400009,18.378147773000023],[100.25687109700004,18.378394694000065],[100.25575062200005,18.379877418000035],[100.25444548100006,18.377041252000026],[100.25018754000007,18.374867925000046],[100.25041410200004,18.372763663000057],[100.24663457500009,18.367277484000056],[100.24688011200004,18.36518097000004],[100.24439680200004,18.362079961000063],[100.24258239800008,18.361177648000023],[100.24091294200008,18.358020272000033],[100.23880014300005,18.35804871000005],[100.23763875500003,18.352950817000078],[100.23611528700008,18.350737023000022],[100.23791131100006,18.34624320100005],[100.23616969700004,18.34463345000006],[100.23511235900008,18.339482271000065],[100.23559636700008,18.337402347000022],[100.23323535100008,18.33419638500004],[100.23163927700006,18.330627254000035],[100.23216612200008,18.328770615000053],[100.23460616700004,18.32794571200003],[100.23333713300008,18.319710288000067],[100.23203385300008,18.314708993000067],[100.23235112200007,18.30834653000005],[100.22867294000008,18.305345570000043],[100.23056810200006,18.303763109000045],[100.23227408300005,18.30333291200003],[100.23395509600005,18.305210919000046],[100.23698184500006,18.30390908000004],[100.23901259300004,18.30560526100004],[100.23664403400005,18.30821002600004],[100.23764817200004,18.31040662600003],[100.24192959600003,18.315959019000047],[100.24605541900007,18.315278833000036],[100.24794251200007,18.315852665000023],[100.25263608400007,18.31406619300003],[100.25381563500008,18.315994345000036],[100.25803011400006,18.314546590000077],[100.26361264200006,18.31598690800007],[100.26755833700008,18.318219464000038],[100.26981754900004,18.322840232000033],[100.27153824300007,18.32300138200003],[100.27251803700005,18.327058556000054],[100.27578505300005,18.325419147000048],[100.27757800100005,18.327680651000037],[100.28022771900004,18.327481117000048],[100.28626741700003,18.333006770000054],[100.28499182600007,18.334828026000025],[100.28165690300006,18.33525692300003],[100.27962583600004,18.336822099000074],[100.27938193900007,18.338940458000025],[100.27694785800009,18.34027390700004],[100.27678267000005,18.342728489000024],[100.27539951900008,18.343513424000037],[100.27484269900003,18.346217212000056],[100.26832326700008,18.346686411000064],[100.26698879300005,18.34983875100005],[100.26407026400005,18.351030593000075],[100.26281817100005,18.353143432000024],[100.25684348600004,18.351941800000077],[100.25430865900006,18.35402791100006],[100.25532970100005,18.355431058000022],[100.25577196500006,18.360291483000026],[100.25437048600008,18.365415433000067],[100.25744398600006,18.369416276000038],[100.25809949000006,18.37140739000006],[100.25543697000006,18.374492813000074],[100.25557283900008,18.375904640000044],[100.26028128400009,18.378147773000023]]]},"properties":{"Shape_Leng":0.298320533692,"Shape_Area":0.00181574209413,"ADM3_EN":"Mae Yang Ho","ADM3_TH":"แม่ยางฮ่อ","ADM3_PCODE":"TH540209","ADM2_EN":"Rong Kwang","ADM2_TH":"ร้องกวาง","ADM2_PCODE":"TH5402","ADM1_EN":"Phrae","ADM1_TH":"แพร่","ADM1_PCODE":"TH54","ADM0_EN":"Thailand","ADM0_TH":"ประเทศไทย","ADM0_PCODE":"TH"}},
{"type":"Feature","geometry":{"type":"Polygon","coordinates":[[[100.37558846500008,18.338575798000022],[100.37955602300008,18.338778615000024],[100.38473407700008,18.33640190400007],[100.38708379300004,18.337380911000025],[100.38920069500006,18.336313032000078],[100.39229461400004,18.336835491000045],[100.39374727500007,18.33883583900007],[100.39598675100007,18.33833081100005],[100.39903181000005,18.34011271600002],[100.40459547800003,18.339838626000073],[100.40817766700007,18.33666105700007],[100.40697770000008,18.33401688600003],[100.40104522400009,18.32909214400007],[100.40015349300006,18.327072738000027],[100.40408495300005,18.32606301800007],[100.40317313000008,18.32364179600006],[100.40048232400005,18.32190895100007],[100.40117423800007,18.317932348000056],[100.40301781800008,18.31690582300007],[100.40251383100008,18.314947887000073],[100.40561717000008,18.313574420000066],[100.40481675700005,18.310348429000044],[100.40685020600006,18.309915397000054],[100.41466392200005,18.306095176000042],[100.41437867500008,18.304135650000035],[100.41144478100006,18.29938189300003],[100.40742806800006,18.298093050000034],[100.40235717900003,18.30176421500005],[100.40015276700007,18.30186078400004],[100.39893777800006,18.29939351200005],[100.39582411700007,18.296156110000027],[100.39143577900006,18.29615582400004],[100.39748190100005,18.291816121000068],[100.40187185500008,18.289697725000053],[100.41379255400005,18.282039867000037],[100.42176772500005,18.275368530000037],[100.42872262600008,18.27939423500004],[100.43162264200004,18.28295987000007],[100.43603853900004,18.28657343900005],[100.43682621800008,18.285636311000076],[100.44134104000005,18.287036262000072],[100.44770927000008,18.28728332000003],[100.44853359800004,18.285365127000034],[100.45218521600003,18.283521549000056],[100.45355016400003,18.28455298700004],[100.45656141000006,18.283498697000027],[100.45766320700005,18.28474536300007],[100.46091591800007,18.28482960200006],[100.46417520500006,18.28378716900005],[100.46477278900005,18.284902199000044],[100.47094719800003,18.284411163000073],[100.47599302500004,18.288273976000028],[100.47770422700006,18.291585912000073],[100.47760021200008,18.29416797700003],[100.47930385700005,18.294758542000068],[100.48237172100005,18.300126990000024],[100.48511102100008,18.300536382000075],[100.48499462700005,18.304406547000042],[100.48249128500004,18.305389742000045],[100.48150961200008,18.309231831000034],[100.48172514000004,18.31311588600005],[100.48050925600006,18.314668333000043],[100.47983351200008,18.318518294000057],[100.48106812200007,18.323578613000052],[100.48502856900006,18.32474737600006],[100.48840978200008,18.329729391000058],[100.48985425200004,18.33480849600005],[100.49290336500007,18.336706993000064],[100.49254546100008,18.33878593000003],[100.48973613200008,18.339817777000064],[100.48720671600006,18.342234054000073],[100.48281417200008,18.341921971000033],[100.48352291100008,18.346691860000078],[100.48145602300008,18.349405500000046],[100.47759532100008,18.349619261000043],[100.47913516900007,18.353123054000037],[100.47578559400006,18.354283141000053],[100.46851818600004,18.355635432000042],[100.46364854900008,18.361667513000043],[100.46047824000004,18.361983483000074],[100.45809282700009,18.36080283900003],[100.45235682800006,18.36126825100007],[100.44943245800005,18.363838002000023],[100.44783216600007,18.373954954000055],[100.44706234200004,18.38360278400006],[100.44217438300007,18.38851101100005],[100.44416272000007,18.39088788500004],[100.44622096300009,18.397172586000067],[100.44491902800007,18.399166942000022],[100.44570641300004,18.40292018100007],[100.45129476600005,18.40814048900006],[100.45845244600008,18.41196661600003],[100.46457124500006,18.41342179700007],[100.46625135500005,18.414641854000024],[100.46602383900006,18.417176893000033],[100.46184646400008,18.419066540000074],[100.45787870500004,18.419307553000067],[100.45571528000005,18.420557166000037],[100.44984479800007,18.426448333000053],[100.44648529700004,18.426986622000072],[100.44562407100005,18.424208381000028],[100.44291995600008,18.423294136000038],[100.44226556000007,18.424349240000026],[100.43809882700003,18.425291118000075],[100.43829633600006,18.42864120100006],[100.43291054400004,18.426424637000025],[100.43207273500008,18.435592388000032],[100.43321907000006,18.43743491500004],[100.43317942000004,18.441241536000064],[100.43486834000004,18.44182451100005],[100.43122110200005,18.445054648000053],[100.42942419500008,18.448199439000064],[100.42420846100003,18.447419656000022],[100.42319160300008,18.44826067200006],[100.42217036700004,18.453440225000065],[100.42311521500005,18.455545417000053],[100.42310194500004,18.459046732000047],[100.42151742200008,18.45862523900007],[100.41166901400004,18.450086706000036],[100.41249625100005,18.444366900000034],[100.40973292300004,18.440425429000072],[100.40678143800005,18.438852096000062],[100.39890044800006,18.440995643000065],[100.39416980300007,18.440809313000045],[100.39169294200008,18.438901302000033],[100.39097785100006,18.435449219000077],[100.39233514100005,18.434755808000034],[100.39596813700007,18.426379144000066],[100.39420611400004,18.42458147600007],[100.39417842900008,18.421952567000062],[100.39566177300009,18.42080564200006],[100.39268491700005,18.419296804000055],[100.39131940500005,18.416840516000036],[100.38893261900006,18.416301539000074],[100.38489403900007,18.412048834000075],[100.37955549600008,18.409662984000022],[100.37810992000004,18.40283622900006],[100.37949879700005,18.399790584000073],[100.38259587600004,18.396861116000025],[100.38192610300007,18.393988840000077],[100.37891239500004,18.393996684000058],[100.37799170800008,18.392838460000064],[100.38126232400003,18.38633062400004],[100.38013537700004,18.383265170000072],[100.38027261000008,18.38019053100004],[100.37782327500008,18.37904338800007],[100.37621215500008,18.37607964500006],[100.37469891100005,18.375651025000025],[100.37439762000008,18.372874282000055],[100.37585558300003,18.36893606700005],[100.37800278500004,18.36641828200004],[100.38083066600007,18.36649847600006],[100.38404926100009,18.364666270000043],[100.38488090300007,18.361519500000043],[100.38082530800006,18.35768157900003],[100.38256973200004,18.35340231600003],[100.37928153200005,18.350104842000064],[100.37738668100008,18.345964587000026],[100.37347221400006,18.34318775400004],[100.37558846500008,18.338575798000022]]]},"properties":{"Shape_Leng":0.706719278967,"Shape_Area":0.01176777476,"ADM3_EN":"Phai Thon","ADM3_TH":"ไผ่โทน","ADM3_PCODE":"TH540210","ADM2_EN":"Rong Kwang","ADM2_TH":"ร้องกวาง","ADM2_PCODE":"TH5402","ADM1_EN":"Phrae","ADM1_TH":"แพร่","ADM1_PCODE":"TH54","ADM0_EN":"Thailand","ADM0_TH":"ประเทศไทย","ADM0_PCODE":"TH"}},
{"type":"Feature","geometry":{"type":"Polygon","coordinates":[[[100.48145602300008,18.349405500000046],[100.48299913800008,18.35036387400004],[100.48722638000004,18.35044564900005],[100.48957675700007,18.351910288000056],[100.49237114400006,18.351354186000037],[100.49780186600003,18.352982059000055],[100.49821802500009,18.35741537100006],[100.50213871900007,18.358865242000036],[100.50573538900005,18.36277304600003],[100.50568253800009,18.368476178000037],[100.50685371800006,18.372027005000064],[100.51050085900005,18.376117264000072],[100.51037471500007,18.38173738100005],[100.51344569700007,18.388498815000048],[100.51776637100005,18.39256885900005],[100.52108489700004,18.392430518000026],[100.52697616700004,18.390561493000064],[100.53285342800007,18.392007357000068],[100.53639626300009,18.390819945000032],[100.53715617500006,18.395665948000044],[100.53916541700005,18.397967334000043],[100.54118657600009,18.40486095600005],[100.54622297000009,18.407144457000072],[100.54792273600003,18.41073242500005],[100.54777742000005,18.414133251000067],[100.55057757000009,18.417043601000046],[100.55117837800003,18.42315238200007],[100.54990911400006,18.426827811000067],[100.55126659100006,18.42903043800004],[100.54817349600006,18.432280251000066],[100.54737210800005,18.43747320600005],[100.54807024500008,18.443609440000046],[100.55057927000007,18.449299419000056],[100.54957922600005,18.45200244700004],[100.54966038000003,18.455901762000053],[100.54878125200008,18.45928936200005],[100.54561898600008,18.462279973000022],[100.54661104500008,18.465212953000048],[100.54325219600008,18.469197910000048],[100.54380591200004,18.472215793000032],[100.54299298200004,18.483562449000033],[100.54186485200006,18.48922513900004],[100.54064662400003,18.490341991000037],[100.53665078000006,18.491318766000063],[100.53417047600004,18.490318528000046],[100.53233812500008,18.485642021000046],[100.52755891100009,18.483416728000066],[100.52442607300009,18.48282240800006],[100.52378684300004,18.480007302000047],[100.51935510700008,18.47646955500005],[100.51691860600005,18.475515100000052],[100.51285744100005,18.47673364800005],[100.51099269200006,18.476299211000025],[100.50606636500004,18.473085404000074],[100.50461780400008,18.473110467000026],[100.50297395300004,18.475503699000058],[100.49392928900005,18.474061152000047],[100.48857146800003,18.477336071000025],[100.48190781800008,18.48242123700004],[100.48037057500005,18.48625876500006],[100.47734198200004,18.488609129000054],[100.47769622900006,18.492577581000035],[100.47676123800005,18.494743304000053],[100.47448945900004,18.494335826000054],[100.47284642800008,18.492314350000072],[100.46707264800006,18.491115647000072],[100.46018084900004,18.490539240000032],[100.45456879900007,18.496058194000057],[100.45057581200007,18.496205169000064],[100.44559875900006,18.495399536000036],[100.44535371900008,18.49159053300008],[100.44406015600003,18.489874608000036],[100.43801604000004,18.496947428000055],[100.43816128300006,18.49944681900007],[100.43684909200005,18.50189794100004],[100.42851786400007,18.49739400800007],[100.42187152900004,18.495628440000075],[100.41832690700005,18.49007925500007],[100.41877309800009,18.486175179000043],[100.41688273800008,18.482628496000075],[100.41466628900008,18.480520623000075],[100.41115522200005,18.483689079000044],[100.40859217000008,18.483446117000028],[100.40716977200003,18.484736405000035],[100.40192596200006,18.48484533000004],[100.39931541800007,18.48575016800004],[100.39988735600008,18.481477562000066],[100.40557175800006,18.477562395000064],[100.40503152600007,18.474890625000057],[100.40784126300008,18.471727497000074],[100.40801561300003,18.469304554000075],[100.41019616700004,18.469842913000036],[100.41547570500006,18.465852566000024],[100.41643377500009,18.463751321000075],[100.42310194500004,18.459046732000047],[100.42311521500005,18.455545417000053],[100.42217036700004,18.453440225000065],[100.42319160300008,18.44826067200006],[100.42420846100003,18.447419656000022],[100.42942419500008,18.448199439000064],[100.43122110200005,18.445054648000053],[100.43486834000004,18.44182451100005],[100.43317942000004,18.441241536000064],[100.43321907000006,18.43743491500004],[100.43207273500008,18.435592388000032],[100.43291054400004,18.426424637000025],[100.43829633600006,18.42864120100006],[100.43809882700003,18.425291118000075],[100.44226556000007,18.424349240000026],[100.44291995600008,18.423294136000038],[100.44562407100005,18.424208381000028],[100.44648529700004,18.426986622000072],[100.44984479800007,18.426448333000053],[100.45571528000005,18.420557166000037],[100.45787870500004,18.419307553000067],[100.46184646400008,18.419066540000074],[100.46602383900006,18.417176893000033],[100.46625135500005,18.414641854000024],[100.46457124500006,18.41342179700007],[100.45845244600008,18.41196661600003],[100.45129476600005,18.40814048900006],[100.44570641300004,18.40292018100007],[100.44491902800007,18.399166942000022],[100.44622096300009,18.397172586000067],[100.44416272000007,18.39088788500004],[100.44217438300007,18.38851101100005],[100.44706234200004,18.38360278400006],[100.44783216600007,18.373954954000055],[100.44943245800005,18.363838002000023],[100.45235682800006,18.36126825100007],[100.45809282700009,18.36080283900003],[100.46047824000004,18.361983483000074],[100.46364854900008,18.361667513000043],[100.46851818600004,18.355635432000042],[100.47578559400006,18.354283141000053],[100.47913516900007,18.353123054000037],[100.47759532100008,18.349619261000043],[100.48145602300008,18.349405500000046]]]},"properties":{"Shape_Leng":0.653005541489,"Shape_Area":0.0130558341734,"ADM3_EN":"Huai Rong","ADM3_TH":"ห้วยโรง","ADM3_PCODE":"TH540213","ADM2_EN":"Rong Kwang","ADM2_TH":"ร้องกวาง","ADM2_PCODE":"TH5402","ADM1_EN":"Phrae","ADM1_TH":"แพร่","ADM1_PCODE":"TH54","ADM0_EN":"Thailand","ADM0_TH":"ประเทศไทย","ADM0_PCODE":"TH"}},
{"type":"Feature","geometry":{"type":"Polygon","coordinates":[[[100.39268491700005,18.419296804000055],[100.38876638900007,18.421520974000032],[100.38320548700005,18.423849321000034],[100.38120367600004,18.42886878400003],[100.37610539900004,18.431668605000027],[100.37506625600008,18.435300746000053],[100.37150699200004,18.436036976000025],[100.36848637600008,18.435680383000033],[100.36471473200004,18.438602509000077],[100.36088313400006,18.439834517000065],[100.35455069300008,18.440741224000078],[100.35343748000008,18.442610623000064],[100.34595223500008,18.442357779000076],[100.33969922600005,18.44307641200004],[100.33888602300004,18.44400973100005],[100.34087554300004,18.448067337000055],[100.34130564900005,18.45239830400004],[100.33702532500007,18.454697742000064],[100.33406850500006,18.454747936000047],[100.33056131400008,18.456561754000063],[100.33091426800007,18.460661732000062],[100.32783206900007,18.461121604000027],[100.32445838100006,18.465551520000076],[100.31998268700005,18.466912196000067],[100.31758047300008,18.465293346000067],[100.31456862100003,18.466069928000024],[100.31336907300005,18.465148627000076],[100.31136726800008,18.46161574100006],[100.30962399400005,18.461332992000052],[100.30612764700004,18.45853552500006],[100.30371727700003,18.45823244500002],[100.30109954300008,18.456405896000035],[100.29869298100004,18.45298632400005],[100.29700975100008,18.452096467000047],[100.29154254400004,18.452700811000057],[100.29053045400008,18.451893288000065],[100.28645742400005,18.453757606000067],[100.28178899600005,18.454992196000035],[100.28048503800005,18.45177161400005],[100.27774505800005,18.452255469000022],[100.27419740500005,18.45155756400004],[100.27109023300005,18.452699451000058],[100.27391318700006,18.440851210000062],[100.27612123300008,18.440553013000056],[100.27734510500005,18.43876589300004],[100.27456112000004,18.43477031900005],[100.27290818800009,18.42980682600006],[100.27645130800005,18.428664647000062],[100.27358887200006,18.426133806000053],[100.27108946900006,18.419462487000033],[100.27145061800007,18.41730893700003],[100.26821854100007,18.412894453000035],[100.27222003300005,18.40962655900006],[100.27484157100008,18.409118920000026],[100.27808810700009,18.40634604400003],[100.27969208200005,18.403715443000067],[100.27855602200003,18.401309885000046],[100.28122650800003,18.397782676000077],[100.28150656800005,18.395139508000057],[100.28652799200006,18.390359902000057],[100.28664933300007,18.38795168300004],[100.28477354600005,18.383573644000023],[100.28818130300004,18.381411550000053],[100.29054177500007,18.377717201000053],[100.29508966600008,18.374818039000047],[100.29610989500009,18.37018579100004],[100.29805606900004,18.369189111000026],[100.29857908800005,18.366872396000076],[100.29653908800003,18.36457785700003],[100.29921355400006,18.36192892200006],[100.29741580100006,18.359663943000044],[100.29990613600006,18.359078947000057],[100.29962463800007,18.35770255700004],[100.30141187400005,18.354893666000066],[100.30639951300009,18.35020058500004],[100.31008992900007,18.355728579000072],[100.31276037000003,18.35577560400003],[100.31659461200007,18.360561278000034],[100.31579576900003,18.36463660900006],[100.31788921800006,18.366941186000076],[100.32153121200008,18.368000608000045],[100.32351586900006,18.362858860000074],[100.32747292500005,18.36040219700004],[100.33136936100004,18.36053654500006],[100.33470272700004,18.36146877500005],[100.33316857800008,18.364673512000024],[100.33290775700004,18.367804874000058],[100.33537970600008,18.37084339000006],[100.33566330600007,18.37302319300005],[100.33852976700007,18.377728098000034],[100.34301594300007,18.379620501000034],[100.34536815700005,18.38196583100006],[100.34889450600008,18.38286989900007],[100.34913795400007,18.384670193000034],[100.35142589000009,18.38708308400004],[100.35618871600008,18.390044386000056],[100.35694064000006,18.394416542000045],[100.35319237100003,18.39423224600006],[100.35437900000005,18.398384897000028],[100.35664178600007,18.39877789700006],[100.35835067600004,18.400527373000045],[100.36069640300008,18.40086813700003],[100.36142694300008,18.40450165200002],[100.36678885400005,18.411334924000073],[100.36958376000007,18.41031581900006],[100.37278842200004,18.410527958000046],[100.37634075800008,18.414681088000066],[100.37671013800008,18.416529574000037],[100.37944025400009,18.418562120000047],[100.38710474900006,18.41980922700003],[100.39268491700005,18.419296804000055]]]},"properties":{"Shape_Leng":0.494667676814,"Shape_Area":0.00738408765457,"ADM3_EN":"Mae Sai","ADM3_TH":"แม่ทราย","ADM3_PCODE":"TH540214","ADM2_EN":"Rong Kwang","ADM2_TH":"ร้องกวาง","ADM2_PCODE":"TH5402","ADM1_EN":"Phrae","ADM1_TH":"แพร่","ADM1_PCODE":"TH54","ADM0_EN":"Thailand","ADM0_TH":"ประเทศไทย","ADM0_PCODE":"TH"}},
{"type":"Feature","geometry":{"type":"Polygon","coordinates":[[[100.24027601100005,18.412761567000075],[100.23464584800007,18.41104176400006],[100.23286690400005,18.406829837000032],[100.23361612100007,18.40137366500005],[100.23240022400006,18.398833024000055],[100.22934926400006,18.39725297900003],[100.22731403900008,18.397943285000053],[100.22434422300006,18.395105949000026],[100.22404044700005,18.39234168100006],[100.22201010600008,18.39048223800006],[100.22008756300005,18.390349240000035],[100.21763103700005,18.387089091000064],[100.21753972400006,18.38520531200004],[100.21524524000006,18.38468634700007],[100.21248881500009,18.38025247300004],[100.21089307100004,18.375618157000076],[100.20827322300005,18.373831965000022],[100.20750033800005,18.36955374100006],[100.20953924600008,18.368264974000056],[100.20741213900004,18.365807219000033],[100.21364972400005,18.355002784000078],[100.21224503000008,18.352495240000053],[100.21440096700007,18.35081221100006],[100.21608006200006,18.34594383600006],[100.21466034000008,18.341691832000038],[100.21296365800004,18.336725427000033],[100.21222028700004,18.33246925900005],[100.20944292000007,18.333101637000027],[100.20717231300006,18.326822527000047],[100.20479184700008,18.32628519800005],[100.20231708700004,18.32220265500007],[100.20545957100006,18.317537273000028],[100.21939396000005,18.312187333000054],[100.22382551200008,18.307550374000073],[100.22867294000008,18.305345570000043],[100.23235112200007,18.30834653000005],[100.23203385300008,18.314708993000067],[100.23333713300008,18.319710288000067],[100.23460616700004,18.32794571200003],[100.23216612200008,18.328770615000053],[100.23163927700006,18.330627254000035],[100.23323535100008,18.33419638500004],[100.23559636700008,18.337402347000022],[100.23511235900008,18.339482271000065],[100.23616969700004,18.34463345000006],[100.23791131100006,18.34624320100005],[100.23611528700008,18.350737023000022],[100.23763875500003,18.352950817000078],[100.23880014300005,18.35804871000005],[100.24091294200008,18.358020272000033],[100.24258239800008,18.361177648000023],[100.24439680200004,18.362079961000063],[100.24688011200004,18.36518097000004],[100.24663457500009,18.367277484000056],[100.25041410200004,18.372763663000057],[100.25018754000007,18.374867925000046],[100.25444548100006,18.377041252000026],[100.25575062200005,18.379877418000035],[100.25687109700004,18.378394694000065],[100.26028128400009,18.378147773000023],[100.26406632100009,18.378669884000033],[100.26608698800004,18.38014935800004],[100.26675427900005,18.38224196300007],[100.26456852300004,18.38827959300005],[100.26034847900007,18.394797469000025],[100.25913723100007,18.394697764000057],[100.25826385300007,18.397331484000063],[100.26086906400008,18.39960918500003],[100.26220396000008,18.404028277000066],[100.25646355900005,18.40342646600004],[100.25453812400008,18.401362945000074],[100.25433570600006,18.398595967000063],[100.24611727400008,18.391112243000066],[100.24718143100006,18.390733112000078],[100.24675829000006,18.387883499000054],[100.24513879300008,18.386102013000027],[100.24300582000006,18.395320834000074],[100.23970145000004,18.396492425000076],[100.23890541100008,18.400774211000055],[100.24052885900005,18.40410098600006],[100.24082006800006,18.411226971000076],[100.24027601100005,18.412761567000075]]]},"properties":{"Shape_Leng":0.396182732486,"Shape_Area":0.00286692621986,"ADM3_EN":"Mae Yang Rong","ADM3_TH":"แม่ยางร้อง","ADM3_PCODE":"TH540215","ADM2_EN":"Rong Kwang","ADM2_TH":"ร้องกวาง","ADM2_PCODE":"TH5402","ADM1_EN":"Phrae","ADM1_TH":"แพร่","ADM1_PCODE":"TH54","ADM0_EN":"Thailand","ADM0_TH":"ประเทศไทย","ADM0_PCODE":"TH"}},
{"type":"Feature","geometry":{"type":"Polygon","coordinates":[[[99.82717909400009,18.23729697300007],[99.82354657700006,18.238150302000065],[99.82166306100004,18.237510326000063],[99.81996950800004,18.23464548900006],[99.81751443900004,18.233728073000066],[99.81572954300003,18.23108450700005],[99.81030106800006,18.226592873000072],[99.80632695700007,18.221431820000078],[99.80528047100006,18.218290418000038],[99.80159974800006,18.214955988000042],[99.80054430000007,18.21177208100005],[99.80147793100008,18.20971915900003],[99.79961652100008,18.205365307000022],[99.79935785600009,18.199363841000036],[99.79746943000004,18.198810553000044],[99.79580899600006,18.19599921300005],[99.79045718900005,18.19125126700004],[99.78883191900007,18.18503015400006],[99.78622086700005,18.18396107500007],[99.78355619900003,18.178845128000034],[99.77932353900007,18.175121353000065],[99.77750909800005,18.171115643000064],[99.77363957400007,18.166973660000053],[99.77206368600008,18.162558815000068],[99.76385835000008,18.15320507100006],[99.76107599000005,18.149398571000063],[99.75892700900005,18.148080701000026],[99.75386748600005,18.13995537900007],[99.75626370900005,18.136306194000042],[99.75447078600007,18.12996677800004],[99.76201626700004,18.12342329300003],[99.76668360800005,18.126024570000027],[99.76857606000004,18.12907047400006],[99.76823999700008,18.130348902000037],[99.77127256900008,18.134376538000026],[99.77437338000004,18.136282213000072],[99.78164046700005,18.135800689000064],[99.78502218700004,18.140529239000045],[99.78891458400005,18.14174328200005],[99.79127121700009,18.14084520700004],[99.79391077600008,18.142740900000035],[99.79842692800008,18.136974794000025],[99.80053861700009,18.13630770700007],[99.80338474100006,18.13062678500006],[99.80608226800007,18.128757665000023],[99.81046866200006,18.12007084000004],[99.81176861900008,18.114224489000037],[99.81582018900008,18.11175700900003],[99.81768660800009,18.105180692000033],[99.81960304700004,18.103876134000075],[99.81888950300004,18.101162384000077],[99.81926982600004,18.09757496800006],[99.81807353300007,18.095082742000045],[99.81796466000009,18.09208577000004],[99.81616774500009,18.090975455000034],[99.81420319300008,18.086639311000056],[99.81536758600004,18.079579161000026],[99.81676262300005,18.079457667000042],[99.82063309100005,18.07625710800005],[99.81834287800007,18.071651682000038],[99.81956919500004,18.070530689000066],[99.82030700800004,18.06528354200003],[99.82305864800009,18.055305330000067],[99.82785865800008,18.053885758000035],[99.82899362400008,18.04838972500005],[99.83156654000004,18.04837867400005],[99.83870877000004,18.044700008000063],[99.84484793500008,18.04312443300006],[99.84633107700006,18.04070282600003],[99.84544791700006,18.03750810300005],[99.84027818300007,18.032281019000038],[99.84118462500004,18.03020729600007],[99.84459903300007,18.02981961100005],[99.85045966600006,18.032840773000032],[99.85515983100004,18.033547621000025],[99.85893390400008,18.036102732000074],[99.85810567200008,18.04232712000004],[99.85962267100007,18.05057266600005],[99.86249069900003,18.05281023200007],[99.86502447400005,18.05184609300005],[99.86760028900005,18.047714278000058],[99.87013620900007,18.047663330000034],[99.87160248600009,18.049957969000047],[99.87448585900006,18.049912017000054],[99.87972638500008,18.047835271000054],[99.88361990100003,18.047661808000043],[99.88593556600006,18.045402169000056],[99.88670109800006,18.04323701900006],[99.88542425500003,18.036504628000046],[99.88693591400005,18.033046677000073],[99.89053135100005,18.029173719000028],[99.89261300400005,18.02824797900007],[99.89817722800007,18.02819987600003],[99.89562661200006,18.034412212000063],[99.89597984400007,18.036176528000055],[99.89309067200008,18.03763060600005],[99.89405774800008,18.039645392000068],[99.89370951000006,18.042883738000057],[99.89519774900003,18.046058371000072],[99.89463196800006,18.048550761000058],[99.89219131100003,18.049634026000035],[99.89331147100006,18.054308708000065],[99.89143946100006,18.055861933000074],[99.89087791500003,18.058678401000066],[99.88896096900004,18.059634405000054],[99.89105558800009,18.061240413000064],[99.89099693500003,18.062745465000035],[99.89481774500007,18.067118591000053],[99.89340196900008,18.070428938000077],[99.88075763700004,18.074859420000053],[99.87848261800008,18.076141842000027],[99.87211193400003,18.077808813000047],[99.86918720200003,18.079465748000075],[99.86670682900007,18.08238139200006],[99.86468087100008,18.083308945000056],[99.86337262700005,18.086079210000037],[99.86065134100005,18.08666974500005],[99.85833838600007,18.09075838800004],[99.85801862800008,18.093761614000073],[99.85586460400003,18.094348242000024],[99.85310706100006,18.096690514000045],[99.85276158700003,18.10039939400008],[99.85132706100006,18.101153122000028],[99.84969203500003,18.104391359000033],[99.84491560000004,18.104970184000024],[99.84466499900009,18.10697059100005],[99.84130477500008,18.11348792700005],[99.83962770700003,18.11548991500007],[99.84170731500006,18.11978238200004],[99.84104646600008,18.123100484000076],[99.84221308800005,18.124684802000047],[99.84048736000005,18.130421802000058],[99.83881302200007,18.133338183000035],[99.84040887300006,18.134275331000026],[99.84014155300008,18.139593997000077],[99.83621458900006,18.142866065000078],[99.83593032400006,18.14934652900007],[99.83440559200005,18.151535757000033],[99.83414262600007,18.15481014100004],[99.83219096300007,18.15658797800006],[99.83237464100006,18.160395460000075],[99.83480543200005,18.16429396600006],[99.83628939600004,18.16497183200005],[99.83768769100004,18.168246710000062],[99.84290137100004,18.172315337000043],[99.84391032100007,18.17672219700006],[99.84587068200005,18.179225849000034],[99.84219664200003,18.18201674900007],[99.84136775600007,18.183682734000058],[99.83810207400006,18.184396951000053],[99.83776166100006,18.18938121800005],[99.84207702900005,18.194205642000043],[99.84202233500008,18.19525124300003],[99.84519314300007,18.198430418000044],[99.84424754200006,18.207646191000038],[99.84165666900009,18.210104697000077],[99.83660592100006,18.21160714900003],[99.83521023100008,18.212821691000045],[99.83320895600008,18.217432604000066],[99.83047410500006,18.21848172600005],[99.83077265900005,18.221581745000037],[99.82864282800006,18.22219435900007],[99.82764911300006,18.224301823000076],[99.82536069500009,18.225303229000076],[99.82481364200004,18.227337014000057],[99.82556883400008,18.23199548200006],[99.82734290000008,18.235679231000063],[99.82717909400009,18.23729697300007]]]},"properties":{"Shape_Leng":0.75754422242,"Shape_Area":0.00967181260259,"ADM3_EN":"Huai O","ADM3_TH":"ห้วยอ้อ","ADM3_PCODE":"TH540301","ADM2_EN":"Long","ADM2_TH":"ลอง","ADM2_PCODE":"TH5403","ADM1_EN":"Phrae","ADM1_TH":"แพร่","ADM1_PCODE":"TH54","ADM0_EN":"Thailand","ADM0_TH":"ประเทศไทย","ADM0_PCODE":"TH"}},
{"type":"Feature","geometry":{"type":"Polygon","coordinates":[[[99.89817722800007,18.02819987600003],[99.90585344400006,18.03459781500004],[99.91194304700008,18.04047834100004],[99.91787707900005,18.041800574000035],[99.92156670800006,18.036473775000047],[99.92320836500005,18.032162781000068],[99.92897904700004,18.033871986000065],[99.93473045700006,18.037473356000078],[99.93731583300007,18.036483962000034],[99.94051981700005,18.036766130000046],[99.94249874400003,18.033811497000045],[99.94609721900008,18.030313885000055],[99.94540849100008,18.027291999000056],[99.95290287900008,18.020868604000043],[99.95356732800008,18.015631174000077],[99.95818549400008,18.01390847500005],[99.96178684100005,18.013349186000028],[99.96243068900009,18.017800426000065],[99.96513956100006,18.018737987000065],[99.96905407500009,18.02200904700004],[99.96949774000007,18.02666508300007],[99.97175320200006,18.032888521000075],[99.97450937300005,18.033502915000042],[99.97425846900006,18.03818209800005],[99.97266248800008,18.039562422000074],[99.97217582300004,18.043810327000074],[99.97402441100007,18.04554782500003],[99.97260381500007,18.050608098000055],[99.97355695600004,18.05223343600005],[99.97270966900004,18.05443444900004],[99.97083177700006,18.05457265000007],[99.96598179300008,18.056636597000022],[99.96295326900008,18.056052994000027],[99.96085876300003,18.058335027000055],[99.95571350900008,18.058470628000066],[99.95502680800007,18.059229962000074],[99.95500713900003,18.064672261000055],[99.95673668800003,18.06829648200005],[99.95695953800004,18.070663780000075],[99.94995674700004,18.071273864000034],[99.94598629200004,18.073194538000052],[99.94590085900006,18.07431510200007],[99.94896715000004,18.076655385000038],[99.94934574000007,18.07882193200004],[99.95292814600003,18.07968689100005],[99.95054542700007,18.082576274000076],[99.94451382400007,18.08382092000005],[99.94327887400004,18.087717653000027],[99.94027205400005,18.087143036000043],[99.93805428900004,18.088419488000056],[99.93758024100003,18.091658206000034],[99.93624341100008,18.092038538000054],[99.93346495000009,18.096717562000038],[99.92651680500006,18.09983528600003],[99.92067388400005,18.101879362000034],[99.91918126800005,18.101461192000045],[99.91752434000006,18.104112776000022],[99.91786561100008,18.109882522000078],[99.91505260100007,18.11189467500003],[99.91317821600006,18.114572319000047],[99.91032599700009,18.116043516000047],[99.91011377500007,18.118569270000023],[99.91282770300006,18.121726958000067],[99.91256155200006,18.127303511000036],[99.91082487800008,18.131100244000038],[99.91272179300006,18.136209305000023],[99.90979577500008,18.141166851000037],[99.90715130500007,18.144344451000052],[99.90489206100006,18.143271914000024],[99.89992868400009,18.145474191000062],[99.89789967100006,18.145279225000024],[99.89599689800008,18.14684448400004],[99.89023673600008,18.148741290000032],[99.88485526800008,18.154077993000044],[99.88471314700007,18.155837744000053],[99.88656502000003,18.15630733200004],[99.88698074000007,18.158281016000046],[99.89022029900008,18.163760684000067],[99.88516663100006,18.168224616000032],[99.87947623900004,18.167384695000067],[99.87504650000005,18.168339330000038],[99.87307925200008,18.170672925000076],[99.87864263500006,18.17813516700005],[99.88236535300007,18.18506355100004],[99.88294975700006,18.190152800000078],[99.88544849900006,18.194426754000062],[99.88627752700006,18.198501918000034],[99.88980919600004,18.20149807000007],[99.88964455600006,18.203490216000034],[99.89197909400008,18.20656923000007],[99.89199522400008,18.208123552000075],[99.88783485800008,18.21001940600007],[99.89025716200007,18.212658571000077],[99.88952272700004,18.21552517600003],[99.88681545600008,18.21658239100003],[99.88230302700003,18.220975390000035],[99.88188395100008,18.222176766000075],[99.88341703800006,18.229114894000077],[99.88253652200007,18.231150274000072],[99.88390846000004,18.234219949000078],[99.88175324900004,18.236415968000074],[99.88297588400007,18.237977353000076],[99.88309352000005,18.241226921000077],[99.88488446400004,18.243056516000024],[99.88541354400007,18.24758100500003],[99.88695776200007,18.252642476000062],[99.88961675300004,18.253926308000075],[99.89021466600008,18.256032224000023],[99.89391891600008,18.25913863200003],[99.89415572800004,18.26251405000005],[99.90218495400006,18.269343089000074],[99.90352285900008,18.274941255000044],[99.90633916500008,18.279887871000028],[99.90193480400006,18.280193515000065],[99.89614348900005,18.279715122000027],[99.89083760400007,18.281742432000044],[99.89006656900006,18.283227827000076],[99.88728222000003,18.281859918000066],[99.88112233500004,18.28265773800007],[99.87826662900005,18.279406143000074],[99.87202307100006,18.277915778000022],[99.87016031000007,18.279117720000045],[99.86665978100007,18.279025123000054],[99.86358012300008,18.279919396000025],[99.85907820900007,18.28396907700005],[99.85759805600009,18.28390885500005],[99.85654025300005,18.278755094000076],[99.85862098400008,18.27566841500004],[99.85626600000006,18.273361099000056],[99.85497991400007,18.26856146800003],[99.85186451800007,18.26277600000003],[99.84983657800007,18.26183502600003],[99.85160834900006,18.257662651000032],[99.84961920500007,18.254867542000056],[99.84586694700005,18.25626311700006],[99.84391839100005,18.254979284000058],[99.84265791200005,18.25052759500005],[99.83942321600006,18.24462090000003],[99.83456227200008,18.240267740000036],[99.83409610000007,18.236248850000038],[99.83219701800004,18.235579592000022],[99.82895370900007,18.23747891900007],[99.82717909400009,18.23729697300007],[99.82734290000008,18.235679231000063],[99.82556883400008,18.23199548200006],[99.82481364200004,18.227337014000057],[99.82536069500009,18.225303229000076],[99.82764911300006,18.224301823000076],[99.82864282800006,18.22219435900007],[99.83077265900005,18.221581745000037],[99.83047410500006,18.21848172600005],[99.83320895600008,18.217432604000066],[99.83521023100008,18.212821691000045],[99.83660592100006,18.21160714900003],[99.84165666900009,18.210104697000077],[99.84424754200006,18.207646191000038],[99.84519314300007,18.198430418000044],[99.84202233500008,18.19525124300003],[99.84207702900005,18.194205642000043],[99.83776166100006,18.18938121800005],[99.83810207400006,18.184396951000053],[99.84136775600007,18.183682734000058],[99.84219664200003,18.18201674900007],[99.84587068200005,18.179225849000034],[99.84391032100007,18.17672219700006],[99.84290137100004,18.172315337000043],[99.83768769100004,18.168246710000062],[99.83628939600004,18.16497183200005],[99.83480543200005,18.16429396600006],[99.83237464100006,18.160395460000075],[99.83219096300007,18.15658797800006],[99.83414262600007,18.15481014100004],[99.83440559200005,18.151535757000033],[99.83593032400006,18.14934652900007],[99.83621458900006,18.142866065000078],[99.84014155300008,18.139593997000077],[99.84040887300006,18.134275331000026],[99.83881302200007,18.133338183000035],[99.84048736000005,18.130421802000058],[99.84221308800005,18.124684802000047],[99.84104646600008,18.123100484000076],[99.84170731500006,18.11978238200004],[99.83962770700003,18.11548991500007],[99.84130477500008,18.11348792700005],[99.84466499900009,18.10697059100005],[99.84491560000004,18.104970184000024],[99.84969203500003,18.104391359000033],[99.85132706100006,18.101153122000028],[99.85276158700003,18.10039939400008],[99.85310706100006,18.096690514000045],[99.85586460400003,18.094348242000024],[99.85801862800008,18.093761614000073],[99.85833838600007,18.09075838800004],[99.86065134100005,18.08666974500005],[99.86337262700005,18.086079210000037],[99.86468087100008,18.083308945000056],[99.86670682900007,18.08238139200006],[99.86918720200003,18.079465748000075],[99.87211193400003,18.077808813000047],[99.87848261800008,18.076141842000027],[99.88075763700004,18.074859420000053],[99.89340196900008,18.070428938000077],[99.89481774500007,18.067118591000053],[99.89099693500003,18.062745465000035],[99.89105558800009,18.061240413000064],[99.88896096900004,18.059634405000054],[99.89087791500003,18.058678401000066],[99.89143946100006,18.055861933000074],[99.89331147100006,18.054308708000065],[99.89219131100003,18.049634026000035],[99.89463196800006,18.048550761000058],[99.89519774900003,18.046058371000072],[99.89370951000006,18.042883738000057],[99.89405774800008,18.039645392000068],[99.89309067200008,18.03763060600005],[99.89597984400007,18.036176528000055],[99.89562661200006,18.034412212000063],[99.89817722800007,18.02819987600003]]]},"properties":{"Shape_Leng":0.930744071569,"Shape_Area":0.0148428407382,"ADM3_EN":"Ban Pin","ADM3_TH":"บ้านปิน","ADM3_PCODE":"TH540302","ADM2_EN":"Long","ADM2_TH":"ลอง","ADM2_PCODE":"TH5403","ADM1_EN":"Phrae","ADM1_TH":"แพร่","ADM1_PCODE":"TH54","ADM0_EN":"Thailand","ADM0_TH":"ประเทศไทย","ADM0_PCODE":"TH"}},
{"type":"Feature","geometry":{"type":"Polygon","coordinates":[[[100.06355978500005,18.18977990700006],[100.05933590100005,18.190534709000076],[100.05666773100006,18.192768611000076],[100.05276450600007,18.194424842000046],[100.05019845700008,18.196460313000046],[100.04844484300008,18.199862737000046],[100.04052605000004,18.200533286000052],[100.03838720700008,18.201534123000044],[100.03777421400008,18.20376251500005],[100.04012733400003,18.207969754000032],[100.04289994400006,18.20979614400005],[100.04212249700004,18.211365600000022],[100.03927987700007,18.211273601000073],[100.03164226900009,18.212204867000025],[100.02837712200005,18.211255643000072],[100.02399182900007,18.208210016000066],[100.02125409600006,18.20406599200004],[100.01988085200009,18.199853289000032],[100.02058065100005,18.19768431400007],[100.01638480900004,18.193376228000034],[100.01169230300007,18.19363509300007],[100.00989627500007,18.191913701000033],[100.00767994200004,18.191880425000022],[100.00580231100008,18.193368811000028],[100.00319547800007,18.199043738000057],[100.00181803600003,18.199031481000077],[100.00078141000006,18.20166973700003],[99.99505001800009,18.20322997100004],[99.99531649700003,18.204508606000047],[99.98910931700004,18.206145526000057],[99.98596029500004,18.209075564000045],[99.98352277700008,18.208550036000076],[99.98223082300007,18.212994991000073],[99.97919552500008,18.215917490000038],[99.97626432000004,18.215752121000037],[99.97400648100006,18.21328354900004],[99.97261474800007,18.21419164400004],[99.97117492500007,18.212304174000053],[99.96766719100003,18.21460565900003],[99.96481773300007,18.21388893200003],[99.96206534500004,18.209507177000035],[99.95999753200005,18.20896307000004],[99.95919893800004,18.213995460000035],[99.96026640600007,18.21645909600005],[99.95617708000003,18.216034782000065],[99.95503610900005,18.218621867000024],[99.95097677300004,18.222002013000065],[99.94803744500007,18.222414703000027],[99.95017899100009,18.22388200300003],[99.94914321000005,18.22611002000002],[99.94750347500008,18.22638958400006],[99.94778518000004,18.22925267000005],[99.94673887200008,18.231078703000037],[99.94304255200007,18.230740001000072],[99.94136770600005,18.232743368000058],[99.93674376300004,18.232223772000054],[99.93504355300007,18.235769319000042],[99.93299647400005,18.234452257000044],[99.93181428800006,18.231951510000044],[99.92777921900006,18.23139756200004],[99.92487259900008,18.233540978000065],[99.92137841800007,18.233246645000065],[99.91899529700004,18.22992370000003],[99.91714054900007,18.22993869100003],[99.91270553100009,18.234193623000067],[99.91257189400005,18.23698922600005],[99.90916434400003,18.237307582000028],[99.90757093500008,18.238740953000047],[99.90814320400005,18.240475649000075],[99.90703827500005,18.242737633000047],[99.90815968000004,18.243648240000027],[99.90678796800006,18.245920926000053],[99.90831833900006,18.24755665500004],[99.90673211600006,18.248489536000022],[99.90952325400008,18.251214610000034],[99.90712306200004,18.255732711000064],[99.90658232700008,18.264393169000073],[99.90431260200006,18.26599794200007],[99.90218495400006,18.269343089000074],[99.89415572800004,18.26251405000005],[99.89391891600008,18.25913863200003],[99.89021466600008,18.256032224000023],[99.88961675300004,18.253926308000075],[99.88695776200007,18.252642476000062],[99.88541354400007,18.24758100500003],[99.88488446400004,18.243056516000024],[99.88309352000005,18.241226921000077],[99.88297588400007,18.237977353000076],[99.88175324900004,18.236415968000074],[99.88390846000004,18.234219949000078],[99.88253652200007,18.231150274000072],[99.88341703800006,18.229114894000077],[99.88188395100008,18.222176766000075],[99.88230302700003,18.220975390000035],[99.88681545600008,18.21658239100003],[99.88952272700004,18.21552517600003],[99.89025716200007,18.212658571000077],[99.88783485800008,18.21001940600007],[99.89199522400008,18.208123552000075],[99.89197909400008,18.20656923000007],[99.88964455600006,18.203490216000034],[99.88980919600004,18.20149807000007],[99.88627752700006,18.198501918000034],[99.88544849900006,18.194426754000062],[99.88294975700006,18.190152800000078],[99.88236535300007,18.18506355100004],[99.87864263500006,18.17813516700005],[99.87307925200008,18.170672925000076],[99.87504650000005,18.168339330000038],[99.87947623900004,18.167384695000067],[99.88516663100006,18.168224616000032],[99.89022029900008,18.163760684000067],[99.88698074000007,18.158281016000046],[99.88656502000003,18.15630733200004],[99.88471314700007,18.155837744000053],[99.88485526800008,18.154077993000044],[99.89023673600008,18.148741290000032],[99.89599689800008,18.14684448400004],[99.89789967100006,18.145279225000024],[99.89992868400009,18.145474191000062],[99.90489206100006,18.143271914000024],[99.90715130500007,18.144344451000052],[99.90979577500008,18.141166851000037],[99.91272179300006,18.136209305000023],[99.91082487800008,18.131100244000038],[99.91256155200006,18.127303511000036],[99.91282770300006,18.121726958000067],[99.91011377500007,18.118569270000023],[99.91032599700009,18.116043516000047],[99.91317821600006,18.114572319000047],[99.91505260100007,18.11189467500003],[99.91786561100008,18.109882522000078],[99.91752434000006,18.104112776000022],[99.91918126800005,18.101461192000045],[99.92067388400005,18.101879362000034],[99.92651680500006,18.09983528600003],[99.93346495000009,18.096717562000038],[99.93624341100008,18.092038538000054],[99.93758024100003,18.091658206000034],[99.93805428900004,18.088419488000056],[99.94027205400005,18.087143036000043],[99.94327887400004,18.087717653000027],[99.94451382400007,18.08382092000005],[99.95054542700007,18.082576274000076],[99.95292814600003,18.07968689100005],[99.94934574000007,18.07882193200004],[99.94896715000004,18.076655385000038],[99.94590085900006,18.07431510200007],[99.94598629200004,18.073194538000052],[99.94995674700004,18.071273864000034],[99.95695953800004,18.070663780000075],[99.95673668800003,18.06829648200005],[99.95500713900003,18.064672261000055],[99.95502680800007,18.059229962000074],[99.95571350900008,18.058470628000066],[99.96085876300003,18.058335027000055],[99.96295326900008,18.056052994000027],[99.96598179300008,18.056636597000022],[99.97083177700006,18.05457265000007],[99.97270966900004,18.05443444900004],[99.97355695600004,18.05223343600005],[99.97575162100009,18.052626797000073],[99.97655047600006,18.054963479000037],[99.97916715600007,18.057126021000045],[99.97761068000005,18.059280312000055],[99.97648578200005,18.064631689000066],[99.97694185600005,18.068936896000025],[99.97547096600005,18.071318937000058],[99.97575226200007,18.075739114000044],[99.98077953500007,18.083985202000065],[99.97757356100004,18.086080091000042],[99.97797461900007,18.089175658000045],[99.98051095900007,18.089325461000044],[99.98620503000006,18.092593975000057],[99.98864534100005,18.09583044900006],[99.98962872900006,18.098671083000056],[99.98937187100006,18.10173721700005],[99.99058556300008,18.102662981000037],[99.99477672200004,18.102427885000054],[100.00327794700007,18.10811695500007],[100.00412207200009,18.109682810000038],[100.00417380900006,18.11388945400006],[100.00699273300006,18.114841745000035],[100.01125106200004,18.114943708000055],[100.01051300600005,18.117369601000064],[100.01214020800006,18.11949388100004],[100.01183738300006,18.12251395800007],[100.01519109800006,18.126950598000064],[100.01599594700008,18.129146952000042],[100.02019893400006,18.12901854200004],[100.02062799700008,18.13098529100006],[100.02401459900005,18.134002717000044],[100.02564724100006,18.137108529000045],[100.02845983600008,18.137199709000072],[100.02962052100008,18.135755431000064],[100.03386826400003,18.13839529300003],[100.03571834500008,18.140567857000065],[100.03780967400007,18.14106268100005],[100.03605550300006,18.14525188600004],[100.03660663600004,18.147542134000048],[100.04108326800008,18.152155211000036],[100.04312916200007,18.157711092000056],[100.04767079500004,18.15848234500004],[100.04955305200008,18.162457052000036],[100.04952816000008,18.16432896200007],[100.05221922000004,18.164528759000063],[100.05288238000009,18.16739850700003],[100.05559139500008,18.168771579000065],[100.05677913300008,18.17211354600005],[100.05569589600003,18.174332415000038],[100.05677568300007,18.179963419000046],[100.05811892100007,18.18214193400007],[100.06068112600008,18.182700441000065],[100.06106420800006,18.185600344000022],[100.06355978500005,18.18977990700006]]]},"properties":{"Shape_Leng":0.862979283508,"Shape_Area":0.0186232201488,"ADM3_EN":"Ta Pha Mok","ADM3_TH":"ต้าผามอก","ADM3_PCODE":"TH540303","ADM2_EN":"Long","ADM2_TH":"ลอง","ADM2_PCODE":"TH5403","ADM1_EN":"Phrae","ADM1_TH":"แพร่","ADM1_PCODE":"TH54","ADM0_EN":"Thailand","ADM0_TH":"ประเทศไทย","ADM0_PCODE":"TH"}},
{"type":"Feature","geometry":{"type":"Polygon","coordinates":[[[100.07220446700006,18.24641185400003],[100.07391614000005,18.24832985300003],[100.07633906200005,18.254186787000037],[100.07818393300005,18.255421012000056],[100.08506844400006,18.253099818000067],[100.08552267000005,18.254396537000048],[100.08549612400009,18.268766604000064],[100.08743057100008,18.272444936000056],[100.08836151500009,18.276202743000056],[100.09004246900008,18.276669191000053],[100.08983428700009,18.28055203100007],[100.09076360400007,18.284944119000045],[100.09066879100004,18.287963813000033],[100.08580316200005,18.296327854000026],[100.08316305900007,18.300219157000072],[100.08024533400004,18.300559144000033],[100.07959430800008,18.303581846000043],[100.07524890200006,18.30990504500005],[100.07851752600004,18.315544961000057],[100.08207369500008,18.31746448100006],[100.08243819000006,18.321996505000072],[100.07924849900007,18.324954930000047],[100.07666972100009,18.32840404500007],[100.07247518300005,18.336272766000036],[100.07337287300004,18.341283626000063],[100.07334538000003,18.345212502000038],[100.07517575400004,18.348789302000057],[100.06829448100007,18.348112954000044],[100.05957426900005,18.349168129000077],[100.05776841900007,18.350616193000064],[100.05985646400006,18.35480456500005],[100.06483486500008,18.36180814900007],[100.06183581800008,18.362277377000055],[100.06020931000006,18.36066991000007],[100.05589108600009,18.362206467000078],[100.05470554800007,18.35896986800003],[100.05104555800006,18.359020588000078],[100.04948495800005,18.36074669100003],[100.04630112400008,18.36057939500006],[100.04456062000008,18.362720069000034],[100.03985299000004,18.36299396000004],[100.03601585000007,18.36507120400006],[100.03512487700004,18.369244022000032],[100.03606102400005,18.37098195300007],[100.03570722200004,18.374838200000056],[100.03898416700008,18.382480411000074],[100.04030158000006,18.383454855000025],[100.04026490600006,18.385922177000054],[100.03865332500004,18.387793760000022],[100.03684889100003,18.386603931000025],[100.03165207200004,18.38688748100003],[100.03029121600008,18.38477339700006],[100.02501704200006,18.384973591000062],[100.02427652100005,18.388107800000057],[100.02117056000009,18.388114340000072],[100.01888601500008,18.39179000400003],[100.01659181300005,18.392924023000035],[100.01300378700006,18.393270763000032],[100.00915530200007,18.396342378000043],[100.00483429000008,18.396411585000067],[99.99970132600004,18.40126334200005],[99.99920720100005,18.402593799000044],[99.99662503500008,18.402960784000072],[99.98927672000008,18.39722286800003],[99.98731875200008,18.391751777000025],[99.97680896700007,18.39088987200006],[99.97485858100003,18.392165564000038],[99.96779470900003,18.394021061000046],[99.96689749100005,18.392553934000034],[99.97062627700006,18.390095861000077],[99.96874935400007,18.38537229900004],[99.96649955600009,18.38310287300004],[99.96041342600006,18.383792904000074],[99.95731797800005,18.378402951000055],[99.95575142100006,18.377290166000023],[99.95012999100004,18.364463621000027],[99.95091383100004,18.356311808000044],[99.94904240400007,18.35494997400002],[99.94603674900009,18.355742794000037],[99.94191435300007,18.354299764000075],[99.93978857600007,18.351844784000036],[99.93962912000006,18.347890263000068],[99.93831716200003,18.345273040000052],[99.93907152100007,18.34142078700006],[99.93712301500005,18.337467907000075],[99.93830588900005,18.33408688700007],[99.93576964200008,18.329695765000054],[99.93576934200007,18.327072072000078],[99.93020933900004,18.319966488000034],[99.92699109300008,18.313382104000027],[99.92359965400004,18.310800054000026],[99.92117428900008,18.30689519500004],[99.91971881700005,18.300937719000046],[99.91608718500004,18.295007116000022],[99.91363196500004,18.292173562000073],[99.91364295300008,18.290242806000037],[99.91153784900007,18.28632155200006],[99.90805870100007,18.283994317000065],[99.90633916500008,18.279887871000028],[99.90352285900008,18.274941255000044],[99.90218495400006,18.269343089000074],[99.90431260200006,18.26599794200007],[99.90658232700008,18.264393169000073],[99.90712306200004,18.255732711000064],[99.90952325400008,18.251214610000034],[99.90673211600006,18.248489536000022],[99.90831833900006,18.24755665500004],[99.90678796800006,18.245920926000053],[99.90815968000004,18.243648240000027],[99.90703827500005,18.242737633000047],[99.90814320400005,18.240475649000075],[99.90757093500008,18.238740953000047],[99.90916434400003,18.237307582000028],[99.91257189400005,18.23698922600005],[99.91270553100009,18.234193623000067],[99.91714054900007,18.22993869100003],[99.91899529700004,18.22992370000003],[99.92137841800007,18.233246645000065],[99.92487259900008,18.233540978000065],[99.92777921900006,18.23139756200004],[99.93181428800006,18.231951510000044],[99.93299647400005,18.234452257000044],[99.93504355300007,18.235769319000042],[99.93674376300004,18.232223772000054],[99.94136770600005,18.232743368000058],[99.94304255200007,18.230740001000072],[99.94673887200008,18.231078703000037],[99.94778518000004,18.22925267000005],[99.94750347500008,18.22638958400006],[99.94914321000005,18.22611002000002],[99.95017899100009,18.22388200300003],[99.94803744500007,18.222414703000027],[99.95097677300004,18.222002013000065],[99.95503610900005,18.218621867000024],[99.95617708000003,18.216034782000065],[99.96026640600007,18.21645909600005],[99.95919893800004,18.213995460000035],[99.95999753200005,18.20896307000004],[99.96206534500004,18.209507177000035],[99.96481773300007,18.21388893200003],[99.96766719100003,18.21460565900003],[99.97117492500007,18.212304174000053],[99.97261474800007,18.21419164400004],[99.97400648100006,18.21328354900004],[99.97626432000004,18.215752121000037],[99.97919552500008,18.215917490000038],[99.98223082300007,18.212994991000073],[99.98352277700008,18.208550036000076],[99.98596029500004,18.209075564000045],[99.98910931700004,18.206145526000057],[99.99531649700003,18.204508606000047],[99.99505001800009,18.20322997100004],[100.00078141000006,18.20166973700003],[100.00181803600003,18.199031481000077],[100.00319547800007,18.199043738000057],[100.00580231100008,18.193368811000028],[100.00767994200004,18.191880425000022],[100.00989627500007,18.191913701000033],[100.01169230300007,18.19363509300007],[100.01638480900004,18.193376228000034],[100.02058065100005,18.19768431400007],[100.01988085200009,18.199853289000032],[100.02125409600006,18.20406599200004],[100.02399182900007,18.208210016000066],[100.02837712200005,18.211255643000072],[100.03164226900009,18.212204867000025],[100.03927987700007,18.211273601000073],[100.04212249700004,18.211365600000022],[100.04289994400006,18.20979614400005],[100.04012733400003,18.207969754000032],[100.03777421400008,18.20376251500005],[100.03838720700008,18.201534123000044],[100.04052605000004,18.200533286000052],[100.04844484300008,18.199862737000046],[100.05019845700008,18.196460313000046],[100.05276450600007,18.194424842000046],[100.05666773100006,18.192768611000076],[100.05933590100005,18.190534709000076],[100.06355978500005,18.18977990700006],[100.06288242800008,18.192403726000066],[100.06321945000008,18.19607062800003],[100.06190360500005,18.20348338900004],[100.06265946500008,18.20654856300007],[100.06330088900006,18.210279627000034],[100.06629241700006,18.21770709900005],[100.06667559800007,18.21995686400004],[100.06948095500007,18.223005397000065],[100.06851747700006,18.225155479000023],[100.06924738700008,18.22710352200005],[100.07158168600006,18.22681023000007],[100.07530914500006,18.231060813000056],[100.07681041700005,18.237515615000063],[100.07273874000003,18.23729107500003],[100.07272400300008,18.24125168200004],[100.07168897200006,18.24356532400003],[100.07220446700006,18.24641185400003]]]},"properties":{"Shape_Leng":0.856348698354,"Shape_Area":0.0260512911934,"ADM3_EN":"Wiang Ta","ADM3_TH":"เวียงต้า","ADM3_PCODE":"TH540304","ADM2_EN":"Long","ADM2_TH":"ลอง","ADM2_PCODE":"TH5403","ADM1_EN":"Phrae","ADM1_TH":"แพร่","ADM1_PCODE":"TH54","ADM0_EN":"Thailand","ADM0_TH":"ประเทศไทย","ADM0_PCODE":"TH"}},
{"type":"Feature","geometry":{"type":"Polygon","coordinates":[[[99.81956919500004,18.070530689000066],[99.81322910200004,18.070505507000064],[99.80910868600006,18.067621346000067],[99.80669714400005,18.061361439000052],[99.80300228400006,18.05894107900002],[99.79394116300006,18.056445722000035],[99.79180605700009,18.05453947600006],[99.78839663300005,18.04981987700006],[99.78507565000007,18.04636056000004],[99.78157266100004,18.04165024200006],[99.77484483700005,18.02812444600005],[99.77510434600003,18.026099423000062],[99.77735044900004,18.023282841000025],[99.77479006800007,18.017693489000067],[99.77639803300008,18.017114501000037],[99.77699186800004,18.014279315000067],[99.77953956500005,18.016512618000036],[99.78389754800008,18.01755478900003],[99.78691963300008,18.021870086000035],[99.78955760600007,18.021386317000065],[99.78977290000006,18.01884755800006],[99.79120016600007,18.017218998000033],[99.79004788200007,18.015703819000066],[99.79300409500007,18.008256519000042],[99.79535688600004,18.006917930000043],[99.79755368200006,18.00816283100005],[99.80190619300004,18.009118280000052],[99.80336838500006,18.01156572600007],[99.80612187200006,18.013995199000078],[99.80811399300006,18.014474196000037],[99.81817896800004,18.014166399000032],[99.82309498900008,18.011555542000053],[99.82462672900004,18.01732670100006],[99.82589424300005,18.017844312000022],[99.82761608500005,18.01589612400005],[99.83139417800004,18.01838735700005],[99.83089124300005,18.02336470000006],[99.83294298700008,18.027260300000023],[99.83553726700006,18.028030860000058],[99.83742630000006,18.02683456500006],[99.84044710300009,18.02865347200003],[99.84118462500004,18.03020729600007],[99.84027818300007,18.032281019000038],[99.84544791700006,18.03750810300005],[99.84633107700006,18.04070282600003],[99.84484793500008,18.04312443300006],[99.83870877000004,18.044700008000063],[99.83156654000004,18.04837867400005],[99.82899362400008,18.04838972500005],[99.82785865800008,18.053885758000035],[99.82305864800009,18.055305330000067],[99.82030700800004,18.06528354200003],[99.81956919500004,18.070530689000066]]]},"properties":{"Shape_Leng":0.249146438565,"Shape_Area":0.00252905849459,"ADM3_EN":"Pak Kang","ADM3_TH":"ปากกาง","ADM3_PCODE":"TH540305","ADM2_EN":"Long","ADM2_TH":"ลอง","ADM2_PCODE":"TH5403","ADM1_EN":"Phrae","ADM1_TH":"แพร่","ADM1_PCODE":"TH54","ADM0_EN":"Thailand","ADM0_TH":"ประเทศไทย","ADM0_PCODE":"TH"}},
{"type":"Feature","geometry":{"type":"Polygon","coordinates":[[[99.76201626700004,18.12342329300003],[99.75989702900006,18.120492030000037],[99.75496078300006,18.12000845600005],[99.75003879000008,18.115345051000077],[99.74671053600008,18.111427606000063],[99.74406436200007,18.109812136000073],[99.73946447400004,18.108827766000047],[99.73803487900005,18.104924810000057],[99.73606759300009,18.102813870000034],[99.73623879900003,18.100244458000077],[99.73448392000006,18.09515456200006],[99.72975161300008,18.089431180000076],[99.72693970200004,18.087435905000063],[99.72442283900006,18.079413127000066],[99.72235148000004,18.077587419000054],[99.72287769500008,18.075436274000026],[99.72006687800007,18.073635331000048],[99.71918122600005,18.069717989000026],[99.72039562700007,18.067521162000048],[99.72245634100005,18.067005851000033],[99.72785458800007,18.067379879000043],[99.73045610000008,18.066075199000068],[99.73227558900004,18.066386180000052],[99.73565197200008,18.069549207000023],[99.73774249100006,18.068579601000067],[99.74261687600006,18.06241856300005],[99.74375352100009,18.06320980600003],[99.74747726100009,18.062424316000033],[99.74943639500003,18.061076597000067],[99.75296756500006,18.06182138400004],[99.75563645300008,18.060120236000046],[99.76116898900005,18.059612756000035],[99.76327296600005,18.061303077000048],[99.76634698500004,18.061651203000054],[99.77120506700004,18.058486627000036],[99.77704320400005,18.053821866000078],[99.78013101800008,18.05419841400004],[99.78342613200005,18.052932654000074],[99.78565892600005,18.053814174000024],[99.78845804600007,18.052989076000074],[99.78970383100005,18.054989074000048],[99.79180605700009,18.05453947600006],[99.79394116300006,18.056445722000035],[99.80300228400006,18.05894107900002],[99.80669714400005,18.061361439000052],[99.80910868600006,18.067621346000067],[99.81322910200004,18.070505507000064],[99.81956919500004,18.070530689000066],[99.81834287800007,18.071651682000038],[99.82063309100005,18.07625710800005],[99.81676262300005,18.079457667000042],[99.81536758600004,18.079579161000026],[99.81420319300008,18.086639311000056],[99.81616774500009,18.090975455000034],[99.81796466000009,18.09208577000004],[99.81807353300007,18.095082742000045],[99.81926982600004,18.09757496800006],[99.81888950300004,18.101162384000077],[99.81960304700004,18.103876134000075],[99.81768660800009,18.105180692000033],[99.81582018900008,18.11175700900003],[99.81176861900008,18.114224489000037],[99.81046866200006,18.12007084000004],[99.80608226800007,18.128757665000023],[99.80338474100006,18.13062678500006],[99.80053861700009,18.13630770700007],[99.79842692800008,18.136974794000025],[99.79391077600008,18.142740900000035],[99.79127121700009,18.14084520700004],[99.78891458400005,18.14174328200005],[99.78502218700004,18.140529239000045],[99.78164046700005,18.135800689000064],[99.77437338000004,18.136282213000072],[99.77127256900008,18.134376538000026],[99.76823999700008,18.130348902000037],[99.76857606000004,18.12907047400006],[99.76668360800005,18.126024570000027],[99.76201626700004,18.12342329300003]]]},"properties":{"Shape_Leng":0.347496571018,"Shape_Area":0.00566531700247,"ADM3_EN":"Hua Thung","ADM3_TH":"หัวทุ่ง","ADM3_PCODE":"TH540306","ADM2_EN":"Long","ADM2_TH":"ลอง","ADM2_PCODE":"TH5403","ADM1_EN":"Phrae","ADM1_TH":"แพร่","ADM1_PCODE":"TH54","ADM0_EN":"Thailand","ADM0_TH":"ประเทศไทย","ADM0_PCODE":"TH"}},
{"type":"Feature","geometry":{"type":"Polygon","coordinates":[[[99.77479006800007,18.017693489000067],[99.77476366000008,18.020623098000044],[99.77204740500008,18.022986498000023],[99.76879240100004,18.02346228700003],[99.76683892800008,18.022374599000045],[99.76086507600007,18.02311006900004],[99.75689819000007,18.02287497800006],[99.75398261300006,18.025245133000055],[99.75262026900003,18.023685749000038],[99.74808470200009,18.022349380000037],[99.74580132300008,18.017396430000076],[99.74545090400005,18.00837163700004],[99.74018797500008,18.006818293000038],[99.73786391400006,18.005028760000073],[99.73800505100007,18.000648736000073],[99.73892673200004,17.999458963000052],[99.73620641600007,17.99308896200006],[99.73692857400005,17.991229503000056],[99.73616919600005,17.984374650000063],[99.73907974100007,17.98258375300003],[99.74024079800006,17.980393614000036],[99.73769304300004,17.980320650000067],[99.73593840000007,17.974752934000037],[99.73146361400006,17.976199205000057],[99.73246612500009,17.979038822000064],[99.73084456500004,17.981415880000043],[99.72369167900007,17.97981974100003],[99.71680217600004,17.980150216000027],[99.71312565800008,17.979182223000066],[99.71047166600005,17.97739657900007],[99.71220352200004,17.97389849600006],[99.70949160300006,17.97345100600006],[99.70727168400003,17.975692614000025],[99.70497344300009,17.974708187000033],[99.70206600700004,17.971637533000035],[99.70007660700009,17.971075212000073],[99.70111979200004,17.966903496000043],[99.70013394200004,17.96223143800006],[99.69733787700005,17.96222962400003],[99.69169788700003,17.965772555000058],[99.69003865100007,17.964112240000077],[99.68449419500007,17.96482838700007],[99.68259363400006,17.963278996000042],[99.67560627100005,17.959354764000068],[99.67262456500004,17.957561170000076],[99.67090473100006,17.958449074000043],[99.66861330100005,17.955870135000055],[99.66697414000004,17.95619111900004],[99.66458216600006,17.954501178000044],[99.66577201800004,17.95323740500004],[99.66771190600008,17.954183527000055],[99.66831401500008,17.95265194700005],[99.66577521400006,17.94891192800003],[99.66658323900003,17.94732231000006],[99.66356999200008,17.948609186000056],[99.66154573100005,17.946509005000053],[99.65911664900005,17.947753915000078],[99.65776662700006,17.946014868000077],[99.65215830700004,17.943655343000046],[99.64603130400008,17.944583462000026],[99.64165823500008,17.946720071000072],[99.63680245000006,17.94835959200003],[99.63399210100005,17.946809161000033],[99.63542620200008,17.94446503100005],[99.64183976500004,17.941503672000067],[99.64291598700004,17.939953271000036],[99.64270494700008,17.93698812200006],[99.64104396800008,17.93562573500003],[99.63553756700009,17.934506055000043],[99.63268111300005,17.93495002700007],[99.63133947800009,17.93322856700007],[99.63314163500007,17.929246927000065],[99.63217620500006,17.927264947000026],[99.63218040900006,17.924767933000055],[99.63496084600007,17.91853217700003],[99.63539669600004,17.91563430800005],[99.63259153200005,17.912920517000032],[99.63515387300004,17.91042224000006],[99.63810243700004,17.91111273300004],[99.64241045000006,17.910497732000067],[99.64573953900003,17.908120634000056],[99.65007369800009,17.903796125000042],[99.65433638100006,17.901513515000033],[99.65675802100009,17.904271945000062],[99.66000633700008,17.90378622000003],[99.66556594000008,17.904210720000037],[99.66727725100009,17.905519585000036],[99.67464473900009,17.904588260000025],[99.67583955400005,17.90373386300007],[99.68558313700004,17.90581232200003],[99.68843375000006,17.905297279000024],[99.69542261100008,17.907032575000073],[99.69839646800006,17.90657426200005],[99.70018426200005,17.909894809000036],[99.70567788000005,17.910976763000065],[99.70759848300008,17.912658365000027],[99.71287721600004,17.91259119500006],[99.71618870700007,17.91468450800005],[99.72140403300006,17.91387594200006],[99.72857226800005,17.91765865600007],[99.73082419000008,17.91769811100005],[99.73389791700004,17.919842161000076],[99.73716143100006,17.92017394100003],[99.73632330000004,17.922182431000067],[99.73911939600004,17.924025846000063],[99.74497567800006,17.924386725000033],[99.75592124000008,17.925916722000068],[99.75781929500005,17.927102110000078],[99.76095757900003,17.92691781700006],[99.76572047900004,17.928401561000044],[99.76863226200004,17.927002207000044],[99.77172905100008,17.927012993000062],[99.77774772400005,17.929586053000037],[99.78293581600008,17.930741486000045],[99.78467197100008,17.930482168000026],[99.78600141400005,17.92765543300004],[99.79117627300008,17.924732798000036],[99.79631692900006,17.92491825600007],[99.79723238800005,17.926015522000057],[99.80470704000004,17.927068569000028],[99.80085404800008,17.930209278000063],[99.79529297600004,17.931727181000042],[99.79484469200008,17.93405799100003],[99.79743875700007,17.936260754000045],[99.79440514500004,17.937408920000053],[99.79327837100004,17.940078906000053],[99.79475306300009,17.941142993000028],[99.79645974500005,17.94546600800004],[99.80300609800008,17.949660839000046],[99.80365287100005,17.95066089200003],[99.79953478300007,17.954574145000038],[99.79645620000008,17.956008448000034],[99.79547688600007,17.958454790000076],[99.79593592900005,17.963155304000054],[99.79418898300008,17.966044585000077],[99.79146423900005,17.967205781000075],[99.79309009600007,17.97151813100004],[99.79224244700004,17.973296693000066],[99.79331788800005,17.974838013000067],[99.79993961000008,17.976746778000063],[99.80217382700005,17.97804456500006],[99.80828680900004,17.978687432000072],[99.81672996100008,17.98582588100004],[99.81566808300005,17.98939759800004],[99.81196638300008,17.989301753000063],[99.80876373600006,17.99108341400006],[99.80709647200007,17.994230350000066],[99.80847129600005,17.997367148000023],[99.81127389500006,17.99640314100003],[99.81059955800004,18.00053827200003],[99.81134381300006,18.001586659000054],[99.81597988900006,18.00368001800007],[99.82027886500003,18.004003644000022],[99.82313692700006,18.00558693000005],[99.82439103300004,18.00764312000007],[99.82278594100006,18.00979709300003],[99.82309498900008,18.011555542000053],[99.81817896800004,18.014166399000032],[99.80811399300006,18.014474196000037],[99.80612187200006,18.013995199000078],[99.80336838500006,18.01156572600007],[99.80190619300004,18.009118280000052],[99.79755368200006,18.00816283100005],[99.79535688600004,18.006917930000043],[99.79300409500007,18.008256519000042],[99.79004788200007,18.015703819000066],[99.79120016600007,18.017218998000033],[99.78977290000006,18.01884755800006],[99.78955760600007,18.021386317000065],[99.78691963300008,18.021870086000035],[99.78389754800008,18.01755478900003],[99.77953956500005,18.016512618000036],[99.77699186800004,18.014279315000067],[99.77639803300008,18.017114501000037],[99.77479006800007,18.017693489000067]]]},"properties":{"Shape_Leng":0.745918414792,"Shape_Area":0.0114843077006,"ADM3_EN":"Thung Laeng","ADM3_TH":"ทุ่งแล้ง","ADM3_PCODE":"TH540307","ADM2_EN":"Long","ADM2_TH":"ลอง","ADM2_PCODE":"TH5403","ADM1_EN":"Phrae","ADM1_TH":"แพร่","ADM1_PCODE":"TH54","ADM0_EN":"Thailand","ADM0_TH":"ประเทศไทย","ADM0_PCODE":"TH"}},
{"type":"Feature","geometry":{"type":"Polygon","coordinates":[[[99.79180605700009,18.05453947600006],[99.78970383100005,18.054989074000048],[99.78845804600007,18.052989076000074],[99.78565892600005,18.053814174000024],[99.78342613200005,18.052932654000074],[99.78013101800008,18.05419841400004],[99.77704320400005,18.053821866000078],[99.77120506700004,18.058486627000036],[99.76634698500004,18.061651203000054],[99.76327296600005,18.061303077000048],[99.76116898900005,18.059612756000035],[99.75563645300008,18.060120236000046],[99.75296756500006,18.06182138400004],[99.74943639500003,18.061076597000067],[99.74747726100009,18.062424316000033],[99.74375352100009,18.06320980600003],[99.74261687600006,18.06241856300005],[99.73774249100006,18.068579601000067],[99.73565197200008,18.069549207000023],[99.73227558900004,18.066386180000052],[99.73045610000008,18.066075199000068],[99.72785458800007,18.067379879000043],[99.72245634100005,18.067005851000033],[99.72039562700007,18.067521162000048],[99.71918122600005,18.069717989000026],[99.71633149300004,18.071571212000038],[99.70930935600006,18.068774997000048],[99.70728208900005,18.070458469000073],[99.70447650700004,18.070374340000058],[99.70067490200006,18.067099450000057],[99.69322733400008,18.066247375000046],[99.69015268900006,18.06485974800006],[99.68939425000008,18.06300513800005],[99.69179405700004,18.056602122000072],[99.69062987900008,18.05488339900006],[99.68427468900006,18.051723467000045],[99.68021859300006,18.045796351000035],[99.67225532000003,18.043859558000065],[99.66882569900008,18.041677436000043],[99.66853478800004,18.04019040700007],[99.66960057600005,18.03398711500006],[99.67072083400006,18.032411566000064],[99.67552595100005,18.02972148200007],[99.67785664100006,18.027430131000074],[99.68135118000004,18.025675412000055],[99.68335984900006,18.022230854000043],[99.68470064600007,18.02182055000003],[99.68765853600007,18.017103776000056],[99.68771585000007,18.01132762800006],[99.68920472800005,18.01040395600006],[99.68935897900008,18.008001877000027],[99.68577963100006,18.001360126000066],[99.68596956600004,17.997902252000074],[99.68712688300008,17.99617248800007],[99.68667018200006,17.993831897000064],[99.68453507200007,17.992589356000053],[99.68245384600004,17.988756883000065],[99.67989589100006,17.987657714000022],[99.67833193700005,17.985082306000038],[99.68046074200004,17.983468559000073],[99.67928462000003,17.981693136000047],[99.68021753100004,17.980043872000067],[99.67832100000004,17.979893477000076],[99.67754877000004,17.974374632000035],[99.67510577600007,17.97262550000005],[99.67668282600005,17.969894330000045],[99.67445367600004,17.966219180000053],[99.67628010300007,17.963916807000032],[99.67469223000006,17.964106092000065],[99.67411935300004,17.960668889000033],[99.67560627100005,17.959354764000068],[99.68259363400006,17.963278996000042],[99.68449419500007,17.96482838700007],[99.69003865100007,17.964112240000077],[99.69169788700003,17.965772555000058],[99.69733787700005,17.96222962400003],[99.70013394200004,17.96223143800006],[99.70111979200004,17.966903496000043],[99.70007660700009,17.971075212000073],[99.70206600700004,17.971637533000035],[99.70497344300009,17.974708187000033],[99.70727168400003,17.975692614000025],[99.70949160300006,17.97345100600006],[99.71220352200004,17.97389849600006],[99.71047166600005,17.97739657900007],[99.71312565800008,17.979182223000066],[99.71680217600004,17.980150216000027],[99.72369167900007,17.97981974100003],[99.73084456500004,17.981415880000043],[99.73246612500009,17.979038822000064],[99.73146361400006,17.976199205000057],[99.73593840000007,17.974752934000037],[99.73769304300004,17.980320650000067],[99.74024079800006,17.980393614000036],[99.73907974100007,17.98258375300003],[99.73616919600005,17.984374650000063],[99.73692857400005,17.991229503000056],[99.73620641600007,17.99308896200006],[99.73892673200004,17.999458963000052],[99.73800505100007,18.000648736000073],[99.73786391400006,18.005028760000073],[99.74018797500008,18.006818293000038],[99.74545090400005,18.00837163700004],[99.74580132300008,18.017396430000076],[99.74808470200009,18.022349380000037],[99.75262026900003,18.023685749000038],[99.75398261300006,18.025245133000055],[99.75689819000007,18.02287497800006],[99.76086507600007,18.02311006900004],[99.76683892800008,18.022374599000045],[99.76879240100004,18.02346228700003],[99.77204740500008,18.022986498000023],[99.77476366000008,18.020623098000044],[99.77479006800007,18.017693489000067],[99.77735044900004,18.023282841000025],[99.77510434600003,18.026099423000062],[99.77484483700005,18.02812444600005],[99.78157266100004,18.04165024200006],[99.78507565000007,18.04636056000004],[99.78839663300005,18.04981987700006],[99.79180605700009,18.05453947600006]]]},"properties":{"Shape_Leng":0.523985931235,"Shape_Area":0.00708149269444,"ADM3_EN":"Bo Lek Long","ADM3_TH":"บ่อเหล็กลอง","ADM3_PCODE":"TH540308","ADM2_EN":"Long","ADM2_TH":"ลอง","ADM2_PCODE":"TH5403","ADM1_EN":"Phrae","ADM1_TH":"แพร่","ADM1_PCODE":"TH54","ADM0_EN":"Thailand","ADM0_TH":"ประเทศไทย","ADM0_PCODE":"TH"}},
{"type":"Feature","geometry":{"type":"Polygon","coordinates":[[[99.84118462500004,18.03020729600007],[99.84044710300009,18.02865347200003],[99.83742630000006,18.02683456500006],[99.83553726700006,18.028030860000058],[99.83294298700008,18.027260300000023],[99.83089124300005,18.02336470000006],[99.83139417800004,18.01838735700005],[99.82761608500005,18.01589612400005],[99.82589424300005,18.017844312000022],[99.82462672900004,18.01732670100006],[99.82309498900008,18.011555542000053],[99.82278594100006,18.00979709300003],[99.82439103300004,18.00764312000007],[99.82313692700006,18.00558693000005],[99.82027886500003,18.004003644000022],[99.81597988900006,18.00368001800007],[99.81134381300006,18.001586659000054],[99.81059955800004,18.00053827200003],[99.81127389500006,17.99640314100003],[99.80847129600005,17.997367148000023],[99.80709647200007,17.994230350000066],[99.80876373600006,17.99108341400006],[99.81196638300008,17.989301753000063],[99.81566808300005,17.98939759800004],[99.81672996100008,17.98582588100004],[99.80828680900004,17.978687432000072],[99.80217382700005,17.97804456500006],[99.79993961000008,17.976746778000063],[99.79331788800005,17.974838013000067],[99.79224244700004,17.973296693000066],[99.79309009600007,17.97151813100004],[99.79146423900005,17.967205781000075],[99.79418898300008,17.966044585000077],[99.79593592900005,17.963155304000054],[99.79547688600007,17.958454790000076],[99.79645620000008,17.956008448000034],[99.79953478300007,17.954574145000038],[99.80365287100005,17.95066089200003],[99.80300609800008,17.949660839000046],[99.79645974500005,17.94546600800004],[99.79475306300009,17.941142993000028],[99.79327837100004,17.940078906000053],[99.79440514500004,17.937408920000053],[99.79743875700007,17.936260754000045],[99.79484469200008,17.93405799100003],[99.79529297600004,17.931727181000042],[99.80085404800008,17.930209278000063],[99.80470704000004,17.927068569000028],[99.80836120800006,17.92760293200007],[99.80981364500008,17.929821809000032],[99.81763584300006,17.92829223600006],[99.81808100400008,17.927275386000076],[99.82133575800003,17.927294844000073],[99.82268888200008,17.925502805000065],[99.82731117700007,17.924550236000073],[99.83005520600005,17.92504090700004],[99.83176527700004,17.92658168500003],[99.83374482100004,17.92619387800005],[99.83443107500005,17.924078965000035],[99.83746191000006,17.924065936000034],[99.84446848700009,17.926813997000068],[99.84650313700007,17.927020205000076],[99.84807257400007,17.930222555000057],[99.84961206000008,17.93067748900006],[99.84968159600004,17.93292745100007],[99.85379515400007,17.933892296000067],[99.85423506200004,17.93739028300007],[99.85604337100006,17.938653267000063],[99.85770096700008,17.936875006000037],[99.86002838700006,17.93754136000007],[99.86323915000008,17.934830803000068],[99.86418074700003,17.938670358000024],[99.86801629100006,17.938867445000028],[99.87060959400009,17.935167008000064],[99.87135272200004,17.931626676000064],[99.87680672400006,17.925381531000028],[99.88295809400006,17.92624139800006],[99.88680105800006,17.929504639000072],[99.88696451100009,17.931044843000052],[99.88909924800004,17.93111305000002],[99.88891438300004,17.932620952000036],[99.89274643000005,17.935540678000052],[99.89159046900005,17.936028368000052],[99.88832901400008,17.940902263000055],[99.88453854900007,17.941014453000037],[99.88884217700007,17.946215967000057],[99.89123072400008,17.94647291800004],[99.89482064000003,17.948268622000057],[99.90350273700005,17.95584757100005],[99.90706624900008,17.955633980000073],[99.90963627400004,17.956940727000074],[99.91364853600004,17.96154890400004],[99.91569114500004,17.96289338200006],[99.91760921800005,17.966103107000038],[99.92110264700005,17.967295671000045],[99.92057468800004,17.97016614200004],[99.92538168600004,17.973644611000054],[99.93257058400008,17.97603188100004],[99.93460827900009,17.976066247000063],[99.93419060000008,17.978144334000035],[99.93576460000008,17.982110259000024],[99.94297521400006,17.987893860000042],[99.94379985600006,17.989698850000025],[99.94172933700008,17.992034784000055],[99.94297415500006,17.994999893000056],[99.94592832500007,17.99712899000002],[99.94863308700008,17.99737341900004],[99.95842137100004,18.005062233000046],[99.96101484400003,18.008313491000024],[99.96178684100005,18.013349186000028],[99.95818549400008,18.01390847500005],[99.95356732800008,18.015631174000077],[99.95290287900008,18.020868604000043],[99.94540849100008,18.027291999000056],[99.94609721900008,18.030313885000055],[99.94249874400003,18.033811497000045],[99.94051981700005,18.036766130000046],[99.93731583300007,18.036483962000034],[99.93473045700006,18.037473356000078],[99.92897904700004,18.033871986000065],[99.92320836500005,18.032162781000068],[99.92156670800006,18.036473775000047],[99.91787707900005,18.041800574000035],[99.91194304700008,18.04047834100004],[99.90585344400006,18.03459781500004],[99.89817722800007,18.02819987600003],[99.89261300400005,18.02824797900007],[99.89053135100005,18.029173719000028],[99.88693591400005,18.033046677000073],[99.88542425500003,18.036504628000046],[99.88670109800006,18.04323701900006],[99.88593556600006,18.045402169000056],[99.88361990100003,18.047661808000043],[99.87972638500008,18.047835271000054],[99.87448585900006,18.049912017000054],[99.87160248600009,18.049957969000047],[99.87013620900007,18.047663330000034],[99.86760028900005,18.047714278000058],[99.86502447400005,18.05184609300005],[99.86249069900003,18.05281023200007],[99.85962267100007,18.05057266600005],[99.85810567200008,18.04232712000004],[99.85893390400008,18.036102732000074],[99.85515983100004,18.033547621000025],[99.85045966600006,18.032840773000032],[99.84459903300007,18.02981961100005],[99.84118462500004,18.03020729600007]]]},"properties":{"Shape_Leng":0.63062485932,"Shape_Area":0.0128041834127,"ADM3_EN":"Mae Pan","ADM3_TH":"แม่ปาน","ADM3_PCODE":"TH540309","ADM2_EN":"Long","ADM2_TH":"ลอง","ADM2_PCODE":"TH5403","ADM1_EN":"Phrae","ADM1_TH":"แพร่","ADM1_PCODE":"TH54","ADM0_EN":"Thailand","ADM0_TH":"ประเทศไทย","ADM0_PCODE":"TH"}},
{"type":"Feature","geometry":{"type":"Polygon","coordinates":[[[100.11606766900007,18.057726914000057],[100.11364183100005,18.05926341600002],[100.11096475600004,18.059402232000025],[100.11053471800005,18.061226907000048],[100.10431676300004,18.061972570000023],[100.10192744800008,18.065326895000055],[100.09823307400006,18.06627756100005],[100.09509219300008,18.068873718000077],[100.09056796900006,18.07009775800003],[100.08580193800003,18.066665940000064],[100.08320800000007,18.06567919200006],[100.07903212000008,18.06543871100007],[100.07842813200006,18.06143320500007],[100.07507949700005,18.055630458000053],[100.07379823900004,18.050673122000035],[100.07257533600006,18.048958603000074],[100.07501590100009,18.050088022000068],[100.07705751800006,18.047250779000024],[100.08027872000008,18.046896682000067],[100.08544624400008,18.050980734000063],[100.08675967300007,18.05047778900007],[100.09150048000004,18.05268895000006],[100.09390556900007,18.05492100400005],[100.11110959500007,18.038554607000037],[100.11681493200007,18.04283706900003],[100.12050273200003,18.047245822000036],[100.12498395400007,18.05166411600004],[100.12487161200005,18.05348685000007],[100.12193509400004,18.05550842100007],[100.12023986900005,18.055573726000034],[100.11606766900007,18.057726914000057]]]},"properties":{"Shape_Leng":0.160907734442,"Shape_Area":0.000766525047565,"ADM3_EN":"Sung Men","ADM3_TH":"สูงเม่น","ADM3_PCODE":"TH540401","ADM2_EN":"Sung Men","ADM2_TH":"สูงเม่น","ADM2_PCODE":"TH5404","ADM1_EN":"Phrae","ADM1_TH":"แพร่","ADM1_PCODE":"TH54","ADM0_EN":"Thailand","ADM0_TH":"ประเทศไทย","ADM0_PCODE":"TH"}},
{"type":"Feature","geometry":{"type":"Polygon","coordinates":[[[100.07257533600006,18.048958603000074],[100.07083691600008,18.046279155000036],[100.07184347200007,18.040333946000032],[100.06861051800007,18.033119372000044],[100.06438571400008,18.030424019000066],[100.06575529500009,18.028318397000078],[100.06907278900007,18.026342853000074],[100.06836009800008,18.02308638100004],[100.06529606000004,18.021500227000047],[100.07020063300007,18.020869945000072],[100.07140209800008,18.022294975000023],[100.07389128300008,18.020691273000068],[100.07826023500007,18.02027484300004],[100.08194077500008,18.018183260000058],[100.08626521600007,18.01935432500005],[100.08979917200008,18.019417848000046],[100.09185357400008,18.01588532100004],[100.09449305100009,18.014182885000025],[100.09911145400008,18.013425779000045],[100.10102745600005,18.011065561000066],[100.10231023200004,18.003589203000047],[100.10377682700005,18.002690590000043],[100.10585711800007,18.011768291000067],[100.11100061300004,18.02513437700003],[100.11069252100003,18.03158492400007],[100.11110959500007,18.038554607000037],[100.09390556900007,18.05492100400005],[100.09150048000004,18.05268895000006],[100.08675967300007,18.05047778900007],[100.08544624400008,18.050980734000063],[100.08027872000008,18.046896682000067],[100.07705751800006,18.047250779000024],[100.07501590100009,18.050088022000068],[100.07257533600006,18.048958603000074]]]},"properties":{"Shape_Leng":0.198565111053,"Shape_Area":0.00133813543907,"ADM3_EN":"Nam Cham","ADM3_TH":"น้ำชำ","ADM3_PCODE":"TH540402","ADM2_EN":"Sung Men","ADM2_TH":"สูงเม่น","ADM2_PCODE":"TH5404","ADM1_EN":"Phrae","ADM1_TH":"แพร่","ADM1_PCODE":"TH54","ADM0_EN":"Thailand","ADM0_TH":"ประเทศไทย","ADM0_PCODE":"TH"}},
{"type":"Feature","geometry":{"type":"Polygon","coordinates":[[[100.22967992400004,17.984366845000068],[100.22105208100004,17.989355561000025],[100.21959250800006,17.988767171000063],[100.21576540600006,17.990494685000044],[100.21365449200005,17.989691203000064],[100.21029866200007,17.99172629900005],[100.20993500700007,17.99494640200004],[100.20851201000005,17.997844629000042],[100.20870560000009,17.999744806000024],[100.20398716100004,18.003213971000037],[100.20069968400009,18.003268947000038],[100.19875954000008,18.004879858000038],[100.19614789700006,18.01139530200004],[100.19295309200004,18.01355873800003],[100.19066976500005,18.01346873700004],[100.18661368600004,18.01668064200004],[100.18335599600005,18.017520398000045],[100.18161974900005,18.016963141000076],[100.17694750100009,18.021545640000056],[100.17315180700007,18.019833118000065],[100.16634213800006,18.020501410000065],[100.16537958400005,18.022748492000062],[100.16225549100005,18.022637119000024],[100.16077914200008,18.023860290000073],[100.16104886000005,18.02605365900007],[100.15829878600005,18.026731464000022],[100.15684997500006,18.028685817000053],[100.15021487900003,18.032020148000072],[100.14917542600006,18.033398285000033],[100.14509432700004,18.03472243400006],[100.14340973100008,18.036126722000063],[100.14051775400009,18.036451666000062],[100.13979174100007,18.038488925000024],[100.14127850400007,18.04069391400003],[100.13840700300005,18.040972628000077],[100.13741988700008,18.04317526500006],[100.13767518100008,18.046476104000078],[100.13645550000007,18.050864519000072],[100.13537311300007,18.04952411000005],[100.13061154000007,18.051439002000052],[100.12746754100004,18.05065088300006],[100.12498395400007,18.05166411600004],[100.12050273200003,18.047245822000036],[100.11681493200007,18.04283706900003],[100.11110959500007,18.038554607000037],[100.11069252100003,18.03158492400007],[100.11100061300004,18.02513437700003],[100.10585711800007,18.011768291000067],[100.10377682700005,18.002690590000043],[100.10633651900008,18.00180511700006],[100.10780408700003,17.99945563700004],[100.11521258200008,18.00007246200005],[100.11885622000005,17.998417808000056],[100.11933104900004,17.995971478000058],[100.12406056300006,17.99430354200007],[100.12751760800006,17.995031530000063],[100.13074629300007,17.992128836000063],[100.13132406000005,17.989011945000073],[100.13690108500003,17.98526373900006],[100.13949861600008,17.98494349400005],[100.14266717000004,17.988232163000077],[100.14403112300005,17.988138337000066],[100.14553954700006,17.984193060000052],[100.14859297100008,17.980448313000068],[100.14865725200008,17.97807434400005],[100.14511804500006,17.969900361000043],[100.13714745900006,17.96770330100003],[100.13268270100008,17.964184559000046],[100.13220360200006,17.961700995000058],[100.12922477700005,17.959987713000032],[100.12862683700007,17.955134792000024],[100.13009734700006,17.951121614000044],[100.12808223000008,17.94919483900003],[100.12749420800009,17.94314466700007],[100.12916217600008,17.940289579000023],[100.12823074800008,17.93928008200004],[100.13303143000007,17.93526951900003],[100.14093855300007,17.929442235000067],[100.14501672500006,17.928715813000053],[100.14615891400007,17.927271701000052],[100.15731842000008,17.921452916000078],[100.15856763800008,17.923021023000047],[100.16160563900007,17.92129086700004],[100.16886633300004,17.92021496700005],[100.17152399400004,17.917976700000054],[100.17454024100005,17.91778880000004],[100.17671926200006,17.916243806000068],[100.17926912900003,17.916603601000077],[100.18346181500004,17.911489975000052],[100.18767176100005,17.907733106000023],[100.18822022800003,17.903718406000053],[100.19592753000006,17.906358607000072],[100.19729142800009,17.910385293000047],[100.20276082100008,17.917941600000063],[100.20855284900006,17.91731941000006],[100.21040460500006,17.919535534000033],[100.21494295700006,17.92065946200006],[100.21565643600007,17.92552259400003],[100.21501434000004,17.92809876800004],[100.21839579500005,17.933093162000034],[100.21780131900005,17.93572440500003],[100.22016663400007,17.938357418000066],[100.22540923500009,17.939354647000073],[100.22632009400007,17.942749074000062],[100.22583318700003,17.949076929000057],[100.22738034200006,17.949916635000022],[100.23131603600007,17.94935514200006],[100.23364592500008,17.95124941800003],[100.23499964800004,17.95515834100007],[100.23970177000007,17.956174403000034],[100.24145501400005,17.958790693000026],[100.24597502900008,17.961423112000034],[100.25282718000005,17.960914743000046],[100.26182349600003,17.953457514000036],[100.26552150300006,17.954584512000054],[100.26893652800004,17.95430736700007],[100.27185651100007,17.955677785000034],[100.26899604000005,17.957283603000064],[100.26965694300009,17.959013644000038],[100.26983273400003,17.964310542000078],[100.26653111400003,17.969403701000033],[100.26607867400008,17.97216793700005],[100.26330485000005,17.973765203000028],[100.26020223400008,17.979181418000053],[100.25812341500006,17.97944753200005],[100.25460409700008,17.981443649000028],[100.24880552300004,17.979857496000022],[100.24762132100005,17.981006079000053],[100.24264289800004,17.981230839000034],[100.24152592600007,17.982043111000053],[100.23802121400007,17.980787156000076],[100.23528586500004,17.982075789000078],[100.23215541300004,17.982179520000045],[100.23191768500004,17.983682714000054],[100.22967992400004,17.984366845000068]]]},"properties":{"Shape_Leng":0.615574346217,"Shape_Area":0.0109709512185,"ADM3_EN":"Hua Fai","ADM3_TH":"หัวฝาย","ADM3_PCODE":"TH540403","ADM2_EN":"Sung Men","ADM2_TH":"สูงเม่น","ADM2_PCODE":"TH5404","ADM1_EN":"Phrae","ADM1_TH":"แพร่","ADM1_PCODE":"TH54","ADM0_EN":"Thailand","ADM0_TH":"ประเทศไทย","ADM0_PCODE":"TH"}},
{"type":"Feature","geometry":{"type":"Polygon","coordinates":[[[100.12498395400007,18.05166411600004],[100.12746754100004,18.05065088300006],[100.13061154000007,18.051439002000052],[100.13537311300007,18.04952411000005],[100.13645550000007,18.050864519000072],[100.14271688000008,18.05826270700004],[100.15435653500003,18.069092542000078],[100.15194151100008,18.079035602000033],[100.15163003800006,18.082212888000072],[100.14051817900008,18.087285763000068],[100.13617826700005,18.086999606000063],[100.13335273600006,18.088752897000063],[100.13138018700005,18.08855455500003],[100.12932885100008,18.090451904000076],[100.12380697400005,18.08006950400005],[100.12097051700005,18.072335027000065],[100.11878670400006,18.064022842000043],[100.11667383000008,18.06276199100006],[100.11787394500004,18.061886423000033],[100.11606766900007,18.057726914000057],[100.12023986900005,18.055573726000034],[100.12193509400004,18.05550842100007],[100.12487161200005,18.05348685000007],[100.12498395400007,18.05166411600004]]]},"properties":{"Shape_Leng":0.128573931214,"Shape_Area":0.000973198860855,"ADM3_EN":"Don Mun","ADM3_TH":"ดอนมูล","ADM3_PCODE":"TH540404","ADM2_EN":"Sung Men","ADM2_TH":"สูงเม่น","ADM2_PCODE":"TH5404","ADM1_EN":"Phrae","ADM1_TH":"แพร่","ADM1_PCODE":"TH54","ADM0_EN":"Thailand","ADM0_TH":"ประเทศไทย","ADM0_PCODE":"TH"}},
{"type":"Feature","geometry":{"type":"Polygon","coordinates":[[[100.21815253900007,18.018018749000078],[100.21504592500008,18.022719422000023],[100.21186524800004,18.02386332900005],[100.20837824500006,18.026842484000042],[100.20305418900006,18.028289715000028],[100.19885462200006,18.032825006000053],[100.19375373100007,18.033344876000058],[100.19383935000008,18.034615833000032],[100.19072216100005,18.036083244000054],[100.18898966300009,18.04114508500004],[100.18225231300005,18.049021207000067],[100.17687065800004,18.049375160000068],[100.17770669100008,18.055321109000033],[100.17773719700006,18.059969781000063],[100.17370457800007,18.06143786900003],[100.17294222500004,18.063817243000074],[100.17574869100008,18.069172888000026],[100.17434848200008,18.07082562100004],[100.17434038500005,18.074650503000043],[100.17147175900004,18.075504614000067],[100.17244788800008,18.076536524000062],[100.17151676500004,18.079174081000076],[100.15163003800006,18.082212888000072],[100.15194151100008,18.079035602000033],[100.15435653500003,18.069092542000078],[100.14271688000008,18.05826270700004],[100.13645550000007,18.050864519000072],[100.13767518100008,18.046476104000078],[100.13741988700008,18.04317526500006],[100.13840700300005,18.040972628000077],[100.14127850400007,18.04069391400003],[100.13979174100007,18.038488925000024],[100.14051775400009,18.036451666000062],[100.14340973100008,18.036126722000063],[100.14509432700004,18.03472243400006],[100.14917542600006,18.033398285000033],[100.15021487900003,18.032020148000072],[100.15684997500006,18.028685817000053],[100.15829878600005,18.026731464000022],[100.16104886000005,18.02605365900007],[100.16077914200008,18.023860290000073],[100.16225549100005,18.022637119000024],[100.16537958400005,18.022748492000062],[100.16634213800006,18.020501410000065],[100.17315180700007,18.019833118000065],[100.17694750100009,18.021545640000056],[100.18161974900005,18.016963141000076],[100.18335599600005,18.017520398000045],[100.18661368600004,18.01668064200004],[100.19066976500005,18.01346873700004],[100.19295309200004,18.01355873800003],[100.19614789700006,18.01139530200004],[100.19875954000008,18.004879858000038],[100.20069968400009,18.003268947000038],[100.20398716100004,18.003213971000037],[100.20870560000009,17.999744806000024],[100.20851201000005,17.997844629000042],[100.20993500700007,17.99494640200004],[100.21029866200007,17.99172629900005],[100.21365449200005,17.989691203000064],[100.21576540600006,17.990494685000044],[100.21959250800006,17.988767171000063],[100.22105208100004,17.989355561000025],[100.22967992400004,17.984366845000068],[100.22965913700006,17.990227443000038],[100.22755336000006,17.991482296000072],[100.22506447900008,17.997213145000046],[100.22662170900009,17.998883258000035],[100.22512616600005,18.00128003800006],[100.22117912200008,18.00390127000003],[100.21995052200003,18.006040084000063],[100.22465199000004,18.006688910000037],[100.22581852200005,18.011511203000055],[100.22024166100005,18.01389264000005],[100.21799727600006,18.016215715000044],[100.21815253900007,18.018018749000078]]]},"properties":{"Shape_Leng":0.36701697057,"Shape_Area":0.00302211283975,"ADM3_EN":"Ban Lao","ADM3_TH":"บ้านเหล่า","ADM3_PCODE":"TH540405","ADM2_EN":"Sung Men","ADM2_TH":"สูงเม่น","ADM2_PCODE":"TH5404","ADM1_EN":"Phrae","ADM1_TH":"แพร่","ADM1_PCODE":"TH54","ADM0_EN":"Thailand","ADM0_TH":"ประเทศไทย","ADM0_PCODE":"TH"}},
{"type":"Feature","geometry":{"type":"Polygon","coordinates":[[[100.18241956100007,18.080564295000045],[100.17151676500004,18.079174081000076],[100.17244788800008,18.076536524000062],[100.17147175900004,18.075504614000067],[100.17434038500005,18.074650503000043],[100.17434848200008,18.07082562100004],[100.17574869100008,18.069172888000026],[100.17294222500004,18.063817243000074],[100.17370457800007,18.06143786900003],[100.17773719700006,18.059969781000063],[100.17770669100008,18.055321109000033],[100.17687065800004,18.049375160000068],[100.18225231300005,18.049021207000067],[100.18898966300009,18.04114508500004],[100.19072216100005,18.036083244000054],[100.19383935000008,18.034615833000032],[100.19375373100007,18.033344876000058],[100.19885462200006,18.032825006000053],[100.20305418900006,18.028289715000028],[100.20837824500006,18.026842484000042],[100.21186524800004,18.02386332900005],[100.21504592500008,18.022719422000023],[100.21815253900007,18.018018749000078],[100.21923543400004,18.01853445200004],[100.21982016300007,18.021839485000044],[100.22257219300008,18.020970127000055],[100.22583878900008,18.023249020000037],[100.22833699400007,18.02193451100004],[100.23074664100005,18.02281255200006],[100.23513399600006,18.02620476800007],[100.23954236900005,18.02774222000005],[100.23362422500009,18.03490224600006],[100.23262157700003,18.038524538000047],[100.22510049500005,18.04519040300005],[100.22079584600004,18.044274746000042],[100.21949924000006,18.045125623000047],[100.21986249000008,18.04779938200005],[100.21793597500005,18.051843141000063],[100.21594993500008,18.05273561000007],[100.21436659700004,18.056558032000055],[100.21183092400008,18.060058814000058],[100.21116880300008,18.06227137700006],[100.20704329200004,18.063860593000072],[100.20463795800003,18.068726593000065],[100.20222211000004,18.068818460000045],[100.19607186900004,18.070588565000037],[100.19437105800006,18.06821018100004],[100.19135574300009,18.06961442000005],[100.19153965700008,18.07205351300007],[100.18778767500004,18.07309130400006],[100.18373295100008,18.076929249000045],[100.18241956100007,18.080564295000045]]]},"properties":{"Shape_Leng":0.247441112538,"Shape_Area":0.00184205710148,"ADM3_EN":"Ban Kwang","ADM3_TH":"บ้านกวาง","ADM3_PCODE":"TH540406","ADM2_EN":"Sung Men","ADM2_TH":"สูงเม่น","ADM2_PCODE":"TH5404","ADM1_EN":"Phrae","ADM1_TH":"แพร่","ADM1_PCODE":"TH54","ADM0_EN":"Thailand","ADM0_TH":"ประเทศไทย","ADM0_PCODE":"TH"}},
{"type":"Feature","geometry":{"type":"Polygon","coordinates":[[[99.97217582300004,18.043810327000074],[99.97943940600004,18.043397423000044],[99.98092708300004,18.042322247000072],[99.98355934400007,18.044064846000026],[99.98758045200003,18.043967531000078],[99.98981735700005,18.04613914600003],[99.99285755700004,18.045639824000034],[99.99429090600006,18.047588975000053],[99.99687899300005,18.047703241000022],[99.99933074300009,18.04260762900003],[100.00380630900008,18.044355478000057],[100.00529695100005,18.043452717000037],[100.00707817200004,18.04470846600003],[100.00925417000008,18.041901264000046],[100.00677596100007,18.040664004000064],[100.00933348400008,18.039405888000033],[100.01243270100008,18.039907092000078],[100.01493822600008,18.039119606000042],[100.01461868500007,18.03765835400003],[100.01770521100008,18.036173553000026],[100.01912789500005,18.034076153000058],[100.02051333900005,18.035091218000048],[100.02556720200005,18.031970258000058],[100.03065026300004,18.03409774200003],[100.03388558600005,18.030415477000076],[100.04990511100004,18.02662805600005],[100.05612423400004,18.027739518000033],[100.06515178500007,18.02646033600007],[100.06907278900007,18.026342853000074],[100.06575529500009,18.028318397000078],[100.06438571400008,18.030424019000066],[100.06861051800007,18.033119372000044],[100.07184347200007,18.040333946000032],[100.07083691600008,18.046279155000036],[100.07257533600006,18.048958603000074],[100.07379823900004,18.050673122000035],[100.07507949700005,18.055630458000053],[100.07842813200006,18.06143320500007],[100.07903212000008,18.06543871100007],[100.07940574900005,18.07100364000007],[100.07667518000005,18.071324023000045],[100.07539705400006,18.070207398000036],[100.07424280700008,18.072345333000044],[100.06922013300004,18.07389865700003],[100.06645204800009,18.072821764000025],[100.06436595900004,18.07386811400005],[100.06459493600005,18.075748924000038],[100.06232050500006,18.07748460600004],[100.06136251400005,18.08223199400004],[100.05859831500004,18.08194566800006],[100.05703786500004,18.08348468500003],[100.05327150400007,18.08487726100003],[100.04646167100003,18.089313858000025],[100.04453444500007,18.091386106000073],[100.04452206200006,18.093356004000043],[100.04085140100005,18.097438148000037],[100.03631087600007,18.094005810000056],[100.03322995800005,18.09259144400005],[100.03043676000004,18.090223563000052],[100.02551374500007,18.089891714000032],[100.02221671100006,18.08810428000004],[100.02162646000005,18.08894834000006],[100.01522606200007,18.08844517400007],[100.00892437600004,18.090949245000047],[100.00760574200007,18.090428201000066],[99.99303116100003,18.090564263000033],[99.98925567800006,18.093833037000024],[99.98864534100005,18.09583044900006],[99.98620503000006,18.092593975000057],[99.98051095900007,18.089325461000044],[99.97797461900007,18.089175658000045],[99.97757356100004,18.086080091000042],[99.98077953500007,18.083985202000065],[99.97575226200007,18.075739114000044],[99.97547096600005,18.071318937000058],[99.97694185600005,18.068936896000025],[99.97648578200005,18.064631689000066],[99.97761068000005,18.059280312000055],[99.97916715600007,18.057126021000045],[99.97655047600006,18.054963479000037],[99.97575162100009,18.052626797000073],[99.97355695600004,18.05223343600005],[99.97260381500007,18.050608098000055],[99.97402441100007,18.04554782500003],[99.97217582300004,18.043810327000074]]]},"properties":{"Shape_Leng":0.376783498714,"Shape_Area":0.00511682718693,"ADM3_EN":"Ban Pong","ADM3_TH":"บ้านปง","ADM3_PCODE":"TH540407","ADM2_EN":"Sung Men","ADM2_TH":"สูงเม่น","ADM2_PCODE":"TH5404","ADM1_EN":"Phrae","ADM1_TH":"แพร่","ADM1_PCODE":"TH54","ADM0_EN":"Thailand","ADM0_TH":"ประเทศไทย","ADM0_PCODE":"TH"}},
{"type":"Feature","geometry":{"type":"Polygon","coordinates":[[[100.16738143300006,18.103194743000074],[100.15451663100004,18.08815147100006],[100.15163003800006,18.082212888000072],[100.17151676500004,18.079174081000076],[100.18241956100007,18.080564295000045],[100.18214496700006,18.084842447000028],[100.18097147200007,18.086988001000066],[100.18350781400005,18.08791442000006],[100.18051995800005,18.090668668000035],[100.17782544700003,18.094534864000025],[100.17696146700007,18.09427486100003],[100.17098475100005,18.10069793300005],[100.16812736100007,18.099880019000068],[100.16738143300006,18.103194743000074]]]},"properties":{"Shape_Leng":0.0947580041291,"Shape_Area":0.000442493030107,"ADM3_EN":"Ban Kat","ADM3_TH":"บ้านกาศ","ADM3_PCODE":"TH540408","ADM2_EN":"Sung Men","ADM2_TH":"สูงเม่น","ADM2_PCODE":"TH5404","ADM1_EN":"Phrae","ADM1_TH":"แพร่","ADM1_PCODE":"TH54","ADM0_EN":"Thailand","ADM0_TH":"ประเทศไทย","ADM0_PCODE":"TH"}},
{"type":"Feature","geometry":{"type":"Polygon","coordinates":[[[100.14873110800005,18.110944010000026],[100.13488957600003,18.104780257000073],[100.13049015400009,18.106584655000063],[100.12538883600007,18.106599557000038],[100.11982217800005,18.10862450600007],[100.11774986600005,18.104231999000035],[100.11581739600007,18.105007902000068],[100.07447283700009,18.098248515000023],[100.09442553300005,18.08965635100003],[100.09541439600008,18.08638316100007],[100.09701165000007,18.08486231100005],[100.09949464200008,18.08460607300003],[100.09984854500004,18.088737792000074],[100.10433291400005,18.090657985000064],[100.11091401500005,18.08868930700004],[100.11274663700004,18.085395791000053],[100.11448242100005,18.086387330000036],[100.11797892400006,18.085339410000074],[100.12035621500007,18.080624217000036],[100.12380697400005,18.08006950400005],[100.12932885100008,18.090451904000076],[100.13138018700005,18.08855455500003],[100.13335273600006,18.088752897000063],[100.13617826700005,18.086999606000063],[100.14051817900008,18.087285763000068],[100.15163003800006,18.082212888000072],[100.15451663100004,18.08815147100006],[100.16738143300006,18.103194743000074],[100.16288420000006,18.102926058000037],[100.15609065200005,18.105428490000065],[100.15421713300003,18.10764511900004],[100.15039788700005,18.10881256500005],[100.14873110800005,18.110944010000026]]]},"properties":{"Shape_Leng":0.236621953264,"Shape_Area":0.00140297481777,"ADM3_EN":"Rong Kat","ADM3_TH":"ร่องกาศ","ADM3_PCODE":"TH540409","ADM2_EN":"Sung Men","ADM2_TH":"สูงเม่น","ADM2_PCODE":"TH5404","ADM1_EN":"Phrae","ADM1_TH":"แพร่","ADM1_PCODE":"TH54","ADM0_EN":"Thailand","ADM0_TH":"ประเทศไทย","ADM0_PCODE":"TH"}},
{"type":"Feature","geometry":{"type":"Polygon","coordinates":[[[99.98864534100005,18.09583044900006],[99.98925567800006,18.093833037000024],[99.99303116100003,18.090564263000033],[100.00760574200007,18.090428201000066],[100.00892437600004,18.090949245000047],[100.01522606200007,18.08844517400007],[100.02162646000005,18.08894834000006],[100.02221671100006,18.08810428000004],[100.02551374500007,18.089891714000032],[100.03043676000004,18.090223563000052],[100.03322995800005,18.09259144400005],[100.03631087600007,18.094005810000056],[100.04085140100005,18.097438148000037],[100.04452206200006,18.093356004000043],[100.04453444500007,18.091386106000073],[100.04646167100003,18.089313858000025],[100.05327150400007,18.08487726100003],[100.05703786500004,18.08348468500003],[100.05859831500004,18.08194566800006],[100.06136251400005,18.08223199400004],[100.06232050500006,18.07748460600004],[100.06459493600005,18.075748924000038],[100.06436595900004,18.07386811400005],[100.06645204800009,18.072821764000025],[100.06922013300004,18.07389865700003],[100.07424280700008,18.072345333000044],[100.07539705400006,18.070207398000036],[100.07667518000005,18.071324023000045],[100.07940574900005,18.07100364000007],[100.07975451200008,18.073356689000036],[100.07868440100003,18.076727292000044],[100.11851684600003,18.073838601000034],[100.12097051700005,18.072335027000065],[100.12380697400005,18.08006950400005],[100.12035621500007,18.080624217000036],[100.11797892400006,18.085339410000074],[100.11448242100005,18.086387330000036],[100.11274663700004,18.085395791000053],[100.11091401500005,18.08868930700004],[100.10433291400005,18.090657985000064],[100.09984854500004,18.088737792000074],[100.09949464200008,18.08460607300003],[100.09701165000007,18.08486231100005],[100.09541439600008,18.08638316100007],[100.09442553300005,18.08965635100003],[100.07447283700009,18.098248515000023],[100.06727604600007,18.097581164000076],[100.06438544200006,18.10032817000007],[100.06151781400007,18.101410946000044],[100.06022049300009,18.10307867100005],[100.05838755300005,18.102469864000057],[100.05245701400008,18.10489250100005],[100.04898359800006,18.103354823000075],[100.04158544100005,18.104798439000035],[100.04120302900009,18.107823153000027],[100.03364597200004,18.108630989000062],[100.03158251000008,18.11100337000005],[100.02869801300005,18.11266385400006],[100.02616804500008,18.11618215900006],[100.02656675900005,18.12083516100006],[100.02412519000006,18.122152829000072],[100.01633897900007,18.119351449000078],[100.01214020800006,18.11949388100004],[100.01051300600005,18.117369601000064],[100.01125106200004,18.114943708000055],[100.00699273300006,18.114841745000035],[100.00417380900006,18.11388945400006],[100.00412207200009,18.109682810000038],[100.00327794700007,18.10811695500007],[99.99477672200004,18.102427885000054],[99.99058556300008,18.102662981000037],[99.98937187100006,18.10173721700005],[99.98962872900006,18.098671083000056],[99.98864534100005,18.09583044900006]]]},"properties":{"Shape_Leng":0.371350278376,"Shape_Area":0.00248490097301,"ADM3_EN":"Sop Sai","ADM3_TH":"สบสาย","ADM3_PCODE":"TH540410","ADM2_EN":"Sung Men","ADM2_TH":"สูงเม่น","ADM2_PCODE":"TH5404","ADM1_EN":"Phrae","ADM1_TH":"แพร่","ADM1_PCODE":"TH54","ADM0_EN":"Thailand","ADM0_TH":"ประเทศไทย","ADM0_PCODE":"TH"}},
{"type":"Feature","geometry":{"type":"Polygon","coordinates":[[[100.13873915500005,18.115507338000043],[100.13616345200006,18.118300130000023],[100.13185666200008,18.121130011000048],[100.11913007100009,18.127776657000027],[100.11544584600006,18.127325862000077],[100.11127982900007,18.125400459000048],[100.10388282100007,18.12072088700006],[100.09214748700003,18.119357299000058],[100.08872334900008,18.119715075000045],[100.08257883200008,18.11819414000007],[100.07891755600008,18.11950912100002],[100.07769333200008,18.124457736000068],[100.07292107000006,18.126369141000055],[100.07141287100006,18.125090923000073],[100.06603878100003,18.128392830000053],[100.06636207400004,18.13097777100006],[100.06459875700006,18.13190456600006],[100.06445747800007,18.135473998000066],[100.06328312600004,18.136544598000057],[100.06051625500004,18.135714489000065],[100.05937843600003,18.134089682000024],[100.05680622800008,18.134651055000063],[100.05305986000008,18.13372516900006],[100.04785314600008,18.136344356000052],[100.04863596100006,18.141640074000065],[100.04509634300007,18.14316158400004],[100.04220065900006,18.14642894700006],[100.03660663600004,18.147542134000048],[100.03605550300006,18.14525188600004],[100.03780967400007,18.14106268100005],[100.03571834500008,18.140567857000065],[100.03386826400003,18.13839529300003],[100.02962052100008,18.135755431000064],[100.02845983600008,18.137199709000072],[100.02564724100006,18.137108529000045],[100.02401459900005,18.134002717000044],[100.02062799700008,18.13098529100006],[100.02019893400006,18.12901854200004],[100.01599594700008,18.129146952000042],[100.01519109800006,18.126950598000064],[100.01183738300006,18.12251395800007],[100.01214020800006,18.11949388100004],[100.01633897900007,18.119351449000078],[100.02412519000006,18.122152829000072],[100.02656675900005,18.12083516100006],[100.02616804500008,18.11618215900006],[100.02869801300005,18.11266385400006],[100.03158251000008,18.11100337000005],[100.03364597200004,18.108630989000062],[100.04120302900009,18.107823153000027],[100.04158544100005,18.104798439000035],[100.04898359800006,18.103354823000075],[100.05245701400008,18.10489250100005],[100.05838755300005,18.102469864000057],[100.06022049300009,18.10307867100005],[100.06151781400007,18.101410946000044],[100.06438544200006,18.10032817000007],[100.06727604600007,18.097581164000076],[100.07447283700009,18.098248515000023],[100.11581739600007,18.105007902000068],[100.11774986600005,18.104231999000035],[100.11982217800005,18.10862450600007],[100.12538883600007,18.106599557000038],[100.13049015400009,18.106584655000063],[100.13488957600003,18.104780257000073],[100.14873110800005,18.110944010000026],[100.14452332500008,18.11259196800006],[100.14200108900008,18.114919735000058],[100.13873915500005,18.115507338000043]]]},"properties":{"Shape_Leng":0.370229096419,"Shape_Area":0.00293002564381,"ADM3_EN":"Wiang Thong","ADM3_TH":"เวียงทอง","ADM3_PCODE":"TH540411","ADM2_EN":"Sung Men","ADM2_TH":"สูงเม่น","ADM2_PCODE":"TH5404","ADM1_EN":"Phrae","ADM1_TH":"แพร่","ADM1_PCODE":"TH54","ADM0_EN":"Thailand","ADM0_TH":"ประเทศไทย","ADM0_PCODE":"TH"}},
{"type":"Feature","geometry":{"type":"Polygon","coordinates":[[[100.11606766900007,18.057726914000057],[100.11787394500004,18.061886423000033],[100.11667383000008,18.06276199100006],[100.11878670400006,18.064022842000043],[100.12097051700005,18.072335027000065],[100.11851684600003,18.073838601000034],[100.07868440100003,18.076727292000044],[100.07975451200008,18.073356689000036],[100.07940574900005,18.07100364000007],[100.07903212000008,18.06543871100007],[100.08320800000007,18.06567919200006],[100.08580193800003,18.066665940000064],[100.09056796900006,18.07009775800003],[100.09509219300008,18.068873718000077],[100.09823307400006,18.06627756100005],[100.10192744800008,18.065326895000055],[100.10431676300004,18.061972570000023],[100.11053471800005,18.061226907000048],[100.11096475600004,18.059402232000025],[100.11364183100005,18.05926341600002],[100.11606766900007,18.057726914000057]]]},"properties":{"Shape_Leng":0.11955091851,"Shape_Area":0.00043058653884,"ADM3_EN":"Phra Luang","ADM3_TH":"พระหลวง","ADM3_PCODE":"TH540412","ADM2_EN":"Sung Men","ADM2_TH":"สูงเม่น","ADM2_PCODE":"TH5404","ADM1_EN":"Phrae","ADM1_TH":"แพร่","ADM1_PCODE":"TH54","ADM0_EN":"Thailand","ADM0_TH":"ประเทศไทย","ADM0_PCODE":"TH"}},
{"type":"Feature","geometry":{"type":"Polygon","coordinates":[[[100.06175265100006,17.998832536000066],[100.05984202200005,18.000221576000058],[100.05644364800008,18.00067165300004],[100.05407975500003,17.998555598000053],[100.05035975400006,18.000556997000047],[100.04709184500007,18.00054413500004],[100.04364490600005,17.99934687500007],[100.04080541700006,17.999848756000063],[100.04037726900003,17.997023699000067],[100.03648776400007,17.996029873000055],[100.03274400200007,17.99351368200007],[100.02937478900009,17.994152995000036],[100.02637815300005,17.99721091400005],[100.02607206100004,18.001265485000033],[100.02395428600005,18.00379934700004],[100.02074390000007,18.00344530600006],[100.01984474900007,17.998784976000024],[100.01506259600006,17.993120798000064],[100.01832875600007,17.990241060000074],[100.01605840800005,17.984642230000077],[100.01318809800006,17.985637951000058],[100.01366615400008,17.981235557000048],[100.01184325700007,17.979707762000032],[100.01475964200006,17.970326331000024],[100.01182365300008,17.964766018000034],[100.01283943000004,17.96296320400006],[100.01632568500008,17.961347184000033],[100.01501836000006,17.956962028000078],[100.01938317500009,17.952675888000044],[100.02249443500006,17.95376424500006],[100.02575214400008,17.95205109500006],[100.02768795400004,17.952274249000027],[100.03110723800006,17.950404564000053],[100.03217913800006,17.947427036000022],[100.03449788900008,17.94641890500003],[100.03641411000007,17.942338952000057],[100.03877263200008,17.942896071000064],[100.04333036100007,17.945673044000046],[100.04889886200004,17.944779418000053],[100.05248041000004,17.945594285000027],[100.05376166500008,17.94470651000006],[100.05712079500006,17.94710000300006],[100.05640411100006,17.95051167500003],[100.05971823900006,17.95122182700004],[100.06025776800004,17.952628811000068],[100.06232205400005,17.951217533000033],[100.06379361100005,17.953511950000063],[100.06569493700005,17.95286875200003],[100.06512982200007,17.954910426000026],[100.06317437000007,17.955851753000047],[100.06607357600006,17.95671440800004],[100.06613566600004,17.959212457000035],[100.06293750800006,17.96178839600003],[100.06497888600006,17.962926586000037],[100.06342334800007,17.965668487000073],[100.06535780800004,17.967675720000045],[100.06366329600007,17.968407195000054],[100.06482644100004,17.970089390000055],[100.06363266000005,17.97263598400008],[100.06325083800004,17.977012957000056],[100.06613825000005,17.97792413600007],[100.07025085500004,17.984797910000054],[100.07283206800008,17.987937223000074],[100.06960642400009,17.989525032000074],[100.06791238600005,17.992376756000056],[100.06649275200004,17.992593964000037],[100.06175265100006,17.998832536000066]]]},"properties":{"Shape_Leng":0.283856414669,"Shape_Area":0.00254481991574,"ADM3_EN":"Den Chai","ADM3_TH":"เด่นชัย","ADM3_PCODE":"TH540501","ADM2_EN":"Den Chai","ADM2_TH":"เด่นชัย","ADM2_PCODE":"TH5405","ADM1_EN":"Phrae","ADM1_TH":"แพร่","ADM1_PCODE":"TH54","ADM0_EN":"Thailand","ADM0_TH":"ประเทศไทย","ADM0_PCODE":"TH"}},
{"type":"Feature","geometry":{"type":"Polygon","coordinates":[[[100.07389128300008,18.020691273000068],[100.07261771700007,18.016956527000048],[100.07078937500006,18.015137320000065],[100.06502266700005,18.011208709000073],[100.07014740100004,18.006240538000043],[100.06974588600008,18.00429648100004],[100.07122613000007,18.003011265000055],[100.06764113800006,18.000600941000073],[100.06175265100006,17.998832536000066],[100.06649275200004,17.992593964000037],[100.06791238600005,17.992376756000056],[100.06960642400009,17.989525032000074],[100.07283206800008,17.987937223000074],[100.07025085500004,17.984797910000054],[100.06613825000005,17.97792413600007],[100.06325083800004,17.977012957000056],[100.06363266000005,17.97263598400008],[100.06482644100004,17.970089390000055],[100.06366329600007,17.968407195000054],[100.06535780800004,17.967675720000045],[100.06342334800007,17.965668487000073],[100.06497888600006,17.962926586000037],[100.06293750800006,17.96178839600003],[100.06613566600004,17.959212457000035],[100.06607357600006,17.95671440800004],[100.07173632400009,17.95737402900005],[100.07410222500005,17.955701780000027],[100.07849251800008,17.955760401000077],[100.07945605900005,17.953922643000055],[100.08218640200005,17.95351055200007],[100.08803156600004,17.95034775000005],[100.08998323000009,17.950958279000076],[100.09180385800005,17.94905587100004],[100.09636994100003,17.947028301000046],[100.10581118100004,17.945369147000065],[100.10537446200004,17.942928247000054],[100.10743390000005,17.940181722000034],[100.10497555600006,17.939030071000047],[100.10734989100007,17.937970454000038],[100.11143328000009,17.92822168500004],[100.11452946400004,17.924637220000022],[100.11525868500007,17.922704123000074],[100.11411867500004,17.917414308000048],[100.11840662800006,17.919449505000046],[100.12570197900004,17.921958811000025],[100.13042896200005,17.928075854000042],[100.13134975600008,17.93317873600006],[100.13303143000007,17.93526951900003],[100.12823074800008,17.93928008200004],[100.12916217600008,17.940289579000023],[100.12749420800009,17.94314466700007],[100.12808223000008,17.94919483900003],[100.13009734700006,17.951121614000044],[100.12862683700007,17.955134792000024],[100.12922477700005,17.959987713000032],[100.13220360200006,17.961700995000058],[100.13268270100008,17.964184559000046],[100.13714745900006,17.96770330100003],[100.14511804500006,17.969900361000043],[100.14865725200008,17.97807434400005],[100.14859297100008,17.980448313000068],[100.14553954700006,17.984193060000052],[100.14403112300005,17.988138337000066],[100.14266717000004,17.988232163000077],[100.13949861600008,17.98494349400005],[100.13690108500003,17.98526373900006],[100.13132406000005,17.989011945000073],[100.13074629300007,17.992128836000063],[100.12751760800006,17.995031530000063],[100.12406056300006,17.99430354200007],[100.11933104900004,17.995971478000058],[100.11885622000005,17.998417808000056],[100.11521258200008,18.00007246200005],[100.10780408700003,17.99945563700004],[100.10633651900008,18.00180511700006],[100.10377682700005,18.002690590000043],[100.10231023200004,18.003589203000047],[100.10102745600005,18.011065561000066],[100.09911145400008,18.013425779000045],[100.09449305100009,18.014182885000025],[100.09185357400008,18.01588532100004],[100.08979917200008,18.019417848000046],[100.08626521600007,18.01935432500005],[100.08194077500008,18.018183260000058],[100.07826023500007,18.02027484300004],[100.07389128300008,18.020691273000068]]]},"properties":{"Shape_Leng":0.401526449318,"Shape_Area":0.00458317029072,"ADM3_EN":"Mae Chua","ADM3_TH":"แม่จั๊วะ","ADM3_PCODE":"TH540502","ADM2_EN":"Den Chai","ADM2_TH":"เด่นชัย","ADM2_PCODE":"TH5405","ADM1_EN":"Phrae","ADM1_TH":"แพร่","ADM1_PCODE":"TH54","ADM0_EN":"Thailand","ADM0_TH":"ประเทศไทย","ADM0_PCODE":"TH"}},
{"type":"Feature","geometry":{"type":"Polygon","coordinates":[[[99.87680672400006,17.925381531000028],[99.87799390000004,17.92336448800006],[99.87671831600005,17.91815014900004],[99.87830454900006,17.91601560500004],[99.87796521300004,17.91229025900003],[99.87564484700005,17.90738407400005],[99.87664951100004,17.905827344000045],[99.87694737600003,17.899451700000043],[99.87438770400007,17.89772977900003],[99.87677208500008,17.895599540000035],[99.88111024000006,17.89583209400007],[99.88344026100003,17.894379641000057],[99.88898998400003,17.888374054000053],[99.88991455200005,17.885651498000072],[99.88999171300009,17.88131757000002],[99.89350757600005,17.87844920300006],[99.89597556200005,17.87831968000006],[99.89837875600006,17.880034168000066],[99.89853142300007,17.881590449000043],[99.90109445500008,17.883273990000077],[99.90648905500007,17.88292830900002],[99.90525741000005,17.878692602000058],[99.90807187700005,17.874553681000066],[99.91242264600004,17.872674321000034],[99.91965130400007,17.87343273500005],[99.92267093200007,17.87282342700007],[99.92337151900006,17.870432306000055],[99.92214861100007,17.868733418000033],[99.91913779600009,17.867446659000052],[99.92066055300006,17.866504903000077],[99.92200226000006,17.863369783000053],[99.92439859500007,17.862334474000022],[99.92416001600009,17.860507099000074],[99.92733198800005,17.86013446800007],[99.93076741300007,17.86146713900007],[99.93244858100007,17.86000443100005],[99.93614492100005,17.854186190000064],[99.93644003200006,17.851823791000072],[99.93248152800004,17.85343653600006],[99.93291680800007,17.848893002000068],[99.93082757000008,17.848561656000072],[99.93150567100008,17.84515333300004],[99.92452610300006,17.845950421000055],[99.91150617900007,17.841939597000078],[99.90803983400008,17.840009046000034],[99.90620223700006,17.834599745000048],[99.90694851100005,17.830045298000073],[99.90960592000005,17.82757685400003],[99.91153339200008,17.823683281000058],[99.90999005600008,17.820047877000036],[99.90424518600008,17.81744507700006],[99.89900922900006,17.814390006000053],[99.89678931600008,17.810472323000056],[99.89440570800008,17.808736983000074],[99.89449126700003,17.807192434000058],[99.90057958500006,17.80414822700004],[99.90297874000004,17.804018771000074],[99.90616000300008,17.805799714000045],[99.91093496100007,17.802965658000062],[99.91195113200007,17.79822514800003],[99.91628408100007,17.797632660000033],[99.91716757400008,17.79563050200005],[99.92513227600006,17.791868641000065],[99.92802724300009,17.78925965600007],[99.93235038200004,17.790150314000073],[99.93411763700004,17.786306014000047],[99.93596452600008,17.78451153000003],[99.93675568300006,17.781781485000067],[99.94289041800005,17.780664745000024],[99.94561195800009,17.777287260000037],[99.94990556800008,17.77716782400006],[99.95277804300008,17.778988973000025],[99.95962152600003,17.778376240000057],[99.96154931500007,17.783165266000026],[99.96189824400005,17.789600723000035],[99.96148565800007,17.792769901000042],[99.96425538600005,17.79736321400003],[99.96867919600004,17.799446129000046],[99.97131248000005,17.79883672400007],[99.97342482300007,17.79670392400004],[99.97802291800008,17.797154566000074],[99.98133931300003,17.800944060000063],[99.98420323600004,17.802332842000055],[99.99071648800003,17.811367931000063],[99.99097360800005,17.814821923000068],[99.98818451300008,17.820036747000074],[99.98603080400005,17.829086311000026],[99.98998838600005,17.82946093700002],[99.98861023100005,17.835040109000033],[99.98569209500005,17.837042820000022],[99.98819940500005,17.840120410000054],[99.98632951200005,17.845241473000044],[99.98867947300005,17.845357578000062],[99.99014247400004,17.84717211000003],[99.98551691300008,17.85253311200006],[99.98529836200004,17.853828185000054],[99.98876538600007,17.854415870000025],[99.98949073200004,17.85591362100007],[99.98754873500008,17.86078853400005],[99.98896725400004,17.86235260600006],[99.99245405200008,17.862090472000034],[99.99118255400003,17.867322815000023],[99.98845682000007,17.87115421900006],[99.99118992900009,17.873037486000044],[99.99031500000007,17.877464720000035],[99.98671148400007,17.880858285000045],[99.98551091700006,17.88577598300003],[99.98649389200006,17.892079292000062],[99.98804650800008,17.89366595200005],[99.99009087700006,17.898484624000048],[99.98945101800007,17.899854137000034],[99.99533021600007,17.90378849700005],[99.99517961600009,17.905552799000077],[99.99781275800007,17.90445370300006],[99.99980585000009,17.905418245000078],[100.00092890600007,17.907617018000053],[100.00387618700006,17.909823671000026],[100.01044287000008,17.913065842000037],[100.01418508500007,17.916292764000048],[100.02016680000008,17.918310705000067],[100.02253657200004,17.92257620500004],[100.02597831600008,17.926408706000075],[100.03705913100003,17.92867424900004],[100.03912934000004,17.929712890000076],[100.03641411000007,17.942338952000057],[100.03449788900008,17.94641890500003],[100.03217913800006,17.947427036000022],[100.03110723800006,17.950404564000053],[100.02768795400004,17.952274249000027],[100.02575214400008,17.95205109500006],[100.02249443500006,17.95376424500006],[100.01938317500009,17.952675888000044],[100.01501836000006,17.956962028000078],[100.01632568500008,17.961347184000033],[100.01283943000004,17.96296320400006],[100.01182365300008,17.964766018000034],[100.01475964200006,17.970326331000024],[100.01184325700007,17.979707762000032],[100.01366615400008,17.981235557000048],[100.01318809800006,17.985637951000058],[100.01605840800005,17.984642230000077],[100.01832875600007,17.990241060000074],[100.01088644800006,17.99281158100007],[100.00267591300008,17.99688537000003],[100.00040266100007,18.00010300100007],[99.99581357300008,17.99987387500005],[99.99496546600005,18.00089875900005],[99.98961003600004,18.003114281000023],[99.98298913100007,18.000093055000036],[99.98142545800005,18.00006959600006],[99.97572889900005,18.00404258800006],[99.97188133500003,18.004271173000063],[99.96898407500004,18.006325804000028],[99.97034098100005,18.010514326000077],[99.96849221900004,18.012364915000035],[99.96178684100005,18.013349186000028],[99.96101484400003,18.008313491000024],[99.95842137100004,18.005062233000046],[99.94863308700008,17.99737341900004],[99.94592832500007,17.99712899000002],[99.94297415500006,17.994999893000056],[99.94172933700008,17.992034784000055],[99.94379985600006,17.989698850000025],[99.94297521400006,17.987893860000042],[99.93576460000008,17.982110259000024],[99.93419060000008,17.978144334000035],[99.93460827900009,17.976066247000063],[99.93257058400008,17.97603188100004],[99.92538168600004,17.973644611000054],[99.92057468800004,17.97016614200004],[99.92110264700005,17.967295671000045],[99.91760921800005,17.966103107000038],[99.91569114500004,17.96289338200006],[99.91364853600004,17.96154890400004],[99.90963627400004,17.956940727000074],[99.90706624900008,17.955633980000073],[99.90350273700005,17.95584757100005],[99.89482064000003,17.948268622000057],[99.89123072400008,17.94647291800004],[99.88884217700007,17.946215967000057],[99.88453854900007,17.941014453000037],[99.88832901400008,17.940902263000055],[99.89159046900005,17.936028368000052],[99.89274643000005,17.935540678000052],[99.88891438300004,17.932620952000036],[99.88909924800004,17.93111305000002],[99.88696451100009,17.931044843000052],[99.88680105800006,17.929504639000072],[99.88295809400006,17.92624139800006],[99.87680672400006,17.925381531000028]]]},"properties":{"Shape_Leng":0.871090508668,"Shape_Area":0.0202654692687,"ADM3_EN":"Sai Yoi","ADM3_TH":"ไทรย้อย","ADM3_PCODE":"TH540503","ADM2_EN":"Den Chai","ADM2_TH":"เด่นชัย","ADM2_PCODE":"TH5405","ADM1_EN":"Phrae","ADM1_TH":"แพร่","ADM1_PCODE":"TH54","ADM0_EN":"Thailand","ADM0_TH":"ประเทศไทย","ADM0_PCODE":"TH"}},
{"type":"Feature","geometry":{"type":"Polygon","coordinates":[[[100.13303143000007,17.93526951900003],[100.13134975600008,17.93317873600006],[100.13042896200005,17.928075854000042],[100.12570197900004,17.921958811000025],[100.11840662800006,17.919449505000046],[100.11411867500004,17.917414308000048],[100.11525868500007,17.922704123000074],[100.11452946400004,17.924637220000022],[100.11143328000009,17.92822168500004],[100.10734989100007,17.937970454000038],[100.10497555600006,17.939030071000047],[100.10743390000005,17.940181722000034],[100.10537446200004,17.942928247000054],[100.10581118100004,17.945369147000065],[100.09636994100003,17.947028301000046],[100.09180385800005,17.94905587100004],[100.08998323000009,17.950958279000076],[100.08803156600004,17.95034775000005],[100.08218640200005,17.95351055200007],[100.07945605900005,17.953922643000055],[100.07849251800008,17.955760401000077],[100.07410222500005,17.955701780000027],[100.07173632400009,17.95737402900005],[100.06607357600006,17.95671440800004],[100.06317437000007,17.955851753000047],[100.06512982200007,17.954910426000026],[100.06569493700005,17.95286875200003],[100.06379361100005,17.953511950000063],[100.06232205400005,17.951217533000033],[100.06025776800004,17.952628811000068],[100.05971823900006,17.95122182700004],[100.05640411100006,17.95051167500003],[100.05712079500006,17.94710000300006],[100.05376166500008,17.94470651000006],[100.05248041000004,17.945594285000027],[100.04889886200004,17.944779418000053],[100.04333036100007,17.945673044000046],[100.03877263200008,17.942896071000064],[100.03641411000007,17.942338952000057],[100.03912934000004,17.929712890000076],[100.03705913100003,17.92867424900004],[100.02597831600008,17.926408706000075],[100.02253657200004,17.92257620500004],[100.02016680000008,17.918310705000067],[100.01418508500007,17.916292764000048],[100.01044287000008,17.913065842000037],[100.00387618700006,17.909823671000026],[100.00092890600007,17.907617018000053],[99.99980585000009,17.905418245000078],[99.99781275800007,17.90445370300006],[99.99517961600009,17.905552799000077],[99.99533021600007,17.90378849700005],[99.98945101800007,17.899854137000034],[99.99009087700006,17.898484624000048],[99.98804650800008,17.89366595200005],[99.98649389200006,17.892079292000062],[99.98551091700006,17.88577598300003],[99.98671148400007,17.880858285000045],[99.99031500000007,17.877464720000035],[99.99118992900009,17.873037486000044],[99.98845682000007,17.87115421900006],[99.99118255400003,17.867322815000023],[99.99245405200008,17.862090472000034],[99.98896725400004,17.86235260600006],[99.98754873500008,17.86078853400005],[99.98949073200004,17.85591362100007],[99.98876538600007,17.854415870000025],[99.98529836200004,17.853828185000054],[99.98551691300008,17.85253311200006],[99.99014247400004,17.84717211000003],[99.98867947300005,17.845357578000062],[99.98632951200005,17.845241473000044],[99.98819940500005,17.840120410000054],[99.98569209500005,17.837042820000022],[99.98861023100005,17.835040109000033],[99.99417953400007,17.830972288000055],[99.99600609600009,17.83110454900003],[99.99883934500008,17.83402129500007],[100.00188435100006,17.83402854900004],[100.00520247000009,17.836839502000032],[100.00659301200005,17.83663897200006],[100.01136717400004,17.83292648400004],[100.01584979100005,17.836328609000077],[100.02549552000005,17.839731203000042],[100.02758464700008,17.838124934000064],[100.02994779700003,17.841544759000044],[100.03207880700006,17.84095340300007],[100.03365252300006,17.843755818000034],[100.03624844500007,17.844998944000054],[100.03784651700005,17.844520846000023],[100.04196443800004,17.84583866400004],[100.04375717400006,17.847831820000067],[100.04571678500008,17.846288207000043],[100.05076384600005,17.838802668000028],[100.05517732400006,17.836903041000028],[100.05756748200008,17.833314124000026],[100.05929342800005,17.836835835000045],[100.06281131400004,17.840323065000064],[100.06890184900004,17.840244679000023],[100.07559366500004,17.83827847400005],[100.07841028400009,17.84038421400004],[100.08046808300008,17.83972968300003],[100.08077881300005,17.842413401000044],[100.08542810000006,17.84362877600006],[100.08804899500007,17.842576122000025],[100.08937190000006,17.84700309300007],[100.09528875200004,17.851020213000027],[100.10021375300005,17.847427461000052],[100.10545053100009,17.848345662000042],[100.11021090000008,17.850327067000023],[100.11306709800004,17.85491435800003],[100.11984138400004,17.858599060000074],[100.12521519500007,17.858759951000025],[100.12968986100003,17.856362438000076],[100.13303605500005,17.858468061000053],[100.13412990400008,17.86011837500007],[100.13869899400004,17.86302813100002],[100.14084467600009,17.86571767500004],[100.14438416600007,17.867001120000054],[100.14655530200008,17.871096155000032],[100.14872554600004,17.872496899000055],[100.15322617100009,17.877351241000042],[100.15513241900004,17.88079173400007],[100.15851318800009,17.883950107000032],[100.15854505200008,17.88760473800005],[100.16441776300007,17.89138072700007],[100.16664847900006,17.891992129000073],[100.16907181300007,17.890876469000034],[100.17907380900004,17.897527199000024],[100.18558994600005,17.902453474000026],[100.18822022800003,17.903718406000053],[100.18767176100005,17.907733106000023],[100.18346181500004,17.911489975000052],[100.17926912900003,17.916603601000077],[100.17671926200006,17.916243806000068],[100.17454024100005,17.91778880000004],[100.17152399400004,17.917976700000054],[100.16886633300004,17.92021496700005],[100.16160563900007,17.92129086700004],[100.15856763800008,17.923021023000047],[100.15731842000008,17.921452916000078],[100.14615891400007,17.927271701000052],[100.14501672500006,17.928715813000053],[100.14093855300007,17.929442235000067],[100.13303143000007,17.93526951900003]]]},"properties":{"Shape_Leng":0.677152906096,"Shape_Area":0.0151844118877,"ADM3_EN":"Huai Rai","ADM3_TH":"ห้วยไร่","ADM3_PCODE":"TH540504","ADM2_EN":"Den Chai","ADM2_TH":"เด่นชัย","ADM2_PCODE":"TH5405","ADM1_EN":"Phrae","ADM1_TH":"แพร่","ADM1_PCODE":"TH54","ADM0_EN":"Thailand","ADM0_TH":"ประเทศไทย","ADM0_PCODE":"TH"}},
{"type":"Feature","geometry":{"type":"Polygon","coordinates":[[[99.96178684100005,18.013349186000028],[99.96849221900004,18.012364915000035],[99.97034098100005,18.010514326000077],[99.96898407500004,18.006325804000028],[99.97188133500003,18.004271173000063],[99.97572889900005,18.00404258800006],[99.98142545800005,18.00006959600006],[99.98298913100007,18.000093055000036],[99.98961003600004,18.003114281000023],[99.99496546600005,18.00089875900005],[99.99581357300008,17.99987387500005],[100.00040266100007,18.00010300100007],[100.00267591300008,17.99688537000003],[100.01088644800006,17.99281158100007],[100.01832875600007,17.990241060000074],[100.01506259600006,17.993120798000064],[100.01984474900007,17.998784976000024],[100.02074390000007,18.00344530600006],[100.02395428600005,18.00379934700004],[100.02607206100004,18.001265485000033],[100.02637815300005,17.99721091400005],[100.02937478900009,17.994152995000036],[100.03274400200007,17.99351368200007],[100.03648776400007,17.996029873000055],[100.04037726900003,17.997023699000067],[100.04080541700006,17.999848756000063],[100.04364490600005,17.99934687500007],[100.04709184500007,18.00054413500004],[100.05035975400006,18.000556997000047],[100.05407975500003,17.998555598000053],[100.05644364800008,18.00067165300004],[100.05984202200005,18.000221576000058],[100.06175265100006,17.998832536000066],[100.06764113800006,18.000600941000073],[100.07122613000007,18.003011265000055],[100.06974588600008,18.00429648100004],[100.07014740100004,18.006240538000043],[100.06502266700005,18.011208709000073],[100.07078937500006,18.015137320000065],[100.07261771700007,18.016956527000048],[100.07389128300008,18.020691273000068],[100.07140209800008,18.022294975000023],[100.07020063300007,18.020869945000072],[100.06529606000004,18.021500227000047],[100.06836009800008,18.02308638100004],[100.06907278900007,18.026342853000074],[100.06515178500007,18.02646033600007],[100.05612423400004,18.027739518000033],[100.04990511100004,18.02662805600005],[100.03388558600005,18.030415477000076],[100.03065026300004,18.03409774200003],[100.02556720200005,18.031970258000058],[100.02051333900005,18.035091218000048],[100.01912789500005,18.034076153000058],[100.01770521100008,18.036173553000026],[100.01461868500007,18.03765835400003],[100.01493822600008,18.039119606000042],[100.01243270100008,18.039907092000078],[100.00933348400008,18.039405888000033],[100.00677596100007,18.040664004000064],[100.00925417000008,18.041901264000046],[100.00707817200004,18.04470846600003],[100.00529695100005,18.043452717000037],[100.00380630900008,18.044355478000057],[99.99933074300009,18.04260762900003],[99.99687899300005,18.047703241000022],[99.99429090600006,18.047588975000053],[99.99285755700004,18.045639824000034],[99.98981735700005,18.04613914600003],[99.98758045200003,18.043967531000078],[99.98355934400007,18.044064846000026],[99.98092708300004,18.042322247000072],[99.97943940600004,18.043397423000044],[99.97217582300004,18.043810327000074],[99.97266248800008,18.039562422000074],[99.97425846900006,18.03818209800005],[99.97450937300005,18.033502915000042],[99.97175320200006,18.032888521000075],[99.96949774000007,18.02666508300007],[99.96905407500009,18.02200904700004],[99.96513956100006,18.018737987000065],[99.96243068900009,18.017800426000065],[99.96178684100005,18.013349186000028]]]},"properties":{"Shape_Leng":0.382215102153,"Shape_Area":0.00370164951495,"ADM3_EN":"Pong Pa Wai","ADM3_TH":"ปงป่าหวาย","ADM3_PCODE":"TH540505","ADM2_EN":"Den Chai","ADM2_TH":"เด่นชัย","ADM2_PCODE":"TH5405","ADM1_EN":"Phrae","ADM1_TH":"แพร่","ADM1_PCODE":"TH54","ADM0_EN":"Thailand","ADM0_TH":"ประเทศไทย","ADM0_PCODE":"TH"}},
{"type":"Feature","geometry":{"type":"Polygon","coordinates":[[[100.27109023300005,18.452699451000058],[100.27419740500005,18.45155756400004],[100.27774505800005,18.452255469000022],[100.28048503800005,18.45177161400005],[100.28178899600005,18.454992196000035],[100.27675586300006,18.455396861000054],[100.27339497000008,18.454821824000078],[100.27063304200004,18.45863666400004],[100.26605465900008,18.458239408000054],[100.26178480300007,18.456259807000038],[100.25557827600005,18.455341795000038],[100.25507074200004,18.452718529000038],[100.25209118400005,18.452469285000063],[100.24921073800004,18.45033677500004],[100.24715537100008,18.447657801000048],[100.24479117000004,18.449038193000035],[100.24154312000007,18.44801734300006],[100.23928785200007,18.449859756000023],[100.23753870000007,18.449584308000055],[100.23511499400007,18.452839709000045],[100.23092382000004,18.45392927000006],[100.22992055600008,18.45550908200005],[100.22714264500007,18.455300279000028],[100.22269294700004,18.45820360600004],[100.21841639900003,18.459456497000076],[100.21423538900007,18.464536053000074],[100.20898862000007,18.465366329000062],[100.20812528500005,18.463005450000026],[100.20441706000008,18.462875877000045],[100.20385724400006,18.46432923800006],[100.19885508400006,18.463721930000077],[100.19717368400006,18.465015364000067],[100.19559496000005,18.46375688200004],[100.19342685800007,18.465999504000024],[100.19229032700008,18.465336533000027],[100.18948794000005,18.467899474000035],[100.18906256400004,18.465230898000073],[100.18399160300004,18.462791890000062],[100.17883745200004,18.46389756900004],[100.17773781400007,18.46118406000005],[100.17583667700006,18.462751813000068],[100.17484738200005,18.465738464000026],[100.17055195100005,18.46581588600003],[100.16500370700004,18.466784373000053],[100.16360320000007,18.47145495600006],[100.16511747600003,18.474238332000027],[100.16383870000004,18.474968991000026],[100.16448564500007,18.479087368000023],[100.15973790900006,18.481416499000034],[100.15883787900003,18.485067342000036],[100.15731843200007,18.485494935000077],[100.15416880500004,18.49026735600006],[100.15049012100008,18.49853270400007],[100.15033434800006,18.501990036000052],[100.14775854000004,18.505227453000032],[100.14637195600005,18.50526179900004],[100.14492422900008,18.50990782200006],[100.14319108700005,18.509018206000064],[100.14041193300005,18.510008224000046],[100.13815512500008,18.509475257000076],[100.13632416500008,18.51053875100007],[100.13212767700008,18.507495856000048],[100.12987808500009,18.50740568200007],[100.12972160800007,18.504980614000033],[100.11933382300003,18.507035839000025],[100.11889053300007,18.508862683000075],[100.11366908500008,18.508828477000066],[100.11280730800007,18.51140179400005],[100.11441079100007,18.511106994000045],[100.11319087400005,18.513335650000045],[100.11387541800008,18.514969735000022],[100.11038569000004,18.514521478000063],[100.10896195000004,18.516992323000068],[100.11143062600007,18.519325731000038],[100.10458898400003,18.519698361000053],[100.10486089200003,18.523029976000032],[100.10815932600008,18.524845647000063],[100.10854434800007,18.526130816000034],[100.10690063000004,18.529312831000027],[100.10506391300004,18.528697475000058],[100.10446727800007,18.534851262000075],[100.09625994600003,18.535245830000065],[100.09492614300007,18.533529360000045],[100.09361979300007,18.536917913000025],[100.08955125400007,18.537090724000052],[100.08840693000008,18.535787307000078],[100.08561471300004,18.535929128000078],[100.08515882400008,18.53714891800007],[100.07658872800005,18.539059122000026],[100.07584373700007,18.537633474000074],[100.07009569100006,18.535773273000075],[100.06685035700008,18.536826828000073],[100.06576076000005,18.538682420000043],[100.05841084600007,18.54043619600003],[100.05419248700008,18.540865066000038],[100.05186085900004,18.542301930000065],[100.05286337800004,18.539033578000044],[100.05128422900003,18.533036844000037],[100.04929202100004,18.531813655000065],[100.04928579000006,18.529670706000047],[100.05650790900006,18.52709833700004],[100.05546733100005,18.522688994000077],[100.05261453400004,18.518891288000077],[100.05364071600007,18.516904476000036],[100.05318186100004,18.514034437000078],[100.05124666500006,18.511692651000033],[100.05111633700005,18.503100354000026],[100.04959532200007,18.50001641700004],[100.04967828000008,18.497657208000078],[100.04765560500005,18.495962036000037],[100.04491489200007,18.49185628300006],[100.05117199500006,18.48754745900004],[100.05501817300006,18.486397633000024],[100.05609582700004,18.484507395000037],[100.06086345200004,18.483865667000032],[100.06559578200006,18.48578509600003],[100.06725724800003,18.485589255000036],[100.07221486500003,18.489670055000033],[100.07369316000006,18.487232706000043],[100.07698613400004,18.485234924000054],[100.08010140100004,18.485497327000076],[100.08301966300007,18.484397561000037],[100.08483669900005,18.485059427000067],[100.08758311100007,18.48370669600007],[100.09026151200004,18.480482557000073],[100.09337896200009,18.480745367000054],[100.09671351600008,18.48227268200003],[100.09742000400007,18.47760048500004],[100.10132464400004,18.474501642000064],[100.10309632400003,18.47499725700004],[100.10609079800008,18.473380500000076],[100.10721990400003,18.470658698000022],[100.11461750200004,18.46451489100002],[100.11764495900007,18.46461454200005],[100.12050334400004,18.46580153700006],[100.12171847600007,18.46997972500003],[100.12187090300006,18.479824879000034],[100.12814389500005,18.479833926000026],[100.12952075200008,18.48141800800005],[100.12966602400007,18.483932595000056],[100.13155641800006,18.483023005000064],[100.13098006700005,18.481272619000038],[100.13370350400004,18.478811508000035],[100.13394901900006,18.475322967000068],[100.13685950100006,18.47242127100003],[100.13927497300006,18.472891738000044],[100.14404817500008,18.471867410000073],[100.14683836900008,18.473606999000026],[100.15101372200007,18.47233608500005],[100.15359190000004,18.472480098000062],[100.15460513000005,18.469058964000055],[100.15035473000006,18.464809913000067],[100.15294657400005,18.46123347100007],[100.16145668600007,18.456323180000027],[100.16358089500005,18.45679285700004],[100.16408171600006,18.460653652000076],[100.16084743600004,18.46329417800007],[100.16122442400007,18.465067833000035],[100.16720503300007,18.465406656000027],[100.16864540700004,18.461450558000024],[100.16742649500009,18.457134361000044],[100.16902984500007,18.45267724100006],[100.16720209100004,18.444905810000023],[100.16871986400008,18.44239047800005],[100.17140576300005,18.44217390700004],[100.17601696700007,18.437756965000062],[100.17852072200009,18.434341294000035],[100.17781778400007,18.431580840000038],[100.17418357800005,18.427662843000064],[100.17084001200004,18.425982576000024],[100.16353017300008,18.42409212800004],[100.16283740400007,18.422802193000052],[100.16845830200003,18.417361564000032],[100.17273477800006,18.41637634700004],[100.17423390400006,18.411629469000047],[100.17749696000004,18.409692499000073],[100.18194960600005,18.408849899000074],[100.18628859800003,18.41083319200004],[100.18954891900006,18.411029819000078],[100.19377156900003,18.41004475400007],[100.19762627400007,18.41214687100006],[100.19886985400007,18.414593251000042],[100.20258209100007,18.41452920200004],[100.20559737300005,18.416783209000073],[100.20751944900007,18.419403198000055],[100.21021915100005,18.419076897000025],[100.21212338600009,18.420563685000047],[100.21787597300005,18.42126838400003],[100.21857615900007,18.41940110300004],[100.22130730900005,18.416921514000023],[100.22374071400009,18.416011125000068],[100.22608879400008,18.416680188000043],[100.23063643300009,18.420387579000078],[100.23591390500007,18.420980935000046],[100.24156866300007,18.42052695500007],[100.24388770200005,18.42208512700006],[100.24624629400006,18.422013185000026],[100.24874986600008,18.423174867000057],[100.24902782000004,18.426106525000023],[100.25204882800006,18.430399299000044],[100.25472655300007,18.430015640000022],[100.25549765300008,18.43132987000007],[100.25455300400006,18.434232310000027],[100.25742497600004,18.435164395000072],[100.25700464900007,18.43709080900004],[100.25930495100005,18.438172371000064],[100.25848398100004,18.44115081600006],[100.26230223500005,18.443123632000038],[100.26508500600005,18.443080245000033],[100.26846415100005,18.444712492000065],[100.26758492700009,18.446913084000073],[100.26895362800008,18.453021598000078],[100.27109023300005,18.452699451000058]]]},"properties":{"Shape_Leng":0.892927316014,"Shape_Area":0.00874236164957,"ADM3_EN":"Ban Nun","ADM3_TH":"บ้านหนุน","ADM3_PCODE":"TH540601","ADM2_EN":"Song","ADM2_TH":"สอง","ADM2_PCODE":"TH5406","ADM1_EN":"Phrae","ADM1_TH":"แพร่","ADM1_PCODE":"TH54","ADM0_EN":"Thailand","ADM0_TH":"ประเทศไทย","ADM0_PCODE":"TH"}},
{"type":"Feature","geometry":{"type":"Polygon","coordinates":[[[100.31336907300005,18.465148627000076],[100.30815828100003,18.464115113000048],[100.30388381700004,18.46522090800005],[100.30016531800004,18.462017420000052],[100.28963952600009,18.46657410200004],[100.28918075900003,18.46800174200007],[100.28669032900007,18.46676573900004],[100.28376453700008,18.466808979000064],[100.28012328500006,18.47067103200004],[100.27845979100005,18.474511887000062],[100.27275704800007,18.475607140000022],[100.26879347900007,18.478735796000024],[100.26443244200004,18.47735801400006],[100.26406681300006,18.473508200000026],[100.26125916600006,18.473644791000027],[100.25997533900005,18.475931771000035],[100.25491451400006,18.475403784000036],[100.25101526800006,18.477977510000073],[100.24369491900006,18.479263237000055],[100.24163658800006,18.47796638400007],[100.23965422100008,18.479653709000047],[100.23821071100008,18.48353182200003],[100.22902602600004,18.485730380000064],[100.22763239000005,18.487475137000047],[100.22429131000007,18.48871729700005],[100.21848128900007,18.484142207000048],[100.21613090000005,18.485341907000077],[100.21080117500009,18.485481906000075],[100.20961004400004,18.48414259200007],[100.20600366000008,18.485253664000027],[100.20445095000008,18.48414914600005],[100.20242961000008,18.48507457000005],[100.20172349400008,18.48338332700007],[100.19689751000004,18.483964608000065],[100.20177033600004,18.488065797000047],[100.20262452400004,18.490672188000076],[100.20044629000006,18.499252074000026],[100.19705945800007,18.49857895300005],[100.19447112600005,18.500623002000054],[100.18870761900007,18.502123151000035],[100.18356996400007,18.504015894000077],[100.18388725900007,18.504966873000058],[100.18100612500007,18.508857627000054],[100.18222887700006,18.510709253000073],[100.18012221300006,18.512658216000034],[100.17704676400007,18.511799857000028],[100.17284301800004,18.513023141000076],[100.16918164300006,18.51199357200005],[100.16662410600009,18.509676565000063],[100.16189290000005,18.508369177000077],[100.16093405300006,18.511372202000075],[100.16109251300009,18.51812690400004],[100.15899468300006,18.522585707000076],[100.15671187400005,18.522920605000024],[100.15461129900007,18.52825185200004],[100.15536167600004,18.531318467000062],[100.15344422900006,18.535645179000028],[100.14850470900006,18.538842301000045],[100.14854506000006,18.540750591000062],[100.14513402100005,18.54258209900007],[100.14252704000006,18.545977030000074],[100.13811901500009,18.547167786000045],[100.13956495300005,18.549371206000046],[100.13953285300005,18.551927814000067],[100.13540931700004,18.55257275300005],[100.13315315400007,18.554575286000045],[100.13366671600005,18.55246622800007],[100.13150921700009,18.55175962800007],[100.12772571600004,18.556555823000053],[100.12331011100008,18.560396319000063],[100.11635256600005,18.56011000700005],[100.11383120700003,18.562886089000074],[100.11155476400006,18.563712657000053],[100.10804098800008,18.562627150000026],[100.10927866100008,18.560182800000064],[100.10525611600008,18.559282215000053],[100.10191535800004,18.56171057800003],[100.09678385700005,18.566856463000022],[100.09462722800004,18.570099086000027],[100.08913228800009,18.57274908200003],[100.08637306500003,18.570568124000033],[100.08132835800006,18.564568242000064],[100.07850909500007,18.562838917000022],[100.06960804100004,18.562418102000038],[100.06750681500006,18.56111588600004],[100.06295118100007,18.560910877000026],[100.06100437800006,18.55905598100003],[100.05590332900005,18.557379240000046],[100.05487987000004,18.552290645000028],[100.05538417600008,18.54992039600006],[100.05382778700005,18.54538148100005],[100.05186085900004,18.542301930000065],[100.05419248700008,18.540865066000038],[100.05841084600007,18.54043619600003],[100.06576076000005,18.538682420000043],[100.06685035700008,18.536826828000073],[100.07009569100006,18.535773273000075],[100.07584373700007,18.537633474000074],[100.07658872800005,18.539059122000026],[100.08515882400008,18.53714891800007],[100.08561471300004,18.535929128000078],[100.08840693000008,18.535787307000078],[100.08955125400007,18.537090724000052],[100.09361979300007,18.536917913000025],[100.09492614300007,18.533529360000045],[100.09625994600003,18.535245830000065],[100.10446727800007,18.534851262000075],[100.10506391300004,18.528697475000058],[100.10690063000004,18.529312831000027],[100.10854434800007,18.526130816000034],[100.10815932600008,18.524845647000063],[100.10486089200003,18.523029976000032],[100.10458898400003,18.519698361000053],[100.11143062600007,18.519325731000038],[100.10896195000004,18.516992323000068],[100.11038569000004,18.514521478000063],[100.11387541800008,18.514969735000022],[100.11319087400005,18.513335650000045],[100.11441079100007,18.511106994000045],[100.11280730800007,18.51140179400005],[100.11366908500008,18.508828477000066],[100.11889053300007,18.508862683000075],[100.11933382300003,18.507035839000025],[100.12972160800007,18.504980614000033],[100.12987808500009,18.50740568200007],[100.13212767700008,18.507495856000048],[100.13632416500008,18.51053875100007],[100.13815512500008,18.509475257000076],[100.14041193300005,18.510008224000046],[100.14319108700005,18.509018206000064],[100.14492422900008,18.50990782200006],[100.14637195600005,18.50526179900004],[100.14775854000004,18.505227453000032],[100.15033434800006,18.501990036000052],[100.15049012100008,18.49853270400007],[100.15416880500004,18.49026735600006],[100.15731843200007,18.485494935000077],[100.15883787900003,18.485067342000036],[100.15973790900006,18.481416499000034],[100.16448564500007,18.479087368000023],[100.16383870000004,18.474968991000026],[100.16511747600003,18.474238332000027],[100.16360320000007,18.47145495600006],[100.16500370700004,18.466784373000053],[100.17055195100005,18.46581588600003],[100.17484738200005,18.465738464000026],[100.17583667700006,18.462751813000068],[100.17773781400007,18.46118406000005],[100.17883745200004,18.46389756900004],[100.18399160300004,18.462791890000062],[100.18906256400004,18.465230898000073],[100.18948794000005,18.467899474000035],[100.19229032700008,18.465336533000027],[100.19342685800007,18.465999504000024],[100.19559496000005,18.46375688200004],[100.19717368400006,18.465015364000067],[100.19885508400006,18.463721930000077],[100.20385724400006,18.46432923800006],[100.20441706000008,18.462875877000045],[100.20812528500005,18.463005450000026],[100.20898862000007,18.465366329000062],[100.21423538900007,18.464536053000074],[100.21841639900003,18.459456497000076],[100.22269294700004,18.45820360600004],[100.22714264500007,18.455300279000028],[100.22992055600008,18.45550908200005],[100.23092382000004,18.45392927000006],[100.23511499400007,18.452839709000045],[100.23753870000007,18.449584308000055],[100.23928785200007,18.449859756000023],[100.24154312000007,18.44801734300006],[100.24479117000004,18.449038193000035],[100.24715537100008,18.447657801000048],[100.24921073800004,18.45033677500004],[100.25209118400005,18.452469285000063],[100.25507074200004,18.452718529000038],[100.25557827600005,18.455341795000038],[100.26178480300007,18.456259807000038],[100.26605465900008,18.458239408000054],[100.27063304200004,18.45863666400004],[100.27339497000008,18.454821824000078],[100.27675586300006,18.455396861000054],[100.28178899600005,18.454992196000035],[100.28645742400005,18.453757606000067],[100.29053045400008,18.451893288000065],[100.29154254400004,18.452700811000057],[100.29700975100008,18.452096467000047],[100.29869298100004,18.45298632400005],[100.30109954300008,18.456405896000035],[100.30371727700003,18.45823244500002],[100.30612764700004,18.45853552500006],[100.30962399400005,18.461332992000052],[100.31136726800008,18.46161574100006],[100.31336907300005,18.465148627000076]]]},"properties":{"Shape_Leng":0.82922435526,"Shape_Area":0.00768941184939,"ADM3_EN":"Ban Klang","ADM3_TH":"บ้านกลาง","ADM3_PCODE":"TH540602","ADM2_EN":"Song","ADM2_TH":"สอง","ADM2_PCODE":"TH5406","ADM1_EN":"Phrae","ADM1_TH":"แพร่","ADM1_PCODE":"TH54","ADM0_EN":"Thailand","ADM0_TH":"ประเทศไทย","ADM0_PCODE":"TH"}},
{"type":"Feature","geometry":{"type":"Polygon","coordinates":[[[100.07517575400004,18.348789302000057],[100.07801400100004,18.353705218000073],[100.08114169000004,18.35406479200003],[100.08256715900006,18.35311007200005],[100.08457887900005,18.35404511300004],[100.08628984800004,18.352430608000077],[100.09151086700007,18.35420562300004],[100.09280543900007,18.357485851000035],[100.09464679700005,18.357910378000042],[100.09823409100005,18.35696956700002],[100.09992602200003,18.353232629000047],[100.10014068900006,18.350565291000066],[100.10167075300006,18.350533918000053],[100.10211462000007,18.347501614000066],[100.10768103400005,18.344730565000077],[100.10801431400006,18.341624679000063],[100.11079898500009,18.338700966000033],[100.11543090400005,18.338372196000023],[100.11764831300007,18.337394594000045],[100.11650113400003,18.343601329000023],[100.11940175600006,18.346429063000073],[100.12514452700003,18.34758473200003],[100.12662500500005,18.348625970000057],[100.13055517900005,18.348115653000036],[100.13230742100006,18.346810197000025],[100.13902260100008,18.344689569000025],[100.13987531900005,18.34631113100005],[100.14386997400004,18.344649995000054],[100.14688333100008,18.347513653000078],[100.15081159500005,18.34793939900004],[100.15278978700007,18.347123472000078],[100.15387619800003,18.344645378000052],[100.15635260300007,18.345177722000074],[100.15784534200009,18.34649650800003],[100.16206087500007,18.34642503500004],[100.16427226900004,18.347983570000054],[100.16616039200005,18.351494289000073],[100.17010258200008,18.35144297200003],[100.17155047500006,18.355343622000078],[100.17073204600007,18.357656373000054],[100.16676242200003,18.361979646000066],[100.16547502600008,18.365514076000068],[100.16129202500008,18.365037363000056],[100.15680717600009,18.366198159000078],[100.15592809000003,18.367622071000028],[100.15604187400004,18.37136756600006],[100.15399698400006,18.37547326400005],[100.14984592300004,18.376631888000077],[100.14898247200006,18.379794368000034],[100.15033702700003,18.383151637000026],[100.14994448100003,18.391495753000072],[100.15226429000006,18.39180751200007],[100.15386183000004,18.390419982000026],[100.15774671000008,18.39087827800006],[100.15826778700006,18.396508649000054],[100.16021975300004,18.399211706000074],[100.16259609900004,18.399455112000055],[100.17062956000007,18.396188600000073],[100.17317599900008,18.397408211000027],[100.17524925800006,18.402234798000052],[100.17336622800008,18.404499835000024],[100.17423390400006,18.411629469000047],[100.17273477800006,18.41637634700004],[100.16845830200003,18.417361564000032],[100.16283740400007,18.422802193000052],[100.16353017300008,18.42409212800004],[100.17084001200004,18.425982576000024],[100.17418357800005,18.427662843000064],[100.17781778400007,18.431580840000038],[100.17852072200009,18.434341294000035],[100.17601696700007,18.437756965000062],[100.17140576300005,18.44217390700004],[100.16871986400008,18.44239047800005],[100.16720209100004,18.444905810000023],[100.16902984500007,18.45267724100006],[100.16742649500009,18.457134361000044],[100.16864540700004,18.461450558000024],[100.16720503300007,18.465406656000027],[100.16122442400007,18.465067833000035],[100.16084743600004,18.46329417800007],[100.16408171600006,18.460653652000076],[100.16358089500005,18.45679285700004],[100.16145668600007,18.456323180000027],[100.15294657400005,18.46123347100007],[100.15035473000006,18.464809913000067],[100.15460513000005,18.469058964000055],[100.15359190000004,18.472480098000062],[100.15101372200007,18.47233608500005],[100.14683836900008,18.473606999000026],[100.14404817500008,18.471867410000073],[100.13927497300006,18.472891738000044],[100.13685950100006,18.47242127100003],[100.13394901900006,18.475322967000068],[100.13370350400004,18.478811508000035],[100.13098006700005,18.481272619000038],[100.13155641800006,18.483023005000064],[100.12966602400007,18.483932595000056],[100.12952075200008,18.48141800800005],[100.12814389500005,18.479833926000026],[100.12187090300006,18.479824879000034],[100.12171847600007,18.46997972500003],[100.12050334400004,18.46580153700006],[100.11764495900007,18.46461454200005],[100.11461750200004,18.46451489100002],[100.10721990400003,18.470658698000022],[100.10609079800008,18.473380500000076],[100.10309632400003,18.47499725700004],[100.10132464400004,18.474501642000064],[100.09742000400007,18.47760048500004],[100.09671351600008,18.48227268200003],[100.09337896200009,18.480745367000054],[100.09026151200004,18.480482557000073],[100.08758311100007,18.48370669600007],[100.08483669900005,18.485059427000067],[100.08301966300007,18.484397561000037],[100.08010140100004,18.485497327000076],[100.07698613400004,18.485234924000054],[100.07369316000006,18.487232706000043],[100.07221486500003,18.489670055000033],[100.06725724800003,18.485589255000036],[100.06559578200006,18.48578509600003],[100.06086345200004,18.483865667000032],[100.05609582700004,18.484507395000037],[100.05501817300006,18.486397633000024],[100.05117199500006,18.48754745900004],[100.04491489200007,18.49185628300006],[100.04229195200008,18.49022476700003],[100.04202150500004,18.488429447000044],[100.03869826200008,18.48525354800006],[100.03851141400008,18.483071751000068],[100.03350073400009,18.475214942000036],[100.03194498500005,18.471378816000026],[100.02985977200007,18.46931463100003],[100.02685025900007,18.468913067000074],[100.02342372400005,18.46957237400005],[100.02863648500005,18.464905545000022],[100.02458913900006,18.45441048400005],[100.02064963100008,18.44725788200003],[100.01421331100005,18.44733418900006],[100.01200295500007,18.44624553700004],[100.00538883200005,18.445862807000026],[100.00459364100004,18.44465512200003],[100.00789078000008,18.444400827000038],[100.01048017000005,18.442924420000054],[100.01105378700004,18.441180133000046],[100.01418577200008,18.437667030000057],[100.01117404200005,18.432210988000065],[100.01112923500006,18.429847460000076],[100.00953770800004,18.42857936200005],[100.00893618900005,18.425536556000054],[100.00654630800005,18.422800410000036],[100.00444163000009,18.415549432000034],[100.00664741700007,18.41342041200005],[100.00689031200005,18.41169181400005],[100.00154836800004,18.406482393000033],[100.00133759500005,18.40367894700006],[99.99920720100005,18.402593799000044],[99.99970132600004,18.40126334200005],[100.00483429000008,18.396411585000067],[100.00915530200007,18.396342378000043],[100.01300378700006,18.393270763000032],[100.01659181300005,18.392924023000035],[100.01888601500008,18.39179000400003],[100.02117056000009,18.388114340000072],[100.02427652100005,18.388107800000057],[100.02501704200006,18.384973591000062],[100.03029121600008,18.38477339700006],[100.03165207200004,18.38688748100003],[100.03684889100003,18.386603931000025],[100.03865332500004,18.387793760000022],[100.04026490600006,18.385922177000054],[100.04030158000006,18.383454855000025],[100.03898416700008,18.382480411000074],[100.03570722200004,18.374838200000056],[100.03606102400005,18.37098195300007],[100.03512487700004,18.369244022000032],[100.03601585000007,18.36507120400006],[100.03985299000004,18.36299396000004],[100.04456062000008,18.362720069000034],[100.04630112400008,18.36057939500006],[100.04948495800005,18.36074669100003],[100.05104555800006,18.359020588000078],[100.05470554800007,18.35896986800003],[100.05589108600009,18.362206467000078],[100.06020931000006,18.36066991000007],[100.06183581800008,18.362277377000055],[100.06483486500008,18.36180814900007],[100.05985646400006,18.35480456500005],[100.05776841900007,18.350616193000064],[100.05957426900005,18.349168129000077],[100.06829448100007,18.348112954000044],[100.07517575400004,18.348789302000057]]]},"properties":{"Shape_Leng":0.826297199077,"Shape_Area":0.0184047975067,"ADM3_EN":"Huai Mai","ADM3_TH":"ห้วยหม้าย","ADM3_PCODE":"TH540603","ADM2_EN":"Song","ADM2_TH":"สอง","ADM2_PCODE":"TH5406","ADM1_EN":"Phrae","ADM1_TH":"แพร่","ADM1_PCODE":"TH54","ADM0_EN":"Thailand","ADM0_TH":"ประเทศไทย","ADM0_PCODE":"TH"}},
{"type":"Feature","geometry":{"type":"Polygon","coordinates":[[[100.42310194500004,18.459046732000047],[100.41643377500009,18.463751321000075],[100.41547570500006,18.465852566000024],[100.41019616700004,18.469842913000036],[100.40801561300003,18.469304554000075],[100.40784126300008,18.471727497000074],[100.40503152600007,18.474890625000057],[100.40557175800006,18.477562395000064],[100.39988735600008,18.481477562000066],[100.39931541800007,18.48575016800004],[100.39927950400005,18.489275617000033],[100.40013965900005,18.493806453000047],[100.39565776300009,18.49571678600006],[100.39744212600004,18.497652000000073],[100.39601860200008,18.499999454000033],[100.39649338600003,18.501903687000038],[100.39240014400008,18.508570809000048],[100.38955978400008,18.51163795700006],[100.38691640600007,18.511982657000033],[100.38685869700004,18.513343002000056],[100.39186039900005,18.52278728700003],[100.39568510500004,18.527562853000063],[100.39483665000006,18.530473049000022],[100.39533051600006,18.532893305000073],[100.39317539900009,18.53383653700007],[100.39289911400004,18.535468431000027],[100.38982797900007,18.53845597800006],[100.39000962200004,18.54012405900005],[100.38688897400004,18.542716604000077],[100.38747246300005,18.54663733800004],[100.38755874100008,18.558415118000028],[100.37948603300003,18.56165043900006],[100.37607101100008,18.56474312100005],[100.37194618100006,18.565953484000033],[100.37101007500007,18.567448975000048],[100.37369505700008,18.570858610000073],[100.37615237300008,18.575253665000048],[100.37617556200007,18.581021845000066],[100.37770342900006,18.585951114000068],[100.36979961800006,18.583976758000063],[100.36526449400009,18.586320166000064],[100.35918054900009,18.585424988000057],[100.35552342200003,18.58756275500002],[100.35274090500008,18.58363634500006],[100.35060687700008,18.584306840000067],[100.34931872000004,18.586246990000063],[100.34720165100003,18.584208039000032],[100.34444712600003,18.584668403000023],[100.34500238800007,18.582828586000062],[100.34043250900004,18.583096264000062],[100.33941099000003,18.580205957000032],[100.33631664700005,18.579279546000066],[100.33452349300006,18.580421236000063],[100.33130845700003,18.579929427000025],[100.32985542500006,18.578337198000042],[100.32584848300007,18.578917344000047],[100.32241264900006,18.57786141300005],[100.31412062400005,18.57819771900006],[100.31216196900004,18.579122083000073],[100.30851800200008,18.578283013000032],[100.30814085500003,18.58185184900003],[100.30433038200005,18.580234749000056],[100.30285058500004,18.580499797000073],[100.30063324000008,18.57747272900008],[100.30253756900004,18.576602467000043],[100.30223377600004,18.573917385000072],[100.29750483300006,18.56754294800004],[100.29517048800005,18.573010776000046],[100.29038420900008,18.578761840000027],[100.28909524400007,18.578955584000028],[100.28786042600007,18.583431004000033],[100.28251374900003,18.586638694000044],[100.27961490200005,18.589448348000076],[100.27794820400004,18.588725460000035],[100.27569266500007,18.58537414400007],[100.27279958800005,18.582531472000028],[100.26873923600004,18.582424999000068],[100.26723709900006,18.578507785000056],[100.26545393600009,18.57809455900002],[100.26518879300005,18.585244556000077],[100.26326516800003,18.588470047000044],[100.25942852700007,18.589532387000077],[100.25728423100009,18.592991977000054],[100.25497340100009,18.593533943000068],[100.25321545600008,18.596487678000074],[100.25140649300005,18.59745528600007],[100.24884276800003,18.596993444000077],[100.24287565100008,18.600056692000067],[100.24053995200006,18.602323913000077],[100.23610693400008,18.603189772000064],[100.23474779800006,18.605872113000032],[100.23146692000006,18.606381767000073],[100.22673057500003,18.605309410000075],[100.22514099100005,18.602804819000028],[100.22102378500006,18.602935803000037],[100.21883235800004,18.601620857000057],[100.21906524600007,18.598926316000075],[100.21723675600003,18.59803394900007],[100.21629360800006,18.59351689700003],[100.21462114400003,18.590217343000063],[100.21039814500006,18.587016732000052],[100.20586255600006,18.591852689000063],[100.20578055400006,18.594775984000023],[100.20292473900008,18.597107403000052],[100.19552092700008,18.59954734300004],[100.19439449400005,18.59866489600006],[100.19161992200009,18.600338426000064],[100.18529132700007,18.601718547000075],[100.18326972000006,18.60385392300003],[100.17757179500006,18.605030818000046],[100.17261984200007,18.601699353000072],[100.16940324800004,18.60430950800003],[100.16872867900008,18.60633559000007],[100.16565942600005,18.607559257000048],[100.16437309100007,18.610146388000032],[100.16139262400009,18.608952430000045],[100.16052190500005,18.61073387600004],[100.15454801000004,18.611218488000077],[100.15333608000009,18.61045371000006],[100.14641238800004,18.611692007000045],[100.14742768100007,18.614989883000078],[100.14645892600004,18.616917149000074],[100.14003951400008,18.61730797900003],[100.13872504900007,18.616559735000067],[100.13632834700007,18.617825135000032],[100.13353098600004,18.617483649000064],[100.13184748600008,18.616096198000037],[100.12907595100006,18.617073882000057],[100.12624501500005,18.616299206000065],[100.12300470400004,18.61666389100003],[100.11966433200007,18.621058997000034],[100.11724637600008,18.620216569000036],[100.11483169700006,18.62092154100003],[100.11221779900006,18.619894509000062],[100.10948077700004,18.617265340000074],[100.10595463100003,18.617836650000072],[100.10641856800004,18.615477586000054],[100.11064788300007,18.614249217000065],[100.11235527200006,18.61100034900005],[100.11597357000005,18.609971821000045],[100.11910538100005,18.606142223000063],[100.11936550400009,18.603703004000067],[100.12085680100006,18.60232080000003],[100.11683512200005,18.59667967000007],[100.11304116700006,18.592180907000056],[100.11032410300004,18.591057569000043],[100.10900865300005,18.588908659000026],[100.11001432200004,18.58605432300004],[100.10992844500004,18.582677421000028],[100.11189649100004,18.580183632000058],[100.11127381100005,18.576280908000058],[100.10664450600007,18.57303244700006],[100.10551875900006,18.570495814000026],[100.10592641400007,18.56754327300007],[100.10804098800008,18.562627150000026],[100.11155476400006,18.563712657000053],[100.11383120700003,18.562886089000074],[100.11635256600005,18.56011000700005],[100.12331011100008,18.560396319000063],[100.12772571600004,18.556555823000053],[100.13150921700009,18.55175962800007],[100.13366671600005,18.55246622800007],[100.13315315400007,18.554575286000045],[100.13540931700004,18.55257275300005],[100.13953285300005,18.551927814000067],[100.13956495300005,18.549371206000046],[100.13811901500009,18.547167786000045],[100.14252704000006,18.545977030000074],[100.14513402100005,18.54258209900007],[100.14854506000006,18.540750591000062],[100.14850470900006,18.538842301000045],[100.15344422900006,18.535645179000028],[100.15536167600004,18.531318467000062],[100.15461129900007,18.52825185200004],[100.15671187400005,18.522920605000024],[100.15899468300006,18.522585707000076],[100.16109251300009,18.51812690400004],[100.16093405300006,18.511372202000075],[100.16189290000005,18.508369177000077],[100.16662410600009,18.509676565000063],[100.16918164300006,18.51199357200005],[100.17284301800004,18.513023141000076],[100.17704676400007,18.511799857000028],[100.18012221300006,18.512658216000034],[100.18222887700006,18.510709253000073],[100.18100612500007,18.508857627000054],[100.18388725900007,18.504966873000058],[100.18356996400007,18.504015894000077],[100.18870761900007,18.502123151000035],[100.19447112600005,18.500623002000054],[100.19705945800007,18.49857895300005],[100.20044629000006,18.499252074000026],[100.20262452400004,18.490672188000076],[100.20177033600004,18.488065797000047],[100.19689751000004,18.483964608000065],[100.20172349400008,18.48338332700007],[100.20242961000008,18.48507457000005],[100.20445095000008,18.48414914600005],[100.20600366000008,18.485253664000027],[100.20961004400004,18.48414259200007],[100.21080117500009,18.485481906000075],[100.21613090000005,18.485341907000077],[100.21848128900007,18.484142207000048],[100.22429131000007,18.48871729700005],[100.22763239000005,18.487475137000047],[100.22902602600004,18.485730380000064],[100.23821071100008,18.48353182200003],[100.23965422100008,18.479653709000047],[100.24163658800006,18.47796638400007],[100.24369491900006,18.479263237000055],[100.25101526800006,18.477977510000073],[100.25491451400006,18.475403784000036],[100.25997533900005,18.475931771000035],[100.26125916600006,18.473644791000027],[100.26406681300006,18.473508200000026],[100.26443244200004,18.47735801400006],[100.26879347900007,18.478735796000024],[100.27275704800007,18.475607140000022],[100.27845979100005,18.474511887000062],[100.28012328500006,18.47067103200004],[100.28376453700008,18.466808979000064],[100.28669032900007,18.46676573900004],[100.28918075900003,18.46800174200007],[100.28963952600009,18.46657410200004],[100.30016531800004,18.462017420000052],[100.30388381700004,18.46522090800005],[100.30815828100003,18.464115113000048],[100.31336907300005,18.465148627000076],[100.31456862100003,18.466069928000024],[100.31758047300008,18.465293346000067],[100.31998268700005,18.466912196000067],[100.32445838100006,18.465551520000076],[100.32783206900007,18.461121604000027],[100.33091426800007,18.460661732000062],[100.33056131400008,18.456561754000063],[100.33406850500006,18.454747936000047],[100.33702532500007,18.454697742000064],[100.34130564900005,18.45239830400004],[100.34087554300004,18.448067337000055],[100.33888602300004,18.44400973100005],[100.33969922600005,18.44307641200004],[100.34595223500008,18.442357779000076],[100.35343748000008,18.442610623000064],[100.35455069300008,18.440741224000078],[100.36088313400006,18.439834517000065],[100.36471473200004,18.438602509000077],[100.36848637600008,18.435680383000033],[100.37150699200004,18.436036976000025],[100.37506625600008,18.435300746000053],[100.37610539900004,18.431668605000027],[100.38120367600004,18.42886878400003],[100.38320548700005,18.423849321000034],[100.38876638900007,18.421520974000032],[100.39268491700005,18.419296804000055],[100.39566177300009,18.42080564200006],[100.39417842900008,18.421952567000062],[100.39420611400004,18.42458147600007],[100.39596813700007,18.426379144000066],[100.39233514100005,18.434755808000034],[100.39097785100006,18.435449219000077],[100.39169294200008,18.438901302000033],[100.39416980300007,18.440809313000045],[100.39890044800006,18.440995643000065],[100.40678143800005,18.438852096000062],[100.40973292300004,18.440425429000072],[100.41249625100005,18.444366900000034],[100.41166901400004,18.450086706000036],[100.42151742200008,18.45862523900007],[100.42310194500004,18.459046732000047]]]},"properties":{"Shape_Leng":1.17124371749,"Shape_Area":0.0314180159934,"ADM3_EN":"Tao Pun","ADM3_TH":"เตาปูน","ADM3_PCODE":"TH540604","ADM2_EN":"Song","ADM2_TH":"สอง","ADM2_PCODE":"TH5406","ADM1_EN":"Phrae","ADM1_TH":"แพร่","ADM1_PCODE":"TH54","ADM0_EN":"Thailand","ADM0_TH":"ประเทศไทย","ADM0_PCODE":"TH"}},
{"type":"Feature","geometry":{"type":"Polygon","coordinates":[[[100.21466034000008,18.341691832000038],[100.20144446800003,18.349859415000026],[100.19599306800006,18.357333512000025],[100.19452348900006,18.367042705000074],[100.19272621100004,18.372536739000054],[100.16055343900007,18.371730515000024],[100.15604187400004,18.37136756600006],[100.15592809000003,18.367622071000028],[100.15680717600009,18.366198159000078],[100.16129202500008,18.365037363000056],[100.16547502600008,18.365514076000068],[100.16676242200003,18.361979646000066],[100.17073204600007,18.357656373000054],[100.17155047500006,18.355343622000078],[100.17010258200008,18.35144297200003],[100.16616039200005,18.351494289000073],[100.16427226900004,18.347983570000054],[100.16206087500007,18.34642503500004],[100.15784534200009,18.34649650800003],[100.15635260300007,18.345177722000074],[100.15883299500007,18.340612968000073],[100.16094610200008,18.332348524000054],[100.16053949800005,18.329728067000076],[100.16156039600008,18.326303953000036],[100.16017621200007,18.31886781700007],[100.16496950500004,18.31261827000003],[100.16839304300004,18.309585819000063],[100.16777663400006,18.30679820200004],[100.16200134100006,18.30368227100007],[100.16203632500009,18.30068970800005],[100.16077811500008,18.297401575000038],[100.16163491200007,18.296298645000036],[100.16614115200008,18.297736905000022],[100.16633428900008,18.294597767000027],[100.16841921000008,18.292638175000036],[100.17221415800009,18.29151530100006],[100.17485608100009,18.289363498000057],[100.17929603500005,18.289115055000025],[100.18197363800004,18.29037892100007],[100.18251403900007,18.29935110200006],[100.18430542900006,18.299425893000034],[100.18337962300006,18.30180083500005],[100.18955006000004,18.30250340300006],[100.19066817600009,18.30343685300005],[100.19624662500007,18.311782153000024],[100.19763781900008,18.313005804000056],[100.20305658700005,18.31505978900003],[100.20545957100006,18.317537273000028],[100.20231708700004,18.32220265500007],[100.20479184700008,18.32628519800005],[100.20717231300006,18.326822527000047],[100.20944292000007,18.333101637000027],[100.21222028700004,18.33246925900005],[100.21296365800004,18.336725427000033],[100.21466034000008,18.341691832000038]]]},"properties":{"Shape_Leng":0.288123252921,"Shape_Area":0.00293089600328,"ADM3_EN":"Hua Mueang","ADM3_TH":"หัวเมือง","ADM3_PCODE":"TH540605","ADM2_EN":"Song","ADM2_TH":"สอง","ADM2_PCODE":"TH5406","ADM1_EN":"Phrae","ADM1_TH":"แพร่","ADM1_PCODE":"TH54","ADM0_EN":"Thailand","ADM0_TH":"ประเทศไทย","ADM0_PCODE":"TH"}},
{"type":"Feature","geometry":{"type":"Polygon","coordinates":[[[100.37770342900006,18.585951114000068],[100.37926671200006,18.587079733000053],[100.37673558700004,18.592496864000054],[100.37813519800005,18.598444662000077],[100.37681496100004,18.602443763000053],[100.37818685300005,18.60452103800003],[100.37780982200007,18.61099400300003],[100.37932298000004,18.615556926000068],[100.38120901400004,18.617320919000065],[100.38048000600008,18.61903690500003],[100.38110556100008,18.622185244000036],[100.38467344800006,18.62505281500006],[100.38978906000006,18.625186777000067],[100.39173781500006,18.626826950000066],[100.39148864300006,18.631480999000075],[100.39249265600006,18.633955784000023],[100.39258899400005,18.638393515000075],[100.38869416500006,18.63755711500005],[100.38684644900007,18.639385851000043],[100.37506945300004,18.637074446000042],[100.36813666600005,18.639178440000023],[100.36503033100007,18.64352021600007],[100.36106034600004,18.644184901000074],[100.35926435300007,18.649060398000074],[100.36039841600007,18.655169535000027],[100.35937016600008,18.658851242000026],[100.35570614600005,18.659593823000023],[100.35422435800007,18.661988893000057],[100.35746086400007,18.666934181000045],[100.35464267500004,18.669154795000054],[100.35617551300004,18.673171516000025],[100.35440365900007,18.674124050000046],[100.35474987200007,18.676834120000024],[100.35320499200009,18.677551695000034],[100.35157959900005,18.68055431700003],[100.35889557700006,18.69000505100007],[100.36010857000008,18.699124823000034],[100.36395951900005,18.704304923000052],[100.36331556400006,18.70722369400005],[100.36723052400004,18.70985851200004],[100.37058841200007,18.709837383000036],[100.37291476800004,18.71374644900004],[100.37520117300005,18.715484885000023],[100.37756948000003,18.719428597000046],[100.37774542100004,18.72267961600005],[100.38061290500008,18.724308145000066],[100.38014877200004,18.725398127000062],[100.38288233900005,18.726411446000043],[100.38633934800004,18.72611140600003],[100.38839754700007,18.727465254000037],[100.38737643000007,18.73178639200006],[100.38940872200004,18.734778316000074],[100.38965682800006,18.73729706100005],[100.39136919900005,18.739382987000056],[100.39066704900006,18.741087123000057],[100.38386621000006,18.739094520000037],[100.37769020600007,18.739990309000063],[100.37271234600007,18.741525437000064],[100.36930319900006,18.745226221000053],[100.36543488200005,18.745892420000075],[100.36084814600008,18.749874857000066],[100.35828115200007,18.750559081000063],[100.35816585700007,18.75550555500007],[100.35730929400006,18.76121077600004],[100.36110322200005,18.76706276500005],[100.35894656700003,18.771381494000025],[100.36209512800008,18.775611467000033],[100.36233758200007,18.778036120000024],[100.35790498100005,18.781287631000055],[100.35604346000008,18.784598003000042],[100.35166022600004,18.78456555300005],[100.34841756900005,18.786087980000048],[100.34511843000007,18.786085783000033],[100.34137112700006,18.78473182700003],[100.33711512100007,18.78692536400007],[100.33744778300007,18.790857774000074],[100.33604016400005,18.795304456000054],[100.33892817700007,18.80073778700006],[100.33902004500004,18.804462526000066],[100.34038381300007,18.80595545500006],[100.33840212200005,18.81324698000003],[100.33422897800006,18.81227727000004],[100.33089830600005,18.813307447000057],[100.32549403900003,18.810672410000052],[100.32373254300006,18.811405533000027],[100.31820593400005,18.811769962000028],[100.31323617800007,18.81007350300007],[100.31135353100007,18.810485449000055],[100.30693549900008,18.814562317000025],[100.30531778600005,18.816806674000077],[100.30201088600006,18.818500311000037],[100.29522693300004,18.817351416000065],[100.29116536600009,18.817700357000035],[100.28248352500003,18.82028132000005],[100.27832050500007,18.82103391000004],[100.27105762700006,18.818658506000077],[100.26712689000004,18.820082735000028],[100.26322606900004,18.818961226000056],[100.25802009100005,18.82107455700003],[100.25622624100004,18.819201462000024],[100.25430200800008,18.81933547600005],[100.25157868300005,18.821930784000074],[100.24938253400006,18.822686334000025],[100.24577585300005,18.822252922000075],[100.24089366600003,18.81960097500007],[100.23677006300005,18.821252188000074],[100.23425873800005,18.823601894000035],[100.22932308400004,18.824119781000036],[100.22572493200005,18.825282015000028],[100.22181226600009,18.820902841000077],[100.21932942600006,18.82179632900005],[100.21587503000006,18.818421913000066],[100.21115810700007,18.819367181000075],[100.20844909200008,18.818787481000072],[100.20435151200007,18.815883622000058],[100.19839751900008,18.814524426000048],[100.19434260600008,18.81684389000003],[100.18717092900005,18.819092261000037],[100.17649977300005,18.813472943000022],[100.17227939100007,18.813783143000023],[100.16858406400007,18.81606027400005],[100.16539745100005,18.81910308500005],[100.15944232100009,18.82767947600007],[100.15715754600006,18.834073411000077],[100.15593258000007,18.835470908000048],[100.15319531400007,18.83275557500002],[100.15372062000006,18.83006276800006],[100.14912226500007,18.827297910000027],[100.14667438800006,18.827619180000056],[100.14462609400005,18.824508399000024],[100.14097102300008,18.824799092000035],[100.13869224900009,18.823873753000044],[100.13754122800003,18.820817426000076],[100.13412827400003,18.817506023000078],[100.13043209100005,18.817321744000026],[100.12548776700004,18.818965795000054],[100.12100816900005,18.81870360700003],[100.11766802000005,18.81971652900006],[100.11666291600005,18.818936375000078],[100.11616085200006,18.815296552000063],[100.11373889800007,18.80719707700007],[100.11615266000007,18.80407037300006],[100.11549146800007,18.799882284000034],[100.12105546000004,18.798201007000046],[100.12209578100004,18.794804656000053],[100.12377065200008,18.792979032000062],[100.12395666300006,18.790503615000034],[100.12599415200003,18.787406514000054],[100.12340798500009,18.78408018700003],[100.12280248600007,18.781802337000045],[100.12003391500008,18.78148155100007],[100.11761663700008,18.778154119000078],[100.11453532200005,18.776437299000065],[100.11613756800006,18.768715632000067],[100.11581283000004,18.765504187000033],[100.10833606500006,18.762206733000028],[100.10666694900004,18.75972624800005],[100.10693092600008,18.75623815700004],[100.10278761200004,18.75452739700006],[100.10025915200004,18.75214830500005],[100.10166006200006,18.747111089000043],[100.10163178800008,18.737551389000032],[100.09759893200004,18.73458660600005],[100.09635833800007,18.730496781000056],[100.09847755800007,18.72441102500005],[100.10150269200005,18.72283475200004],[100.10020614800004,18.715306929000064],[100.10282548300006,18.71098556100003],[100.10291955700006,18.704686723000066],[100.10483288300009,18.703325822000068],[100.10733101700004,18.703744895000057],[100.10859110300004,18.697910062000062],[100.10853312600005,18.691558969000027],[100.10731081400007,18.690264754000054],[100.10466742900007,18.690095178000036],[100.10457724600008,18.686419029000035],[100.10935370400006,18.680557030000045],[100.10892683700007,18.676259566000056],[100.11109862700005,18.673913196000058],[100.11131553800004,18.671316190000027],[100.10893338900007,18.666689434000034],[100.10531188500005,18.663702623000063],[100.10497469000006,18.660979602000054],[100.10644433300007,18.658692484000028],[100.10646417000004,18.651648883000064],[100.10364092700007,18.64883559900005],[100.10238477500008,18.640329996000048],[100.09956406500004,18.63369326700007],[100.09954370700007,18.62892375100006],[100.10247571500008,18.626093986000058],[100.10552889000007,18.62127693800005],[100.10595463100003,18.617836650000072],[100.10948077700004,18.617265340000074],[100.11221779900006,18.619894509000062],[100.11483169700006,18.62092154100003],[100.11724637600008,18.620216569000036],[100.11966433200007,18.621058997000034],[100.12300470400004,18.61666389100003],[100.12624501500005,18.616299206000065],[100.12907595100006,18.617073882000057],[100.13184748600008,18.616096198000037],[100.13353098600004,18.617483649000064],[100.13632834700007,18.617825135000032],[100.13872504900007,18.616559735000067],[100.14003951400008,18.61730797900003],[100.14645892600004,18.616917149000074],[100.14742768100007,18.614989883000078],[100.14641238800004,18.611692007000045],[100.15333608000009,18.61045371000006],[100.15454801000004,18.611218488000077],[100.16052190500005,18.61073387600004],[100.16139262400009,18.608952430000045],[100.16437309100007,18.610146388000032],[100.16565942600005,18.607559257000048],[100.16872867900008,18.60633559000007],[100.16940324800004,18.60430950800003],[100.17261984200007,18.601699353000072],[100.17757179500006,18.605030818000046],[100.18326972000006,18.60385392300003],[100.18529132700007,18.601718547000075],[100.19161992200009,18.600338426000064],[100.19439449400005,18.59866489600006],[100.19552092700008,18.59954734300004],[100.20292473900008,18.597107403000052],[100.20578055400006,18.594775984000023],[100.20586255600006,18.591852689000063],[100.21039814500006,18.587016732000052],[100.21462114400003,18.590217343000063],[100.21629360800006,18.59351689700003],[100.21723675600003,18.59803394900007],[100.21906524600007,18.598926316000075],[100.21883235800004,18.601620857000057],[100.22102378500006,18.602935803000037],[100.22514099100005,18.602804819000028],[100.22673057500003,18.605309410000075],[100.23146692000006,18.606381767000073],[100.23474779800006,18.605872113000032],[100.23610693400008,18.603189772000064],[100.24053995200006,18.602323913000077],[100.24287565100008,18.600056692000067],[100.24884276800003,18.596993444000077],[100.25140649300005,18.59745528600007],[100.25321545600008,18.596487678000074],[100.25497340100009,18.593533943000068],[100.25728423100009,18.592991977000054],[100.25942852700007,18.589532387000077],[100.26326516800003,18.588470047000044],[100.26518879300005,18.585244556000077],[100.26545393600009,18.57809455900002],[100.26723709900006,18.578507785000056],[100.26873923600004,18.582424999000068],[100.27279958800005,18.582531472000028],[100.27569266500007,18.58537414400007],[100.27794820400004,18.588725460000035],[100.27961490200005,18.589448348000076],[100.28251374900003,18.586638694000044],[100.28786042600007,18.583431004000033],[100.28909524400007,18.578955584000028],[100.29038420900008,18.578761840000027],[100.29517048800005,18.573010776000046],[100.29750483300006,18.56754294800004],[100.30223377600004,18.573917385000072],[100.30253756900004,18.576602467000043],[100.30063324000008,18.57747272900008],[100.30285058500004,18.580499797000073],[100.30433038200005,18.580234749000056],[100.30814085500003,18.58185184900003],[100.30851800200008,18.578283013000032],[100.31216196900004,18.579122083000073],[100.31412062400005,18.57819771900006],[100.32241264900006,18.57786141300005],[100.32584848300007,18.578917344000047],[100.32985542500006,18.578337198000042],[100.33130845700003,18.579929427000025],[100.33452349300006,18.580421236000063],[100.33631664700005,18.579279546000066],[100.33941099000003,18.580205957000032],[100.34043250900004,18.583096264000062],[100.34500238800007,18.582828586000062],[100.34444712600003,18.584668403000023],[100.34720165100003,18.584208039000032],[100.34931872000004,18.586246990000063],[100.35060687700008,18.584306840000067],[100.35274090500008,18.58363634500006],[100.35552342200003,18.58756275500002],[100.35918054900009,18.585424988000057],[100.36526449400009,18.586320166000064],[100.36979961800006,18.583976758000063],[100.37770342900006,18.585951114000068]]]},"properties":{"Shape_Leng":1.2829479955,"Shape_Area":0.0572616683471,"ADM3_EN":"Sa-Iap","ADM3_TH":"สะเอียบ","ADM3_PCODE":"TH540606","ADM2_EN":"Song","ADM2_TH":"สอง","ADM2_PCODE":"TH5406","ADM1_EN":"Phrae","ADM1_TH":"แพร่","ADM1_PCODE":"TH54","ADM0_EN":"Thailand","ADM0_TH":"ประเทศไทย","ADM0_PCODE":"TH"}},
{"type":"Feature","geometry":{"type":"Polygon","coordinates":[[[100.21248881500009,18.38025247300004],[100.20953456800004,18.379374969000025],[100.20474138900005,18.380104251000034],[100.20081363800006,18.379999911000027],[100.19680677200006,18.37904939400005],[100.19341743800004,18.381541278000043],[100.19042979400007,18.38093947300007],[100.19033598700008,18.384523864000073],[100.19229276900006,18.386078377000047],[100.19115931100004,18.388681722000058],[100.18716734900005,18.389789762000078],[100.18327076600008,18.388751628000023],[100.18026651300005,18.389128468000024],[100.17679079100009,18.38701419800003],[100.17570420500005,18.38471511000006],[100.16416550100007,18.385840192000046],[100.16286933900005,18.386980744000027],[100.16398411600005,18.39045973800006],[100.15774671000008,18.39087827800006],[100.15386183000004,18.390419982000026],[100.15226429000006,18.39180751200007],[100.14994448100003,18.391495753000072],[100.15033702700003,18.383151637000026],[100.14898247200006,18.379794368000034],[100.14984592300004,18.376631888000077],[100.15399698400006,18.37547326400005],[100.15604187400004,18.37136756600006],[100.16055343900007,18.371730515000024],[100.19272621100004,18.372536739000054],[100.19452348900006,18.367042705000074],[100.19599306800006,18.357333512000025],[100.20144446800003,18.349859415000026],[100.21466034000008,18.341691832000038],[100.21608006200006,18.34594383600006],[100.21440096700007,18.35081221100006],[100.21224503000008,18.352495240000053],[100.21364972400005,18.355002784000078],[100.20741213900004,18.365807219000033],[100.20953924600008,18.368264974000056],[100.20750033800005,18.36955374100006],[100.20827322300005,18.373831965000022],[100.21089307100004,18.375618157000076],[100.21248881500009,18.38025247300004]]]},"properties":{"Shape_Leng":0.241409280526,"Shape_Area":0.00118636831721,"ADM3_EN":"Daen Chumphon","ADM3_TH":"แดนชุมพล","ADM3_PCODE":"TH540607","ADM2_EN":"Song","ADM2_TH":"สอง","ADM2_PCODE":"TH5406","ADM1_EN":"Phrae","ADM1_TH":"แพร่","ADM1_PCODE":"TH54","ADM0_EN":"Thailand","ADM0_TH":"ประเทศไทย","ADM0_PCODE":"TH"}},
{"type":"Feature","geometry":{"type":"Polygon","coordinates":[[[100.24624629400006,18.422013185000026],[100.24388770200005,18.42208512700006],[100.24156866300007,18.42052695500007],[100.23591390500007,18.420980935000046],[100.23063643300009,18.420387579000078],[100.22608879400008,18.416680188000043],[100.22374071400009,18.416011125000068],[100.22130730900005,18.416921514000023],[100.21857615900007,18.41940110300004],[100.21787597300005,18.42126838400003],[100.21212338600009,18.420563685000047],[100.21021915100005,18.419076897000025],[100.20751944900007,18.419403198000055],[100.20559737300005,18.416783209000073],[100.20258209100007,18.41452920200004],[100.19886985400007,18.414593251000042],[100.19762627400007,18.41214687100006],[100.19377156900003,18.41004475400007],[100.18954891900006,18.411029819000078],[100.18628859800003,18.41083319200004],[100.18194960600005,18.408849899000074],[100.17749696000004,18.409692499000073],[100.17423390400006,18.411629469000047],[100.17336622800008,18.404499835000024],[100.17524925800006,18.402234798000052],[100.17317599900008,18.397408211000027],[100.17062956000007,18.396188600000073],[100.16259609900004,18.399455112000055],[100.16021975300004,18.399211706000074],[100.15826778700006,18.396508649000054],[100.15774671000008,18.39087827800006],[100.16398411600005,18.39045973800006],[100.16286933900005,18.386980744000027],[100.16416550100007,18.385840192000046],[100.17570420500005,18.38471511000006],[100.17679079100009,18.38701419800003],[100.18026651300005,18.389128468000024],[100.18327076600008,18.388751628000023],[100.18716734900005,18.389789762000078],[100.19115931100004,18.388681722000058],[100.19229276900006,18.386078377000047],[100.19033598700008,18.384523864000073],[100.19042979400007,18.38093947300007],[100.19341743800004,18.381541278000043],[100.19680677200006,18.37904939400005],[100.20081363800006,18.379999911000027],[100.20474138900005,18.380104251000034],[100.20953456800004,18.379374969000025],[100.21248881500009,18.38025247300004],[100.21524524000006,18.38468634700007],[100.21753972400006,18.38520531200004],[100.21763103700005,18.387089091000064],[100.22008756300005,18.390349240000035],[100.22201010600008,18.39048223800006],[100.22404044700005,18.39234168100006],[100.22434422300006,18.395105949000026],[100.22731403900008,18.397943285000053],[100.22934926400006,18.39725297900003],[100.23240022400006,18.398833024000055],[100.23361612100007,18.40137366500005],[100.23286690400005,18.406829837000032],[100.23464584800007,18.41104176400006],[100.24027601100005,18.412761567000075],[100.24191435200004,18.416886220000038],[100.24359323100003,18.417831969000076],[100.24624629400006,18.422013185000026]]]},"properties":{"Shape_Leng":0.286861503202,"Shape_Area":0.00193666609605,"ADM3_EN":"Thung Nao","ADM3_TH":"ทุ่งน้าว","ADM3_PCODE":"TH540608","ADM2_EN":"Song","ADM2_TH":"สอง","ADM2_PCODE":"TH5406","ADM1_EN":"Phrae","ADM1_TH":"แพร่","ADM1_PCODE":"TH54","ADM0_EN":"Thailand","ADM0_TH":"ประเทศไทย","ADM0_PCODE":"TH"}},
{"type":"Feature","geometry":{"type":"Polygon","coordinates":[[[99.63217620500006,17.927264947000026],[99.62973866000004,17.92728149800007],[99.62504975300004,17.928921373000037],[99.62276493500008,17.92872993000003],[99.62005303400008,17.925152059000027],[99.61929164700007,17.916486289000034],[99.61587264000008,17.914587200000028],[99.61102218800005,17.914713646000052],[99.61038041200004,17.916648933000033],[99.60829122800004,17.91798716200003],[99.60285010600006,17.917074212000045],[99.60229558500004,17.91826753500004],[99.59986870600005,17.917459774000065],[99.59893432300004,17.91896414300004],[99.59430431800007,17.921327348000034],[99.59245325800003,17.92479128100007],[99.58923476000007,17.926507612000023],[99.58840644400004,17.928046476000077],[99.58224977900005,17.927758063000056],[99.58325704300006,17.92192456400005],[99.58615130500004,17.920867300000054],[99.58966605700004,17.91464015300005],[99.59223065600008,17.913198375000036],[99.59171764200005,17.91135642200004],[99.59313206400009,17.907177638000064],[99.58894016100004,17.906380261000038],[99.58694137600008,17.909064612000066],[99.58236962800004,17.910191540000028],[99.58136479700005,17.908965230000035],[99.57848964500005,17.908924082000055],[99.57581759400006,17.91476222500006],[99.57380819500008,17.915149864000057],[99.56943695600006,17.913763199000073],[99.56618819300007,17.914620419000073],[99.56486377500005,17.913298559000054],[99.55793324100006,17.912105144000066],[99.55442438200004,17.908873839000023],[99.55379685500009,17.906352879000053],[99.55957143300009,17.903913197000065],[99.56275402400007,17.901325736000047],[99.56315962400004,17.894923850000055],[99.56730859500004,17.893736494000052],[99.57151512300004,17.89454300400007],[99.57452438400009,17.892148270000064],[99.57595404300008,17.893915857000025],[99.57867047000008,17.893003715000077],[99.58225105200006,17.889667795000037],[99.58845601200005,17.890040095000074],[99.58952779800006,17.88817913400004],[99.58931633800006,17.88395962100003],[99.58810663600008,17.88107867800005],[99.59196937900003,17.88060992900006],[99.59400080000006,17.881610014000046],[99.59440337700005,17.878320135000024],[99.59679399900006,17.878832356000032],[99.59774885200005,17.87633170400005],[99.59721924800004,17.87427645400004],[99.59913666900007,17.870509906000052],[99.59878220000007,17.865181591000066],[99.59674680800003,17.86048161900004],[99.59980630000007,17.85604538900003],[99.60492120200007,17.85562129400006],[99.60878793200004,17.85109646500007],[99.61368870300004,17.847170025000025],[99.61487185700008,17.84409815400005],[99.61209274500004,17.843927516000065],[99.61050037800004,17.84000251200007],[99.61351907800008,17.835307083000032],[99.61352910300008,17.831737952000026],[99.61492487800007,17.829005056000028],[99.61634299300005,17.828610903000026],[99.61947630500003,17.82445984700007],[99.62100288600004,17.819899830000054],[99.62239020600003,17.813050788000055],[99.62566342600007,17.812407836000034],[99.62685681100004,17.81429118500006],[99.62989436800007,17.814265610000064],[99.63047873900007,17.812679107000065],[99.63516493500003,17.808587363000072],[99.63509857200006,17.806703085000038],[99.63696743700007,17.805142070000045],[99.63974198400007,17.80527237700005],[99.64234657900005,17.80176401700004],[99.64491354100005,17.802282612000056],[99.64671599500008,17.799326638000025],[99.64946711000005,17.79660763800007],[99.65469257000007,17.79601371800004],[99.66205221100006,17.79871197600005],[99.66656858100004,17.798321018000024],[99.67069502200007,17.79925189200003],[99.67125700900004,17.795827641000074],[99.67501092600008,17.78920303500007],[99.67881269500003,17.787516846000074],[99.68074215000007,17.785663447000047],[99.68633512400004,17.777274602000034],[99.68918925500009,17.777059875000077],[99.69439256700008,17.779132815000025],[99.70185591000006,17.778734129000043],[99.70191234100008,17.78000901200005],[99.70528216200006,17.77851287200002],[99.70914292600008,17.781467083000052],[99.70827881300005,17.78663014400007],[99.70596758800008,17.790878260000056],[99.70791268500005,17.792365455000038],[99.70841403000009,17.79558950200004],[99.71026799500004,17.796098237000024],[99.71240657900006,17.798758375000034],[99.71481801900006,17.79862821100005],[99.71676161200008,17.801201356000036],[99.71587775200004,17.805493027000068],[99.71879372800004,17.809460599000033],[99.71925360600005,17.815634076000038],[99.71554245200008,17.818101081000066],[99.71558937400005,17.82149729200006],[99.71773828800008,17.824749934000067],[99.71359141500005,17.83134522000006],[99.71281876500007,17.834743530000026],[99.70524728800007,17.83830453400003],[99.70101925000006,17.838432486000045],[99.70032836300004,17.839731243000074],[99.70289837600006,17.842064137000023],[99.70354459400005,17.844079873000055],[99.69979230500007,17.848181045000047],[99.69607602900004,17.848731989000044],[99.69242778700004,17.84699573200004],[99.68747415900003,17.848998064000057],[99.68448045100007,17.853807136000057],[99.68256503100008,17.858053788000063],[99.68263032000004,17.862610037000024],[99.68121030200007,17.864068216000078],[99.68043727000008,17.868782835000047],[99.67593247900004,17.872661622000066],[99.67574730100006,17.874466667000036],[99.67781377800009,17.87608884800005],[99.67857796400006,17.878710771000044],[99.67737536500005,17.879331470000068],[99.67287519800004,17.878570913000033],[99.66910851100005,17.880393790000028],[99.66755014100005,17.88243362700007],[99.66570785000005,17.882583338000074],[99.66377989200004,17.88538266300003],[99.66609842200006,17.88531598800006],[99.66984717000008,17.887017558000025],[99.67232333400005,17.892925625000032],[99.67341612600006,17.898144159000026],[99.67263276800008,17.89922645100006],[99.67274235900004,17.90350922700003],[99.67464473900009,17.904588260000025],[99.66727725100009,17.905519585000036],[99.66556594000008,17.904210720000037],[99.66000633700008,17.90378622000003],[99.65675802100009,17.904271945000062],[99.65433638100006,17.901513515000033],[99.65007369800009,17.903796125000042],[99.64573953900003,17.908120634000056],[99.64241045000006,17.910497732000067],[99.63810243700004,17.91111273300004],[99.63515387300004,17.91042224000006],[99.63259153200005,17.912920517000032],[99.63539669600004,17.91563430800005],[99.63496084600007,17.91853217700003],[99.63218040900006,17.924767933000055],[99.63217620500006,17.927264947000026]]]},"properties":{"Shape_Leng":0.723130994188,"Shape_Area":0.0111034914277,"ADM3_EN":"Wang Chin","ADM3_TH":"วังชิ้น","ADM3_PCODE":"TH540701","ADM2_EN":"Wang Chin","ADM2_TH":"วังชิ้น","ADM2_PCODE":"TH5407","ADM1_EN":"Phrae","ADM1_TH":"แพร่","ADM1_PCODE":"TH54","ADM0_EN":"Thailand","ADM0_TH":"ประเทศไทย","ADM0_PCODE":"TH"}},
{"type":"Feature","geometry":{"type":"Polygon","coordinates":[[[99.49743184100004,17.771989141000063],[99.49439039000004,17.773556505000045],[99.49295217800005,17.776986556000054],[99.49123871700004,17.778731839000045],[99.48832439000006,17.778147068000067],[99.48266877800006,17.784232501000076],[99.48054618700007,17.785350186000073],[99.47689765500007,17.782534577000035],[99.47600637000005,17.78762359700005],[99.47786853700006,17.789575153000044],[99.47501764000003,17.790281476000075],[99.47246006800003,17.788379090000035],[99.47175475800003,17.793519135000054],[99.46805266000007,17.79883403300005],[99.46639354400008,17.796669811000072],[99.46295882700008,17.79791840100006],[99.46179426200007,17.79932203800007],[99.45799903100004,17.799626837000062],[99.45282316300006,17.797676868000053],[99.44832406100005,17.799930232000065],[99.44714056100008,17.798894330000053],[99.44613445500005,17.80164187400004],[99.44380533200007,17.80458746100004],[99.44128529100004,17.80548196700005],[99.43948932500007,17.803778289000036],[99.43686253500005,17.80648011900007],[99.43404010900008,17.806902499000046],[99.43264314300006,17.809272128000032],[99.43029417400004,17.810915684000065],[99.43072543900007,17.813385294000057],[99.42689026200009,17.818014085000073],[99.42480293000006,17.81795036400007],[99.42305968400007,17.819561814000053],[99.42370472000005,17.821883614000058],[99.42113582700006,17.82247863200007],[99.42203412300006,17.824742094000044],[99.42045620200008,17.82533062600004],[99.42076501900004,17.829655611000078],[99.41900986900004,17.830594147000056],[99.41943599400008,17.832199815000024],[99.41769003200005,17.83385637600003],[99.41710914700008,17.836550103000036],[99.41512409700005,17.835690804000023],[99.41267956000007,17.83189812100005],[99.41254291100006,17.826848675000065],[99.41147886400006,17.824938060000022],[99.40834349600004,17.823218315000076],[99.40442315500007,17.823161388000074],[99.40251486800008,17.82152498100004],[99.40154095900004,17.818855964000022],[99.39976586000006,17.817385330000036],[99.39685637600007,17.81683411700004],[99.39264593200005,17.814699792000056],[99.39381866700006,17.810848889000056],[99.39355660200005,17.807868057000064],[99.38952095200005,17.801411874000053],[99.38650052200006,17.794903632000057],[99.38539000200007,17.790251579000028],[99.37958242400003,17.785600110000075],[99.37639802400008,17.781663423000055],[99.37089971100005,17.779231063000054],[99.36867426800006,17.777111696000077],[99.36757282600007,17.773487857000077],[99.37406044800008,17.76255253000005],[99.37645436100007,17.76149607700006],[99.38020511800005,17.757184212000027],[99.38095166200009,17.75123727400006],[99.37962086900006,17.750159178000047],[99.37918950800008,17.74577166800003],[99.38111295400006,17.741683157000068],[99.37898559000007,17.73970316900005],[99.37969064100008,17.73564773800007],[99.37672980400004,17.733455451000054],[99.37689893000004,17.726345566000077],[99.37973615000004,17.72244261000003],[99.38519103000004,17.722485195000047],[99.38588337200008,17.721712317000026],[99.38482880100008,17.71534272100007],[99.38334004600006,17.713616372000047],[99.38029855000008,17.712691138000025],[99.37960151900006,17.711229262000074],[99.38167726100005,17.70833870100006],[99.38052033700006,17.705973181000047],[99.38147090300004,17.702632529000027],[99.38626428300006,17.698645862000035],[99.38866434300007,17.698255372000062],[99.38921570900004,17.696511715000042],[99.38745643800007,17.69154022300006],[99.38720594500006,17.687556630000074],[99.39051124600007,17.689982969000027],[99.39329857600006,17.690429299000073],[99.39953371800004,17.694348267000066],[99.40251499100003,17.697278652000023],[99.40550421700004,17.697116465000022],[99.40857620000008,17.70082678800003],[99.41454681700009,17.703495403000034],[99.41856475800006,17.706522645000064],[99.42208082700006,17.710075750000044],[99.42502737800004,17.71056590300003],[99.43051703600008,17.70992977700007],[99.43220056200005,17.708351463000042],[99.43835787500007,17.708422942000027],[99.44215944100006,17.70750653700003],[99.44662991700005,17.709285605000048],[99.44898828400005,17.709047144000067],[99.45341432000004,17.71225355000007],[99.45589260100007,17.715493886000047],[99.45816871900007,17.722429867000074],[99.45552759200007,17.724617728000055],[99.45646743400005,17.728192888000024],[99.45903337800007,17.72916855400007],[99.45947564600004,17.731939520000026],[99.46247283100007,17.733407492000026],[99.46416966300006,17.736918072000037],[99.46765455700006,17.738110152000047],[99.47105082100006,17.73786806100003],[99.47451009800005,17.741468363000024],[99.48188278700007,17.745257043000038],[99.48383870700007,17.75067772600005],[99.48429752300007,17.754587679000053],[99.48746750300006,17.758177584000066],[99.48671101100007,17.762812981000025],[99.49196388900003,17.76614500200003],[99.49244473800007,17.767696397000066],[99.49627321800006,17.769034101000045],[99.49743184100004,17.771989141000063]]]},"properties":{"Shape_Leng":0.519877707663,"Shape_Area":0.0100896869529,"ADM3_EN":"Soi","ADM3_TH":"สรอย","ADM3_PCODE":"TH540702","ADM2_EN":"Wang Chin","ADM2_TH":"วังชิ้น","ADM2_PCODE":"TH5407","ADM1_EN":"Phrae","ADM1_TH":"แพร่","ADM1_PCODE":"TH54","ADM0_EN":"Thailand","ADM0_TH":"ประเทศไทย","ADM0_PCODE":"TH"}},
{"type":"Feature","geometry":{"type":"Polygon","coordinates":[[[99.67560627100005,17.959354764000068],[99.67411935300004,17.960668889000033],[99.67469223000006,17.964106092000065],[99.67628010300007,17.963916807000032],[99.67445367600004,17.966219180000053],[99.67668282600005,17.969894330000045],[99.67510577600007,17.97262550000005],[99.67754877000004,17.974374632000035],[99.67832100000004,17.979893477000076],[99.68021753100004,17.980043872000067],[99.67928462000003,17.981693136000047],[99.68046074200004,17.983468559000073],[99.67833193700005,17.985082306000038],[99.67989589100006,17.987657714000022],[99.68245384600004,17.988756883000065],[99.68453507200007,17.992589356000053],[99.68667018200006,17.993831897000064],[99.68712688300008,17.99617248800007],[99.68596956600004,17.997902252000074],[99.68577963100006,18.001360126000066],[99.68935897900008,18.008001877000027],[99.68920472800005,18.01040395600006],[99.68771585000007,18.01132762800006],[99.68765853600007,18.017103776000056],[99.68470064600007,18.02182055000003],[99.68335984900006,18.022230854000043],[99.68135118000004,18.025675412000055],[99.67785664100006,18.027430131000074],[99.67552595100005,18.02972148200007],[99.67072083400006,18.032411566000064],[99.66960057600005,18.03398711500006],[99.66853478800004,18.04019040700007],[99.66882569900008,18.041677436000043],[99.66281931200007,18.041870979000066],[99.65946037100008,18.041057323000075],[99.65491547700003,18.046784840000043],[99.65363657900008,18.05024675900006],[99.65097002900006,18.052293461000033],[99.65009123000004,18.05674034200007],[99.64643733000008,18.05566214600003],[99.64184573700004,18.05562888000003],[99.63897638300006,18.057294627000033],[99.63474781800005,18.06134522700006],[99.63132889700006,18.062295276000043],[99.62759932200004,18.06075962700004],[99.62401576200006,18.054395942000042],[99.61879513000008,18.048588752000057],[99.61379828800005,18.047955055000045],[99.61003819400008,18.049824623000063],[99.60668143300006,18.046093059000043],[99.60446643400007,18.04247228400004],[99.60106738400003,18.03983467000006],[99.59693063300006,18.038158458000055],[99.59413895200004,18.038731942000027],[99.58500429100008,18.035207334000063],[99.58459181200004,18.033476911000037],[99.58884072400008,18.026829213000042],[99.58829609000009,18.022043732000043],[99.59162391000007,18.018012699000053],[99.59173442000008,18.013265028000035],[99.59461850600007,18.011140109000053],[99.59497454500007,18.009739210000077],[99.59225136900005,18.006828205000033],[99.59001804200005,18.006507385000077],[99.57861723100007,17.999171326000067],[99.58485155400007,17.995160456000065],[99.58710750300008,17.995708819000072],[99.58673225200005,17.993150980000053],[99.58831837400004,17.988174343000026],[99.58673371600008,17.986461192000036],[99.58891264500005,17.984746983000036],[99.59169916400003,17.98688076600007],[99.59518354500005,17.98427195100004],[99.59916620000007,17.983152691000043],[99.60372272500007,17.98292139600005],[99.60577941700006,17.97833911300006],[99.60801598200004,17.97708027300007],[99.60821968500005,17.97430018800003],[99.61063673700005,17.973047541000028],[99.61086279900007,17.970454971000038],[99.61448865700004,17.966613454000026],[99.61739613500004,17.969634238000026],[99.62146356500006,17.96707036600003],[99.62401419600008,17.966738879000047],[99.63094233500004,17.970257854000067],[99.63396735700007,17.967409591000035],[99.63939474000006,17.965919533000033],[99.63911220400007,17.962434108000025],[99.64107919400004,17.957694955000022],[99.64258524200005,17.95908368700003],[99.64673386600003,17.959121018000076],[99.65023757400007,17.95684429100004],[99.65338666300005,17.953613629000074],[99.65247676900003,17.95182895800002],[99.65707187100008,17.948670582000034],[99.65776662700006,17.946014868000077],[99.65911664900005,17.947753915000078],[99.66154573100005,17.946509005000053],[99.66356999200008,17.948609186000056],[99.66658323900003,17.94732231000006],[99.66577521400006,17.94891192800003],[99.66831401500008,17.95265194700005],[99.66771190600008,17.954183527000055],[99.66577201800004,17.95323740500004],[99.66458216600006,17.954501178000044],[99.66697414000004,17.95619111900004],[99.66861330100005,17.955870135000055],[99.67090473100006,17.958449074000043],[99.67262456500004,17.957561170000076],[99.67560627100005,17.959354764000068]]]},"properties":{"Shape_Leng":0.463141402998,"Shape_Area":0.00760527336931,"ADM3_EN":"Mae Pak","ADM3_TH":"แม่ป้าก","ADM3_PCODE":"TH540703","ADM2_EN":"Wang Chin","ADM2_TH":"วังชิ้น","ADM2_PCODE":"TH5407","ADM1_EN":"Phrae","ADM1_TH":"แพร่","ADM1_PCODE":"TH54","ADM0_EN":"Thailand","ADM0_TH":"ประเทศไทย","ADM0_PCODE":"TH"}},
{"type":"Feature","geometry":{"type":"Polygon","coordinates":[[[99.67464473900009,17.904588260000025],[99.67274235900004,17.90350922700003],[99.67263276800008,17.89922645100006],[99.67341612600006,17.898144159000026],[99.67232333400005,17.892925625000032],[99.66984717000008,17.887017558000025],[99.66609842200006,17.88531598800006],[99.66377989200004,17.88538266300003],[99.66570785000005,17.882583338000074],[99.66755014100005,17.88243362700007],[99.66910851100005,17.880393790000028],[99.67287519800004,17.878570913000033],[99.67737536500005,17.879331470000068],[99.67857796400006,17.878710771000044],[99.67781377800009,17.87608884800005],[99.67574730100006,17.874466667000036],[99.67593247900004,17.872661622000066],[99.68043727000008,17.868782835000047],[99.68121030200007,17.864068216000078],[99.68263032000004,17.862610037000024],[99.68256503100008,17.858053788000063],[99.68448045100007,17.853807136000057],[99.68747415900003,17.848998064000057],[99.69242778700004,17.84699573200004],[99.69607602900004,17.848731989000044],[99.69979230500007,17.848181045000047],[99.70354459400005,17.844079873000055],[99.70289837600006,17.842064137000023],[99.70032836300004,17.839731243000074],[99.70101925000006,17.838432486000045],[99.70524728800007,17.83830453400003],[99.71281876500007,17.834743530000026],[99.71359141500005,17.83134522000006],[99.71773828800008,17.824749934000067],[99.71558937400005,17.82149729200006],[99.71554245200008,17.818101081000066],[99.71925360600005,17.815634076000038],[99.71879372800004,17.809460599000033],[99.71587775200004,17.805493027000068],[99.71676161200008,17.801201356000036],[99.71481801900006,17.79862821100005],[99.71240657900006,17.798758375000034],[99.71026799500004,17.796098237000024],[99.70841403000009,17.79558950200004],[99.70791268500005,17.792365455000038],[99.70596758800008,17.790878260000056],[99.70827881300005,17.78663014400007],[99.70914292600008,17.781467083000052],[99.70528216200006,17.77851287200002],[99.70191234100008,17.78000901200005],[99.70185591000006,17.778734129000043],[99.69439256700008,17.779132815000025],[99.68918925500009,17.777059875000077],[99.68633512400004,17.777274602000034],[99.68501227000007,17.773302192000074],[99.69055920200003,17.768460334000054],[99.69202106000006,17.764609220000068],[99.69069220600005,17.759443729000054],[99.69242377700004,17.75854268200004],[99.69413808100006,17.76002612600007],[99.69787267500004,17.75622758800006],[99.70129272800006,17.757410401000072],[99.70666005500004,17.757586855000056],[99.70775608300005,17.756186249000052],[99.70904751700004,17.749934535000023],[99.70805099400008,17.748179832000062],[99.70952928000008,17.746453746000043],[99.71017258000006,17.74319153700003],[99.70910062200005,17.740999998000063],[99.71035948300005,17.737233894000042],[99.71344966400005,17.73682057800005],[99.71513593100008,17.734914263000064],[99.71566384000005,17.73212356500005],[99.71994983000008,17.731722295000054],[99.72064169900005,17.729912073000037],[99.72258260000007,17.72976897600006],[99.72474568600006,17.72602329700004],[99.72446179400004,17.722585983000045],[99.72629227100003,17.72151345800006],[99.73059809200004,17.721948544000043],[99.73053649300005,17.72315437800006],[99.73669694200004,17.724011674000053],[99.73494446400008,17.726482302000022],[99.74109105400004,17.728639008000073],[99.74202862400006,17.731850258000065],[99.74473829600004,17.733019788000036],[99.74474465300005,17.735897356000066],[99.74629098800006,17.736728794000044],[99.74824697100007,17.73499373100003],[99.75303378400008,17.740440254000077],[99.75232764200007,17.74212940900003],[99.75319736900008,17.74526555500006],[99.75648967700005,17.747675533000063],[99.75639190800007,17.749246753000023],[99.75148820000004,17.749650123000038],[99.75050542100007,17.75217827000006],[99.75439708500005,17.752015047000043],[99.75604557800006,17.755460635000077],[99.75790420000004,17.755435067000064],[99.76112454100007,17.758523096000033],[99.76096420500005,17.76178845800007],[99.76272021800008,17.75934505600003],[99.76510411300006,17.760648353000022],[99.76511553900008,17.762197436000065],[99.76741573600003,17.76467137700007],[99.76717687800004,17.766173516000038],[99.76901108500005,17.769086791000063],[99.76937915300005,17.771766166000077],[99.77145368800007,17.77124627200004],[99.77229742300005,17.774956521000036],[99.77706581000007,17.777193322000073],[99.77484619000006,17.78020120700006],[99.77354171000007,17.77902262500004],[99.77279809300006,17.781434671000056],[99.77579658900004,17.781461516000036],[99.77543756400007,17.784951841000066],[99.77852473400009,17.78839619200005],[99.78233045500008,17.78855418200004],[99.78267209700005,17.79103277300004],[99.78595214500007,17.790884138000024],[99.78798239600007,17.793118829000036],[99.78998915900007,17.791150965000043],[99.79252985100004,17.79286336100006],[99.79488874900005,17.791723898000043],[99.79670237000005,17.79234296900006],[99.79912239700008,17.79493808500007],[99.80209878500006,17.795282477000057],[99.80213491200004,17.797645644000056],[99.80354330500006,17.800368411000022],[99.80580181000005,17.800850362000062],[99.80764340800005,17.802707893000047],[99.81121664900007,17.801580027000057],[99.81134382100004,17.804045992000056],[99.81461804300005,17.80169021100005],[99.81653811500007,17.802956051000024],[99.81919446000006,17.801279185000055],[99.82315329600004,17.802694449000057],[99.82482407300006,17.800762340000063],[99.82751193500008,17.80166243700006],[99.82984660300008,17.800604861000068],[99.83238466900008,17.80293331400003],[99.83440821400006,17.80042469500006],[99.83566293700005,17.797134603000075],[99.83788356600007,17.79726407000004],[99.83764790700008,17.799489874000074],[99.83961398700006,17.79992150000004],[99.84095544000007,17.797863969000048],[99.84380516700008,17.79893832500005],[99.84550386100005,17.801335469000037],[99.84936635300005,17.802124011000046],[99.85091979600008,17.80091759900006],[99.85116994800006,17.79820977600002],[99.85364321300005,17.798527406000062],[99.85678448500005,17.801858948000074],[99.85726654100006,17.798433345000035],[99.86041455400004,17.79835879600006],[99.86075562300005,17.800167470000076],[99.86794685600006,17.80216682500003],[99.86952119200004,17.804901115000064],[99.87068538800008,17.802101064000055],[99.87231733500005,17.803832080000063],[99.87577959100008,17.801414844000078],[99.87857102600003,17.80551596400005],[99.87881417500006,17.802072344000067],[99.88271183400008,17.802741660000038],[99.88240449200003,17.806840070000078],[99.88304741700006,17.809447034000073],[99.88440885700004,17.809882909000066],[99.88519253200008,17.80717353600005],[99.89089700200009,17.80410376900005],[99.89240634700008,17.804375483000058],[99.89449126700003,17.807192434000058],[99.89440570800008,17.808736983000074],[99.89678931600008,17.810472323000056],[99.89900922900006,17.814390006000053],[99.90424518600008,17.81744507700006],[99.90999005600008,17.820047877000036],[99.91153339200008,17.823683281000058],[99.90960592000005,17.82757685400003],[99.90694851100005,17.830045298000073],[99.90620223700006,17.834599745000048],[99.90803983400008,17.840009046000034],[99.91150617900007,17.841939597000078],[99.92452610300006,17.845950421000055],[99.93150567100008,17.84515333300004],[99.93082757000008,17.848561656000072],[99.93291680800007,17.848893002000068],[99.93248152800004,17.85343653600006],[99.93644003200006,17.851823791000072],[99.93614492100005,17.854186190000064],[99.93244858100007,17.86000443100005],[99.93076741300007,17.86146713900007],[99.92733198800005,17.86013446800007],[99.92416001600009,17.860507099000074],[99.92439859500007,17.862334474000022],[99.92200226000006,17.863369783000053],[99.92066055300006,17.866504903000077],[99.91913779600009,17.867446659000052],[99.92214861100007,17.868733418000033],[99.92337151900006,17.870432306000055],[99.92267093200007,17.87282342700007],[99.91965130400007,17.87343273500005],[99.91242264600004,17.872674321000034],[99.90807187700005,17.874553681000066],[99.90525741000005,17.878692602000058],[99.90648905500007,17.88292830900002],[99.90109445500008,17.883273990000077],[99.89853142300007,17.881590449000043],[99.89837875600006,17.880034168000066],[99.89597556200005,17.87831968000006],[99.89350757600005,17.87844920300006],[99.88999171300009,17.88131757000002],[99.88991455200005,17.885651498000072],[99.88898998400003,17.888374054000053],[99.88344026100003,17.894379641000057],[99.88111024000006,17.89583209400007],[99.87677208500008,17.895599540000035],[99.87438770400007,17.89772977900003],[99.87694737600003,17.899451700000043],[99.87664951100004,17.905827344000045],[99.87564484700005,17.90738407400005],[99.87796521300004,17.91229025900003],[99.87830454900006,17.91601560500004],[99.87671831600005,17.91815014900004],[99.87799390000004,17.92336448800006],[99.87680672400006,17.925381531000028],[99.87135272200004,17.931626676000064],[99.87060959400009,17.935167008000064],[99.86801629100006,17.938867445000028],[99.86418074700003,17.938670358000024],[99.86323915000008,17.934830803000068],[99.86002838700006,17.93754136000007],[99.85770096700008,17.936875006000037],[99.85604337100006,17.938653267000063],[99.85423506200004,17.93739028300007],[99.85379515400007,17.933892296000067],[99.84968159600004,17.93292745100007],[99.84961206000008,17.93067748900006],[99.84807257400007,17.930222555000057],[99.84650313700007,17.927020205000076],[99.84446848700009,17.926813997000068],[99.83746191000006,17.924065936000034],[99.83443107500005,17.924078965000035],[99.83374482100004,17.92619387800005],[99.83176527700004,17.92658168500003],[99.83005520600005,17.92504090700004],[99.82731117700007,17.924550236000073],[99.82268888200008,17.925502805000065],[99.82133575800003,17.927294844000073],[99.81808100400008,17.927275386000076],[99.81763584300006,17.92829223600006],[99.80981364500008,17.929821809000032],[99.80836120800006,17.92760293200007],[99.80470704000004,17.927068569000028],[99.79723238800005,17.926015522000057],[99.79631692900006,17.92491825600007],[99.79117627300008,17.924732798000036],[99.78600141400005,17.92765543300004],[99.78467197100008,17.930482168000026],[99.78293581600008,17.930741486000045],[99.77774772400005,17.929586053000037],[99.77172905100008,17.927012993000062],[99.76863226200004,17.927002207000044],[99.76572047900004,17.928401561000044],[99.76095757900003,17.92691781700006],[99.75781929500005,17.927102110000078],[99.75592124000008,17.925916722000068],[99.74497567800006,17.924386725000033],[99.73911939600004,17.924025846000063],[99.73632330000004,17.922182431000067],[99.73716143100006,17.92017394100003],[99.73389791700004,17.919842161000076],[99.73082419000008,17.91769811100005],[99.72857226800005,17.91765865600007],[99.72140403300006,17.91387594200006],[99.71618870700007,17.91468450800005],[99.71287721600004,17.91259119500006],[99.70759848300008,17.912658365000027],[99.70567788000005,17.910976763000065],[99.70018426200005,17.909894809000036],[99.69839646800006,17.90657426200005],[99.69542261100008,17.907032575000073],[99.68843375000006,17.905297279000024],[99.68558313700004,17.90581232200003],[99.67583955400005,17.90373386300007],[99.67464473900009,17.904588260000025]]]},"properties":{"Shape_Leng":1.15378810638,"Shape_Area":0.0303572911861,"ADM3_EN":"Na Phun","ADM3_TH":"นาพูน","ADM3_PCODE":"TH540704","ADM2_EN":"Wang Chin","ADM2_TH":"วังชิ้น","ADM2_PCODE":"TH5407","ADM1_EN":"Phrae","ADM1_TH":"แพร่","ADM1_PCODE":"TH54","ADM0_EN":"Thailand","ADM0_TH":"ประเทศไทย","ADM0_PCODE":"TH"}},
{"type":"Feature","geometry":{"type":"Polygon","coordinates":[[[99.57380819500008,17.915149864000057],[99.57063239000007,17.915317750000042],[99.57129530100008,17.91685671700003],[99.56727106900007,17.91621494800006],[99.56616376800008,17.918487705000075],[99.56241133100008,17.918634888000042],[99.56115488200004,17.921279988000038],[99.55845225000007,17.923302987000056],[99.55432648200008,17.92277705600003],[99.55161938400005,17.925412726000047],[99.54726782200004,17.925785463000068],[99.54645849500008,17.92708531900007],[99.53787001700005,17.928897499000072],[99.53262500400007,17.928644313000063],[99.53080599800006,17.929484606000074],[99.53536597700008,17.932951252000066],[99.53882646000005,17.934198725000044],[99.53914133900008,17.935619506000023],[99.53610262200004,17.93561738300002],[99.53407289300009,17.93683945500004],[99.53547438700008,17.93801153100003],[99.53036371200005,17.94312667500003],[99.52829584900007,17.946677142000055],[99.52754875500005,17.951033379000023],[99.52823148200008,17.954691526000033],[99.52659832300009,17.958678570000075],[99.52293942800009,17.957051301000035],[99.52176541600005,17.952081428000042],[99.51470623800009,17.946250434000035],[99.51215062800009,17.943517222000025],[99.50667958300005,17.94280734000006],[99.50480930900005,17.939616385000022],[99.50148679600005,17.937219207000055],[99.49845151700003,17.93104136100004],[99.49816790200003,17.927174016000038],[99.48522804800007,17.919526133000033],[99.48303666200007,17.920189523000033],[99.48414980200005,17.916458462000037],[99.48227519200003,17.911652656000058],[99.48041556800007,17.909128461000023],[99.47870278100004,17.903918240000053],[99.47646598600005,17.90190227100004],[99.47718758600007,17.898536384000067],[99.47423771100006,17.893592161000072],[99.46899905300006,17.892705524000064],[99.46879554300006,17.889212099000076],[99.46653397400007,17.887243158000047],[99.46312066900003,17.88280863600005],[99.45688457600005,17.88242484700004],[99.45746698600004,17.88098669900006],[99.46271701800003,17.879896476000056],[99.46402567000007,17.877737473000025],[99.46348163900007,17.876168179000047],[99.46869787800006,17.876152671000057],[99.46961502200008,17.874105221000036],[99.47587783300008,17.872736432000067],[99.47570264200004,17.870528011000033],[99.48098169600007,17.867920568000045],[99.48246025500003,17.865693110000052],[99.48223170600005,17.862852778000047],[99.48044325300003,17.86068442900006],[99.48075607600003,17.855256195000038],[99.48280818400008,17.852789178000023],[99.48807689800003,17.85441823700006],[99.48927979000007,17.852361273000042],[99.49319039100004,17.851327173000072],[99.49826018600004,17.848028815000077],[99.50132345500003,17.847792338000033],[99.50100788400005,17.846641540000064],[99.50720134900007,17.846490759000062],[99.51049921000003,17.84356531000003],[99.51357617800005,17.843864847000077],[99.51538816600004,17.842029273000037],[99.51374108800007,17.839380947000052],[99.51502908700007,17.83622252500004],[99.51180624500006,17.83508543100004],[99.51089065200006,17.833399961000055],[99.50726529500008,17.831919123000034],[99.50676292300005,17.82966082100006],[99.50417029600004,17.82758689900004],[99.50325979900003,17.82454981500007],[99.50539914900008,17.82151432200004],[99.50800501100008,17.821089801000028],[99.51023067800008,17.823948049000023],[99.51339430200005,17.825934390000043],[99.51546543100005,17.82498779100007],[99.51643912800006,17.826465518000077],[99.52033994200008,17.827027429000054],[99.52068471000007,17.822760001000063],[99.52218070300006,17.820689781000056],[99.52569119700007,17.819291778000036],[99.52729133400004,17.82067554500003],[99.52919545100008,17.818812931000025],[99.53055590600007,17.81525253700005],[99.52576800100007,17.815733684000065],[99.52425475700005,17.813065153000025],[99.52606812700009,17.80877993200005],[99.52611676000004,17.806472647000078],[99.52840171900004,17.803118606000055],[99.52787576500003,17.801353110000036],[99.52955974000008,17.800570253000046],[99.53363399100004,17.801839451000035],[99.53960818700006,17.804744088000064],[99.54202342900004,17.809657194000067],[99.54761497300007,17.811933372000055],[99.55171161600003,17.81218999600003],[99.55877850800005,17.811354926000035],[99.56023909200007,17.812341226000058],[99.56607200000008,17.811302494000074],[99.56861255000007,17.812287301000026],[99.57145020800004,17.816167078000035],[99.57450854100006,17.815492885000026],[99.57954985300006,17.815618363000056],[99.58362044000006,17.816432709000026],[99.58514560200007,17.817625231000022],[99.59020053500006,17.819022621000045],[99.59236938800007,17.820331253000063],[99.59732386500008,17.820003238000027],[99.59846545700003,17.821580273000052],[99.60671341300008,17.819104174000074],[99.60796859200008,17.816257735000022],[99.61192935800005,17.816252613000074],[99.61286221400007,17.817767267000022],[99.61499711100004,17.817692924000028],[99.61649668200005,17.81608376500003],[99.62239020600003,17.813050788000055],[99.62100288600004,17.819899830000054],[99.61947630500003,17.82445984700007],[99.61634299300005,17.828610903000026],[99.61492487800007,17.829005056000028],[99.61352910300008,17.831737952000026],[99.61351907800008,17.835307083000032],[99.61050037800004,17.84000251200007],[99.61209274500004,17.843927516000065],[99.61487185700008,17.84409815400005],[99.61368870300004,17.847170025000025],[99.60878793200004,17.85109646500007],[99.60492120200007,17.85562129400006],[99.59980630000007,17.85604538900003],[99.59674680800003,17.86048161900004],[99.59878220000007,17.865181591000066],[99.59913666900007,17.870509906000052],[99.59721924800004,17.87427645400004],[99.59774885200005,17.87633170400005],[99.59679399900006,17.878832356000032],[99.59440337700005,17.878320135000024],[99.59400080000006,17.881610014000046],[99.59196937900003,17.88060992900006],[99.58810663600008,17.88107867800005],[99.58931633800006,17.88395962100003],[99.58952779800006,17.88817913400004],[99.58845601200005,17.890040095000074],[99.58225105200006,17.889667795000037],[99.57867047000008,17.893003715000077],[99.57595404300008,17.893915857000025],[99.57452438400009,17.892148270000064],[99.57151512300004,17.89454300400007],[99.56730859500004,17.893736494000052],[99.56315962400004,17.894923850000055],[99.56275402400007,17.901325736000047],[99.55957143300009,17.903913197000065],[99.55379685500009,17.906352879000053],[99.55442438200004,17.908873839000023],[99.55793324100006,17.912105144000066],[99.56486377500005,17.913298559000054],[99.56618819300007,17.914620419000073],[99.56943695600006,17.913763199000073],[99.57380819500008,17.915149864000057]]]},"properties":{"Shape_Leng":0.72630723257,"Shape_Area":0.0123269597774,"ADM3_EN":"Mae Phung","ADM3_TH":"แม่พุง","ADM3_PCODE":"TH540705","ADM2_EN":"Wang Chin","ADM2_TH":"วังชิ้น","ADM2_PCODE":"TH5407","ADM1_EN":"Phrae","ADM1_TH":"แพร่","ADM1_PCODE":"TH54","ADM0_EN":"Thailand","ADM0_TH":"ประเทศไทย","ADM0_PCODE":"TH"}},
{"type":"Feature","geometry":{"type":"Polygon","coordinates":[[[99.49743184100004,17.771989141000063],[99.49890721100007,17.77453547600004],[99.50585543100004,17.779630792000034],[99.51040348700008,17.782470112000055],[99.51381575100004,17.78160506100005],[99.51533625400003,17.783045479000066],[99.51464100900006,17.788883054000053],[99.51737284800004,17.791909845000077],[99.51643965400007,17.794591312000023],[99.51927372800009,17.797552389000032],[99.52533409200004,17.799721007000073],[99.52955974000008,17.800570253000046],[99.52787576500003,17.801353110000036],[99.52840171900004,17.803118606000055],[99.52611676000004,17.806472647000078],[99.52606812700009,17.80877993200005],[99.52425475700005,17.813065153000025],[99.52576800100007,17.815733684000065],[99.53055590600007,17.81525253700005],[99.52919545100008,17.818812931000025],[99.52729133400004,17.82067554500003],[99.52569119700007,17.819291778000036],[99.52218070300006,17.820689781000056],[99.52068471000007,17.822760001000063],[99.52033994200008,17.827027429000054],[99.51643912800006,17.826465518000077],[99.51546543100005,17.82498779100007],[99.51339430200005,17.825934390000043],[99.51023067800008,17.823948049000023],[99.50800501100008,17.821089801000028],[99.50539914900008,17.82151432200004],[99.50325979900003,17.82454981500007],[99.50417029600004,17.82758689900004],[99.50676292300005,17.82966082100006],[99.50726529500008,17.831919123000034],[99.51089065200006,17.833399961000055],[99.51180624500006,17.83508543100004],[99.51502908700007,17.83622252500004],[99.51374108800007,17.839380947000052],[99.51538816600004,17.842029273000037],[99.51357617800005,17.843864847000077],[99.51049921000003,17.84356531000003],[99.50720134900007,17.846490759000062],[99.50100788400005,17.846641540000064],[99.50132345500003,17.847792338000033],[99.49826018600004,17.848028815000077],[99.49319039100004,17.851327173000072],[99.48927979000007,17.852361273000042],[99.48807689800003,17.85441823700006],[99.48280818400008,17.852789178000023],[99.48075607600003,17.855256195000038],[99.48044325300003,17.86068442900006],[99.48223170600005,17.862852778000047],[99.48246025500003,17.865693110000052],[99.48098169600007,17.867920568000045],[99.47570264200004,17.870528011000033],[99.47587783300008,17.872736432000067],[99.46961502200008,17.874105221000036],[99.46869787800006,17.876152671000057],[99.46348163900007,17.876168179000047],[99.46402567000007,17.877737473000025],[99.46271701800003,17.879896476000056],[99.45746698600004,17.88098669900006],[99.45688457600005,17.88242484700004],[99.45202401100005,17.87823770600005],[99.44801034800008,17.869591400000047],[99.44459124500008,17.868367969000076],[99.44206576300007,17.86374269500004],[99.43759802300008,17.863767933000076],[99.43418237200007,17.86069195500005],[99.42857861000005,17.857377575000044],[99.42795464200003,17.853244104000055],[99.42299713600005,17.850461594000024],[99.42143541300004,17.847622168000044],[99.42024321600007,17.84285270400005],[99.41782498000003,17.843160832000024],[99.41630878800004,17.840765748000024],[99.41512409700005,17.835690804000023],[99.41710914700008,17.836550103000036],[99.41769003200005,17.83385637600003],[99.41943599400008,17.832199815000024],[99.41900986900004,17.830594147000056],[99.42076501900004,17.829655611000078],[99.42045620200008,17.82533062600004],[99.42203412300006,17.824742094000044],[99.42113582700006,17.82247863200007],[99.42370472000005,17.821883614000058],[99.42305968400007,17.819561814000053],[99.42480293000006,17.81795036400007],[99.42689026200009,17.818014085000073],[99.43072543900007,17.813385294000057],[99.43029417400004,17.810915684000065],[99.43264314300006,17.809272128000032],[99.43404010900008,17.806902499000046],[99.43686253500005,17.80648011900007],[99.43948932500007,17.803778289000036],[99.44128529100004,17.80548196700005],[99.44380533200007,17.80458746100004],[99.44613445500005,17.80164187400004],[99.44714056100008,17.798894330000053],[99.44832406100005,17.799930232000065],[99.45282316300006,17.797676868000053],[99.45799903100004,17.799626837000062],[99.46179426200007,17.79932203800007],[99.46295882700008,17.79791840100006],[99.46639354400008,17.796669811000072],[99.46805266000007,17.79883403300005],[99.47175475800003,17.793519135000054],[99.47246006800003,17.788379090000035],[99.47501764000003,17.790281476000075],[99.47786853700006,17.789575153000044],[99.47600637000005,17.78762359700005],[99.47689765500007,17.782534577000035],[99.48054618700007,17.785350186000073],[99.48266877800006,17.784232501000076],[99.48832439000006,17.778147068000067],[99.49123871700004,17.778731839000045],[99.49295217800005,17.776986556000054],[99.49439039000004,17.773556505000045],[99.49743184100004,17.771989141000063]]]},"properties":{"Shape_Leng":0.483628732123,"Shape_Area":0.0066602571808,"ADM3_EN":"Pa Sak","ADM3_TH":"ป่าสัก","ADM3_PCODE":"TH540706","ADM2_EN":"Wang Chin","ADM2_TH":"วังชิ้น","ADM2_PCODE":"TH5407","ADM1_EN":"Phrae","ADM1_TH":"แพร่","ADM1_PCODE":"TH54","ADM0_EN":"Thailand","ADM0_TH":"ประเทศไทย","ADM0_PCODE":"TH"}},
{"type":"Feature","geometry":{"type":"Polygon","coordinates":[[[99.65776662700006,17.946014868000077],[99.65707187100008,17.948670582000034],[99.65247676900003,17.95182895800002],[99.65338666300005,17.953613629000074],[99.65023757400007,17.95684429100004],[99.64673386600003,17.959121018000076],[99.64258524200005,17.95908368700003],[99.64107919400004,17.957694955000022],[99.63911220400007,17.962434108000025],[99.63939474000006,17.965919533000033],[99.63396735700007,17.967409591000035],[99.63094233500004,17.970257854000067],[99.62401419600008,17.966738879000047],[99.62146356500006,17.96707036600003],[99.61739613500004,17.969634238000026],[99.61448865700004,17.966613454000026],[99.61086279900007,17.970454971000038],[99.61063673700005,17.973047541000028],[99.60821968500005,17.97430018800003],[99.60801598200004,17.97708027300007],[99.60577941700006,17.97833911300006],[99.60372272500007,17.98292139600005],[99.59916620000007,17.983152691000043],[99.59518354500005,17.98427195100004],[99.59169916400003,17.98688076600007],[99.58891264500005,17.984746983000036],[99.58673371600008,17.986461192000036],[99.58831837400004,17.988174343000026],[99.58673225200005,17.993150980000053],[99.58710750300008,17.995708819000072],[99.58485155400007,17.995160456000065],[99.57861723100007,17.999171326000067],[99.57636369300008,17.995536221000066],[99.57212689000005,17.995607703000076],[99.56812698800007,17.992731941000045],[99.56501863200003,17.991587045000074],[99.56148488400004,17.98651994200003],[99.56084048100007,17.98159487500004],[99.56116266200007,17.977832919000036],[99.55802649500004,17.97409974800007],[99.55279340200008,17.972121385000037],[99.54852701700008,17.971362485000043],[99.54709646700007,17.972626466000065],[99.54298183700007,17.970080524000025],[99.53833101900005,17.96238081300004],[99.53316818000008,17.961820240000065],[99.52659832300009,17.958678570000075],[99.52823148200008,17.954691526000033],[99.52754875500005,17.951033379000023],[99.52829584900007,17.946677142000055],[99.53036371200005,17.94312667500003],[99.53547438700008,17.93801153100003],[99.53407289300009,17.93683945500004],[99.53610262200004,17.93561738300002],[99.53914133900008,17.935619506000023],[99.53882646000005,17.934198725000044],[99.53536597700008,17.932951252000066],[99.53080599800006,17.929484606000074],[99.53262500400007,17.928644313000063],[99.53787001700005,17.928897499000072],[99.54645849500008,17.92708531900007],[99.54726782200004,17.925785463000068],[99.55161938400005,17.925412726000047],[99.55432648200008,17.92277705600003],[99.55845225000007,17.923302987000056],[99.56115488200004,17.921279988000038],[99.56241133100008,17.918634888000042],[99.56616376800008,17.918487705000075],[99.56727106900007,17.91621494800006],[99.57129530100008,17.91685671700003],[99.57063239000007,17.915317750000042],[99.57380819500008,17.915149864000057],[99.57581759400006,17.91476222500006],[99.57848964500005,17.908924082000055],[99.58136479700005,17.908965230000035],[99.58236962800004,17.910191540000028],[99.58694137600008,17.909064612000066],[99.58894016100004,17.906380261000038],[99.59313206400009,17.907177638000064],[99.59171764200005,17.91135642200004],[99.59223065600008,17.913198375000036],[99.58966605700004,17.91464015300005],[99.58615130500004,17.920867300000054],[99.58325704300006,17.92192456400005],[99.58224977900005,17.927758063000056],[99.58840644400004,17.928046476000077],[99.58923476000007,17.926507612000023],[99.59245325800003,17.92479128100007],[99.59430431800007,17.921327348000034],[99.59893432300004,17.91896414300004],[99.59986870600005,17.917459774000065],[99.60229558500004,17.91826753500004],[99.60285010600006,17.917074212000045],[99.60829122800004,17.91798716200003],[99.61038041200004,17.916648933000033],[99.61102218800005,17.914713646000052],[99.61587264000008,17.914587200000028],[99.61929164700007,17.916486289000034],[99.62005303400008,17.925152059000027],[99.62276493500008,17.92872993000003],[99.62504975300004,17.928921373000037],[99.62973866000004,17.92728149800007],[99.63217620500006,17.927264947000026],[99.63314163500007,17.929246927000065],[99.63133947800009,17.93322856700007],[99.63268111300005,17.93495002700007],[99.63553756700009,17.934506055000043],[99.64104396800008,17.93562573500003],[99.64270494700008,17.93698812200006],[99.64291598700004,17.939953271000036],[99.64183976500004,17.941503672000067],[99.63542620200008,17.94446503100005],[99.63399210100005,17.946809161000033],[99.63680245000006,17.94835959200003],[99.64165823500008,17.946720071000072],[99.64603130400008,17.944583462000026],[99.65215830700004,17.943655343000046],[99.65776662700006,17.946014868000077]]]},"properties":{"Shape_Leng":0.50429516555,"Shape_Area":0.00628690646102,"ADM3_EN":"Mae Koeng","ADM3_TH":"แม่เกิ๋ง","ADM3_PCODE":"TH540707","ADM2_EN":"Wang Chin","ADM2_TH":"วังชิ้น","ADM2_PCODE":"TH5407","ADM1_EN":"Phrae","ADM1_TH":"แพร่","ADM1_PCODE":"TH54","ADM0_EN":"Thailand","ADM0_TH":"ประเทศไทย","ADM0_PCODE":"TH"}},
{"type":"Feature","geometry":{"type":"Polygon","coordinates":[[[100.22795023500004,18.26819616100005],[100.22727109200008,18.274760035000043],[100.22788374000004,18.278118736000067],[100.23159990400006,18.278517762000035],[100.23309329400007,18.27978044200006],[100.23686757700006,18.285180682000032],[100.24290628600005,18.288590215000056],[100.24349263200008,18.289479150000034],[100.23962779600004,18.291888355000026],[100.23704266600004,18.288479454000026],[100.23208101000006,18.289427654000065],[100.22723592900007,18.286260495000022],[100.22431494400007,18.28684002400007],[100.21888284300007,18.283553185000073],[100.21948491200004,18.279333001000055],[100.21872233200008,18.276822090000053],[100.21593901700004,18.27740234500004],[100.21072302500005,18.276799975000074],[100.20786103500006,18.275522915000067],[100.20761837200007,18.271231422000028],[100.20672514300009,18.269954902000052],[100.20332023400005,18.269170444000054],[100.20354665100007,18.262078420000023],[100.19823274000004,18.256072935000077],[100.19570630000004,18.251694558000054],[100.19480695500005,18.248368122000045],[100.19265837300009,18.245989869000027],[100.19705904800009,18.24524211100004],[100.19859767200006,18.245809227000052],[100.19828327000005,18.248472525000068],[100.19644743800006,18.251112788000057],[100.19829597600005,18.25094028600006],[100.20052743500008,18.252476084000023],[100.19941735800006,18.255098934000046],[100.20298492600006,18.255575109000063],[100.20358130400007,18.258633297000074],[100.20596152000007,18.257943624000063],[100.20785103200006,18.25914870400004],[100.21064203500003,18.258425269000043],[100.21671575300007,18.259757312000033],[100.21889349900005,18.263244524000072],[100.22127423700005,18.26370881400004],[100.22259875700007,18.266203822000023],[100.22529493300004,18.26633559000004],[100.22795023500004,18.26819616100005]]]},"properties":{"Shape_Leng":0.178308435108,"Shape_Area":0.000571431799179,"ADM3_EN":"Mae Kham Mi","ADM3_TH":"แม่คำมี","ADM3_PCODE":"TH540801","ADM2_EN":"Nong Muang Khai","ADM2_TH":"หนองม่วงไข่","ADM2_PCODE":"TH5408","ADM1_EN":"Phrae","ADM1_TH":"แพร่","ADM1_PCODE":"TH54","ADM0_EN":"Thailand","ADM0_TH":"ประเทศไทย","ADM0_PCODE":"TH"}},
{"type":"Feature","geometry":{"type":"Polygon","coordinates":[[[100.18862837800003,18.232785788000058],[100.18970218600003,18.233146774000033],[100.18851264200003,18.236029372000075],[100.18552885500009,18.23522239700003],[100.18667600800006,18.237546147000046],[100.18489868300009,18.237908642000036],[100.18559187100004,18.240134023000053],[100.18750535800007,18.238480098000025],[100.18972779500007,18.240190036000058],[100.18867576100007,18.241756977000023],[100.19265837300009,18.245989869000027],[100.19480695500005,18.248368122000045],[100.19570630000004,18.251694558000054],[100.19823274000004,18.256072935000077],[100.20354665100007,18.262078420000023],[100.20332023400005,18.269170444000054],[100.20672514300009,18.269954902000052],[100.20761837200007,18.271231422000028],[100.20786103500006,18.275522915000067],[100.21072302500005,18.276799975000074],[100.21593901700004,18.27740234500004],[100.21872233200008,18.276822090000053],[100.21948491200004,18.279333001000055],[100.21888284300007,18.283553185000073],[100.22431494400007,18.28684002400007],[100.22723592900007,18.286260495000022],[100.23208101000006,18.289427654000065],[100.23704266600004,18.288479454000026],[100.23962779600004,18.291888355000026],[100.23700179900004,18.293923170000028],[100.23085112100006,18.295399175000057],[100.23003043000006,18.297590408000076],[100.23056810200006,18.303763109000045],[100.22867294000008,18.305345570000043],[100.22382551200008,18.307550374000073],[100.21939396000005,18.312187333000054],[100.20545957100006,18.317537273000028],[100.20305658700005,18.31505978900003],[100.19763781900008,18.313005804000056],[100.19624662500007,18.311782153000024],[100.19066817600009,18.30343685300005],[100.18955006000004,18.30250340300006],[100.18337962300006,18.30180083500005],[100.18430542900006,18.299425893000034],[100.18671830900007,18.29577622900007],[100.18761143100005,18.291988695000043],[100.18612834200007,18.28432009000005],[100.18636976900007,18.28059102000003],[100.18973466300008,18.277975387000026],[100.19490392400007,18.28026224200005],[100.19662160300004,18.279747764000035],[100.19672436600007,18.277323483000032],[100.18978467400007,18.272177337000073],[100.18584268800004,18.273304343000063],[100.17711770700004,18.271847023000078],[100.17692974300007,18.265117386000043],[100.17836259100005,18.263509981000027],[100.17932740500004,18.258749372000068],[100.17800177100008,18.25623988800004],[100.17844709300005,18.254091232000064],[100.18069467800007,18.251711812000053],[100.18051692100005,18.24895870000006],[100.17827240400004,18.245496338000066],[100.17522957200003,18.244404664000058],[100.17495569000005,18.24307242900005],[100.18045980500005,18.23615830800003],[100.17923753000008,18.232648398000038],[100.18268589500008,18.231009560000075],[100.18637119500005,18.23332630300007],[100.18862837800003,18.232785788000058]]]},"properties":{"Shape_Leng":0.312573943318,"Shape_Area":0.00219434793166,"ADM3_EN":"Nong Muang Khai","ADM3_TH":"หนองม่วงไข่","ADM3_PCODE":"TH540802","ADM2_EN":"Nong Muang Khai","ADM2_TH":"หนองม่วงไข่","ADM2_PCODE":"TH5408","ADM1_EN":"Phrae","ADM1_TH":"แพร่","ADM1_PCODE":"TH54","ADM0_EN":"Thailand","ADM0_TH":"ประเทศไทย","ADM0_PCODE":"TH"}},
{"type":"Feature","geometry":{"type":"Polygon","coordinates":[[[100.17827240400004,18.245496338000066],[100.18051692100005,18.24895870000006],[100.18069467800007,18.251711812000053],[100.17844709300005,18.254091232000064],[100.17800177100008,18.25623988800004],[100.17932740500004,18.258749372000068],[100.17836259100005,18.263509981000027],[100.17692974300007,18.265117386000043],[100.17711770700004,18.271847023000078],[100.18584268800004,18.273304343000063],[100.18978467400007,18.272177337000073],[100.19672436600007,18.277323483000032],[100.19662160300004,18.279747764000035],[100.19490392400007,18.28026224200005],[100.18973466300008,18.277975387000026],[100.18636976900007,18.28059102000003],[100.18612834200007,18.28432009000005],[100.18138571500003,18.28120398300007],[100.17565816600006,18.28133570800003],[100.17426392400006,18.27891281500007],[100.17136063400005,18.277202129000045],[100.16627736100008,18.27851491800004],[100.16394969500004,18.274687436000022],[100.16115373400004,18.27483333200007],[100.15991219400007,18.27293178800005],[100.15631038800007,18.27432084900005],[100.15206069900006,18.27237230000003],[100.14496577100005,18.274978802000078],[100.13474573500008,18.27986171200007],[100.12945674400004,18.283090033000065],[100.12093368000006,18.283794062000027],[100.11934726800007,18.286503653000068],[100.11888978200005,18.291997758000036],[100.11567018200009,18.292968634000033],[100.11245886300009,18.29139454700004],[100.11106687200004,18.28819862000006],[100.10844798200009,18.28696226200003],[100.10192038100007,18.287926192000043],[100.09242684300006,18.284958372000062],[100.09076360400007,18.284944119000045],[100.08983428700009,18.28055203100007],[100.09004246900008,18.276669191000053],[100.09229890400007,18.275624351000033],[100.09881280000008,18.278601450000053],[100.10083380300006,18.277415377000068],[100.10420901400005,18.278760600000055],[100.10881890400003,18.277774961000034],[100.10884478100007,18.27535483400004],[100.10649787400007,18.273492357000066],[100.10942953600005,18.269991236000067],[100.11628682700007,18.268126049000045],[100.11839524700008,18.268031158000042],[100.12170402500004,18.26367827400003],[100.12652179000008,18.262041838000073],[100.12893905100003,18.26202879400006],[100.12862431800005,18.260421698000073],[100.13149437400006,18.257669321000037],[100.13389217700006,18.25649849900003],[100.14042264400007,18.257254346000025],[100.14303332500003,18.258417176000023],[100.14564139100008,18.257554218000053],[100.14892804800007,18.25835731600006],[100.15640358800005,18.25189626200006],[100.16180572500008,18.24967229400005],[100.16246335900007,18.245487832000038],[100.16486971200004,18.238500225000053],[100.16457493600007,18.236066746000063],[100.16662386200005,18.237474276000057],[100.16790826100004,18.24190982300007],[100.16667015500008,18.246133108000038],[100.17486857500006,18.24690331000005],[100.17827240400004,18.245496338000066]]]},"properties":{"Shape_Leng":0.342823014821,"Shape_Area":0.00197036209304,"ADM3_EN":"Nam Rat","ADM3_TH":"น้ำรัด","ADM3_PCODE":"TH540803","ADM2_EN":"Nong Muang Khai","ADM2_TH":"หนองม่วงไข่","ADM2_PCODE":"TH5408","ADM1_EN":"Phrae","ADM1_TH":"แพร่","ADM1_PCODE":"TH54","ADM0_EN":"Thailand","ADM0_TH":"ประเทศไทย","ADM0_PCODE":"TH"}},
{"type":"Feature","geometry":{"type":"Polygon","coordinates":[[[100.09076360400007,18.284944119000045],[100.09242684300006,18.284958372000062],[100.10192038100007,18.287926192000043],[100.10844798200009,18.28696226200003],[100.11106687200004,18.28819862000006],[100.11245886300009,18.29139454700004],[100.11567018200009,18.292968634000033],[100.11888978200005,18.291997758000036],[100.11934726800007,18.286503653000068],[100.12093368000006,18.283794062000027],[100.12945674400004,18.283090033000065],[100.13474573500008,18.27986171200007],[100.14496577100005,18.274978802000078],[100.15206069900006,18.27237230000003],[100.15631038800007,18.27432084900005],[100.15991219400007,18.27293178800005],[100.16115373400004,18.27483333200007],[100.16394969500004,18.274687436000022],[100.16627736100008,18.27851491800004],[100.17136063400005,18.277202129000045],[100.17426392400006,18.27891281500007],[100.17565816600006,18.28133570800003],[100.18138571500003,18.28120398300007],[100.18612834200007,18.28432009000005],[100.18761143100005,18.291988695000043],[100.18671830900007,18.29577622900007],[100.18430542900006,18.299425893000034],[100.18251403900007,18.29935110200006],[100.18197363800004,18.29037892100007],[100.17929603500005,18.289115055000025],[100.17485608100009,18.289363498000057],[100.17221415800009,18.29151530100006],[100.16841921000008,18.292638175000036],[100.16633428900008,18.294597767000027],[100.16614115200008,18.297736905000022],[100.16163491200007,18.296298645000036],[100.16077811500008,18.297401575000038],[100.15903730000008,18.297610879000047],[100.15819018600007,18.294720049000034],[100.15550188400005,18.29093954900003],[100.15236188700004,18.28847035800004],[100.14373119600003,18.28753203200006],[100.14066681500003,18.288993366000057],[100.13855734500004,18.29190384900005],[100.13919685600007,18.293828018000056],[100.13710812300008,18.295917218000056],[100.13055739600009,18.295258164000074],[100.12821200800005,18.297157871000024],[100.12364046700009,18.298443805000034],[100.12136243400005,18.30094882900005],[100.11912402400009,18.30018760200005],[100.11566274800003,18.302230664000035],[100.10843216200004,18.302924563000033],[100.10610968600008,18.307230119000053],[100.10078506800005,18.303407564000054],[100.09964158100007,18.300455250000027],[100.09285009800004,18.29681885800005],[100.08855217700005,18.29604633400004],[100.08580316200005,18.296327854000026],[100.09066879100004,18.287963813000033],[100.09076360400007,18.284944119000045]]]},"properties":{"Shape_Leng":0.294305682027,"Shape_Area":0.00141000425396,"ADM3_EN":"Wang Luang","ADM3_TH":"วังหลวง","ADM3_PCODE":"TH540804","ADM2_EN":"Nong Muang Khai","ADM2_TH":"หนองม่วงไข่","ADM2_PCODE":"TH5408","ADM1_EN":"Phrae","ADM1_TH":"แพร่","ADM1_PCODE":"TH54","ADM0_EN":"Thailand","ADM0_TH":"ประเทศไทย","ADM0_PCODE":"TH"}},
{"type":"Feature","geometry":{"type":"Polygon","coordinates":[[[100.27503052700007,18.259370747000048],[100.27801945900006,18.259642194000037],[100.27930415800006,18.266550421000034],[100.27813684300008,18.27343267400005],[100.27464524000004,18.278892083000073],[100.26746619600004,18.284109600000022],[100.26517455300007,18.285077030000025],[100.26460443500008,18.288189464000027],[100.26269808400008,18.28913142700003],[100.25854468200004,18.288389703000064],[100.25484644600004,18.28355153600006],[100.24349263200008,18.289479150000034],[100.24290628600005,18.288590215000056],[100.23686757700006,18.285180682000032],[100.23309329400007,18.27978044200006],[100.23159990400006,18.278517762000035],[100.22788374000004,18.278118736000067],[100.22727109200008,18.274760035000043],[100.22795023500004,18.26819616100005],[100.22960774000006,18.265548758000023],[100.23297668400005,18.267848666000077],[100.23716944500006,18.266447545000062],[100.24005414600003,18.266437203000066],[100.24283147400007,18.27008479600005],[100.24551217700008,18.26985770700003],[100.24498378900006,18.267082833000075],[100.24869888600006,18.263745120000067],[100.24821683700009,18.261921753000024],[100.24949877200004,18.25988115900003],[100.26095103100005,18.254814415000055],[100.26228890000004,18.256551925000053],[100.27007644500009,18.258987730000058],[100.27095841200008,18.260796722000066],[100.27503052700007,18.259370747000048]]]},"properties":{"Shape_Leng":0.175260198847,"Shape_Area":0.00113014905384,"ADM3_EN":"Tamnak Tham","ADM3_TH":"ตำหนักธรรม","ADM3_PCODE":"TH540805","ADM2_EN":"Nong Muang Khai","ADM2_TH":"หนองม่วงไข่","ADM2_PCODE":"TH5408","ADM1_EN":"Phrae","ADM1_TH":"แพร่","ADM1_PCODE":"TH54","ADM0_EN":"Thailand","ADM0_TH":"ประเทศไทย","ADM0_PCODE":"TH"}},
{"type":"Feature","geometry":{"type":"Polygon","coordinates":[[[100.08580316200005,18.296327854000026],[100.08855217700005,18.29604633400004],[100.09285009800004,18.29681885800005],[100.09964158100007,18.300455250000027],[100.10078506800005,18.303407564000054],[100.10610968600008,18.307230119000053],[100.10843216200004,18.302924563000033],[100.11566274800003,18.302230664000035],[100.11912402400009,18.30018760200005],[100.12136243400005,18.30094882900005],[100.12364046700009,18.298443805000034],[100.12821200800005,18.297157871000024],[100.13055739600009,18.295258164000074],[100.13710812300008,18.295917218000056],[100.13919685600007,18.293828018000056],[100.13855734500004,18.29190384900005],[100.14066681500003,18.288993366000057],[100.14373119600003,18.28753203200006],[100.15236188700004,18.28847035800004],[100.15550188400005,18.29093954900003],[100.15819018600007,18.294720049000034],[100.15903730000008,18.297610879000047],[100.16077811500008,18.297401575000038],[100.16203632500009,18.30068970800005],[100.16200134100006,18.30368227100007],[100.16777663400006,18.30679820200004],[100.16839304300004,18.309585819000063],[100.16496950500004,18.31261827000003],[100.16017621200007,18.31886781700007],[100.16156039600008,18.326303953000036],[100.16053949800005,18.329728067000076],[100.16094610200008,18.332348524000054],[100.15883299500007,18.340612968000073],[100.15635260300007,18.345177722000074],[100.15387619800003,18.344645378000052],[100.15278978700007,18.347123472000078],[100.15081159500005,18.34793939900004],[100.14688333100008,18.347513653000078],[100.14386997400004,18.344649995000054],[100.13987531900005,18.34631113100005],[100.13902260100008,18.344689569000025],[100.13230742100006,18.346810197000025],[100.13055517900005,18.348115653000036],[100.12662500500005,18.348625970000057],[100.12514452700003,18.34758473200003],[100.11940175600006,18.346429063000073],[100.11650113400003,18.343601329000023],[100.11764831300007,18.337394594000045],[100.11543090400005,18.338372196000023],[100.11079898500009,18.338700966000033],[100.10801431400006,18.341624679000063],[100.10768103400005,18.344730565000077],[100.10211462000007,18.347501614000066],[100.10167075300006,18.350533918000053],[100.10014068900006,18.350565291000066],[100.09992602200003,18.353232629000047],[100.09823409100005,18.35696956700002],[100.09464679700005,18.357910378000042],[100.09280543900007,18.357485851000035],[100.09151086700007,18.35420562300004],[100.08628984800004,18.352430608000077],[100.08457887900005,18.35404511300004],[100.08256715900006,18.35311007200005],[100.08114169000004,18.35406479200003],[100.07801400100004,18.353705218000073],[100.07517575400004,18.348789302000057],[100.07334538000003,18.345212502000038],[100.07337287300004,18.341283626000063],[100.07247518300005,18.336272766000036],[100.07666972100009,18.32840404500007],[100.07924849900007,18.324954930000047],[100.08243819000006,18.321996505000072],[100.08207369500008,18.31746448100006],[100.07851752600004,18.315544961000057],[100.07524890200006,18.30990504500005],[100.07959430800008,18.303581846000043],[100.08024533400004,18.300559144000033],[100.08316305900007,18.300219157000072],[100.08580316200005,18.296327854000026]]]},"properties":{"Shape_Leng":0.358204765785,"Shape_Area":0.00431877575329,"ADM3_EN":"Thung Khaeo","ADM3_TH":"ทุ่งแค้ว","ADM3_PCODE":"TH540806","ADM2_EN":"Nong Muang Khai","ADM2_TH":"หนองม่วงไข่","ADM2_PCODE":"TH5408","ADM1_EN":"Phrae","ADM1_TH":"แพร่","ADM1_PCODE":"TH54","ADM0_EN":"Thailand","ADM0_TH":"ประเทศไทย","ADM0_PCODE":"TH"}}
]}