{"type":"FeatureCollection", "features": [
{"type":"Feature","geometry":{"type":"Polygon","coordinates":[[[98.65209552500005,9.958986044000028],[98.64837374900009,9.959218270000065],[98.64643834000003,9.961000418000026],[98.64746528900008,9.962823094000044],[98.64558144100005,9.967329512000049],[98.64221955900007,9.971958358000052],[98.63914041800007,9.980720232000067],[98.63632736900007,9.980537158000061],[98.62995898300005,9.977756959000033],[98.63058628700009,9.973637556000028],[98.63223985400003,9.971272456000065],[98.63147642700005,9.966176375000032],[98.63219802800006,9.963848798000072],[98.63109196100004,9.959591231000047],[98.62931361700004,9.96130009500007],[98.62308744500007,9.963638647000039],[98.61479331500004,9.963567972000021],[98.61193073000004,9.959404857000038],[98.61800934700005,9.959473546000027],[98.62048383100006,9.95445968100006],[98.62694026700007,9.958389943000043],[98.63069825000008,9.955788513000073],[98.63422233000006,9.955885249000062],[98.63848853700006,9.959196390000045],[98.64017881600006,9.961674514000038],[98.64439166000005,9.961813466000024],[98.64796636900007,9.958456245000036],[98.65228035300004,9.958324567000034],[98.65209552500005,9.958986044000028]]]},"properties":{"Shape_Leng":0.13332245179,"Shape_Area":0.000364296338481,"ADM3_EN":"Khao Niwet","ADM3_TH":"เขานิเวศน์","ADM3_PCODE":"TH850101","ADM2_EN":"Mueang Ranong","ADM2_TH":"เมืองระนอง","ADM2_PCODE":"TH8501","ADM1_EN":"Ranong","ADM1_TH":"ระนอง","ADM1_PCODE":"TH85","ADM0_EN":"Thailand","ADM0_TH":"ประเทศไทย","ADM0_PCODE":"TH"}},
{"type":"Feature","geometry":{"type":"MultiPolygon","coordinates":[[[[98.50362142400007,9.709214503000055],[98.50233863400007,9.709803261000047],[98.49722790900006,9.705816552000044],[98.49821932400005,9.701463114000035],[98.50273505700005,9.702350464000062],[98.50685192700007,9.699243490000072],[98.50816120300004,9.693654127000059],[98.51355657900007,9.698176144000058],[98.51487500300004,9.703318289000038],[98.50834964200004,9.704862841000022],[98.50362142400007,9.709214503000055]]],[[[98.63304352400007,9.788482217000023],[98.63211697500009,9.796442660000025],[98.62427381700007,9.809801578000076],[98.61797721100004,9.814781922000066],[98.61223786100004,9.825807394000037],[98.60718751200005,9.829877270000054],[98.60624581700006,9.83428088200003],[98.60498459100006,9.83207151800002],[98.59917879500006,9.832151399000054],[98.59669613300008,9.829353225000034],[98.59636844500005,9.82475908400005],[98.58917979600005,9.819863334000047],[98.58415434500006,9.820040466000023],[98.58138333900007,9.817687177000039],[98.58002561000006,9.820239198000024],[98.57702642600003,9.81917177500003],[98.57374190900003,9.823035140000059],[98.57166123500008,9.822029017000034],[98.56823623800005,9.815153234000036],[98.55587971000006,9.805438078000066],[98.54764354500008,9.79813970300006],[98.54865535900007,9.792583679000074],[98.54866731000004,9.783686078000073],[98.54938497200004,9.781291113000066],[98.55335483800008,9.779430769000044],[98.55236179100007,9.777187655000034],[98.55715697700003,9.774335058000077],[98.55649757500004,9.772719299000073],[98.55834160100005,9.770159145000036],[98.55719904700004,9.76863437000003],[98.55869451700005,9.766454586000066],[98.55847299400006,9.76302688800007],[98.56222606300008,9.759125491000077],[98.56069868700007,9.756491377000032],[98.55301270600006,9.749335028000075],[98.55422527800005,9.748972252000044],[98.55395353400007,9.743981189000067],[98.55574117100008,9.742100876000052],[98.55408721400005,9.741213243000061],[98.55627522800006,9.737147099000026],[98.55621427500006,9.734496270000022],[98.55788346400004,9.728962411000055],[98.55691504500004,9.727273364000041],[98.55396355400006,9.727425869000058],[98.54990878200005,9.722790902000042],[98.54984329200005,9.72102667200005],[98.54618785500008,9.714588389000028],[98.54106532000009,9.707549545000063],[98.53911727400003,9.706288363000056],[98.54137690700009,9.702974919000042],[98.54026480900006,9.69973929300005],[98.54093585100009,9.695174265000048],[98.53649476900006,9.692532568000047],[98.53103485100007,9.684606927000061],[98.52572862700003,9.679556999000056],[98.51953003700004,9.68200745300004],[98.51520228200008,9.675633835000042],[98.51055465900004,9.67295551500007],[98.50799313500005,9.672470111000052],[98.50221008000005,9.673960487000045],[98.49711570800008,9.677860294000027],[98.49783954100008,9.680805134000025],[98.49286910400008,9.681959848000076],[98.49115877400004,9.685185728000022],[98.48500413300007,9.686313659000064],[98.48527721300007,9.682008268000061],[98.48932092100006,9.67936919500005],[98.48978887400006,9.671882915000026],[98.49148760400004,9.668826663000061],[98.49187149000005,9.661781764000068],[98.49483703600004,9.661884819000022],[98.49752921600003,9.656931568000061],[98.49759806700007,9.653476130000058],[98.49982261200006,9.652092478000043],[98.49999631600008,9.656572220000044],[98.50302955900008,9.658275885000023],[98.51009700700007,9.657324814000049],[98.50977892600008,9.649968054000055],[98.50830218700008,9.644233314000076],[98.50628113100004,9.640968018000024],[98.50068041600008,9.635272942000029],[98.50032747700004,9.632865781000021],[98.50314200200006,9.626768751000043],[98.50748162200006,9.627687125000023],[98.51411675200006,9.63380003800006],[98.52146806600007,9.635020471000075],[98.52757902200005,9.63486920500003],[98.52834034500006,9.633251340000072],[98.53124978400007,9.633824731000061],[98.53716457300004,9.62906560700003],[98.54092731900005,9.623496622000062],[98.54594930600007,9.622753529000022],[98.54733026500008,9.620878271000038],[98.55137940000009,9.620121639000047],[98.55467772600008,9.615890758000035],[98.55687996700004,9.615709069000047],[98.55751469900008,9.61705412200007],[98.56165933800008,9.618571960000054],[98.56874927700005,9.625208157000031],[98.57315596700005,9.628110087000039],[98.57413465700006,9.630524324000021],[98.57652698800007,9.631728080000073],[98.58356959900004,9.638468276000026],[98.58778562900005,9.639602309000054],[98.58408573400004,9.646275778000074],[98.58535778000004,9.64888909800004],[98.58854522000007,9.651467552000042],[98.59271098800008,9.65310536000004],[98.59375900700007,9.65726861500002],[98.59686450800007,9.658029202000023],[98.59766111200008,9.660446781000076],[98.60044566800008,9.659775836000051],[98.60166243800006,9.664631179000025],[98.60099436100006,9.668625420000069],[98.60519204100007,9.671372451000025],[98.60698453600008,9.67521477400004],[98.61154571100008,9.677320089000034],[98.61429833600005,9.684787267000047],[98.61781879300008,9.689175117000048],[98.62089849500006,9.691311393000035],[98.62200294500008,9.694749522000052],[98.62468201900003,9.695889881000028],[98.63219159500005,9.704010165000057],[98.63356569900009,9.709529468000028],[98.63680908300006,9.712847554000064],[98.63937656800005,9.713562482000043],[98.64040838700004,9.71672492600004],[98.63824259200004,9.71949839000007],[98.63784953900006,9.723511229000053],[98.63954803000007,9.726831422000032],[98.63826954100006,9.729424292000033],[98.64207085200007,9.734686784000075],[98.64175430500006,9.73908308800003],[98.63527841000007,9.741838800000039],[98.63436714900007,9.743065452000053],[98.63178683100006,9.751575636000041],[98.63301539000008,9.754491286000075],[98.63241478500004,9.75759983000006],[98.62768133900005,9.763310087000036],[98.63312218400006,9.767171403000077],[98.63249265400003,9.772332238000047],[98.63032584400008,9.778433590000077],[98.63313689900008,9.78455376200003],[98.63304352400007,9.788482217000023]]]]},"properties":{"Shape_Leng":0.835321775082,"Shape_Area":0.0163427256147,"ADM3_EN":"Ratchakrut","ADM3_TH":"ราชกรูด","ADM3_PCODE":"TH850102","ADM2_EN":"Mueang Ranong","ADM2_TH":"เมืองระนอง","ADM2_PCODE":"TH8501","ADM1_EN":"Ranong","ADM1_TH":"ระนอง","ADM1_PCODE":"TH85","ADM0_EN":"Thailand","ADM0_TH":"ประเทศไทย","ADM0_PCODE":"TH"}},
{"type":"Feature","geometry":{"type":"MultiPolygon","coordinates":[[[[98.63304352400007,9.788482217000023],[98.63533331600007,9.788359119000063],[98.64245601400006,9.793341025000075],[98.64519782400004,9.791371956000035],[98.64964198500007,9.795563548000075],[98.65749624800009,9.806320357000061],[98.66272584200004,9.808202479000045],[98.65713840900008,9.81640272200002],[98.65593501700005,9.822587421000037],[98.65832828900005,9.824923214000023],[98.65801250000004,9.833080933000076],[98.65701439000009,9.833965842000055],[98.65711416900007,9.840231084000038],[98.65544410000007,9.843786120000061],[98.65184136900007,9.845291595000049],[98.64570931500003,9.849659162000023],[98.64159224700006,9.860173226000029],[98.63503190900008,9.866169684000056],[98.63464476800004,9.872034348000057],[98.63036849100007,9.875942961000021],[98.62326781000007,9.87787826500005],[98.62069484100005,9.881393356000046],[98.62162170500005,9.889406655000073],[98.61978291100007,9.88984044700004],[98.61347216300004,9.898388640000064],[98.60953646300004,9.90105939600005],[98.60523449700008,9.900341026000035],[98.60439072600008,9.901737449000052],[98.60258789500006,9.898539338000035],[98.60287008900008,9.893727869000031],[98.59546540500008,9.89006852600005],[98.59139050400006,9.890953910000064],[98.59013192900005,9.892398567000043],[98.58968280100004,9.897877546000075],[98.58670572100004,9.90195903800003],[98.57965209500009,9.905163681000033],[98.57657343900007,9.907359623000048],[98.57226164700006,9.90582246100007],[98.56908915300005,9.90138513900007],[98.56642775100005,9.890944725000054],[98.56098841700003,9.884868889000074],[98.55303146600005,9.884519561000047],[98.54955903700005,9.887419871000077],[98.54073130900008,9.886319771000046],[98.53543539600008,9.882454051000025],[98.53323621000004,9.876826559000051],[98.52854026400007,9.871520692000047],[98.52743322200007,9.866223045000027],[98.52801419500008,9.862631730000032],[98.52994955600008,9.860193622000054],[98.53644101400005,9.85885274800006],[98.52999490700006,9.856420781000054],[98.52009313900004,9.856608057000074],[98.51579492500008,9.853278359000058],[98.51691694800007,9.849915371000066],[98.52123642100008,9.843269079000038],[98.52194951100006,9.835328936000053],[98.52423771400004,9.831373917000064],[98.52943080800009,9.830189689000065],[98.52746700300008,9.829099588000076],[98.52918285000004,9.819049937000045],[98.53421762000005,9.809107494000045],[98.53789412700007,9.805673082000055],[98.53600830800008,9.802487348000056],[98.53387933300007,9.790422398000032],[98.52775434100005,9.787119481000047],[98.52419834200003,9.786330449000047],[98.52036196200004,9.787673121000068],[98.51993586200007,9.789859626000066],[98.51525697600005,9.788786955000035],[98.51177671200008,9.78362364700007],[98.50641202100007,9.782192233000046],[98.50767956000004,9.77369317800003],[98.50683075000006,9.770947739000064],[98.51263030100006,9.759325820000072],[98.51239636600008,9.753314355000043],[98.50748387000004,9.75114078300004],[98.50695147800008,9.745431519000022],[98.50244614100006,9.744647797000027],[98.50001219500007,9.740311237000071],[98.50351188700006,9.736595496000064],[98.50548569100005,9.738001398000051],[98.50814435500007,9.736546520000047],[98.51073626400006,9.741117701000064],[98.51399456400009,9.741273700000022],[98.51756868800004,9.743562156000053],[98.52313640300008,9.750640548000035],[98.52932165200008,9.750509068000042],[98.53437013800004,9.745340855000052],[98.53940121100004,9.743381482000075],[98.54933358700004,9.744875488000048],[98.55183279100004,9.749688032000051],[98.55301270600006,9.749335028000075],[98.56069868700007,9.756491377000032],[98.56222606300008,9.759125491000077],[98.55847299400006,9.76302688800007],[98.55869451700005,9.766454586000066],[98.55719904700004,9.76863437000003],[98.55834160100005,9.770159145000036],[98.55649757500004,9.772719299000073],[98.55715697700003,9.774335058000077],[98.55236179100007,9.777187655000034],[98.55335483800008,9.779430769000044],[98.54938497200004,9.781291113000066],[98.54866731000004,9.783686078000073],[98.54865535900007,9.792583679000074],[98.54764354500008,9.79813970300006],[98.55587971000006,9.805438078000066],[98.56823623800005,9.815153234000036],[98.57166123500008,9.822029017000034],[98.57374190900003,9.823035140000059],[98.57702642600003,9.81917177500003],[98.58002561000006,9.820239198000024],[98.58138333900007,9.817687177000039],[98.58415434500006,9.820040466000023],[98.58917979600005,9.819863334000047],[98.59636844500005,9.82475908400005],[98.59669613300008,9.829353225000034],[98.59917879500006,9.832151399000054],[98.60498459100006,9.83207151800002],[98.60624581700006,9.83428088200003],[98.60718751200005,9.829877270000054],[98.61223786100004,9.825807394000037],[98.61797721100004,9.814781922000066],[98.62427381700007,9.809801578000076],[98.63211697500009,9.796442660000025],[98.63304352400007,9.788482217000023]]],[[[98.50308719900005,9.734033057000033],[98.50067871600004,9.73418601800006],[98.49863900000008,9.731101827000032],[98.50058112800008,9.730448730000035],[98.50308719900005,9.734033057000033]]],[[[98.50758705800007,9.734533766000027],[98.50556342500005,9.73425566700007],[98.50550399100007,9.731325439000045],[98.50758705800007,9.734533766000027]]],[[[98.48601195100008,9.73897732100005],[98.48432702900004,9.738850185000047],[98.48321960700008,9.735626513000057],[98.48495928400007,9.731775523000067],[98.48661569000006,9.732111503000056],[98.48725645400003,9.735924509000029],[98.48601195100008,9.73897732100005]]],[[[98.46672015300004,9.774038534000056],[98.46494616100006,9.772767282000075],[98.46211342900006,9.767920670000024],[98.45992525900004,9.766410258000064],[98.46223286500003,9.764824369000053],[98.46365490800008,9.767860976000065],[98.46662839100009,9.769649679000054],[98.46672015300004,9.774038534000056]]]]},"properties":{"Shape_Leng":0.853074468118,"Shape_Area":0.0119150859063,"ADM3_EN":"Ngao","ADM3_TH":"หงาว","ADM3_PCODE":"TH850103","ADM2_EN":"Mueang Ranong","ADM2_TH":"เมืองระนอง","ADM2_PCODE":"TH8501","ADM1_EN":"Ranong","ADM1_TH":"ระนอง","ADM1_PCODE":"TH85","ADM0_EN":"Thailand","ADM0_TH":"ประเทศไทย","ADM0_PCODE":"TH"}},
{"type":"Feature","geometry":{"type":"Polygon","coordinates":[[[98.61193073000004,9.959404857000038],[98.60710734900005,9.95576077800007],[98.60016849900006,9.955808177000051],[98.59729674400006,9.956921011000077],[98.59620588700005,9.95348483400005],[98.60014570500005,9.950915354000074],[98.59907017300009,9.947138264000046],[98.60123533000007,9.94078883900005],[98.60061710300005,9.937307774000033],[98.59767947100005,9.934718770000075],[98.58656723400009,9.932141903000058],[98.58759946300006,9.930861950000065],[98.58261090000008,9.929938630000038],[98.57954340900005,9.927301442000044],[98.57345739600004,9.924585965000063],[98.56938932400004,9.921815374000062],[98.56946975700004,9.91873419600006],[98.56367048300007,9.918659354000056],[98.56070603800003,9.91946366600007],[98.55770765700004,9.913911732000031],[98.55807740100005,9.910452065000072],[98.55704433700004,9.900976317000072],[98.55876055800007,9.895696205000036],[98.55973534800006,9.896363927000039],[98.56258153400006,9.90319521500004],[98.56613605300004,9.90750024600004],[98.56870658300005,9.907852269000045],[98.57187124200004,9.911695226000063],[98.57882296500009,9.91086875700006],[98.57866766100005,9.907926881000037],[98.57657343900007,9.907359623000048],[98.57965209500009,9.905163681000033],[98.58670572100004,9.90195903800003],[98.58968280100004,9.897877546000075],[98.59013192900005,9.892398567000043],[98.59139050400006,9.890953910000064],[98.59546540500008,9.89006852600005],[98.60287008900008,9.893727869000031],[98.60258789500006,9.898539338000035],[98.60439072600008,9.901737449000052],[98.60523449700008,9.900341026000035],[98.60953646300004,9.90105939600005],[98.61347216300004,9.898388640000064],[98.61978291100007,9.88984044700004],[98.62162170500005,9.889406655000073],[98.62069484100005,9.881393356000046],[98.62326781000007,9.87787826500005],[98.63036849100007,9.875942961000021],[98.63464476800004,9.872034348000057],[98.63503190900008,9.866169684000056],[98.64159224700006,9.860173226000029],[98.64570931500003,9.849659162000023],[98.65184136900007,9.845291595000049],[98.65544410000007,9.843786120000061],[98.65663453000008,9.846652310000024],[98.65466453900007,9.847473231000038],[98.65368823800009,9.85262040200007],[98.65577975800005,9.857470104000072],[98.65797535600007,9.857347546000028],[98.65765931600004,9.860337199000071],[98.65937822600006,9.864061012000036],[98.66222458700008,9.867202243000065],[98.66617666800005,9.874447800000041],[98.66843636000004,9.877423709000027],[98.66887432200008,9.883971737000024],[98.66664972400008,9.887070620000031],[98.66690556200007,9.89227160400003],[98.66593354500009,9.894924437000043],[98.66690698500008,9.906343479000043],[98.66508870700005,9.914097602000027],[98.66504166400006,9.919526615000052],[98.66309154100009,9.921351831000038],[98.66186517400007,9.929619058000071],[98.66035135400006,9.933092207000072],[98.66261609500003,9.938588862000074],[98.66253021900008,9.945795671000042],[98.65545624600009,9.949833521000073],[98.65345985400006,9.94980427300004],[98.65228035300004,9.958324567000034],[98.64796636900007,9.958456245000036],[98.64439166000005,9.961813466000024],[98.64017881600006,9.961674514000038],[98.63848853700006,9.959196390000045],[98.63422233000006,9.955885249000062],[98.63069825000008,9.955788513000073],[98.62694026700007,9.958389943000043],[98.62048383100006,9.95445968100006],[98.61800934700005,9.959473546000027],[98.61193073000004,9.959404857000038]]]},"properties":{"Shape_Leng":0.480301604243,"Shape_Area":0.00637893184113,"ADM3_EN":"Bang Rin","ADM3_TH":"บางริ้น","ADM3_PCODE":"TH850104","ADM2_EN":"Mueang Ranong","ADM2_TH":"เมืองระนอง","ADM2_PCODE":"TH8501","ADM1_EN":"Ranong","ADM1_TH":"ระนอง","ADM1_PCODE":"TH85","ADM0_EN":"Thailand","ADM0_TH":"ประเทศไทย","ADM0_PCODE":"TH"}},
{"type":"Feature","geometry":{"type":"MultiPolygon","coordinates":[[[[98.59729674400006,9.956921011000077],[98.60082961300009,9.961580152000067],[98.60458236700003,9.960132169000076],[98.60618946500006,9.960884742000076],[98.60567994600007,9.96362956400003],[98.60700686300004,9.965571716000056],[98.60605036700008,9.969007905000069],[98.60821428300005,9.970225388000074],[98.60648308400005,9.971528352000064],[98.60783275400007,9.97731254300004],[98.61277696100007,9.985434097000052],[98.61283341000006,9.986796304000052],[98.62280751100008,9.994757674000027],[98.62554936600009,9.998579659000029],[98.63247955300005,10.00536710700004],[98.63493950500003,10.005616438000061],[98.63914813900004,10.014016188000028],[98.64306484800005,10.014134736000074],[98.64595110600004,10.015735240000026],[98.64542789200004,10.018996383000058],[98.64708878500005,10.02166960300002],[98.64673326200005,10.024140099000022],[98.64367304800004,10.025603424000053],[98.64249127700003,10.028036587000031],[98.64570891600005,10.033272872000055],[98.64676817600008,10.037348679000047],[98.64528895500007,10.039073895000058],[98.64736365400006,10.046519574000058],[98.65204091800007,10.053791305000061],[98.65269706000004,10.05873185300004],[98.65424962400004,10.062692559000027],[98.65744026000004,10.064686687000062],[98.65864748000007,10.072321793000071],[98.66446080000009,10.076239893000036],[98.66685658800009,10.075541444000066],[98.66685912500009,10.084569566000027],[98.66780025200006,10.08736545000005],[98.66516150300004,10.090690519000077],[98.66036091400008,10.089183052000067],[98.65893880700008,10.092773979000071],[98.65801424700004,10.09070471800004],[98.65520524800007,10.091260799000054],[98.65451194800005,10.089228978000051],[98.63280756900008,10.088630660000035],[98.62645518200009,10.074557434000042],[98.62317257700005,10.069363319000047],[98.61947852900005,10.056161652000071],[98.61697587300006,10.051387049000027],[98.61332216000005,10.04697628100007],[98.60278459300008,10.031630886000073],[98.59828089200005,10.02254780100003],[98.59461484600007,10.017305070000077],[98.58817937200007,10.00232980800007],[98.58574829500009,9.99894757100003],[98.57785114300003,9.984874740000066],[98.57603059300004,9.980285778000052],[98.57397101300006,9.972316139000043],[98.56704080000009,9.956372112000054],[98.58656723400009,9.932141903000058],[98.59767947100005,9.934718770000075],[98.60061710300005,9.937307774000033],[98.60123533000007,9.94078883900005],[98.59907017300009,9.947138264000046],[98.60014570500005,9.950915354000074],[98.59620588700005,9.95348483400005],[98.59729674400006,9.956921011000077]]],[[[98.51556557300006,9.904656038000041],[98.51508077000005,9.906125036000049],[98.50877542400008,9.904099015000043],[98.50860958500004,9.899740591000068],[98.51329759500004,9.899815234000073],[98.51715480200005,9.902266072000032],[98.51556557300006,9.904656038000041]]],[[[98.48526337300007,9.913703362000035],[98.48114704400007,9.914461043000074],[98.47489011700009,9.910712486000023],[98.47583880800005,9.906942633000028],[98.47324127200005,9.90116776700006],[98.46634845300008,9.895475506000025],[98.46802676000004,9.891674316000035],[98.47155426200004,9.895036693000065],[98.48047533500005,9.896076515000061],[98.48354333100008,9.897062912000024],[98.48667049500006,9.899717403000068],[98.49045706200008,9.905363928000043],[98.49185002600007,9.911063699000067],[98.48922275400008,9.91370941100007],[98.48526337300007,9.913703362000035]]],[[[98.52167852800005,9.920643977000054],[98.51361184100006,9.920478564000064],[98.51051493500006,9.916475332000061],[98.50811057200008,9.91069587000004],[98.50766772500003,9.907258487000036],[98.50973668100005,9.906817142000023],[98.51190503200007,9.909144702000049],[98.51286531000005,9.912495917000058],[98.51542002400004,9.911865395000063],[98.51828316600006,9.91378011300003],[98.52123386600005,9.918249943000035],[98.52167852800005,9.920643977000054]]],[[[98.53598322600004,9.917391130000055],[98.53716635500007,9.921163155000045],[98.53465049800008,9.92134386400005],[98.53405523700008,9.919222150000053],[98.53598322600004,9.917391130000055]]],[[[98.48709242600006,9.932805401000053],[98.48555134300005,9.93534299700002],[98.48026675700004,9.933198639000068],[98.47906349900006,9.930746101000068],[98.48053501200008,9.927552235000064],[98.48236973600007,9.926941285000055],[98.48960958400005,9.932480545000033],[98.48709242600006,9.932805401000053]]]]},"properties":{"Shape_Leng":0.663865302847,"Shape_Area":0.00605458503168,"ADM3_EN":"Pak Nam","ADM3_TH":"ปากน้ำ","ADM3_PCODE":"TH850105","ADM2_EN":"Mueang Ranong","ADM2_TH":"เมืองระนอง","ADM2_PCODE":"TH8501","ADM1_EN":"Ranong","ADM1_TH":"ระนอง","ADM1_PCODE":"TH85","ADM0_EN":"Thailand","ADM0_TH":"ประเทศไทย","ADM0_PCODE":"TH"}},
{"type":"Feature","geometry":{"type":"Polygon","coordinates":[[[98.65209552500005,9.958986044000028],[98.65165376600004,9.961606362000055],[98.65463297300005,9.962734677000071],[98.65919505000005,9.962580165000077],[98.66278449500004,9.966606076000062],[98.66261380300006,9.968427089000045],[98.67234022700006,9.97065384900003],[98.67296690000006,9.972135459000071],[98.67681621900005,9.973507675000064],[98.67936413300004,9.978700871000058],[98.67923970500004,9.982622580000054],[98.68492950000007,9.984320574000037],[98.68640558000004,9.985654414000066],[98.69357159100008,9.987058051000076],[98.69518390600007,9.988666838000029],[98.69358680400006,9.991672788000074],[98.69551407800009,9.996495866000032],[98.69192870400008,10.004226920000065],[98.68648499500006,10.006569636000052],[98.68523432700005,10.013704631000053],[98.68057825500006,10.014607816000023],[98.67982110700007,10.017787731000055],[98.68181733400007,10.025231865000023],[98.68119652200005,10.028200734000052],[98.68257427700007,10.030011952000052],[98.68062630000009,10.03806015500004],[98.68114870000005,10.04319844500003],[98.68305176500007,10.047704249000049],[98.68206432800008,10.050591231000055],[98.68234744600005,10.05630362900007],[98.68484282400004,10.060610258000054],[98.67836717200004,10.05795002800005],[98.67325590500008,10.056750255000054],[98.67067658200006,10.060573803000068],[98.67115633800006,10.063363613000035],[98.66924967000006,10.069023572000049],[98.66602372800008,10.071295364000036],[98.66685658800009,10.075541444000066],[98.66446080000009,10.076239893000036],[98.65864748000007,10.072321793000071],[98.65744026000004,10.064686687000062],[98.65424962400004,10.062692559000027],[98.65269706000004,10.05873185300004],[98.65204091800007,10.053791305000061],[98.64736365400006,10.046519574000058],[98.64528895500007,10.039073895000058],[98.64676817600008,10.037348679000047],[98.64570891600005,10.033272872000055],[98.64249127700003,10.028036587000031],[98.64367304800004,10.025603424000053],[98.64673326200005,10.024140099000022],[98.64708878500005,10.02166960300002],[98.64542789200004,10.018996383000058],[98.64595110600004,10.015735240000026],[98.64306484800005,10.014134736000074],[98.63914813900004,10.014016188000028],[98.63493950500003,10.005616438000061],[98.63247955300005,10.00536710700004],[98.62554936600009,9.998579659000029],[98.62280751100008,9.994757674000027],[98.61283341000006,9.986796304000052],[98.61277696100007,9.985434097000052],[98.60783275400007,9.97731254300004],[98.60648308400005,9.971528352000064],[98.60821428300005,9.970225388000074],[98.60605036700008,9.969007905000069],[98.60700686300004,9.965571716000056],[98.60567994600007,9.96362956400003],[98.60618946500006,9.960884742000076],[98.60458236700003,9.960132169000076],[98.60082961300009,9.961580152000067],[98.59729674400006,9.956921011000077],[98.60016849900006,9.955808177000051],[98.60710734900005,9.95576077800007],[98.61193073000004,9.959404857000038],[98.61479331500004,9.963567972000021],[98.62308744500007,9.963638647000039],[98.62931361700004,9.96130009500007],[98.63109196100004,9.959591231000047],[98.63219802800006,9.963848798000072],[98.63147642700005,9.966176375000032],[98.63223985400003,9.971272456000065],[98.63058628700009,9.973637556000028],[98.62995898300005,9.977756959000033],[98.63632736900007,9.980537158000061],[98.63914041800007,9.980720232000067],[98.64221955900007,9.971958358000052],[98.64558144100005,9.967329512000049],[98.64746528900008,9.962823094000044],[98.64643834000003,9.961000418000026],[98.64837374900009,9.959218270000065],[98.65209552500005,9.958986044000028]]]},"properties":{"Shape_Leng":0.460861287598,"Shape_Area":0.00495087746302,"ADM3_EN":"Bang Non","ADM3_TH":"บางนอน","ADM3_PCODE":"TH850106","ADM2_EN":"Mueang Ranong","ADM2_TH":"เมืองระนอง","ADM2_PCODE":"TH8501","ADM1_EN":"Ranong","ADM1_TH":"ระนอง","ADM1_PCODE":"TH85","ADM0_EN":"Thailand","ADM0_TH":"ประเทศไทย","ADM0_PCODE":"TH"}},
{"type":"Feature","geometry":{"type":"Polygon","coordinates":[[[98.65228035300004,9.958324567000034],[98.65345985400006,9.94980427300004],[98.65545624600009,9.949833521000073],[98.66253021900008,9.945795671000042],[98.66261609500003,9.938588862000074],[98.66035135400006,9.933092207000072],[98.66186517400007,9.929619058000071],[98.66309154100009,9.921351831000038],[98.66504166400006,9.919526615000052],[98.66508870700005,9.914097602000027],[98.66690698500008,9.906343479000043],[98.66593354500009,9.894924437000043],[98.66690556200007,9.89227160400003],[98.66664972400008,9.887070620000031],[98.66887432200008,9.883971737000024],[98.66843636000004,9.877423709000027],[98.66617666800005,9.874447800000041],[98.66222458700008,9.867202243000065],[98.65937822600006,9.864061012000036],[98.65765931600004,9.860337199000071],[98.65797535600007,9.857347546000028],[98.65577975800005,9.857470104000072],[98.65368823800009,9.85262040200007],[98.65466453900007,9.847473231000038],[98.65663453000008,9.846652310000024],[98.65544410000007,9.843786120000061],[98.65711416900007,9.840231084000038],[98.65701439000009,9.833965842000055],[98.65801250000004,9.833080933000076],[98.65832828900005,9.824923214000023],[98.65593501700005,9.822587421000037],[98.65713840900008,9.81640272200002],[98.66272584200004,9.808202479000045],[98.66428926000003,9.815406319000033],[98.66924759600005,9.818317924000041],[98.67094992200003,9.822475606000069],[98.67636860300007,9.827226972000062],[98.67891804800007,9.82809207500003],[98.68220521900008,9.834673547000023],[98.68647121500004,9.83432631900007],[98.68973106100003,9.832076159000053],[98.69290531000007,9.833524177000072],[98.69653529500005,9.839320993000058],[98.69734110900004,9.842270943000074],[98.70170300000007,9.848380170000041],[98.70464899400008,9.85007519900006],[98.70395447900006,9.852262999000061],[98.70710981100007,9.85328318300003],[98.71865945000008,9.86406138600006],[98.72115915600006,9.867507173000035],[98.71964153800008,9.871567011000025],[98.72165806000004,9.87706189000005],[98.71947460600006,9.881974026000023],[98.72058005500008,9.884033779000049],[98.71905075500007,9.887479064000047],[98.72037479800008,9.893343109000057],[98.72743761100008,9.898328779000053],[98.73051766100008,9.903596204000053],[98.73665415600004,9.905348477000075],[98.74426842800005,9.913521631000037],[98.74470896600008,9.915959372000032],[98.74505473800008,9.922438912000075],[98.73980532700006,9.926571177000028],[98.74120980300006,9.931001778000052],[98.73906578300006,9.939492638000047],[98.73599433100009,9.942714008000053],[98.73007275600008,9.951682770000048],[98.72971816000006,9.953525346000049],[98.72663292000004,9.954686214000048],[98.72077892700008,9.958754932000033],[98.71630663300004,9.964535559000069],[98.71057553000009,9.96473633200003],[98.70802365700007,9.972690754000041],[98.70370140100005,9.97698921600005],[98.70503706200009,9.979929510000034],[98.70030732400005,9.98750661300005],[98.69518390600007,9.988666838000029],[98.69357159100008,9.987058051000076],[98.68640558000004,9.985654414000066],[98.68492950000007,9.984320574000037],[98.67923970500004,9.982622580000054],[98.67936413300004,9.978700871000058],[98.67681621900005,9.973507675000064],[98.67296690000006,9.972135459000071],[98.67234022700006,9.97065384900003],[98.66261380300006,9.968427089000045],[98.66278449500004,9.966606076000062],[98.65919505000005,9.962580165000077],[98.65463297300005,9.962734677000071],[98.65165376600004,9.961606362000055],[98.65209552500005,9.958986044000028],[98.65228035300004,9.958324567000034]]]},"properties":{"Shape_Leng":0.509283642124,"Shape_Area":0.00924704693221,"ADM3_EN":"Hat Som Paen","ADM3_TH":"หาดส้มแป้น","ADM3_PCODE":"TH850107","ADM2_EN":"Mueang Ranong","ADM2_TH":"เมืองระนอง","ADM2_PCODE":"TH8501","ADM1_EN":"Ranong","ADM1_TH":"ระนอง","ADM1_PCODE":"TH85","ADM0_EN":"Thailand","ADM0_TH":"ประเทศไทย","ADM0_PCODE":"TH"}},
{"type":"Feature","geometry":{"type":"Polygon","coordinates":[[[98.66685658800009,10.075541444000066],[98.66602372800008,10.071295364000036],[98.66924967000006,10.069023572000049],[98.67115633800006,10.063363613000035],[98.67067658200006,10.060573803000068],[98.67325590500008,10.056750255000054],[98.67836717200004,10.05795002800005],[98.68484282400004,10.060610258000054],[98.68403162400006,10.062471722000055],[98.68125282200003,10.062863943000025],[98.68006660400005,10.073597219000021],[98.68188196700004,10.077225308000038],[98.68230244500006,10.082747512000026],[98.68459717300004,10.087034576000065],[98.68542932700007,10.09334020600005],[98.68848098000007,10.101901552000072],[98.69204069800008,10.105926191000037],[98.69630480300003,10.105587655000022],[98.69806162300006,10.101537025000027],[98.70264004600006,10.105506742000046],[98.70415427800003,10.109836077000068],[98.70319235000005,10.111578724000026],[98.70555638000008,10.116415053000026],[98.70510293100006,10.12040260300006],[98.70611433400006,10.123029806000034],[98.71001062600004,10.125797177000038],[98.71337403100006,10.132471850000059],[98.71358749900008,10.138803031000066],[98.71464183200004,10.140769892000037],[98.71923313200006,10.14164633400003],[98.72177653600005,10.140903509000054],[98.72393417300003,10.14237055600006],[98.73162826300006,10.144491260000052],[98.73129618900003,10.147681960000057],[98.73472783600005,10.152129664000029],[98.73198805300007,10.156869292000067],[98.73208929400005,10.161518872000045],[98.73447843200006,10.159825793000039],[98.74036926400004,10.158970279000073],[98.74809775100005,10.161971642000026],[98.75156502100003,10.16227589600004],[98.75506361600009,10.160461517000044],[98.75662693400005,10.157764217000022],[98.75722441600004,10.161329188000025],[98.75334672600007,10.163517475000049],[98.75233229000008,10.16671782800006],[98.74396953500008,10.169853119000038],[98.72019214600004,10.170955366000044],[98.71041006900003,10.176521801000035],[98.70474925200006,10.182026870000072],[98.70078190400005,10.183325239000055],[98.69881161100005,10.182207452000057],[98.69092429300008,10.174750605000042],[98.68604332300004,10.172776413000065],[98.68363643000004,10.173119631000077],[98.67369042500007,10.178670914000065],[98.67187773500007,10.174044534000075],[98.66404500400006,10.169083581000052],[98.65729002800003,10.167603588000077],[98.65445373600005,10.166262037000024],[98.65229607600008,10.16210950900006],[98.64933456500006,10.151931427000022],[98.64731123800004,10.14871623700003],[98.64448272300007,10.140279298000053],[98.63888565300005,10.131102172000055],[98.64153437700008,10.118587605000073],[98.64012240000005,10.112494649000041],[98.63555338400005,10.107520889000057],[98.63458191400008,10.104743187000054],[98.63398331400003,10.095569227000055],[98.63280756900008,10.088630660000035],[98.65451194800005,10.089228978000051],[98.65520524800007,10.091260799000054],[98.65801424700004,10.09070471800004],[98.65893880700008,10.092773979000071],[98.66036091400008,10.089183052000067],[98.66516150300004,10.090690519000077],[98.66780025200006,10.08736545000005],[98.66685912500009,10.084569566000027],[98.66685658800009,10.075541444000066]]]},"properties":{"Shape_Leng":0.48612887026,"Shape_Area":0.00659347386607,"ADM3_EN":"Sai Daeng","ADM3_TH":"ทรายแดง","ADM3_PCODE":"TH850108","ADM2_EN":"Mueang Ranong","ADM2_TH":"เมืองระนอง","ADM2_PCODE":"TH8501","ADM1_EN":"Ranong","ADM1_TH":"ระนอง","ADM1_PCODE":"TH85","ADM0_EN":"Thailand","ADM0_TH":"ประเทศไทย","ADM0_PCODE":"TH"}},
{"type":"Feature","geometry":{"type":"MultiPolygon","coordinates":[[[[98.42248491600009,9.717842618000077],[98.42163883900008,9.716420689000074],[98.42360730900003,9.713031637000029],[98.42565780400008,9.713661061000039],[98.42569903900005,9.71670492000004],[98.42248491600009,9.717842618000077]]],[[[98.41504496500005,9.770419850000053],[98.41562227100007,9.776724896000076],[98.41435132000004,9.776391734000072],[98.41147200700004,9.770638822000024],[98.40884270300006,9.771352660000048],[98.40466674900006,9.76888991800007],[98.40030410500003,9.764330828000027],[98.40164161900003,9.763250326000048],[98.40551254300004,9.76459833000007],[98.40874880200005,9.761865605000025],[98.40824783700003,9.755541142000027],[98.40661291500004,9.748231461000046],[98.40501866200003,9.746377222000035],[98.39770962100005,9.743885280000029],[98.39390793900009,9.745759141000065],[98.39244122700006,9.74793223200004],[98.39319665700003,9.75187617000006],[98.38841880100006,9.750321160000055],[98.38897774700007,9.747359392000021],[98.37959913600008,9.731584783000073],[98.37905682600007,9.729132424000056],[98.38353088500008,9.731891826000037],[98.38566423700007,9.731413316000044],[98.39189681600004,9.724391198000035],[98.39517792600009,9.71849955600004],[98.39688992500004,9.712252356000022],[98.39539790600008,9.709940227000061],[98.39111030500004,9.707568145000039],[98.38989141000008,9.703902605000053],[98.39612378100009,9.70534652300006],[98.40010192800008,9.705282606000026],[98.40308241100007,9.707105633000026],[98.40355918400007,9.711015984000028],[98.40892420400007,9.712808731000052],[98.41709176100005,9.718055758000048],[98.41799372400004,9.720793549000064],[98.42071701300006,9.722139242000026],[98.42324308800005,9.730320710000058],[98.42726566900006,9.73385025500005],[98.42389939000009,9.735152554000024],[98.42238123200008,9.73747933900006],[98.42154089500008,9.744931389000044],[98.41911501400006,9.748233282000058],[98.41503972400005,9.75851947700005],[98.41574131100003,9.76915027800004],[98.41504496500005,9.770419850000053]]],[[[98.44670662000004,9.778134321000039],[98.44932691500009,9.783776805000059],[98.44920237400004,9.786819669000067],[98.44548875800007,9.783757392000041],[98.44456324900005,9.78125293000005],[98.44670662000004,9.778134321000039]]],[[[98.45807584300007,9.863025406000077],[98.45382123700006,9.868550175000053],[98.45457000000005,9.87220015500003],[98.45095731800006,9.87455663000003],[98.44694563400009,9.866766858000062],[98.44412167100006,9.862714033000032],[98.44233365400004,9.86282927600007],[98.43650342800004,9.856939391000026],[98.43664610100006,9.853636081000047],[98.43913545100008,9.851063572000044],[98.44138147500007,9.844330179000053],[98.44106242100008,9.839158614000041],[98.44181433600005,9.834963927000047],[98.43949539200008,9.831975665000073],[98.43228741200005,9.830663500000071],[98.43107085500009,9.827736127000037],[98.43304157600005,9.825198241000066],[98.43045630200004,9.821234366000056],[98.43171331600007,9.81789746800007],[98.43169001800004,9.814085637000062],[98.43368988800006,9.81187282600007],[98.43307740600005,9.804130018000023],[98.43818282500007,9.79757866600005],[98.43967312900008,9.797137898000074],[98.44568671900004,9.799688974000048],[98.44878999700006,9.796680042000048],[98.45109459100007,9.790183015000025],[98.45484656400004,9.79119372100007],[98.45603097400004,9.795627959000058],[98.45310845300008,9.797455299000035],[98.45468000300008,9.801978812000073],[98.45271109000004,9.803600833000075],[98.45359980900008,9.806675348000056],[98.45329457500009,9.81113674200003],[98.45477603300009,9.816132890000063],[98.45825978200008,9.81737953000004],[98.46377862500003,9.812955970000075],[98.46419220400008,9.815143246000048],[98.46879582400004,9.824103825000066],[98.46791962300006,9.831726072000038],[98.46502539000005,9.834321814000077],[98.46466129400005,9.838398982000058],[98.46563821100005,9.842330533000052],[98.47116099100003,9.85436562600006],[98.47198649700005,9.859892561000038],[98.47463500700007,9.862053769000056],[98.47528165900007,9.86766906500003],[98.47196725200007,9.871978026000022],[98.46994458400007,9.869729133000021],[98.46944307800004,9.866566619000025],[98.46700585900004,9.862721423000039],[98.46126234300004,9.86156866400006],[98.45807584300007,9.863025406000077]]]]},"properties":{"Shape_Leng":0.565664403958,"Shape_Area":0.00341416973889,"ADM3_EN":"Ko Phayam","ADM3_TH":"เกาะพยาม","ADM3_PCODE":"TH850109","ADM2_EN":"Mueang Ranong","ADM2_TH":"เมืองระนอง","ADM2_PCODE":"TH8501","ADM1_EN":"Ranong","ADM1_TH":"ระนอง","ADM1_PCODE":"TH85","ADM0_EN":"Thailand","ADM0_TH":"ประเทศไทย","ADM0_PCODE":"TH"}},
{"type":"Feature","geometry":{"type":"Polygon","coordinates":[[[98.75662693400005,10.157764217000022],[98.75190106100007,10.154048295000052],[98.75014157300006,10.151526154000067],[98.74869822300008,10.143635412000037],[98.74671979400006,10.139652716000057],[98.74574947000008,10.134636142000033],[98.74192061400004,10.131432537000023],[98.74165092800007,10.129906150000068],[98.74473655800006,10.130033823000076],[98.74529307700004,10.126303175000032],[98.74243665400007,10.123560940000061],[98.73987547900003,10.12339068600005],[98.73816707700007,10.119823525000072],[98.74311812500008,10.113590184000032],[98.74495864400006,10.110117767000077],[98.74391882700007,10.105567691000033],[98.74243206500006,10.104405868000072],[98.74252077500006,10.10032026400006],[98.74090940300005,10.09548279300003],[98.74297692500005,10.092781281000043],[98.74454763700004,10.090483912000025],[98.74930204100008,10.091825679000067],[98.75076931500007,10.089039184000058],[98.75364807700004,10.088464980000026],[98.75595454500007,10.093475879000039],[98.75993569900004,10.098276404000046],[98.76399412000006,10.099261261000038],[98.77122794700006,10.103077559000042],[98.77318980000007,10.105082280000033],[98.77759984500005,10.103891522000026],[98.78561381700007,10.107060456000056],[98.79138052600007,10.111703136000074],[98.79234745800005,10.115132054000071],[98.79821962600005,10.115507858000058],[98.80539421000003,10.11367825000002],[98.81094623400008,10.118955424000035],[98.81228684700005,10.123583652000036],[98.81090052100006,10.126941170000066],[98.81102276100006,10.130788922000022],[98.80622119200007,10.132153678000066],[98.80347692000004,10.13414848800005],[98.79811835500004,10.136940610000067],[98.79375061500008,10.13647372400004],[98.78975966600007,10.143017248000035],[98.78492136600005,10.14695802700004],[98.77977269300004,10.147904754000024],[98.77657956900003,10.152144771000053],[98.77122552600008,10.153926807000062],[98.76630698200006,10.153272025000035],[98.76443389100007,10.156397879000053],[98.75662693400005,10.157764217000022]]]},"properties":{"Shape_Leng":0.257701482429,"Shape_Area":0.00284649103122,"ADM3_EN":"La-Un Tai","ADM3_TH":"ละอุ่นใต้","ADM3_PCODE":"TH850201","ADM2_EN":"La-Un","ADM2_TH":"ละอุ่น","ADM2_PCODE":"TH8502","ADM1_EN":"Ranong","ADM1_TH":"ระนอง","ADM1_PCODE":"TH85","ADM0_EN":"Thailand","ADM0_TH":"ประเทศไทย","ADM0_PCODE":"TH"}},
{"type":"Feature","geometry":{"type":"Polygon","coordinates":[[[98.74297692500005,10.092781281000043],[98.74157206300004,10.088248638000039],[98.74275097500004,10.077193151000074],[98.74992643400009,10.075754478000022],[98.75271212300004,10.070686805000037],[98.75508178000007,10.070021539000038],[98.75441222900008,10.062728452000044],[98.75650556100004,10.057961015000046],[98.75867700300006,10.055732851000073],[98.76664589000006,10.05802783200005],[98.76844347100007,10.059684313000048],[98.77132413100009,10.059156462000033],[98.77266685700005,10.056093015000044],[98.77677499200007,10.053355888000056],[98.78267386400006,10.047658350000063],[98.78287842700007,10.045734493000054],[98.77813110800008,10.040796917000023],[98.77803471900006,10.037701095000045],[98.77505270100005,10.035001927000053],[98.77431578900007,10.030553491000035],[98.77126281300008,10.027049822000038],[98.77174965000006,10.018634529000053],[98.77264252000003,10.014998237000043],[98.76977936700007,10.006036620000032],[98.76972428500005,10.001957919000063],[98.76836047800003,9.99440319300004],[98.76681856600004,9.992910322000057],[98.76666197400004,9.98851107400003],[98.76371323500007,9.984325213000034],[98.76418061700008,9.979071150000038],[98.76003110400006,9.97067099800006],[98.75975713300005,9.967272367000021],[98.76128634200006,9.961803314000065],[98.75932069700008,9.956740771000057],[98.75847182800004,9.949374551000062],[98.76082421900009,9.944622615000071],[98.76333309000006,9.941861543000073],[98.76737910300005,9.93983042900004],[98.77205155200005,9.945972179000023],[98.78062840300004,9.950373065000065],[98.78377910600005,9.949204051000038],[98.79047747200008,9.944552802000032],[98.79381408900008,9.940725797000027],[98.79539829300006,9.940456200000028],[98.80187645600006,9.943337317000044],[98.80953047900005,9.93727427400006],[98.81396141800008,9.93614941800007],[98.81624480800008,9.937854661000074],[98.81772594000006,9.941657032000023],[98.82311540600006,9.947479091000048],[98.82177806200008,9.958934171000067],[98.82408032200004,9.961953067000024],[98.82650422000006,9.968883339000058],[98.82948454800004,9.970908823000059],[98.82956280600007,9.975635487000034],[98.82816644400003,9.977166444000034],[98.83137687300007,9.980255958000043],[98.83327825100008,9.979776016000073],[98.83587434300006,9.98446326100003],[98.83380385200007,9.989455956000029],[98.83104483300008,9.991862924000031],[98.82943366400008,9.995433674000026],[98.82901507500009,10.003125827000076],[98.83055485400007,10.006049147000056],[98.83003177100005,10.010306418000027],[98.83117430000004,10.014812864000021],[98.82793873700007,10.015804715000058],[98.82963856600009,10.02570380900005],[98.83209629400005,10.02534214000002],[98.83033259100006,10.027695097000048],[98.83330642200008,10.034100055000067],[98.83350754100007,10.037648919000048],[98.83522623200008,10.038671411000053],[98.83445140600008,10.04253503800004],[98.83806785600007,10.04098183900004],[98.83826360300009,10.04476319500003],[98.84081430300006,10.048793180000075],[98.84418029900007,10.051313227000037],[98.84679126900005,10.056172225000068],[98.84643926400008,10.062386250000031],[98.83879431400004,10.06320752800002],[98.83552876700008,10.066640508000035],[98.84620798500004,10.078094991000057],[98.84752884300008,10.082868361000067],[98.85120589600007,10.085518646000025],[98.85292707800005,10.083080600000073],[98.85615503800005,10.084104748000073],[98.85849982100007,10.089579495000066],[98.86280067100006,10.093453371000066],[98.86313704800006,10.099138350000032],[98.86612971100004,10.104601192000075],[98.86589428300005,10.10897910600005],[98.86369526500005,10.110384666000073],[98.86306491900007,10.115551412000059],[98.86414027000006,10.119038659000068],[98.85858301800005,10.119207802000062],[98.86050301800003,10.125915467000027],[98.85931015200003,10.127382071000056],[98.86023107400007,10.132222064000075],[98.86246136300008,10.133080411000037],[98.86748047900005,10.132777618000034],[98.86867230500008,10.133826036000073],[98.86798978600007,10.141112626000051],[98.86988774200006,10.144966057000033],[98.86956172700008,10.153864379000026],[98.86491978500004,10.155937981000022],[98.85960126300006,10.154890905000059],[98.85373480600003,10.158273680000036],[98.85254239700004,10.157985587000042],[98.85126853800006,10.152690607000068],[98.84521569700007,10.152317235000055],[98.84191953500005,10.146033450000061],[98.83908263500007,10.143184882000071],[98.83791590900006,10.145354480000037],[98.83255044600008,10.145111256000064],[98.82864025800006,10.143296171000031],[98.82645652700006,10.140395239000043],[98.81899886300005,10.138784797000028],[98.81444049800007,10.139637752000056],[98.81194792600007,10.137829742000065],[98.80712036700004,10.138021681000055],[98.80347692000004,10.13414848800005],[98.80622119200007,10.132153678000066],[98.81102276100006,10.130788922000022],[98.81090052100006,10.126941170000066],[98.81228684700005,10.123583652000036],[98.81094623400008,10.118955424000035],[98.80539421000003,10.11367825000002],[98.79821962600005,10.115507858000058],[98.79234745800005,10.115132054000071],[98.79138052600007,10.111703136000074],[98.78561381700007,10.107060456000056],[98.77759984500005,10.103891522000026],[98.77318980000007,10.105082280000033],[98.77122794700006,10.103077559000042],[98.76399412000006,10.099261261000038],[98.75993569900004,10.098276404000046],[98.75595454500007,10.093475879000039],[98.75364807700004,10.088464980000026],[98.75076931500007,10.089039184000058],[98.74930204100008,10.091825679000067],[98.74454763700004,10.090483912000025],[98.74297692500005,10.092781281000043]]]},"properties":{"Shape_Leng":0.769744650501,"Shape_Area":0.0143411572312,"ADM3_EN":"La-Un Nuea","ADM3_TH":"ละอุ่นเหนือ","ADM3_PCODE":"TH850202","ADM2_EN":"La-Un","ADM2_TH":"ละอุ่น","ADM2_PCODE":"TH8502","ADM1_EN":"Ranong","ADM1_TH":"ระนอง","ADM1_PCODE":"TH85","ADM0_EN":"Thailand","ADM0_TH":"ประเทศไทย","ADM0_PCODE":"TH"}},
{"type":"Feature","geometry":{"type":"Polygon","coordinates":[[[98.70264004600006,10.105506742000046],[98.70856571700006,10.10670919000006],[98.71260656200008,10.108499825000024],[98.71747586300006,10.104966249000029],[98.71958902800009,10.100030364000077],[98.71990577600008,10.096782033000068],[98.72491095300006,10.096411929000055],[98.73082565500005,10.093281838000053],[98.73676601700004,10.094405075000054],[98.74297692500005,10.092781281000043],[98.74090940300005,10.09548279300003],[98.74252077500006,10.10032026400006],[98.74243206500006,10.104405868000072],[98.74391882700007,10.105567691000033],[98.74495864400006,10.110117767000077],[98.74311812500008,10.113590184000032],[98.73816707700007,10.119823525000072],[98.73987547900003,10.12339068600005],[98.74243665400007,10.123560940000061],[98.74529307700004,10.126303175000032],[98.74473655800006,10.130033823000076],[98.74165092800007,10.129906150000068],[98.74192061400004,10.131432537000023],[98.74574947000008,10.134636142000033],[98.74671979400006,10.139652716000057],[98.74869822300008,10.143635412000037],[98.75014157300006,10.151526154000067],[98.75190106100007,10.154048295000052],[98.75662693400005,10.157764217000022],[98.75506361600009,10.160461517000044],[98.75156502100003,10.16227589600004],[98.74809775100005,10.161971642000026],[98.74036926400004,10.158970279000073],[98.73447843200006,10.159825793000039],[98.73208929400005,10.161518872000045],[98.73198805300007,10.156869292000067],[98.73472783600005,10.152129664000029],[98.73129618900003,10.147681960000057],[98.73162826300006,10.144491260000052],[98.72393417300003,10.14237055600006],[98.72177653600005,10.140903509000054],[98.71923313200006,10.14164633400003],[98.71464183200004,10.140769892000037],[98.71358749900008,10.138803031000066],[98.71337403100006,10.132471850000059],[98.71001062600004,10.125797177000038],[98.70611433400006,10.123029806000034],[98.70510293100006,10.12040260300006],[98.70555638000008,10.116415053000026],[98.70319235000005,10.111578724000026],[98.70415427800003,10.109836077000068],[98.70264004600006,10.105506742000046]]]},"properties":{"Shape_Leng":0.246051608973,"Shape_Area":0.00186271199626,"ADM3_EN":"Bang Phra Tai","ADM3_TH":"บางพระใต้","ADM3_PCODE":"TH850203","ADM2_EN":"La-Un","ADM2_TH":"ละอุ่น","ADM2_PCODE":"TH8502","ADM1_EN":"Ranong","ADM1_TH":"ระนอง","ADM1_PCODE":"TH85","ADM0_EN":"Thailand","ADM0_TH":"ประเทศไทย","ADM0_PCODE":"TH"}},
{"type":"Feature","geometry":{"type":"Polygon","coordinates":[[[98.69518390600007,9.988666838000029],[98.70030732400005,9.98750661300005],[98.70503706200009,9.979929510000034],[98.70370140100005,9.97698921600005],[98.70802365700007,9.972690754000041],[98.71057553000009,9.96473633200003],[98.71630663300004,9.964535559000069],[98.72077892700008,9.958754932000033],[98.72663292000004,9.954686214000048],[98.72971816000006,9.953525346000049],[98.73007275600008,9.951682770000048],[98.73599433100009,9.942714008000053],[98.73906578300006,9.939492638000047],[98.74120980300006,9.931001778000052],[98.73980532700006,9.926571177000028],[98.74505473800008,9.922438912000075],[98.74470896600008,9.915959372000032],[98.75139490100008,9.917543299000044],[98.75354067300003,9.925888503000067],[98.75405047100008,9.931520441000032],[98.75651988500005,9.934229918000028],[98.76178506900004,9.937469616000044],[98.76737910300005,9.93983042900004],[98.76333309000006,9.941861543000073],[98.76082421900009,9.944622615000071],[98.75847182800004,9.949374551000062],[98.75932069700008,9.956740771000057],[98.76128634200006,9.961803314000065],[98.75975713300005,9.967272367000021],[98.76003110400006,9.97067099800006],[98.76418061700008,9.979071150000038],[98.76371323500007,9.984325213000034],[98.76666197400004,9.98851107400003],[98.76681856600004,9.992910322000057],[98.76836047800003,9.99440319300004],[98.76972428500005,10.001957919000063],[98.76977936700007,10.006036620000032],[98.77264252000003,10.014998237000043],[98.77174965000006,10.018634529000053],[98.77126281300008,10.027049822000038],[98.77431578900007,10.030553491000035],[98.77505270100005,10.035001927000053],[98.77803471900006,10.037701095000045],[98.77813110800008,10.040796917000023],[98.78287842700007,10.045734493000054],[98.78267386400006,10.047658350000063],[98.77677499200007,10.053355888000056],[98.77266685700005,10.056093015000044],[98.77132413100009,10.059156462000033],[98.76844347100007,10.059684313000048],[98.76664589000006,10.05802783200005],[98.75867700300006,10.055732851000073],[98.75650556100004,10.057961015000046],[98.75441222900008,10.062728452000044],[98.75508178000007,10.070021539000038],[98.75271212300004,10.070686805000037],[98.74992643400009,10.075754478000022],[98.74275097500004,10.077193151000074],[98.74157206300004,10.088248638000039],[98.74297692500005,10.092781281000043],[98.73676601700004,10.094405075000054],[98.73082565500005,10.093281838000053],[98.72491095300006,10.096411929000055],[98.71990577600008,10.096782033000068],[98.71958902800009,10.100030364000077],[98.71747586300006,10.104966249000029],[98.71260656200008,10.108499825000024],[98.70856571700006,10.10670919000006],[98.70264004600006,10.105506742000046],[98.69806162300006,10.101537025000027],[98.69630480300003,10.105587655000022],[98.69204069800008,10.105926191000037],[98.68848098000007,10.101901552000072],[98.68542932700007,10.09334020600005],[98.68459717300004,10.087034576000065],[98.68230244500006,10.082747512000026],[98.68188196700004,10.077225308000038],[98.68006660400005,10.073597219000021],[98.68125282200003,10.062863943000025],[98.68403162400006,10.062471722000055],[98.68484282400004,10.060610258000054],[98.68234744600005,10.05630362900007],[98.68206432800008,10.050591231000055],[98.68305176500007,10.047704249000049],[98.68114870000005,10.04319844500003],[98.68062630000009,10.03806015500004],[98.68257427700007,10.030011952000052],[98.68119652200005,10.028200734000052],[98.68181733400007,10.025231865000023],[98.67982110700007,10.017787731000055],[98.68057825500006,10.014607816000023],[98.68523432700005,10.013704631000053],[98.68648499500006,10.006569636000052],[98.69192870400008,10.004226920000065],[98.69551407800009,9.996495866000032],[98.69358680400006,9.991672788000074],[98.69518390600007,9.988666838000029]]]},"properties":{"Shape_Leng":0.546235813313,"Shape_Area":0.0113310128155,"ADM3_EN":"Bang Phra Nuea","ADM3_TH":"บางพระเหนือ","ADM3_PCODE":"TH850204","ADM2_EN":"La-Un","ADM2_TH":"ละอุ่น","ADM2_PCODE":"TH8502","ADM1_EN":"Ranong","ADM1_TH":"ระนอง","ADM1_PCODE":"TH85","ADM0_EN":"Thailand","ADM0_TH":"ประเทศไทย","ADM0_PCODE":"TH"}},
{"type":"Feature","geometry":{"type":"Polygon","coordinates":[[[98.75662693400005,10.157764217000022],[98.76443389100007,10.156397879000053],[98.76630698200006,10.153272025000035],[98.77122552600008,10.153926807000062],[98.77657956900003,10.152144771000053],[98.77977269300004,10.147904754000024],[98.78492136600005,10.14695802700004],[98.78975966600007,10.143017248000035],[98.79375061500008,10.13647372400004],[98.79811835500004,10.136940610000067],[98.80347692000004,10.13414848800005],[98.80712036700004,10.138021681000055],[98.81194792600007,10.137829742000065],[98.81444049800007,10.139637752000056],[98.81899886300005,10.138784797000028],[98.82645652700006,10.140395239000043],[98.82864025800006,10.143296171000031],[98.83255044600008,10.145111256000064],[98.83791590900006,10.145354480000037],[98.83908263500007,10.143184882000071],[98.84191953500005,10.146033450000061],[98.84521569700007,10.152317235000055],[98.85126853800006,10.152690607000068],[98.85254239700004,10.157985587000042],[98.85373480600003,10.158273680000036],[98.85960126300006,10.154890905000059],[98.86491978500004,10.155937981000022],[98.86956172700008,10.153864379000026],[98.87264422100009,10.155777250000028],[98.88412431400008,10.156389941000043],[98.88882401900008,10.160447316000045],[98.88892842500007,10.169196832000068],[98.88392555700005,10.173785057000032],[98.88303495500008,10.176014466000026],[98.87828973800003,10.17811008700005],[98.87773054200005,10.181920572000024],[98.87115102800004,10.18574985600003],[98.87113370500003,10.187970588000042],[98.87359786700006,10.192932493000058],[98.87549466100006,10.19449501300005],[98.87585222300004,10.19867001700004],[98.87517524400005,10.204372397000043],[98.87049967400009,10.200831071000039],[98.86304081000009,10.199313447000065],[98.85536431200006,10.201988131000064],[98.85235128400006,10.20178442100007],[98.85051249500003,10.203746713000044],[98.84540706000007,10.204542508000031],[98.84308992500007,10.20717710200006],[98.83092038000007,10.20052369900003],[98.82711551700004,10.200907402000041],[98.82510885300007,10.204364261000023],[98.82558088700006,10.209471592000057],[98.82357737300003,10.212911820000045],[98.81696707300006,10.215053099000045],[98.81382987900008,10.214318435000052],[98.80837709900004,10.211271277000037],[98.80635289900005,10.208268768000039],[98.80317810700006,10.207245380000074],[98.80026339600005,10.208418465000022],[98.79583294000008,10.21179115700005],[98.79615452500008,10.214288427000042],[98.79121738000003,10.21560751800007],[98.78567412700005,10.219169498000042],[98.78298540300005,10.219929850000028],[98.77990325500008,10.214667347000045],[98.77529878400009,10.213028226000063],[98.77137977300004,10.21307760600007],[98.77028609800004,10.209967730000074],[98.76442159000004,10.206639930000051],[98.75849312800005,10.210920161000047],[98.75886499400008,10.213785388000076],[98.75623335700004,10.21618358400002],[98.75280114100008,10.21661367300004],[98.75154259200008,10.21956827400004],[98.74793141600009,10.222425846000021],[98.74040756600004,10.225650201000064],[98.73801197200004,10.224369258000024],[98.73673575300006,10.225875493000046],[98.73326603600003,10.223190630000033],[98.72667922000005,10.224789387000044],[98.72517537400006,10.22624879500006],[98.72132934500007,10.22672665400006],[98.71895778200007,10.225408346000052],[98.71108762800009,10.226936845000068],[98.70614203700006,10.229022998000062],[98.69863118400008,10.210390344000075],[98.69524351100006,10.204726552000068],[98.68275456200007,10.19295015800003],[98.67731508800006,10.185956918000045],[98.67369042500007,10.178670914000065],[98.68363643000004,10.173119631000077],[98.68604332300004,10.172776413000065],[98.69092429300008,10.174750605000042],[98.69881161100005,10.182207452000057],[98.70078190400005,10.183325239000055],[98.70474925200006,10.182026870000072],[98.71041006900003,10.176521801000035],[98.72019214600004,10.170955366000044],[98.74396953500008,10.169853119000038],[98.75233229000008,10.16671782800006],[98.75334672600007,10.163517475000049],[98.75722441600004,10.161329188000025],[98.75662693400005,10.157764217000022]]]},"properties":{"Shape_Leng":0.60410114595,"Shape_Area":0.0109448998554,"ADM3_EN":"Bang Kaeo","ADM3_TH":"บางแก้ว","ADM3_PCODE":"TH850205","ADM2_EN":"La-Un","ADM2_TH":"ละอุ่น","ADM2_PCODE":"TH8502","ADM1_EN":"Ranong","ADM1_TH":"ระนอง","ADM1_PCODE":"TH85","ADM0_EN":"Thailand","ADM0_TH":"ประเทศไทย","ADM0_PCODE":"TH"}},
{"type":"Feature","geometry":{"type":"Polygon","coordinates":[[[98.83587434300006,9.98446326100003],[98.83929159300004,9.985181257000022],[98.84171496400006,9.990911422000067],[98.84524498800005,9.992516421000062],[98.85009570400007,9.992264351000074],[98.85483523700003,9.993885520000049],[98.85754513800003,9.997463112000048],[98.86109514100008,10.001909796000064],[98.86164125800008,10.003966907000063],[98.85904113200007,10.007138244000032],[98.85956388700004,10.010320555000021],[98.86167661000007,10.011812809000048],[98.86245777100004,10.01677214800003],[98.86439739600007,10.019554380000045],[98.86337855600004,10.024695596000072],[98.86600422200007,10.028796297000042],[98.86622143800008,10.033460997000077],[98.86893448200004,10.035409861000062],[98.86704328400003,10.037523833000023],[98.86885867800004,10.041191644000037],[98.87656091300005,10.041350134000027],[98.87978108600004,10.046261209000022],[98.88045666700003,10.05182106500007],[98.88238649300007,10.05301690400006],[98.88256476900006,10.05553747700003],[98.88532727600006,10.058633652000026],[98.88575166900006,10.062753650000047],[98.88093278800005,10.064552907000063],[98.87823078400004,10.06243954000007],[98.87426367800003,10.063829456000065],[98.86849269300006,10.063851086000057],[98.86709277300008,10.06286869400003],[98.86246082300005,10.064353315000062],[98.85933149600004,10.061425969000027],[98.85470010500006,10.06321987800004],[98.84643926400008,10.062386250000031],[98.84679126900005,10.056172225000068],[98.84418029900007,10.051313227000037],[98.84081430300006,10.048793180000075],[98.83826360300009,10.04476319500003],[98.83806785600007,10.04098183900004],[98.83445140600008,10.04253503800004],[98.83522623200008,10.038671411000053],[98.83350754100007,10.037648919000048],[98.83330642200008,10.034100055000067],[98.83033259100006,10.027695097000048],[98.83209629400005,10.02534214000002],[98.82963856600009,10.02570380900005],[98.82793873700007,10.015804715000058],[98.83117430000004,10.014812864000021],[98.83003177100005,10.010306418000027],[98.83055485400007,10.006049147000056],[98.82901507500009,10.003125827000076],[98.82943366400008,9.995433674000026],[98.83104483300008,9.991862924000031],[98.83380385200007,9.989455956000029],[98.83587434300006,9.98446326100003]]]},"properties":{"Shape_Leng":0.278490261936,"Shape_Area":0.00244870642439,"ADM3_EN":"Nai Wong Nuea","ADM3_TH":"ในวงเหนือ","ADM3_PCODE":"TH850206","ADM2_EN":"La-Un","ADM2_TH":"ละอุ่น","ADM2_PCODE":"TH8502","ADM1_EN":"Ranong","ADM1_TH":"ระนอง","ADM1_PCODE":"TH85","ADM0_EN":"Thailand","ADM0_TH":"ประเทศไทย","ADM0_PCODE":"TH"}},
{"type":"Feature","geometry":{"type":"Polygon","coordinates":[[[98.85754513800003,9.997463112000048],[98.86182536600006,9.995224543000063],[98.86710451200008,9.995429081000054],[98.86932068100003,9.996759914000052],[98.87130275400006,10.000056667000024],[98.87527315000006,10.000105160000032],[98.87975601800008,10.004530355000043],[98.88392655400008,10.005856978000054],[98.88628796000006,10.009327246000055],[98.88738009200006,10.014184842000077],[98.88910755200004,10.016505616000074],[98.89241050800007,10.017807746000074],[98.89525338300007,10.021278105000022],[98.89910316500004,10.023144125000044],[98.89978087500003,10.02470558500005],[98.90420317800005,10.026413173000037],[98.90629399300008,10.033955393000042],[98.90172703800005,10.041802561000054],[98.90053932900008,10.045700332000024],[98.90296881300009,10.054639031000022],[98.89708926700007,10.059988394000072],[98.89662131700004,10.061995189000072],[98.89205630100008,10.064571879000027],[98.88866151400003,10.061344209000026],[98.88575166900006,10.062753650000047],[98.88532727600006,10.058633652000026],[98.88256476900006,10.05553747700003],[98.88238649300007,10.05301690400006],[98.88045666700003,10.05182106500007],[98.87978108600004,10.046261209000022],[98.87656091300005,10.041350134000027],[98.86885867800004,10.041191644000037],[98.86704328400003,10.037523833000023],[98.86893448200004,10.035409861000062],[98.86622143800008,10.033460997000077],[98.86600422200007,10.028796297000042],[98.86337855600004,10.024695596000072],[98.86439739600007,10.019554380000045],[98.86245777100004,10.01677214800003],[98.86167661000007,10.011812809000048],[98.85956388700004,10.010320555000021],[98.85904113200007,10.007138244000032],[98.86164125800008,10.003966907000063],[98.86109514100008,10.001909796000064],[98.85754513800003,9.997463112000048]]]},"properties":{"Shape_Leng":0.210010535566,"Shape_Area":0.00172792599451,"ADM3_EN":"Nai Wong Tai","ADM3_TH":"ในวงใต้","ADM3_PCODE":"TH850207","ADM2_EN":"La-Un","ADM2_TH":"ละอุ่น","ADM2_PCODE":"TH8502","ADM1_EN":"Ranong","ADM1_TH":"ระนอง","ADM1_PCODE":"TH85","ADM0_EN":"Thailand","ADM0_TH":"ประเทศไทย","ADM0_PCODE":"TH"}},
{"type":"Feature","geometry":{"type":"MultiPolygon","coordinates":[[[[98.50314200200006,9.626768751000043],[98.50279011600009,9.624311466000051],[98.50026409000009,9.623995412000056],[98.49731945500008,9.617954671000064],[98.49083071900009,9.617367509000076],[98.49087905300007,9.620181724000076],[98.48666796200007,9.623257721000073],[98.48758594500003,9.62538507100004],[98.48540088600004,9.629626206000069],[98.48202807100006,9.629510172000039],[98.48054600900008,9.633729623000022],[98.47858828200003,9.634743478000075],[98.47354649400006,9.627279225000052],[98.47011970700004,9.624616420000052],[98.46741819700009,9.624781713000061],[98.46551851600003,9.628422348000072],[98.46334474300005,9.62875378700005],[98.46293959500008,9.625190023000073],[98.46472066000007,9.620451761000027],[98.46454800600009,9.60924607800007],[98.46509665000008,9.60192840600007],[98.46762762000009,9.596967034000045],[98.47158976000009,9.598810620000052],[98.47425968100004,9.597900770000024],[98.47553579700008,9.595627109000077],[98.48064587200008,9.592441889000042],[98.48822764900007,9.592586093000023],[98.48794757100006,9.594834229000071],[98.49048114800007,9.593929948000039],[98.49101925500008,9.591830280000067],[98.49778937300005,9.592557594000027],[98.50319987700004,9.595484817000056],[98.50819770200007,9.595500027000071],[98.51394144300008,9.591190522000034],[98.51668687700004,9.587202299000069],[98.52070000300006,9.583338188000027],[98.52233865900007,9.583816910000053],[98.52303815400006,9.581059157000027],[98.53040422900006,9.577505123000037],[98.53343719500003,9.578893932000028],[98.53537896500006,9.577460900000062],[98.53416340100006,9.57195411500004],[98.54448127200004,9.569488536000051],[98.54827165100005,9.574667693000038],[98.55403638400009,9.577260094000053],[98.55302176500004,9.582298957000035],[98.55431226300004,9.582576564000021],[98.55849645600006,9.579368028000033],[98.56031249400007,9.579932236000047],[98.56409434100004,9.58747149100003],[98.56712032600007,9.588493217000064],[98.56464700600009,9.596752404000028],[98.56628847800005,9.598578511000028],[98.56788855500008,9.604365709000035],[98.56657016200006,9.606025571000032],[98.56744346200009,9.60855705800003],[98.56570053600007,9.614298662000067],[98.56016307700008,9.614574986000036],[98.55687996700004,9.615709069000047],[98.55467772600008,9.615890758000035],[98.55137940000009,9.620121639000047],[98.54733026500008,9.620878271000038],[98.54594930600007,9.622753529000022],[98.54092731900005,9.623496622000062],[98.53716457300004,9.62906560700003],[98.53124978400007,9.633824731000061],[98.52834034500006,9.633251340000072],[98.52757902200005,9.63486920500003],[98.52146806600007,9.635020471000075],[98.51411675200006,9.63380003800006],[98.50748162200006,9.627687125000023],[98.50314200200006,9.626768751000043]]],[[[98.51544416100006,9.577498861000038],[98.51129094200007,9.573820051000041],[98.51281210200005,9.572123286000021],[98.52047778500008,9.572313403000067],[98.52644150900005,9.574295676000077],[98.52158135100007,9.57613150800006],[98.51544416100006,9.577498861000038]]],[[[98.47793536600005,9.581954060000044],[98.47284421800003,9.581965369000045],[98.47186798200005,9.577241121000043],[98.47506587500004,9.576524628000072],[98.47428999200008,9.574899152000057],[98.47833761300006,9.576411284000073],[98.48250671100004,9.571030500000063],[98.48362620700004,9.57284958400004],[98.48703187300003,9.573186836000048],[98.48921208900003,9.576674995000076],[98.48682538400004,9.579576700000075],[98.47993003900007,9.582302280000022],[98.47793536600005,9.581954060000044]]],[[[98.52006541900005,9.582388751000053],[98.51866261800006,9.584098693000044],[98.51355127700003,9.585968942000022],[98.51147864200004,9.585547285000075],[98.51240974500007,9.583454864000032],[98.52009119400003,9.581204341000046],[98.52006541900005,9.582388751000053]]],[[[98.46788753100009,9.573941668000032],[98.47050391600004,9.576464025000064],[98.47243622600007,9.582839204000038],[98.47415698900005,9.585804582000037],[98.47058089000006,9.588090274000024],[98.46888732500008,9.591639262000058],[98.46710012500006,9.592293248000033],[98.46671656600006,9.58714988500003],[98.46288293400005,9.584955467000043],[98.46310631000006,9.58315633500007],[98.46090025500007,9.57918736800002],[98.46212016900006,9.576212806000058],[98.46551600200007,9.573047029000065],[98.46788753100009,9.573941668000032]]],[[[98.46951523000007,9.593274866000058],[98.47026870900004,9.596285661000024],[98.46867604200008,9.596927569000059],[98.46951523000007,9.593274866000058]]],[[[98.49762625900007,9.62095293300007],[98.49912547900004,9.622179070000072],[98.49859027400004,9.624830337000049],[98.49762625900007,9.62095293300007]]]]},"properties":{"Shape_Leng":0.546829687047,"Shape_Area":0.00434377323509,"ADM3_EN":"Muang Kluang","ADM3_TH":"ม่วงกลวง","ADM3_PCODE":"TH850301","ADM2_EN":"Kapoe","ADM2_TH":"กะเปอร์","ADM2_PCODE":"TH8503","ADM1_EN":"Ranong","ADM1_TH":"ระนอง","ADM1_PCODE":"TH85","ADM0_EN":"Thailand","ADM0_TH":"ประเทศไทย","ADM0_PCODE":"TH"}},
{"type":"Feature","geometry":{"type":"Polygon","coordinates":[[[98.55687996700004,9.615709069000047],[98.56016307700008,9.614574986000036],[98.56570053600007,9.614298662000067],[98.56744346200009,9.60855705800003],[98.56657016200006,9.606025571000032],[98.56788855500008,9.604365709000035],[98.56628847800005,9.598578511000028],[98.56464700600009,9.596752404000028],[98.56712032600007,9.588493217000064],[98.56409434100004,9.58747149100003],[98.56031249400007,9.579932236000047],[98.55849645600006,9.579368028000033],[98.55431226300004,9.582576564000021],[98.55302176500004,9.582298957000035],[98.55403638400009,9.577260094000053],[98.54827165100005,9.574667693000038],[98.54448127200004,9.569488536000051],[98.55338282100007,9.565257019000057],[98.56309361300004,9.56244868500005],[98.56524708300003,9.562547837000068],[98.57190891600004,9.56551384900007],[98.57295738200008,9.569749870000066],[98.57578169200008,9.568790111000055],[98.58154274100008,9.57107379200005],[98.58617970900008,9.564808310000046],[98.59121784100006,9.565705299000058],[98.59338543500007,9.564052446000062],[98.59385479100007,9.558673635000048],[98.59771341700008,9.555067068000028],[98.59923317100004,9.555031875000054],[98.60006094500005,9.551590864000048],[98.61137382200008,9.552240032000043],[98.61646939700006,9.551341702000059],[98.61726600100008,9.552305055000033],[98.62483058600009,9.553517832000068],[98.63077766700007,9.548890869000047],[98.63311478400004,9.549093596000034],[98.63609676100003,9.552476454000043],[98.63775167900008,9.553213271000061],[98.63629015900005,9.556234262000032],[98.64245470700007,9.55941073100007],[98.64282975200007,9.562011814000073],[98.64547793300005,9.561977579000029],[98.64526069600004,9.566441479000048],[98.64804041900004,9.568311150000056],[98.64573386000006,9.573796109000057],[98.64716603900007,9.57906175000005],[98.64291044500004,9.582118931000025],[98.64142334900004,9.58482637800006],[98.63745845500006,9.582562230000065],[98.63623275100008,9.585313373000076],[98.63190870400007,9.58567423200003],[98.63360145600006,9.588404982000043],[98.63208014700007,9.592704669000057],[98.62858867100005,9.591507442000022],[98.62759013300007,9.593383789000029],[98.62929461700008,9.597757300000069],[98.62630704600008,9.599068285000044],[98.62773039700005,9.601309861000061],[98.63418420500005,9.601546540000072],[98.63474525800007,9.603697383000053],[98.63349727300005,9.60883817000007],[98.63563723500005,9.60950045800007],[98.63458480400004,9.61633093000006],[98.63158373100003,9.61696375400004],[98.63552299000008,9.62564591000006],[98.63411957000005,9.62942359300007],[98.63622943700005,9.630850638000027],[98.63922534900007,9.637040394000053],[98.64140421900004,9.639639756000065],[98.63929287200006,9.642183750000072],[98.63892649000007,9.646612116000028],[98.64084845700006,9.64893008000007],[98.63759168600006,9.650430005000032],[98.63655778700007,9.652350528000056],[98.63819315600006,9.654670914000064],[98.63765721500005,9.658924831000036],[98.64022057000005,9.661130053000022],[98.63843441900008,9.662592166000024],[98.63700528000004,9.668902419000062],[98.63563283200006,9.671741255000029],[98.63739825800008,9.673189575000038],[98.63737600200005,9.677467512000021],[98.63373149800003,9.68160135000005],[98.63450481800004,9.685459356000024],[98.63668505200008,9.687372732000028],[98.63832375000004,9.691731324000045],[98.63835468800005,9.695842766000055],[98.63953721500008,9.697176486000046],[98.64061855500006,9.702279622000049],[98.63942351400004,9.70436475400004],[98.63917140200004,9.708765171000039],[98.64032035700006,9.712211978000028],[98.63937656800005,9.713562482000043],[98.63680908300006,9.712847554000064],[98.63356569900009,9.709529468000028],[98.63219159500005,9.704010165000057],[98.62468201900003,9.695889881000028],[98.62200294500008,9.694749522000052],[98.62089849500006,9.691311393000035],[98.61781879300008,9.689175117000048],[98.61429833600005,9.684787267000047],[98.61154571100008,9.677320089000034],[98.60698453600008,9.67521477400004],[98.60519204100007,9.671372451000025],[98.60099436100006,9.668625420000069],[98.60166243800006,9.664631179000025],[98.60044566800008,9.659775836000051],[98.59766111200008,9.660446781000076],[98.59686450800007,9.658029202000023],[98.59375900700007,9.65726861500002],[98.59271098800008,9.65310536000004],[98.58854522000007,9.651467552000042],[98.58535778000004,9.64888909800004],[98.58408573400004,9.646275778000074],[98.58778562900005,9.639602309000054],[98.58356959900004,9.638468276000026],[98.57652698800007,9.631728080000073],[98.57413465700006,9.630524324000021],[98.57315596700005,9.628110087000039],[98.56874927700005,9.625208157000031],[98.56165933800008,9.618571960000054],[98.55751469900008,9.61705412200007],[98.55687996700004,9.615709069000047]]]},"properties":{"Shape_Leng":0.597155524585,"Shape_Area":0.00810708934899,"ADM3_EN":"Kapoe","ADM3_TH":"กะเปอร์","ADM3_PCODE":"TH850302","ADM2_EN":"Kapoe","ADM2_TH":"กะเปอร์","ADM2_PCODE":"TH8503","ADM1_EN":"Ranong","ADM1_TH":"ระนอง","ADM1_PCODE":"TH85","ADM0_EN":"Thailand","ADM0_TH":"ประเทศไทย","ADM0_PCODE":"TH"}},
{"type":"Feature","geometry":{"type":"Polygon","coordinates":[[[98.63609676100003,9.552476454000043],[98.63996738900005,9.550945198000022],[98.64028608800004,9.54812991600005],[98.64742686600005,9.54251617500006],[98.65557096400005,9.539285305000021],[98.65595216200006,9.535345642000038],[98.66053998300004,9.531318207000027],[98.66823740500007,9.533220485000072],[98.66894149700005,9.528770972000075],[98.67868797500006,9.524933825000062],[98.68349896400008,9.528461115000027],[98.68458157900005,9.534285040000043],[98.68631284700007,9.536514036000028],[98.68679831800006,9.543537761000039],[98.68937303600006,9.547339263000026],[98.68702488600007,9.553656717000024],[98.69368720700004,9.560786594000035],[98.69310557600005,9.566082617000063],[98.69120453200009,9.56800747400007],[98.69137369200007,9.575000697000064],[98.69430526400004,9.577150192000033],[98.69550066800008,9.581635231000064],[98.69867390500008,9.58303875200005],[98.69925866500006,9.586404241000025],[98.70256406200008,9.58946824000003],[98.70094653000007,9.595534243000031],[98.69866445700006,9.59581812600004],[98.69750364600009,9.59962570700003],[98.70091653800006,9.60450415500003],[98.69809533400007,9.606275359000051],[98.69512379100007,9.611604722000038],[98.69458410700008,9.615133164000042],[98.68748245000006,9.61259575400004],[98.68360097800007,9.617179246000035],[98.68208851600008,9.62054855200006],[98.68360530200005,9.621726746000036],[98.68416128400008,9.62731141200004],[98.68076251700006,9.630794448000074],[98.67630677500006,9.631567756000038],[98.67763875000009,9.636677418000033],[98.67986710900004,9.639292898000065],[98.68380284100004,9.63927797100007],[98.68339065400005,9.644619846000069],[98.68442084400004,9.647336557000074],[98.68009725200005,9.64846865100003],[98.67964411300005,9.650647939000066],[98.67640958100009,9.652973951000035],[98.67045020200004,9.655024042000036],[98.66729698500006,9.653890096000055],[98.66142935500005,9.654157560000044],[98.66045327600006,9.655215172000055],[98.65473048500007,9.65297832500005],[98.65319564900005,9.655551668000044],[98.65279409500005,9.65936060200005],[98.64845841600004,9.661571180000067],[98.64901043400005,9.665010078000023],[98.65306219000007,9.666402841000036],[98.65382965100008,9.671660856000074],[98.65645869600007,9.673526990000028],[98.66019313500004,9.678586491000033],[98.65924885400005,9.68530623600003],[98.65737314200004,9.68735352400006],[98.64700048300006,9.69091319000006],[98.64749353000008,9.695594266000057],[98.65000635700005,9.699107919000028],[98.64966280100003,9.701786395000056],[98.64756448400004,9.702954607000038],[98.64634423700005,9.705817202000048],[98.64380346500008,9.70723358400005],[98.64344069000003,9.710352001000047],[98.64032035700006,9.712211978000028],[98.63917140200004,9.708765171000039],[98.63942351400004,9.70436475400004],[98.64061855500006,9.702279622000049],[98.63953721500008,9.697176486000046],[98.63835468800005,9.695842766000055],[98.63832375000004,9.691731324000045],[98.63668505200008,9.687372732000028],[98.63450481800004,9.685459356000024],[98.63373149800003,9.68160135000005],[98.63737600200005,9.677467512000021],[98.63739825800008,9.673189575000038],[98.63563283200006,9.671741255000029],[98.63700528000004,9.668902419000062],[98.63843441900008,9.662592166000024],[98.64022057000005,9.661130053000022],[98.63765721500005,9.658924831000036],[98.63819315600006,9.654670914000064],[98.63655778700007,9.652350528000056],[98.63759168600006,9.650430005000032],[98.64084845700006,9.64893008000007],[98.63892649000007,9.646612116000028],[98.63929287200006,9.642183750000072],[98.64140421900004,9.639639756000065],[98.63922534900007,9.637040394000053],[98.63622943700005,9.630850638000027],[98.63411957000005,9.62942359300007],[98.63552299000008,9.62564591000006],[98.63158373100003,9.61696375400004],[98.63458480400004,9.61633093000006],[98.63563723500005,9.60950045800007],[98.63349727300005,9.60883817000007],[98.63474525800007,9.603697383000053],[98.63418420500005,9.601546540000072],[98.62773039700005,9.601309861000061],[98.62630704600008,9.599068285000044],[98.62929461700008,9.597757300000069],[98.62759013300007,9.593383789000029],[98.62858867100005,9.591507442000022],[98.63208014700007,9.592704669000057],[98.63360145600006,9.588404982000043],[98.63190870400007,9.58567423200003],[98.63623275100008,9.585313373000076],[98.63745845500006,9.582562230000065],[98.64142334900004,9.58482637800006],[98.64291044500004,9.582118931000025],[98.64716603900007,9.57906175000005],[98.64573386000006,9.573796109000057],[98.64804041900004,9.568311150000056],[98.64526069600004,9.566441479000048],[98.64547793300005,9.561977579000029],[98.64282975200007,9.562011814000073],[98.64245470700007,9.55941073100007],[98.63629015900005,9.556234262000032],[98.63775167900008,9.553213271000061],[98.63609676100003,9.552476454000043]]]},"properties":{"Shape_Leng":0.608810069223,"Shape_Area":0.00700682663605,"ADM3_EN":"Chiao Liang","ADM3_TH":"เชี่ยวเหลียง","ADM3_PCODE":"TH850303","ADM2_EN":"Kapoe","ADM2_TH":"กะเปอร์","ADM2_PCODE":"TH8503","ADM1_EN":"Ranong","ADM1_TH":"ระนอง","ADM1_PCODE":"TH85","ADM0_EN":"Thailand","ADM0_TH":"ประเทศไทย","ADM0_PCODE":"TH"}},
{"type":"Feature","geometry":{"type":"Polygon","coordinates":[[[98.67868797500006,9.524933825000062],[98.67641337500004,9.517849545000047],[98.67280794800007,9.514700061000042],[98.66452970800003,9.514866590000054],[98.66285778800005,9.510592639000038],[98.65789380500007,9.504840510000065],[98.65903263000007,9.501238658000034],[98.66473265100007,9.502726403000054],[98.67072695800005,9.502666713000053],[98.67240650200006,9.49899175400003],[98.67076279500009,9.49750070600004],[98.67153511200007,9.494184155000028],[98.66889314200006,9.49166322000002],[98.66806713500006,9.488077927000063],[98.66494429600004,9.482379901000058],[98.66394514400008,9.47795816100006],[98.66792711300008,9.474793367000075],[98.66946171200004,9.471420304000048],[98.66887741900007,9.466922728000043],[98.67166799800003,9.465378600000065],[98.67713882100009,9.465035630000045],[98.67948001300005,9.46736463800005],[98.68376335500005,9.469440127000041],[98.68912072400008,9.468585924000024],[98.69446616300007,9.46989892800002],[98.69709284600003,9.475575326000069],[98.69978718000004,9.47694860100006],[98.70038054500009,9.47973208600007],[98.70252801100008,9.480520949000038],[98.70409611300005,9.485667406000061],[98.70600221900008,9.486894156000062],[98.70957931500004,9.485504923000065],[98.71232678800004,9.486788029000024],[98.71581028400004,9.486707395000053],[98.71670491200007,9.49009729200003],[98.71567140500008,9.493365234000066],[98.71725876400006,9.494941647000076],[98.71712383000005,9.49931201000004],[98.72391089800004,9.503155865000053],[98.72447395000006,9.510049254000023],[98.72883656500005,9.51443191200002],[98.73428477900006,9.51669374200003],[98.73521491500009,9.522867297000062],[98.74066047200006,9.525680644000033],[98.74561312800006,9.530904501000066],[98.74681542100006,9.53427649400004],[98.74911513300003,9.535939262000056],[98.75552418100006,9.537901237000028],[98.76360561100006,9.536744944000077],[98.76845138800007,9.544561412000064],[98.76094332700006,9.556845671000076],[98.75758998800006,9.56041762700005],[98.75782954300007,9.564721981000048],[98.76033612500004,9.568711862000043],[98.75883114100009,9.574218969000071],[98.75554681500006,9.576421437000022],[98.75174935000007,9.575267447000044],[98.74644103400004,9.577039465000041],[98.73939701100005,9.582120993000046],[98.73752910700006,9.585821785000064],[98.74045189400005,9.590722612000036],[98.73880435900008,9.593716240000049],[98.74008363800004,9.59641106500004],[98.73838303100007,9.599367021000035],[98.73963607700006,9.600876690000064],[98.73644347800007,9.604055992000042],[98.73693934500005,9.609948263000035],[98.73391681300006,9.613382242000057],[98.73206729400005,9.612606390000053],[98.72909181400007,9.61440876000006],[98.72462993700003,9.622636870000065],[98.72418260300003,9.625290420000056],[98.72054125300008,9.629043239000055],[98.71457411000006,9.628753669000048],[98.71183156900008,9.632161395000026],[98.70968816000004,9.631143382000062],[98.70395846100007,9.632135520000077],[98.70005058600003,9.63544362700003],[98.69716362400004,9.635887516000025],[98.69547962900003,9.639550344000043],[98.68874176700007,9.641004818000056],[98.68579378200008,9.647466158000043],[98.68442084400004,9.647336557000074],[98.68339065400005,9.644619846000069],[98.68380284100004,9.63927797100007],[98.67986710900004,9.639292898000065],[98.67763875000009,9.636677418000033],[98.67630677500006,9.631567756000038],[98.68076251700006,9.630794448000074],[98.68416128400008,9.62731141200004],[98.68360530200005,9.621726746000036],[98.68208851600008,9.62054855200006],[98.68360097800007,9.617179246000035],[98.68748245000006,9.61259575400004],[98.69458410700008,9.615133164000042],[98.69512379100007,9.611604722000038],[98.69809533400007,9.606275359000051],[98.70091653800006,9.60450415500003],[98.69750364600009,9.59962570700003],[98.69866445700006,9.59581812600004],[98.70094653000007,9.595534243000031],[98.70256406200008,9.58946824000003],[98.69925866500006,9.586404241000025],[98.69867390500008,9.58303875200005],[98.69550066800008,9.581635231000064],[98.69430526400004,9.577150192000033],[98.69137369200007,9.575000697000064],[98.69120453200009,9.56800747400007],[98.69310557600005,9.566082617000063],[98.69368720700004,9.560786594000035],[98.68702488600007,9.553656717000024],[98.68937303600006,9.547339263000026],[98.68679831800006,9.543537761000039],[98.68631284700007,9.536514036000028],[98.68458157900005,9.534285040000043],[98.68349896400008,9.528461115000027],[98.67868797500006,9.524933825000062]]]},"properties":{"Shape_Leng":0.603651894857,"Shape_Area":0.00874432277684,"ADM3_EN":"Ban Na","ADM3_TH":"บ้านนา","ADM3_PCODE":"TH850304","ADM2_EN":"Kapoe","ADM2_TH":"กะเปอร์","ADM2_PCODE":"TH8503","ADM1_EN":"Ranong","ADM1_TH":"ระนอง","ADM1_PCODE":"TH85","ADM0_EN":"Thailand","ADM0_TH":"ประเทศไทย","ADM0_PCODE":"TH"}},
{"type":"Feature","geometry":{"type":"Polygon","coordinates":[[[98.53416340100006,9.57195411500004],[98.53343029600006,9.568632903000037],[98.52719983600008,9.566639053000074],[98.51039997700008,9.558907428000055],[98.51581833200004,9.559481604000041],[98.51568118400007,9.557706624000048],[98.51207334900005,9.55408329100004],[98.50450216400009,9.55288769300006],[98.49824036200005,9.552514355000028],[98.49919538200004,9.548930260000077],[98.49144292100004,9.548105288000045],[98.49266278800008,9.533169473000044],[98.49460901100008,9.524947778000069],[98.49945934700008,9.514550861000032],[98.49955305800006,9.511899120000066],[98.49453632700005,9.503257733000055],[98.49328812300007,9.499000958000067],[98.49344817800005,9.495174682000027],[98.50116277600006,9.49326482400005],[98.50274133600004,9.488801807000073],[98.50174700800005,9.48486615400003],[98.50807949900008,9.484571952000067],[98.50892057100003,9.485914798000067],[98.51816564500007,9.485050047000072],[98.52044401300009,9.482959397000059],[98.52327398500006,9.483301723000068],[98.52635556400008,9.485634841000035],[98.53516191000006,9.483867037000039],[98.53967583700006,9.484470221000038],[98.54361329300008,9.487601987000062],[98.54697439000006,9.488062893000063],[98.55076786400008,9.485281316000055],[98.55479298000006,9.487270047000038],[98.55877228100007,9.487233102000062],[98.56012498800004,9.48579010800006],[98.56657558900008,9.485951936000049],[98.57254844500005,9.48379464200002],[98.57404115800006,9.48204901300005],[98.59610397500006,9.477061051000021],[98.59930272700007,9.472035753000057],[98.60226692100008,9.472873504000063],[98.60500456300008,9.470782798000073],[98.60781886200004,9.470982740000068],[98.61015401000009,9.467207052000049],[98.61532332400009,9.467063197000073],[98.61921067600008,9.464737490000061],[98.62396487400008,9.459885934000056],[98.63342283100008,9.457248495000044],[98.63377368400006,9.455336095000064],[98.64129943200004,9.453234310000028],[98.64931028800004,9.45282895400004],[98.65327967900004,9.450205133000054],[98.66187184000006,9.447969382000053],[98.66812620900004,9.448691782000026],[98.66698199600006,9.451318970000045],[98.66763431700008,9.455239157000051],[98.66570070800003,9.459588819000032],[98.66803561700004,9.463321281000049],[98.66699673700003,9.465014096000061],[98.66887741900007,9.466922728000043],[98.66946171200004,9.471420304000048],[98.66792711300008,9.474793367000075],[98.66394514400008,9.47795816100006],[98.66494429600004,9.482379901000058],[98.66806713500006,9.488077927000063],[98.66889314200006,9.49166322000002],[98.67153511200007,9.494184155000028],[98.67076279500009,9.49750070600004],[98.67240650200006,9.49899175400003],[98.67072695800005,9.502666713000053],[98.66473265100007,9.502726403000054],[98.65903263000007,9.501238658000034],[98.65789380500007,9.504840510000065],[98.66285778800005,9.510592639000038],[98.66452970800003,9.514866590000054],[98.67280794800007,9.514700061000042],[98.67641337500004,9.517849545000047],[98.67868797500006,9.524933825000062],[98.66894149700005,9.528770972000075],[98.66823740500007,9.533220485000072],[98.66053998300004,9.531318207000027],[98.65595216200006,9.535345642000038],[98.65557096400005,9.539285305000021],[98.64742686600005,9.54251617500006],[98.64028608800004,9.54812991600005],[98.63996738900005,9.550945198000022],[98.63609676100003,9.552476454000043],[98.63311478400004,9.549093596000034],[98.63077766700007,9.548890869000047],[98.62483058600009,9.553517832000068],[98.61726600100008,9.552305055000033],[98.61646939700006,9.551341702000059],[98.61137382200008,9.552240032000043],[98.60006094500005,9.551590864000048],[98.59923317100004,9.555031875000054],[98.59771341700008,9.555067068000028],[98.59385479100007,9.558673635000048],[98.59338543500007,9.564052446000062],[98.59121784100006,9.565705299000058],[98.58617970900008,9.564808310000046],[98.58154274100008,9.57107379200005],[98.57578169200008,9.568790111000055],[98.57295738200008,9.569749870000066],[98.57190891600004,9.56551384900007],[98.56524708300003,9.562547837000068],[98.56309361300004,9.56244868500005],[98.55338282100007,9.565257019000057],[98.54448127200004,9.569488536000051],[98.53416340100006,9.57195411500004]]]},"properties":{"Shape_Leng":0.646270417403,"Shape_Area":0.0143430637633,"ADM3_EN":"Bang Hin","ADM3_TH":"บางหิน","ADM3_PCODE":"TH850305","ADM2_EN":"Kapoe","ADM2_TH":"กะเปอร์","ADM2_PCODE":"TH8503","ADM1_EN":"Ranong","ADM1_TH":"ระนอง","ADM1_PCODE":"TH85","ADM0_EN":"Thailand","ADM0_TH":"ประเทศไทย","ADM0_PCODE":"TH"}},
{"type":"Feature","geometry":{"type":"Polygon","coordinates":[[[98.93072305900006,10.364847645000054],[98.93353411900006,10.372866544000033],[98.93741549900005,10.377647737000075],[98.93712688900007,10.383918848000064],[98.93104068500008,10.384961675000056],[98.92929287500004,10.386091714000031],[98.92967629400005,10.391200498000046],[98.92835700600006,10.395221099000025],[98.92498825700005,10.396161694000057],[98.92145623200008,10.395239312000058],[98.91798153100007,10.396708237000041],[98.91546189300004,10.395214224000028],[98.90776520200006,10.39840627600006],[98.90416425900008,10.39730316300006],[98.90147195300005,10.397998771000061],[98.90150107900007,10.400258160000021],[98.90477474900007,10.406423123000025],[98.90432024300009,10.411021121000033],[98.89889451500005,10.41244900700002],[98.89365085600008,10.416861321000056],[98.89504375400008,10.422565979000069],[98.89375409800004,10.429407982000043],[98.89624326000006,10.431073169000058],[98.89578983600006,10.435538006000058],[98.89000475300008,10.43381948700005],[98.88589468500004,10.429844523000042],[98.87666220500006,10.423198098000057],[98.87061194000006,10.419789329000025],[98.86364579400004,10.420077965000075],[98.86194897900003,10.421075592000022],[98.85874249600005,10.420248547000028],[98.85708636100009,10.421690097000067],[98.85170108500006,10.42181038800004],[98.84730939100007,10.423332696000045],[98.83883720500006,10.422895297000025],[98.83668857400005,10.421342455000058],[98.83055701900008,10.421135179000032],[98.82506625400003,10.41811416400003],[98.82066646800007,10.418355095000038],[98.81967467100009,10.419713859000069],[98.81622544500004,10.419281461000026],[98.81360395300004,10.416450386000065],[98.80980293900006,10.416756488000033],[98.80511635100004,10.415057458000035],[98.80349236100005,10.410221226000033],[98.79701534400004,10.410378062000063],[98.78971838900009,10.409477898000034],[98.78446611500004,10.406244958000059],[98.78079374400005,10.412638935000075],[98.77766781800005,10.413604121000049],[98.77667173800006,10.418849729000044],[98.77020600900005,10.417649766000068],[98.76834770400006,10.408533740000053],[98.76610770600007,10.404560007000043],[98.75683024200004,10.395592406000048],[98.75412044200004,10.39005970200003],[98.75293913400009,10.385651793000022],[98.75065666400008,10.372820862000026],[98.74567650400007,10.353524399000037],[98.75156388700003,10.353970197000024],[98.75270303300005,10.356428977000064],[98.75744163300004,10.353052434000062],[98.76306697300004,10.352766913000039],[98.76505137400005,10.351180897000063],[98.76532458600008,10.348512124000024],[98.76751819800006,10.348295804000031],[98.77149225500006,10.350687308000033],[98.77398860900007,10.349570332000042],[98.77676644900004,10.352109692000056],[98.77917047500006,10.358406221000052],[98.77873322700003,10.363085866000063],[98.77964196400006,10.365866741000048],[98.78407284500008,10.371853484000042],[98.78690022000006,10.372709988000054],[98.78985330200004,10.371045068000058],[98.79340057300004,10.370679421000034],[98.79820630400008,10.367042947000073],[98.80427135500008,10.366739772000074],[98.80669652600005,10.364055217000043],[98.81122320700007,10.365345501000036],[98.81409214400009,10.363737741000023],[98.82203298300004,10.363573571000074],[98.82462435900004,10.361226779000049],[98.83408348600005,10.36508916200006],[98.83964034100006,10.364525146000062],[98.84732248300008,10.366418091000071],[98.85235649400005,10.365762121000046],[98.85559274400003,10.366261499000075],[98.86440946300007,10.36474841100005],[98.86773478500004,10.363615825000068],[98.87107692300003,10.366310394000038],[98.87880464600005,10.365380189000064],[98.88056920700006,10.362357950000046],[98.88248239400008,10.362330205000035],[98.88745808300007,10.358704569000054],[98.88998559900006,10.353161443000033],[98.89270924600004,10.352192990000049],[98.89448064900006,10.347798498000031],[98.89688287500007,10.345785341000067],[98.90593428900007,10.346074438000073],[98.91118087000007,10.353791299000022],[98.91289705200006,10.35388548800006],[98.91510837800007,10.357668399000033],[98.91921760500009,10.36176202300004],[98.92399821400005,10.36172429000004],[98.93072305900006,10.364847645000054]]]},"properties":{"Shape_Leng":0.590258674514,"Shape_Area":0.00955164106917,"ADM3_EN":"Nam Chuet","ADM3_TH":"น้ำจืด","ADM3_PCODE":"TH850401","ADM2_EN":"Kra Buri","ADM2_TH":"กระบุรี","ADM2_PCODE":"TH8504","ADM1_EN":"Ranong","ADM1_TH":"ระนอง","ADM1_PCODE":"TH85","ADM0_EN":"Thailand","ADM0_TH":"ประเทศไทย","ADM0_PCODE":"TH"}},
{"type":"Feature","geometry":{"type":"Polygon","coordinates":[[[98.81622544500004,10.419281461000026],[98.81321805000005,10.422583908000036],[98.81402843800004,10.425354975000062],[98.81216520400005,10.429405967000037],[98.81078623000008,10.429577445000064],[98.80860764500005,10.438566630000025],[98.80360115600007,10.441234313000052],[98.80412143400008,10.444222442000068],[98.79930843500006,10.446797994000065],[98.79682933700008,10.445335689000046],[98.78767035200008,10.444767261000038],[98.78303404200005,10.443132261000073],[98.78062868800004,10.440696537000065],[98.77862434800005,10.435702712000023],[98.77632793600009,10.432449319000057],[98.77397883100008,10.426204020000057],[98.77132900100008,10.422170650000055],[98.77020600900005,10.417649766000068],[98.77667173800006,10.418849729000044],[98.77766781800005,10.413604121000049],[98.78079374400005,10.412638935000075],[98.78446611500004,10.406244958000059],[98.78971838900009,10.409477898000034],[98.79701534400004,10.410378062000063],[98.80349236100005,10.410221226000033],[98.80511635100004,10.415057458000035],[98.80980293900006,10.416756488000033],[98.81360395300004,10.416450386000065],[98.81622544500004,10.419281461000026]]]},"properties":{"Shape_Leng":0.1516235056,"Shape_Area":0.00115618820805,"ADM3_EN":"Nam Chuet Noi","ADM3_TH":"น้ำจืดน้อย","ADM3_PCODE":"TH850402","ADM2_EN":"Kra Buri","ADM2_TH":"กระบุรี","ADM2_PCODE":"TH8504","ADM1_EN":"Ranong","ADM1_TH":"ระนอง","ADM1_PCODE":"TH85","ADM0_EN":"Thailand","ADM0_TH":"ประเทศไทย","ADM0_PCODE":"TH"}},
{"type":"Feature","geometry":{"type":"Polygon","coordinates":[[[98.89578983600006,10.435538006000058],[98.89465838900009,10.437293585000077],[98.89568815000007,10.440686912000047],[98.89282355100005,10.44105128700005],[98.89233458700005,10.445581421000043],[98.88693301000006,10.452128809000044],[98.88877423700006,10.456073075000063],[98.88398844800008,10.457016430000067],[98.89039665200005,10.466874010000026],[98.89040218000008,10.469704515000046],[98.88214747800004,10.469114140000045],[98.88155637500006,10.470541638000043],[98.87734962800005,10.47257102900005],[98.87197117500006,10.469852647000039],[98.86737645800008,10.473089860000073],[98.86334777800005,10.471761342000036],[98.86241594400008,10.475964591000036],[98.85612385900004,10.477035976000025],[98.85384346400008,10.479640009000036],[98.85014398700008,10.481214244000057],[98.84916861600004,10.486086343000068],[98.84602122800004,10.487724490000062],[98.84687926300006,10.489635472000032],[98.84516647100008,10.493389516000036],[98.84711887500004,10.49536818000007],[98.84278922600004,10.498899842000071],[98.83574127800006,10.497636553000063],[98.83267387100005,10.500075039000023],[98.82889758500005,10.499547198000073],[98.82757243500004,10.500929935000045],[98.82384331500003,10.498778597000069],[98.81945873400008,10.499136485000065],[98.81743619000008,10.50124468000007],[98.81541634200005,10.49757117200005],[98.81492395300006,10.493983069000024],[98.80982069200007,10.488966724000022],[98.80575804600005,10.489055840000049],[98.80364331500004,10.486221876000059],[98.80640717900008,10.484030594000046],[98.80565405700008,10.48269988100003],[98.80052595600006,10.484619776000045],[98.80017348800004,10.480896658000063],[98.80368319900003,10.476766722000036],[98.80941239700007,10.472081141000047],[98.80807372200007,10.468256445000065],[98.80428490300005,10.464669204000074],[98.79687460300005,10.456148206000023],[98.79605142000008,10.453904943000055],[98.79720148000007,10.451196380000056],[98.80016285000005,10.448692745000074],[98.79930843500006,10.446797994000065],[98.80412143400008,10.444222442000068],[98.80360115600007,10.441234313000052],[98.80860764500005,10.438566630000025],[98.81078623000008,10.429577445000064],[98.81216520400005,10.429405967000037],[98.81402843800004,10.425354975000062],[98.81321805000005,10.422583908000036],[98.81622544500004,10.419281461000026],[98.81967467100009,10.419713859000069],[98.82066646800007,10.418355095000038],[98.82506625400003,10.41811416400003],[98.83055701900008,10.421135179000032],[98.83668857400005,10.421342455000058],[98.83883720500006,10.422895297000025],[98.84730939100007,10.423332696000045],[98.85170108500006,10.42181038800004],[98.85708636100009,10.421690097000067],[98.85874249600005,10.420248547000028],[98.86194897900003,10.421075592000022],[98.86364579400004,10.420077965000075],[98.87061194000006,10.419789329000025],[98.87666220500006,10.423198098000057],[98.88589468500004,10.429844523000042],[98.89000475300008,10.43381948700005],[98.89578983600006,10.435538006000058]]]},"properties":{"Shape_Leng":0.390110640385,"Shape_Area":0.00535973436486,"ADM3_EN":"Mamu","ADM3_TH":"มะมุ","ADM3_PCODE":"TH850403","ADM2_EN":"Kra Buri","ADM2_TH":"กระบุรี","ADM2_PCODE":"TH8504","ADM1_EN":"Ranong","ADM1_TH":"ระนอง","ADM1_PCODE":"TH85","ADM0_EN":"Thailand","ADM0_TH":"ประเทศไทย","ADM0_PCODE":"TH"}},
{"type":"Feature","geometry":{"type":"Polygon","coordinates":[[[98.89040218000008,10.469704515000046],[98.89299071900007,10.471565472000066],[98.89485428200004,10.475393412000074],[98.89436265300009,10.482539815000052],[98.89768476000006,10.484129067000026],[98.90029204600006,10.486845317000075],[98.90640310000003,10.489276706000055],[98.90255617100007,10.491429099000072],[98.90060403700005,10.494698526000036],[98.89688819900005,10.497265981000055],[98.88874220900004,10.507614898000043],[98.88715472400008,10.50767687900003],[98.88045864500003,10.512398708000035],[98.88069327800008,10.516477604000045],[98.87762666000003,10.51928508800006],[98.87946513400004,10.524144540000066],[98.88087236900009,10.532753595000031],[98.88251271300004,10.534840498000051],[98.88126661900009,10.539638079000042],[98.87689573700004,10.539002622000055],[98.87687310100006,10.540609790000076],[98.88109968800006,10.543427218000033],[98.88126740600006,10.547266363000062],[98.87691776200006,10.552008029000035],[98.87221856000008,10.555392139000048],[98.86700317500004,10.557136075000074],[98.86130716600007,10.562413923000065],[98.86007680900008,10.565476993000061],[98.85075505900005,10.574856049000061],[98.85059274800005,10.577914131000057],[98.85231878900004,10.579815910000036],[98.85084949600008,10.581728018000035],[98.85124462700009,10.588505832000067],[98.84960341500005,10.592422487000022],[98.84693136200008,10.595267583000066],[98.84546287700005,10.599283176000029],[98.83891255200007,10.608442644000036],[98.83826059000006,10.611122598000065],[98.83905551200007,10.617126754000026],[98.83677009700006,10.624441949000072],[98.83338859000008,10.627848860000029],[98.83484221700007,10.632312997000042],[98.83448584500007,10.637406328000054],[98.82888601700006,10.643370416000039],[98.82766859100008,10.650903979000077],[98.82288652800008,10.658097142000031],[98.81870475700003,10.660721054000021],[98.81949963200003,10.664586239000073],[98.81814428900003,10.671110938000027],[98.81900248500006,10.67817427700004],[98.81626505400004,10.681731030000037],[98.81520067900004,10.686940328000048],[98.81177072000008,10.68820270200007],[98.81152129900005,10.690569608000033],[98.80808131400005,10.692884916000025],[98.80668272500009,10.697931191000066],[98.80248205900006,10.699920791000068],[98.80032511300004,10.698331888000041],[98.79811624900003,10.698864546000038],[98.79355129300006,10.69292818200006],[98.79345171800009,10.69041493100002],[98.79013622300005,10.687233037000055],[98.79109959900006,10.684092529000054],[98.78650736500003,10.680858335000039],[98.78458336400007,10.680674902000021],[98.78258101200004,10.684025246000033],[98.77986183700006,10.678890976000048],[98.78100512400005,10.674929703000032],[98.78260711800004,10.661245638000025],[98.78268601000008,10.656364077000035],[98.78418886600008,10.653628737000076],[98.78291095900005,10.64697183100003],[98.77664036600004,10.641262779000044],[98.77595643400008,10.639027715000054],[98.77680059500005,10.633872663000034],[98.77453736100006,10.630439833000025],[98.77499193100005,10.625563336000027],[98.77095161800008,10.622245167000074],[98.77311460500005,10.616920034000032],[98.78058148500008,10.615868376000037],[98.78117859600007,10.609040550000032],[98.77989655100004,10.603930561000027],[98.78194395700007,10.601356984000063],[98.78504886800005,10.606008301000031],[98.78775790700007,10.606010140000024],[98.79126673400003,10.603667402000042],[98.79919949600009,10.604892966000023],[98.80104079600005,10.600203962000023],[98.79690735200006,10.596252961000062],[98.79766012500005,10.594446431000051],[98.80172292300006,10.592618751000032],[98.80146061100004,10.58680372200007],[98.80402663400008,10.586947165000026],[98.80575711500006,10.590561473000037],[98.80851909300009,10.593149402000051],[98.81047956900005,10.590973005000023],[98.80765108200006,10.588793707000036],[98.80779857200008,10.584989008000036],[98.80970210400005,10.582109522000053],[98.80709088100008,10.579429411000035],[98.80695999800008,10.572281928000052],[98.80393816400004,10.563463235000029],[98.79879384000009,10.561480448000054],[98.79874989500007,10.558414043000028],[98.80350733100005,10.559353877000035],[98.80663084700006,10.554765408000037],[98.80831690900004,10.553792213000065],[98.81267222000008,10.554075531000024],[98.81379330400006,10.549072987000045],[98.81741548400004,10.547357828000031],[98.81471444000005,10.543508906000056],[98.80933674200008,10.54020747800007],[98.81122232500007,10.53866073200004],[98.81523621900004,10.538624166000034],[98.81287329000008,10.531790171000068],[98.81403978400004,10.529677695000032],[98.81870513300004,10.530625805000057],[98.82155685400005,10.528253258000063],[98.81827039400008,10.527116043000035],[98.81825787200006,10.518804866000039],[98.81658666200008,10.513448681000057],[98.81850366400005,10.509450958000059],[98.81743619000008,10.50124468000007],[98.81945873400008,10.499136485000065],[98.82384331500003,10.498778597000069],[98.82757243500004,10.500929935000045],[98.82889758500005,10.499547198000073],[98.83267387100005,10.500075039000023],[98.83574127800006,10.497636553000063],[98.84278922600004,10.498899842000071],[98.84711887500004,10.49536818000007],[98.84516647100008,10.493389516000036],[98.84687926300006,10.489635472000032],[98.84602122800004,10.487724490000062],[98.84916861600004,10.486086343000068],[98.85014398700008,10.481214244000057],[98.85384346400008,10.479640009000036],[98.85612385900004,10.477035976000025],[98.86241594400008,10.475964591000036],[98.86334777800005,10.471761342000036],[98.86737645800008,10.473089860000073],[98.87197117500006,10.469852647000039],[98.87734962800005,10.47257102900005],[98.88155637500006,10.470541638000043],[98.88214747800004,10.469114140000045],[98.89040218000008,10.469704515000046]]]},"properties":{"Shape_Leng":0.773960458309,"Shape_Area":0.0115990135038,"ADM3_EN":"Pak Chan","ADM3_TH":"ปากจั่น","ADM3_PCODE":"TH850404","ADM2_EN":"Kra Buri","ADM2_TH":"กระบุรี","ADM2_PCODE":"TH8504","ADM1_EN":"Ranong","ADM1_TH":"ระนอง","ADM1_PCODE":"TH85","ADM0_EN":"Thailand","ADM0_TH":"ประเทศไทย","ADM0_PCODE":"TH"}},
{"type":"Feature","geometry":{"type":"Polygon","coordinates":[[[98.87517524400005,10.204372397000043],[98.87750142400006,10.209123084000055],[98.88095339900008,10.21348252000007],[98.88456323500009,10.214933859000041],[98.88782420600006,10.219825221000065],[98.89112892200006,10.222519702000056],[98.89146714800006,10.227336577000074],[98.88926941800008,10.23204901300005],[98.89048187600008,10.235956014000067],[98.89464460500005,10.238869926000064],[98.89800830400009,10.239523407000036],[98.90035986100008,10.242203679000056],[98.90017076700008,10.245092857000031],[98.89544167200006,10.247234997000021],[98.89529923500004,10.251172702000076],[98.90395908100004,10.254344564000064],[98.90898826000006,10.26623607700003],[98.90821227500004,10.270001285000035],[98.90179384200007,10.273764841000059],[98.89983107300009,10.277697551000074],[98.90148373200003,10.285477547000028],[98.90064715700004,10.289107436000052],[98.90402541100008,10.29236503900006],[98.90430644800006,10.297005528000057],[98.91077435800008,10.300542871000061],[98.91435150900008,10.304716978000044],[98.91496786500005,10.30928601000005],[98.91812578300005,10.31573740400006],[98.92361376700006,10.31932892900005],[98.92549082700003,10.323202071000026],[98.93072167700007,10.32644102100005],[98.93227114100006,10.332378963000053],[98.93469390700005,10.333281296000052],[98.93509968800004,10.335715828000048],[98.94024457400008,10.341393339000035],[98.94091159100009,10.348251018000042],[98.94335720900006,10.351469479000059],[98.94201001400006,10.359028632000047],[98.93535804100009,10.361446619000048],[98.93072305900006,10.364847645000054],[98.92399821400005,10.36172429000004],[98.91921760500009,10.36176202300004],[98.91510837800007,10.357668399000033],[98.91289705200006,10.35388548800006],[98.91118087000007,10.353791299000022],[98.90593428900007,10.346074438000073],[98.89688287500007,10.345785341000067],[98.89448064900006,10.347798498000031],[98.89270924600004,10.352192990000049],[98.88998559900006,10.353161443000033],[98.88745808300007,10.358704569000054],[98.88248239400008,10.362330205000035],[98.88056920700006,10.362357950000046],[98.87880464600005,10.365380189000064],[98.87107692300003,10.366310394000038],[98.86773478500004,10.363615825000068],[98.86440946300007,10.36474841100005],[98.85559274400003,10.366261499000075],[98.85235649400005,10.365762121000046],[98.84732248300008,10.366418091000071],[98.83964034100006,10.364525146000062],[98.83408348600005,10.36508916200006],[98.82462435900004,10.361226779000049],[98.82203298300004,10.363573571000074],[98.81409214400009,10.363737741000023],[98.81122320700007,10.365345501000036],[98.80669652600005,10.364055217000043],[98.80427135500008,10.366739772000074],[98.79820630400008,10.367042947000073],[98.79340057300004,10.370679421000034],[98.78985330200004,10.371045068000058],[98.78690022000006,10.372709988000054],[98.78407284500008,10.371853484000042],[98.77964196400006,10.365866741000048],[98.77873322700003,10.363085866000063],[98.77917047500006,10.358406221000052],[98.77676644900004,10.352109692000056],[98.77398860900007,10.349570332000042],[98.77149225500006,10.350687308000033],[98.76751819800006,10.348295804000031],[98.76532458600008,10.348512124000024],[98.76505137400005,10.351180897000063],[98.76306697300004,10.352766913000039],[98.75744163300004,10.353052434000062],[98.75270303300005,10.356428977000064],[98.75156388700003,10.353970197000024],[98.74567650400007,10.353524399000037],[98.74403026200008,10.339607818000047],[98.74314680500004,10.32518258500005],[98.74039471800006,10.320872271000042],[98.74531278800004,10.315253521000045],[98.74729528000006,10.313943393000045],[98.75287758200005,10.306298686000048],[98.75644737900006,10.30668213000007],[98.75795383000008,10.310385741000061],[98.76122973400004,10.312791952000055],[98.76343255000006,10.31729894800003],[98.76600318800007,10.319666820000066],[98.77050755300007,10.319162404000053],[98.77456148800007,10.321259306000059],[98.77929484000003,10.320365215000038],[98.78242833000007,10.321199138000054],[98.78283224300009,10.315688068000043],[98.78479147500008,10.312193487000059],[98.78431878300006,10.310213034000071],[98.78663433900005,10.304055151000057],[98.79221742400006,10.300679396000021],[98.79360608000007,10.296953409000025],[98.79362559800006,10.291846602000021],[98.79486918200007,10.289664793000043],[98.79567545600008,10.283398011000031],[98.79938263800005,10.280509725000059],[98.79920128400005,10.276001859000075],[98.79736082400007,10.274585527000056],[98.79723132300006,10.270498238000073],[98.79289542200007,10.26149198500002],[98.79006623300006,10.259080832000052],[98.79069048000008,10.255594194000025],[98.78835712500006,10.24863571000003],[98.78334591700008,10.240437205000035],[98.78528607100009,10.23663302400007],[98.78557945200004,10.229364584000052],[98.78432126800004,10.222539913000048],[98.78298540300005,10.219929850000028],[98.78567412700005,10.219169498000042],[98.79121738000003,10.21560751800007],[98.79615452500008,10.214288427000042],[98.79583294000008,10.21179115700005],[98.80026339600005,10.208418465000022],[98.80317810700006,10.207245380000074],[98.80635289900005,10.208268768000039],[98.80837709900004,10.211271277000037],[98.81382987900008,10.214318435000052],[98.81696707300006,10.215053099000045],[98.82357737300003,10.212911820000045],[98.82558088700006,10.209471592000057],[98.82510885300007,10.204364261000023],[98.82711551700004,10.200907402000041],[98.83092038000007,10.20052369900003],[98.84308992500007,10.20717710200006],[98.84540706000007,10.204542508000031],[98.85051249500003,10.203746713000044],[98.85235128400006,10.20178442100007],[98.85536431200006,10.201988131000064],[98.86304081000009,10.199313447000065],[98.87049967400009,10.200831071000039],[98.87517524400005,10.204372397000043]]]},"properties":{"Shape_Leng":0.791261900693,"Shape_Area":0.020587305022,"ADM3_EN":"Lamliang","ADM3_TH":"ลำเลียง","ADM3_PCODE":"TH850405","ADM2_EN":"Kra Buri","ADM2_TH":"กระบุรี","ADM2_PCODE":"TH8504","ADM1_EN":"Ranong","ADM1_TH":"ระนอง","ADM1_PCODE":"TH85","ADM0_EN":"Thailand","ADM0_TH":"ประเทศไทย","ADM0_PCODE":"TH"}},
{"type":"Feature","geometry":{"type":"Polygon","coordinates":[[[98.90640310000003,10.489276706000055],[98.90937775700007,10.489081438000028],[98.91191689700008,10.491606233000027],[98.91174855600008,10.494632050000064],[98.91398648700005,10.500160296000047],[98.91794381600005,10.504736391000051],[98.91792938000003,10.507425922000039],[98.92541044500007,10.51362842900005],[98.93587966200005,10.513283987000023],[98.93893407500008,10.515814349000038],[98.94504476000009,10.517691042000024],[98.94495485100003,10.52237006300004],[98.94830617100007,10.529462729000045],[98.95357119700009,10.535999412000024],[98.96260108900003,10.539589496000076],[98.96269953500007,10.541717085000073],[98.95726704200007,10.546454395000069],[98.95438874200005,10.547632537000027],[98.95400239400004,10.549652126000069],[98.95048850400008,10.55269106000003],[98.94757720100006,10.553644151000071],[98.94380009300005,10.558907290000036],[98.94473856800005,10.561900777000062],[98.94109953800006,10.569862127000022],[98.94969362700004,10.574348706000023],[98.95364546100006,10.578701568000042],[98.95666339800005,10.57939595800002],[98.96010166200006,10.584733038000024],[98.96160939800006,10.590845915000045],[98.96188767200005,10.59688797900003],[98.96487011500005,10.605230603000052],[98.96126957600006,10.60824728800003],[98.95891736600004,10.616475799000057],[98.95368791900006,10.612748127000032],[98.94706428000006,10.610788607000075],[98.94518223700004,10.611822579000034],[98.94636544500008,10.61829761000007],[98.94627739500004,10.621786402000055],[98.94924416000003,10.629023760000052],[98.94885274400008,10.630568694000033],[98.95086171200006,10.63699501800005],[98.94781004700008,10.639809555000056],[98.94845976900007,10.64350859600006],[98.94243082300005,10.646693432000063],[98.93874684200006,10.650012090000075],[98.93800009100005,10.648555243000033],[98.93427815800004,10.649898431000054],[98.92724608700007,10.65003506000005],[98.92707378300008,10.653351654000062],[98.92524831500003,10.655784265000023],[98.92615267200006,10.661149057000046],[98.92925466800006,10.66715333600007],[98.92831337200005,10.66872402000007],[98.92970294700007,10.672696902000041],[98.92551177900003,10.67529943900007],[98.92503455400004,10.677951496000048],[98.92069207900005,10.680228967000062],[98.91623300100008,10.679253613000071],[98.91258562500008,10.67965074500006],[98.90832610000007,10.677475023000056],[98.90818984300006,10.681137826000054],[98.91067498200005,10.685854919000064],[98.90925316700003,10.691791719000037],[98.90440136500007,10.691417862000037],[98.90244489900005,10.686693035000076],[98.89433404200008,10.681598525000027],[98.89408698300008,10.68625419700004],[98.89169760900006,10.688807077000035],[98.89000772200006,10.696148153000024],[98.89573394100006,10.701025870000024],[98.89989983900006,10.708557837000058],[98.89813083600006,10.711287859000038],[98.90182528400004,10.71484650900004],[98.90191369900003,10.718759012000021],[98.90379811100007,10.721281717000068],[98.90393421700009,10.72480207500007],[98.90633693300003,10.72581387100007],[98.90557722700004,10.729812378000076],[98.90945960800008,10.733337623000068],[98.91115092100006,10.737418666000053],[98.91012944300007,10.741267930000049],[98.91226221400007,10.742455883000048],[98.91434464900004,10.747740672000077],[98.91076140200005,10.749955446000058],[98.90890536600006,10.753298272000052],[98.89774918300009,10.751941532000046],[98.89761608400005,10.754772032000062],[98.89350506700004,10.757782256000041],[98.89433436200005,10.762301907000051],[98.89203297200004,10.764559673000065],[98.89190405400007,10.768849447000036],[98.88936375700007,10.770016149000071],[98.88915932300006,10.777863245000049],[98.88638801700006,10.77792217700005],[98.88521324200008,10.779934228000059],[98.88538062100008,10.784155464000037],[98.88413142800005,10.78572077800004],[98.88037311000005,10.78558049000003],[98.88020162600009,10.788338733000046],[98.87624244400007,10.788427601000024],[98.87502696100006,10.784053201000063],[98.86985077200006,10.78275951300003],[98.86746039000008,10.776725096000064],[98.86392858700003,10.776423069000032],[98.86278351300007,10.77881677800002],[98.85808030300007,10.775230552000039],[98.85923969700008,10.774373613000023],[98.85489435300008,10.768152762000057],[98.84483843800007,10.75804123100005],[98.84580739000006,10.756363496000063],[98.84399288200007,10.753649547000066],[98.83996429800004,10.753958814000043],[98.83834387300004,10.752175244000057],[98.83906285200004,10.747127736000039],[98.83733305800007,10.746984141000041],[98.83097361300008,10.73957987700004],[98.83150700900006,10.736604907000071],[98.82790955900003,10.733078951000039],[98.82340832900007,10.73213723200007],[98.82344997500007,10.725835242000073],[98.81925295500008,10.724593092000077],[98.81882848700008,10.71970901900005],[98.80966611400004,10.716143997000074],[98.80958030200009,10.714033811000036],[98.81253362400008,10.71299824700003],[98.80722140800003,10.707464310000034],[98.80127689400007,10.706906451000066],[98.80333007000007,10.703939887000047],[98.80248205900006,10.699920791000068],[98.80668272500009,10.697931191000066],[98.80808131400005,10.692884916000025],[98.81152129900005,10.690569608000033],[98.81177072000008,10.68820270200007],[98.81520067900004,10.686940328000048],[98.81626505400004,10.681731030000037],[98.81900248500006,10.67817427700004],[98.81814428900003,10.671110938000027],[98.81949963200003,10.664586239000073],[98.81870475700003,10.660721054000021],[98.82288652800008,10.658097142000031],[98.82766859100008,10.650903979000077],[98.82888601700006,10.643370416000039],[98.83448584500007,10.637406328000054],[98.83484221700007,10.632312997000042],[98.83338859000008,10.627848860000029],[98.83677009700006,10.624441949000072],[98.83905551200007,10.617126754000026],[98.83826059000006,10.611122598000065],[98.83891255200007,10.608442644000036],[98.84546287700005,10.599283176000029],[98.84693136200008,10.595267583000066],[98.84960341500005,10.592422487000022],[98.85124462700009,10.588505832000067],[98.85084949600008,10.581728018000035],[98.85231878900004,10.579815910000036],[98.85059274800005,10.577914131000057],[98.85075505900005,10.574856049000061],[98.86007680900008,10.565476993000061],[98.86130716600007,10.562413923000065],[98.86700317500004,10.557136075000074],[98.87221856000008,10.555392139000048],[98.87691776200006,10.552008029000035],[98.88126740600006,10.547266363000062],[98.88109968800006,10.543427218000033],[98.87687310100006,10.540609790000076],[98.87689573700004,10.539002622000055],[98.88126661900009,10.539638079000042],[98.88251271300004,10.534840498000051],[98.88087236900009,10.532753595000031],[98.87946513400004,10.524144540000066],[98.87762666000003,10.51928508800006],[98.88069327800008,10.516477604000045],[98.88045864500003,10.512398708000035],[98.88715472400008,10.50767687900003],[98.88874220900004,10.507614898000043],[98.89688819900005,10.497265981000055],[98.90060403700005,10.494698526000036],[98.90255617100007,10.491429099000072],[98.90640310000003,10.489276706000055]]]},"properties":{"Shape_Leng":0.964717219169,"Shape_Area":0.0241793312668,"ADM3_EN":"Cho Po Ro","ADM3_TH":"จ.ป.ร.","ADM3_PCODE":"TH850406","ADM2_EN":"Kra Buri","ADM2_TH":"กระบุรี","ADM2_PCODE":"TH8504","ADM1_EN":"Ranong","ADM1_TH":"ระนอง","ADM1_PCODE":"TH85","ADM0_EN":"Thailand","ADM0_TH":"ประเทศไทย","ADM0_PCODE":"TH"}},
{"type":"Feature","geometry":{"type":"Polygon","coordinates":[[[98.78298540300005,10.219929850000028],[98.78432126800004,10.222539913000048],[98.78557945200004,10.229364584000052],[98.78528607100009,10.23663302400007],[98.78334591700008,10.240437205000035],[98.78835712500006,10.24863571000003],[98.79069048000008,10.255594194000025],[98.79006623300006,10.259080832000052],[98.79289542200007,10.26149198500002],[98.79723132300006,10.270498238000073],[98.79736082400007,10.274585527000056],[98.79920128400005,10.276001859000075],[98.79938263800005,10.280509725000059],[98.79567545600008,10.283398011000031],[98.79486918200007,10.289664793000043],[98.79362559800006,10.291846602000021],[98.79360608000007,10.296953409000025],[98.79221742400006,10.300679396000021],[98.78663433900005,10.304055151000057],[98.78431878300006,10.310213034000071],[98.78479147500008,10.312193487000059],[98.78283224300009,10.315688068000043],[98.78242833000007,10.321199138000054],[98.77929484000003,10.320365215000038],[98.77456148800007,10.321259306000059],[98.77050755300007,10.319162404000053],[98.76600318800007,10.319666820000066],[98.76343255000006,10.31729894800003],[98.76122973400004,10.312791952000055],[98.75795383000008,10.310385741000061],[98.75644737900006,10.30668213000007],[98.75287758200005,10.306298686000048],[98.74729528000006,10.313943393000045],[98.74531278800004,10.315253521000045],[98.74039471800006,10.320872271000042],[98.73484327900007,10.314302331000022],[98.73234090100004,10.310416840000073],[98.73092843700005,10.305992962000062],[98.72909365300006,10.295112847000041],[98.72633362100004,10.28552118400006],[98.72365224900005,10.280014798000025],[98.72129237200005,10.270804733000034],[98.71474483800006,10.253586127000062],[98.70869849500008,10.235209397000062],[98.70614203700006,10.229022998000062],[98.71108762800009,10.226936845000068],[98.71895778200007,10.225408346000052],[98.72132934500007,10.22672665400006],[98.72517537400006,10.22624879500006],[98.72667922000005,10.224789387000044],[98.73326603600003,10.223190630000033],[98.73673575300006,10.225875493000046],[98.73801197200004,10.224369258000024],[98.74040756600004,10.225650201000064],[98.74793141600009,10.222425846000021],[98.75154259200008,10.21956827400004],[98.75280114100008,10.21661367300004],[98.75623335700004,10.21618358400002],[98.75886499400008,10.213785388000076],[98.75849312800005,10.210920161000047],[98.76442159000004,10.206639930000051],[98.77028609800004,10.209967730000074],[98.77137977300004,10.21307760600007],[98.77529878400009,10.213028226000063],[98.77990325500008,10.214667347000045],[98.78298540300005,10.219929850000028]]]},"properties":{"Shape_Leng":0.373602972747,"Shape_Area":0.00676305102855,"ADM3_EN":"Bang Yai","ADM3_TH":"บางใหญ่","ADM3_PCODE":"TH850407","ADM2_EN":"Kra Buri","ADM2_TH":"กระบุรี","ADM2_PCODE":"TH8504","ADM1_EN":"Ranong","ADM1_TH":"ระนอง","ADM1_PCODE":"TH85","ADM0_EN":"Thailand","ADM0_TH":"ประเทศไทย","ADM0_PCODE":"TH"}},
{"type":"Feature","geometry":{"type":"MultiPolygon","coordinates":[[[[98.49144292100004,9.548105288000045],[98.48542629200006,9.54774302900006],[98.48463417300007,9.551496820000068],[98.48155754500004,9.55667685800006],[98.47904853100005,9.546830688000057],[98.46851441700005,9.543313040000044],[98.46478468400005,9.55098113300005],[98.46296779600004,9.552052844000059],[98.46070779500008,9.557475599000043],[98.46463277200007,9.557221921000064],[98.46721105700004,9.558767144000058],[98.47011171000008,9.564781703000051],[98.46674355300007,9.567030018000025],[98.46147450700005,9.562259046000065],[98.45697468000009,9.564262046000067],[98.45578122700005,9.563342540000065],[98.45494267900006,9.556761877000042],[98.45295073500006,9.551802400000042],[98.44942598700004,9.539393016000076],[98.44757362800004,9.537686747000066],[98.44333763000009,9.523685413000067],[98.44165163400004,9.520552336000037],[98.43876661600007,9.51196998100005],[98.43559245200004,9.49883460500007],[98.43403462400005,9.493986180000036],[98.43829393600004,9.491616116000046],[98.44241077700008,9.49176050400007],[98.44271352900006,9.489829089000068],[98.44520352000006,9.489294830000063],[98.44726629000007,9.49096845300005],[98.45029259600005,9.490165208000064],[98.45056603300009,9.486194736000073],[98.45300251900005,9.477320533000068],[98.45106810000004,9.471009026000047],[98.44891455500004,9.46644705600005],[98.44947327000006,9.45930906500007],[98.44819212500005,9.457089024000027],[98.44226695700007,9.455071184000076],[98.44018135800007,9.450734682000075],[98.44128933200005,9.447892920000072],[98.43779300400007,9.440906228000074],[98.43749216900005,9.436216497000032],[98.43923434100009,9.430797425000037],[98.43906087400006,9.425407239000037],[98.43499251100008,9.423632918000067],[98.43310365000008,9.42075273200004],[98.42826015600008,9.418159538000054],[98.42656160900003,9.414692694000053],[98.42822864100003,9.412187093000057],[98.42778316900007,9.40850451700004],[98.42565550800003,9.406575687000043],[98.42719186100004,9.39948959000003],[98.42034925300004,9.396753108000041],[98.41838733300006,9.394972058000064],[98.41903987300003,9.392192589000047],[98.42517354000006,9.390327065000065],[98.42616342900004,9.387753343000043],[98.42915930300006,9.386232236000069],[98.43157546000003,9.389030734000073],[98.43386513800004,9.385948572000075],[98.43296433100005,9.384091359000024],[98.43959140600003,9.379177045000063],[98.44491240700006,9.372610873000042],[98.44652582100008,9.366662362000056],[98.45255388600003,9.364774999000076],[98.45535458500007,9.361173534000045],[98.45912099200007,9.36187896000007],[98.46097447900007,9.358069328000056],[98.46480334200004,9.355505707000077],[98.46745369300004,9.355339137000044],[98.47069472000004,9.357216145000052],[98.47479179100009,9.357284962000051],[98.48249504400007,9.360364851000043],[98.48918788400005,9.359782214000063],[98.49110406200003,9.35824575600003],[98.49163883200004,9.352040180000074],[98.49557398500008,9.35237401300003],[98.49908387600004,9.356571730000041],[98.50362315700005,9.356019271000036],[98.50818963200004,9.351565618000052],[98.51414136900007,9.348274960000026],[98.52042684200006,9.345731544000046],[98.52420871300006,9.346811668000043],[98.52759061000006,9.345063548000041],[98.53074868700008,9.34530232800006],[98.53938628500003,9.350253639000073],[98.54037397700006,9.353984479000076],[98.54427297700005,9.356929088000072],[98.54792901200005,9.36117028800004],[98.55065203200007,9.360613232000048],[98.56242938100007,9.360514237000075],[98.56657873600005,9.359090692000052],[98.56987930300005,9.361937149000028],[98.57277321600009,9.362009214000068],[98.57483643900008,9.365453623000064],[98.57935553300007,9.365555175000054],[98.58143811800005,9.363860682000052],[98.58409368800005,9.364440345000048],[98.58722213200008,9.367917371000033],[98.59008076600009,9.36477386100006],[98.58998853300005,9.356677498000067],[98.59691856400008,9.349617348000038],[98.60205852700005,9.347332106000067],[98.60442996000006,9.344762593000041],[98.61135758300009,9.342328834000057],[98.61619288500003,9.343457430000058],[98.61898488600008,9.346855343000072],[98.62219766800007,9.348573739000074],[98.62967965500007,9.354239820000032],[98.63450353500008,9.356512735000024],[98.63757877300009,9.356580873000041],[98.64088717000004,9.352620136000041],[98.64326426700006,9.352860816000032],[98.64874275800008,9.350147289000063],[98.65609745700004,9.347673159000067],[98.65986159500005,9.34804881100007],[98.66341316100005,9.354526454000052],[98.66719218400004,9.356510054000069],[98.67193299300004,9.366819436000071],[98.67093080100005,9.37248142900006],[98.67501066900007,9.380636339000034],[98.67384968500005,9.385200147000035],[98.67411763300004,9.388466264000044],[98.66940970100006,9.389186219000067],[98.66473781800005,9.386194128000056],[98.66118463600009,9.387254473000041],[98.65827795200005,9.385830760000033],[98.65553576800005,9.387697175000028],[98.64887843300005,9.38757750700006],[98.64930580600009,9.390519113000039],[98.65165096500004,9.392738566000048],[98.65431533900005,9.400205923000044],[98.65392473400004,9.404098361000024],[98.64792122500006,9.41366382800004],[98.64741123900006,9.424989100000062],[98.64785331300004,9.427253501000052],[98.65087157700003,9.428514090000021],[98.65416690200004,9.424611409000022],[98.66019728300006,9.420704990000047],[98.66673752200006,9.421693710000056],[98.67145983000006,9.424616334000063],[98.67394380500008,9.429128253000044],[98.67924151100004,9.432315656000071],[98.68149946700004,9.435931566000022],[98.68052010900004,9.438366124000027],[98.67635029400009,9.44059975500005],[98.67294399200006,9.447271791000048],[98.66812620900004,9.448691782000026],[98.66187184000006,9.447969382000053],[98.65327967900004,9.450205133000054],[98.64931028800004,9.45282895400004],[98.64129943200004,9.453234310000028],[98.63377368400006,9.455336095000064],[98.63342283100008,9.457248495000044],[98.62396487400008,9.459885934000056],[98.61921067600008,9.464737490000061],[98.61532332400009,9.467063197000073],[98.61015401000009,9.467207052000049],[98.60781886200004,9.470982740000068],[98.60500456300008,9.470782798000073],[98.60226692100008,9.472873504000063],[98.59930272700007,9.472035753000057],[98.59610397500006,9.477061051000021],[98.57404115800006,9.48204901300005],[98.57254844500005,9.48379464200002],[98.56657558900008,9.485951936000049],[98.56012498800004,9.48579010800006],[98.55877228100007,9.487233102000062],[98.55479298000006,9.487270047000038],[98.55076786400008,9.485281316000055],[98.54697439000006,9.488062893000063],[98.54361329300008,9.487601987000062],[98.53967583700006,9.484470221000038],[98.53516191000006,9.483867037000039],[98.52635556400008,9.485634841000035],[98.52327398500006,9.483301723000068],[98.52044401300009,9.482959397000059],[98.51816564500007,9.485050047000072],[98.50892057100003,9.485914798000067],[98.50807949900008,9.484571952000067],[98.50174700800005,9.48486615400003],[98.50274133600004,9.488801807000073],[98.50116277600006,9.49326482400005],[98.49344817800005,9.495174682000027],[98.49328812300007,9.499000958000067],[98.49453632700005,9.503257733000055],[98.49955305800006,9.511899120000066],[98.49945934700008,9.514550861000032],[98.49460901100008,9.524947778000069],[98.49266278800008,9.533169473000044],[98.49144292100004,9.548105288000045]]],[[[98.38537265900004,9.57209621000004],[98.38326212600003,9.572157934000074],[98.38105974900009,9.568291922000071],[98.38070308000005,9.56495287100006],[98.38403422100004,9.564566039000056],[98.38682617600006,9.570658709000043],[98.38537265900004,9.57209621000004]]]]},"properties":{"Shape_Leng":1.10862366051,"Shape_Area":0.031111059237,"ADM3_EN":"Na Kha","ADM3_TH":"นาคา","ADM3_PCODE":"TH850501","ADM2_EN":"Suk Samran","ADM2_TH":"สุขสำราญ","ADM2_PCODE":"TH8505","ADM1_EN":"Ranong","ADM1_TH":"ระนอง","ADM1_PCODE":"TH85","ADM0_EN":"Thailand","ADM0_TH":"ประเทศไทย","ADM0_PCODE":"TH"}},
{"type":"Feature","geometry":{"type":"MultiPolygon","coordinates":[[[[98.43403462400005,9.493986180000036],[98.43392848500008,9.486039344000062],[98.43233686200006,9.484473155000046],[98.43364351900004,9.474359045000028],[98.43368404300008,9.467664551000041],[98.43287938300006,9.459093471000074],[98.43134431300007,9.449423878000061],[98.42889350100006,9.438663321000035],[98.42679526900008,9.436188208000033],[98.42396605900007,9.426712060000057],[98.41662660500003,9.407182490000025],[98.41499026700006,9.406520907000072],[98.40735102300005,9.398221732000025],[98.40565195600004,9.398265380000055],[98.40222109700005,9.403466687000048],[98.39803443600005,9.403535732000023],[98.39650646000007,9.400185739000051],[98.39703682700008,9.397293433000073],[98.39613907800003,9.390107129000057],[98.39542142000005,9.366479080000033],[98.39446627200005,9.362767100000042],[98.39427266900003,9.356259945000033],[98.39232658700007,9.341142335000029],[98.39046793200004,9.332189766000056],[98.39331914400003,9.332799158000057],[98.39468238100005,9.33014604400006],[98.40111922300008,9.329472887000065],[98.40227819000006,9.33293094000004],[98.40102322400008,9.33702386400006],[98.40220207600004,9.340530492000028],[98.40135394600009,9.34309068600004],[98.40250650400009,9.347603033000041],[98.40758582700005,9.34833069800004],[98.40961480600004,9.343334945000038],[98.41292899600006,9.341875685000048],[98.41279500800005,9.339475049000043],[98.41723893200003,9.335359530000062],[98.42145647500007,9.335064301000045],[98.43155587800004,9.32994758700005],[98.43606788100004,9.328714195000032],[98.43719176600007,9.326806627000053],[98.43993877100007,9.330349857000044],[98.43979348800008,9.332932816000039],[98.44458838100007,9.330368028000066],[98.44733290100004,9.330427777000068],[98.44823369000005,9.328072336000048],[98.44732002400008,9.323654670000053],[98.45078051400009,9.322349063000047],[98.45526904200005,9.316529419000062],[98.45970254900004,9.316340633000038],[98.46370210600008,9.314418419000049],[98.46693126500008,9.315011221000077],[98.46776350800008,9.317976979000036],[98.47041571100004,9.321555494000052],[98.47625225500008,9.314929608000057],[98.47776342100008,9.315721678000045],[98.48180706500005,9.310476699000048],[98.48007387100006,9.304004464000059],[98.48290770100004,9.304871626000022],[98.48537831700008,9.307514611000045],[98.50025387000005,9.306984274000058],[98.50606009400008,9.308902024000076],[98.50699697800007,9.310713135000071],[98.50624386200008,9.315663744000062],[98.50866527900007,9.319314446000021],[98.51231199000006,9.32209229600005],[98.51191509200004,9.326150833000042],[98.51462352000004,9.327641137000057],[98.51556395000006,9.330863178000072],[98.51919067300008,9.332681110000067],[98.52620527300007,9.338342864000026],[98.52978586100005,9.342634858000054],[98.53074868700008,9.34530232800006],[98.52759061000006,9.345063548000041],[98.52420871300006,9.346811668000043],[98.52042684200006,9.345731544000046],[98.51414136900007,9.348274960000026],[98.50818963200004,9.351565618000052],[98.50362315700005,9.356019271000036],[98.49908387600004,9.356571730000041],[98.49557398500008,9.35237401300003],[98.49163883200004,9.352040180000074],[98.49110406200003,9.35824575600003],[98.48918788400005,9.359782214000063],[98.48249504400007,9.360364851000043],[98.47479179100009,9.357284962000051],[98.47069472000004,9.357216145000052],[98.46745369300004,9.355339137000044],[98.46480334200004,9.355505707000077],[98.46097447900007,9.358069328000056],[98.45912099200007,9.36187896000007],[98.45535458500007,9.361173534000045],[98.45255388600003,9.364774999000076],[98.44652582100008,9.366662362000056],[98.44491240700006,9.372610873000042],[98.43959140600003,9.379177045000063],[98.43296433100005,9.384091359000024],[98.43386513800004,9.385948572000075],[98.43157546000003,9.389030734000073],[98.42915930300006,9.386232236000069],[98.42616342900004,9.387753343000043],[98.42517354000006,9.390327065000065],[98.41903987300003,9.392192589000047],[98.41838733300006,9.394972058000064],[98.42034925300004,9.396753108000041],[98.42719186100004,9.39948959000003],[98.42565550800003,9.406575687000043],[98.42778316900007,9.40850451700004],[98.42822864100003,9.412187093000057],[98.42656160900003,9.414692694000053],[98.42826015600008,9.418159538000054],[98.43310365000008,9.42075273200004],[98.43499251100008,9.423632918000067],[98.43906087400006,9.425407239000037],[98.43923434100009,9.430797425000037],[98.43749216900005,9.436216497000032],[98.43779300400007,9.440906228000074],[98.44128933200005,9.447892920000072],[98.44018135800007,9.450734682000075],[98.44226695700007,9.455071184000076],[98.44819212500005,9.457089024000027],[98.44947327000006,9.45930906500007],[98.44891455500004,9.46644705600005],[98.45106810000004,9.471009026000047],[98.45300251900005,9.477320533000068],[98.45056603300009,9.486194736000073],[98.45029259600005,9.490165208000064],[98.44726629000007,9.49096845300005],[98.44520352000006,9.489294830000063],[98.44271352900006,9.489829089000068],[98.44241077700008,9.49176050400007],[98.43829393600004,9.491616116000046],[98.43403462400005,9.493986180000036]]],[[[98.35293620100003,9.440757652000059],[98.34901009100008,9.440415010000038],[98.34861985800006,9.43416654500004],[98.35453044000008,9.436655462000033],[98.35293620100003,9.440757652000059]]],[[[98.32834052800007,9.457555771000045],[98.32637596100005,9.45749855300005],[98.32659721300007,9.45327949600005],[98.32858085500004,9.454622270000073],[98.32834052800007,9.457555771000045]]],[[[98.38183665100007,9.478361154000027],[98.38471520600007,9.481816017000028],[98.38471132000006,9.483996544000036],[98.38004715000005,9.489130466000063],[98.37611140900003,9.490197464000062],[98.37059510400007,9.495101907000048],[98.36833367100007,9.49480492300006],[98.36856874700004,9.49174610700004],[98.37061238300004,9.485631296000065],[98.37092117400005,9.478081365000037],[98.37784040100007,9.476694273000021],[98.38183665100007,9.478361154000027]]],[[[98.36730766400007,9.499086380000051],[98.36955833400003,9.501401901000065],[98.36968803400003,9.503873825000028],[98.36691856500005,9.500711441000021],[98.36730766400007,9.499086380000051]]],[[[98.33113565000008,9.467592009000043],[98.33576425200005,9.469334311000068],[98.34236387800007,9.474189116000048],[98.34414710700008,9.477401605000068],[98.34573547100007,9.484467556000027],[98.35160020700005,9.488977005000038],[98.35260338700004,9.492689436000035],[98.35200052000005,9.49864816400003],[98.35484152700008,9.507378287000051],[98.35203981600006,9.508447595000064],[98.34988391500008,9.503773137000053],[98.34790846100003,9.502909866000039],[98.33949656600004,9.49458469800004],[98.33689177800005,9.49084055000003],[98.33763376400003,9.487704449000034],[98.33187563700005,9.480415642000025],[98.33129492600006,9.47476989200004],[98.32955542700006,9.471399843000029],[98.33113565000008,9.467592009000043]]],[[[98.35453439200006,9.510389716000077],[98.36052706000004,9.512384981000025],[98.35882500800005,9.517607032000058],[98.35642468300006,9.518528597000056],[98.35425788200007,9.515720202000068],[98.35348105200006,9.510731704000023],[98.35453439200006,9.510389716000077]]]]},"properties":{"Shape_Leng":0.977073705246,"Shape_Area":0.00794721379891,"ADM3_EN":"Kamphuan","ADM3_TH":"กำพวน","ADM3_PCODE":"TH850502","ADM2_EN":"Suk Samran","ADM2_TH":"สุขสำราญ","ADM2_PCODE":"TH8505","ADM1_EN":"Ranong","ADM1_TH":"ระนอง","ADM1_PCODE":"TH85","ADM0_EN":"Thailand","ADM0_TH":"ประเทศไทย","ADM0_PCODE":"TH"}}
]}