{"type":"FeatureCollection", "features": [
{"type":"Feature","geometry":{"type":"Polygon","coordinates":[[[102.04796915400004,13.85031009100004],[102.02560359700004,13.869283997000025],[102.02476975700006,13.868779785000072],[102.02343385300009,13.866255014000046],[102.01972677900005,13.86286412100003],[102.01830754400004,13.862490876000038],[102.01844117100006,13.860944257000028],[102.01623414600004,13.860251726000058],[102.01602758200005,13.858229573000074],[102.01453857800004,13.857373218000077],[102.01337948400004,13.855604436000021],[102.01425710300003,13.855293372000062],[102.01337793400006,13.853288451000026],[102.01437748900008,13.852625328000045],[102.01651559000004,13.852667577000034],[102.01884017700007,13.854241184000045],[102.02007868400005,13.852604864000057],[102.01911297300006,13.850387855000065],[102.02087636000005,13.848062124000023],[102.02099408900006,13.845880528000066],[102.02168843100009,13.844337228000029],[102.02294426000009,13.843451173000062],[102.02397128000007,13.843877519000046],[102.02493516600003,13.841205172000059],[102.02642132600005,13.84179844700003],[102.02773257200005,13.841339454000035],[102.02791352600008,13.839003240000068],[102.03117339600004,13.839563294000072],[102.02971733400005,13.83477077200007],[102.03090596300007,13.83403936700006],[102.03227728300004,13.83466405200005],[102.03440299700009,13.838086144000044],[102.03583581700008,13.838157978000027],[102.03492992200006,13.836346616000071],[102.03447397300005,13.834223972000075],[102.03558733300008,13.833464402000061],[102.03653930400009,13.836080423000055],[102.03769143200009,13.835257038000066],[102.03820929200003,13.830779459000041],[102.03939438000003,13.828615377000062],[102.03944887900008,13.827545280000038],[102.04178869700007,13.826703637000037],[102.04271187900008,13.82710376500006],[102.04430541200009,13.82590199200007],[102.04404363200007,13.82348851100005],[102.04576531900005,13.822731903000033],[102.04449693900006,13.821252590000029],[102.04512947600006,13.818127958000048],[102.04756257000008,13.818101253000066],[102.04896276000005,13.816017287000022],[102.05082925600004,13.814868388000036],[102.05222135000008,13.813411121000058],[102.05380342700005,13.813274173000025],[102.05486702200005,13.81496822500003],[102.05489926000007,13.813391858000045],[102.05267654800008,13.811510543000054],[102.05256526600004,13.810705179000024],[102.05714885000003,13.808134081000048],[102.05587827200009,13.807127403000038],[102.05589021800006,13.80546686200006],[102.05516001200004,13.802835274000074],[102.05326413700004,13.801719097000046],[102.05345205800006,13.800670807000074],[102.05523790000007,13.801445955000077],[102.05693352100008,13.798244776000047],[102.05703429600004,13.79677074600005],[102.05973890500007,13.800653517000057],[102.06255645700008,13.801049899000077],[102.06395686000008,13.800239760000068],[102.06481377700004,13.798606207000034],[102.06358298700007,13.798438641000075],[102.06267081400006,13.799148881000065],[102.06212831000005,13.797664117000068],[102.06305357400004,13.797221067000066],[102.06388453900007,13.795437753000044],[102.06370020500003,13.793817191000073],[102.06437624500006,13.792298469000059],[102.06141165100007,13.79276225500007],[102.06114170900008,13.791199038000059],[102.06352904100004,13.79026404700005],[102.06454614000006,13.788403365000022],[102.06593599000007,13.787893544000042],[102.06798965100006,13.788604294000038],[102.07051956400005,13.784632828000042],[102.07115274700004,13.784245001000045],[102.07406013800005,13.784921582000038],[102.07673636100009,13.785901199000023],[102.07641718100007,13.784615364000047],[102.07734623800008,13.783736032000036],[102.07847421000008,13.784486422000043],[102.08015701900007,13.784022632000074],[102.08040290600007,13.782510780000052],[102.07901242600008,13.781328606000045],[102.07887798600007,13.779438145000029],[102.08205125800004,13.780523776000052],[102.08111503800006,13.781174472000032],[102.08193778900005,13.78216175800003],[102.08485383500005,13.78132133500003],[102.08495394000005,13.780273015000034],[102.08277942900008,13.778482350000047],[102.08198761000006,13.775994154000045],[102.08382568900004,13.775612471000045],[102.08486436800007,13.77345172400004],[102.08665602600007,13.772749069000042],[102.08566859200005,13.768853515000046],[102.08725704700004,13.767452620000029],[102.08669253000005,13.766214768000054],[102.08832574200005,13.765975794000042],[102.08791697100008,13.764715378000062],[102.08811217400006,13.762793191000071],[102.08968575600005,13.762791157000038],[102.09102967600006,13.762042165000025],[102.09155445400006,13.763272260000065],[102.09238611100005,13.762631106000072],[102.09486528600007,13.762525555000025],[102.09482219300008,13.760596873000054],[102.09621296000006,13.760141601000043],[102.09665865300008,13.758822639000073],[102.09781430600003,13.758071972000039],[102.09687472800005,13.757576753000023],[102.09831297600005,13.75702997600007],[102.09937800400007,13.758404744000075],[102.10180152000004,13.75774043000007],[102.10123501200007,13.756513983000048],[102.10386062300006,13.756066618000034],[102.10468609800006,13.756303543000058],[102.10695881400005,13.755001108000044],[102.10758009100005,13.753187737000076],[102.10894210800006,13.752382172000068],[102.10942988500005,13.751238279000063],[102.11155500800004,13.750500364000061],[102.11099517000008,13.749301685000034],[102.11236679900009,13.748029148000057],[102.11400485100006,13.747532335000074],[102.11512474100005,13.745641543000033],[102.11854079200003,13.742562342000042],[102.11997295600008,13.740135826000028],[102.12261952800009,13.738902763000056],[102.12464772600003,13.738499888000035],[102.12529942200007,13.737084933000062],[102.12814819900007,13.736348189000068],[102.12930450600004,13.736442588000045],[102.13008559000008,13.739349265000044],[102.13140314700007,13.741080324000052],[102.13297841800005,13.740627485000061],[102.13350758600006,13.742051143000026],[102.13551296600008,13.744132050000076],[102.13633542500008,13.74699471100007],[102.13476638300006,13.749817730000075],[102.13114457500006,13.752394786000025],[102.13321957800008,13.755896951000068],[102.12959230400008,13.757595374000061],[102.12453123600005,13.763903360000029],[102.12188003000006,13.765811219000057],[102.11857308500004,13.768733187000066],[102.11473298300007,13.77168729300007],[102.11114885200004,13.772292985000036],[102.11137891100009,13.77461809600004],[102.11067394100007,13.77560397600007],[102.11089142700007,13.777218167000058],[102.10990729400004,13.780795610000041],[102.10872314200009,13.782527077000054],[102.10904033100007,13.783930389000034],[102.10778410900008,13.784806998000022],[102.10582844400005,13.787139340000067],[102.10469554400004,13.789688830000046],[102.10388755900004,13.790018098000075],[102.10444197600003,13.79118098300006],[102.10442588800004,13.795512002000066],[102.10480213500006,13.796978883000065],[102.10402021500005,13.797941005000041],[102.10237915400006,13.797855388000073],[102.10190659500006,13.799629798000069],[102.10115539700007,13.799854466000056],[102.10125955500007,13.801606751000065],[102.10041965000005,13.802396465000072],[102.09940877300005,13.805377246000035],[102.09991970600004,13.806120217000057],[102.09991561900006,13.808394514000042],[102.09901132800007,13.808910497000056],[102.10014925700006,13.80973046300005],[102.10102370900006,13.811744943000065],[102.09064054000004,13.815027443000076],[102.08742444400008,13.816813599000056],[102.07586387700007,13.826654560000065],[102.04796915400004,13.85031009100004]]]},"properties":{"Shape_Leng":0.530851163007,"Shape_Area":0.00403165902417,"ADM3_EN":"Sa Kaeo","ADM3_TH":"สระแก้ว","ADM3_PCODE":"TH270101","ADM2_EN":"Mueang Sa Kaeo","ADM2_TH":"เมืองสระแก้ว","ADM2_PCODE":"TH2701","ADM1_EN":"Sa Kaeo","ADM1_TH":"สระแก้ว","ADM1_PCODE":"TH27","ADM0_EN":"Thailand","ADM0_TH":"ประเทศไทย","ADM0_PCODE":"TH"}},
{"type":"Feature","geometry":{"type":"Polygon","coordinates":[[[102.07526888500007,14.035061603000031],[102.07168357600005,14.035780815000066],[102.06731284400007,14.035794122000027],[102.06475892700007,14.03501282600007],[102.06303805900006,14.035131070000034],[102.05630251800005,14.034191666000027],[102.05176821100008,14.034441822000076],[102.04774106600007,14.034972117000052],[102.04061948300006,14.036384484000052],[102.03843888900008,14.03582122000006],[102.03229398000008,14.035199190000071],[102.02965844200008,14.035250312000073],[102.02486916000004,14.034900414000049],[102.02251804200006,14.034513918000073],[102.01537748600003,14.033765257000027],[102.00761763700007,14.032397208000077],[102.00347221100009,14.032183520000046],[102.00069383200008,14.032645970000033],[101.99802642600008,14.032148628000073],[101.99525397500008,14.033069047000026],[101.99220642000006,14.032775259000061],[101.98849665000006,14.031404639000073],[101.98470812500005,14.031101817000035],[101.97998143000007,14.029864153000062],[101.97546226000009,14.02939537800006],[101.97197462100007,14.028485870000054],[101.96692999500004,14.025564054000029],[101.96164810000005,14.023251278000032],[101.95785978000004,14.018602799000064],[101.95596879800007,14.018087711000021],[101.95625767800004,14.014870692000045],[101.95680441900004,14.013771989000077],[101.95525841000006,14.012664422000057],[101.95366404600009,14.010030475000065],[101.95027934100005,14.009907760000033],[101.94864143800004,14.009428047000029],[101.94953330600003,14.006502021000074],[101.94908965500008,14.005427735000069],[101.94899259400006,14.002821801000039],[101.94977411700006,14.000752999000042],[101.94801196500003,13.999609539000062],[101.94860047200007,13.996649321000064],[101.94787869000004,13.993924578000076],[101.94795505500008,13.992274029000043],[101.94641852900008,13.990184984000052],[101.94655052400009,13.988070656000048],[101.94603466000007,13.985205717000042],[101.94448510200004,13.982288237000034],[101.94422341500007,13.980256286000042],[101.94458502600008,13.97845707700003],[101.94397389200009,13.976359267000078],[101.94100825500004,13.973949556000036],[101.94015459900004,13.971521737000046],[101.94122980300006,13.970807807000028],[101.94143298700004,13.966761726000072],[101.93980897300008,13.963577232000034],[101.93915127400004,13.963630050000063],[101.93721367600006,13.962102670000036],[101.93760377400008,13.961818125000036],[101.93754262400006,13.95909354500003],[101.93940537500004,13.957883345000027],[101.93974757200004,13.957041851000042],[101.93971750800006,13.954211164000071],[101.94131243700008,13.952351971000041],[101.94179921100005,13.950494793000075],[101.94337999700008,13.950281989000075],[101.94543489600005,13.947676701000034],[101.94503169100005,13.946926828000073],[101.94605743800008,13.945721040000024],[101.94642635700006,13.941934251000077],[101.94499345000008,13.94046773100007],[101.94674011800004,13.939292803000058],[101.94885317500007,13.939438091000056],[101.95072067300003,13.940269884000031],[101.95107543300009,13.938998737000077],[101.95015448200007,13.937610836000033],[101.95142182200004,13.936089528000025],[101.95114888900008,13.934116956000025],[101.94910819500006,13.933867557000042],[101.94461682900004,13.93178419700007],[101.94162686600004,13.931013716000052],[101.94020693200008,13.932301220000056],[101.93904480800006,13.934731269000054],[101.93938935900007,13.935790932000032],[101.93837083000005,13.936013656000057],[101.93663424800008,13.933719921000034],[101.93212449100008,13.934234115000038],[101.92995160700008,13.93403427100003],[101.93043593200008,13.935107853000034],[101.92957959600005,13.936707683000066],[101.92868185500004,13.937145581000038],[101.92737319900004,13.935624415000063],[101.92588087100006,13.936749062000047],[101.92660067400004,13.93814638300006],[101.92628315400003,13.939543713000035],[101.92399956400004,13.940188427000066],[101.92217627200006,13.937359093000055],[101.92890394000005,13.93308982900004],[101.93115634000009,13.930810069000074],[101.93895586800005,13.919852221000042],[101.94555027600006,13.91074689900006],[101.94789925800006,13.90952685800005],[101.96671445800007,13.907955152000056],[101.96883143400004,13.90739108200006],[101.98518178300009,13.898031235000076],[101.98711854400005,13.895914165000022],[101.98849156500006,13.893028295000022],[101.98979062500007,13.893848809000076],[101.98863852300008,13.897616708000044],[101.98787653600004,13.899013642000057],[101.98587208600009,13.900480995000066],[101.98487389300004,13.903843061000032],[101.98463708500009,13.904685955000048],[101.98607994000008,13.909475228000076],[101.98998094400008,13.911568488000057],[101.99091802100008,13.915209409000056],[101.99178476300006,13.915210763000061],[101.99202406500007,13.917853058000048],[101.99036907400006,13.91866427900004],[101.99028720700005,13.920055932000025],[101.99192514600009,13.91940984300004],[101.99283550300004,13.919777251000028],[101.99218529600006,13.920838524000033],[101.99092963300006,13.921371223000051],[101.98918261700004,13.921295212000075],[101.98800375600007,13.920638711000038],[101.98701403600006,13.922157705000075],[101.98825913100006,13.923488104000057],[101.99004889300005,13.924200814000073],[101.98992156600008,13.925638005000053],[101.98874025800006,13.92688197900003],[101.98720692400008,13.92611738100004],[101.98599263500006,13.926289711000038],[101.98594163600006,13.927695981000056],[101.98718055300009,13.928542912000069],[101.98721462100008,13.93029673500007],[101.98550287600006,13.931775856000058],[101.98686350100007,13.933430951000048],[101.98590465600006,13.934072443000048],[101.98433900800006,13.936172000000056],[101.98420483500007,13.938272749000078],[101.98331166500009,13.93865104200006],[101.98129845300008,13.937581185000056],[101.98046143600004,13.93877717600003],[101.98214845400008,13.941125901000078],[101.98209019000006,13.942051708000065],[101.98438795800007,13.941738887000042],[101.98481159200009,13.942996134000055],[101.98653906500004,13.94324111900005],[101.98560206300004,13.945079086000021],[101.98556764300008,13.94764656700005],[101.98702088100003,13.948176920000037],[101.98649369800006,13.950616036000042],[101.98689008600007,13.951849884000069],[101.98625646300007,13.954825339000024],[101.98732345000008,13.955534379000028],[101.98697885600006,13.956645552000055],[101.98798762500007,13.956897821000041],[101.98808185100006,13.957927010000049],[101.99124542500005,13.959973478000052],[101.99303615000008,13.959738939000033],[101.99319755000005,13.96087353400003],[101.99519304100005,13.960821766000038],[101.99569247000005,13.962270928000066],[101.99703161100007,13.961547752000058],[101.99899740800004,13.962133789000063],[101.99947686600007,13.963014894000025],[102.00252022200004,13.96182589600005],[102.00235834300008,13.960461529000042],[102.00359664100006,13.96152597200006],[102.00606052300009,13.959128865000025],[102.00777401500005,13.960418840000045],[102.00688158300005,13.961573051000073],[102.00716291600008,13.963236547000065],[102.00922111700004,13.96327364800004],[102.00918114800004,13.964351417000046],[102.01114794000006,13.96410301700007],[102.01120944500008,13.965980068000022],[102.01014859300005,13.965854854000042],[102.01166862600007,13.968702557000029],[102.01312548800007,13.969640683000023],[102.01198656200006,13.972137970000063],[102.01299243400007,13.972636943000055],[102.01485444200006,13.97453734100003],[102.01615615700007,13.974244440000064],[102.01955885300004,13.974676527000042],[102.02045071600008,13.975694868000062],[102.02023527700004,13.976764927000033],[102.02242267200006,13.978110794000031],[102.02265464800007,13.976861308000025],[102.02438102900004,13.978036320000058],[102.02678593400009,13.978264606000039],[102.02792972300006,13.979876434000062],[102.02720611000007,13.980676114000062],[102.02960344500008,13.983621647000064],[102.02845833000003,13.984178860000043],[102.02936673700003,13.984918631000028],[102.02892124000005,13.987583397000037],[102.03103365100009,13.98875614800005],[102.03211003200005,13.99057170900005],[102.03395135200009,13.991239173000054],[102.03447001900008,13.990863711000031],[102.03671843700005,13.991497069000047],[102.03701151500007,13.993467360000068],[102.03923762900007,13.994865244000039],[102.04139473100008,13.994503488000078],[102.04168715900005,13.995190305000051],[102.04454453500006,13.994770902000027],[102.04546023900008,13.99500678000004],[102.04707667600007,13.996858683000028],[102.04866883000005,13.997305308000023],[102.04948728700003,13.99933309000005],[102.05282882100005,14.000572884000064],[102.06035374900006,13.997922670000037],[102.06134343400004,13.99852579900005],[102.06656175400008,13.997541058000024],[102.06800637900005,13.999378096000044],[102.07034809500004,14.001128787000027],[102.07055010100004,14.002175701000056],[102.07212613000007,14.002631733000044],[102.07356918800008,14.00434505100003],[102.07595115100008,14.004751938000027],[102.07442000000003,14.00716360000007],[102.07331014600004,14.008171404000052],[102.07418264700004,14.009697989000074],[102.07251108400004,14.011297151000065],[102.07280026500007,14.01398836900006],[102.07171457100009,14.015863811000031],[102.07140822300005,14.017303972000036],[102.07291955300008,14.017563646000042],[102.07354399700006,14.018332325000074],[102.07297890200005,14.020405458000027],[102.07197406500006,14.021485298000073],[102.07424018400008,14.024800569000035],[102.07412442100008,14.026137862000041],[102.07270473700004,14.025730862000046],[102.07204074400005,14.026375729000051],[102.07258423200005,14.027922783000065],[102.07458935200003,14.031271804000028],[102.07440609600008,14.03260705200006],[102.07526888500007,14.035061603000031]]]},"properties":{"Shape_Leng":0.701619423745,"Shape_Area":0.00957004226206,"ADM3_EN":"Ban Kaeng","ADM3_TH":"บ้านแก้ง","ADM3_PCODE":"TH270102","ADM2_EN":"Mueang Sa Kaeo","ADM2_TH":"เมืองสระแก้ว","ADM2_PCODE":"TH2701","ADM1_EN":"Sa Kaeo","ADM1_TH":"สระแก้ว","ADM1_PCODE":"TH27","ADM0_EN":"Thailand","ADM0_TH":"ประเทศไทย","ADM0_PCODE":"TH"}},
{"type":"Feature","geometry":{"type":"Polygon","coordinates":[[[102.02560359700004,13.869283997000025],[101.98695876900007,13.902034265000054],[101.98487389300004,13.903843061000032],[101.98587208600009,13.900480995000066],[101.98787653600004,13.899013642000057],[101.98863852300008,13.897616708000044],[101.98979062500007,13.893848809000076],[101.98849156500006,13.893028295000022],[101.98711854400005,13.895914165000022],[101.98518178300009,13.898031235000076],[101.96883143400004,13.90739108200006],[101.96671445800007,13.907955152000056],[101.94789925800006,13.90952685800005],[101.94555027600006,13.91074689900006],[101.93895586800005,13.919852221000042],[101.93115634000009,13.930810069000074],[101.92890394000005,13.93308982900004],[101.92217627200006,13.937359093000055],[101.91924649300006,13.936403848000054],[101.91469114700004,13.937555552000049],[101.91516748000004,13.93582656700005],[101.91398249100007,13.934917017000032],[101.91317018100005,13.935840136000024],[101.91223038200008,13.935680606000062],[101.91052364200004,13.933613119000029],[101.91198173600009,13.932229138000025],[101.91216846900005,13.929938684000035],[101.91108355800009,13.929762526000047],[101.90852783300005,13.927994990000059],[101.90951782700006,13.927125409000041],[101.90725237500004,13.925013412000055],[101.90852159300005,13.924228410000069],[101.90880583000006,13.92297035200005],[101.90803598700006,13.921599681000032],[101.90915611500009,13.920888381000054],[101.90794843400005,13.920487244000071],[101.90707167300008,13.917761951000045],[101.90558346100005,13.917169683000054],[101.90597517700007,13.915345616000025],[101.90491536000007,13.912786108000034],[101.90603188100005,13.911463953000066],[101.90643823700003,13.909887896000043],[101.90594844000003,13.908244109000066],[101.90394251000004,13.90707074900007],[101.90731568900009,13.907470854000053],[101.90701955600008,13.908231340000043],[101.90831864600005,13.908674241000028],[101.90932346300008,13.909778088000053],[101.90983333900004,13.909322651000025],[101.90972171600004,13.907309457000053],[101.90911672800007,13.90633052000004],[101.90969434900006,13.905614924000076],[101.90940693200008,13.903121303000034],[101.91106766200005,13.90310751900006],[101.91090220500007,13.905428607000033],[101.91327252700006,13.904637319000074],[101.91331408600007,13.903517978000025],[101.91450903700007,13.903042292000066],[101.91340816000007,13.901414876000047],[101.91456526800005,13.900827181000068],[101.91426463900007,13.899270714000068],[101.91190689800004,13.898249791000069],[101.91268974100007,13.895547978000025],[101.90980932000008,13.893243724000058],[101.90929372300008,13.889663122000059],[101.90861751000006,13.889534861000072],[101.90830548500008,13.88781758600004],[101.90594280300007,13.888270344000034],[101.90627369300006,13.886683722000043],[101.90456847600007,13.883143893000067],[101.90594093900006,13.881337700000074],[101.90575233200008,13.880669237000063],[101.90713273800009,13.880269204000058],[101.91028816400006,13.87844147100003],[101.91136788800009,13.876705997000045],[101.91228671900006,13.876523752000026],[101.91261054800003,13.875364258000047],[101.91441373100008,13.87342714600004],[101.91544525200004,13.869617402000074],[101.91610815300004,13.868125745000043],[101.91792989200007,13.866296972000043],[101.91776625600005,13.865256683000041],[101.91876602200006,13.863652433000027],[101.92046462500008,13.86264299100003],[101.92047486000007,13.861685067000053],[101.92188557500003,13.861745418000055],[101.92297183300008,13.86014977800005],[101.92459082400006,13.859491092000042],[101.92499923500009,13.857992811000031],[101.92632536700006,13.856034823000073],[101.92864726900007,13.855585738000059],[101.92726756400003,13.853389678000042],[101.92699876800003,13.85184109100004],[101.92538061100004,13.850186963000056],[101.92451121800008,13.84579605700003],[101.92486970700008,13.84324196800003],[101.92250155700003,13.840285751000067],[101.92235644900006,13.839029553000046],[101.92014786900006,13.83239588300006],[101.92032351800003,13.830947707000064],[101.92420331600005,13.82757790100004],[101.92669091300007,13.823347428000034],[101.92691325700008,13.82196465800007],[101.92376238900005,13.815971533000038],[101.92499568700003,13.815802278000035],[101.92539466000005,13.814879770000061],[101.92711892100004,13.815353641000058],[101.92733794400004,13.81435515000004],[101.93008431200008,13.81430836800007],[101.93045836800007,13.813494602000048],[101.93200239700008,13.81387030600007],[101.93268110500009,13.813181174000022],[101.93449682600004,13.813145467000027],[101.93487566800007,13.812333978000026],[101.93707960200004,13.811855146000028],[101.93776180300006,13.81106567300003],[101.94140870200005,13.811849936000044],[101.94338580100003,13.810223973000063],[101.94341198400008,13.808698376000052],[101.94516881200008,13.807968293000044],[101.94605290700008,13.806279651000068],[101.94563811200004,13.805186212000024],[101.94685012200006,13.803526464000072],[101.94592762000008,13.801997649000043],[101.94710239700004,13.80026536500003],[101.94773028800006,13.800192501000026],[101.94776340000004,13.798493675000032],[101.94708403700008,13.798409890000073],[101.94557020400003,13.792657126000051],[101.94532741200004,13.790844936000042],[101.94389849500004,13.788761467000029],[101.94471282300003,13.784716931000048],[101.94367441400004,13.777036691000035],[101.94405697400003,13.773315988000036],[101.94355442800008,13.770704583000054],[101.94370574000004,13.769190425000033],[101.94215315800005,13.765211298000054],[101.94257705200005,13.76198179000005],[101.94203074600006,13.76081675100005],[101.94134105000006,13.75725699700007],[101.94218779100004,13.754829119000021],[101.94085833700007,13.753463373000045],[101.94090145700005,13.749644234000073],[101.93984607200008,13.746116979000021],[101.93818607200006,13.742959392000046],[101.93579130200004,13.740870142000063],[101.93720369800008,13.740481101000057],[101.93948663800006,13.738696307000055],[101.94113556700006,13.739279428000032],[101.94353819200006,13.740449567000041],[101.94679631400004,13.74074644600006],[101.94853734500003,13.741670915000043],[101.94902813600004,13.743443039000056],[101.95036493800006,13.743956945000036],[101.95166816400007,13.745276772000068],[101.95120016900006,13.746989519000067],[101.95446687700007,13.747172947000024],[101.95563200700008,13.750142982000057],[101.95651858900004,13.750255709000044],[101.95751096000004,13.752641539000024],[101.95847543700006,13.753356910000036],[101.96051177500004,13.75359469700004],[101.95983644600005,13.758342546000051],[101.95994209500009,13.760255265000069],[101.96130772200007,13.76404228000007],[101.96355260600006,13.767064222000045],[101.96442663800008,13.767506596000032],[101.96502651200007,13.769805148000046],[101.96435328400008,13.772471823000046],[101.96326320800006,13.774122886000043],[101.96348088200006,13.77545759800006],[101.96525830800005,13.777803877000053],[101.96710722300008,13.781559074000029],[101.96786586400003,13.781693466000036],[101.96914540900008,13.784604184000045],[101.97032916500007,13.784852134000062],[101.97380045700004,13.787448192000056],[101.97571664100008,13.791970370000058],[101.97674262800007,13.791523158000075],[101.97738436200007,13.793209994000051],[101.97897833600007,13.792616486000043],[101.97930617900005,13.79570934700007],[101.97389115400006,13.794865835000053],[101.96933030500008,13.795844603000035],[101.97056022600003,13.79866368300003],[101.97057966400007,13.801313563000065],[101.97172191700008,13.802514373000065],[101.97266067900006,13.802591343000074],[101.97293072900004,13.805621890000054],[101.97474440800005,13.810091285000055],[101.97693603400006,13.810061948000055],[101.97795237500009,13.811573422000038],[101.97728809300008,13.812870645000032],[101.97985905900003,13.813903605000064],[101.97890533500004,13.815023076000045],[101.98101528100005,13.81626727500003],[101.98253468900003,13.820529426000064],[101.98418920600005,13.821830195000075],[101.98467048200007,13.821247393000021],[101.98546050900006,13.823488875000066],[101.98672511900008,13.825629416000027],[101.99080439500005,13.829839101000061],[101.99705284800007,13.827553699000077],[101.99938912100004,13.828992309000057],[101.99962036900007,13.831385559000068],[102.00086215300007,13.832173650000072],[102.00094126700009,13.833056027000055],[102.00264660800008,13.836284186000057],[102.00165715100007,13.837282721000065],[102.00326135300008,13.840316805000043],[102.00242738900005,13.840547005000076],[102.00264600000008,13.842102257000022],[102.00201400900005,13.843623945000047],[102.00125857300009,13.842957755000043],[102.00100056000008,13.844728472000043],[102.00014316200009,13.845404078000058],[102.00127743400009,13.845664498000076],[102.00024785700003,13.84675111000007],[102.00095761900008,13.848577571000021],[102.00011798500009,13.850173619000032],[102.00064724000003,13.850704772000029],[102.00007357300007,13.852283973000056],[101.99895192000008,13.85295764500006],[101.99756542200004,13.854665203000025],[101.99691006700004,13.856557166000073],[101.99786332600007,13.856729877000078],[101.99924373700009,13.859967684000026],[102.00090824200004,13.859384393000028],[102.00148505500005,13.86047071300004],[102.00305395400005,13.860949627000025],[102.00584977900007,13.860546502000034],[102.00547569700007,13.85867259400004],[102.00611584500007,13.857784835000075],[102.00859783600004,13.856154994000065],[102.01013399500005,13.856356069000071],[102.01337948400004,13.855604436000021],[102.01453857800004,13.857373218000077],[102.01602758200005,13.858229573000074],[102.01623414600004,13.860251726000058],[102.01844117100006,13.860944257000028],[102.01830754400004,13.862490876000038],[102.01972677900005,13.86286412100003],[102.02343385300009,13.866255014000046],[102.02476975700006,13.868779785000072],[102.02560359700004,13.869283997000025]]]},"properties":{"Shape_Leng":0.734236077688,"Shape_Area":0.0102251791964,"ADM3_EN":"Sala Lamduan","ADM3_TH":"ศาลาลำดวน","ADM3_PCODE":"TH270103","ADM2_EN":"Mueang Sa Kaeo","ADM2_TH":"เมืองสระแก้ว","ADM2_PCODE":"TH2701","ADM1_EN":"Sa Kaeo","ADM1_TH":"สระแก้ว","ADM1_PCODE":"TH27","ADM0_EN":"Thailand","ADM0_TH":"ประเทศไทย","ADM0_PCODE":"TH"}},
{"type":"Feature","geometry":{"type":"Polygon","coordinates":[[[102.04796915400004,13.85031009100004],[102.04986718500004,13.851967160000072],[102.05085108100008,13.853414002000022],[102.05385439800006,13.856693327000073],[102.05477582300006,13.85708567100005],[102.05721350200008,13.860053916000027],[102.05729470400007,13.861691651000058],[102.05672696400006,13.864275600000042],[102.05707767800004,13.865501252000058],[102.05912826900004,13.86544884400007],[102.06212603300008,13.869378743000027],[102.06231839100008,13.870602473000076],[102.06463759400003,13.872456398000054],[102.06551827100009,13.87671346600007],[102.06329474000006,13.878279872000064],[102.06497130800005,13.880340343000057],[102.07107128800004,13.880006329000025],[102.07785330000007,13.880975809000063],[102.07942370300003,13.881022187000042],[102.08118598900006,13.879949485000054],[102.08223683800009,13.882134482000026],[102.08477996400006,13.88105773600006],[102.08555123700006,13.879915786000026],[102.08903397800003,13.88070960300007],[102.09003774800004,13.883875931000034],[102.09295911900006,13.889090612000075],[102.09146860700008,13.89018470700006],[102.09184430800008,13.891008034000038],[102.09018696200008,13.892559628000072],[102.09005256900008,13.894736758000022],[102.08766042700006,13.895109816000058],[102.08856849200004,13.89652032500004],[102.08847609400004,13.89872067400006],[102.09048275000004,13.901495147000048],[102.09035048000004,13.90435440300007],[102.09196614000007,13.907043308000027],[102.09470665300006,13.907266023000034],[102.09385816900004,13.909647060000054],[102.09407196200004,13.911964259000058],[102.09529732500005,13.912353856000038],[102.09556495200007,13.914343246000044],[102.09697190200006,13.914605670000071],[102.09701373700005,13.915936024000075],[102.09627307000005,13.916996003000065],[102.09497285500004,13.917325816000073],[102.09536109200008,13.918411498000069],[102.09461674600004,13.920644582000023],[102.09398857600007,13.920918736000033],[102.09509601100007,13.92421891500004],[102.09431103600008,13.925213504000055],[102.09473472500008,13.92606317700006],[102.09404535800007,13.92862298600005],[102.09285332700006,13.930381242000067],[102.09225114800006,13.932970562000037],[102.09110804200009,13.933515087000046],[102.09176112000006,13.934859753000069],[102.09028199200009,13.939495887000021],[102.08869496700004,13.939934550000032],[102.08976018600003,13.942281955000055],[102.09572889500004,13.943860079000046],[102.09535837200008,13.944365183000059],[102.09903302900005,13.946620169000028],[102.09776912500007,13.949108640000077],[102.09775688300005,13.95209206900006],[102.09691944900004,13.953689204000057],[102.09765465800007,13.954245611000033],[102.09782509900003,13.956543514000032],[102.10237922600004,13.958478143000036],[102.10424667900008,13.960191992000034],[102.10531920400007,13.959762058000024],[102.10738111300009,13.961386951000065],[102.10856989300004,13.962852419000058],[102.11073849500008,13.963572961000068],[102.11214294900009,13.966527683000038],[102.11400893400008,13.967256606000035],[102.11672496400007,13.967462859000022],[102.11895247000007,13.96807877200007],[102.12126553000007,13.970570843000075],[102.12097848300004,13.971456158000024],[102.12458828400008,13.972243698000057],[102.12696772000004,13.971947810000074],[102.12880159100007,13.973439514000063],[102.12885854100006,13.97536457600006],[102.13060195400004,13.975654828000074],[102.13246130800007,13.977251359000036],[102.13468502700005,13.977805466000063],[102.13530977500005,13.978792446000057],[102.13686781100006,13.979165527000077],[102.13906370900008,13.980677096000022],[102.14348682900004,13.982428286000072],[102.14574203300003,13.982943958000021],[102.14906525300006,13.983260948000066],[102.15099805900007,13.984091895000063],[102.15154924300003,13.985371972000053],[102.15359433500004,13.987082759000032],[102.15379743100004,13.988335767000024],[102.15634162900005,13.989874185000076],[102.15737487900009,13.991511228000036],[102.15934556000008,13.99191200000007],[102.16004257000009,13.992613659000028],[102.16035105900005,13.994473351000067],[102.16216403700008,13.995168339000031],[102.16244275500009,13.99603337600007],[102.16445446700004,13.99706532600004],[102.16484005400008,13.998055317000023],[102.16732442000006,14.000526225000044],[102.16749598400008,14.001242612000055],[102.16514361700007,14.004274234000036],[102.16617178200005,14.008477829000071],[102.16853783400006,14.009978899000032],[102.16943988700007,14.012059806000025],[102.16838299500006,14.015785244000028],[102.16838903300004,14.018580706000023],[102.16800414000005,14.021768248000058],[102.16728801900007,14.02380716500005],[102.16610985200003,14.02577315600007],[102.16692757500005,14.029363497000077],[102.16679741000007,14.030486579000069],[102.16511881500008,14.034299144000045],[102.16547933900006,14.037579582000035],[102.16443464600007,14.038667261000057],[102.16531887200006,14.04120642600003],[102.16481548200005,14.043424189000064],[102.16727797500005,14.04499699400003],[102.16811085500007,14.046739209000066],[102.16722631700009,14.04822458800004],[102.16502389200008,14.049212999000076],[102.16504883500005,14.051130612000065],[102.16329321800004,14.053467457000067],[102.16353828000007,14.055184814000029],[102.16513648000006,14.056693917000075],[102.16529390900007,14.057846791000031],[102.16270382100004,14.059213366000051],[102.16294103300004,14.060286232000067],[102.16482196100009,14.061762014000067],[102.16424088000008,14.063625433000027],[102.16461316100003,14.06569352200006],[102.16651241300008,14.067761312000073],[102.16625006700008,14.07000553100005],[102.16666456100006,14.072931854000046],[102.16583664800004,14.075963342000023],[102.16478188300005,14.08161368900005],[102.16325771000004,14.083292070000027],[102.16281834700004,14.084433041000068],[102.16366977900009,14.086040756000045],[102.16377202300004,14.087589198000046],[102.16322275000005,14.08956080400003],[102.16431937100003,14.090612495000073],[102.16734700700005,14.09168913700006],[102.16753626100007,14.093676693000077],[102.16845698000009,14.094730673000072],[102.16807083600008,14.09606245200007],[102.16888006900007,14.097244247000049],[102.16814494200008,14.099670397000068],[102.16861977800005,14.101243553000074],[102.16659218300003,14.103236588000073],[102.16654449700007,14.103884769000047],[102.16829117700007,14.104983151000056],[102.16957160100009,14.108054005000042],[102.16859213600009,14.110949307000055],[102.16670583900009,14.112048139000024],[102.16723033800008,14.113699604000033],[102.16690189400003,14.115109595000035],[102.16254467200008,14.11658049700003],[102.16258651600003,14.11726698900003],[102.16417195400004,14.117814719000023],[102.16316018700007,14.119549581000058],[102.16342011300009,14.121378261000075],[102.16423184600006,14.122697242000072],[102.16398675500005,14.126040904000035],[102.16524082000007,14.130707305000044],[102.16538991400006,14.133879930000035],[102.16415704200006,14.134843814000021],[102.16366139100006,14.137037818000067],[102.16430516600008,14.138019417000066],[102.16394336100007,14.139066592000063],[102.16478322900008,14.140548056000057],[102.16052937500007,14.13994568000004],[102.15812911300009,14.139005927000028],[102.15557489300005,14.138636759000065],[102.15084318500004,14.13704840500003],[102.14638525500004,14.137122648000059],[102.14501070500006,14.13779611700005],[102.14300607100006,14.137964513000043],[102.13702260200006,14.13715036700006],[102.13520086100004,14.138263972000061],[102.13225070700008,14.13793920300003],[102.12814161100005,14.139856516000066],[102.12784043000005,14.141503070000056],[102.12592010900005,14.14369982200003],[102.12329773500005,14.14545556400003],[102.12192529800006,14.147479329000078],[102.12011557800008,14.148892782000075],[102.11734077900007,14.149568530000067],[102.11368335500003,14.14902371900007],[102.11125954600004,14.15051616900007],[102.10920813900003,14.150234760000046],[102.10765988500003,14.150649689000034],[102.10620592600009,14.151759132000052],[102.10484713300008,14.14414533300004],[102.10410275300006,14.142629362000037],[102.10372951500005,14.139660681000066],[102.10282285400007,14.137383999000065],[102.10165606900006,14.136205424000025],[102.10111456500005,14.134700942000052],[102.10058585600007,14.130936132000045],[102.09815097400008,14.128036403000067],[102.09762424700006,14.12601611100007],[102.09723159500004,14.122136513000044],[102.09765338400007,14.120146376000037],[102.09743205600006,14.118764875000068],[102.09778628400005,14.115525457000047],[102.09975078600007,14.111488363000035],[102.09934624900006,14.106726043000037],[102.09841201200004,14.103997633000063],[102.09522076100006,14.101326491000066],[102.09178691200003,14.097832026000049],[102.09078770900004,14.094567605000066],[102.08982163500008,14.093356640000025],[102.09094815800006,14.092965144000061],[102.09327607800009,14.094218538000064],[102.09605459900007,14.093706568000073],[102.09930559500003,14.094557745000031],[102.10089392700007,14.094239636000054],[102.10254036300006,14.093206364000025],[102.10431290400004,14.091476903000057],[102.10560444000004,14.091764527000066],[102.10778656900004,14.090757396000072],[102.10926863100008,14.091102085000045],[102.11066786800006,14.090336548000039],[102.11215810500005,14.090284221000047],[102.11457351800004,14.09248879200004],[102.11742376700005,14.094270970000025],[102.12063605500003,14.097755008000036],[102.12245475900005,14.098928690000037],[102.12466212300006,14.09828488100004],[102.12488902000007,14.09703175900006],[102.12626159100006,14.095803455000066],[102.12598171600007,14.094288190000043],[102.12502333700007,14.092961155000069],[102.12570154700006,14.091133313000057],[102.12322995900007,14.089412476000064],[102.12361383300004,14.086497031000022],[102.12232327500004,14.085033718000034],[102.12281859200004,14.082836178000036],[102.12061246600007,14.081318556000042],[102.11836623300007,14.080586935000042],[102.11761497800006,14.07890989200007],[102.11848054900008,14.074657004000073],[102.11835889000008,14.072558392000076],[102.11743936200008,14.070337808000033],[102.11820084600004,14.068401423000068],[102.11829250100004,14.065167281000072],[102.12014889400007,14.06215011100005],[102.12039679000009,14.057946557000037],[102.11941846700006,14.056850197000074],[102.11843854200004,14.053917230000025],[102.11940109300008,14.052757547000056],[102.12046122800007,14.050362543000062],[102.11982632000007,14.049918053000056],[102.12239769500007,14.048886411000069],[102.12417944700007,14.046893688000068],[102.12213335600006,14.044125370000074],[102.12061436900007,14.043970116000025],[102.11880409500009,14.044819504000031],[102.11419542300007,14.043800290000036],[102.11355351300006,14.044402407000064],[102.11229504300007,14.043873296000072],[102.11056621500006,14.042156306000038],[102.10887031800007,14.042785365000043],[102.10787722300006,14.044658555000069],[102.10612553600004,14.045901522000065],[102.10516541200008,14.045699539000054],[102.10361378300007,14.046630336000021],[102.10002026100005,14.045825152000077],[102.09836399600005,14.04623336700007],[102.09781907500007,14.047657264000065],[102.09461058400007,14.049183761000052],[102.09273018200008,14.049252496000065],[102.09157072600004,14.048740462000069],[102.09018281900006,14.049154126000076],[102.08887093000004,14.048644029000059],[102.08766669000005,14.050475222000046],[102.08609128100005,14.051233578000051],[102.08367824000004,14.049100332000023],[102.08153136900006,14.049309309000023],[102.07811621100007,14.047119621000036],[102.07742690800006,14.044677712000066],[102.07756491400005,14.04345543200003],[102.07641448500004,14.040524279000067],[102.07662804500006,14.03918049400005],[102.07596211400005,14.035542488000033],[102.07526888500007,14.035061603000031],[102.07440609600008,14.03260705200006],[102.07458935200003,14.031271804000028],[102.07258423200005,14.027922783000065],[102.07204074400005,14.026375729000051],[102.07270473700004,14.025730862000046],[102.07412442100008,14.026137862000041],[102.07424018400008,14.024800569000035],[102.07197406500006,14.021485298000073],[102.07297890200005,14.020405458000027],[102.07354399700006,14.018332325000074],[102.07291955300008,14.017563646000042],[102.07140822300005,14.017303972000036],[102.07171457100009,14.015863811000031],[102.07280026500007,14.01398836900006],[102.07251108400004,14.011297151000065],[102.07418264700004,14.009697989000074],[102.07331014600004,14.008171404000052],[102.07442000000003,14.00716360000007],[102.07595115100008,14.004751938000027],[102.07356918800008,14.00434505100003],[102.07212613000007,14.002631733000044],[102.07055010100004,14.002175701000056],[102.07034809500004,14.001128787000027],[102.06800637900005,13.999378096000044],[102.06656175400008,13.997541058000024],[102.06134343400004,13.99852579900005],[102.06035374900006,13.997922670000037],[102.05282882100005,14.000572884000064],[102.04948728700003,13.99933309000005],[102.04866883000005,13.997305308000023],[102.04707667600007,13.996858683000028],[102.04546023900008,13.99500678000004],[102.04454453500006,13.994770902000027],[102.04168715900005,13.995190305000051],[102.04139473100008,13.994503488000078],[102.03923762900007,13.994865244000039],[102.03701151500007,13.993467360000068],[102.03671843700005,13.991497069000047],[102.03447001900008,13.990863711000031],[102.03395135200009,13.991239173000054],[102.03211003200005,13.99057170900005],[102.03103365100009,13.98875614800005],[102.02892124000005,13.987583397000037],[102.02936673700003,13.984918631000028],[102.02845833000003,13.984178860000043],[102.02960344500008,13.983621647000064],[102.02720611000007,13.980676114000062],[102.02792972300006,13.979876434000062],[102.02678593400009,13.978264606000039],[102.02438102900004,13.978036320000058],[102.02265464800007,13.976861308000025],[102.02242267200006,13.978110794000031],[102.02023527700004,13.976764927000033],[102.02045071600008,13.975694868000062],[102.01955885300004,13.974676527000042],[102.01615615700007,13.974244440000064],[102.01485444200006,13.97453734100003],[102.01299243400007,13.972636943000055],[102.01198656200006,13.972137970000063],[102.01312548800007,13.969640683000023],[102.01166862600007,13.968702557000029],[102.01014859300005,13.965854854000042],[102.01120944500008,13.965980068000022],[102.01114794000006,13.96410301700007],[102.00918114800004,13.964351417000046],[102.00922111700004,13.96327364800004],[102.00716291600008,13.963236547000065],[102.00688158300005,13.961573051000073],[102.00777401500005,13.960418840000045],[102.00606052300009,13.959128865000025],[102.00359664100006,13.96152597200006],[102.00235834300008,13.960461529000042],[102.00252022200004,13.96182589600005],[101.99947686600007,13.963014894000025],[101.99899740800004,13.962133789000063],[101.99703161100007,13.961547752000058],[101.99569247000005,13.962270928000066],[101.99519304100005,13.960821766000038],[101.99319755000005,13.96087353400003],[101.99303615000008,13.959738939000033],[101.99124542500005,13.959973478000052],[101.98808185100006,13.957927010000049],[101.98798762500007,13.956897821000041],[101.98697885600006,13.956645552000055],[101.98732345000008,13.955534379000028],[101.98625646300007,13.954825339000024],[101.98689008600007,13.951849884000069],[101.98649369800006,13.950616036000042],[101.98702088100003,13.948176920000037],[101.98556764300008,13.94764656700005],[101.98560206300004,13.945079086000021],[101.98653906500004,13.94324111900005],[101.98481159200009,13.942996134000055],[101.98438795800007,13.941738887000042],[101.98209019000006,13.942051708000065],[101.98214845400008,13.941125901000078],[101.98046143600004,13.93877717600003],[101.98129845300008,13.937581185000056],[101.98331166500009,13.93865104200006],[101.98420483500007,13.938272749000078],[101.98433900800006,13.936172000000056],[101.98590465600006,13.934072443000048],[101.98686350100007,13.933430951000048],[101.98550287600006,13.931775856000058],[101.98721462100008,13.93029673500007],[101.98718055300009,13.928542912000069],[101.98594163600006,13.927695981000056],[101.98599263500006,13.926289711000038],[101.98720692400008,13.92611738100004],[101.98874025800006,13.92688197900003],[101.98992156600008,13.925638005000053],[101.99004889300005,13.924200814000073],[101.98825913100006,13.923488104000057],[101.98701403600006,13.922157705000075],[101.98800375600007,13.920638711000038],[101.98918261700004,13.921295212000075],[101.99092963300006,13.921371223000051],[101.99218529600006,13.920838524000033],[101.99283550300004,13.919777251000028],[101.99192514600009,13.91940984300004],[101.99028720700005,13.920055932000025],[101.99036907400006,13.91866427900004],[101.99202406500007,13.917853058000048],[101.99178476300006,13.915210763000061],[101.99091802100008,13.915209409000056],[101.98998094400008,13.911568488000057],[101.98607994000008,13.909475228000076],[101.98463708500009,13.904685955000048],[101.98487389300004,13.903843061000032],[101.98695876900007,13.902034265000054],[102.02560359700004,13.869283997000025],[102.04796915400004,13.85031009100004]]]},"properties":{"Shape_Leng":1.16369614762,"Shape_Area":0.0232743147092,"ADM3_EN":"Khok Pi Khong","ADM3_TH":"โคกปี่ฆ้อง","ADM3_PCODE":"TH270104","ADM2_EN":"Mueang Sa Kaeo","ADM2_TH":"เมืองสระแก้ว","ADM2_PCODE":"TH2701","ADM1_EN":"Sa Kaeo","ADM1_TH":"สระแก้ว","ADM1_PCODE":"TH27","ADM0_EN":"Thailand","ADM0_TH":"ประเทศไทย","ADM0_PCODE":"TH"}},
{"type":"Feature","geometry":{"type":"Polygon","coordinates":[[[102.09295911900006,13.889090612000075],[102.09460943400006,13.888049267000042],[102.09945022800008,13.887019358000032],[102.09949086900008,13.88644615000004],[102.10191671500007,13.884995662000051],[102.10442874200004,13.884541225000078],[102.10809320900006,13.886746643000038],[102.11289369300005,13.886195686000065],[102.11436284400008,13.884876055000063],[102.11666504900006,13.884084888000075],[102.11939566800004,13.884892441000034],[102.12202325700008,13.88426247800004],[102.12360496100007,13.889070423000021],[102.12620626700004,13.887795897000046],[102.12776473200006,13.889218628000037],[102.13020328500005,13.888989491000075],[102.13252209300003,13.88944183500007],[102.13428161900003,13.890476977000048],[102.13550604100004,13.891975886000068],[102.13604707100006,13.894600945000036],[102.13688575900005,13.89538372000004],[102.14117181900008,13.89538142500004],[102.14125015400003,13.897294929000054],[102.14305764100004,13.898946987000045],[102.14533125800006,13.898500353000031],[102.14587405700007,13.899968399000045],[102.14906135200005,13.899002664000022],[102.15063218200004,13.900507787000038],[102.15177886400005,13.902566381000042],[102.15342029300007,13.90223048200005],[102.15578547900009,13.904571450000049],[102.15670413500004,13.904740763000063],[102.16038953400005,13.903318134000074],[102.16352894200008,13.900895630000036],[102.16540759600008,13.898583570000028],[102.16846060800003,13.899289354000075],[102.17166166200008,13.898561693000033],[102.17321534000007,13.89890844100006],[102.17548660200003,13.900834529000065],[102.17651523000006,13.900696208000056],[102.17651538600006,13.902730640000073],[102.17515292700006,13.903687350000041],[102.17637075600004,13.904275879000068],[102.17585790000004,13.905353743000035],[102.17715829800005,13.906121970000072],[102.17745221500007,13.909844332000034],[102.17674181100006,13.910816842000031],[102.17791609500006,13.912056192000023],[102.17887057600007,13.914612677000036],[102.17854533700006,13.915068051000048],[102.18042698500005,13.915796829000044],[102.18212937300007,13.915537159000053],[102.18419995800008,13.916507352000053],[102.18453311300004,13.917275754000059],[102.18683869300008,13.917493831000058],[102.18750676400003,13.919963082000038],[102.18862176700009,13.920216140000036],[102.18843544500004,13.92113164400007],[102.18974479000008,13.920570546000022],[102.19010118100005,13.92125876600005],[102.19175168800007,13.921081726000068],[102.19301752600006,13.922019199000033],[102.19380443900008,13.920910202000073],[102.19406171400004,13.92226452400007],[102.19537605800008,13.922300498000027],[102.19679500900008,13.92335378000007],[102.19677991900005,13.925614941000049],[102.20076130800004,13.927170291000039],[102.20017444900009,13.927951227000051],[102.20201620800003,13.927802599000074],[102.20184795900008,13.928532090000033],[102.20320731300006,13.928496986000027],[102.20349945500004,13.929788836000057],[102.20250674000005,13.930835395000031],[102.20467228300004,13.93114564800004],[102.20528333400006,13.932827556000063],[102.20647398600005,13.933202306000055],[102.20626689800008,13.934240441000043],[102.20749766600005,13.935958192000044],[102.20730094100009,13.937036383000077],[102.21169299100006,13.939788007000061],[102.21288321400004,13.94025649100007],[102.21559749300008,13.940336057000025],[102.21604323900004,13.94177925400004],[102.21785609500006,13.941994686000044],[102.21966303100004,13.941650355000036],[102.22128611200009,13.943065339000043],[102.22345199100005,13.942158196000037],[102.22479364600008,13.942153010000027],[102.22599580400004,13.941393632000029],[102.22683165600006,13.942257389000076],[102.22922645200003,13.941629548000037],[102.23133123400004,13.94341892400007],[102.23250794100005,13.944941087000075],[102.23721877200006,13.944806695000068],[102.23707799800007,13.94570720400003],[102.23905769100008,13.94641914400006],[102.24093257600003,13.945657965000066],[102.24301798900007,13.947134193000068],[102.24345272900007,13.948877130000028],[102.24429583200003,13.949395345000028],[102.24445444900005,13.951314936000074],[102.24831608100004,13.953749600000037],[102.24973744900007,13.95505865900003],[102.25002014300009,13.956157055000062],[102.24807652900006,13.956562742000074],[102.24811611800004,13.957461367000064],[102.24942002200004,13.958991726000022],[102.25209690900004,13.958642965000024],[102.25310397300007,13.96077364000007],[102.25508353000004,13.961487441000031],[102.25624512800005,13.96346486400006],[102.25808371700003,13.963810519000049],[102.26090981400006,13.96519918100006],[102.26092514000004,13.966067073000033],[102.26217650500007,13.966645190000065],[102.26375967200005,13.968272083000045],[102.26233266900005,13.970118820000039],[102.26471025000006,13.970311331000062],[102.26539125600004,13.973264542000038],[102.26521534500006,13.97446207400003],[102.26207457600003,13.97754608300005],[102.26205616500005,13.978618708000056],[102.26382021200004,13.98116310100005],[102.26555485000006,13.981789012000036],[102.26713037000007,13.982958673000041],[102.26849516800007,13.983187788000066],[102.27031955200005,13.98423953300005],[102.27032363000006,13.98536185100005],[102.27143931100005,13.986313778000067],[102.27192461900006,13.989369315000033],[102.27280468300006,13.990330160000042],[102.27417011100005,13.993097520000049],[102.27530084200004,13.993859273000055],[102.27641091700008,13.99654156300005],[102.27603514500004,13.998100702000045],[102.27613982400004,14.002883764000046],[102.27834036000007,14.003220920000047],[102.28032959000006,14.004762423000045],[102.28258826100006,14.005041199000061],[102.28402112000003,14.005798798000058],[102.28398704600005,14.00702953900003],[102.28571501500005,14.007811901000025],[102.28628068500007,14.009310602000028],[102.28810430900006,14.010598859000027],[102.29155593000007,14.010435052000048],[102.29309513200008,14.011799077000035],[102.29420709400006,14.014203123000073],[102.29625163700007,14.014831800000024],[102.29634855100005,14.016458245000024],[102.29807569100007,14.019366496000032],[102.30209353000004,14.020786576000035],[102.30400103500006,14.022775004000039],[102.30916308100007,14.024332192000031],[102.31115552400007,14.02581576600005],[102.31134104100005,14.027380722000032],[102.31082315600008,14.028776343000061],[102.31079635800006,14.031014191000054],[102.31029089700007,14.032762171000059],[102.31002661700006,14.035909779000065],[102.31101033300007,14.038212925000039],[102.30874958300006,14.04524770300003],[102.31029365300009,14.048437446000037],[102.30978407500004,14.049386901000048],[102.31086642000008,14.050343313000042],[102.31119736900007,14.052856835000057],[102.30952692800008,14.053541636000034],[102.31035010800008,14.055947685000035],[102.31123938300004,14.056288016000053],[102.31141970700008,14.057551770000032],[102.31029285400007,14.058114003000071],[102.31152061500006,14.059953328000063],[102.30888681700009,14.061298846000057],[102.30924553100004,14.062668076000023],[102.30846742700004,14.063909004000038],[102.30635779000005,14.064808451000033],[102.30590300800009,14.06700900100003],[102.30796802300006,14.069664232000036],[102.30914851500006,14.076403639000034],[102.30971051200004,14.077554233000058],[102.30953984200005,14.080031467000026],[102.31021889900006,14.083166113000061],[102.31154690300008,14.083766594000053],[102.31135810000006,14.086517460000039],[102.31247595500008,14.088387036000029],[102.31651664600008,14.08900051300003],[102.31860253200006,14.09052577500006],[102.31969350900005,14.090532323000048],[102.32063071600004,14.091627338000023],[102.32238019900007,14.092315451000047],[102.32386695600007,14.094201441000052],[102.32453651600008,14.098695864000035],[102.32518181700004,14.099989124000047],[102.32530756600005,14.102052161000074],[102.32414484800006,14.10269413800006],[102.32446520000008,14.10386486300007],[102.32400892000004,14.106710685000053],[102.32322133800005,14.109109197000066],[102.32207207600004,14.109442071000046],[102.32156328900004,14.110575466000057],[102.32183696500005,14.112291587000072],[102.32309637700007,14.113893759000064],[102.32467236400004,14.114748790000021],[102.32530662800008,14.116190129000074],[102.32564195600008,14.119650582000077],[102.32514943500007,14.122616623000056],[102.32513796400008,14.12598913000005],[102.32595634700004,14.128397520000021],[102.32283744300008,14.127650285000072],[102.32118588400004,14.126161492000051],[102.31822630100004,14.125158068000076],[102.31714767200003,14.123939930000063],[102.31247460500003,14.121638124000071],[102.30837441500006,14.120232343000055],[102.30657631600008,14.120504091000043],[102.30441055000006,14.121956605000037],[102.30066545100004,14.123411042000043],[102.30080526700004,14.126029348000031],[102.29898310700008,14.129609239000047],[102.29756653000004,14.130605383000045],[102.29384898000006,14.132092366000052],[102.28952449700006,14.135064386000067],[102.28723296100009,14.134828994000031],[102.28552106900008,14.133360504000052],[102.28471023600008,14.131889551000029],[102.28291762000003,14.131143397000073],[102.27965245300004,14.131494289000045],[102.27724090400005,14.129946345000064],[102.27304785200005,14.128700388000027],[102.27169514800005,14.129126777000067],[102.27191338400007,14.131643298000029],[102.27296335600005,14.133260663000044],[102.27283909200008,14.135534075000066],[102.27329802400004,14.136426302000075],[102.27161720300006,14.13995674000006],[102.27001210200007,14.146177894000061],[102.26860451600004,14.14727995800007],[102.26582459700006,14.147204136000028],[102.26287282700008,14.14561744100007],[102.26124397300003,14.145414404000064],[102.25934555300006,14.145934563000026],[102.25373840100008,14.14249570000004],[102.25135828600008,14.141735040000071],[102.24941098300008,14.140336905000026],[102.24638412900003,14.14038961700004],[102.24133711300004,14.143004361000067],[102.24000220000005,14.144726799000068],[102.23751140300004,14.144730775000028],[102.23541642500004,14.145337047000055],[102.23164236000008,14.145391079000035],[102.22960109300004,14.144347393000032],[102.22709813600005,14.144070672000055],[102.22568520500005,14.144578758000023],[102.22120751000006,14.145320671000036],[102.21914452000004,14.144429432000038],[102.21769607300007,14.144574840000075],[102.21558053300004,14.145795153000051],[102.21493199200006,14.147083009000028],[102.21304176500007,14.148830812000028],[102.21060160500008,14.153658996000047],[102.21041523100007,14.154988006000053],[102.21095668600009,14.15730770700003],[102.21215065900009,14.159581612000068],[102.21247069800006,14.161815344000047],[102.21327856700003,14.163093977000074],[102.21389556600008,14.167610068000045],[102.21370600700004,14.16936934100005],[102.21146458800007,14.17458595000005],[102.20946249600007,14.175491154000042],[102.20466935000007,14.176311350000049],[102.20281383200006,14.177232870000068],[102.20086644600008,14.179726671000026],[102.20035109200006,14.183053572000063],[102.19745977300005,14.184322387000066],[102.19574049200008,14.188465723000036],[102.19639463400006,14.190695035000033],[102.19613984100005,14.191483979000054],[102.19287195300006,14.194617897000057],[102.19079900600008,14.195757171000025],[102.18601753200005,14.196591622000028],[102.18211313300009,14.196050722000052],[102.17901582400003,14.193468462000055],[102.17806069100004,14.191976745000034],[102.17535017700004,14.190434206000077],[102.17446079000007,14.189297319000048],[102.17358705300006,14.186011058000076],[102.17392976800005,14.183894405000046],[102.17332127400005,14.182197970000061],[102.17106269000004,14.18091615800006],[102.16900268000006,14.179164799000034],[102.16908810100006,14.177659259000052],[102.16798471700008,14.176421401000027],[102.16805544600004,14.174404690000074],[102.16656930100004,14.172949563000032],[102.16601305500006,14.171726696000064],[102.16617778100004,14.170051232000048],[102.16564166400008,14.166793455000061],[102.16658868200005,14.165590231000067],[102.16680731900004,14.163830946000076],[102.16846969500006,14.162119284000028],[102.17005049900007,14.16164631600003],[102.17149233200007,14.160463733000029],[102.17110103500005,14.15744525100007],[102.16992714700007,14.155496872000072],[102.16869364500008,14.15253397500004],[102.16780409700004,14.147699699000043],[102.16764331700006,14.14311295500005],[102.16478322900008,14.140548056000057],[102.16394336100007,14.139066592000063],[102.16430516600008,14.138019417000066],[102.16366139100006,14.137037818000067],[102.16415704200006,14.134843814000021],[102.16538991400006,14.133879930000035],[102.16524082000007,14.130707305000044],[102.16398675500005,14.126040904000035],[102.16423184600006,14.122697242000072],[102.16342011300009,14.121378261000075],[102.16316018700007,14.119549581000058],[102.16417195400004,14.117814719000023],[102.16258651600003,14.11726698900003],[102.16254467200008,14.11658049700003],[102.16690189400003,14.115109595000035],[102.16723033800008,14.113699604000033],[102.16670583900009,14.112048139000024],[102.16859213600009,14.110949307000055],[102.16957160100009,14.108054005000042],[102.16829117700007,14.104983151000056],[102.16654449700007,14.103884769000047],[102.16659218300003,14.103236588000073],[102.16861977800005,14.101243553000074],[102.16814494200008,14.099670397000068],[102.16888006900007,14.097244247000049],[102.16807083600008,14.09606245200007],[102.16845698000009,14.094730673000072],[102.16753626100007,14.093676693000077],[102.16734700700005,14.09168913700006],[102.16431937100003,14.090612495000073],[102.16322275000005,14.08956080400003],[102.16377202300004,14.087589198000046],[102.16366977900009,14.086040756000045],[102.16281834700004,14.084433041000068],[102.16325771000004,14.083292070000027],[102.16478188300005,14.08161368900005],[102.16583664800004,14.075963342000023],[102.16666456100006,14.072931854000046],[102.16625006700008,14.07000553100005],[102.16651241300008,14.067761312000073],[102.16461316100003,14.06569352200006],[102.16424088000008,14.063625433000027],[102.16482196100009,14.061762014000067],[102.16294103300004,14.060286232000067],[102.16270382100004,14.059213366000051],[102.16529390900007,14.057846791000031],[102.16513648000006,14.056693917000075],[102.16353828000007,14.055184814000029],[102.16329321800004,14.053467457000067],[102.16504883500005,14.051130612000065],[102.16502389200008,14.049212999000076],[102.16722631700009,14.04822458800004],[102.16811085500007,14.046739209000066],[102.16727797500005,14.04499699400003],[102.16481548200005,14.043424189000064],[102.16531887200006,14.04120642600003],[102.16443464600007,14.038667261000057],[102.16547933900006,14.037579582000035],[102.16511881500008,14.034299144000045],[102.16679741000007,14.030486579000069],[102.16692757500005,14.029363497000077],[102.16610985200003,14.02577315600007],[102.16728801900007,14.02380716500005],[102.16800414000005,14.021768248000058],[102.16838903300004,14.018580706000023],[102.16838299500006,14.015785244000028],[102.16943988700007,14.012059806000025],[102.16853783400006,14.009978899000032],[102.16617178200005,14.008477829000071],[102.16514361700007,14.004274234000036],[102.16749598400008,14.001242612000055],[102.16732442000006,14.000526225000044],[102.16484005400008,13.998055317000023],[102.16445446700004,13.99706532600004],[102.16244275500009,13.99603337600007],[102.16216403700008,13.995168339000031],[102.16035105900005,13.994473351000067],[102.16004257000009,13.992613659000028],[102.15934556000008,13.99191200000007],[102.15737487900009,13.991511228000036],[102.15634162900005,13.989874185000076],[102.15379743100004,13.988335767000024],[102.15359433500004,13.987082759000032],[102.15154924300003,13.985371972000053],[102.15099805900007,13.984091895000063],[102.14906525300006,13.983260948000066],[102.14574203300003,13.982943958000021],[102.14348682900004,13.982428286000072],[102.13906370900008,13.980677096000022],[102.13686781100006,13.979165527000077],[102.13530977500005,13.978792446000057],[102.13468502700005,13.977805466000063],[102.13246130800007,13.977251359000036],[102.13060195400004,13.975654828000074],[102.12885854100006,13.97536457600006],[102.12880159100007,13.973439514000063],[102.12696772000004,13.971947810000074],[102.12458828400008,13.972243698000057],[102.12097848300004,13.971456158000024],[102.12126553000007,13.970570843000075],[102.11895247000007,13.96807877200007],[102.11672496400007,13.967462859000022],[102.11400893400008,13.967256606000035],[102.11214294900009,13.966527683000038],[102.11073849500008,13.963572961000068],[102.10856989300004,13.962852419000058],[102.10738111300009,13.961386951000065],[102.10531920400007,13.959762058000024],[102.10424667900008,13.960191992000034],[102.10237922600004,13.958478143000036],[102.09782509900003,13.956543514000032],[102.09765465800007,13.954245611000033],[102.09691944900004,13.953689204000057],[102.09775688300005,13.95209206900006],[102.09776912500007,13.949108640000077],[102.09903302900005,13.946620169000028],[102.09535837200008,13.944365183000059],[102.09572889500004,13.943860079000046],[102.08976018600003,13.942281955000055],[102.08869496700004,13.939934550000032],[102.09028199200009,13.939495887000021],[102.09176112000006,13.934859753000069],[102.09110804200009,13.933515087000046],[102.09225114800006,13.932970562000037],[102.09285332700006,13.930381242000067],[102.09404535800007,13.92862298600005],[102.09473472500008,13.92606317700006],[102.09431103600008,13.925213504000055],[102.09509601100007,13.92421891500004],[102.09398857600007,13.920918736000033],[102.09461674600004,13.920644582000023],[102.09536109200008,13.918411498000069],[102.09497285500004,13.917325816000073],[102.09627307000005,13.916996003000065],[102.09701373700005,13.915936024000075],[102.09697190200006,13.914605670000071],[102.09556495200007,13.914343246000044],[102.09529732500005,13.912353856000038],[102.09407196200004,13.911964259000058],[102.09385816900004,13.909647060000054],[102.09470665300006,13.907266023000034],[102.09196614000007,13.907043308000027],[102.09035048000004,13.90435440300007],[102.09048275000004,13.901495147000048],[102.08847609400004,13.89872067400006],[102.08856849200004,13.89652032500004],[102.08766042700006,13.895109816000058],[102.09005256900008,13.894736758000022],[102.09018696200008,13.892559628000072],[102.09184430800008,13.891008034000038],[102.09146860700008,13.89018470700006],[102.09295911900006,13.889090612000075]]]},"properties":{"Shape_Leng":1.18344200099,"Shape_Area":0.0346278082602,"ADM3_EN":"Tha Yaek","ADM3_TH":"ท่าแยก","ADM3_PCODE":"TH270105","ADM2_EN":"Mueang Sa Kaeo","ADM2_TH":"เมืองสระแก้ว","ADM2_PCODE":"TH2701","ADM1_EN":"Sa Kaeo","ADM1_TH":"สระแก้ว","ADM1_PCODE":"TH27","ADM0_EN":"Thailand","ADM0_TH":"ประเทศไทย","ADM0_PCODE":"TH"}},
{"type":"Feature","geometry":{"type":"Polygon","coordinates":[[[102.12930450600004,13.736442588000045],[102.13291401300006,13.73460244100005],[102.13685143700008,13.733232558000054],[102.14130516000006,13.730607144000032],[102.14359529800004,13.728246696000042],[102.14331543800006,13.72665599000004],[102.14210177800004,13.72481814200006],[102.14281684000008,13.723325773000056],[102.14220812500008,13.722146298000041],[102.14254966900006,13.721028733000026],[102.14178437200007,13.720643762000066],[102.14171628200006,13.717425240000068],[102.14367753100004,13.717613050000068],[102.14412705900008,13.716315257000076],[102.14664177000009,13.714273946000048],[102.14701980400008,13.713023301000021],[102.14638856800008,13.706792677000067],[102.14709013900006,13.706783741000038],[102.14692650100005,13.704925418000073],[102.14814669400005,13.703978483000071],[102.14879941500004,13.702133587000048],[102.14864874900007,13.700334655000063],[102.14737967300005,13.698890604000042],[102.14646300400005,13.698661682000022],[102.14621450600004,13.695368045000066],[102.14726108300005,13.693430399000022],[102.14693172000005,13.692602450000038],[102.14779631000005,13.691178080000043],[102.14724354100008,13.69064835100005],[102.14788963900008,13.68940462200004],[102.15335990400007,13.688724342000057],[102.15382795400006,13.687691440000037],[102.15383838700006,13.68498233400004],[102.15661359100005,13.686341144000039],[102.16066021500006,13.688863421000065],[102.16145931500006,13.68991851900006],[102.16420202600005,13.691583963000028],[102.16638644100004,13.692488973000025],[102.16732382700008,13.693760620000035],[102.16893298200006,13.694071043000065],[102.17037415200008,13.694754184000033],[102.17436855700004,13.695613914000035],[102.17814454000006,13.697019278000027],[102.18048229100003,13.699191819000077],[102.18346920800008,13.699878480000052],[102.18563389200006,13.701617032000058],[102.18650621900008,13.705692029000033],[102.18945425300006,13.705706331000044],[102.19272791300006,13.70472893300007],[102.19344839500008,13.707601734000036],[102.19455083900004,13.708369065000056],[102.19751301500008,13.708372616000077],[102.20055908300009,13.709299680000072],[102.20276772100004,13.709002382000051],[102.20429670800007,13.70927957200007],[102.20436276300006,13.710202481000067],[102.20864470200007,13.710351011000057],[102.21092915500009,13.715267675000064],[102.21239056700006,13.715395210000054],[102.21574349600007,13.718404583000051],[102.21695594600004,13.72121151600004],[102.21979266200003,13.720644177000054],[102.22027587700006,13.722054467000078],[102.22287752500006,13.722306617000072],[102.22387853000004,13.724519610000073],[102.22516802000007,13.724077087000069],[102.22615673100006,13.726171597000075],[102.22776653000005,13.725923751000039],[102.22933637300008,13.729892585000073],[102.22866391700006,13.731569185000069],[102.22905047100005,13.732766237000021],[102.22879420100008,13.734690821000072],[102.23133574300005,13.73647541300005],[102.23252934100009,13.739332556000022],[102.23258546500006,13.741959286000053],[102.23104128800009,13.743385508000074],[102.23073684700006,13.745024042000068],[102.23128597100003,13.745536937000054],[102.23004236000008,13.746354647000032],[102.23099551200005,13.748023469000032],[102.23180727000005,13.74767917400004],[102.23345478800007,13.749299288000032],[102.23339511400007,13.752555406000056],[102.23297952000007,13.753481988000033],[102.23125811800008,13.754823198000054],[102.22981031400008,13.755288102000065],[102.22943133900009,13.756758239000021],[102.23059367300004,13.75796243600007],[102.22902451900006,13.758462164000036],[102.22786776200007,13.757996094000077],[102.22730969600008,13.759272579000026],[102.22560912600005,13.760205530000064],[102.22724579300007,13.761639040000034],[102.22550660600007,13.76327119800004],[102.22571563000008,13.766676572000051],[102.22367537900004,13.767979024000056],[102.21987638700006,13.768175968000037],[102.22062721300006,13.767286223000042],[102.21895211500004,13.76593101900005],[102.21795505500006,13.767486375000033],[102.21613742500006,13.76769855300006],[102.21463274900003,13.768477107000024],[102.21284104200004,13.768701683000074],[102.21160738600008,13.770261747000063],[102.21015945100004,13.770346069000027],[102.20749688800004,13.767502223000065],[102.20580372200004,13.767609750000076],[102.20579123000005,13.768227334000073],[102.20380922100009,13.770799995000061],[102.20334439600003,13.770233150000024],[102.20187840300008,13.770741069000053],[102.20022308700004,13.770294181000054],[102.19878166600006,13.771768254000051],[102.19725707700007,13.772401005000063],[102.19737919200008,13.774611521000054],[102.19582181800007,13.773912117000066],[102.19349940500007,13.776943557000038],[102.19074131700006,13.779156595000075],[102.19190708600007,13.780436377000058],[102.19084403000005,13.782559304000074],[102.19139469200007,13.783771170000023],[102.18957139400004,13.784153641000046],[102.18960134900004,13.784799563000036],[102.18722838100007,13.785603158000072],[102.18767012500007,13.788672573000042],[102.18678075500009,13.78920621900005],[102.18349012000004,13.789004787000067],[102.18317815400007,13.790078348000065],[102.18121212500006,13.790006061000042],[102.18172370100007,13.790853327000036],[102.18094218500005,13.791576461000034],[102.17918420600006,13.791662472000041],[102.17948928100009,13.792229537000026],[102.17936628800004,13.79374264200004],[102.18036036800004,13.793834220000065],[102.17938464300005,13.79560557700006],[102.18049228900009,13.797640052000077],[102.18057787800007,13.799782030000074],[102.18011714400006,13.800624643000049],[102.18140433800005,13.801502824000067],[102.18137772600005,13.80376943300007],[102.18062895400004,13.803710136000063],[102.18056507700004,13.806320078000056],[102.17919906700007,13.806790600000056],[102.17923984400005,13.808170098000062],[102.17851366800005,13.808151477000024],[102.17818441100007,13.809578896000062],[102.17906793700007,13.809811112000034],[102.17837948100004,13.81110949500004],[102.17999877100004,13.812390913000058],[102.17968282900006,13.813660754000068],[102.18072995300008,13.814240160000054],[102.17989208800009,13.817047734000028],[102.17875077600007,13.81749594300004],[102.17948366900004,13.819957556000077],[102.17882055200005,13.820035154000038],[102.17927490100004,13.822782849000077],[102.17791945000005,13.82485106200005],[102.17724309800008,13.824279787000023],[102.17588302700005,13.82651779400004],[102.17527938700005,13.826633480000055],[102.17426153700006,13.828567818000067],[102.17209505700004,13.828914270000041],[102.17119018600005,13.830901814000072],[102.16925918400005,13.830650063000064],[102.17019051300008,13.833468143000061],[102.16940190500009,13.832868060000067],[102.16624880900008,13.834795408000048],[102.16592600900003,13.836144585000056],[102.16434231700003,13.83860807900004],[102.16273015500008,13.839194281000061],[102.16200248600006,13.840331460000073],[102.16382800700006,13.84176960600007],[102.16190637700004,13.842438858000037],[102.16127263900006,13.841365104000033],[102.16042689700004,13.84153101000004],[102.16190203500008,13.843931656000052],[102.15815101300007,13.845578276000026],[102.15709308500004,13.845237758000053],[102.15587455700006,13.846334985000055],[102.15260394400008,13.846941664000042],[102.15183848400005,13.844617871000025],[102.15043255100005,13.845469490000028],[102.14810832600006,13.845572287000039],[102.14657492000003,13.844184833000043],[102.14699547900005,13.843380763000027],[102.14618274800006,13.842037920000053],[102.14279423900007,13.843290328000023],[102.13998792200005,13.841090583000039],[102.13896142700008,13.839525423000055],[102.13938631600007,13.83626349800005],[102.13641047500005,13.83354272300005],[102.13539242900004,13.833631819000061],[102.13566568000005,13.82969913900007],[102.13506729700003,13.825886954000055],[102.13518921300005,13.823729454000045],[102.13476110800008,13.822458480000023],[102.13255564700006,13.82251519700003],[102.13159713000005,13.820140925000032],[102.12934330300004,13.821286796000038],[102.12655209600007,13.821515538000028],[102.11975400500006,13.821560537000039],[102.11602162400004,13.822811375000072],[102.11539676200005,13.823609686000054],[102.11354344100005,13.82303302400004],[102.11281009700008,13.82070391800005],[102.11123362400008,13.818999917000042],[102.10832653300008,13.819462981000072],[102.10741439000009,13.82010966300004],[102.10392938800004,13.819986666000034],[102.10370346800005,13.821007204000068],[102.10136968600006,13.821930922000035],[102.10164597500005,13.819116731000065],[102.10000411800007,13.818930260000059],[102.10018630600007,13.815787840000041],[102.10133341600005,13.815528504000042],[102.10058236400005,13.813733798000044],[102.10154085800008,13.813743074000058],[102.10102370900006,13.811744943000065],[102.10014925700006,13.80973046300005],[102.09901132800007,13.808910497000056],[102.09991561900006,13.808394514000042],[102.09991970600004,13.806120217000057],[102.09940877300005,13.805377246000035],[102.10041965000005,13.802396465000072],[102.10125955500007,13.801606751000065],[102.10115539700007,13.799854466000056],[102.10190659500006,13.799629798000069],[102.10237915400006,13.797855388000073],[102.10402021500005,13.797941005000041],[102.10480213500006,13.796978883000065],[102.10442588800004,13.795512002000066],[102.10444197600003,13.79118098300006],[102.10388755900004,13.790018098000075],[102.10469554400004,13.789688830000046],[102.10582844400005,13.787139340000067],[102.10778410900008,13.784806998000022],[102.10904033100007,13.783930389000034],[102.10872314200009,13.782527077000054],[102.10990729400004,13.780795610000041],[102.11089142700007,13.777218167000058],[102.11067394100007,13.77560397600007],[102.11137891100009,13.77461809600004],[102.11114885200004,13.772292985000036],[102.11473298300007,13.77168729300007],[102.11857308500004,13.768733187000066],[102.12188003000006,13.765811219000057],[102.12453123600005,13.763903360000029],[102.12959230400008,13.757595374000061],[102.13321957800008,13.755896951000068],[102.13114457500006,13.752394786000025],[102.13476638300006,13.749817730000075],[102.13633542500008,13.74699471100007],[102.13551296600008,13.744132050000076],[102.13350758600006,13.742051143000026],[102.13297841800005,13.740627485000061],[102.13140314700007,13.741080324000052],[102.13008559000008,13.739349265000044],[102.12930450600004,13.736442588000045]]]},"properties":{"Shape_Leng":0.687849586942,"Shape_Area":0.0109726431571,"ADM3_EN":"Tha Kasem","ADM3_TH":"ท่าเกษม","ADM3_PCODE":"TH270106","ADM2_EN":"Mueang Sa Kaeo","ADM2_TH":"เมืองสระแก้ว","ADM2_PCODE":"TH2701","ADM1_EN":"Sa Kaeo","ADM1_TH":"สระแก้ว","ADM1_PCODE":"TH27","ADM0_EN":"Thailand","ADM0_TH":"ประเทศไทย","ADM0_PCODE":"TH"}},
{"type":"Feature","geometry":{"type":"Polygon","coordinates":[[[102.01337948400004,13.855604436000021],[102.01013399500005,13.856356069000071],[102.00859783600004,13.856154994000065],[102.00611584500007,13.857784835000075],[102.00547569700007,13.85867259400004],[102.00584977900007,13.860546502000034],[102.00305395400005,13.860949627000025],[102.00148505500005,13.86047071300004],[102.00090824200004,13.859384393000028],[101.99924373700009,13.859967684000026],[101.99786332600007,13.856729877000078],[101.99691006700004,13.856557166000073],[101.99756542200004,13.854665203000025],[101.99895192000008,13.85295764500006],[102.00007357300007,13.852283973000056],[102.00064724000003,13.850704772000029],[102.00011798500009,13.850173619000032],[102.00095761900008,13.848577571000021],[102.00024785700003,13.84675111000007],[102.00127743400009,13.845664498000076],[102.00014316200009,13.845404078000058],[102.00100056000008,13.844728472000043],[102.00125857300009,13.842957755000043],[102.00201400900005,13.843623945000047],[102.00264600000008,13.842102257000022],[102.00242738900005,13.840547005000076],[102.00326135300008,13.840316805000043],[102.00165715100007,13.837282721000065],[102.00264660800008,13.836284186000057],[102.00094126700009,13.833056027000055],[102.00086215300007,13.832173650000072],[101.99962036900007,13.831385559000068],[101.99938912100004,13.828992309000057],[101.99705284800007,13.827553699000077],[101.99080439500005,13.829839101000061],[101.98672511900008,13.825629416000027],[101.98546050900006,13.823488875000066],[101.98467048200007,13.821247393000021],[101.98418920600005,13.821830195000075],[101.98253468900003,13.820529426000064],[101.98101528100005,13.81626727500003],[101.97890533500004,13.815023076000045],[101.97985905900003,13.813903605000064],[101.97728809300008,13.812870645000032],[101.97795237500009,13.811573422000038],[101.97693603400006,13.810061948000055],[101.97474440800005,13.810091285000055],[101.97293072900004,13.805621890000054],[101.97266067900006,13.802591343000074],[101.97172191700008,13.802514373000065],[101.97057966400007,13.801313563000065],[101.97056022600003,13.79866368300003],[101.96933030500008,13.795844603000035],[101.97389115400006,13.794865835000053],[101.97930617900005,13.79570934700007],[101.97897833600007,13.792616486000043],[101.97738436200007,13.793209994000051],[101.97674262800007,13.791523158000075],[101.97571664100008,13.791970370000058],[101.97380045700004,13.787448192000056],[101.97032916500007,13.784852134000062],[101.96914540900008,13.784604184000045],[101.96786586400003,13.781693466000036],[101.96710722300008,13.781559074000029],[101.96525830800005,13.777803877000053],[101.96348088200006,13.77545759800006],[101.96326320800006,13.774122886000043],[101.96435328400008,13.772471823000046],[101.96502651200007,13.769805148000046],[101.96442663800008,13.767506596000032],[101.96355260600006,13.767064222000045],[101.96130772200007,13.76404228000007],[101.95994209500009,13.760255265000069],[101.95983644600005,13.758342546000051],[101.96051177500004,13.75359469700004],[101.95847543700006,13.753356910000036],[101.95751096000004,13.752641539000024],[101.95651858900004,13.750255709000044],[101.95563200700008,13.750142982000057],[101.95446687700007,13.747172947000024],[101.95120016900006,13.746989519000067],[101.95166816400007,13.745276772000068],[101.95036493800006,13.743956945000036],[101.94902813600004,13.743443039000056],[101.94853734500003,13.741670915000043],[101.94679631400004,13.74074644600006],[101.94353819200006,13.740449567000041],[101.94113556700006,13.739279428000032],[101.94185356700007,13.738716280000062],[101.94012128900005,13.734934831000032],[101.94013292800008,13.733542571000044],[101.93941087300004,13.73238871500007],[101.93876225200006,13.72812887300006],[101.93976822800005,13.72755360900004],[101.93847923600003,13.725898040000061],[101.93930221600004,13.72522288600004],[101.93798832100003,13.722497761000056],[101.93980698700005,13.719493388000046],[101.93851896700005,13.719153368000036],[101.93921355900005,13.717175528000041],[101.93832018100005,13.717473468000037],[101.93860735600003,13.715693272000067],[101.93729964300007,13.714389477000054],[101.93951861100004,13.713788080000029],[101.93905462700008,13.712795577000065],[101.94015081500004,13.709906424000053],[101.93962351500005,13.708796727000049],[101.94018605800005,13.708015814000078],[101.93889680700005,13.707571458000075],[101.94000053500008,13.706034080000052],[101.94174555200004,13.706315740000036],[101.94136986700005,13.703967311000042],[101.94221658000004,13.703155795000043],[101.94162733800005,13.701541784000028],[101.94317859700004,13.702164463000031],[101.94245205500005,13.699212330000023],[101.94340023400008,13.697359247000065],[101.94262874200007,13.69650953300004],[101.94318157300006,13.693460508000044],[101.94424502500004,13.69341458200006],[101.94288304500009,13.692339021000066],[101.94656892100005,13.691822492000028],[101.94788554600007,13.691971715000022],[101.94908705700004,13.691189070000064],[101.95593053200008,13.691298526000026],[101.95624209700009,13.690720751000072],[101.95596941800005,13.687967912000033],[101.95793697700009,13.686685112000077],[101.96012177800009,13.686453786000072],[101.96273143000008,13.687322042000062],[101.96755952700005,13.685300777000066],[101.96912525800008,13.684351030000073],[101.97040632100004,13.684358142000065],[101.97060074500007,13.683541782000077],[101.97534101400004,13.683639995000021],[101.97537454500008,13.683228454000073],[101.97850810100005,13.681291744000077],[101.97882228100008,13.681587043000036],[101.98272261500006,13.680553645000032],[101.98520915700004,13.680415733000075],[101.98657226300008,13.68507390600007],[101.98638187900008,13.686266505000049],[101.98665175200006,13.690154947000053],[101.98801649100005,13.692839865000053],[101.98820107900008,13.694828457000028],[101.98934859700006,13.699003106000077],[101.99198250800004,13.702377209000076],[101.99567771100004,13.704314262000025],[101.99579802900007,13.705338192000056],[101.99730940000006,13.706390720000059],[101.99752882000007,13.707571350000023],[101.99913347800003,13.711419546000059],[101.99933249400004,13.714412160000052],[102.00800753100003,13.710516963000032],[102.00999110900005,13.709755253000026],[102.00988959600005,13.708527237000055],[102.01122693200006,13.704703265000035],[102.01213657100004,13.702932261000058],[102.01334902600007,13.703025414000024],[102.01465476500005,13.704421626000055],[102.01451013800005,13.70558367700005],[102.01543504300008,13.705731292000053],[102.01671624500005,13.704723271000034],[102.01804902000003,13.70508288800005],[102.02023934200008,13.703169543000058],[102.02156422700006,13.70354235900004],[102.02324396300008,13.70217040600005],[102.02504805900008,13.703477629000076],[102.02535536900007,13.705492508000077],[102.02719994900008,13.705342034000068],[102.03182117000006,13.703433102000076],[102.03369759300006,13.703145867000046],[102.03695820800004,13.706584088000056],[102.03931534400004,13.712821122000037],[102.03946458900003,13.714588164000077],[102.03684941100005,13.715311154000062],[102.03552196200008,13.717701441000031],[102.03546587800008,13.720046275000072],[102.03682534100005,13.721578257000033],[102.03537275800005,13.723178532000077],[102.03606402400004,13.725134789000037],[102.03943286100008,13.724551079000037],[102.03942274100007,13.728471653000042],[102.03882583700005,13.730193428000064],[102.03915716700004,13.731785195000043],[102.04037289700005,13.734351730000071],[102.04069366800007,13.736494509000067],[102.04317937300004,13.73740504400007],[102.04337424400006,13.739774988000022],[102.04406481200004,13.739828223000075],[102.04420877100006,13.744905463000066],[102.04803210400007,13.744892788000072],[102.04842404500005,13.747059367000077],[102.05002271500007,13.747568236000063],[102.05349489800005,13.747757441000033],[102.05455211900005,13.749189472000069],[102.05781161900006,13.747790369000029],[102.05943796200006,13.748871938000036],[102.06039828800004,13.748679675000062],[102.06225762500009,13.746495061000076],[102.06421702200004,13.745205912000074],[102.06561055700007,13.744904495000071],[102.06541232700005,13.742868437000027],[102.07015467500008,13.741833330000077],[102.07120356000007,13.740877696000041],[102.07374879900004,13.74112619500005],[102.07483516000008,13.743414126000062],[102.07590858800006,13.743334119000053],[102.07670843200003,13.74454353300007],[102.07947478900007,13.744948574000034],[102.07962013800005,13.746204055000021],[102.07813710100004,13.745580103000066],[102.07746816700006,13.746129495000048],[102.07769664500006,13.747971097000061],[102.07970310800005,13.750623549000068],[102.07981080400003,13.752332980000062],[102.07822792700006,13.753392216000066],[102.07855495100006,13.755568681000057],[102.08124641700005,13.757705728000076],[102.08294226200007,13.76040279700004],[102.08662281600004,13.760192730000028],[102.08977356200006,13.758820857000046],[102.09018347400007,13.75970103800006],[102.08841072500007,13.761690679000026],[102.08811217400006,13.762793191000071],[102.08791697100008,13.764715378000062],[102.08832574200005,13.765975794000042],[102.08669253000005,13.766214768000054],[102.08725704700004,13.767452620000029],[102.08566859200005,13.768853515000046],[102.08665602600007,13.772749069000042],[102.08486436800007,13.77345172400004],[102.08382568900004,13.775612471000045],[102.08198761000006,13.775994154000045],[102.08277942900008,13.778482350000047],[102.08495394000005,13.780273015000034],[102.08485383500005,13.78132133500003],[102.08193778900005,13.78216175800003],[102.08111503800006,13.781174472000032],[102.08205125800004,13.780523776000052],[102.07887798600007,13.779438145000029],[102.07901242600008,13.781328606000045],[102.08040290600007,13.782510780000052],[102.08015701900007,13.784022632000074],[102.07847421000008,13.784486422000043],[102.07734623800008,13.783736032000036],[102.07641718100007,13.784615364000047],[102.07673636100009,13.785901199000023],[102.07406013800005,13.784921582000038],[102.07115274700004,13.784245001000045],[102.07051956400005,13.784632828000042],[102.06798965100006,13.788604294000038],[102.06593599000007,13.787893544000042],[102.06454614000006,13.788403365000022],[102.06352904100004,13.79026404700005],[102.06114170900008,13.791199038000059],[102.06141165100007,13.79276225500007],[102.06437624500006,13.792298469000059],[102.06370020500003,13.793817191000073],[102.06388453900007,13.795437753000044],[102.06305357400004,13.797221067000066],[102.06212831000005,13.797664117000068],[102.06267081400006,13.799148881000065],[102.06358298700007,13.798438641000075],[102.06481377700004,13.798606207000034],[102.06395686000008,13.800239760000068],[102.06255645700008,13.801049899000077],[102.05973890500007,13.800653517000057],[102.05703429600004,13.79677074600005],[102.05693352100008,13.798244776000047],[102.05523790000007,13.801445955000077],[102.05345205800006,13.800670807000074],[102.05326413700004,13.801719097000046],[102.05516001200004,13.802835274000074],[102.05589021800006,13.80546686200006],[102.05587827200009,13.807127403000038],[102.05714885000003,13.808134081000048],[102.05256526600004,13.810705179000024],[102.05267654800008,13.811510543000054],[102.05489926000007,13.813391858000045],[102.05486702200005,13.81496822500003],[102.05380342700005,13.813274173000025],[102.05222135000008,13.813411121000058],[102.05082925600004,13.814868388000036],[102.04896276000005,13.816017287000022],[102.04756257000008,13.818101253000066],[102.04512947600006,13.818127958000048],[102.04449693900006,13.821252590000029],[102.04576531900005,13.822731903000033],[102.04404363200007,13.82348851100005],[102.04430541200009,13.82590199200007],[102.04271187900008,13.82710376500006],[102.04178869700007,13.826703637000037],[102.03944887900008,13.827545280000038],[102.03939438000003,13.828615377000062],[102.03820929200003,13.830779459000041],[102.03769143200009,13.835257038000066],[102.03653930400009,13.836080423000055],[102.03558733300008,13.833464402000061],[102.03447397300005,13.834223972000075],[102.03492992200006,13.836346616000071],[102.03583581700008,13.838157978000027],[102.03440299700009,13.838086144000044],[102.03227728300004,13.83466405200005],[102.03090596300007,13.83403936700006],[102.02971733400005,13.83477077200007],[102.03117339600004,13.839563294000072],[102.02791352600008,13.839003240000068],[102.02773257200005,13.841339454000035],[102.02642132600005,13.84179844700003],[102.02493516600003,13.841205172000059],[102.02397128000007,13.843877519000046],[102.02294426000009,13.843451173000062],[102.02168843100009,13.844337228000029],[102.02099408900006,13.845880528000066],[102.02087636000005,13.848062124000023],[102.01911297300006,13.850387855000065],[102.02007868400005,13.852604864000057],[102.01884017700007,13.854241184000045],[102.01651559000004,13.852667577000034],[102.01437748900008,13.852625328000045],[102.01337793400006,13.853288451000026],[102.01425710300003,13.855293372000062],[102.01337948400004,13.855604436000021]]]},"properties":{"Shape_Leng":0.798589519276,"Shape_Area":0.0137092216408,"ADM3_EN":"Sa Khwan","ADM3_TH":"สระขวัญ","ADM3_PCODE":"TH270108","ADM2_EN":"Mueang Sa Kaeo","ADM2_TH":"เมืองสระแก้ว","ADM2_PCODE":"TH2701","ADM1_EN":"Sa Kaeo","ADM1_TH":"สระแก้ว","ADM1_PCODE":"TH27","ADM0_EN":"Thailand","ADM0_TH":"ประเทศไทย","ADM0_PCODE":"TH"}},
{"type":"Feature","geometry":{"type":"Polygon","coordinates":[[[102.10102370900006,13.811744943000065],[102.10154085800008,13.813743074000058],[102.10058236400005,13.813733798000044],[102.10133341600005,13.815528504000042],[102.10018630600007,13.815787840000041],[102.10000411800007,13.818930260000059],[102.10164597500005,13.819116731000065],[102.10136968600006,13.821930922000035],[102.10370346800005,13.821007204000068],[102.10392938800004,13.819986666000034],[102.10741439000009,13.82010966300004],[102.10832653300008,13.819462981000072],[102.11123362400008,13.818999917000042],[102.11281009700008,13.82070391800005],[102.11354344100005,13.82303302400004],[102.11539676200005,13.823609686000054],[102.11602162400004,13.822811375000072],[102.11975400500006,13.821560537000039],[102.12655209600007,13.821515538000028],[102.12934330300004,13.821286796000038],[102.13159713000005,13.820140925000032],[102.13255564700006,13.82251519700003],[102.13476110800008,13.822458480000023],[102.13518921300005,13.823729454000045],[102.13506729700003,13.825886954000055],[102.13566568000005,13.82969913900007],[102.13539242900004,13.833631819000061],[102.13641047500005,13.83354272300005],[102.13938631600007,13.83626349800005],[102.13896142700008,13.839525423000055],[102.13998792200005,13.841090583000039],[102.14279423900007,13.843290328000023],[102.14618274800006,13.842037920000053],[102.14699547900005,13.843380763000027],[102.14657492000003,13.844184833000043],[102.14810832600006,13.845572287000039],[102.15043255100005,13.845469490000028],[102.15183848400005,13.844617871000025],[102.15260394400008,13.846941664000042],[102.15587455700006,13.846334985000055],[102.15709308500004,13.845237758000053],[102.15815101300007,13.845578276000026],[102.16190203500008,13.843931656000052],[102.16042689700004,13.84153101000004],[102.16127263900006,13.841365104000033],[102.16190637700004,13.842438858000037],[102.16382800700006,13.84176960600007],[102.16522537100008,13.841781985000068],[102.16503167900004,13.844598113000075],[102.16593261200006,13.846029043000044],[102.16602989300009,13.847580641000036],[102.16522781400005,13.848494118000076],[102.16162385800004,13.85070246600003],[102.16040014300006,13.852244314000075],[102.15929629100003,13.85452975100003],[102.15843469900005,13.854880661000038],[102.15883415500008,13.855859758000065],[102.16136494300008,13.854669379000029],[102.16169421500007,13.856346150000036],[102.16460795100005,13.857452995000074],[102.16665215900008,13.858886254000026],[102.16725238900005,13.858607998000025],[102.16966784300007,13.861263645000065],[102.17101857500006,13.860653753000065],[102.17266807800007,13.862163595000027],[102.17442004800006,13.864476830000058],[102.17607224600005,13.864562951000039],[102.17779472200004,13.86546265800007],[102.17847540100007,13.864414359000023],[102.17967924100009,13.864611065000076],[102.18098111800003,13.866125355000065],[102.18286112100009,13.866201473000046],[102.18717008500005,13.867676127000038],[102.18879036800007,13.870162316000062],[102.18860751400007,13.872128084000053],[102.18946106800007,13.873476786000026],[102.19333943100008,13.882680443000027],[102.19392752600004,13.884688287000074],[102.19565106600004,13.887794791000033],[102.19565404400004,13.891920519000053],[102.19692413200005,13.892879660000062],[102.19959564400006,13.893132794000053],[102.20314848500004,13.898049513000046],[102.20365398900009,13.900146998000025],[102.20481763500004,13.903009901000075],[102.20650175800006,13.904964179000046],[102.20802862300008,13.905618210000057],[102.20718178300007,13.909109200000046],[102.20764576900007,13.909940518000042],[102.20658286200006,13.912338394000074],[102.20553190600003,13.916343701000073],[102.20435795100008,13.917216213000074],[102.20227713300005,13.917497343000036],[102.19955709800007,13.919000013000073],[102.19772995700004,13.921080336000045],[102.19629946700007,13.920999572000028],[102.19537605800008,13.922300498000027],[102.19406171400004,13.92226452400007],[102.19380443900008,13.920910202000073],[102.19301752600006,13.922019199000033],[102.19175168800007,13.921081726000068],[102.19010118100005,13.92125876600005],[102.18974479000008,13.920570546000022],[102.18843544500004,13.92113164400007],[102.18862176700009,13.920216140000036],[102.18750676400003,13.919963082000038],[102.18683869300008,13.917493831000058],[102.18453311300004,13.917275754000059],[102.18419995800008,13.916507352000053],[102.18212937300007,13.915537159000053],[102.18042698500005,13.915796829000044],[102.17854533700006,13.915068051000048],[102.17887057600007,13.914612677000036],[102.17791609500006,13.912056192000023],[102.17674181100006,13.910816842000031],[102.17745221500007,13.909844332000034],[102.17715829800005,13.906121970000072],[102.17585790000004,13.905353743000035],[102.17637075600004,13.904275879000068],[102.17515292700006,13.903687350000041],[102.17651538600006,13.902730640000073],[102.17651523000006,13.900696208000056],[102.17548660200003,13.900834529000065],[102.17321534000007,13.89890844100006],[102.17166166200008,13.898561693000033],[102.16846060800003,13.899289354000075],[102.16540759600008,13.898583570000028],[102.16352894200008,13.900895630000036],[102.16038953400005,13.903318134000074],[102.15670413500004,13.904740763000063],[102.15578547900009,13.904571450000049],[102.15342029300007,13.90223048200005],[102.15177886400005,13.902566381000042],[102.15063218200004,13.900507787000038],[102.14906135200005,13.899002664000022],[102.14587405700007,13.899968399000045],[102.14533125800006,13.898500353000031],[102.14305764100004,13.898946987000045],[102.14125015400003,13.897294929000054],[102.14117181900008,13.89538142500004],[102.13688575900005,13.89538372000004],[102.13604707100006,13.894600945000036],[102.13550604100004,13.891975886000068],[102.13428161900003,13.890476977000048],[102.13252209300003,13.88944183500007],[102.13020328500005,13.888989491000075],[102.12776473200006,13.889218628000037],[102.12620626700004,13.887795897000046],[102.12360496100007,13.889070423000021],[102.12202325700008,13.88426247800004],[102.11939566800004,13.884892441000034],[102.11666504900006,13.884084888000075],[102.11436284400008,13.884876055000063],[102.11289369300005,13.886195686000065],[102.10809320900006,13.886746643000038],[102.10442874200004,13.884541225000078],[102.10191671500007,13.884995662000051],[102.09949086900008,13.88644615000004],[102.09945022800008,13.887019358000032],[102.09460943400006,13.888049267000042],[102.09295911900006,13.889090612000075],[102.09003774800004,13.883875931000034],[102.08903397800003,13.88070960300007],[102.08555123700006,13.879915786000026],[102.08477996400006,13.88105773600006],[102.08223683800009,13.882134482000026],[102.08118598900006,13.879949485000054],[102.07942370300003,13.881022187000042],[102.07785330000007,13.880975809000063],[102.07107128800004,13.880006329000025],[102.06497130800005,13.880340343000057],[102.06329474000006,13.878279872000064],[102.06551827100009,13.87671346600007],[102.06463759400003,13.872456398000054],[102.06231839100008,13.870602473000076],[102.06212603300008,13.869378743000027],[102.05912826900004,13.86544884400007],[102.05707767800004,13.865501252000058],[102.05672696400006,13.864275600000042],[102.05729470400007,13.861691651000058],[102.05721350200008,13.860053916000027],[102.05477582300006,13.85708567100005],[102.05385439800006,13.856693327000073],[102.05085108100008,13.853414002000022],[102.04986718500004,13.851967160000072],[102.04796915400004,13.85031009100004],[102.07586387700007,13.826654560000065],[102.08742444400008,13.816813599000056],[102.09064054000004,13.815027443000076],[102.10102370900006,13.811744943000065]]]},"properties":{"Shape_Leng":0.563205498281,"Shape_Area":0.00799047610342,"ADM3_EN":"Nong Bon","ADM3_TH":"หนองบอน","ADM3_PCODE":"TH270111","ADM2_EN":"Mueang Sa Kaeo","ADM2_TH":"เมืองสระแก้ว","ADM2_PCODE":"TH2701","ADM1_EN":"Sa Kaeo","ADM1_TH":"สระแก้ว","ADM1_PCODE":"TH27","ADM0_EN":"Thailand","ADM0_TH":"ประเทศไทย","ADM0_PCODE":"TH"}},
{"type":"Feature","geometry":{"type":"Polygon","coordinates":[[[102.30856246700006,13.503168649000031],[102.30516031300004,13.503558514000076],[102.30124040900006,13.501368115000048],[102.29692019500004,13.500981960000047],[102.29635081100008,13.500278370000046],[102.29350241700007,13.500862368000071],[102.29214582700007,13.500608765000038],[102.28940567900008,13.501320909000071],[102.28872663900006,13.502374122000049],[102.28846295000005,13.500426382000057],[102.28601356600007,13.500506305000044],[102.28667870900006,13.49946269700007],[102.28578086800007,13.498020095000072],[102.28474763600008,13.498061522000057],[102.28065230200008,13.496215333000066],[102.27802386800005,13.49568017300004],[102.27688477200007,13.497010099000022],[102.27436409300009,13.496802323000054],[102.27413518800006,13.491916271000036],[102.27031688700004,13.492573522000043],[102.26922093800005,13.49245202800006],[102.26875001200005,13.488643703000037],[102.26798147100004,13.488039041000036],[102.26797078000004,13.486538907000067],[102.26574916300007,13.48651093500007],[102.26418840500008,13.485180357000047],[102.26160028200007,13.484881894000068],[102.26124246900008,13.482662016000063],[102.25903257000004,13.481221138000024],[102.25721167300009,13.48242265700003],[102.25563181800004,13.482320214000026],[102.25458728300003,13.481581896000023],[102.25268078200008,13.481524557000057],[102.25244351300006,13.480157770000062],[102.25082836000007,13.47917222700005],[102.24890620100007,13.47891829100007],[102.24640168500008,13.47798595100005],[102.24527221300008,13.475985155000046],[102.24498895300007,13.47431436900007],[102.24285526800008,13.473785319000058],[102.24177773200006,13.474211919000027],[102.24058910700006,13.473382515000026],[102.23926358300008,13.473574739000071],[102.23809278900006,13.472914286000048],[102.23719321700008,13.472168646000057],[102.24133796900009,13.470479516000069],[102.24187415600005,13.469172023000056],[102.23863854800004,13.465509292000036],[102.23480103800006,13.467286710000053],[102.23437273500008,13.459078909000027],[102.23640358300008,13.457204956000055],[102.23659604100004,13.456359998000039],[102.23553538400006,13.45529072000005],[102.23532592400005,13.453839806000076],[102.23615229400008,13.45207681100004],[102.23498417800005,13.449845633000052],[102.24780828000007,13.455451605000064],[102.24991114800008,13.455688678000058],[102.26587939000007,13.450444363000031],[102.26507388000005,13.449831502000052],[102.26665972000006,13.448632774000032],[102.26765414100004,13.44675980900007],[102.26867940800008,13.446198641000024],[102.26883031300008,13.444190822000053],[102.27103326500009,13.444540929000027],[102.27387269200005,13.441670079000062],[102.27567785600007,13.440845594000052],[102.27600085300008,13.439791056000047],[102.27698736300005,13.440102989000025],[102.27849291900009,13.436642212000038],[102.27737968400004,13.435226101000069],[102.27694669200008,13.43336505600007],[102.27771509000007,13.433202480000034],[102.27734397300009,13.430544203000068],[102.27926034600006,13.428986088000045],[102.27902211200006,13.427433923000024],[102.28019697400003,13.426786291000042],[102.27854799400006,13.422715139000047],[102.28074903100008,13.422033174000035],[102.27916327100007,13.418878608000057],[102.28083021500004,13.417756551000025],[102.28106477700004,13.415595427000028],[102.28167235800004,13.414348957000072],[102.28143811200005,13.412683679000054],[102.27879422500007,13.410800516000052],[102.27813418300008,13.412476966000042],[102.27716937400004,13.412982090000071],[102.27498998300007,13.41299467500005],[102.27552778400008,13.409333482000022],[102.27608723400004,13.408042926000064],[102.27816500200004,13.405652461000045],[102.27885644800006,13.404087314000037],[102.28177554200005,13.40045531900006],[102.28465840300004,13.39730482400006],[102.28626113300004,13.40297210400007],[102.28712349000006,13.404231195000023],[102.28846846100004,13.40333570000007],[102.29294683300009,13.404504093000071],[102.29382336900005,13.405369421000046],[102.29584641300005,13.40888387800004],[102.29709402400005,13.407969260000073],[102.29900570400008,13.40547831300006],[102.30060048600006,13.404912294000042],[102.30117214600006,13.40361034700004],[102.29935843300007,13.40131827600004],[102.29913267800003,13.39877258100006],[102.30120537100004,13.395012586000064],[102.32519465800004,13.39520655800004],[102.32617634400003,13.395574679000049],[102.32585294300009,13.394066740000028],[102.32361740100004,13.392615378000073],[102.32312244200006,13.389826501000073],[102.32444426600006,13.386833968000076],[102.32414712300005,13.383952059000023],[102.32444981600008,13.37979645300004],[102.32633927000006,13.377837733000035],[102.32983973500006,13.375751692000051],[102.33379574600008,13.372007540000027],[102.33668795400007,13.367626536000046],[102.33830753900008,13.368404475000034],[102.33911381200005,13.36974525900007],[102.34090486300005,13.370575805000044],[102.34401321100006,13.369846746000064],[102.34561280000008,13.370851198000025],[102.34752953700007,13.370514167000067],[102.34937035900003,13.372966333000022],[102.35103847800008,13.372395091000044],[102.35232953300005,13.37523397900003],[102.35400619600006,13.376199198000052],[102.35555147800005,13.377854263000074],[102.35486144700008,13.379930227000045],[102.35628585300009,13.380372843000032],[102.35669581200005,13.382423646000063],[102.35519004500009,13.383937909000053],[102.35485965200007,13.388628117000053],[102.35633523200005,13.390036267000028],[102.35610052900006,13.391574093000031],[102.35691517500004,13.391738936000024],[102.35675230800007,13.39530323200006],[102.35786577300007,13.396236329000033],[102.35722393500004,13.398038780000036],[102.35849192600006,13.397882579000054],[102.35980887200009,13.399105674000054],[102.35964033500005,13.40005670100004],[102.36045360800006,13.40195407400006],[102.35995625600003,13.402686893000066],[102.36085268500005,13.406086128000027],[102.35901426300006,13.40896716800006],[102.36069824200007,13.409719143000075],[102.35980674900009,13.410469748000025],[102.35984887900008,13.413108020000038],[102.36060767000004,13.414699316000053],[102.36060002600004,13.415988618000029],[102.35969817400007,13.417938537000055],[102.35992944100008,13.418898730000024],[102.36225026900007,13.421057162000068],[102.36207417600008,13.422313557000052],[102.36059443500005,13.422966938000059],[102.36069214400004,13.423707510000042],[102.36256078300005,13.424724240000046],[102.36216144600007,13.427175944000055],[102.36067412700004,13.427146867000033],[102.36057576500008,13.428100303000065],[102.36156257900006,13.430409695000037],[102.35904008300008,13.431546084000047],[102.35845155700008,13.433351017000064],[102.35912410400005,13.43477460400004],[102.35798722700008,13.435984876000077],[102.35859580100004,13.436723004000044],[102.35826056100007,13.438613158000067],[102.35933113400006,13.439930695000044],[102.35934664200005,13.44104328000003],[102.36047722500007,13.442911711000022],[102.35907246200009,13.444463128000052],[102.35845449700008,13.446966348000046],[102.35701265900008,13.44647918000004],[102.35537748200005,13.44725647200005],[102.35697798400008,13.44887551200003],[102.35576093800006,13.45150927800006],[102.35705962000009,13.452457595000055],[102.35599120200004,13.45278109700007],[102.35583872800004,13.45656722900003],[102.35674609800009,13.458254718000035],[102.35562933800009,13.459660031000055],[102.35542704700003,13.46099104700005],[102.35616395600005,13.462629163000031],[102.35626794700005,13.465845039000044],[102.35695110400007,13.467288370000063],[102.35692003900004,13.469605740000077],[102.35835766700006,13.470822299000076],[102.35741906200008,13.472996984000076],[102.35807821000009,13.474566601000049],[102.35661171700008,13.474377676000074],[102.35807194500006,13.476371855000025],[102.35804696700006,13.478376514000047],[102.35717901900006,13.479270996000025],[102.35899510400009,13.481447703000072],[102.35317235400004,13.48227405700004],[102.35369098100006,13.48444199000005],[102.35045601300004,13.48478536600004],[102.34229158200009,13.484975655000028],[102.32544697300006,13.484999705000064],[102.32334066200008,13.467504703000031],[102.31539085500003,13.469914060000065],[102.31398278600005,13.466712662000077],[102.31172916300005,13.467528177000077],[102.31020720900005,13.468536940000035],[102.31080848300007,13.470289468000033],[102.30746218900003,13.472373212000036],[102.30686498800009,13.473728305000066],[102.30701802900006,13.476952557000061],[102.30980296100006,13.479255755000054],[102.31465153600004,13.48014898200006],[102.31495484800007,13.480978639000057],[102.31390430300007,13.481727256000056],[102.31400438500003,13.484249601000045],[102.31574801300007,13.488778732000071],[102.31561747100005,13.48996242800007],[102.31254539800005,13.494174431000033],[102.31264511300009,13.497422375000042],[102.31121012300008,13.500032429000044],[102.30966869600007,13.50112503400004],[102.30856246700006,13.503168649000031]]]},"properties":{"Shape_Leng":0.650924753691,"Shape_Area":0.00938671695628,"ADM3_EN":"Khlong Hat","ADM3_TH":"คลองหาด","ADM3_PCODE":"TH270201","ADM2_EN":"Khlong Hat","ADM2_TH":"คลองหาด","ADM2_PCODE":"TH2702","ADM1_EN":"Sa Kaeo","ADM1_TH":"สระแก้ว","ADM1_PCODE":"TH27","ADM0_EN":"Thailand","ADM0_TH":"ประเทศไทย","ADM0_PCODE":"TH"}},
{"type":"Feature","geometry":{"type":"Polygon","coordinates":[[[102.23498417800005,13.449845633000052],[102.23451754300004,13.446077004000074],[102.23518129300004,13.445357597000054],[102.23458219200006,13.44312568600003],[102.23459183900007,13.441039024000077],[102.23665970800005,13.437021316000028],[102.23436885500007,13.433645543000068],[102.23650235100007,13.431061713000076],[102.23617176300007,13.429484520000074],[102.23445376400008,13.428953690000071],[102.23407186200006,13.425538055000061],[102.23330000800007,13.42466481200006],[102.23266218000003,13.420994266000037],[102.23384132200005,13.419269729000064],[102.23402431700003,13.416926810000064],[102.23244744500005,13.414561759000037],[102.23076811200008,13.413844796000035],[102.22637466400005,13.414009394000061],[102.22585675500005,13.413641846000075],[102.22402511500007,13.407540622000056],[102.22387730100007,13.406262439000045],[102.22448210600004,13.404098272000056],[102.22417507100005,13.400685385000031],[102.22536324600009,13.399806056000045],[102.22515700400004,13.396482498000069],[102.22605755800004,13.393674688000033],[102.22613724100006,13.391947507000054],[102.22591241100008,13.383899190000022],[102.22601647100004,13.37635165200004],[102.22432969400006,13.368745357000023],[102.22432091100006,13.367204303000051],[102.22330617600005,13.365855560000057],[102.22203390800007,13.365181321000023],[102.22247882300007,13.364162589000046],[102.22209384400009,13.361484978000021],[102.22273762400005,13.361102093000056],[102.22265306100007,13.358029371000043],[102.22379490200007,13.358916849000025],[102.22528737000005,13.358624460000044],[102.22531121600008,13.357913121000024],[102.22847729500006,13.355383778000032],[102.22786415800005,13.353603403000022],[102.22837524900007,13.352762313000028],[102.22982124400005,13.35238441100006],[102.23032828800007,13.350544386000024],[102.23390105500005,13.351200727000048],[102.23515181300007,13.346959516000027],[102.23826024400006,13.346736025000041],[102.23892977500009,13.34612953800007],[102.24008404200003,13.346867245000055],[102.24097688700004,13.347877708000055],[102.24316964300004,13.348861237000051],[102.24461563400007,13.34802704200007],[102.24496731000005,13.348849320000056],[102.24652685200004,13.34821534100007],[102.24734894200009,13.349747293000064],[102.24990022100008,13.351391384000067],[102.25149836400004,13.349793556000066],[102.25391689700007,13.35115526900006],[102.25462614600008,13.355691643000057],[102.25635221700009,13.356478946000038],[102.25810384500005,13.358494301000064],[102.25794632600008,13.359607481000069],[102.25886758700005,13.359754211000052],[102.25882201800005,13.360970448000046],[102.26083188500007,13.36310144500004],[102.26031515200003,13.364614466000035],[102.26353150700004,13.364849466000067],[102.26484494700009,13.367454137000038],[102.26403346400008,13.369740696000065],[102.26404367500004,13.373920966000071],[102.26571856500004,13.37520336800003],[102.27223630700007,13.37709092600005],[102.27298689600008,13.378688338000075],[102.27461086400007,13.380199405000042],[102.27445875900008,13.383195387000058],[102.27828943600008,13.386160706000055],[102.27853590800004,13.387866940000038],[102.27973348800003,13.388533657000039],[102.28034629000007,13.390281951000077],[102.28130633000006,13.391287100000056],[102.28132603900008,13.392457297000021],[102.28411799900005,13.396893452000029],[102.28465840300004,13.39730482400006],[102.28177554200005,13.40045531900006],[102.27885644800006,13.404087314000037],[102.27816500200004,13.405652461000045],[102.27608723400004,13.408042926000064],[102.27552778400008,13.409333482000022],[102.27498998300007,13.41299467500005],[102.27716937400004,13.412982090000071],[102.27813418300008,13.412476966000042],[102.27879422500007,13.410800516000052],[102.28143811200005,13.412683679000054],[102.28167235800004,13.414348957000072],[102.28106477700004,13.415595427000028],[102.28083021500004,13.417756551000025],[102.27916327100007,13.418878608000057],[102.28074903100008,13.422033174000035],[102.27854799400006,13.422715139000047],[102.28019697400003,13.426786291000042],[102.27902211200006,13.427433923000024],[102.27926034600006,13.428986088000045],[102.27734397300009,13.430544203000068],[102.27771509000007,13.433202480000034],[102.27694669200008,13.43336505600007],[102.27737968400004,13.435226101000069],[102.27849291900009,13.436642212000038],[102.27698736300005,13.440102989000025],[102.27600085300008,13.439791056000047],[102.27567785600007,13.440845594000052],[102.27387269200005,13.441670079000062],[102.27103326500009,13.444540929000027],[102.26883031300008,13.444190822000053],[102.26867940800008,13.446198641000024],[102.26765414100004,13.44675980900007],[102.26665972000006,13.448632774000032],[102.26507388000005,13.449831502000052],[102.26587939000007,13.450444363000031],[102.24991114800008,13.455688678000058],[102.24780828000007,13.455451605000064],[102.23498417800005,13.449845633000052]]]},"properties":{"Shape_Leng":0.365681424167,"Shape_Area":0.00455116201325,"ADM3_EN":"Thai Udom","ADM3_TH":"ไทยอุดม","ADM3_PCODE":"TH270202","ADM2_EN":"Khlong Hat","ADM2_TH":"คลองหาด","ADM2_PCODE":"TH2702","ADM1_EN":"Sa Kaeo","ADM1_TH":"สระแก้ว","ADM1_PCODE":"TH27","ADM0_EN":"Thailand","ADM0_TH":"ประเทศไทย","ADM0_PCODE":"TH"}},
{"type":"Feature","geometry":{"type":"Polygon","coordinates":[[[102.26922093800005,13.49245202800006],[102.26778417200006,13.491730059000076],[102.26683137900005,13.492311095000048],[102.26548306500007,13.492035436000037],[102.26374520200005,13.494636952000064],[102.26310916900007,13.498265980000042],[102.26354128600008,13.500637518000076],[102.26261281200004,13.502196081000022],[102.26101132900004,13.503751014000045],[102.26097538400006,13.504932776000032],[102.26181251000008,13.506427109000072],[102.26347172600003,13.507317790000059],[102.26438657000006,13.508868996000047],[102.26628444600004,13.509803804000057],[102.26550778400008,13.511919068000054],[102.26697762300006,13.512456890000067],[102.26737995500008,13.513437796000062],[102.26690480400003,13.515448724000066],[102.26476809200005,13.51707400600003],[102.26406952500008,13.521676957000068],[102.26331963200005,13.521463294000057],[102.26200396300004,13.523110479000024],[102.25800412500007,13.524036399000067],[102.25741962100005,13.526138937000042],[102.25598634900007,13.526968844000066],[102.25370068600006,13.527143549000073],[102.25425708700004,13.52813885200004],[102.25346544700005,13.529196802000058],[102.25382878500005,13.53011473500004],[102.25274974600006,13.530220319000023],[102.25001980100006,13.533800341000074],[102.25041417300008,13.534480415000075],[102.24989157500005,13.536137410000038],[102.24856032000008,13.537572194000063],[102.24739445200004,13.537830840000026],[102.24680155900006,13.539788035000072],[102.24764779900005,13.540035781000029],[102.24711808200004,13.541270085000065],[102.24511085100005,13.542204367000068],[102.24498851000004,13.54324358100007],[102.24369975100007,13.543313497000042],[102.24359514100007,13.544700211000077],[102.24225857000005,13.54493313100005],[102.24189499000005,13.546010981000052],[102.24266297800006,13.547284782000077],[102.23968390800007,13.548738521000075],[102.23696613800007,13.548549603000026],[102.23568147500004,13.551070749000075],[102.23391555800004,13.552230519000034],[102.23120939200004,13.55184795200006],[102.23051371000008,13.552553898000042],[102.23051511400007,13.554382366000027],[102.22920707200007,13.55501289700004],[102.22832466600005,13.556442497000035],[102.22808136100008,13.558896440000069],[102.22492774500006,13.557300445000067],[102.22371956200004,13.555916049000075],[102.22191118500007,13.55656044500006],[102.21947968800004,13.55535800000007],[102.21884314700009,13.556732957000065],[102.21704533500008,13.557078276000027],[102.21499939700004,13.558267401000023],[102.21473094700008,13.559092871000075],[102.21292264300007,13.559808229000055],[102.21136420200008,13.559809401000052],[102.21140312400007,13.561784616000068],[102.20788867800007,13.561034378000045],[102.20671371300006,13.559516891000044],[102.20668190100008,13.55783316000003],[102.20487269500006,13.559324279000066],[102.20307551000008,13.557661412000073],[102.20091846000008,13.557735040000068],[102.20015352600007,13.557151031000046],[102.19874645500005,13.559304002000033],[102.19663144200007,13.558180900000025],[102.19550755600005,13.558700484000042],[102.19446613300005,13.560666727000068],[102.19512295000004,13.56157175100003],[102.19376717400007,13.561914681000076],[102.19304454400009,13.561080919000062],[102.19186876200007,13.563416799000038],[102.19014985100006,13.562921642000049],[102.19038701400007,13.563845695000055],[102.18822936500004,13.56484387300003],[102.18738453300006,13.564511010000047],[102.18789125000006,13.561858335000068],[102.18954611000004,13.559950549000064],[102.19236220800008,13.559371303000034],[102.19296937300004,13.556880716000023],[102.19385694900006,13.556724454000062],[102.19386447300008,13.555173293000053],[102.19458942100005,13.553382905000035],[102.19421389900003,13.552301217000036],[102.19540849200007,13.549935085000072],[102.19608931000005,13.549803396000073],[102.19608486900006,13.548227860000054],[102.19697343800004,13.54723305500005],[102.19733001300006,13.543692233000058],[102.19594054100008,13.542437254000049],[102.19311261000007,13.541500627000062],[102.19143281600009,13.540244388000076],[102.18749856600004,13.539530726000066],[102.18599632000007,13.535829806000038],[102.18637757300007,13.53527686800004],[102.18345112700007,13.527939063000076],[102.18394533200006,13.526929100000075],[102.18529475300005,13.527934854000023],[102.18655402700006,13.527065864000065],[102.18703630800007,13.52759409500004],[102.18885459300009,13.526312051000048],[102.19069792500005,13.52593220600005],[102.19033756500005,13.525104600000077],[102.19355825500008,13.524171178000074],[102.19404403500005,13.523182200000065],[102.19338279500005,13.521322841000028],[102.19278494700006,13.521884506000049],[102.19172263900003,13.520543848000045],[102.19303722000006,13.520004351000068],[102.19262308100008,13.519343402000061],[102.19381697200004,13.516618872000038],[102.19334631800007,13.51531850200007],[102.19433834500006,13.513430629000027],[102.19703506700006,13.51389996100005],[102.19725295000006,13.512082274000022],[102.19820387000004,13.51296608000007],[102.19827018100005,13.511857660000032],[102.20022397800005,13.51161761700007],[102.20084543500008,13.509393386000056],[102.20265221200003,13.508355873000028],[102.20401030700003,13.506638621000036],[102.20324698600007,13.50545571300006],[102.20454033300007,13.50487560700003],[102.20522046200006,13.50335104800007],[102.20477482300004,13.502633324000044],[102.20621804400008,13.498810612000057],[102.20613164000008,13.497836693000067],[102.20706360600008,13.496388564000029],[102.20792748900004,13.496197548000055],[102.20834546700007,13.494396081000048],[102.20792224600007,13.493423842000027],[102.20620343800005,13.492453122000029],[102.20767482100007,13.488308291000067],[102.20886527100004,13.487114744000053],[102.21027880700007,13.48724965100007],[102.20993405700005,13.486247018000029],[102.21255773500008,13.484918649000065],[102.21243162500008,13.483689432000062],[102.21531578700007,13.482823551000024],[102.21676690800007,13.483327876000033],[102.21758538600005,13.482764762000045],[102.21746214800004,13.481403070000056],[102.21863834900006,13.480772759000047],[102.22014045200007,13.482399975000021],[102.22297432100004,13.483087918000024],[102.22357866700008,13.482879624000077],[102.22359355600008,13.480971641000053],[102.22560804600005,13.48002380400004],[102.22723012800009,13.479947798000069],[102.22816868900009,13.478172401000052],[102.23143023800009,13.478898421000054],[102.23269724600004,13.47748812900005],[102.23411268600006,13.477126304000024],[102.23401638900003,13.476398109000058],[102.23553789300007,13.476028717000077],[102.23601223700007,13.474692823000055],[102.23684683300007,13.47535054900004],[102.23720171300005,13.473511805000044],[102.23809278900006,13.472914286000048],[102.23926358300008,13.473574739000071],[102.24058910700006,13.473382515000026],[102.24177773200006,13.474211919000027],[102.24285526800008,13.473785319000058],[102.24498895300007,13.47431436900007],[102.24527221300008,13.475985155000046],[102.24640168500008,13.47798595100005],[102.24890620100007,13.47891829100007],[102.25082836000007,13.47917222700005],[102.25244351300006,13.480157770000062],[102.25268078200008,13.481524557000057],[102.25458728300003,13.481581896000023],[102.25563181800004,13.482320214000026],[102.25721167300009,13.48242265700003],[102.25903257000004,13.481221138000024],[102.26124246900008,13.482662016000063],[102.26160028200007,13.484881894000068],[102.26418840500008,13.485180357000047],[102.26574916300007,13.48651093500007],[102.26797078000004,13.486538907000067],[102.26798147100004,13.488039041000036],[102.26875001200005,13.488643703000037],[102.26922093800005,13.49245202800006]]]},"properties":{"Shape_Leng":0.430822827844,"Shape_Area":0.00457282029468,"ADM3_EN":"Sap Makrut","ADM3_TH":"ซับมะกรูด","ADM3_PCODE":"TH270203","ADM2_EN":"Khlong Hat","ADM2_TH":"คลองหาด","ADM2_PCODE":"TH2702","ADM1_EN":"Sa Kaeo","ADM1_TH":"สระแก้ว","ADM1_PCODE":"TH27","ADM0_EN":"Thailand","ADM0_TH":"ประเทศไทย","ADM0_PCODE":"TH"}},
{"type":"Feature","geometry":{"type":"Polygon","coordinates":[[[102.22808136100008,13.558896440000069],[102.23126218700008,13.558860152000022],[102.23289413000003,13.55961003300007],[102.23371832200007,13.561245082000028],[102.23383335200003,13.562707007000029],[102.23470124400006,13.562585393000063],[102.23665618900009,13.564675606000037],[102.23788522200005,13.564445375000048],[102.23924834700006,13.566890018000038],[102.24230220700008,13.566815288000043],[102.24336301800008,13.567582130000062],[102.24607122500004,13.566300081000065],[102.24660766700003,13.566849914000045],[102.24750496600006,13.565860868000073],[102.24961409900004,13.56644289600007],[102.25070173400007,13.567514439000036],[102.25139031600008,13.567118816000061],[102.25215065200007,13.568375239000034],[102.25117255200007,13.56871959700004],[102.25186574800006,13.570281575000024],[102.25313684800005,13.570390573000054],[102.25439535200007,13.573087434000058],[102.25685876300008,13.572970632000022],[102.26290579200008,13.575737411000034],[102.26371313700008,13.57672619300007],[102.26648961400008,13.578699301000029],[102.26747791300005,13.579859947000045],[102.26740830300008,13.582152474000054],[102.26817282100006,13.584414307000031],[102.27069201500007,13.587409592000029],[102.27057557500007,13.58976339800006],[102.27121328400005,13.595579515000054],[102.27196022700008,13.597078487000033],[102.27138252200007,13.599790228000074],[102.27146602900007,13.601527633000046],[102.27046400100005,13.603301378000026],[102.26779263400005,13.60359311700006],[102.26614381400009,13.604385019000063],[102.26520102400008,13.606963172000064],[102.26449611600003,13.61015014800006],[102.26516824300006,13.612807841000063],[102.26422411900006,13.61529730500007],[102.26498148600007,13.615304726000033],[102.26498970400007,13.61723203200006],[102.26553739700006,13.617875648000052],[102.26542453200005,13.620518894000043],[102.26438326100003,13.621259322000071],[102.26173118800006,13.619603493000056],[102.26110661300004,13.617980977000059],[102.25820238000006,13.616360748000034],[102.25788434200007,13.617613420000055],[102.25465635200004,13.618761814000038],[102.25411134600006,13.620997721000037],[102.25288665400006,13.621815183000024],[102.24708570000007,13.622752106000064],[102.24707682400003,13.623341708000055],[102.24450455600004,13.623878142000024],[102.23972299300004,13.62330634400007],[102.23575423400007,13.62427873100006],[102.23094552200007,13.624742038000022],[102.22801391100006,13.62554516800003],[102.22593275600008,13.62489329300007],[102.22321209700004,13.627770114000043],[102.22259303400006,13.629063118000033],[102.22122490900006,13.629554450000057],[102.22065793300004,13.62894581200004],[102.21850007800003,13.629132750000053],[102.21623699300005,13.628801086000067],[102.21430303100004,13.626766179000072],[102.21169847800007,13.626170211000044],[102.20912212500008,13.623011957000074],[102.20627063900008,13.621749520000037],[102.20359509200006,13.62100801400004],[102.20189833900008,13.619186600000035],[102.20067884300005,13.61955670900005],[102.19718986000004,13.617943676000039],[102.19430549700007,13.615605865000077],[102.19358432600006,13.614180969000074],[102.19286924700003,13.614819015000023],[102.19152358600007,13.614439122000022],[102.18626789100006,13.61578718100003],[102.18487605500007,13.614486182000064],[102.18298845900006,13.614846433000025],[102.18247747000004,13.615740771000048],[102.17892951400006,13.613600657000063],[102.17880690400006,13.611593924000033],[102.17822393700004,13.611758210000062],[102.17842523700006,13.609680117000039],[102.17632586000008,13.608721115000037],[102.17624848000008,13.607006080000076],[102.17495360400005,13.606305646000067],[102.17519540900008,13.604659517000073],[102.17427364400004,13.603542538000056],[102.17237325600007,13.604697220000048],[102.16950979500007,13.604682799000045],[102.16901934000003,13.605642967000051],[102.16749475500006,13.605309333000037],[102.16716144100008,13.606603578000033],[102.16543226900006,13.607066905000067],[102.16559912500009,13.607869335000032],[102.16384334700007,13.608159861000047],[102.16193229100008,13.609620429000074],[102.15996608600005,13.609545274000027],[102.15894711900006,13.608875344000069],[102.15867571400008,13.61017703300007],[102.15622775600008,13.611052212000061],[102.15542774200009,13.612563184000066],[102.15353060600006,13.612438908000058],[102.15430257500009,13.61083450500007],[102.15560268100006,13.60991965900007],[102.15536295400005,13.60645220500004],[102.15640065000008,13.606553328000075],[102.15773583300006,13.605342905000043],[102.15822154600005,13.606465267000033],[102.15947882100005,13.605341313000054],[102.15887770600006,13.604095399000073],[102.15953633500004,13.603206915000044],[102.15912275800008,13.600259966000067],[102.16134002800004,13.59875170500004],[102.16240336500005,13.597085500000048],[102.16333243600008,13.594684959000062],[102.16415024300005,13.596027166000056],[102.16653731700006,13.594672928000023],[102.16573616100004,13.593679620000046],[102.16776791500007,13.593491567000058],[102.17029867900004,13.594424555000046],[102.17120393400006,13.591888351000023],[102.17210473000006,13.592396759000053],[102.17248624200005,13.591138545000035],[102.17381822400006,13.590922755000065],[102.17425018300008,13.589534933000039],[102.17623490600005,13.589145579000046],[102.17740529200006,13.587336309000023],[102.17665463900005,13.585669884000026],[102.17788794900008,13.584197290000077],[102.17953847800004,13.584104600000046],[102.17960903800008,13.582997188000036],[102.18079781300008,13.583152194000036],[102.18009652100005,13.58175503900003],[102.18157599600005,13.581633280000062],[102.18085622400008,13.580365693000033],[102.18159070700005,13.579524475000028],[102.18113799300005,13.578263153000023],[102.18008944300004,13.577920259000052],[102.18061423900008,13.577049484000042],[102.17934978000005,13.57435487600003],[102.18178499900006,13.572717355000066],[102.18096599200004,13.571543724000037],[102.18112236300004,13.57035750700004],[102.18225705800006,13.568654018000075],[102.18341122100009,13.567963930000076],[102.18243012000005,13.567088721000061],[102.18415544000004,13.566193075000058],[102.18593881500004,13.566535859000055],[102.18738453300006,13.564511010000047],[102.18822936500004,13.56484387300003],[102.19038701400007,13.563845695000055],[102.19014985100006,13.562921642000049],[102.19186876200007,13.563416799000038],[102.19304454400009,13.561080919000062],[102.19376717400007,13.561914681000076],[102.19512295000004,13.56157175100003],[102.19446613300005,13.560666727000068],[102.19550755600005,13.558700484000042],[102.19663144200007,13.558180900000025],[102.19874645500005,13.559304002000033],[102.20015352600007,13.557151031000046],[102.20091846000008,13.557735040000068],[102.20307551000008,13.557661412000073],[102.20487269500006,13.559324279000066],[102.20668190100008,13.55783316000003],[102.20671371300006,13.559516891000044],[102.20788867800007,13.561034378000045],[102.21140312400007,13.561784616000068],[102.21136420200008,13.559809401000052],[102.21292264300007,13.559808229000055],[102.21473094700008,13.559092871000075],[102.21499939700004,13.558267401000023],[102.21704533500008,13.557078276000027],[102.21884314700009,13.556732957000065],[102.21947968800004,13.55535800000007],[102.22191118500007,13.55656044500006],[102.22371956200004,13.555916049000075],[102.22492774500006,13.557300445000067],[102.22808136100008,13.558896440000069]]]},"properties":{"Shape_Leng":0.463351589802,"Shape_Area":0.00538020458339,"ADM3_EN":"Sai Diao","ADM3_TH":"ไทรเดี่ยว","ADM3_PCODE":"TH270204","ADM2_EN":"Khlong Hat","ADM2_TH":"คลองหาด","ADM2_PCODE":"TH2702","ADM1_EN":"Sa Kaeo","ADM1_TH":"สระแก้ว","ADM1_PCODE":"TH27","ADM0_EN":"Thailand","ADM0_TH":"ประเทศไทย","ADM0_PCODE":"TH"}},
{"type":"Feature","geometry":{"type":"Polygon","coordinates":[[[102.28465840300004,13.39730482400006],[102.28411799900005,13.396893452000029],[102.28132603900008,13.392457297000021],[102.28130633000006,13.391287100000056],[102.28034629000007,13.390281951000077],[102.27973348800003,13.388533657000039],[102.27853590800004,13.387866940000038],[102.27828943600008,13.386160706000055],[102.27445875900008,13.383195387000058],[102.27461086400007,13.380199405000042],[102.27298689600008,13.378688338000075],[102.27223630700007,13.37709092600005],[102.26571856500004,13.37520336800003],[102.26404367500004,13.373920966000071],[102.26403346400008,13.369740696000065],[102.26484494700009,13.367454137000038],[102.26353150700004,13.364849466000067],[102.26031515200003,13.364614466000035],[102.26083188500007,13.36310144500004],[102.25882201800005,13.360970448000046],[102.25886758700005,13.359754211000052],[102.25794632600008,13.359607481000069],[102.25810384500005,13.358494301000064],[102.25635221700009,13.356478946000038],[102.25462614600008,13.355691643000057],[102.25391689700007,13.35115526900006],[102.25149836400004,13.349793556000066],[102.24990022100008,13.351391384000067],[102.24734894200009,13.349747293000064],[102.24652685200004,13.34821534100007],[102.24496731000005,13.348849320000056],[102.24461563400007,13.34802704200007],[102.24316964300004,13.348861237000051],[102.24097688700004,13.347877708000055],[102.24008404200003,13.346867245000055],[102.24042345500004,13.344535969000049],[102.24215824500004,13.34439502500004],[102.24316978800005,13.341821668000023],[102.24585816300004,13.341780819000064],[102.24491934100007,13.33953269500006],[102.24619567200006,13.339720747000058],[102.24819857100005,13.338542051000047],[102.24967506800004,13.33909402200004],[102.24944817500005,13.337801398000067],[102.25087906300007,13.338432454000042],[102.25157585700003,13.33773201300005],[102.25296140000006,13.338941269000031],[102.25264079900006,13.340171600000076],[102.25406283900008,13.340266389000021],[102.25502736500005,13.339171364000038],[102.25572838200009,13.339856328000053],[102.26075039700004,13.337931557000047],[102.26152343100006,13.336761780000074],[102.26198009500007,13.334371700000077],[102.26332818900005,13.33444346300007],[102.26473521400004,13.335472761000062],[102.26689569300004,13.335131353000065],[102.26602456400008,13.334266804000038],[102.26902635500005,13.330548252000028],[102.27012282000004,13.332065621000027],[102.27170927400005,13.332234937000067],[102.27160753800007,13.33150020100004],[102.27352693800003,13.33073937100005],[102.27373504800005,13.32935421600007],[102.27327927800008,13.327463317000024],[102.27509188200008,13.326444827000046],[102.27478434900007,13.324496673000056],[102.27210267700008,13.324929625000038],[102.27069508300008,13.323742496000023],[102.27086377600006,13.323116695000067],[102.27314010600008,13.32277033400004],[102.27389165800008,13.321380831000056],[102.27314773900008,13.320602201000042],[102.27299548400003,13.318136639000045],[102.27345517200007,13.317623952000076],[102.27605652400007,13.317850732000068],[102.27639231000006,13.317490182000029],[102.28081056400003,13.318176574000063],[102.27971930300004,13.314909630000045],[102.28091796200005,13.312459225000055],[102.28168826400008,13.31274133900007],[102.28260134200008,13.311520753000025],[102.28214979500007,13.30968011300007],[102.28565968300006,13.307722543000068],[102.28377013500005,13.306255841000052],[102.28324859300005,13.30387356600005],[102.28377653500007,13.303635412000062],[102.28510785400005,13.304363442000067],[102.28708830700003,13.30427461000005],[102.28814119900005,13.302752245000022],[102.28685834300006,13.301880912000058],[102.28660096600004,13.300796066000032],[102.28799854600004,13.298738282000045],[102.28834686000005,13.299610064000035],[102.29011419100004,13.300577735000047],[102.29176235800008,13.300531771000067],[102.29413485800006,13.299487440000064],[102.29500297500005,13.298644344000024],[102.29588276100009,13.298999349000042],[102.29589132400008,13.29756900700005],[102.29700038200008,13.296137685000076],[102.29794856500007,13.296140897000043],[102.29731358000004,13.294248280000033],[102.29615012900007,13.29241603500003],[102.29677751500009,13.290203322000025],[102.29767938300006,13.289765142000022],[102.29978704900009,13.290501087000052],[102.30182289600003,13.289112486000022],[102.30336894600003,13.290352174000077],[102.30476565300006,13.289168865000022],[102.30685606900005,13.288541732000056],[102.30739702500006,13.287728427000047],[102.30899270300006,13.288370727000029],[102.30906337300007,13.287396073000025],[102.31053554000005,13.28696741400006],[102.31212546200004,13.287694467000051],[102.31236150900008,13.288704851000034],[102.31352430500004,13.288464275000024],[102.31518400000004,13.289134097000044],[102.31516681300008,13.29063125600004],[102.31675495700006,13.291465230000028],[102.31654722100006,13.292323260000046],[102.31809982500005,13.294742302000031],[102.32010571300003,13.29504789400005],[102.32149716200007,13.29432784000005],[102.32327524200008,13.294648411000026],[102.32265453500008,13.295778466000058],[102.32297522100004,13.300289839000072],[102.32201083900009,13.300436731000048],[102.32143108900004,13.30265754800007],[102.32408923100007,13.304112559000032],[102.32392431100004,13.304463870000063],[102.32742087500009,13.304887009000026],[102.32508332900005,13.308049653000069],[102.33094485200007,13.308635201000072],[102.33049398400004,13.316209531000027],[102.33261501800007,13.316739143000063],[102.33499116200005,13.315652424000064],[102.33796429700004,13.312676200000055],[102.33863431600008,13.311606877000031],[102.34180716800006,13.308882487000062],[102.34406322300003,13.30773767900007],[102.34632533400008,13.304265893000036],[102.34803151600005,13.303187735000051],[102.35048248700008,13.302259435000053],[102.35357461600006,13.298943492000035],[102.35443119100006,13.301219071000048],[102.35666223000004,13.30405220700004],[102.35785868200009,13.306159645000037],[102.35960401200003,13.311788618000037],[102.35971566600006,13.31394945900007],[102.35874867900009,13.317619453000077],[102.35851120300003,13.320216268000024],[102.35735437000005,13.321629039000072],[102.35754707000007,13.323735777000024],[102.35718153700009,13.324888394000027],[102.35571639200003,13.32636251200006],[102.35534492900007,13.327634809000074],[102.35380398600006,13.33004550100003],[102.35204268000007,13.330815930000028],[102.35153894000007,13.331810100000041],[102.35233932600005,13.333521722000057],[102.35070712400005,13.335758713000075],[102.35083280700007,13.33743953100003],[102.35205511600009,13.340573430000063],[102.35040061400008,13.34269241100003],[102.34956962000007,13.342579181000076],[102.34839000900007,13.344782943000041],[102.34540977800003,13.346618729000056],[102.34533670500008,13.348396982000054],[102.34671442900009,13.350654562000045],[102.34713635600008,13.352233528000056],[102.34660107500008,13.355449340000064],[102.34669574600008,13.356834798000023],[102.34870188000008,13.359371382000063],[102.34931630700004,13.362379920000024],[102.34895883200005,13.364454270000067],[102.35067058900006,13.366673129000048],[102.35021983800004,13.369588566000061],[102.35169380200006,13.371312357000022],[102.35103847800008,13.372395091000044],[102.34937035900003,13.372966333000022],[102.34752953700007,13.370514167000067],[102.34561280000008,13.370851198000025],[102.34401321100006,13.369846746000064],[102.34090486300005,13.370575805000044],[102.33911381200005,13.36974525900007],[102.33830753900008,13.368404475000034],[102.33668795400007,13.367626536000046],[102.33379574600008,13.372007540000027],[102.32983973500006,13.375751692000051],[102.32633927000006,13.377837733000035],[102.32444981600008,13.37979645300004],[102.32414712300005,13.383952059000023],[102.32444426600006,13.386833968000076],[102.32312244200006,13.389826501000073],[102.32361740100004,13.392615378000073],[102.32585294300009,13.394066740000028],[102.32617634400003,13.395574679000049],[102.32519465800004,13.39520655800004],[102.30120537100004,13.395012586000064],[102.29913267800003,13.39877258100006],[102.29935843300007,13.40131827600004],[102.30117214600006,13.40361034700004],[102.30060048600006,13.404912294000042],[102.29900570400008,13.40547831300006],[102.29709402400005,13.407969260000073],[102.29584641300005,13.40888387800004],[102.29382336900005,13.405369421000046],[102.29294683300009,13.404504093000071],[102.28846846100004,13.40333570000007],[102.28712349000006,13.404231195000023],[102.28626113300004,13.40297210400007],[102.28465840300004,13.39730482400006]]]},"properties":{"Shape_Leng":0.565614743636,"Shape_Area":0.0075473593656,"ADM3_EN":"Khlong Kai Thuean","ADM3_TH":"คลองไก่เถื่อน","ADM3_PCODE":"TH270205","ADM2_EN":"Khlong Hat","ADM2_TH":"คลองหาด","ADM2_PCODE":"TH2702","ADM1_EN":"Sa Kaeo","ADM1_TH":"สระแก้ว","ADM1_PCODE":"TH27","ADM0_EN":"Thailand","ADM0_TH":"ประเทศไทย","ADM0_PCODE":"TH"}},
{"type":"Feature","geometry":{"type":"Polygon","coordinates":[[[102.30856246700006,13.503168649000031],[102.30919979400005,13.506114043000025],[102.31044674300006,13.507655889000034],[102.31136956100005,13.511997852000036],[102.31002451000006,13.513763462000043],[102.30978591800005,13.51517453100007],[102.31015692800008,13.52009748300003],[102.31158245400007,13.520755382000061],[102.31117203500008,13.523575662000042],[102.31233551700007,13.525426186000061],[102.31313141900006,13.525809056000071],[102.31319044200006,13.528088187000037],[102.31535624300005,13.528642392000052],[102.31588970100006,13.530251220000025],[102.31861857400008,13.53019159300004],[102.32060701300009,13.530743020000045],[102.32157229600006,13.53202264500004],[102.32034792500008,13.539929169000061],[102.32041045200003,13.543609245000027],[102.32318281500005,13.549356645000046],[102.32257861400007,13.561427712000068],[102.32518701600009,13.566423413000052],[102.32716334600008,13.569080454000073],[102.32723218700005,13.571477369000036],[102.32583973700008,13.572219439000037],[102.32371601500006,13.574926127000026],[102.32190082300008,13.577744856000038],[102.32168944400007,13.58025785500007],[102.31928569600007,13.581428973000072],[102.32001483600004,13.583590301000072],[102.31506361800007,13.58168205000004],[102.31375725300006,13.583504094000034],[102.31262116500005,13.583020220000037],[102.30763641500005,13.584466943000052],[102.30607276000006,13.584057063000046],[102.30336760700004,13.584636597000042],[102.30254594400009,13.583697639000036],[102.30088138800005,13.585069482000051],[102.29707403100008,13.585812060000023],[102.28914082900008,13.587895336000031],[102.28811820000004,13.586578295000038],[102.28553362400004,13.585635178000075],[102.28336227300008,13.580962104000037],[102.27993939600003,13.574574462000044],[102.27977455500007,13.573429026000042],[102.27723533700004,13.57337414400007],[102.27550099200005,13.574218305000045],[102.27287553000008,13.574043181000036],[102.27082795500007,13.57325124700003],[102.27014308200006,13.571933086000058],[102.27126507300005,13.570968730000061],[102.27204729400006,13.56811822000003],[102.26976088700007,13.565799241000036],[102.26878587600004,13.563884775000076],[102.26914730500005,13.562629743000059],[102.27109166700006,13.562204378000047],[102.27199450500007,13.562897184000064],[102.27395808400007,13.562590946000057],[102.27623466200004,13.561510218000024],[102.27758101700005,13.560282828000027],[102.27873670400004,13.560452744000031],[102.27943832300008,13.559576824000033],[102.28287336800008,13.558007319000069],[102.28333196700004,13.553683638000052],[102.28395006100004,13.552871374000063],[102.28355978500008,13.551626164000027],[102.28395002400003,13.54914181600003],[102.28332134200008,13.54656936200007],[102.27989913700009,13.543919961000029],[102.27914997800008,13.542963759000031],[102.27522074900008,13.541212469000072],[102.27378982400006,13.541924140000049],[102.27276469200007,13.54166897400006],[102.27099269000007,13.539808985000036],[102.26918382600007,13.539404407000063],[102.26827495400005,13.538597886000048],[102.26650355200007,13.539531961000023],[102.26457002200004,13.539215247000072],[102.26419676100005,13.538315105000038],[102.26237334600006,13.539886916000057],[102.26164930500005,13.538731150000046],[102.25945966300009,13.538605634000021],[102.25846289400005,13.539044087000036],[102.25788130800004,13.54096155700006],[102.25618053900007,13.541794281000023],[102.25340027900006,13.54111295100006],[102.25208282700004,13.542152259000034],[102.25070302700004,13.541459685000063],[102.25002526500003,13.542332119000037],[102.24954713700004,13.545122329000037],[102.24772229700005,13.546648434000076],[102.24638105400004,13.546139459000074],[102.24438289200003,13.547299857000041],[102.24266297800006,13.547284782000077],[102.24189499000005,13.546010981000052],[102.24225857000005,13.54493313100005],[102.24359514100007,13.544700211000077],[102.24369975100007,13.543313497000042],[102.24498851000004,13.54324358100007],[102.24511085100005,13.542204367000068],[102.24711808200004,13.541270085000065],[102.24764779900005,13.540035781000029],[102.24680155900006,13.539788035000072],[102.24739445200004,13.537830840000026],[102.24856032000008,13.537572194000063],[102.24989157500005,13.536137410000038],[102.25041417300008,13.534480415000075],[102.25001980100006,13.533800341000074],[102.25274974600006,13.530220319000023],[102.25382878500005,13.53011473500004],[102.25346544700005,13.529196802000058],[102.25425708700004,13.52813885200004],[102.25370068600006,13.527143549000073],[102.25598634900007,13.526968844000066],[102.25741962100005,13.526138937000042],[102.25800412500007,13.524036399000067],[102.26200396300004,13.523110479000024],[102.26331963200005,13.521463294000057],[102.26406952500008,13.521676957000068],[102.26476809200005,13.51707400600003],[102.26690480400003,13.515448724000066],[102.26737995500008,13.513437796000062],[102.26697762300006,13.512456890000067],[102.26550778400008,13.511919068000054],[102.26628444600004,13.509803804000057],[102.26438657000006,13.508868996000047],[102.26347172600003,13.507317790000059],[102.26181251000008,13.506427109000072],[102.26097538400006,13.504932776000032],[102.26101132900004,13.503751014000045],[102.26261281200004,13.502196081000022],[102.26354128600008,13.500637518000076],[102.26310916900007,13.498265980000042],[102.26374520200005,13.494636952000064],[102.26548306500007,13.492035436000037],[102.26683137900005,13.492311095000048],[102.26778417200006,13.491730059000076],[102.26922093800005,13.49245202800006],[102.27031688700004,13.492573522000043],[102.27413518800006,13.491916271000036],[102.27436409300009,13.496802323000054],[102.27688477200007,13.497010099000022],[102.27802386800005,13.49568017300004],[102.28065230200008,13.496215333000066],[102.28474763600008,13.498061522000057],[102.28578086800007,13.498020095000072],[102.28667870900006,13.49946269700007],[102.28601356600007,13.500506305000044],[102.28846295000005,13.500426382000057],[102.28872663900006,13.502374122000049],[102.28940567900008,13.501320909000071],[102.29214582700007,13.500608765000038],[102.29350241700007,13.500862368000071],[102.29635081100008,13.500278370000046],[102.29692019500004,13.500981960000047],[102.30124040900006,13.501368115000048],[102.30516031300004,13.503558514000076],[102.30856246700006,13.503168649000031]]]},"properties":{"Shape_Leng":0.419737302211,"Shape_Area":0.00426356393109,"ADM3_EN":"Benchakhon","ADM3_TH":"เบญจขร","ADM3_PCODE":"TH270206","ADM2_EN":"Khlong Hat","ADM2_TH":"คลองหาด","ADM2_PCODE":"TH2702","ADM1_EN":"Sa Kaeo","ADM1_TH":"สระแก้ว","ADM1_PCODE":"TH27","ADM0_EN":"Thailand","ADM0_TH":"ประเทศไทย","ADM0_PCODE":"TH"}},
{"type":"Feature","geometry":{"type":"Polygon","coordinates":[[[102.24266297800006,13.547284782000077],[102.24438289200003,13.547299857000041],[102.24638105400004,13.546139459000074],[102.24772229700005,13.546648434000076],[102.24954713700004,13.545122329000037],[102.25002526500003,13.542332119000037],[102.25070302700004,13.541459685000063],[102.25208282700004,13.542152259000034],[102.25340027900006,13.54111295100006],[102.25618053900007,13.541794281000023],[102.25788130800004,13.54096155700006],[102.25846289400005,13.539044087000036],[102.25945966300009,13.538605634000021],[102.26164930500005,13.538731150000046],[102.26237334600006,13.539886916000057],[102.26419676100005,13.538315105000038],[102.26457002200004,13.539215247000072],[102.26650355200007,13.539531961000023],[102.26827495400005,13.538597886000048],[102.26918382600007,13.539404407000063],[102.27099269000007,13.539808985000036],[102.27276469200007,13.54166897400006],[102.27378982400006,13.541924140000049],[102.27522074900008,13.541212469000072],[102.27914997800008,13.542963759000031],[102.27989913700009,13.543919961000029],[102.28332134200008,13.54656936200007],[102.28395002400003,13.54914181600003],[102.28355978500008,13.551626164000027],[102.28395006100004,13.552871374000063],[102.28333196700004,13.553683638000052],[102.28287336800008,13.558007319000069],[102.27943832300008,13.559576824000033],[102.27873670400004,13.560452744000031],[102.27758101700005,13.560282828000027],[102.27623466200004,13.561510218000024],[102.27395808400007,13.562590946000057],[102.27199450500007,13.562897184000064],[102.27109166700006,13.562204378000047],[102.26914730500005,13.562629743000059],[102.26878587600004,13.563884775000076],[102.26976088700007,13.565799241000036],[102.27204729400006,13.56811822000003],[102.27126507300005,13.570968730000061],[102.27014308200006,13.571933086000058],[102.27082795500007,13.57325124700003],[102.27287553000008,13.574043181000036],[102.27550099200005,13.574218305000045],[102.27723533700004,13.57337414400007],[102.27977455500007,13.573429026000042],[102.27993939600003,13.574574462000044],[102.28336227300008,13.580962104000037],[102.28553362400004,13.585635178000075],[102.28811820000004,13.586578295000038],[102.28914082900008,13.587895336000031],[102.29707403100008,13.585812060000023],[102.30088138800005,13.585069482000051],[102.30254594400009,13.583697639000036],[102.30336760700004,13.584636597000042],[102.30607276000006,13.584057063000046],[102.30763641500005,13.584466943000052],[102.31262116500005,13.583020220000037],[102.31375725300006,13.583504094000034],[102.31506361800007,13.58168205000004],[102.32001483600004,13.583590301000072],[102.32270259100005,13.585128233000034],[102.32341640600004,13.586534421000067],[102.32676315300006,13.587908155000036],[102.32717457500007,13.589026743000034],[102.32717882900005,13.59047376600006],[102.32853795300008,13.592047368000067],[102.32607877000004,13.594999083000062],[102.32718065000006,13.596483904000024],[102.32758166500008,13.59829695700006],[102.32844697300004,13.599131725000063],[102.33024592100008,13.599310789000072],[102.33051596000007,13.600698559000023],[102.32983888800004,13.60087091500003],[102.33032217900006,13.60252519200003],[102.33126245200003,13.603621173000022],[102.32967768600008,13.60720554900007],[102.33047500500004,13.607996392000075],[102.33027759700008,13.60972371300005],[102.33127563600004,13.611049680000065],[102.33332397800007,13.61178579400007],[102.33333154200005,13.614127112000062],[102.33400862200006,13.615894574000038],[102.33522261200005,13.616048241000044],[102.33482686700006,13.61701852400006],[102.33526164100005,13.618656896000061],[102.33449131300006,13.619612801000073],[102.33577568300007,13.621863619000067],[102.33693025700006,13.62241031700006],[102.33583411900008,13.624154056000066],[102.33562302900003,13.626333239000076],[102.33721392100006,13.629038712000067],[102.33635484600006,13.630030950000048],[102.33735952000006,13.632076351000023],[102.33579546600004,13.633882844000027],[102.33659206800007,13.634245157000066],[102.33616356400006,13.637067757000068],[102.33463963700007,13.637731012000074],[102.33647217700008,13.638571282000044],[102.33642787200006,13.639976923000063],[102.33526487200004,13.642002310000066],[102.33376242200006,13.642063921000045],[102.33207043700008,13.641355532000034],[102.32889096000008,13.641117654000027],[102.32681805900006,13.638729498000032],[102.32084487400004,13.63906922700005],[102.31806656100008,13.641396181000061],[102.31718927100007,13.641387082000051],[102.31609746300006,13.642504307000024],[102.31314891600005,13.644327511000029],[102.31266141600008,13.64386601600006],[102.31104466100004,13.64471334700005],[102.30729761600008,13.643943300000046],[102.30624621800007,13.64438943700003],[102.30432147400006,13.643943926000077],[102.30394484700008,13.643101417000025],[102.30048302700004,13.642411480000021],[102.29897146100006,13.643507028000045],[102.29865527400005,13.642499215000043],[102.29634797200004,13.643243590000054],[102.29623704000005,13.642645659000038],[102.29383813300007,13.643363348000037],[102.29339233900004,13.642053363000059],[102.29372749300006,13.640526696000052],[102.29093054600008,13.639264625000067],[102.28917381400004,13.637774055000023],[102.28689278900004,13.639181524000037],[102.28607657700007,13.638498132000052],[102.28646553800007,13.635260348000031],[102.28611528600004,13.634154910000063],[102.28495828600006,13.63418137800005],[102.28339268200006,13.635169509000036],[102.28299327200006,13.634734294000054],[102.28263124600005,13.631435342000032],[102.27948421900004,13.63144068500003],[102.27926870600004,13.629871109000021],[102.27655161400008,13.630665306000026],[102.27605697100006,13.62890425200004],[102.27306105700006,13.626841611000032],[102.27127487800004,13.624233272000026],[102.26588705400007,13.623820146000071],[102.26438326100003,13.621259322000071],[102.26542453200005,13.620518894000043],[102.26553739700006,13.617875648000052],[102.26498970400007,13.61723203200006],[102.26498148600007,13.615304726000033],[102.26422411900006,13.61529730500007],[102.26516824300006,13.612807841000063],[102.26449611600003,13.61015014800006],[102.26520102400008,13.606963172000064],[102.26614381400009,13.604385019000063],[102.26779263400005,13.60359311700006],[102.27046400100005,13.603301378000026],[102.27146602900007,13.601527633000046],[102.27138252200007,13.599790228000074],[102.27196022700008,13.597078487000033],[102.27121328400005,13.595579515000054],[102.27057557500007,13.58976339800006],[102.27069201500007,13.587409592000029],[102.26817282100006,13.584414307000031],[102.26740830300008,13.582152474000054],[102.26747791300005,13.579859947000045],[102.26648961400008,13.578699301000029],[102.26371313700008,13.57672619300007],[102.26290579200008,13.575737411000034],[102.25685876300008,13.572970632000022],[102.25439535200007,13.573087434000058],[102.25313684800005,13.570390573000054],[102.25186574800006,13.570281575000024],[102.25117255200007,13.56871959700004],[102.25215065200007,13.568375239000034],[102.25139031600008,13.567118816000061],[102.25070173400007,13.567514439000036],[102.24961409900004,13.56644289600007],[102.24750496600006,13.565860868000073],[102.24660766700003,13.566849914000045],[102.24607122500004,13.566300081000065],[102.24336301800008,13.567582130000062],[102.24230220700008,13.566815288000043],[102.23924834700006,13.566890018000038],[102.23788522200005,13.564445375000048],[102.23665618900009,13.564675606000037],[102.23470124400006,13.562585393000063],[102.23383335200003,13.562707007000029],[102.23371832200007,13.561245082000028],[102.23289413000003,13.55961003300007],[102.23126218700008,13.558860152000022],[102.22808136100008,13.558896440000069],[102.22832466600005,13.556442497000035],[102.22920707200007,13.55501289700004],[102.23051511400007,13.554382366000027],[102.23051371000008,13.552553898000042],[102.23120939200004,13.55184795200006],[102.23391555800004,13.552230519000034],[102.23568147500004,13.551070749000075],[102.23696613800007,13.548549603000026],[102.23968390800007,13.548738521000075],[102.24266297800006,13.547284782000077]]]},"properties":{"Shape_Leng":0.519194622183,"Shape_Area":0.00484175206844,"ADM3_EN":"Sai Thong","ADM3_TH":"ไทรทอง","ADM3_PCODE":"TH270207","ADM2_EN":"Khlong Hat","ADM2_TH":"คลองหาด","ADM2_PCODE":"TH2702","ADM1_EN":"Sa Kaeo","ADM1_TH":"สระแก้ว","ADM1_PCODE":"TH27","ADM0_EN":"Thailand","ADM0_TH":"ประเทศไทย","ADM0_PCODE":"TH"}},
{"type":"Feature","geometry":{"type":"Polygon","coordinates":[[[102.85557383800005,13.992936057000065],[102.85143536600003,13.995471206000047],[102.84634769700006,13.99909555000005],[102.82089805900006,14.016994172000068],[102.81534829100008,14.020478310000044],[102.81289543000008,14.023362294000037],[102.80954300800005,14.026425655000025],[102.80772018200008,14.030051625000056],[102.80632620100005,14.030463775000044],[102.80534448000009,14.031798292000076],[102.80218360600009,14.032657116000053],[102.80206384600007,14.033954622000067],[102.80029654300006,14.034240864000026],[102.80032572000005,14.035780462000048],[102.79879292200008,14.03704781600004],[102.79679029800008,14.039392287000055],[102.78796657300006,14.048225263000063],[102.78574434800004,14.051069047000055],[102.78275349800003,14.050972382000054],[102.78040204000007,14.05204060400007],[102.77892200600007,14.052050103000056],[102.77866972300006,14.054390613000066],[102.77796510500008,14.055566205000048],[102.77903059300007,14.057732675000068],[102.77859858800008,14.059443360000046],[102.77598894100004,14.058590041000059],[102.77197772200009,14.056295361000025],[102.76099947600005,14.049708390000035],[102.75584768200008,14.047507331000077],[102.75168181600009,14.046586167000044],[102.75104393700008,14.04546928800005],[102.74928175700006,14.036155612000073],[102.74690027300005,14.036046949000024],[102.74713325600004,14.03384839000006],[102.74484978600003,14.034015192000027],[102.74309169100007,14.033537841000054],[102.74137027300009,14.032454406000056],[102.73954747700009,14.03046994500005],[102.73715532900007,14.029702582000027],[102.73551516800006,14.029602350000062],[102.73535248500008,14.027879539000025],[102.73354951600004,14.026267276000056],[102.73324360900006,14.024776917000054],[102.73226045000007,14.024312056000042],[102.72617874600007,14.024335059000066],[102.72567947600004,14.022211625000068],[102.72445620500008,14.02149027300004],[102.72389978500007,14.017557771000043],[102.72353754300008,14.017085031000022],[102.72231284600008,14.012520532000053],[102.71985264900007,14.012328169000057],[102.71524145200004,14.010871980000047],[102.71555401700004,14.009619129000043],[102.71456835800007,14.007537460000037],[102.71419192400003,14.000859108000043],[102.71644831700007,13.999894995000034],[102.71729863300004,13.998314192000066],[102.71708616700005,13.996941794000065],[102.71280940100007,13.992626329000075],[102.71006946400007,13.989557552000065],[102.70754349700007,13.985977325000022],[102.70604271700006,13.983403845000055],[102.70369771100007,13.980415665000066],[102.70213873200004,13.97776867500005],[102.70124859400005,13.97488217700004],[102.70127240200009,13.970816736000074],[102.70244082200009,13.961388715000055],[102.70313441200005,13.958675434000043],[102.70342085800007,13.95495485500004],[102.70258825800005,13.953674946000035],[102.69910349500009,13.951128138000058],[102.69830128200005,13.948922365000044],[102.69702519800006,13.947179136000045],[102.69278977200008,13.944127062000064],[102.68960699900003,13.941067304000057],[102.67955810300003,13.92832190200005],[102.67930801300008,13.925872625000068],[102.67719074600006,13.920862815000078],[102.67479871900008,13.916428193000058],[102.67231690500006,13.912647544000038],[102.67063954300005,13.908621287000074],[102.67120248700007,13.907443576000048],[102.67354084000004,13.905715152000028],[102.67461842500006,13.902091936000033],[102.67478768000007,13.900375348000068],[102.67364927700004,13.899275674000023],[102.67608001500008,13.896976950000067],[102.67697661600005,13.897412380000048],[102.68068911400007,13.896353126000065],[102.68267736100006,13.895221054000046],[102.68529308400008,13.895591660000036],[102.68712044200004,13.896766481000043],[102.69324582600007,13.897255123000036],[102.69466206900006,13.898254863000034],[102.69643479900009,13.900588284000037],[102.69949546500004,13.901428163000048],[102.70223394000004,13.901232454000024],[102.70563241200006,13.900371582000048],[102.71005323100007,13.897452772000065],[102.71360411700005,13.896261954000067],[102.71639581900007,13.894466106000039],[102.71951589800005,13.892857893000041],[102.72172168800006,13.890194278000024],[102.72344236500004,13.886796273000073],[102.72544780900006,13.882093395000027],[102.72630178500003,13.88061605300004],[102.72996284600003,13.875858992000076],[102.73182167100003,13.874327762000064],[102.73566034700008,13.872053379000022],[102.73998273700005,13.869819713000027],[102.74138620500008,13.869412891000025],[102.74619610000008,13.869300648000035],[102.74803632600003,13.868463215000077],[102.75017400800004,13.866503747000024],[102.75461655000004,13.86133951200003],[102.75975568900009,13.86025866700004],[102.76691925000006,13.856680745000062],[102.76822771500008,13.862427370000034],[102.77657607700007,13.901404083000045],[102.77843267700007,13.910365218000038],[102.78325152400004,13.932903563000025],[102.79024877800003,13.936070345000076],[102.79438753200009,13.938736063000022],[102.80326869800007,13.943287057000077],[102.80752756800007,13.948269825000068],[102.81218323100006,13.955408097000031],[102.81369528500005,13.959046369000077],[102.81579757900005,13.965558575000045],[102.82641012800008,13.972327576000055],[102.83318805500005,13.976351150000028],[102.84125348300006,13.981333006000057],[102.84890953800004,13.985938992000058],[102.85339760000005,13.990427932000046],[102.85557383800005,13.992936057000065]]]},"properties":{"Shape_Leng":0.62782932532,"Shape_Area":0.0173851592357,"ADM3_EN":"Ta Phraya","ADM3_TH":"ตาพระยา","ADM3_PCODE":"TH270301","ADM2_EN":"Ta Phraya","ADM2_TH":"ตาพระยา","ADM2_PCODE":"TH2703","ADM1_EN":"Sa Kaeo","ADM1_TH":"สระแก้ว","ADM1_PCODE":"TH27","ADM0_EN":"Thailand","ADM0_TH":"ประเทศไทย","ADM0_PCODE":"TH"}},
{"type":"Feature","geometry":{"type":"Polygon","coordinates":[[[102.85557383800005,13.992936057000065],[102.85744584100007,13.995145773000047],[102.86039445700004,13.997912297000028],[102.86694579200008,14.003662004000034],[102.86860752200005,14.00477191400006],[102.87012214700007,14.004690409000034],[102.87238328500007,14.003049840000074],[102.87682449700009,14.003102923000029],[102.87963368400005,14.003777575000072],[102.88146459500007,14.004841234000025],[102.88307344700007,14.006472383000073],[102.88301420000005,14.008838745000048],[102.88601081400009,14.01022314200003],[102.88773878300003,14.010033036000038],[102.88945162600004,14.008945475000075],[102.89333362200006,14.007154540000045],[102.89451082100004,14.007364801000051],[102.89654213700004,14.010082454000042],[102.89935674600008,14.011689228000023],[102.89953708000007,14.013099690000047],[102.90136708900008,14.015066345000037],[102.90492764400005,14.015762331000076],[102.90712596800006,14.015726845000074],[102.90865134500007,14.016298121000034],[102.90975724300006,14.015952451000032],[102.91163393900007,14.017612406000069],[102.91226173200005,14.020615706000058],[102.91004315500004,14.02170618200006],[102.90859740200005,14.021631029000048],[102.90807091200008,14.023791341000049],[102.90821448000008,14.025336066000023],[102.90709044700009,14.02826688600004],[102.90712343700005,14.029058977000034],[102.90492619400004,14.030421901000068],[102.90373487200009,14.032370529000048],[102.90310927100006,14.03567696600004],[102.90266996000008,14.036409323000044],[102.90370541700008,14.039189158000056],[102.90278083100009,14.041772976000061],[102.89991791100005,14.043690975000061],[102.90048329200005,14.046460829000068],[102.90027779500008,14.047610116000044],[102.89785674200004,14.051364079000052],[102.89786616400005,14.054228860000023],[102.89943810700004,14.056934689000059],[102.89942538100007,14.058491506000053],[102.89868346700007,14.060890938000057],[102.89956840700006,14.062309092000078],[102.90015113400005,14.06473224900003],[102.90223517200008,14.066687475000037],[102.90282951200004,14.068272659000058],[102.90123009100006,14.070294442000034],[102.90197001100006,14.071810423000045],[102.90113807500006,14.076971190000052],[102.90162939800007,14.081126916000073],[102.90122954700007,14.082928737000032],[102.90334499900007,14.085358289000055],[102.90533984200005,14.088171750000072],[102.90516409000008,14.090070198000035],[102.90739109000003,14.092569508000054],[102.90556400100007,14.092418148000036],[102.90444669400006,14.091703907000067],[102.90301504800004,14.091999638000061],[102.90202119600008,14.093412358000023],[102.89996453700007,14.093212925000046],[102.89924842600004,14.091805199000078],[102.89728224100008,14.090082751000068],[102.89511342800006,14.09046984300005],[102.89334833400005,14.088255857000036],[102.89402743000005,14.086115877000054],[102.89359698800007,14.084743244000038],[102.89236462800005,14.084785873000044],[102.88834714500007,14.08797332100005],[102.88635628900005,14.090282095000077],[102.88176161100006,14.091883138000071],[102.87987263000008,14.090164849000075],[102.87582132400007,14.08905870600006],[102.87522164500007,14.086892123000041],[102.87454971000005,14.086779805000049],[102.87120333200005,14.088541019000047],[102.86993301500007,14.089799220000032],[102.87004920700008,14.09109505400005],[102.86915803800008,14.092839365000032],[102.86938898500006,14.094502779000038],[102.86853375400005,14.095218556000077],[102.86876703800004,14.097050307000075],[102.86684517700007,14.10091219900005],[102.86588887900007,14.100887482000076],[102.86517566300006,14.10213082200005],[102.86377550900005,14.102137937000066],[102.86267629100007,14.100707754000041],[102.86021325600007,14.100485774000049],[102.85955610200006,14.098618543000043],[102.85235509600005,14.099045809000074],[102.85157415000003,14.098674428000038],[102.85041806800007,14.096546682000053],[102.84989467200006,14.098026600000026],[102.84543736900008,14.097006865000026],[102.84292385800006,14.093686404000039],[102.84076416400006,14.092511054000056],[102.83753687600006,14.088312619000021],[102.83736059200004,14.08664028000004],[102.83807286900009,14.085522509000043],[102.83866820400004,14.083114055000067],[102.83973419100005,14.080977279000024],[102.84012435000005,14.07770350100003],[102.84364050400006,14.075615363000054],[102.84452492800006,14.073744519000059],[102.84542051100004,14.073091828000031],[102.84825950500004,14.072524323000039],[102.85030899600008,14.071598233000032],[102.85188754500007,14.071636169000044],[102.85354876500008,14.070100335000063],[102.85399827300006,14.066828826000062],[102.85515347000006,14.065360887000054],[102.85223210600009,14.065068077000035],[102.84965347700006,14.063753347000045],[102.84877377400005,14.063935465000043],[102.84832070900006,14.06789632300007],[102.84703657300008,14.068054491000055],[102.84718893500008,14.069696589000046],[102.84601037600004,14.070429399000034],[102.84410187200007,14.069559714000036],[102.84257153400006,14.070398440000076],[102.84368916500006,14.07210085500003],[102.84311126200004,14.074236299000063],[102.84094993500008,14.073520659000053],[102.83864708600004,14.074261170000057],[102.83472455300006,14.074298799000076],[102.83364068000009,14.075100064000026],[102.83117908500009,14.074946408000073],[102.82974325700008,14.072554080000032],[102.82947120300008,14.070378009000024],[102.83154761300005,14.069295920000059],[102.83430365700008,14.069922177000024],[102.83358773100008,14.065555747000076],[102.83452756700007,14.062186097000051],[102.83726612600009,14.058341255000073],[102.83845209700007,14.057601610000063],[102.83764410700007,14.056413168000063],[102.83262628900007,14.057514866000076],[102.82952830800008,14.05792278000007],[102.82817392500004,14.058470992000025],[102.82371985400005,14.061412419000021],[102.82527102900008,14.067135073000031],[102.82495255200007,14.06792749300007],[102.81743208200004,14.068495420000033],[102.81126789100006,14.068523578000054],[102.80946282600007,14.067875757000024],[102.80737065700004,14.06598383000005],[102.80643986900009,14.064489759000026],[102.80315897100007,14.063761122000074],[102.80189620900006,14.062601759000074],[102.79926877100007,14.063787750000074],[102.79749154600006,14.065896817000066],[102.79705940900004,14.067492969000057],[102.79293437900009,14.065743221000048],[102.78820756300007,14.064423232000024],[102.78252949300008,14.060727844000041],[102.77859858800008,14.059443360000046],[102.77903059300007,14.057732675000068],[102.77796510500008,14.055566205000048],[102.77866972300006,14.054390613000066],[102.77892200600007,14.052050103000056],[102.78040204000007,14.05204060400007],[102.78275349800003,14.050972382000054],[102.78574434800004,14.051069047000055],[102.78796657300006,14.048225263000063],[102.79679029800008,14.039392287000055],[102.79879292200008,14.03704781600004],[102.80032572000005,14.035780462000048],[102.80029654300006,14.034240864000026],[102.80206384600007,14.033954622000067],[102.80218360600009,14.032657116000053],[102.80534448000009,14.031798292000076],[102.80632620100005,14.030463775000044],[102.80772018200008,14.030051625000056],[102.80954300800005,14.026425655000025],[102.81289543000008,14.023362294000037],[102.81534829100008,14.020478310000044],[102.82089805900006,14.016994172000068],[102.84634769700006,13.99909555000005],[102.85143536600003,13.995471206000047],[102.85557383800005,13.992936057000065]]]},"properties":{"Shape_Leng":0.549679288572,"Shape_Area":0.00790257422548,"ADM3_EN":"Thap Sadet","ADM3_TH":"ทัพเสด็จ","ADM3_PCODE":"TH270302","ADM2_EN":"Ta Phraya","ADM2_TH":"ตาพระยา","ADM2_PCODE":"TH2703","ADM1_EN":"Sa Kaeo","ADM1_TH":"สระแก้ว","ADM1_PCODE":"TH27","ADM0_EN":"Thailand","ADM0_TH":"ประเทศไทย","ADM0_PCODE":"TH"}},
{"type":"Feature","geometry":{"type":"Polygon","coordinates":[[[102.77859858800008,14.059443360000046],[102.77848537300008,14.060941483000022],[102.77887498400008,14.066656470000055],[102.77869146400008,14.06818723400005],[102.77684645300008,14.072324468000033],[102.77583123900007,14.076160103000063],[102.77322834400007,14.080750602000023],[102.77264964000005,14.085750795000024],[102.77175225000008,14.088294370000028],[102.77245507100008,14.091899381000076],[102.77101259500006,14.096200095000029],[102.76944656100005,14.105680633000077],[102.76896632200004,14.11032278600004],[102.76962435400009,14.11436989300006],[102.76940221500007,14.118838236000045],[102.76870990900005,14.12433255700006],[102.76701828500006,14.132524873000023],[102.76572398900004,14.140179293000074],[102.76250321400005,14.13847597800003],[102.75885112200007,14.137542799000073],[102.75539606800004,14.137019144000021],[102.75367017100007,14.137500076000038],[102.75163985700004,14.137469917000033],[102.74668387100007,14.138321207000047],[102.74431682800008,14.139140140000052],[102.74077748000008,14.138896330000023],[102.73630048500007,14.138966066000023],[102.72634176900004,14.138200880000056],[102.72403551800005,14.13697165900004],[102.71936248300005,14.13658410100004],[102.71667477000005,14.135084695000046],[102.71490341100008,14.134859104000043],[102.71108096700004,14.133147177000069],[102.70753565500007,14.132534925000073],[102.70317765400006,14.131222127000058],[102.70060367500008,14.130916796000065],[102.69750200200008,14.13004453800005],[102.69592660800004,14.130275796000035],[102.69011137500007,14.132619328000033],[102.68850587600008,14.133909054000071],[102.68813459500007,14.135731847000045],[102.68900052400005,14.138271667000026],[102.69089796400004,14.141922666000028],[102.69092582100006,14.14364732100006],[102.69009066900009,14.146009426000035],[102.68916043400009,14.147050569000044],[102.68653816900007,14.14887757400004],[102.68095386400006,14.152351914000064],[102.67446287700005,14.155600841000023],[102.67163493600003,14.15677230700004],[102.66805984200005,14.15883229800005],[102.66735940100006,14.15871678800005],[102.66269537800008,14.154500433000067],[102.66051661900008,14.15414256400004],[102.65804800500007,14.156095982000068],[102.65554522000008,14.159978468000077],[102.65489759600007,14.16174718600007],[102.65476385400007,14.163947775000054],[102.65360409200008,14.165394524000021],[102.65111383500005,14.164662986000053],[102.64607379100005,14.16192628400006],[102.64457238100005,14.160415648000026],[102.64293012600007,14.157956381000076],[102.64099642800005,14.152986617000067],[102.63922907400007,14.150559874000066],[102.63706792100004,14.149059168000065],[102.63570894400004,14.148589050000055],[102.63357823000007,14.148898320000058],[102.63168023600008,14.149679281000033],[102.62779562700007,14.151994729000023],[102.62190132600006,14.158624916000065],[102.61651920200006,14.165868701000022],[102.61196354200007,14.170287289000044],[102.60899857900006,14.171443975000045],[102.60591184300006,14.171261521000076],[102.60123866300006,14.170218379000062],[102.59621109600005,14.168624105000049],[102.59267045200005,14.166707706000068],[102.59088666700006,14.164893376000066],[102.58879324700007,14.16012936800007],[102.58660464900004,14.157678804000057],[102.58306222200008,14.15563379300005],[102.57860264500005,14.153859298000043],[102.57131144400006,14.150585485000022],[102.56852367600004,14.14908557700005],[102.56027347600008,14.143385058000035],[102.55484042700004,14.138241902000061],[102.55159361200003,14.135421200000053],[102.55022445200007,14.134842006000042],[102.54649981400007,14.135153958000046],[102.53985927800005,14.137007477000054],[102.53320072900004,14.13770501700003],[102.53075803300004,14.138640138000028],[102.52720843700007,14.141775235000068],[102.52406904000009,14.143063090000055],[102.52135312300004,14.143359868000061],[102.51857750000005,14.142629845000044],[102.51614362000004,14.141295312000068],[102.51253760400004,14.137922596000067],[102.50798988600008,14.133102025000028],[102.50574687800008,14.13224542100005],[102.50220041900008,14.13237285300005],[102.50328963500004,14.129363114000057],[102.50302673700008,14.127588100000025],[102.50163653700008,14.125014165000039],[102.50005291100007,14.123072465000064],[102.49748406200007,14.121250004000046],[102.49723898300005,14.117362167000067],[102.49806855200006,14.112810122000042],[102.49757765200007,14.108820939000054],[102.49833646600007,14.10539538200004],[102.50506312200008,14.099860986000067],[102.50705353600006,14.097743231000038],[102.50834895500009,14.095549771000037],[102.50872354100005,14.093207575000065],[102.51046264900003,14.091913718000058],[102.51255242800005,14.091826021000031],[102.51404512600004,14.092309736000061],[102.51930410600005,14.091794194000045],[102.52171238100004,14.092722274000039],[102.52792728800006,14.095912188000057],[102.53037514600004,14.096868205000021],[102.53247138900008,14.097199868000075],[102.53316376500004,14.096474403000059],[102.53333508200006,14.092689094000036],[102.53390052700007,14.091336015000024],[102.53364034500004,14.09014527000005],[102.53452276100006,14.087485681000032],[102.53266967500008,14.084694550000052],[102.53270907900009,14.083921433000057],[102.53504138600005,14.082141873000069],[102.53426533800007,14.080405442000028],[102.53320535400007,14.079897414000072],[102.53359696200005,14.078023208000047],[102.53315586300005,14.077216904000068],[102.53429936100008,14.075184307000029],[102.53722461400008,14.07482755500007],[102.53873181400007,14.073542427000064],[102.53635075200003,14.070583407000072],[102.53591269100008,14.071259355000052],[102.53497864500008,14.070133566000038],[102.53546242300007,14.069427974000064],[102.53487181500009,14.067833092000058],[102.53486875100003,14.06591897100003],[102.53551281300008,14.063772191000055],[102.53506355900004,14.061718685000073],[102.53552104000005,14.05773128800007],[102.53524053100006,14.054736821000063],[102.53564983100006,14.053906798000071],[102.53553349500004,14.051676735000058],[102.53490484400004,14.050438443000075],[102.53476877400004,14.047304516000054],[102.53514003700008,14.045525110000028],[102.53618210400003,14.043913288000056],[102.53804976800006,14.042627000000039],[102.54151543800003,14.041580509000028],[102.54685507000005,14.038904196000033],[102.54737599800006,14.037334326000064],[102.54748385100004,14.034822752000025],[102.54690777900004,14.032620927000039],[102.54575955300004,14.03084952000006],[102.54573882300008,14.029025798000077],[102.54763462800008,14.02367614700006],[102.54960903600005,14.020343382000021],[102.55230601800008,14.018265195000026],[102.55410014700004,14.017621903000077],[102.55803335400009,14.017921744000034],[102.55873616900004,14.017178226000055],[102.55805462000006,14.014550599000074],[102.55944009600006,14.011758459000077],[102.55907295400004,14.009921976000044],[102.55890625500007,14.002673136000055],[102.55898779400007,14.000239933000046],[102.55827209700004,13.99880756400006],[102.55882230300006,13.997967950000032],[102.55871341200009,13.994911664000028],[102.56029708900007,13.991615934000038],[102.56226924000003,13.989467896000065],[102.56463920500005,13.984618252000075],[102.56570824600004,13.983583242000066],[102.56833412100008,13.981975454000064],[102.57675676800005,13.979108717000031],[102.58092276900004,13.978635686000075],[102.58300210300007,13.980878224000037],[102.58394264000003,13.981417548000024],[102.58575952600006,13.981345430000033],[102.58909874800008,13.979893494000066],[102.59015151600005,13.981984844000067],[102.59274737500004,13.985919792000061],[102.59475267500005,13.988332727000056],[102.59961238500006,13.996272481000062],[102.60262769400003,13.999940913000046],[102.60386349700008,14.000685091000037],[102.60838704400004,14.00139593800003],[102.61167360500008,14.002183845000047],[102.62058089900006,14.005219726000064],[102.63033076900007,14.006709880000074],[102.63649763100005,14.006567623000024],[102.63725760900007,14.007742319000045],[102.63925244700005,14.008189863000041],[102.64331005800005,14.008390700000064],[102.64636865600005,14.008267628000056],[102.65354880700005,14.007404586000064],[102.65616695500006,14.00736506000004],[102.66278566800008,14.005924891000063],[102.67118839600005,14.00458075000006],[102.67228390900004,14.004049387000066],[102.67553077800005,14.00385252600006],[102.67664441600004,14.003450531000055],[102.68292580900004,14.00245595000007],[102.68320463700007,14.002702150000061],[102.68385887800008,14.007801639000036],[102.68505364500004,14.007821501000024],[102.68621933100007,14.008763611000063],[102.68713884200008,14.008114393000028],[102.69018852600004,14.008837355000026],[102.69206369400007,14.008674154000062],[102.69239922500009,14.007287757000029],[102.69445448500005,14.00722164900003],[102.69609186900004,14.008715764000044],[102.69741156300006,14.009201192000035],[102.69787250600007,14.010226437000028],[102.69919099400005,14.011010999000064],[102.70195283400005,14.009203338000077],[102.70383075400008,14.009961722000071],[102.70495468600006,14.008729251000034],[102.70579364100007,14.009427273000028],[102.70667875600009,14.008408536000047],[102.70889620300005,14.008823190000044],[102.70994181100008,14.007441923000044],[102.71127990400004,14.007847878000064],[102.71189551100008,14.008883315000048],[102.71274754500007,14.008692669000027],[102.71555401700004,14.009619129000043],[102.71524145200004,14.010871980000047],[102.71985264900007,14.012328169000057],[102.72231284600008,14.012520532000053],[102.72353754300008,14.017085031000022],[102.72389978500007,14.017557771000043],[102.72445620500008,14.02149027300004],[102.72567947600004,14.022211625000068],[102.72617874600007,14.024335059000066],[102.73226045000007,14.024312056000042],[102.73324360900006,14.024776917000054],[102.73354951600004,14.026267276000056],[102.73535248500008,14.027879539000025],[102.73551516800006,14.029602350000062],[102.73715532900007,14.029702582000027],[102.73954747700009,14.03046994500005],[102.74137027300009,14.032454406000056],[102.74309169100007,14.033537841000054],[102.74484978600003,14.034015192000027],[102.74713325600004,14.03384839000006],[102.74690027300005,14.036046949000024],[102.74928175700006,14.036155612000073],[102.75104393700008,14.04546928800005],[102.75168181600009,14.046586167000044],[102.75584768200008,14.047507331000077],[102.76099947600005,14.049708390000035],[102.77197772200009,14.056295361000025],[102.77598894100004,14.058590041000059],[102.77859858800008,14.059443360000046]]]},"properties":{"Shape_Leng":0.909255544437,"Shape_Area":0.033856308855,"ADM3_EN":"Thap Rat","ADM3_TH":"ทัพราช","ADM3_PCODE":"TH270306","ADM2_EN":"Ta Phraya","ADM2_TH":"ตาพระยา","ADM2_PCODE":"TH2703","ADM1_EN":"Sa Kaeo","ADM1_TH":"สระแก้ว","ADM1_PCODE":"TH27","ADM0_EN":"Thailand","ADM0_TH":"ประเทศไทย","ADM0_PCODE":"TH"}},
{"type":"Feature","geometry":{"type":"Polygon","coordinates":[[[102.90739109000003,14.092569508000054],[102.90779045800008,14.09529512000006],[102.91067849600006,14.094934643000045],[102.91341563500004,14.096444268000027],[102.91493990300006,14.098615876000054],[102.91679793600008,14.099229437000076],[102.91887372200006,14.101512193000076],[102.92034746100006,14.103924741000071],[102.92257077100004,14.104861112000037],[102.92368479100008,14.105922032000024],[102.92398062300003,14.107769808000057],[102.92506537900005,14.109977128000025],[102.92464254100008,14.110996275000048],[102.92466227500006,14.116143123000029],[102.92398749400007,14.11755626400003],[102.92414659900004,14.120820411000068],[102.92449961500006,14.121493483000052],[102.92429150600009,14.127419708000048],[102.92535862900007,14.132179017000055],[102.93031305700003,14.137176728000043],[102.93335667900004,14.139225069000076],[102.93555122200007,14.14249006700004],[102.93720230200006,14.143191828000056],[102.93818911100004,14.145371974000057],[102.94035180600008,14.147074433000057],[102.94054747800004,14.149907356000028],[102.94126665300007,14.151318384000035],[102.94087932500008,14.152083117000075],[102.94163611000005,14.15389287000005],[102.94154271800005,14.155468303000077],[102.94051133100004,14.15772107500004],[102.93919748900004,14.15933128200004],[102.93875084300004,14.163148345000025],[102.93581930900007,14.16728555800006],[102.93554756400005,14.168925324000043],[102.93396229000007,14.172216563000063],[102.93185771100008,14.174653491000072],[102.93035676000005,14.175651232000064],[102.92681727800004,14.172897587000023],[102.92411398700006,14.172515221000026],[102.91992591900004,14.170557081000027],[102.91570757900007,14.168954911000071],[102.91282094000007,14.16850428600003],[102.90665595400009,14.166009234000057],[102.90467322000006,14.164591306000034],[102.90260094500007,14.164612285000032],[102.89889578200007,14.163517912000032],[102.89691445500006,14.16366628700007],[102.89335171900007,14.166472974000044],[102.89204066100007,14.171023949000073],[102.89130679400006,14.172197331000064],[102.88966054500008,14.173385531000065],[102.88618291800009,14.174216303000037],[102.88244273500004,14.175941744000056],[102.87911118400007,14.176034461000029],[102.87794299100005,14.175008065000043],[102.87679999600005,14.173129507000056],[102.87331942000009,14.169120663000058],[102.87296395200008,14.166880889000026],[102.87383841900004,14.162298283000041],[102.87393227500007,14.156140945000061],[102.87327018600007,14.147517992000076],[102.87095323500006,14.146587499000077],[102.86581255100003,14.147599592000063],[102.86372601700003,14.148562405000064],[102.86039805800004,14.148848292000025],[102.85929788500005,14.149485463000076],[102.85778558400006,14.151561767000032],[102.85509306700004,14.154237801000022],[102.85096070300006,14.156240051000054],[102.84821859000004,14.158336080000026],[102.84615586800004,14.158369188000052],[102.84188794400006,14.157043816000055],[102.84138073400004,14.157555272000025],[102.83981557600003,14.16121977000006],[102.83638136100006,14.164643180000041],[102.83261146600006,14.16698784600004],[102.83012070700005,14.167531014000076],[102.82899045200008,14.16638755100007],[102.82904380100007,14.164837993000049],[102.83027877900008,14.162766222000073],[102.83245929700007,14.160292156000025],[102.83247556500004,14.158898064000027],[102.83114311500003,14.157525532000022],[102.82936193200004,14.157786294000061],[102.82629763600005,14.159616245000052],[102.82090432900009,14.164617891000034],[102.81687389200005,14.167073808000055],[102.81505340400008,14.170192715000042],[102.81359643400003,14.164937344000066],[102.81297833100007,14.161725465000075],[102.81160066600006,14.160343043000069],[102.80970995900009,14.160345565000057],[102.80625626000005,14.158004788000028],[102.80336710500006,14.157362241000044],[102.79982102400004,14.157941673000039],[102.79694304000009,14.159667002000049],[102.79396618100009,14.160540239000056],[102.79187382100008,14.160297986000046],[102.78858403700008,14.157623877000049],[102.78679737600004,14.155394091000062],[102.78516550100005,14.15398794400005],[102.78214849500006,14.152438415000063],[102.78124705500005,14.152535242000056],[102.77973364200005,14.154872209000075],[102.77807544800004,14.155283859000065],[102.77668434700007,14.15478257500007],[102.77539472300003,14.153591253000059],[102.77224058900003,14.14940309700006],[102.76994029100007,14.144549219000055],[102.76739319000006,14.141391086000056],[102.76572398900004,14.140179293000074],[102.76701828500006,14.132524873000023],[102.76870990900005,14.12433255700006],[102.76940221500007,14.118838236000045],[102.76962435400009,14.11436989300006],[102.76896632200004,14.11032278600004],[102.76944656100005,14.105680633000077],[102.77101259500006,14.096200095000029],[102.77245507100008,14.091899381000076],[102.77175225000008,14.088294370000028],[102.77264964000005,14.085750795000024],[102.77322834400007,14.080750602000023],[102.77583123900007,14.076160103000063],[102.77684645300008,14.072324468000033],[102.77869146400008,14.06818723400005],[102.77887498400008,14.066656470000055],[102.77848537300008,14.060941483000022],[102.77859858800008,14.059443360000046],[102.78252949300008,14.060727844000041],[102.78820756300007,14.064423232000024],[102.79293437900009,14.065743221000048],[102.79705940900004,14.067492969000057],[102.79749154600006,14.065896817000066],[102.79926877100007,14.063787750000074],[102.80189620900006,14.062601759000074],[102.80315897100007,14.063761122000074],[102.80643986900009,14.064489759000026],[102.80737065700004,14.06598383000005],[102.80946282600007,14.067875757000024],[102.81126789100006,14.068523578000054],[102.81743208200004,14.068495420000033],[102.82495255200007,14.06792749300007],[102.82527102900008,14.067135073000031],[102.82371985400005,14.061412419000021],[102.82817392500004,14.058470992000025],[102.82952830800008,14.05792278000007],[102.83262628900007,14.057514866000076],[102.83764410700007,14.056413168000063],[102.83845209700007,14.057601610000063],[102.83726612600009,14.058341255000073],[102.83452756700007,14.062186097000051],[102.83358773100008,14.065555747000076],[102.83430365700008,14.069922177000024],[102.83154761300005,14.069295920000059],[102.82947120300008,14.070378009000024],[102.82974325700008,14.072554080000032],[102.83117908500009,14.074946408000073],[102.83364068000009,14.075100064000026],[102.83472455300006,14.074298799000076],[102.83864708600004,14.074261170000057],[102.84094993500008,14.073520659000053],[102.84311126200004,14.074236299000063],[102.84368916500006,14.07210085500003],[102.84257153400006,14.070398440000076],[102.84410187200007,14.069559714000036],[102.84601037600004,14.070429399000034],[102.84718893500008,14.069696589000046],[102.84703657300008,14.068054491000055],[102.84832070900006,14.06789632300007],[102.84877377400005,14.063935465000043],[102.84965347700006,14.063753347000045],[102.85223210600009,14.065068077000035],[102.85515347000006,14.065360887000054],[102.85399827300006,14.066828826000062],[102.85354876500008,14.070100335000063],[102.85188754500007,14.071636169000044],[102.85030899600008,14.071598233000032],[102.84825950500004,14.072524323000039],[102.84542051100004,14.073091828000031],[102.84452492800006,14.073744519000059],[102.84364050400006,14.075615363000054],[102.84012435000005,14.07770350100003],[102.83973419100005,14.080977279000024],[102.83866820400004,14.083114055000067],[102.83807286900009,14.085522509000043],[102.83736059200004,14.08664028000004],[102.83753687600006,14.088312619000021],[102.84076416400006,14.092511054000056],[102.84292385800006,14.093686404000039],[102.84543736900008,14.097006865000026],[102.84989467200006,14.098026600000026],[102.85041806800007,14.096546682000053],[102.85157415000003,14.098674428000038],[102.85235509600005,14.099045809000074],[102.85955610200006,14.098618543000043],[102.86021325600007,14.100485774000049],[102.86267629100007,14.100707754000041],[102.86377550900005,14.102137937000066],[102.86517566300006,14.10213082200005],[102.86588887900007,14.100887482000076],[102.86684517700007,14.10091219900005],[102.86876703800004,14.097050307000075],[102.86853375400005,14.095218556000077],[102.86938898500006,14.094502779000038],[102.86915803800008,14.092839365000032],[102.87004920700008,14.09109505400005],[102.86993301500007,14.089799220000032],[102.87120333200005,14.088541019000047],[102.87454971000005,14.086779805000049],[102.87522164500007,14.086892123000041],[102.87582132400007,14.08905870600006],[102.87987263000008,14.090164849000075],[102.88176161100006,14.091883138000071],[102.88635628900005,14.090282095000077],[102.88834714500007,14.08797332100005],[102.89236462800005,14.084785873000044],[102.89359698800007,14.084743244000038],[102.89402743000005,14.086115877000054],[102.89334833400005,14.088255857000036],[102.89511342800006,14.09046984300005],[102.89728224100008,14.090082751000068],[102.89924842600004,14.091805199000078],[102.89996453700007,14.093212925000046],[102.90202119600008,14.093412358000023],[102.90301504800004,14.091999638000061],[102.90444669400006,14.091703907000067],[102.90556400100007,14.092418148000036],[102.90739109000003,14.092569508000054]]]},"properties":{"Shape_Leng":0.715894296612,"Shape_Area":0.0128244282242,"ADM3_EN":"Thap Thai","ADM3_TH":"ทัพไทย","ADM3_PCODE":"TH270307","ADM2_EN":"Ta Phraya","ADM2_TH":"ตาพระยา","ADM2_PCODE":"TH2703","ADM1_EN":"Sa Kaeo","ADM1_TH":"สระแก้ว","ADM1_PCODE":"TH27","ADM0_EN":"Thailand","ADM0_TH":"ประเทศไทย","ADM0_PCODE":"TH"}},
{"type":"Feature","geometry":{"type":"Polygon","coordinates":[[[102.71555401700004,14.009619129000043],[102.71274754500007,14.008692669000027],[102.71189551100008,14.008883315000048],[102.71127990400004,14.007847878000064],[102.70994181100008,14.007441923000044],[102.70889620300005,14.008823190000044],[102.70667875600009,14.008408536000047],[102.70579364100007,14.009427273000028],[102.70495468600006,14.008729251000034],[102.70383075400008,14.009961722000071],[102.70195283400005,14.009203338000077],[102.69919099400005,14.011010999000064],[102.69787250600007,14.010226437000028],[102.69741156300006,14.009201192000035],[102.69609186900004,14.008715764000044],[102.69445448500005,14.00722164900003],[102.69239922500009,14.007287757000029],[102.69206369400007,14.008674154000062],[102.69018852600004,14.008837355000026],[102.68713884200008,14.008114393000028],[102.68621933100007,14.008763611000063],[102.68505364500004,14.007821501000024],[102.68385887800008,14.007801639000036],[102.68320463700007,14.002702150000061],[102.68292580900004,14.00245595000007],[102.67664441600004,14.003450531000055],[102.67553077800005,14.00385252600006],[102.67228390900004,14.004049387000066],[102.67118839600005,14.00458075000006],[102.66278566800008,14.005924891000063],[102.65616695500006,14.00736506000004],[102.65354880700005,14.007404586000064],[102.64636865600005,14.008267628000056],[102.64331005800005,14.008390700000064],[102.63925244700005,14.008189863000041],[102.63725760900007,14.007742319000045],[102.63649763100005,14.006567623000024],[102.63033076900007,14.006709880000074],[102.62058089900006,14.005219726000064],[102.61167360500008,14.002183845000047],[102.60838704400004,14.00139593800003],[102.60386349700008,14.000685091000037],[102.60262769400003,13.999940913000046],[102.59961238500006,13.996272481000062],[102.59475267500005,13.988332727000056],[102.59274737500004,13.985919792000061],[102.59015151600005,13.981984844000067],[102.58909874800008,13.979893494000066],[102.58986517800008,13.979501188000029],[102.58985960900009,13.977649237000037],[102.59061592600005,13.975361677000024],[102.59043079700007,13.973387911000032],[102.58920122300003,13.969705605000058],[102.58966988700007,13.967548657000066],[102.58679061600009,13.965188475000048],[102.58463642600009,13.96400525000007],[102.58646125600006,13.961877782000045],[102.58993985100005,13.961294537000072],[102.59134373900008,13.960586030000059],[102.59083885900009,13.95916014900007],[102.59025272500008,13.955232155000033],[102.58970156300006,13.955055473000073],[102.58839412200007,13.952679594000074],[102.58880569300004,13.949577993000048],[102.58704875500007,13.949098487000072],[102.58190256400007,13.946941933000062],[102.58167971800003,13.946299639000074],[102.58395898600008,13.946047255000053],[102.58840959000008,13.946199987000057],[102.59096147000008,13.946727714000076],[102.59303210700006,13.946765651000021],[102.59751961900008,13.945414253000024],[102.60025959500007,13.943369061000055],[102.60169131800006,13.94067502300004],[102.60371664500008,13.93780085700007],[102.60530936800006,13.936440840000046],[102.60802291800007,13.936092200000076],[102.61036283300007,13.935406413000067],[102.61714370100003,13.93491160800005],[102.62144452200005,13.933990960000074],[102.62328406000006,13.933843634000027],[102.62745428400007,13.932427970000049],[102.62958870700004,13.93207061000004],[102.63474052300006,13.931736705000048],[102.63592567500007,13.931462895000038],[102.63904784300007,13.929342776000055],[102.64088654000005,13.927758856000025],[102.64376759500004,13.927201324000066],[102.64486743900005,13.925865865000048],[102.64579683100004,13.92313482000003],[102.64632357200009,13.918840211000031],[102.64724874700005,13.916702778000058],[102.64781126700007,13.907804356000042],[102.64837524000006,13.905883379000045],[102.64929438000007,13.905288574000053],[102.65201480300004,13.907564097000034],[102.65704047100007,13.91062812000007],[102.65966781800006,13.91388438000007],[102.66226701600004,13.916259712000056],[102.66781930300004,13.918303779000041],[102.66938578800006,13.919827535000024],[102.67143539600005,13.921007630000076],[102.67274488900006,13.924609814000064],[102.67573810700009,13.926066699000046],[102.67770193200005,13.926522885000054],[102.67955810300003,13.92832190200005],[102.68960699900003,13.941067304000057],[102.69278977200008,13.944127062000064],[102.69702519800006,13.947179136000045],[102.69830128200005,13.948922365000044],[102.69910349500009,13.951128138000058],[102.70258825800005,13.953674946000035],[102.70342085800007,13.95495485500004],[102.70313441200005,13.958675434000043],[102.70244082200009,13.961388715000055],[102.70127240200009,13.970816736000074],[102.70124859400005,13.97488217700004],[102.70213873200004,13.97776867500005],[102.70369771100007,13.980415665000066],[102.70604271700006,13.983403845000055],[102.70754349700007,13.985977325000022],[102.71006946400007,13.989557552000065],[102.71280940100007,13.992626329000075],[102.71708616700005,13.996941794000065],[102.71729863300004,13.998314192000066],[102.71644831700007,13.999894995000034],[102.71419192400003,14.000859108000043],[102.71456835800007,14.007537460000037],[102.71555401700004,14.009619129000043]]]},"properties":{"Shape_Leng":0.436616706998,"Shape_Area":0.00853776171351,"ADM3_EN":"Kho Khlan","ADM3_TH":"โคคลาน","ADM3_PCODE":"TH270309","ADM2_EN":"Ta Phraya","ADM2_TH":"ตาพระยา","ADM2_PCODE":"TH2703","ADM1_EN":"Sa Kaeo","ADM1_TH":"สระแก้ว","ADM1_PCODE":"TH27","ADM0_EN":"Thailand","ADM0_TH":"ประเทศไทย","ADM0_PCODE":"TH"}},
{"type":"Feature","geometry":{"type":"Polygon","coordinates":[[[102.18738453300006,13.564511010000047],[102.18593881500004,13.566535859000055],[102.18415544000004,13.566193075000058],[102.18243012000005,13.567088721000061],[102.18341122100009,13.567963930000076],[102.18225705800006,13.568654018000075],[102.18112236300004,13.57035750700004],[102.18096599200004,13.571543724000037],[102.18178499900006,13.572717355000066],[102.17934978000005,13.57435487600003],[102.17618942600006,13.574492876000022],[102.17469000400007,13.573379164000073],[102.17084337600005,13.573637898000072],[102.16877186400006,13.571924667000076],[102.16555203000007,13.57158997700003],[102.16052011700003,13.573524917000043],[102.15894805700003,13.570617382000023],[102.15683556100004,13.57052727000007],[102.15607169100008,13.568586688000039],[102.15417587500008,13.568760446000056],[102.15355730500005,13.565922946000057],[102.15148545900007,13.565365921000023],[102.15021788300004,13.566539697000053],[102.14768663900009,13.566875684000024],[102.14654866100005,13.565840470000069],[102.14501689200006,13.56594952100005],[102.14548643100005,13.566778960000022],[102.14354233100005,13.567401698000026],[102.14135297400009,13.567164361000039],[102.14062459000007,13.565267385000027],[102.14104664900003,13.562958537000043],[102.14003150700006,13.561148175000028],[102.13861024300007,13.55991150500006],[102.13752112300006,13.560128176000035],[102.13603835300006,13.558640527000023],[102.13646266200004,13.555195301000026],[102.13308389400004,13.551509390000035],[102.13033592400006,13.547623213000065],[102.13005012300005,13.546643962000076],[102.12705692000009,13.546531338000023],[102.12507257200008,13.543089649000024],[102.12425701100005,13.542599694000046],[102.12220861500003,13.539885882000021],[102.12164102400004,13.538362499000073],[102.11869675100007,13.537930540000048],[102.11658359900008,13.536942297000053],[102.11389205900008,13.537298804000045],[102.11218236900004,13.536785646000055],[102.11116516500005,13.533627292000062],[102.10731350900005,13.533648522000021],[102.10687481100007,13.53165714000005],[102.10511860600008,13.528679885000031],[102.10355261200004,13.52748026200004],[102.10112805300008,13.527120560000071],[102.10044196700005,13.526197437000064],[102.10249558700008,13.523342770000056],[102.10229243100008,13.522369795000031],[102.10404633600007,13.52153738100003],[102.10496932000007,13.522009621000052],[102.10789907700007,13.520919391000064],[102.10995727200009,13.519147438000061],[102.11015100300006,13.517847300000028],[102.11144524000008,13.517135006000046],[102.11326563300008,13.517491103000054],[102.11556567600007,13.515774881000027],[102.11892908600004,13.515414381000028],[102.12170306500008,13.515501745000051],[102.12320602900007,13.513985386000058],[102.12710975000005,13.51261052600006],[102.12758172100007,13.512071134000053],[102.13230150400005,13.512057851000066],[102.13461334500005,13.511057196000024],[102.13616186700006,13.509371400000077],[102.13753057200006,13.508575766000035],[102.13516742500008,13.505870085000026],[102.13371417200005,13.502601058000039],[102.13242352000003,13.498657024000067],[102.13036422300007,13.493986612000072],[102.13034600300006,13.493138728000076],[102.13268862600006,13.492473289000031],[102.13391837700004,13.492892336000068],[102.13598131000003,13.492704201000038],[102.13748488000004,13.491549044000067],[102.13827219700005,13.491724390000059],[102.13988188000008,13.490823971000054],[102.13932783100006,13.489726579000035],[102.14011429700008,13.48894393200004],[102.14095038600004,13.486775101000035],[102.14346566200004,13.484983354000065],[102.14316518800007,13.484115432000067],[102.14515561900004,13.482635196000047],[102.14466093600004,13.481432472000051],[102.14588777800009,13.480116708000025],[102.14769457100005,13.479379555000037],[102.14794500600004,13.478433279000058],[102.14922093200005,13.47819148900004],[102.14982364300005,13.47694070600005],[102.15268477000006,13.475770169000043],[102.15280931800004,13.476360202000023],[102.15440100600006,13.47592579600007],[102.15539501300003,13.474898726000049],[102.15924627000004,13.474274044000026],[102.16029923900004,13.473014006000028],[102.16240665000004,13.472417656000061],[102.16324500000007,13.471556476000046],[102.16410937000006,13.46791599900007],[102.16516109200006,13.466842450000058],[102.16775755100008,13.465769426000065],[102.16900459600004,13.466668232000075],[102.17095043900008,13.466083513000058],[102.17300769600007,13.467083521000063],[102.17402050300007,13.466604885000038],[102.18260000100008,13.467478098000072],[102.18331798900005,13.466833404000056],[102.18493554000008,13.466908917000069],[102.18571223600009,13.465406107000035],[102.18661648400007,13.465774160000024],[102.18724152000004,13.46481512500003],[102.18910199700008,13.464713774000074],[102.19139245700006,13.466033596000045],[102.19335122000007,13.465622691000021],[102.20054849100006,13.468050171000073],[102.19982510000006,13.469513462000066],[102.20225166100005,13.470696536000048],[102.20681832200006,13.473503315000073],[102.20902724700005,13.474477992000061],[102.21046018300007,13.475654620000057],[102.21863834900006,13.480772759000047],[102.21746214800004,13.481403070000056],[102.21758538600005,13.482764762000045],[102.21676690800007,13.483327876000033],[102.21531578700007,13.482823551000024],[102.21243162500008,13.483689432000062],[102.21255773500008,13.484918649000065],[102.20993405700005,13.486247018000029],[102.21027880700007,13.48724965100007],[102.20886527100004,13.487114744000053],[102.20767482100007,13.488308291000067],[102.20620343800005,13.492453122000029],[102.20792224600007,13.493423842000027],[102.20834546700007,13.494396081000048],[102.20792748900004,13.496197548000055],[102.20706360600008,13.496388564000029],[102.20613164000008,13.497836693000067],[102.20621804400008,13.498810612000057],[102.20477482300004,13.502633324000044],[102.20522046200006,13.50335104800007],[102.20454033300007,13.50487560700003],[102.20324698600007,13.50545571300006],[102.20401030700003,13.506638621000036],[102.20265221200003,13.508355873000028],[102.20084543500008,13.509393386000056],[102.20022397800005,13.51161761700007],[102.19827018100005,13.511857660000032],[102.19820387000004,13.51296608000007],[102.19725295000006,13.512082274000022],[102.19703506700006,13.51389996100005],[102.19433834500006,13.513430629000027],[102.19334631800007,13.51531850200007],[102.19381697200004,13.516618872000038],[102.19262308100008,13.519343402000061],[102.19303722000006,13.520004351000068],[102.19172263900003,13.520543848000045],[102.19278494700006,13.521884506000049],[102.19338279500005,13.521322841000028],[102.19404403500005,13.523182200000065],[102.19355825500008,13.524171178000074],[102.19033756500005,13.525104600000077],[102.19069792500005,13.52593220600005],[102.18885459300009,13.526312051000048],[102.18703630800007,13.52759409500004],[102.18655402700006,13.527065864000065],[102.18529475300005,13.527934854000023],[102.18394533200006,13.526929100000075],[102.18345112700007,13.527939063000076],[102.18637757300007,13.53527686800004],[102.18599632000007,13.535829806000038],[102.18749856600004,13.539530726000066],[102.19143281600009,13.540244388000076],[102.19311261000007,13.541500627000062],[102.19594054100008,13.542437254000049],[102.19733001300006,13.543692233000058],[102.19697343800004,13.54723305500005],[102.19608486900006,13.548227860000054],[102.19608931000005,13.549803396000073],[102.19540849200007,13.549935085000072],[102.19421389900003,13.552301217000036],[102.19458942100005,13.553382905000035],[102.19386447300008,13.555173293000053],[102.19385694900006,13.556724454000062],[102.19296937300004,13.556880716000023],[102.19236220800008,13.559371303000034],[102.18954611000004,13.559950549000064],[102.18789125000006,13.561858335000068],[102.18738453300006,13.564511010000047]]]},"properties":{"Shape_Leng":0.488957459319,"Shape_Area":0.00687798606119,"ADM3_EN":"Wang Nam Yen","ADM3_TH":"วังน้ำเย็น","ADM3_PCODE":"TH270401","ADM2_EN":"Wang Nam Yen","ADM2_TH":"วังน้ำเย็น","ADM2_PCODE":"TH2704","ADM1_EN":"Sa Kaeo","ADM1_TH":"สระแก้ว","ADM1_PCODE":"TH27","ADM0_EN":"Thailand","ADM0_TH":"ประเทศไทย","ADM0_PCODE":"TH"}},
{"type":"Feature","geometry":{"type":"Polygon","coordinates":[[[102.12705692000009,13.546531338000023],[102.12324613400006,13.54840480100006],[102.12373322300004,13.550057442000025],[102.12230174800004,13.551955521000025],[102.12020928000004,13.553928710000037],[102.11926331500007,13.55736246300006],[102.11791097200006,13.558457329000078],[102.11610284400007,13.558007779000036],[102.11582852700008,13.556949945000042],[102.11335095300007,13.55494189600006],[102.11201768900008,13.55265672400003],[102.10768360500003,13.554400932000021],[102.10424698800006,13.557378898000024],[102.10351265900005,13.559205564000024],[102.10119561500005,13.56012725100004],[102.10025389600008,13.562841752000054],[102.09703688800005,13.566971830000057],[102.09221128300004,13.573612481000055],[102.09007141600006,13.575645345000055],[102.08768290800003,13.57474047200003],[102.08646885400003,13.575390691000052],[102.08365946600009,13.575916065000058],[102.08253196200008,13.574580230000038],[102.07625731500008,13.569335543000022],[102.06737362000007,13.57238231100007],[102.06377788100008,13.571624578000069],[102.06159893700004,13.572211166000045],[102.06123901900008,13.571655761000045],[102.05850723300006,13.571722541000042],[102.05703706200006,13.569877297000062],[102.05428982600006,13.57057676900007],[102.05126568400004,13.570119601000044],[102.05057334100007,13.571184681000034],[102.04605023300007,13.571267315000057],[102.04481840000005,13.571836654000037],[102.04466183000005,13.572924433000026],[102.04338723400008,13.574802782000063],[102.04259230700006,13.575108713000077],[102.04214410600008,13.573751877000063],[102.04013808100007,13.574167277000072],[102.03911797700005,13.572903526000061],[102.04019744300007,13.571827409000036],[102.04024690900007,13.570266307000054],[102.03849718100008,13.56824249300007],[102.03841168600007,13.56593669700004],[102.03709200400004,13.566301702000032],[102.03617194300006,13.565369492000059],[102.03721371500006,13.563537828000051],[102.03707395300006,13.562156721000065],[102.03555400300007,13.56027546200005],[102.03704358900006,13.55924931100003],[102.03873298800005,13.561881326000048],[102.03936070600008,13.56214465000005],[102.04146750900009,13.560700307000047],[102.04387388600009,13.560626870000021],[102.04430264900009,13.559497364000038],[102.04225598200009,13.558916090000025],[102.04183149600004,13.556547782000052],[102.04336637800009,13.556165333000024],[102.04573898000007,13.554034803000036],[102.04686947900007,13.549890210000058],[102.04657546000004,13.549214818000053],[102.04456632900008,13.549744881000038],[102.04416880700006,13.548726849000047],[102.04535609800007,13.548065730000076],[102.04542036500004,13.546507126000051],[102.04465951700007,13.545267200000069],[102.04682390700003,13.546078507000061],[102.04713898000006,13.544399269000053],[102.04603519100004,13.542887241000074],[102.04543715900007,13.540748848000021],[102.04596630500004,13.539837097000031],[102.04722307000009,13.540624199000035],[102.04990554300008,13.540368083000033],[102.05171923100005,13.53959642500007],[102.05260010000006,13.538587784000072],[102.05289686200007,13.536794723000071],[102.05131389000007,13.537234959000045],[102.05098533800003,13.536535896000032],[102.05268287500007,13.535280674000035],[102.05382738000009,13.535323129000062],[102.05560470500006,13.534106890000032],[102.05717189700005,13.533939588000067],[102.05803910100008,13.534850731000063],[102.05914196200007,13.533703862000038],[102.06165070600008,13.535531151000043],[102.06349375600007,13.533821830000022],[102.06434386300003,13.529641596000033],[102.06415849100006,13.528176598000073],[102.06849458000005,13.522399624000059],[102.06951359100003,13.52387602500005],[102.07301328300008,13.515754241000025],[102.07340836100008,13.513870698000062],[102.07469524600003,13.504776545000027],[102.07572354900009,13.498735466000028],[102.07699551700006,13.484493885000063],[102.07568427500007,13.484302624000065],[102.07476580600007,13.483293907000075],[102.07148473700005,13.483518033000053],[102.07076231000008,13.481804613000065],[102.07230200300006,13.480086910000068],[102.07101324200005,13.479246569000054],[102.07225661800004,13.477606067000067],[102.07219155600006,13.475189011000055],[102.07084445500004,13.476466260000052],[102.07043070300006,13.475374423000062],[102.07101882200004,13.472996186000046],[102.07074195400008,13.471651859000076],[102.06921526300005,13.469834556000023],[102.07119780700003,13.46908462600004],[102.07006667300004,13.46720229300007],[102.07008169400007,13.464095340000029],[102.06967345000004,13.462896412000077],[102.07029696100005,13.46141734300005],[102.07164040500004,13.460929386000032],[102.07028704500004,13.459033042000044],[102.07126191700007,13.457509548000075],[102.07133587400006,13.454736295000032],[102.07090873800007,13.453393799000025],[102.07204562400005,13.45332305900007],[102.07414019200007,13.450539559000049],[102.07498667000004,13.450049911000065],[102.07621569500009,13.452914231000022],[102.07742234200003,13.452421241000025],[102.07733119600005,13.447693676000029],[102.08204079500007,13.447701207000023],[102.08519166400004,13.447103721000076],[102.08937162500007,13.444341413000075],[102.09392077300004,13.442430606000073],[102.09649067900006,13.442343744000027],[102.10049692600006,13.447046771000032],[102.10350858800007,13.450099065000074],[102.10523927200006,13.449581098000067],[102.10828165600009,13.450575578000041],[102.11083280100007,13.45022745500006],[102.11251864200005,13.44954668400004],[102.11559050200003,13.449307993000048],[102.11695698900007,13.450352243000054],[102.12291386700008,13.449872578000054],[102.13178099900006,13.45004764500004],[102.13487115700008,13.45156967500003],[102.13519444900004,13.449808917000041],[102.13598359100007,13.448840451000024],[102.14058320500004,13.451186274000065],[102.14297145500007,13.44918569300006],[102.14401176700005,13.44931536300004],[102.14417138000005,13.451422317000038],[102.14783037900008,13.451849147000075],[102.14842260200004,13.453941752000048],[102.15536859200006,13.461857876000067],[102.15764274400004,13.465400647000024],[102.16324500000007,13.471556476000046],[102.16240665000004,13.472417656000061],[102.16029923900004,13.473014006000028],[102.15924627000004,13.474274044000026],[102.15539501300003,13.474898726000049],[102.15440100600006,13.47592579600007],[102.15280931800004,13.476360202000023],[102.15268477000006,13.475770169000043],[102.14982364300005,13.47694070600005],[102.14922093200005,13.47819148900004],[102.14794500600004,13.478433279000058],[102.14769457100005,13.479379555000037],[102.14588777800009,13.480116708000025],[102.14466093600004,13.481432472000051],[102.14515561900004,13.482635196000047],[102.14316518800007,13.484115432000067],[102.14346566200004,13.484983354000065],[102.14095038600004,13.486775101000035],[102.14011429700008,13.48894393200004],[102.13932783100006,13.489726579000035],[102.13988188000008,13.490823971000054],[102.13827219700005,13.491724390000059],[102.13748488000004,13.491549044000067],[102.13598131000003,13.492704201000038],[102.13391837700004,13.492892336000068],[102.13268862600006,13.492473289000031],[102.13034600300006,13.493138728000076],[102.13036422300007,13.493986612000072],[102.13242352000003,13.498657024000067],[102.13371417200005,13.502601058000039],[102.13516742500008,13.505870085000026],[102.13753057200006,13.508575766000035],[102.13616186700006,13.509371400000077],[102.13461334500005,13.511057196000024],[102.13230150400005,13.512057851000066],[102.12758172100007,13.512071134000053],[102.12710975000005,13.51261052600006],[102.12320602900007,13.513985386000058],[102.12170306500008,13.515501745000051],[102.11892908600004,13.515414381000028],[102.11556567600007,13.515774881000027],[102.11326563300008,13.517491103000054],[102.11144524000008,13.517135006000046],[102.11015100300006,13.517847300000028],[102.10995727200009,13.519147438000061],[102.10789907700007,13.520919391000064],[102.10496932000007,13.522009621000052],[102.10404633600007,13.52153738100003],[102.10229243100008,13.522369795000031],[102.10249558700008,13.523342770000056],[102.10044196700005,13.526197437000064],[102.10112805300008,13.527120560000071],[102.10355261200004,13.52748026200004],[102.10511860600008,13.528679885000031],[102.10687481100007,13.53165714000005],[102.10731350900005,13.533648522000021],[102.11116516500005,13.533627292000062],[102.11218236900004,13.536785646000055],[102.11389205900008,13.537298804000045],[102.11658359900008,13.536942297000053],[102.11869675100007,13.537930540000048],[102.12164102400004,13.538362499000073],[102.12220861500003,13.539885882000021],[102.12425701100005,13.542599694000046],[102.12507257200008,13.543089649000024],[102.12705692000009,13.546531338000023]]]},"properties":{"Shape_Leng":0.610672734945,"Shape_Area":0.0080508262533,"ADM3_EN":"Ta Lang Nai","ADM3_TH":"ตาหลังใน","ADM3_PCODE":"TH270403","ADM2_EN":"Wang Nam Yen","ADM2_TH":"วังน้ำเย็น","ADM2_PCODE":"TH2704","ADM1_EN":"Sa Kaeo","ADM1_TH":"สระแก้ว","ADM1_PCODE":"TH27","ADM0_EN":"Thailand","ADM0_TH":"ประเทศไทย","ADM0_PCODE":"TH"}},
{"type":"Feature","geometry":{"type":"Polygon","coordinates":[[[102.15353060600006,13.612438908000058],[102.15281303400008,13.613395832000037],[102.15100579800009,13.613842410000075],[102.14919239000005,13.613194579000037],[102.14801376900004,13.614143752000075],[102.14674847400005,13.613999536000051],[102.14559207300005,13.61516025000003],[102.14426453400006,13.614508948000037],[102.14340785100006,13.616708751000033],[102.14215356300008,13.61613798600007],[102.14162731900007,13.617499845000054],[102.14061024100005,13.617439374000071],[102.13954776600008,13.61835717300005],[102.13873279100005,13.61762060600006],[102.13859297500005,13.619860234000043],[102.13692782300006,13.62013926700007],[102.13664700300006,13.62144365000006],[102.13514261500006,13.621280673000058],[102.13529023800004,13.622788829000058],[102.13385365000005,13.623135570000045],[102.13297385400006,13.624854944000049],[102.13128692500004,13.625381365000067],[102.13260564300003,13.625992107000059],[102.13515552100006,13.625416767000047],[102.13714528400004,13.62574470800007],[102.13846885400005,13.626929246000032],[102.14137045000007,13.627919229000042],[102.14254821800006,13.631329624000045],[102.14340867300007,13.634878211000057],[102.14243448600007,13.63581087800003],[102.14431998300006,13.640153568000073],[102.14756398300005,13.64186856300006],[102.14874921600006,13.646002543000066],[102.15086445700007,13.64798492600005],[102.15234209600004,13.651288516000022],[102.15305501700004,13.651773024000022],[102.15298528200003,13.65327056700005],[102.14759007400005,13.65374814300003],[102.14811603800007,13.65746772700004],[102.14505893500007,13.65749349300006],[102.14286744200007,13.657936948000042],[102.14253880200005,13.659185573000059],[102.14073482300006,13.660102739000024],[102.13976366000009,13.661487882000074],[102.13693858200008,13.660561440000038],[102.13664046500008,13.661077497000065],[102.13425652200004,13.661338803000035],[102.13041340700005,13.660559197000055],[102.12940821400008,13.661740158000043],[102.12782795700008,13.661804198000027],[102.12329797500007,13.660717549000026],[102.12045578800007,13.660582562000059],[102.11680681700005,13.661588018000032],[102.11443968600008,13.659388232000026],[102.11273078500005,13.658492120000062],[102.11175748600004,13.656830642000045],[102.10864006500009,13.655970051000054],[102.10799798400006,13.654389381000044],[102.10643003700005,13.653031394000038],[102.10465665700008,13.650521720000029],[102.10286793100005,13.649589994000053],[102.10108472000007,13.647051150000038],[102.09890067600008,13.645051866000074],[102.09774862800003,13.645233803000053],[102.09573906400004,13.644577773000037],[102.09445437000005,13.64275271400004],[102.09459592700006,13.641595636000034],[102.09261898600005,13.641144749000034],[102.09222739700004,13.640175028000044],[102.09105939900007,13.640574642000047],[102.09046731100005,13.639813503000028],[102.09028978000003,13.642019118000064],[102.08941513200006,13.643217245000073],[102.08861199700004,13.641485962000047],[102.08662735800004,13.644056197000054],[102.08597530700007,13.642900047000069],[102.08414207600003,13.641634122000028],[102.08490982200004,13.640720353000063],[102.08465958100004,13.637935991000063],[102.08294439500008,13.633607445000052],[102.08297613100007,13.632220227000062],[102.08510182900005,13.631155859000046],[102.08584019500006,13.630220371000064],[102.08662714700006,13.62765496000003],[102.08875848500008,13.627680160000068],[102.09103456700007,13.626352327000063],[102.09081149500008,13.624967705000074],[102.09392293400003,13.62125760300006],[102.09416408500005,13.619685773000072],[102.09502083700005,13.618512053000075],[102.09449611400004,13.616771419000031],[102.09220088900008,13.61502697000003],[102.09112124100005,13.611080690000051],[102.08802479400003,13.611932444000047],[102.08773425800007,13.611264056000039],[102.08610602300007,13.61149793100003],[102.08520336900006,13.609705431000066],[102.08291961300006,13.608673039000053],[102.07923360200004,13.606440121000048],[102.08075072000008,13.60423752500003],[102.08102040000006,13.60235883100006],[102.07779027700008,13.600461622000068],[102.07966486300006,13.599597387000074],[102.08145218900006,13.600064889000066],[102.08152966600005,13.597461640000063],[102.08318762500005,13.596924134000062],[102.08307908800003,13.59592505300003],[102.08401877900008,13.594803596000077],[102.08505659300005,13.59513127100007],[102.08623337300008,13.594211547000043],[102.08669769000005,13.592737800000066],[102.08890978700003,13.591120638000064],[102.09059205600005,13.590811503000054],[102.09220335200007,13.589185895000071],[102.09258782900008,13.58736599100007],[102.09331211300008,13.58671299100007],[102.09442388800005,13.587078529000053],[102.09524681100004,13.586382396000033],[102.09724379700003,13.58129235000007],[102.09686315800008,13.579868200000021],[102.09559260600008,13.578210012000056],[102.09404891100007,13.577393296000025],[102.09292033400004,13.578365101000031],[102.09112640800004,13.578187392000075],[102.09099656500007,13.576518700000065],[102.09007141600006,13.575645345000055],[102.09221128300004,13.573612481000055],[102.09703688800005,13.566971830000057],[102.10025389600008,13.562841752000054],[102.10119561500005,13.56012725100004],[102.10351265900005,13.559205564000024],[102.10424698800006,13.557378898000024],[102.10768360500003,13.554400932000021],[102.11201768900008,13.55265672400003],[102.11335095300007,13.55494189600006],[102.11582852700008,13.556949945000042],[102.11610284400007,13.558007779000036],[102.11791097200006,13.558457329000078],[102.11926331500007,13.55736246300006],[102.12020928000004,13.553928710000037],[102.12230174800004,13.551955521000025],[102.12373322300004,13.550057442000025],[102.12324613400006,13.54840480100006],[102.12705692000009,13.546531338000023],[102.13005012300005,13.546643962000076],[102.13033592400006,13.547623213000065],[102.13308389400004,13.551509390000035],[102.13646266200004,13.555195301000026],[102.13603835300006,13.558640527000023],[102.13752112300006,13.560128176000035],[102.13861024300007,13.55991150500006],[102.14003150700006,13.561148175000028],[102.14104664900003,13.562958537000043],[102.14062459000007,13.565267385000027],[102.14135297400009,13.567164361000039],[102.14354233100005,13.567401698000026],[102.14548643100005,13.566778960000022],[102.14501689200006,13.56594952100005],[102.14654866100005,13.565840470000069],[102.14768663900009,13.566875684000024],[102.15021788300004,13.566539697000053],[102.15148545900007,13.565365921000023],[102.15355730500005,13.565922946000057],[102.15417587500008,13.568760446000056],[102.15607169100008,13.568586688000039],[102.15683556100004,13.57052727000007],[102.15894805700003,13.570617382000023],[102.16052011700003,13.573524917000043],[102.16555203000007,13.57158997700003],[102.16877186400006,13.571924667000076],[102.17084337600005,13.573637898000072],[102.17469000400007,13.573379164000073],[102.17618942600006,13.574492876000022],[102.17934978000005,13.57435487600003],[102.18061423900008,13.577049484000042],[102.18008944300004,13.577920259000052],[102.18113799300005,13.578263153000023],[102.18159070700005,13.579524475000028],[102.18085622400008,13.580365693000033],[102.18157599600005,13.581633280000062],[102.18009652100005,13.58175503900003],[102.18079781300008,13.583152194000036],[102.17960903800008,13.582997188000036],[102.17953847800004,13.584104600000046],[102.17788794900008,13.584197290000077],[102.17665463900005,13.585669884000026],[102.17740529200006,13.587336309000023],[102.17623490600005,13.589145579000046],[102.17425018300008,13.589534933000039],[102.17381822400006,13.590922755000065],[102.17248624200005,13.591138545000035],[102.17210473000006,13.592396759000053],[102.17120393400006,13.591888351000023],[102.17029867900004,13.594424555000046],[102.16776791500007,13.593491567000058],[102.16573616100004,13.593679620000046],[102.16653731700006,13.594672928000023],[102.16415024300005,13.596027166000056],[102.16333243600008,13.594684959000062],[102.16240336500005,13.597085500000048],[102.16134002800004,13.59875170500004],[102.15912275800008,13.600259966000067],[102.15953633500004,13.603206915000044],[102.15887770600006,13.604095399000073],[102.15947882100005,13.605341313000054],[102.15822154600005,13.606465267000033],[102.15773583300006,13.605342905000043],[102.15640065000008,13.606553328000075],[102.15536295400005,13.60645220500004],[102.15560268100006,13.60991965900007],[102.15430257500009,13.61083450500007],[102.15353060600006,13.612438908000058]]]},"properties":{"Shape_Leng":0.520003131087,"Shape_Area":0.00647201613406,"ADM3_EN":"Khlong Hin Pun","ADM3_TH":"คลองหินปูน","ADM3_PCODE":"TH270405","ADM2_EN":"Wang Nam Yen","ADM2_TH":"วังน้ำเย็น","ADM2_PCODE":"TH2704","ADM1_EN":"Sa Kaeo","ADM1_TH":"สระแก้ว","ADM1_PCODE":"TH27","ADM0_EN":"Thailand","ADM0_TH":"ประเทศไทย","ADM0_PCODE":"TH"}},
{"type":"Feature","geometry":{"type":"Polygon","coordinates":[[[102.03704358900006,13.55924931100003],[102.03466245800007,13.558205623000049],[102.03387034300005,13.55722951100006],[102.03222408800008,13.557412356000043],[102.03245507200006,13.562665180000067],[102.02630771200006,13.56454627900007],[102.02520467400007,13.559652510000035],[102.02311465100007,13.558768136000026],[102.01806603400007,13.55803978800003],[102.01639512200006,13.557333267000047],[102.01197028500007,13.557334420000075],[102.01101801500005,13.55682831300004],[102.00951840300007,13.557416278000062],[102.00475612100007,13.557358629000078],[102.00084106000008,13.557954694000045],[101.99998200400006,13.557635646000051],[101.99896939400008,13.554024626000057],[101.99892913000008,13.54847355000004],[101.99689405200007,13.541443745000038],[101.99473650500005,13.542120729000032],[101.99362425800007,13.539641046000042],[101.99110563400006,13.539951175000056],[101.98967895400006,13.538740122000036],[101.98773663200006,13.53840808600006],[101.98817205600005,13.537459425000065],[101.98813753400003,13.53430951300004],[101.98733106700007,13.532116982000048],[101.98758341200005,13.531335209000076],[101.98433716800008,13.528827673000023],[101.98406814500004,13.527645095000025],[101.98283894600007,13.52634714100003],[101.98315401400004,13.524133258000063],[101.98163177700008,13.52335955600006],[101.97267410600006,13.522723166000048],[101.96864294800008,13.52329611700003],[101.96723604100004,13.52173938900006],[101.96749940100005,13.52030314600006],[101.96445752000005,13.516362730000026],[101.96214878100005,13.514484544000027],[101.96253664000005,13.512935936000076],[101.96171390200004,13.512228801000049],[101.96103819900009,13.510245491000035],[101.96133865900003,13.506928796000068],[101.96095502200006,13.505399656000066],[101.95857017800006,13.505193597000073],[101.95693966700009,13.506077295000068],[101.95601499400004,13.50596551500007],[101.95472684500004,13.504106820000061],[101.95611415200005,13.500541373000033],[101.95582338600008,13.498334899000042],[101.95691729400005,13.496920770000031],[101.95594597200005,13.494898209000041],[101.95365424000005,13.493420158000049],[101.95126457900005,13.49404988200007],[101.94883475900008,13.493885884000065],[101.94705787400005,13.494233963000056],[101.94592679500005,13.493212147000065],[101.94376631500006,13.492517716000066],[101.94190306500008,13.490348699000037],[101.94146832700005,13.489034830000037],[101.93969121000003,13.486878359000059],[101.93956848200008,13.485791152000047],[101.93827206500004,13.48456288500006],[101.93881883200004,13.482784740000056],[101.93821237500003,13.481036305000032],[101.93853060000004,13.47952551700007],[101.93717280700008,13.47798655500003],[101.93585091400007,13.47121340600006],[101.93792871400007,13.470662220000065],[101.93898843900007,13.468389139000067],[101.94092717400008,13.467101378000052],[101.94146748700007,13.464505415000076],[101.94307030200008,13.463557498000057],[101.94349275600007,13.460638216000063],[101.94180656700007,13.459333021000077],[101.94134307000007,13.456901935000076],[101.93926500300006,13.454102652000074],[101.93807532700004,13.45084218900007],[101.93812808500007,13.447675219000075],[101.93757422800007,13.446254719000024],[101.93851585600004,13.443431395000061],[101.94077840800009,13.439863113000058],[101.94448521700008,13.436492609000027],[101.94822177800006,13.432730892000052],[101.94948632800003,13.432185716000049],[101.95198809600004,13.432540079000034],[101.95212605200004,13.433621235000032],[101.95393433200007,13.436595036000028],[101.95630860100005,13.437980613000036],[101.95633564200006,13.438912420000065],[101.95983504600008,13.439749913000071],[101.96114146300005,13.437442456000042],[101.96413052100007,13.435578380000038],[101.96591800600004,13.434946098000069],[101.97308666900005,13.433944698000062],[101.97783564100007,13.431343132000052],[101.97920659900007,13.431257078000044],[101.98039416000006,13.43270756100003],[101.98128583800008,13.430920211000057],[101.98387300600007,13.430107941000074],[101.98397912100006,13.429369380000026],[101.98588950000004,13.42895642600007],[101.98735980900005,13.42919583400004],[101.98691574100008,13.43147646400007],[101.99070671300007,13.433975751000048],[101.99421222000007,13.433616799000049],[101.99491927600008,13.434372883000037],[102.00281612200007,13.43451521000003],[102.00699220800004,13.434930922000035],[102.00875204100004,13.436439245000031],[102.01294691100009,13.436407193000036],[102.01322064100003,13.43558504200007],[102.01954105600004,13.435731394000072],[102.02223237800007,13.436017368000023],[102.02446577200004,13.437177166000026],[102.02939466300006,13.438574158000051],[102.02913486700004,13.439693142000067],[102.03190943700008,13.440056737000077],[102.03329208100007,13.439285002000076],[102.03553013100009,13.439494124000078],[102.03743340500006,13.441376343000059],[102.03771257500006,13.442492710000067],[102.03991676500004,13.441720376000035],[102.04108846100007,13.441834783000047],[102.04286511500004,13.441060582000034],[102.04401794700004,13.439719430000025],[102.04713394900006,13.439667691000068],[102.04792344300006,13.438643587000058],[102.04944657900006,13.438921318000041],[102.05059568600007,13.437152228000059],[102.05218397300007,13.437115437000045],[102.05314552300007,13.435889667000026],[102.05512236900006,13.435278935000042],[102.05903256200008,13.437151569000036],[102.06051911700007,13.43686232300007],[102.06069869200007,13.436108367000031],[102.06217451200007,13.435971426000037],[102.06386787700006,13.436923268000044],[102.06629581500005,13.438922739000077],[102.06660153600006,13.44023975600004],[102.06798928500007,13.440818930000034],[102.06745163900007,13.442108826000037],[102.06783609800004,13.444771433000028],[102.07072038000007,13.445414451000033],[102.07078846100006,13.44495981600005],[102.07494747500004,13.445302712000057],[102.07414019200007,13.450539559000049],[102.07204562400005,13.45332305900007],[102.07090873800007,13.453393799000025],[102.07133587400006,13.454736295000032],[102.07126191700007,13.457509548000075],[102.07028704500004,13.459033042000044],[102.07164040500004,13.460929386000032],[102.07029696100005,13.46141734300005],[102.06967345000004,13.462896412000077],[102.07008169400007,13.464095340000029],[102.07006667300004,13.46720229300007],[102.07119780700003,13.46908462600004],[102.06921526300005,13.469834556000023],[102.07074195400008,13.471651859000076],[102.07101882200004,13.472996186000046],[102.07043070300006,13.475374423000062],[102.07084445500004,13.476466260000052],[102.07219155600006,13.475189011000055],[102.07225661800004,13.477606067000067],[102.07101324200005,13.479246569000054],[102.07230200300006,13.480086910000068],[102.07076231000008,13.481804613000065],[102.07148473700005,13.483518033000053],[102.07476580600007,13.483293907000075],[102.07568427500007,13.484302624000065],[102.07699551700006,13.484493885000063],[102.07572354900009,13.498735466000028],[102.07469524600003,13.504776545000027],[102.07340836100008,13.513870698000062],[102.07301328300008,13.515754241000025],[102.06951359100003,13.52387602500005],[102.06849458000005,13.522399624000059],[102.06415849100006,13.528176598000073],[102.06434386300003,13.529641596000033],[102.06349375600007,13.533821830000022],[102.06165070600008,13.535531151000043],[102.05914196200007,13.533703862000038],[102.05803910100008,13.534850731000063],[102.05717189700005,13.533939588000067],[102.05560470500006,13.534106890000032],[102.05382738000009,13.535323129000062],[102.05268287500007,13.535280674000035],[102.05098533800003,13.536535896000032],[102.05131389000007,13.537234959000045],[102.05289686200007,13.536794723000071],[102.05260010000006,13.538587784000072],[102.05171923100005,13.53959642500007],[102.04990554300008,13.540368083000033],[102.04722307000009,13.540624199000035],[102.04596630500004,13.539837097000031],[102.04543715900007,13.540748848000021],[102.04603519100004,13.542887241000074],[102.04713898000006,13.544399269000053],[102.04682390700003,13.546078507000061],[102.04465951700007,13.545267200000069],[102.04542036500004,13.546507126000051],[102.04535609800007,13.548065730000076],[102.04416880700006,13.548726849000047],[102.04456632900008,13.549744881000038],[102.04657546000004,13.549214818000053],[102.04686947900007,13.549890210000058],[102.04573898000007,13.554034803000036],[102.04336637800009,13.556165333000024],[102.04183149600004,13.556547782000052],[102.04225598200009,13.558916090000025],[102.04430264900009,13.559497364000038],[102.04387388600009,13.560626870000021],[102.04146750900009,13.560700307000047],[102.03936070600008,13.56214465000005],[102.03873298800005,13.561881326000048],[102.03704358900006,13.55924931100003]]]},"properties":{"Shape_Leng":0.595663556142,"Shape_Area":0.0131220278143,"ADM3_EN":"Thung Mahacharoen","ADM3_TH":"ทุ่งมหาเจริญ","ADM3_PCODE":"TH270406","ADM2_EN":"Wang Nam Yen","ADM2_TH":"วังน้ำเย็น","ADM2_PCODE":"TH2704","ADM1_EN":"Sa Kaeo","ADM1_TH":"สระแก้ว","ADM1_PCODE":"TH27","ADM0_EN":"Thailand","ADM0_TH":"ประเทศไทย","ADM0_PCODE":"TH"}},
{"type":"Feature","geometry":{"type":"Polygon","coordinates":[[[102.32862237900008,13.775264983000056],[102.32677124400004,13.775298719000034],[102.32623663300006,13.776671423000039],[102.32393342000006,13.776724469000044],[102.32484077600009,13.779095502000075],[102.32189301800008,13.77872657200004],[102.32256780500006,13.781024115000037],[102.31878043000006,13.781810255000039],[102.31774845700005,13.778151627000057],[102.31439428000004,13.778366313000049],[102.31382409300005,13.775205627000048],[102.31509331500007,13.775056728000038],[102.31618751000008,13.773035520000064],[102.31593341000007,13.771409039000048],[102.30235457900005,13.760316708000062],[102.30153530100006,13.759975354000062],[102.29106665100005,13.758375656000055],[102.28640536100005,13.75660220900005],[102.28434297500007,13.756451539000068],[102.28174839900004,13.75562879100005],[102.28009946700007,13.752594539000029],[102.27933719100008,13.75236633000003],[102.27733245500008,13.753316503000065],[102.27626942800003,13.74921720900005],[102.27620011500005,13.745331951000026],[102.27510283000004,13.74158906200006],[102.27436454800005,13.73697254800004],[102.27025092000008,13.732702797000059],[102.26892709200007,13.733466748000069],[102.26735326200009,13.732075491000046],[102.26467653200007,13.731754547000037],[102.26323043300005,13.730643991000022],[102.25951134900004,13.729805550000037],[102.25919690800004,13.727418619000048],[102.25477553500008,13.72756005900004],[102.25594260000008,13.723242449000054],[102.25355815300009,13.718722802000059],[102.25253488700008,13.717391258000077],[102.24940453400006,13.716810751000025],[102.24751016400006,13.715937318000044],[102.24498394100004,13.716027865000058],[102.24608374300004,13.714981433000048],[102.24480824900007,13.711665297000025],[102.24647683700005,13.711259986000073],[102.24913060900008,13.711908194000046],[102.25352969500005,13.71164129300007],[102.25483463100005,13.708174276000022],[102.25706589000004,13.708955852000031],[102.25797021000005,13.708136060000072],[102.25950482300004,13.708322845000055],[102.26153654800004,13.707846291000067],[102.26257630300006,13.706419093000022],[102.26370754300007,13.706277721000049],[102.26552946600003,13.707112037000059],[102.26554839900007,13.70528187900004],[102.26779130000006,13.705407222000076],[102.27364571100009,13.704194080000036],[102.27819276000008,13.702940487000035],[102.27976942100008,13.703429712000059],[102.28036920800008,13.704473102000065],[102.28457395500004,13.704710023000075],[102.28651709000007,13.703737641000032],[102.29115984400005,13.703093612000032],[102.29233801500004,13.703393987000027],[102.29525116000008,13.702838497000073],[102.29588484500005,13.701600131000077],[102.29880122000009,13.702245251000022],[102.29941645200006,13.703024870000036],[102.30120814200006,13.70334861200007],[102.30291824900007,13.704603324000061],[102.30296225700005,13.706143802000042],[102.30443353400005,13.707253970000068],[102.30647526800004,13.707254598000077],[102.30774237400004,13.708946371000025],[102.30881500400005,13.708706435000067],[102.30943924400003,13.709542458000044],[102.31162643000005,13.709868463000078],[102.31325978200005,13.711902619000057],[102.31450502300004,13.711305021000044],[102.31544196200008,13.711787324000056],[102.31566159700009,13.713250986000048],[102.31802304500007,13.714685873000064],[102.31844619200007,13.716662158000076],[102.31955463800006,13.715528800000072],[102.32023747900007,13.713202931000069],[102.32251178100006,13.712867506000066],[102.32571996600007,13.714337517000047],[102.33130988200008,13.713705135000055],[102.33341011700008,13.712641682000026],[102.33484822000008,13.713931496000043],[102.33791003600004,13.714405484000054],[102.33834067500004,13.715195727000037],[102.34019340500004,13.715335096000047],[102.34025370300009,13.718433085000072],[102.34113975100007,13.721230031000061],[102.34400214900006,13.721396859000038],[102.34446596000004,13.722405691000063],[102.34563787800005,13.722741883000026],[102.34713130400007,13.724060559000065],[102.34853029600004,13.72853893000007],[102.34951019900006,13.728309753000076],[102.35046058000006,13.730257686000073],[102.35113815700004,13.732800399000041],[102.35713453500006,13.731182884000077],[102.36060129500004,13.73190713300005],[102.36205785800007,13.732947355000022],[102.36330716800006,13.734574640000062],[102.36765586400008,13.736218701000041],[102.37042765100006,13.738661666000041],[102.37156783300009,13.738619914000026],[102.37390975800008,13.739815904000068],[102.37475692100008,13.740738118000024],[102.37644122600005,13.741278304000048],[102.37630595600007,13.743325647000063],[102.37683182600006,13.744197202000066],[102.37780816000009,13.743703148000066],[102.37955125500008,13.744564358000048],[102.38036325000007,13.744392288000029],[102.38221956700005,13.746600399000044],[102.38438410900005,13.746288346000028],[102.38581493400005,13.74657078000007],[102.38763181200005,13.748793140000032],[102.38969101500004,13.748586946000046],[102.39037794200004,13.749156263000032],[102.39257469500006,13.749476102000074],[102.39246516900005,13.750093087000039],[102.39444906000006,13.750472304000027],[102.39678025700005,13.751501713000039],[102.39719569000005,13.752269555000055],[102.39974284600004,13.752851638000038],[102.40006315700003,13.753531856000052],[102.40293814000006,13.753365098000074],[102.40550328600006,13.753742533000036],[102.40715086700004,13.753084515000069],[102.40972238400008,13.754051524000033],[102.41068536000006,13.755130773000076],[102.41184720000007,13.754586735000032],[102.41385975100007,13.756142664000038],[102.41570217400005,13.756323206000047],[102.41685230200005,13.755570387000034],[102.41837813300003,13.756424404000029],[102.42093155500004,13.75629768400006],[102.42034953800004,13.75817623100005],[102.42083045800007,13.760096174000068],[102.41946057200005,13.760542332000057],[102.41995067800008,13.76217478500007],[102.42066653500007,13.762239289000036],[102.41895937600003,13.764062944000045],[102.41644914500006,13.764430917000027],[102.41594777300008,13.765698127000064],[102.41662822200004,13.766582939000045],[102.41437233200008,13.767304651000075],[102.41390070200003,13.768702329000064],[102.41301450100008,13.76730247100005],[102.41264233800007,13.768275673000062],[102.41160125700009,13.768260258000055],[102.40986650900004,13.770728838000025],[102.40833969800008,13.77191534700006],[102.40754517600004,13.771566780000057],[102.40710576100008,13.76959650200007],[102.40560570400004,13.771147452000037],[102.40410972900008,13.771498867000048],[102.40336556100004,13.770918617000063],[102.40254320300005,13.771985108000024],[102.40099615400004,13.77159180700005],[102.39722949600008,13.771832842000038],[102.39560527600008,13.77241695300006],[102.39502705200005,13.774771404000035],[102.39348603800005,13.773309724000057],[102.39299039000008,13.774950170000068],[102.39156373700007,13.774229688000048],[102.39124031700004,13.77247350600004],[102.39012667900005,13.77222901500005],[102.38825005700005,13.769394416000068],[102.38635971500008,13.768609409000021],[102.38570091400004,13.767614528000024],[102.38159288500003,13.768765534000067],[102.37979474600007,13.768368979000059],[102.37865570400004,13.768709435000062],[102.37663072300006,13.767943916000036],[102.37627696600003,13.76715150800004],[102.37268986200007,13.76474986200003],[102.36849668200006,13.762861419000046],[102.36820373600005,13.765002297000024],[102.36334214300007,13.764983402000041],[102.36339154300003,13.765855458000033],[102.35926320900006,13.765879047000055],[102.35558172100008,13.766637974000048],[102.35157698900008,13.76638742800003],[102.35128415700007,13.767979411000056],[102.34652733300004,13.768660993000026],[102.34624415200005,13.769754136000074],[102.34436236200008,13.770084861000043],[102.34066749300007,13.772304230000032],[102.33667293700006,13.773459650000063],[102.33664803800008,13.77430649400003],[102.32862237900008,13.775264983000056]]]},"properties":{"Shape_Leng":0.54195333873,"Shape_Area":0.00638401662399,"ADM3_EN":"Watthana Nakhon","ADM3_TH":"วัฒนานคร","ADM3_PCODE":"TH270501","ADM2_EN":"Watthana Nakhon","ADM2_TH":"วัฒนานคร","ADM2_PCODE":"TH2705","ADM1_EN":"Sa Kaeo","ADM1_TH":"สระแก้ว","ADM1_PCODE":"TH27","ADM0_EN":"Thailand","ADM0_TH":"ประเทศไทย","ADM0_PCODE":"TH"}},
{"type":"Feature","geometry":{"type":"Polygon","coordinates":[[[102.15383838700006,13.68498233400004],[102.15219604100008,13.683542557000067],[102.15038487500004,13.682896855000024],[102.14881589500004,13.68171678400006],[102.14568995700006,13.681700288000059],[102.14482683700004,13.681204988000047],[102.14387773200008,13.678823406000049],[102.14107512900006,13.678593109000076],[102.13908938500003,13.677906356000051],[102.13540665600004,13.675935855000034],[102.13621748300005,13.673598580000032],[102.13936665600005,13.673565709000059],[102.13962972000007,13.674153019000073],[102.14180815300006,13.67317437500003],[102.14313742900003,13.673638461000053],[102.14344937100009,13.672436332000075],[102.14815420600007,13.670210874000077],[102.14949571700004,13.67073102300003],[102.15014509300005,13.668950835000032],[102.15109174000008,13.66876159800006],[102.15176130400005,13.666986782000038],[102.15326409300008,13.665110886000036],[102.15735747700006,13.663532934000045],[102.15763900100006,13.658893180000064],[102.15704966000004,13.658373328000039],[102.15732852800005,13.655557206000026],[102.15680336100007,13.652835702000061],[102.15305501700004,13.651773024000022],[102.15234209600004,13.651288516000022],[102.15086445700007,13.64798492600005],[102.14874921600006,13.646002543000066],[102.14756398300005,13.64186856300006],[102.14431998300006,13.640153568000073],[102.14243448600007,13.63581087800003],[102.14340867300007,13.634878211000057],[102.14254821800006,13.631329624000045],[102.14137045000007,13.627919229000042],[102.13846885400005,13.626929246000032],[102.13714528400004,13.62574470800007],[102.13515552100006,13.625416767000047],[102.13260564300003,13.625992107000059],[102.13128692500004,13.625381365000067],[102.13297385400006,13.624854944000049],[102.13385365000005,13.623135570000045],[102.13529023800004,13.622788829000058],[102.13514261500006,13.621280673000058],[102.13664700300006,13.62144365000006],[102.13692782300006,13.62013926700007],[102.13859297500005,13.619860234000043],[102.13873279100005,13.61762060600006],[102.13954776600008,13.61835717300005],[102.14061024100005,13.617439374000071],[102.14162731900007,13.617499845000054],[102.14215356300008,13.61613798600007],[102.14340785100006,13.616708751000033],[102.14426453400006,13.614508948000037],[102.14559207300005,13.61516025000003],[102.14674847400005,13.613999536000051],[102.14801376900004,13.614143752000075],[102.14919239000005,13.613194579000037],[102.15100579800009,13.613842410000075],[102.15281303400008,13.613395832000037],[102.15353060600006,13.612438908000058],[102.15542774200009,13.612563184000066],[102.15622775600008,13.611052212000061],[102.15867571400008,13.61017703300007],[102.15894711900006,13.608875344000069],[102.15996608600005,13.609545274000027],[102.16193229100008,13.609620429000074],[102.16384334700007,13.608159861000047],[102.16559912500009,13.607869335000032],[102.16543226900006,13.607066905000067],[102.16716144100008,13.606603578000033],[102.16749475500006,13.605309333000037],[102.16901934000003,13.605642967000051],[102.16950979500007,13.604682799000045],[102.17237325600007,13.604697220000048],[102.17427364400004,13.603542538000056],[102.17519540900008,13.604659517000073],[102.17495360400005,13.606305646000067],[102.17624848000008,13.607006080000076],[102.17632586000008,13.608721115000037],[102.17842523700006,13.609680117000039],[102.17822393700004,13.611758210000062],[102.17880690400006,13.611593924000033],[102.17892951400006,13.613600657000063],[102.18247747000004,13.615740771000048],[102.18298845900006,13.614846433000025],[102.18487605500007,13.614486182000064],[102.18626789100006,13.61578718100003],[102.19152358600007,13.614439122000022],[102.19286924700003,13.614819015000023],[102.19358432600006,13.614180969000074],[102.19430549700007,13.615605865000077],[102.19718986000004,13.617943676000039],[102.20067884300005,13.61955670900005],[102.20189833900008,13.619186600000035],[102.20359509200006,13.62100801400004],[102.20627063900008,13.621749520000037],[102.20912212500008,13.623011957000074],[102.21169847800007,13.626170211000044],[102.21430303100004,13.626766179000072],[102.21623699300005,13.628801086000067],[102.21850007800003,13.629132750000053],[102.22065793300004,13.62894581200004],[102.22122490900006,13.629554450000057],[102.22259303400006,13.629063118000033],[102.22321209700004,13.627770114000043],[102.22593275600008,13.62489329300007],[102.22801391100006,13.62554516800003],[102.23094552200007,13.624742038000022],[102.23575423400007,13.62427873100006],[102.23972299300004,13.62330634400007],[102.24450455600004,13.623878142000024],[102.24707682400003,13.623341708000055],[102.24708570000007,13.622752106000064],[102.25288665400006,13.621815183000024],[102.25411134600006,13.620997721000037],[102.25465635200004,13.618761814000038],[102.25788434200007,13.617613420000055],[102.25820238000006,13.616360748000034],[102.26110661300004,13.617980977000059],[102.26173118800006,13.619603493000056],[102.26438326100003,13.621259322000071],[102.26588705400007,13.623820146000071],[102.27127487800004,13.624233272000026],[102.27306105700006,13.626841611000032],[102.27605697100006,13.62890425200004],[102.27655161400008,13.630665306000026],[102.27926870600004,13.629871109000021],[102.27948421900004,13.63144068500003],[102.28263124600005,13.631435342000032],[102.28299327200006,13.634734294000054],[102.28339268200006,13.635169509000036],[102.28495828600006,13.63418137800005],[102.28611528600004,13.634154910000063],[102.28646553800007,13.635260348000031],[102.28607657700007,13.638498132000052],[102.28689278900004,13.639181524000037],[102.28917381400004,13.637774055000023],[102.29093054600008,13.639264625000067],[102.29372749300006,13.640526696000052],[102.29339233900004,13.642053363000059],[102.29383813300007,13.643363348000037],[102.29623704000005,13.642645659000038],[102.29634797200004,13.643243590000054],[102.29865527400005,13.642499215000043],[102.29897146100006,13.643507028000045],[102.30048302700004,13.642411480000021],[102.30394484700008,13.643101417000025],[102.30432147400006,13.643943926000077],[102.30624621800007,13.64438943700003],[102.30729761600008,13.643943300000046],[102.31104466100004,13.64471334700005],[102.31266141600008,13.64386601600006],[102.31314891600005,13.644327511000029],[102.31609746300006,13.642504307000024],[102.31718927100007,13.641387082000051],[102.31806656100008,13.641396181000061],[102.32084487400004,13.63906922700005],[102.32681805900006,13.638729498000032],[102.32889096000008,13.641117654000027],[102.33207043700008,13.641355532000034],[102.33376242200006,13.642063921000045],[102.33329341900009,13.642827354000076],[102.33272678400004,13.645928522000077],[102.33296636900008,13.64847682800007],[102.33255023000004,13.651814181000077],[102.33315228600009,13.65442200900003],[102.33247390300005,13.65855248300005],[102.33320382600004,13.660395803000029],[102.33349654400007,13.662739843000054],[102.33435090300009,13.66430734200003],[102.33558883600006,13.67068269200007],[102.33619312800005,13.672001394000063],[102.33551062900005,13.672620146000042],[102.33574985100006,13.676913821000028],[102.33479010200006,13.678081775000067],[102.33503828000005,13.680798938000066],[102.33470002200005,13.685542908000059],[102.33364027000005,13.687237224000057],[102.33103352600006,13.692770645000053],[102.33034032600006,13.694846619000032],[102.32812346500003,13.69895725400005],[102.32563491600007,13.704188832000057],[102.32272848500008,13.705272299000058],[102.32174063400004,13.707664259000069],[102.31856013600009,13.70839967300003],[102.31677938400009,13.707717503000026],[102.31664352800004,13.709188781000023],[102.31544196200008,13.711787324000056],[102.31450502300004,13.711305021000044],[102.31325978200005,13.711902619000057],[102.31162643000005,13.709868463000078],[102.30943924400003,13.709542458000044],[102.30881500400005,13.708706435000067],[102.30774237400004,13.708946371000025],[102.30647526800004,13.707254598000077],[102.30443353400005,13.707253970000068],[102.30296225700005,13.706143802000042],[102.30291824900007,13.704603324000061],[102.30120814200006,13.70334861200007],[102.29941645200006,13.703024870000036],[102.29880122000009,13.702245251000022],[102.29588484500005,13.701600131000077],[102.29525116000008,13.702838497000073],[102.29233801500004,13.703393987000027],[102.29115984400005,13.703093612000032],[102.28651709000007,13.703737641000032],[102.28457395500004,13.704710023000075],[102.28036920800008,13.704473102000065],[102.27976942100008,13.703429712000059],[102.27819276000008,13.702940487000035],[102.27364571100009,13.704194080000036],[102.26779130000006,13.705407222000076],[102.26554839900007,13.70528187900004],[102.26552946600003,13.707112037000059],[102.26370754300007,13.706277721000049],[102.26257630300006,13.706419093000022],[102.26153654800004,13.707846291000067],[102.25950482300004,13.708322845000055],[102.25797021000005,13.708136060000072],[102.25706589000004,13.708955852000031],[102.25483463100005,13.708174276000022],[102.25352969500005,13.71164129300007],[102.24913060900008,13.711908194000046],[102.24647683700005,13.711259986000073],[102.24480824900007,13.711665297000025],[102.24372382700005,13.710331283000073],[102.24189390500004,13.709305050000069],[102.24093007100004,13.70669577800004],[102.23841087700004,13.707002672000044],[102.23763818400005,13.703407348000042],[102.23341016200004,13.704033716000026],[102.23340966600006,13.702532728000051],[102.23113243500006,13.699962019000054],[102.22842333700004,13.700004860000035],[102.22803774700009,13.697690989000023],[102.22754309900006,13.697382353000023],[102.22693254200004,13.694822844000043],[102.22599402100008,13.69263040100003],[102.22433372500006,13.691228773000034],[102.22188903900008,13.687069850000057],[102.21981398000008,13.684547974000054],[102.21858343900004,13.684308162000036],[102.21294919600007,13.681524972000034],[102.20852394700006,13.679641996000043],[102.20757316400005,13.677773266000031],[102.20642834500006,13.67703449000004],[102.20580854900004,13.674734217000037],[102.20402377900007,13.674686112000074],[102.20223083600007,13.675379847000045],[102.19881183500007,13.67519855300003],[102.19569824800004,13.676906951000035],[102.19500303700005,13.678228821000062],[102.19152822500007,13.679875827000046],[102.19031070900007,13.679594825000038],[102.18893204300008,13.680302422000068],[102.18831442800007,13.68175679500007],[102.18651020700008,13.682410521000065],[102.18516884000007,13.683636849000038],[102.18243385800008,13.687284392000038],[102.17927146100004,13.690180823000048],[102.17588914400005,13.691959992000022],[102.17488409600008,13.69338224300003],[102.17297308000008,13.692872702000045],[102.17028727900004,13.692855227000052],[102.16893298200006,13.694071043000065],[102.16732382700008,13.693760620000035],[102.16638644100004,13.692488973000025],[102.16420202600005,13.691583963000028],[102.16145931500006,13.68991851900006],[102.16066021500006,13.688863421000065],[102.15661359100005,13.686341144000039],[102.15383838700006,13.68498233400004]]]},"properties":{"Shape_Leng":0.742535966398,"Shape_Area":0.013361284507,"ADM3_EN":"Tha Kwian","ADM3_TH":"ท่าเกวียน","ADM3_PCODE":"TH270502","ADM2_EN":"Watthana Nakhon","ADM2_TH":"วัฒนานคร","ADM2_PCODE":"TH2705","ADM1_EN":"Sa Kaeo","ADM1_TH":"สระแก้ว","ADM1_PCODE":"TH27","ADM0_EN":"Thailand","ADM0_TH":"ประเทศไทย","ADM0_PCODE":"TH"}},
{"type":"Feature","geometry":{"type":"Polygon","coordinates":[[[102.33526487200004,13.642002310000066],[102.33626165100009,13.642926966000061],[102.33648188000006,13.644216793000055],[102.33771184600005,13.643924381000033],[102.33947337800004,13.644318018000035],[102.34004110800004,13.645443734000025],[102.33866840500008,13.645903568000051],[102.33826003900003,13.646818662000044],[102.33961283900004,13.646863827000061],[102.34069302200004,13.649433682000051],[102.34246540900006,13.650642230000074],[102.34275108100007,13.652530092000063],[102.34373892200006,13.653375223000069],[102.34264964500005,13.654338016000054],[102.34440361200006,13.655914671000062],[102.34537303700006,13.655988872000023],[102.34552191800009,13.658241253000028],[102.34469322600006,13.65834723200004],[102.34544625900008,13.659612552000056],[102.34501318600007,13.661296519000075],[102.34719566500007,13.661023026000066],[102.34815286300005,13.661954786000024],[102.34944301700006,13.661681343000055],[102.34947419700006,13.663181609000048],[102.35133219600004,13.664714468000057],[102.35422517100005,13.664935810000031],[102.35393423500005,13.665971519000038],[102.35522600300004,13.666213329000072],[102.35635608900009,13.665505521000057],[102.35761223200006,13.665764111000044],[102.35766708700004,13.664894790000062],[102.35895825300008,13.663812292000046],[102.36030195900008,13.663748816000066],[102.35961445300006,13.662103244000036],[102.36125229000004,13.660726686000032],[102.36199989900007,13.661322453000025],[102.36433466500006,13.661313695000047],[102.36628053800007,13.660665426000037],[102.36698660400003,13.661494958000048],[102.36875154700004,13.661751130000027],[102.37005094300008,13.662971257000038],[102.37200218800007,13.66314896700004],[102.37361208600004,13.664213179000058],[102.37528301900005,13.664293160000057],[102.37567482300005,13.665192927000021],[102.37782746900007,13.665634480000051],[102.37698718300004,13.66617799200003],[102.37837333000004,13.666811007000035],[102.37773151900006,13.667294950000041],[102.37873405100004,13.669300981000049],[102.38018438200004,13.668721804000029],[102.38131208700008,13.670183525000027],[102.38404942800008,13.670303846000024],[102.38419713100006,13.672087937000072],[102.38543790800009,13.671901639000055],[102.38534214000003,13.673196634000021],[102.38447628300008,13.673022618000061],[102.38373926300005,13.67430087100007],[102.38513305900005,13.675081108000029],[102.38605542800008,13.676686514000039],[102.38803744700004,13.676554924000072],[102.39065966400005,13.679255904000058],[102.39129913400006,13.681139724000047],[102.38841258000008,13.681686575000072],[102.38679356700004,13.685801526000034],[102.38904549000006,13.686897693000049],[102.38990204400005,13.68684058100007],[102.39169840400007,13.688067318000037],[102.39168324600007,13.689099705000046],[102.39456015500008,13.69051074400005],[102.39506445300003,13.692483439000057],[102.39623168100007,13.694806441000026],[102.39692979700004,13.69505199100007],[102.39934781400007,13.697477268000057],[102.40030383400006,13.697800813000072],[102.40209065700009,13.699668516000031],[102.40572241700005,13.69977756700007],[102.40687888300005,13.701274719000025],[102.40809871100004,13.701441991000024],[102.40947379700003,13.702448137000033],[102.41070562200008,13.701659464000045],[102.41212487400009,13.702062272000035],[102.41298084000005,13.703733753000051],[102.41457802900004,13.703775990000054],[102.41464933600008,13.705051035000054],[102.41909128700007,13.70597093400005],[102.42051269100006,13.705942667000045],[102.42151777300006,13.70662453500006],[102.42390067000008,13.70608598800004],[102.42741515900008,13.709391132000064],[102.43065235600005,13.709677765000038],[102.43147292000003,13.71209641200005],[102.43132249200005,13.712894856000048],[102.43272266800005,13.713826721000032],[102.43280823300006,13.715497387000028],[102.43414155900007,13.71632908500004],[102.43649194300008,13.716801209000039],[102.43774043500008,13.717662655000026],[102.43725958000005,13.719764318000045],[102.43756825100007,13.72144645000003],[102.44090414100003,13.721645077000062],[102.44202695900003,13.720090559000027],[102.44455717200003,13.72055761200005],[102.44475559500006,13.72005725400004],[102.44685548600006,13.721302409000032],[102.44769585200004,13.72089412400004],[102.44867551400006,13.722010972000021],[102.44944344800007,13.72104212000005],[102.45244004600005,13.722832202000063],[102.45336705900007,13.725412013000039],[102.45599323200008,13.726774705000025],[102.45744432700008,13.726385354000058],[102.46054377200005,13.72823293700003],[102.46009498700005,13.73001688200003],[102.45781926300003,13.730160140000066],[102.45805771800008,13.73193128500003],[102.45951096100003,13.731659600000057],[102.46003321900008,13.733182885000076],[102.45888563400007,13.735480198000062],[102.45583652800008,13.735241476000056],[102.45365153200004,13.737963904000026],[102.45240334100004,13.737203026000032],[102.45124310800009,13.737857845000065],[102.45103699100008,13.739614282000048],[102.44951678500007,13.738506784000037],[102.44805705500005,13.740174898000078],[102.44906266100008,13.74093173600005],[102.44894681800008,13.742083008000066],[102.44776354300006,13.743256675000055],[102.44579273800008,13.743358797000042],[102.44607183800008,13.742000955000037],[102.44316892600006,13.742617110000026],[102.44280347700004,13.74381211900004],[102.44378716200004,13.745149899000069],[102.44197194500003,13.745177955000031],[102.44008826100008,13.744549999000071],[102.43903811900009,13.74699742000007],[102.43677371200005,13.745901587000048],[102.43549557700004,13.748868565000066],[102.43402112300004,13.750018692000026],[102.43114340200003,13.748011733000055],[102.43006059300006,13.747995378000041],[102.42925923500007,13.749824408000052],[102.42732620900006,13.748559940000064],[102.42638868700004,13.750502488000052],[102.42616531100003,13.752552670000057],[102.42513681700007,13.753956746000028],[102.42307290700006,13.754068759000063],[102.42245494400004,13.755819268000039],[102.42093155500004,13.75629768400006],[102.41837813300003,13.756424404000029],[102.41685230200005,13.755570387000034],[102.41570217400005,13.756323206000047],[102.41385975100007,13.756142664000038],[102.41184720000007,13.754586735000032],[102.41068536000006,13.755130773000076],[102.40972238400008,13.754051524000033],[102.40715086700004,13.753084515000069],[102.40550328600006,13.753742533000036],[102.40293814000006,13.753365098000074],[102.40006315700003,13.753531856000052],[102.39974284600004,13.752851638000038],[102.39719569000005,13.752269555000055],[102.39678025700005,13.751501713000039],[102.39444906000006,13.750472304000027],[102.39246516900005,13.750093087000039],[102.39257469500006,13.749476102000074],[102.39037794200004,13.749156263000032],[102.38969101500004,13.748586946000046],[102.38763181200005,13.748793140000032],[102.38581493400005,13.74657078000007],[102.38438410900005,13.746288346000028],[102.38221956700005,13.746600399000044],[102.38036325000007,13.744392288000029],[102.37955125500008,13.744564358000048],[102.37780816000009,13.743703148000066],[102.37683182600006,13.744197202000066],[102.37630595600007,13.743325647000063],[102.37644122600005,13.741278304000048],[102.37475692100008,13.740738118000024],[102.37390975800008,13.739815904000068],[102.37156783300009,13.738619914000026],[102.37042765100006,13.738661666000041],[102.36765586400008,13.736218701000041],[102.36330716800006,13.734574640000062],[102.36205785800007,13.732947355000022],[102.36060129500004,13.73190713300005],[102.35713453500006,13.731182884000077],[102.35113815700004,13.732800399000041],[102.35046058000006,13.730257686000073],[102.34951019900006,13.728309753000076],[102.34853029600004,13.72853893000007],[102.34713130400007,13.724060559000065],[102.34563787800005,13.722741883000026],[102.34446596000004,13.722405691000063],[102.34400214900006,13.721396859000038],[102.34113975100007,13.721230031000061],[102.34025370300009,13.718433085000072],[102.34019340500004,13.715335096000047],[102.33834067500004,13.715195727000037],[102.33791003600004,13.714405484000054],[102.33484822000008,13.713931496000043],[102.33341011700008,13.712641682000026],[102.33130988200008,13.713705135000055],[102.32571996600007,13.714337517000047],[102.32251178100006,13.712867506000066],[102.32023747900007,13.713202931000069],[102.31955463800006,13.715528800000072],[102.31844619200007,13.716662158000076],[102.31802304500007,13.714685873000064],[102.31566159700009,13.713250986000048],[102.31544196200008,13.711787324000056],[102.31664352800004,13.709188781000023],[102.31677938400009,13.707717503000026],[102.31856013600009,13.70839967300003],[102.32174063400004,13.707664259000069],[102.32272848500008,13.705272299000058],[102.32563491600007,13.704188832000057],[102.32812346500003,13.69895725400005],[102.33034032600006,13.694846619000032],[102.33103352600006,13.692770645000053],[102.33364027000005,13.687237224000057],[102.33470002200005,13.685542908000059],[102.33503828000005,13.680798938000066],[102.33479010200006,13.678081775000067],[102.33574985100006,13.676913821000028],[102.33551062900005,13.672620146000042],[102.33619312800005,13.672001394000063],[102.33558883600006,13.67068269200007],[102.33435090300009,13.66430734200003],[102.33349654400007,13.662739843000054],[102.33320382600004,13.660395803000029],[102.33247390300005,13.65855248300005],[102.33315228600009,13.65442200900003],[102.33255023000004,13.651814181000077],[102.33296636900008,13.64847682800007],[102.33272678400004,13.645928522000077],[102.33329341900009,13.642827354000076],[102.33376242200006,13.642063921000045],[102.33526487200004,13.642002310000066]]]},"properties":{"Shape_Leng":0.585529465584,"Shape_Area":0.00692460797959,"ADM3_EN":"Phak Kha","ADM3_TH":"ผักขะ","ADM3_PCODE":"TH270503","ADM2_EN":"Watthana Nakhon","ADM2_TH":"วัฒนานคร","ADM2_PCODE":"TH2705","ADM1_EN":"Sa Kaeo","ADM1_TH":"สระแก้ว","ADM1_PCODE":"TH27","ADM0_EN":"Thailand","ADM0_TH":"ประเทศไทย","ADM0_PCODE":"TH"}},
{"type":"Feature","geometry":{"type":"Polygon","coordinates":[[[102.17948928100009,13.792229537000026],[102.18331987400006,13.79333665400003],[102.18689601900007,13.793121851000024],[102.19174158700008,13.793699566000043],[102.19284177400004,13.795622207000065],[102.19265330900004,13.798054850000028],[102.19294433600004,13.79976543500004],[102.19514331300007,13.800789509000026],[102.19545925700004,13.804664775000049],[102.19977510800004,13.804295755000055],[102.20007208900006,13.805009707000067],[102.20281085400006,13.804540885000051],[102.20349421300006,13.807704020000074],[102.20763634800005,13.806734256000027],[102.20795264900005,13.809457036000026],[102.21230982000009,13.81000556400005],[102.21886550800008,13.809702596000022],[102.22147204200007,13.80991500600004],[102.22216584800003,13.81180368300005],[102.22642355700003,13.81190712700004],[102.22586698400005,13.81350545500004],[102.23083082500006,13.815491283000028],[102.23036822600005,13.817876359000024],[102.23361602600005,13.818386945000043],[102.23485014300007,13.819734924000045],[102.23613797800004,13.819389106000074],[102.23920718300008,13.819372637000072],[102.24027316600007,13.818119447000072],[102.24180065400009,13.817894746000036],[102.24119005300008,13.816174487000069],[102.23985128600003,13.814022738000062],[102.24012848500007,13.808846110000047],[102.24159468100004,13.807420386000047],[102.23940854500006,13.805557510000028],[102.24072143000006,13.802577750000069],[102.24032318200005,13.798477715000047],[102.24145844800006,13.796453693000046],[102.24085446400005,13.794612028000074],[102.24017380100008,13.794347323000068],[102.23969944600003,13.791276365000044],[102.24025154300006,13.78918384900004],[102.24231232900007,13.78843164600005],[102.24317609400003,13.790120639000065],[102.24504128100006,13.789999772000044],[102.24565411900005,13.79070144900004],[102.24739356600008,13.789796255000056],[102.25116208800006,13.789052679000065],[102.25470409200005,13.78884137600005],[102.25870405000006,13.78822294400004],[102.26008406200003,13.787682602000075],[102.26207505600007,13.787852361000034],[102.26283085500006,13.788827817000026],[102.26509176800005,13.789901326000063],[102.26537404200008,13.790561413000034],[102.26773585400008,13.79070794300003],[102.26933475500005,13.789985097000056],[102.27937878600005,13.787515282000072],[102.28229406300005,13.787353170000074],[102.28190523200004,13.785334662000025],[102.28601722800005,13.784587846000022],[102.28666676200004,13.787470561000077],[102.28831333000005,13.787547762000031],[102.28918286700008,13.785390676000077],[102.29382183100006,13.785026857000048],[102.29472002700004,13.786300588000074],[102.29725360000003,13.786788085000069],[102.29769020300006,13.785967851000066],[102.29985971800005,13.787882275000072],[102.30449541400009,13.787908936000065],[102.30459105900007,13.786994050000033],[102.30749546600003,13.786524194000037],[102.30792892900007,13.78407054400003],[102.30991437100005,13.784832171000062],[102.31496188100004,13.783868840000025],[102.31588292800006,13.784873876000063],[102.31880833500009,13.784257515000036],[102.31878043000006,13.781810255000039],[102.32256780500006,13.781024115000037],[102.32189301800008,13.77872657200004],[102.32484077600009,13.779095502000075],[102.32393342000006,13.776724469000044],[102.32623663300006,13.776671423000039],[102.32677124400004,13.775298719000034],[102.32862237900008,13.775264983000056],[102.33206235800009,13.786081511000077],[102.33342360500006,13.789638792000062],[102.33655727600006,13.795709332000058],[102.33834825500008,13.798221825000041],[102.34191886400004,13.802431025000033],[102.34354764600005,13.804029362000051],[102.34796099500005,13.80702539300006],[102.34862020800006,13.807894050000073],[102.35602203300004,13.81957890800004],[102.35892416600007,13.824316401000033],[102.36049628900008,13.82630825700005],[102.36649712200006,13.830685244000051],[102.36392800000004,13.833688651000045],[102.36386416400006,13.834963249000054],[102.36472322100008,13.838079181000069],[102.36323563200006,13.839563117000068],[102.36151335800008,13.84057217000003],[102.35972706700005,13.842585746000054],[102.35840479600006,13.846220687000027],[102.35836444300008,13.847830733000023],[102.36131729000004,13.850830339000026],[102.36138761800004,13.853562583000041],[102.36101687500008,13.856869866000068],[102.36109387000005,13.859727203000034],[102.35768978400006,13.860112658000048],[102.35583489600003,13.862041782000063],[102.35390481200005,13.861236142000052],[102.35207303000004,13.856869990000064],[102.34998385800009,13.85601101800006],[102.34994564600004,13.854805690000035],[102.34751789500007,13.854680773000041],[102.33749523000006,13.857048440000028],[102.33588352400005,13.857187217000046],[102.33144376200005,13.856550881000032],[102.32842624600005,13.856459603000076],[102.32458448500006,13.853607622000027],[102.32149872200006,13.854319152000073],[102.32026660800005,13.853413218000071],[102.31911072400004,13.854253850000077],[102.31860403800005,13.856506257000035],[102.31782894200006,13.857142785000065],[102.31773823400005,13.860180630000059],[102.31711278000006,13.861478508000062],[102.31443146600009,13.864361514000052],[102.31365370900005,13.865935528000023],[102.31184317400005,13.867495915000063],[102.31161425500005,13.86145289600006],[102.31087825600008,13.859691650000059],[102.30799097900007,13.857407987000045],[102.30584771400004,13.855151349000039],[102.30416086200006,13.85270637800005],[102.30002465600006,13.848860432000038],[102.29666466600008,13.85209872300004],[102.29380839000004,13.852498337000043],[102.29256497200004,13.854848452000056],[102.28918142100008,13.854770942000073],[102.28607307400006,13.855737590000047],[102.28594896700008,13.858025977000068],[102.28489991800006,13.86154440200005],[102.28316180600007,13.862692018000075],[102.27994246400004,13.862907903000064],[102.27764008300005,13.862219244000073],[102.27574488500005,13.862078335000035],[102.27403501000003,13.86329297800006],[102.27144265500004,13.86310621900003],[102.26958053600003,13.860900569000023],[102.26860020700008,13.860512075000031],[102.26873376900005,13.858195933000047],[102.26595750000007,13.857689831000073],[102.26525107200007,13.858610594000027],[102.26306564800007,13.857208409000066],[102.26218261400004,13.856121250000058],[102.26049000900008,13.858120948000021],[102.25692269900009,13.855559730000039],[102.25550067300009,13.855969647000052],[102.25552878100007,13.853910561000077],[102.25330827100004,13.854451764000032],[102.25217709200007,13.85268804900005],[102.25139547800006,13.853055879000067],[102.25095764200006,13.851839496000025],[102.24759590600007,13.85166789300007],[102.24673149600005,13.853720960000032],[102.24545382000008,13.853498975000036],[102.24452676500005,13.851488738000057],[102.24110834900006,13.852395676000071],[102.23922784400008,13.852164747000074],[102.23775436300008,13.853604004000033],[102.23566951100008,13.85302875900004],[102.23464662400005,13.85428091600005],[102.23575886100008,13.854672780000044],[102.23492151400006,13.856065680000029],[102.23487806200006,13.858037722000063],[102.23705056200004,13.860649484000021],[102.23685850900006,13.861558522000053],[102.23774855000005,13.86296780500004],[102.23748043100005,13.864668374000075],[102.23641657200005,13.865247687000021],[102.23542522300005,13.86696289200006],[102.23613104900005,13.870317191000026],[102.23256192200006,13.871500490000074],[102.23262639000006,13.874368594000032],[102.23052867000007,13.878785470000025],[102.22939337000008,13.880184531000054],[102.22942696500007,13.881558652000024],[102.22475729900003,13.882791122000071],[102.22448768400005,13.884359561000053],[102.22258365800008,13.88511376200006],[102.22317219400009,13.887405341000033],[102.22161665900006,13.888662478000072],[102.22176480100006,13.88941201800003],[102.21535287800003,13.891518331000043],[102.21569507700008,13.893434632000037],[102.21158190400007,13.895521786000074],[102.21174603200006,13.896833701000048],[102.21361892500005,13.89838844600007],[102.21068485200004,13.899030671000048],[102.21098335100004,13.90092687200007],[102.21069735800006,13.905294187000038],[102.20860049600009,13.905143027000065],[102.20802862300008,13.905618210000057],[102.20650175800006,13.904964179000046],[102.20481763500004,13.903009901000075],[102.20365398900009,13.900146998000025],[102.20314848500004,13.898049513000046],[102.19959564400006,13.893132794000053],[102.19692413200005,13.892879660000062],[102.19565404400004,13.891920519000053],[102.19565106600004,13.887794791000033],[102.19392752600004,13.884688287000074],[102.19333943100008,13.882680443000027],[102.18946106800007,13.873476786000026],[102.18860751400007,13.872128084000053],[102.18879036800007,13.870162316000062],[102.18717008500005,13.867676127000038],[102.18286112100009,13.866201473000046],[102.18098111800003,13.866125355000065],[102.17967924100009,13.864611065000076],[102.17847540100007,13.864414359000023],[102.17779472200004,13.86546265800007],[102.17607224600005,13.864562951000039],[102.17442004800006,13.864476830000058],[102.17266807800007,13.862163595000027],[102.17101857500006,13.860653753000065],[102.16966784300007,13.861263645000065],[102.16725238900005,13.858607998000025],[102.16665215900008,13.858886254000026],[102.16460795100005,13.857452995000074],[102.16169421500007,13.856346150000036],[102.16136494300008,13.854669379000029],[102.15883415500008,13.855859758000065],[102.15843469900005,13.854880661000038],[102.15929629100003,13.85452975100003],[102.16040014300006,13.852244314000075],[102.16162385800004,13.85070246600003],[102.16522781400005,13.848494118000076],[102.16602989300009,13.847580641000036],[102.16593261200006,13.846029043000044],[102.16503167900004,13.844598113000075],[102.16522537100008,13.841781985000068],[102.16382800700006,13.84176960600007],[102.16200248600006,13.840331460000073],[102.16273015500008,13.839194281000061],[102.16434231700003,13.83860807900004],[102.16592600900003,13.836144585000056],[102.16624880900008,13.834795408000048],[102.16940190500009,13.832868060000067],[102.17019051300008,13.833468143000061],[102.16925918400005,13.830650063000064],[102.17119018600005,13.830901814000072],[102.17209505700004,13.828914270000041],[102.17426153700006,13.828567818000067],[102.17527938700005,13.826633480000055],[102.17588302700005,13.82651779400004],[102.17724309800008,13.824279787000023],[102.17791945000005,13.82485106200005],[102.17927490100004,13.822782849000077],[102.17882055200005,13.820035154000038],[102.17948366900004,13.819957556000077],[102.17875077600007,13.81749594300004],[102.17989208800009,13.817047734000028],[102.18072995300008,13.814240160000054],[102.17968282900006,13.813660754000068],[102.17999877100004,13.812390913000058],[102.17837948100004,13.81110949500004],[102.17906793700007,13.809811112000034],[102.17818441100007,13.809578896000062],[102.17851366800005,13.808151477000024],[102.17923984400005,13.808170098000062],[102.17919906700007,13.806790600000056],[102.18056507700004,13.806320078000056],[102.18062895400004,13.803710136000063],[102.18137772600005,13.80376943300007],[102.18140433800005,13.801502824000067],[102.18011714400006,13.800624643000049],[102.18057787800007,13.799782030000074],[102.18049228900009,13.797640052000077],[102.17938464300005,13.79560557700006],[102.18036036800004,13.793834220000065],[102.17936628800004,13.79374264200004],[102.17948928100009,13.792229537000026]]]},"properties":{"Shape_Leng":0.81390565369,"Shape_Area":0.0130541651108,"ADM3_EN":"Non Mak Kheng","ADM3_TH":"โนนหมากเค็ง","ADM3_PCODE":"TH270504","ADM2_EN":"Watthana Nakhon","ADM2_TH":"วัฒนานคร","ADM2_PCODE":"TH2705","ADM1_EN":"Sa Kaeo","ADM1_TH":"สระแก้ว","ADM1_PCODE":"TH27","ADM0_EN":"Thailand","ADM0_TH":"ประเทศไทย","ADM0_PCODE":"TH"}},
{"type":"Feature","geometry":{"type":"Polygon","coordinates":[[[102.36649712200006,13.830685244000051],[102.38150076700003,13.84200011300004],[102.38624378200007,13.844977538000023],[102.38829921800004,13.841864135000037],[102.38852078900004,13.83998413300003],[102.39155640400008,13.84041428300003],[102.39421535300005,13.836811817000068],[102.39420748200007,13.834658284000056],[102.39794914200007,13.834891364000043],[102.39905651400005,13.832144022000023],[102.39977967700008,13.831435942000041],[102.40200325300003,13.831457335000039],[102.40200411400008,13.830203083000072],[102.40356740400006,13.828426937000074],[102.40519549600003,13.828373869000075],[102.40573401100005,13.827013597000075],[102.40886380600006,13.826790535000043],[102.41027245700008,13.829423935000023],[102.41188691200006,13.833653129000027],[102.41555641600007,13.833196569000052],[102.41674792100008,13.834317561000034],[102.41803203700005,13.83766031600004],[102.42213466900006,13.839911150000034],[102.42441250200005,13.842315351000025],[102.42486761000004,13.846175131000052],[102.42603238300006,13.850121986000033],[102.42878605600004,13.851273818000038],[102.43047832100007,13.853660120000029],[102.43203979000003,13.853945459000045],[102.43322224600007,13.857782557000064],[102.43443449700004,13.85997767400005],[102.43557628000008,13.860435660000064],[102.43760595500004,13.862616338000066],[102.44016714300005,13.862249660000032],[102.44129068700005,13.865124827000045],[102.44161678600005,13.866928556000062],[102.44400340100003,13.86812389000005],[102.44691849500003,13.867393425000046],[102.44725663500009,13.870545105000076],[102.44792902000006,13.87334855000006],[102.44766460800008,13.876632894000068],[102.44836122000004,13.876921035000066],[102.44698077300006,13.879942181000047],[102.44713323100007,13.880934896000042],[102.44551243500007,13.882119425000042],[102.44623499900007,13.885409835000075],[102.44594992200007,13.886183421000055],[102.44093867900006,13.88656428400003],[102.43613148600008,13.88758299400007],[102.43412088700006,13.888339894000069],[102.42915636700008,13.889665015000048],[102.42909729300004,13.890941629000054],[102.42699478300005,13.89074878200006],[102.42625923300005,13.891446750000057],[102.42270124100008,13.89147328000007],[102.42141305000007,13.891865892000055],[102.42004684000005,13.893880679000063],[102.41751174900008,13.894829164000043],[102.41731156000009,13.892210137000063],[102.41611415600005,13.887705703000051],[102.41424940200005,13.886526218000029],[102.41443970800003,13.885123685000053],[102.41266361100008,13.884923789000027],[102.41257008900004,13.883937223000032],[102.41117740300007,13.883575113000063],[102.41009056600006,13.881843958000047],[102.40920319800006,13.878021894000028],[102.40945688300008,13.876199438000071],[102.40748265200006,13.873750273000041],[102.40579169800009,13.872483989000045],[102.40392541200004,13.872172902000045],[102.40313469900008,13.871186670000043],[102.39940194400003,13.87326239500004],[102.39743986000008,13.873667365000074],[102.39675347500008,13.872906344000057],[102.39284492200005,13.873199441000054],[102.39250227200006,13.874378982000053],[102.38983078000007,13.874116426000057],[102.38976796900005,13.875180098000044],[102.38810656500004,13.876309653000021],[102.38497206900007,13.877826377000076],[102.38265848500004,13.87779289100007],[102.38268068100007,13.881046570000024],[102.38226020000008,13.883774195000058],[102.38168238200006,13.884173404000023],[102.37735951100007,13.885419360000071],[102.37721518800004,13.88927472100005],[102.37789250900005,13.89540241900005],[102.37698232000008,13.895652246000054],[102.37462611000007,13.898422285000038],[102.37446253300004,13.901904849000061],[102.37189283100008,13.902296233000072],[102.37105801900009,13.901943619000065],[102.36845218400003,13.902687248000063],[102.36752155300007,13.90090968000004],[102.36487218800005,13.90065409600004],[102.36430925900004,13.899907735000056],[102.36285620000007,13.900359782000066],[102.36301712500006,13.89893670500004],[102.36131799500004,13.898987594000062],[102.36085892400007,13.89976802800004],[102.35971771800007,13.898450291000074],[102.35717380200003,13.898415404000048],[102.35653611000004,13.899572860000035],[102.35544608100008,13.897725004000051],[102.35553967500005,13.896769814000038],[102.35234177100006,13.89835951200007],[102.35179942800005,13.89797491400003],[102.35263876400006,13.896617422000077],[102.35069822800006,13.896946243000059],[102.34962199700004,13.898361915000066],[102.34924457000005,13.897180957000046],[102.34979404900008,13.89575254500005],[102.34896116700008,13.893294311000034],[102.34966782900005,13.893019914000035],[102.35081960500008,13.894190237000032],[102.35128430300006,13.89255571800004],[102.34912751100006,13.892419692000033],[102.34825675400003,13.891592608000053],[102.34918819600006,13.890418646000057],[102.34846806100006,13.888510730000064],[102.34697085100004,13.886178018000066],[102.34553612500008,13.885279986000057],[102.34409738900007,13.886105032000046],[102.34397935000004,13.88433678900003],[102.34261922800005,13.885741343000063],[102.34256173900008,13.886856483000031],[102.34063186900005,13.884850837000045],[102.33983198400006,13.886110364000047],[102.33871287100004,13.88605388600007],[102.33810478900006,13.885091428000067],[102.33754890900008,13.886435006000056],[102.33641364800008,13.885919885000021],[102.33719095300006,13.887320155000054],[102.33399723300005,13.885634508000066],[102.33360261800004,13.884628543000076],[102.33419948700003,13.883468568000069],[102.33179715300008,13.884166244000028],[102.33097620800004,13.883063075000052],[102.32924990300006,13.883220849000054],[102.32890171800005,13.882108109000058],[102.32771313000006,13.881883954000045],[102.32771742200003,13.883079423000027],[102.32554255900004,13.882703259000039],[102.32674028300005,13.884238329000027],[102.32481853600007,13.886374636000028],[102.32438410300006,13.885263061000046],[102.32299104700007,13.885937541000033],[102.32121721400006,13.884557001000076],[102.32003995300005,13.885128651000059],[102.31985893000007,13.883635906000052],[102.31802913600006,13.88415709900005],[102.31711277000005,13.885736038000061],[102.31450077700003,13.886359398000025],[102.31393222400004,13.884927971000025],[102.31263197800007,13.884896995000076],[102.31153740000008,13.883289121000075],[102.30852894300006,13.882148657000073],[102.30686349800004,13.88097504700005],[102.30568443000004,13.874947611000039],[102.30457587300003,13.87196921800006],[102.30748996800008,13.870692552000037],[102.30966111500004,13.86832133200005],[102.31184317400005,13.867495915000063],[102.31365370900005,13.865935528000023],[102.31443146600009,13.864361514000052],[102.31711278000006,13.861478508000062],[102.31773823400005,13.860180630000059],[102.31782894200006,13.857142785000065],[102.31860403800005,13.856506257000035],[102.31911072400004,13.854253850000077],[102.32026660800005,13.853413218000071],[102.32149872200006,13.854319152000073],[102.32458448500006,13.853607622000027],[102.32842624600005,13.856459603000076],[102.33144376200005,13.856550881000032],[102.33588352400005,13.857187217000046],[102.33749523000006,13.857048440000028],[102.34751789500007,13.854680773000041],[102.34994564600004,13.854805690000035],[102.34998385800009,13.85601101800006],[102.35207303000004,13.856869990000064],[102.35390481200005,13.861236142000052],[102.35583489600003,13.862041782000063],[102.35768978400006,13.860112658000048],[102.36109387000005,13.859727203000034],[102.36101687500008,13.856869866000068],[102.36138761800004,13.853562583000041],[102.36131729000004,13.850830339000026],[102.35836444300008,13.847830733000023],[102.35840479600006,13.846220687000027],[102.35972706700005,13.842585746000054],[102.36151335800008,13.84057217000003],[102.36323563200006,13.839563117000068],[102.36472322100008,13.838079181000069],[102.36386416400006,13.834963249000054],[102.36392800000004,13.833688651000045],[102.36649712200006,13.830685244000051]]]},"properties":{"Shape_Leng":0.526448301351,"Shape_Area":0.0053874606008,"ADM3_EN":"Nong Nam Sai","ADM3_TH":"หนองน้ำใส","ADM3_PCODE":"TH270505","ADM2_EN":"Watthana Nakhon","ADM2_TH":"วัฒนานคร","ADM2_PCODE":"TH2705","ADM1_EN":"Sa Kaeo","ADM1_TH":"สระแก้ว","ADM1_PCODE":"TH27","ADM0_EN":"Thailand","ADM0_TH":"ประเทศไทย","ADM0_PCODE":"TH"}},
{"type":"Feature","geometry":{"type":"Polygon","coordinates":[[[102.44691849500003,13.867393425000046],[102.44776239100008,13.866535016000057],[102.44966648800005,13.866341297000076],[102.45427451900008,13.864505364000024],[102.45806168000007,13.863375645000076],[102.46321941500008,13.863061100000039],[102.46406461200007,13.868329583000047],[102.46428217800008,13.87088092700003],[102.46526770800006,13.872099071000036],[102.46679543200008,13.87297690400004],[102.46929336600004,13.873412150000036],[102.47112616700008,13.875052931000027],[102.47485463200007,13.874577573000067],[102.48002498000005,13.87033211000005],[102.48496732300003,13.871285511000053],[102.48453662500003,13.875401719000024],[102.48395994500004,13.883580557000073],[102.48462317000008,13.888329770000041],[102.48446274100007,13.891449192000039],[102.48561526800006,13.894075648000069],[102.48650530200007,13.897755420000067],[102.49145724600004,13.91375062800006],[102.49217702700008,13.91900713800004],[102.49085034300003,13.92677782000004],[102.48989921900005,13.929390107000074],[102.48955797900004,13.935110741000074],[102.48937481900003,13.942409014000077],[102.48915498100007,13.945546662000027],[102.48809158300008,13.94876755000007],[102.48722577900008,13.950434462000032],[102.48733611200004,13.95277119900004],[102.48699229600004,13.954445342000042],[102.48701188300004,13.958651258000032],[102.48677661800008,13.968753366000044],[102.48581773400008,13.972720955000057],[102.48478648900004,13.97532387800004],[102.48425760000003,13.97861087800004],[102.48304215700006,13.982742337000047],[102.48216164700005,13.984466335000036],[102.48218286400004,13.990460006000035],[102.48271522800007,13.99198668400004],[102.48534285200009,13.996197793000022],[102.48659648600005,14.000892294000039],[102.48754452200006,14.00249726800007],[102.49112765200005,14.003077912000037],[102.49354008200004,14.004459405000034],[102.49527690900004,14.00683695600003],[102.49597799700007,14.009802707000063],[102.49632692000006,14.01630579700003],[102.49603835000005,14.020052985000063],[102.49521582600005,14.021042779000027],[102.49548864700006,14.022522550000076],[102.49470683200008,14.024489664000043],[102.49556022500008,14.026104367000073],[102.49549810900004,14.02827183200003],[102.49645614700006,14.029952451000042],[102.49434435000006,14.033043150000026],[102.49064085900005,14.03480800400007],[102.48989933400009,14.036589069000058],[102.49079651800008,14.038698010000076],[102.49126853500007,14.041125843000032],[102.49033973500008,14.043654845000049],[102.48827023500007,14.04430521200004],[102.48842434400007,14.045813692000024],[102.48661387400006,14.047148218000075],[102.48637496700007,14.048250972000062],[102.48443275300008,14.048643193000032],[102.48419625500009,14.050818254000035],[102.48322129600007,14.051216741000076],[102.48436376700005,14.052299572000038],[102.48312765800006,14.054310333000046],[102.48136495600005,14.061393063000025],[102.47993178200005,14.063929342000051],[102.47921273400004,14.067089291000059],[102.47596460400007,14.072052712000072],[102.47350775000007,14.07452280900003],[102.47294514200007,14.075697681000065],[102.47132015700004,14.076982271000077],[102.46944333000005,14.080806347000077],[102.46836585300008,14.082204453000031],[102.46682182600006,14.08519418000003],[102.46491912700009,14.087770919000036],[102.46596968500006,14.090534470000023],[102.46584231300005,14.093537540000057],[102.46620910500008,14.094794567000065],[102.46441191500008,14.096582965000039],[102.46266905500005,14.099530597000069],[102.45975823100008,14.101345944000059],[102.45898943500003,14.103059956000038],[102.45761712000007,14.104276804000051],[102.45650773900007,14.109182434000047],[102.45505626400006,14.111454234000064],[102.45467063500007,14.113376665000033],[102.45316279800005,14.114204481000058],[102.45273329100007,14.115510006000022],[102.44846154400005,14.118655842000067],[102.44726580700006,14.12123772600006],[102.44700128900007,14.125291358000027],[102.44855991400004,14.126286980000032],[102.44973221200007,14.128301380000039],[102.44988463900006,14.129816689000052],[102.45114571200008,14.131163531000027],[102.45139806000009,14.132966276000047],[102.45225017300004,14.133348216000059],[102.45284849400008,14.135159418000057],[102.45236834500008,14.137152109000056],[102.45338608900005,14.138980988000071],[102.45357896800004,14.143333480000024],[102.45247943500004,14.143820661000063],[102.44936657600005,14.14203178300005],[102.44657160100007,14.141984992000062],[102.44397691800003,14.143405380000047],[102.44206229200006,14.143733186000077],[102.43938351100007,14.143336890000057],[102.43742791100004,14.143633633000036],[102.43471151000006,14.145585224000058],[102.43277319000003,14.147573093000062],[102.43270192200004,14.151454848000071],[102.43452948800007,14.154589859000055],[102.43286496300004,14.15462371700005],[102.43019106200006,14.153147581000042],[102.42760096300003,14.153144489000056],[102.42695354700004,14.153835726000068],[102.42587988700006,14.15690088100007],[102.42474618800009,14.157928755000057],[102.42358255000005,14.158113989000071],[102.41938509200008,14.157069457000034],[102.41893903000005,14.15497655300004],[102.41721813800007,14.154874622000023],[102.41141001600005,14.15647486100005],[102.40997031500007,14.156689248000077],[102.40823359800004,14.156106915000066],[102.40637762500006,14.154480841000066],[102.40219350500007,14.147365536000052],[102.40052010300008,14.14575945200005],[102.40046776300005,14.144636121000076],[102.40158360700008,14.143009504000077],[102.40019318200007,14.139749670000072],[102.40046578900007,14.138516268000046],[102.40193782800009,14.137206779000053],[102.40197274900004,14.135722953000027],[102.40105950400005,14.133084447000044],[102.40131577400007,14.131152497000073],[102.40324199600008,14.129085643000053],[102.40298484800007,14.12776356300003],[102.40299161100006,14.121830180000075],[102.40259572200006,14.120120684000028],[102.40321991100006,14.11865634000003],[102.40272988000004,14.11636412200005],[102.40197697800005,14.114919268000051],[102.40383936600006,14.113038754000058],[102.40507475000004,14.108599111000046],[102.40660257900004,14.104025537000041],[102.40671058700008,14.101706320000062],[102.40542647600006,14.09902670200006],[102.40573916800008,14.098336239000048],[102.40935920400005,14.096495748000052],[102.41414259600003,14.092413747000023],[102.41508521700007,14.09137249400004],[102.41617984300007,14.091210956000054],[102.41685226000004,14.092355609000037],[102.41805125400003,14.092505463000066],[102.42257573200004,14.09114099900006],[102.42367880700004,14.086772758000052],[102.42498598000009,14.086058883000021],[102.42807373200009,14.08580637600005],[102.42892411900004,14.08360410000006],[102.42870764200006,14.081987146000074],[102.43048299700007,14.079716087000065],[102.42994661400007,14.07384849600004],[102.42823925600004,14.071606126000063],[102.42789961100004,14.070324666000033],[102.42639477900008,14.069240533000027],[102.42724069300004,14.068171668000048],[102.42946389900004,14.067277896000064],[102.43097193900007,14.063328049000063],[102.43275057200003,14.06223895100004],[102.43271602800007,14.061356427000021],[102.43138366500006,14.059894401000065],[102.43156790900008,14.058876656000052],[102.43650375400006,14.056636419000029],[102.43622795600004,14.055338770000048],[102.43522036800005,14.055019376000075],[102.43621280200006,14.053799432000062],[102.43554714300006,14.051775402000032],[102.43389059200007,14.051630126000077],[102.43453844300006,14.050446326000042],[102.43359494600008,14.04970727500006],[102.43104846300008,14.050275923000072],[102.43156116000006,14.04840180900004],[102.43079048000004,14.048219584000037],[102.43038953000007,14.046607017000042],[102.42914377300008,14.046054365000032],[102.43029966400007,14.045354165000049],[102.43102844300006,14.043111517000057],[102.43006193500008,14.041203673000041],[102.42661242100007,14.038472462000072],[102.42069553500005,14.03422177300007],[102.42025470900006,14.033056443000078],[102.42144165300004,14.02980062100005],[102.42192234800007,14.026520341000037],[102.42201695700004,14.023383347000049],[102.42307499200007,14.020956345000059],[102.42986019300008,14.011002983000026],[102.43021892700006,14.01009662100006],[102.42956806500007,14.008375965000027],[102.42664679600006,14.004646846000071],[102.42233311500007,13.999876615000062],[102.42190093300007,13.99896689600007],[102.42184810900005,13.99582480500004],[102.42229859200006,13.995112558000073],[102.42067302200007,13.991292573000067],[102.42177819300008,13.985611597000059],[102.42046573700009,13.984481191000043],[102.42158598700007,13.980332738000072],[102.42340016300005,13.979044317000046],[102.42163217100006,13.978140714000062],[102.42160054600004,13.976516821000075],[102.42296013400005,13.97655211800003],[102.42239735900006,13.97358840000004],[102.42334717200004,13.97441998100004],[102.42328051800007,13.973256519000074],[102.42152686300005,13.97284854700007],[102.42307841700006,13.972449683000036],[102.42382827100005,13.970433447000062],[102.42176098900006,13.968746642000042],[102.41971630700004,13.96936044000006],[102.42048936500004,13.96762615700004],[102.41664732900006,13.967702546000055],[102.41850510400008,13.966149855000026],[102.41684549700005,13.965151814000023],[102.41831074800007,13.964319639000053],[102.41738835500007,13.963537776000067],[102.41780850000004,13.961726769000052],[102.41707276300008,13.961093394000045],[102.41612733700003,13.961940076000076],[102.41440084600004,13.96188542300007],[102.41456952700008,13.958976681000024],[102.41185496200006,13.96026140600003],[102.41167816900008,13.959070699000051],[102.41251436100004,13.958230214000025],[102.41036476900007,13.957849514000031],[102.41032806800007,13.957132717000036],[102.40827854700007,13.956121501000041],[102.41012964400005,13.95495571500004],[102.40863873200004,13.954753788000062],[102.40668927300004,13.952624538000066],[102.40716252500005,13.951833277000048],[102.40513715900005,13.951815228000044],[102.40577237600007,13.950399556000036],[102.40455784000005,13.94975497400003],[102.40444415100006,13.947353909000071],[102.40493987500008,13.945178769000051],[102.40728563700009,13.94452145300005],[102.40626935200004,13.943293741000048],[102.40518985700004,13.943102251000028],[102.40453951200004,13.941989834000026],[102.40462948900006,13.940630546000023],[102.40625503600006,13.939850425000031],[102.40443788000005,13.937290395000048],[102.40498523300005,13.935718687000076],[102.40408955900006,13.934608242000024],[102.40354744000007,13.935524078000071],[102.40151459900005,13.935270669000033],[102.40337670900004,13.933859037000047],[102.40278223300004,13.932318536000025],[102.40142004300009,13.932112695000058],[102.40329443400009,13.93052678500004],[102.40429108100005,13.928343781000024],[102.40272383800004,13.928181797000036],[102.40166302800009,13.926002402000051],[102.40253084500006,13.92440397100006],[102.40156112900007,13.923276500000043],[102.40411763500003,13.923726758000043],[102.40629691000004,13.923714768000025],[102.40787369100008,13.924252913000032],[102.40862734600006,13.92534323600006],[102.41121929300004,13.925664023000024],[102.41252673200006,13.924249011000029],[102.41737214200003,13.921687036000037],[102.41699845300008,13.92098866200007],[102.41855697200003,13.920176536000042],[102.41847730100005,13.918878171000074],[102.41704416900006,13.916595141000073],[102.41728090700008,13.915188798000031],[102.41653438700007,13.912534494000056],[102.41406294200004,13.910642747000054],[102.41339331100005,13.905992618000028],[102.41328758700007,13.900410369000042],[102.41284057600006,13.899486005000028],[102.41495105700005,13.899186579000059],[102.41507351500007,13.897794172000033],[102.41842129100007,13.896365305000074],[102.41751174900008,13.894829164000043],[102.42004684000005,13.893880679000063],[102.42141305000007,13.891865892000055],[102.42270124100008,13.89147328000007],[102.42625923300005,13.891446750000057],[102.42699478300005,13.89074878200006],[102.42909729300004,13.890941629000054],[102.42915636700008,13.889665015000048],[102.43412088700006,13.888339894000069],[102.43613148600008,13.88758299400007],[102.44093867900006,13.88656428400003],[102.44594992200007,13.886183421000055],[102.44623499900007,13.885409835000075],[102.44551243500007,13.882119425000042],[102.44713323100007,13.880934896000042],[102.44698077300006,13.879942181000047],[102.44836122000004,13.876921035000066],[102.44766460800008,13.876632894000068],[102.44792902000006,13.87334855000006],[102.44725663500009,13.870545105000076],[102.44691849500003,13.867393425000046]]]},"properties":{"Shape_Leng":0.896623819597,"Shape_Area":0.017068933685,"ADM3_EN":"Chong Kum","ADM3_TH":"ช่องกุ่ม","ADM3_PCODE":"TH270506","ADM2_EN":"Watthana Nakhon","ADM2_TH":"วัฒนานคร","ADM2_PCODE":"TH2705","ADM1_EN":"Sa Kaeo","ADM1_TH":"สระแก้ว","ADM1_PCODE":"TH27","ADM0_EN":"Thailand","ADM0_TH":"ประเทศไทย","ADM0_PCODE":"TH"}},
{"type":"Feature","geometry":{"type":"Polygon","coordinates":[[[102.41390070200003,13.768702329000064],[102.41369861700008,13.77064120500006],[102.41220111300004,13.774389162000034],[102.41142588300005,13.774426365000068],[102.41064101900008,13.776423000000023],[102.41102859200004,13.778894544000025],[102.41015268100006,13.779358925000054],[102.40996493800009,13.781401432000052],[102.40904073200005,13.78260887500005],[102.40933579000006,13.783375786000022],[102.40787206500005,13.784487744000046],[102.40645500100004,13.787569881000024],[102.40631812400005,13.78966617900005],[102.40530670800007,13.791544568000063],[102.40492593400006,13.79508977100005],[102.40278625600007,13.795670278000046],[102.40225417400006,13.797312817000034],[102.40107001100006,13.797880401000043],[102.39982391600006,13.797514026000044],[102.39945172300008,13.799117890000048],[102.39629688600007,13.800588941000058],[102.39467744700005,13.80227334500006],[102.39634907400006,13.802909014000022],[102.39538153000007,13.804407825000055],[102.39629867100007,13.807189107000056],[102.39677356500005,13.807379767000043],[102.39771748300006,13.810019741000076],[102.39920128000006,13.810597291000022],[102.40028827000003,13.812449182000023],[102.40035388700005,13.815219425000066],[102.40172983900004,13.817226610000034],[102.40275921900007,13.821207342000037],[102.40393224600007,13.82167088500006],[102.40531528800005,13.823565684000073],[102.40573401100005,13.827013597000075],[102.40519549600003,13.828373869000075],[102.40356740400006,13.828426937000074],[102.40200411400008,13.830203083000072],[102.40200325300003,13.831457335000039],[102.39977967700008,13.831435942000041],[102.39905651400005,13.832144022000023],[102.39794914200007,13.834891364000043],[102.39420748200007,13.834658284000056],[102.39421535300005,13.836811817000068],[102.39155640400008,13.84041428300003],[102.38852078900004,13.83998413300003],[102.38829921800004,13.841864135000037],[102.38624378200007,13.844977538000023],[102.38150076700003,13.84200011300004],[102.36649712200006,13.830685244000051],[102.36049628900008,13.82630825700005],[102.35892416600007,13.824316401000033],[102.35602203300004,13.81957890800004],[102.34862020800006,13.807894050000073],[102.34796099500005,13.80702539300006],[102.34354764600005,13.804029362000051],[102.34191886400004,13.802431025000033],[102.33834825500008,13.798221825000041],[102.33655727600006,13.795709332000058],[102.33342360500006,13.789638792000062],[102.33206235800009,13.786081511000077],[102.32862237900008,13.775264983000056],[102.33664803800008,13.77430649400003],[102.33667293700006,13.773459650000063],[102.34066749300007,13.772304230000032],[102.34436236200008,13.770084861000043],[102.34624415200005,13.769754136000074],[102.34652733300004,13.768660993000026],[102.35128415700007,13.767979411000056],[102.35157698900008,13.76638742800003],[102.35558172100008,13.766637974000048],[102.35926320900006,13.765879047000055],[102.36339154300003,13.765855458000033],[102.36334214300007,13.764983402000041],[102.36820373600005,13.765002297000024],[102.36849668200006,13.762861419000046],[102.37268986200007,13.76474986200003],[102.37627696600003,13.76715150800004],[102.37663072300006,13.767943916000036],[102.37865570400004,13.768709435000062],[102.37979474600007,13.768368979000059],[102.38159288500003,13.768765534000067],[102.38570091400004,13.767614528000024],[102.38635971500008,13.768609409000021],[102.38825005700005,13.769394416000068],[102.39012667900005,13.77222901500005],[102.39124031700004,13.77247350600004],[102.39156373700007,13.774229688000048],[102.39299039000008,13.774950170000068],[102.39348603800005,13.773309724000057],[102.39502705200005,13.774771404000035],[102.39560527600008,13.77241695300006],[102.39722949600008,13.771832842000038],[102.40099615400004,13.77159180700005],[102.40254320300005,13.771985108000024],[102.40336556100004,13.770918617000063],[102.40410972900008,13.771498867000048],[102.40560570400004,13.771147452000037],[102.40710576100008,13.76959650200007],[102.40754517600004,13.771566780000057],[102.40833969800008,13.77191534700006],[102.40986650900004,13.770728838000025],[102.41160125700009,13.768260258000055],[102.41264233800007,13.768275673000062],[102.41301450100008,13.76730247100005],[102.41390070200003,13.768702329000064]]]},"properties":{"Shape_Leng":0.332497313308,"Shape_Area":0.00400613466435,"ADM3_EN":"Nong Waeng","ADM3_TH":"หนองแวง","ADM3_PCODE":"TH270507","ADM2_EN":"Watthana Nakhon","ADM2_TH":"วัฒนานคร","ADM2_PCODE":"TH2705","ADM1_EN":"Sa Kaeo","ADM1_TH":"สระแก้ว","ADM1_PCODE":"TH27","ADM0_EN":"Thailand","ADM0_TH":"ประเทศไทย","ADM0_PCODE":"TH"}},
{"type":"Feature","geometry":{"type":"Polygon","coordinates":[[[102.50220041900008,14.13237285300005],[102.50078569800007,14.133811212000069],[102.49950262300007,14.136007480000046],[102.49811781000005,14.136746722000055],[102.49544914300009,14.135952983000038],[102.49243846700006,14.135618347000047],[102.49129419200005,14.136075752000067],[102.48909253200009,14.139875309000047],[102.48783626200009,14.140909276000059],[102.48420868300008,14.142249722000031],[102.48229795500004,14.14225803100004],[102.48045423800005,14.138119884000048],[102.47735010800005,14.135748239000065],[102.47672008800004,14.13467281800007],[102.47650495700003,14.132444553000028],[102.47539468500008,14.131374693000055],[102.47255581300004,14.131327334000048],[102.46906424800005,14.132392030000062],[102.46659787300007,14.134328641000025],[102.46447093500007,14.134738481000056],[102.46008700500005,14.136654461000035],[102.45699825800006,14.135997901000053],[102.45579709700007,14.136551717000032],[102.45457359300008,14.142303688000027],[102.45357896800004,14.143333480000024],[102.45338608900005,14.138980988000071],[102.45236834500008,14.137152109000056],[102.45284849400008,14.135159418000057],[102.45225017300004,14.133348216000059],[102.45139806000009,14.132966276000047],[102.45114571200008,14.131163531000027],[102.44988463900006,14.129816689000052],[102.44973221200007,14.128301380000039],[102.44855991400004,14.126286980000032],[102.44700128900007,14.125291358000027],[102.44726580700006,14.12123772600006],[102.44846154400005,14.118655842000067],[102.45273329100007,14.115510006000022],[102.45316279800005,14.114204481000058],[102.45467063500007,14.113376665000033],[102.45505626400006,14.111454234000064],[102.45650773900007,14.109182434000047],[102.45761712000007,14.104276804000051],[102.45898943500003,14.103059956000038],[102.45975823100008,14.101345944000059],[102.46266905500005,14.099530597000069],[102.46441191500008,14.096582965000039],[102.46620910500008,14.094794567000065],[102.46584231300005,14.093537540000057],[102.46596968500006,14.090534470000023],[102.46491912700009,14.087770919000036],[102.46682182600006,14.08519418000003],[102.46836585300008,14.082204453000031],[102.46944333000005,14.080806347000077],[102.47132015700004,14.076982271000077],[102.47294514200007,14.075697681000065],[102.47350775000007,14.07452280900003],[102.47596460400007,14.072052712000072],[102.47921273400004,14.067089291000059],[102.47993178200005,14.063929342000051],[102.48136495600005,14.061393063000025],[102.48312765800006,14.054310333000046],[102.48436376700005,14.052299572000038],[102.48322129600007,14.051216741000076],[102.48419625500009,14.050818254000035],[102.48443275300008,14.048643193000032],[102.48637496700007,14.048250972000062],[102.48661387400006,14.047148218000075],[102.48842434400007,14.045813692000024],[102.48827023500007,14.04430521200004],[102.49033973500008,14.043654845000049],[102.49126853500007,14.041125843000032],[102.49079651800008,14.038698010000076],[102.48989933400009,14.036589069000058],[102.49064085900005,14.03480800400007],[102.49434435000006,14.033043150000026],[102.49645614700006,14.029952451000042],[102.49549810900004,14.02827183200003],[102.49556022500008,14.026104367000073],[102.49470683200008,14.024489664000043],[102.49548864700006,14.022522550000076],[102.49521582600005,14.021042779000027],[102.49603835000005,14.020052985000063],[102.49632692000006,14.01630579700003],[102.49597799700007,14.009802707000063],[102.49527690900004,14.00683695600003],[102.49354008200004,14.004459405000034],[102.49112765200005,14.003077912000037],[102.48754452200006,14.00249726800007],[102.48659648600005,14.000892294000039],[102.48534285200009,13.996197793000022],[102.48271522800007,13.99198668400004],[102.48218286400004,13.990460006000035],[102.48216164700005,13.984466335000036],[102.48304215700006,13.982742337000047],[102.48425760000003,13.97861087800004],[102.48478648900004,13.97532387800004],[102.48581773400008,13.972720955000057],[102.48677661800008,13.968753366000044],[102.48701188300004,13.958651258000032],[102.48699229600004,13.954445342000042],[102.48733611200004,13.95277119900004],[102.48722577900008,13.950434462000032],[102.48809158300008,13.94876755000007],[102.48915498100007,13.945546662000027],[102.48937481900003,13.942409014000077],[102.48955797900004,13.935110741000074],[102.48989921900005,13.929390107000074],[102.49085034300003,13.92677782000004],[102.49217702700008,13.91900713800004],[102.49145724600004,13.91375062800006],[102.48650530200007,13.897755420000067],[102.48561526800006,13.894075648000069],[102.48446274100007,13.891449192000039],[102.48462317000008,13.888329770000041],[102.48395994500004,13.883580557000073],[102.48453662500003,13.875401719000024],[102.48496732300003,13.871285511000053],[102.48559290400004,13.867909998000073],[102.48940125700005,13.866877513000077],[102.49367144000007,13.866149697000026],[102.49588734100007,13.866208765000067],[102.49971954300008,13.865020057000038],[102.50110906300006,13.865109011000072],[102.50235396300008,13.864074944000038],[102.50149448900004,13.862170798000022],[102.50174566900006,13.861095077000073],[102.50393574500004,13.860459159000072],[102.50804530300007,13.858305873000063],[102.51128904300003,13.857525897000073],[102.51406272400004,13.856003095000062],[102.51831884200004,13.855151515000045],[102.52038264200007,13.854006668000068],[102.52456214500006,13.853085830000055],[102.52876097700005,13.853490329000067],[102.53561054700003,13.853028958000039],[102.53518205600005,13.855891472000053],[102.53517882000006,13.85867795200005],[102.53429236400007,13.86129962900003],[102.53501476100007,13.86307510000006],[102.53588834200008,13.863294666000058],[102.54167291300007,13.862214163000033],[102.54417854500008,13.866108864000068],[102.54498639200006,13.867935627000065],[102.54359774000005,13.868920083000035],[102.54071425700005,13.872737204000032],[102.53864800200006,13.87421499100003],[102.53905614200005,13.877708037000048],[102.53959526700004,13.889329865000036],[102.53421107300005,13.891822817000048],[102.53705980200004,13.898031401000026],[102.53894571900008,13.897738147000041],[102.54016011800007,13.899789999000063],[102.54461466200007,13.903650765000066],[102.54539798700006,13.90546540500003],[102.54361206300007,13.90957975300006],[102.54491419500005,13.91067352600004],[102.54422028100004,13.912658847000046],[102.54255833200006,13.913344427000027],[102.54069380400006,13.914768959000071],[102.53661899200006,13.917317169000057],[102.53655148900003,13.91999959800006],[102.53845963500004,13.924554126000032],[102.53799177600007,13.92642748000003],[102.53521170400006,13.928086604000043],[102.53546755100007,13.928672199000061],[102.53185151200006,13.93043792800006],[102.52984614900004,13.929979659000026],[102.53279106000008,13.939703628000075],[102.53955789200006,13.939773647000038],[102.54309610700005,13.939219170000058],[102.54502049800004,13.938363620000075],[102.54631706700007,13.940756514000043],[102.54741444700005,13.941381769000031],[102.54941986800009,13.940774114000021],[102.55419178500006,13.940082024000048],[102.56670753000009,13.937537422000048],[102.57098407900008,13.937292354000022],[102.57368444100007,13.936680609000064],[102.57523847000004,13.937656176000075],[102.57476646000003,13.939884409000058],[102.57884478700004,13.941115288000049],[102.58023875400005,13.942174668000064],[102.58249693000005,13.94242007500003],[102.58253823300004,13.943623970000033],[102.58421028000004,13.944361264000065],[102.58275463000007,13.945068809000077],[102.58167971800003,13.946299639000074],[102.58190256400007,13.946941933000062],[102.58704875500007,13.949098487000072],[102.58880569300004,13.949577993000048],[102.58839412200007,13.952679594000074],[102.58970156300006,13.955055473000073],[102.59025272500008,13.955232155000033],[102.59083885900009,13.95916014900007],[102.59134373900008,13.960586030000059],[102.58993985100005,13.961294537000072],[102.58646125600006,13.961877782000045],[102.58463642600009,13.96400525000007],[102.58679061600009,13.965188475000048],[102.58966988700007,13.967548657000066],[102.58920122300003,13.969705605000058],[102.59043079700007,13.973387911000032],[102.59061592600005,13.975361677000024],[102.58985960900009,13.977649237000037],[102.58986517800008,13.979501188000029],[102.58909874800008,13.979893494000066],[102.58575952600006,13.981345430000033],[102.58394264000003,13.981417548000024],[102.58300210300007,13.980878224000037],[102.58092276900004,13.978635686000075],[102.57675676800005,13.979108717000031],[102.56833412100008,13.981975454000064],[102.56570824600004,13.983583242000066],[102.56463920500005,13.984618252000075],[102.56226924000003,13.989467896000065],[102.56029708900007,13.991615934000038],[102.55871341200009,13.994911664000028],[102.55882230300006,13.997967950000032],[102.55827209700004,13.99880756400006],[102.55898779400007,14.000239933000046],[102.55890625500007,14.002673136000055],[102.55907295400004,14.009921976000044],[102.55944009600006,14.011758459000077],[102.55805462000006,14.014550599000074],[102.55873616900004,14.017178226000055],[102.55803335400009,14.017921744000034],[102.55410014700004,14.017621903000077],[102.55230601800008,14.018265195000026],[102.54960903600005,14.020343382000021],[102.54763462800008,14.02367614700006],[102.54573882300008,14.029025798000077],[102.54575955300004,14.03084952000006],[102.54690777900004,14.032620927000039],[102.54748385100004,14.034822752000025],[102.54737599800006,14.037334326000064],[102.54685507000005,14.038904196000033],[102.54151543800003,14.041580509000028],[102.53804976800006,14.042627000000039],[102.53618210400003,14.043913288000056],[102.53514003700008,14.045525110000028],[102.53476877400004,14.047304516000054],[102.53490484400004,14.050438443000075],[102.53553349500004,14.051676735000058],[102.53564983100006,14.053906798000071],[102.53524053100006,14.054736821000063],[102.53552104000005,14.05773128800007],[102.53506355900004,14.061718685000073],[102.53551281300008,14.063772191000055],[102.53486875100003,14.06591897100003],[102.53487181500009,14.067833092000058],[102.53546242300007,14.069427974000064],[102.53497864500008,14.070133566000038],[102.53591269100008,14.071259355000052],[102.53635075200003,14.070583407000072],[102.53873181400007,14.073542427000064],[102.53722461400008,14.07482755500007],[102.53429936100008,14.075184307000029],[102.53315586300005,14.077216904000068],[102.53359696200005,14.078023208000047],[102.53320535400007,14.079897414000072],[102.53426533800007,14.080405442000028],[102.53504138600005,14.082141873000069],[102.53270907900009,14.083921433000057],[102.53266967500008,14.084694550000052],[102.53452276100006,14.087485681000032],[102.53364034500004,14.09014527000005],[102.53390052700007,14.091336015000024],[102.53333508200006,14.092689094000036],[102.53316376500004,14.096474403000059],[102.53247138900008,14.097199868000075],[102.53037514600004,14.096868205000021],[102.52792728800006,14.095912188000057],[102.52171238100004,14.092722274000039],[102.51930410600005,14.091794194000045],[102.51404512600004,14.092309736000061],[102.51255242800005,14.091826021000031],[102.51046264900003,14.091913718000058],[102.50872354100005,14.093207575000065],[102.50834895500009,14.095549771000037],[102.50705353600006,14.097743231000038],[102.50506312200008,14.099860986000067],[102.49833646600007,14.10539538200004],[102.49757765200007,14.108820939000054],[102.49806855200006,14.112810122000042],[102.49723898300005,14.117362167000067],[102.49748406200007,14.121250004000046],[102.50005291100007,14.123072465000064],[102.50163653700008,14.125014165000039],[102.50302673700008,14.127588100000025],[102.50328963500004,14.129363114000057],[102.50220041900008,14.13237285300005]]]},"properties":{"Shape_Leng":0.9226931237,"Shape_Area":0.0172042955234,"ADM3_EN":"Sae-O","ADM3_TH":"แซร์ออ","ADM3_PCODE":"TH270508","ADM2_EN":"Watthana Nakhon","ADM2_TH":"วัฒนานคร","ADM2_PCODE":"TH2705","ADM1_EN":"Sa Kaeo","ADM1_TH":"สระแก้ว","ADM1_PCODE":"TH27","ADM0_EN":"Thailand","ADM0_TH":"ประเทศไทย","ADM0_PCODE":"TH"}},
{"type":"Feature","geometry":{"type":"Polygon","coordinates":[[[102.28571501500005,14.007811901000025],[102.28571436000004,14.006149698000058],[102.28662065300006,14.005718461000072],[102.28955814900007,14.00571371600006],[102.29070979500005,14.006493534000072],[102.29258861800008,14.005897909000055],[102.29202427600006,14.004884743000048],[102.29437073800005,14.003759076000051],[102.29655590900006,14.00322555400004],[102.29748065800004,14.002377735000039],[102.30015358100007,14.002248526000074],[102.30084848400008,14.002895311000032],[102.30374960800003,14.002583983000022],[102.30852579600008,13.999999861000049],[102.30834068700005,13.998451258000046],[102.30980193400006,13.996674684000027],[102.31033978000005,13.994413559000066],[102.30995129700005,13.992410355000061],[102.30888380000005,13.990867169000069],[102.30850901200006,13.98887039400006],[102.30710317500007,13.987875372000076],[102.30561549500004,13.98495248200004],[102.30314418500006,13.98444921600003],[102.30181852200008,13.98336026000004],[102.30106664800007,13.980619536000063],[102.29923712700008,13.97757610800005],[102.29862308900005,13.975928908000071],[102.29762655800005,13.97598471300006],[102.29538155400007,13.974205535000067],[102.29291710000007,13.973602619000076],[102.29024012600007,13.971228661000055],[102.28929697300003,13.970776091000062],[102.28705055700004,13.968603082000072],[102.28796865800007,13.966144581000037],[102.28740528300006,13.965476064000029],[102.28621552400006,13.96213595000006],[102.28615541400006,13.959940093000057],[102.28514920000003,13.957738162000055],[102.28366940600006,13.956090630000062],[102.28136876000008,13.955697460000067],[102.28030216200005,13.954509808000068],[102.28053072700004,13.952819438000063],[102.28006060000007,13.950905547000048],[102.28091090700008,13.950690216000055],[102.28112492900004,13.949302457000044],[102.27950666300006,13.947610549000046],[102.28209094000005,13.94723225100006],[102.28387265600009,13.94641023400004],[102.28301535000008,13.94357534900007],[102.28694757900007,13.940877292000039],[102.28770231400006,13.938771035000059],[102.28735995200009,13.936067082000022],[102.28902938300007,13.935770085000058],[102.28966283500006,13.93420638300006],[102.29095938400008,13.932693371000028],[102.29088612800007,13.930685811000046],[102.29148789000004,13.929186164000043],[102.29213968100004,13.929205194000076],[102.29232755600003,13.926947505000044],[102.29407467700008,13.926390909000077],[102.29390484100009,13.924177838000048],[102.29522813400007,13.92388550000004],[102.29514002000008,13.921118473000035],[102.29828019700005,13.919453219000047],[102.29745864700004,13.91792771300004],[102.29781383700004,13.916961186000037],[102.29923963000005,13.91655051400005],[102.30010965600007,13.915367017000051],[102.30245783200007,13.91488178800006],[102.30476300800007,13.914981781000051],[102.31069562600004,13.914023052000061],[102.31063795200004,13.913575200000025],[102.31353040400006,13.911201625000047],[102.31603821700008,13.910725245000037],[102.31763705500003,13.907267144000059],[102.31750135500005,13.905973999000025],[102.31842189600007,13.902461496000058],[102.31722357800004,13.902025985000023],[102.31774456300008,13.899502102000042],[102.31663806100005,13.897280347000049],[102.31581672200008,13.897240604000046],[102.31622081600005,13.895198758000049],[102.31479101500008,13.893094361000067],[102.31564545700007,13.890484005000076],[102.31450077700003,13.886359398000025],[102.31711277000005,13.885736038000061],[102.31802913600006,13.88415709900005],[102.31985893000007,13.883635906000052],[102.32003995300005,13.885128651000059],[102.32121721400006,13.884557001000076],[102.32299104700007,13.885937541000033],[102.32438410300006,13.885263061000046],[102.32481853600007,13.886374636000028],[102.32674028300005,13.884238329000027],[102.32554255900004,13.882703259000039],[102.32771742200003,13.883079423000027],[102.32771313000006,13.881883954000045],[102.32890171800005,13.882108109000058],[102.32924990300006,13.883220849000054],[102.33097620800004,13.883063075000052],[102.33179715300008,13.884166244000028],[102.33419948700003,13.883468568000069],[102.33360261800004,13.884628543000076],[102.33399723300005,13.885634508000066],[102.33719095300006,13.887320155000054],[102.33641364800008,13.885919885000021],[102.33754890900008,13.886435006000056],[102.33810478900006,13.885091428000067],[102.33871287100004,13.88605388600007],[102.33983198400006,13.886110364000047],[102.34063186900005,13.884850837000045],[102.34256173900008,13.886856483000031],[102.34261922800005,13.885741343000063],[102.34397935000004,13.88433678900003],[102.34409738900007,13.886105032000046],[102.34553612500008,13.885279986000057],[102.34697085100004,13.886178018000066],[102.34846806100006,13.888510730000064],[102.34918819600006,13.890418646000057],[102.34825675400003,13.891592608000053],[102.34912751100006,13.892419692000033],[102.35128430300006,13.89255571800004],[102.35081960500008,13.894190237000032],[102.34966782900005,13.893019914000035],[102.34896116700008,13.893294311000034],[102.34979404900008,13.89575254500005],[102.34924457000005,13.897180957000046],[102.34962199700004,13.898361915000066],[102.35069822800006,13.896946243000059],[102.35263876400006,13.896617422000077],[102.35179942800005,13.89797491400003],[102.35234177100006,13.89835951200007],[102.35553967500005,13.896769814000038],[102.35544608100008,13.897725004000051],[102.35653611000004,13.899572860000035],[102.35717380200003,13.898415404000048],[102.35971771800007,13.898450291000074],[102.36085892400007,13.89976802800004],[102.36131799500004,13.898987594000062],[102.36301712500006,13.89893670500004],[102.36285620000007,13.900359782000066],[102.36430925900004,13.899907735000056],[102.36487218800005,13.90065409600004],[102.36752155300007,13.90090968000004],[102.36845218400003,13.902687248000063],[102.37105801900009,13.901943619000065],[102.37189283100008,13.902296233000072],[102.37446253300004,13.901904849000061],[102.37462611000007,13.898422285000038],[102.37698232000008,13.895652246000054],[102.37789250900005,13.89540241900005],[102.37721518800004,13.88927472100005],[102.37735951100007,13.885419360000071],[102.38168238200006,13.884173404000023],[102.38226020000008,13.883774195000058],[102.38268068100007,13.881046570000024],[102.38265848500004,13.87779289100007],[102.38497206900007,13.877826377000076],[102.38810656500004,13.876309653000021],[102.38976796900005,13.875180098000044],[102.38983078000007,13.874116426000057],[102.39250227200006,13.874378982000053],[102.39284492200005,13.873199441000054],[102.39675347500008,13.872906344000057],[102.39743986000008,13.873667365000074],[102.39940194400003,13.87326239500004],[102.40313469900008,13.871186670000043],[102.40392541200004,13.872172902000045],[102.40579169800009,13.872483989000045],[102.40748265200006,13.873750273000041],[102.40945688300008,13.876199438000071],[102.40920319800006,13.878021894000028],[102.41009056600006,13.881843958000047],[102.41117740300007,13.883575113000063],[102.41257008900004,13.883937223000032],[102.41266361100008,13.884923789000027],[102.41443970800003,13.885123685000053],[102.41424940200005,13.886526218000029],[102.41611415600005,13.887705703000051],[102.41731156000009,13.892210137000063],[102.41751174900008,13.894829164000043],[102.41842129100007,13.896365305000074],[102.41507351500007,13.897794172000033],[102.41495105700005,13.899186579000059],[102.41284057600006,13.899486005000028],[102.41328758700007,13.900410369000042],[102.41339331100005,13.905992618000028],[102.41406294200004,13.910642747000054],[102.41653438700007,13.912534494000056],[102.41728090700008,13.915188798000031],[102.41704416900006,13.916595141000073],[102.41847730100005,13.918878171000074],[102.41855697200003,13.920176536000042],[102.41699845300008,13.92098866200007],[102.41737214200003,13.921687036000037],[102.41252673200006,13.924249011000029],[102.41121929300004,13.925664023000024],[102.40862734600006,13.92534323600006],[102.40787369100008,13.924252913000032],[102.40629691000004,13.923714768000025],[102.40411763500003,13.923726758000043],[102.40156112900007,13.923276500000043],[102.40253084500006,13.92440397100006],[102.40166302800009,13.926002402000051],[102.40272383800004,13.928181797000036],[102.40429108100005,13.928343781000024],[102.40329443400009,13.93052678500004],[102.40142004300009,13.932112695000058],[102.40278223300004,13.932318536000025],[102.40337670900004,13.933859037000047],[102.40151459900005,13.935270669000033],[102.40354744000007,13.935524078000071],[102.40408955900006,13.934608242000024],[102.40498523300005,13.935718687000076],[102.40443788000005,13.937290395000048],[102.40625503600006,13.939850425000031],[102.40462948900006,13.940630546000023],[102.40453951200004,13.941989834000026],[102.40518985700004,13.943102251000028],[102.40626935200004,13.943293741000048],[102.40728563700009,13.94452145300005],[102.40493987500008,13.945178769000051],[102.40444415100006,13.947353909000071],[102.40455784000005,13.94975497400003],[102.40577237600007,13.950399556000036],[102.40513715900005,13.951815228000044],[102.40716252500005,13.951833277000048],[102.40668927300004,13.952624538000066],[102.40863873200004,13.954753788000062],[102.41012964400005,13.95495571500004],[102.40827854700007,13.956121501000041],[102.41032806800007,13.957132717000036],[102.41036476900007,13.957849514000031],[102.41251436100004,13.958230214000025],[102.41167816900008,13.959070699000051],[102.41185496200006,13.96026140600003],[102.41456952700008,13.958976681000024],[102.41440084600004,13.96188542300007],[102.41612733700003,13.961940076000076],[102.41707276300008,13.961093394000045],[102.41780850000004,13.961726769000052],[102.41738835500007,13.963537776000067],[102.41831074800007,13.964319639000053],[102.41684549700005,13.965151814000023],[102.41850510400008,13.966149855000026],[102.41664732900006,13.967702546000055],[102.42048936500004,13.96762615700004],[102.41971630700004,13.96936044000006],[102.42176098900006,13.968746642000042],[102.42382827100005,13.970433447000062],[102.42307841700006,13.972449683000036],[102.42152686300005,13.97284854700007],[102.42328051800007,13.973256519000074],[102.42334717200004,13.97441998100004],[102.42239735900006,13.97358840000004],[102.42296013400005,13.97655211800003],[102.42160054600004,13.976516821000075],[102.42163217100006,13.978140714000062],[102.42340016300005,13.979044317000046],[102.42158598700007,13.980332738000072],[102.42046573700009,13.984481191000043],[102.42177819300008,13.985611597000059],[102.42067302200007,13.991292573000067],[102.42229859200006,13.995112558000073],[102.42184810900005,13.99582480500004],[102.42190093300007,13.99896689600007],[102.42233311500007,13.999876615000062],[102.42664679600006,14.004646846000071],[102.42956806500007,14.008375965000027],[102.43021892700006,14.01009662100006],[102.42986019300008,14.011002983000026],[102.42307499200007,14.020956345000059],[102.42201695700004,14.023383347000049],[102.42192234800007,14.026520341000037],[102.42144165300004,14.02980062100005],[102.42025470900006,14.033056443000078],[102.42069553500005,14.03422177300007],[102.42661242100007,14.038472462000072],[102.43006193500008,14.041203673000041],[102.43102844300006,14.043111517000057],[102.43029966400007,14.045354165000049],[102.42914377300008,14.046054365000032],[102.43038953000007,14.046607017000042],[102.43079048000004,14.048219584000037],[102.43156116000006,14.04840180900004],[102.43104846300008,14.050275923000072],[102.43359494600008,14.04970727500006],[102.43453844300006,14.050446326000042],[102.43389059200007,14.051630126000077],[102.43554714300006,14.051775402000032],[102.43621280200006,14.053799432000062],[102.43522036800005,14.055019376000075],[102.43622795600004,14.055338770000048],[102.43650375400006,14.056636419000029],[102.43156790900008,14.058876656000052],[102.43138366500006,14.059894401000065],[102.43271602800007,14.061356427000021],[102.43275057200003,14.06223895100004],[102.43097193900007,14.063328049000063],[102.42946389900004,14.067277896000064],[102.42724069300004,14.068171668000048],[102.42639477900008,14.069240533000027],[102.42789961100004,14.070324666000033],[102.42823925600004,14.071606126000063],[102.42994661400007,14.07384849600004],[102.43048299700007,14.079716087000065],[102.42870764200006,14.081987146000074],[102.42892411900004,14.08360410000006],[102.42807373200009,14.08580637600005],[102.42498598000009,14.086058883000021],[102.42367880700004,14.086772758000052],[102.42257573200004,14.09114099900006],[102.41805125400003,14.092505463000066],[102.41685226000004,14.092355609000037],[102.41617984300007,14.091210956000054],[102.41508521700007,14.09137249400004],[102.41414259600003,14.092413747000023],[102.40935920400005,14.096495748000052],[102.40573916800008,14.098336239000048],[102.40542647600006,14.09902670200006],[102.40671058700008,14.101706320000062],[102.40660257900004,14.104025537000041],[102.40507475000004,14.108599111000046],[102.40383936600006,14.113038754000058],[102.40197697800005,14.114919268000051],[102.40272988000004,14.11636412200005],[102.40321991100006,14.11865634000003],[102.40259572200006,14.120120684000028],[102.40299161100006,14.121830180000075],[102.40298484800007,14.12776356300003],[102.40324199600008,14.129085643000053],[102.40131577400007,14.131152497000073],[102.40105950400005,14.133084447000044],[102.40197274900004,14.135722953000027],[102.40193782800009,14.137206779000053],[102.40046578900007,14.138516268000046],[102.40019318200007,14.139749670000072],[102.40158360700008,14.143009504000077],[102.40046776300005,14.144636121000076],[102.40052010300008,14.14575945200005],[102.39828868900008,14.146304792000024],[102.39693924400007,14.14613466000003],[102.39299894300007,14.144798321000053],[102.38950178300007,14.144413169000075],[102.38774274300005,14.144716134000078],[102.38479503900004,14.145948458000078],[102.37934443800003,14.149588807000043],[102.37570554400008,14.151673862000052],[102.37371395800005,14.153727016000062],[102.37053818700008,14.158230450000076],[102.36677101000004,14.163107227000069],[102.36405317300006,14.16603464900004],[102.36194435300007,14.166427498000076],[102.35926664400006,14.165854786000068],[102.35865370900007,14.163373196000066],[102.35885086600007,14.162016922000078],[102.36018126700009,14.158161378000045],[102.36117320100004,14.153439623000054],[102.36095266000007,14.148287624000034],[102.35986912400006,14.144612207000023],[102.35695837100008,14.141475881000076],[102.35684341400008,14.138562025000056],[102.35783047800004,14.136027628000022],[102.35800022100005,14.134243451000032],[102.35662001900005,14.131837763000021],[102.35318990000007,14.13054715000004],[102.35222551200008,14.129769657000054],[102.35099245000004,14.127674757000023],[102.34940846200004,14.126549540000042],[102.34838100400003,14.125112328000057],[102.34691381000005,14.124663415000043],[102.34474389600007,14.124884851000047],[102.34041458700005,14.126048929000035],[102.33845687000007,14.125554630000067],[102.33557721400007,14.121135459000072],[102.33466430500005,14.120559627000034],[102.33289866700005,14.121054911000044],[102.33050757100006,14.123324356000069],[102.32846359000007,14.12798792500007],[102.32595634700004,14.128397520000021],[102.32513796400008,14.12598913000005],[102.32514943500007,14.122616623000056],[102.32564195600008,14.119650582000077],[102.32530662800008,14.116190129000074],[102.32467236400004,14.114748790000021],[102.32309637700007,14.113893759000064],[102.32183696500005,14.112291587000072],[102.32156328900004,14.110575466000057],[102.32207207600004,14.109442071000046],[102.32322133800005,14.109109197000066],[102.32400892000004,14.106710685000053],[102.32446520000008,14.10386486300007],[102.32414484800006,14.10269413800006],[102.32530756600005,14.102052161000074],[102.32518181700004,14.099989124000047],[102.32453651600008,14.098695864000035],[102.32386695600007,14.094201441000052],[102.32238019900007,14.092315451000047],[102.32063071600004,14.091627338000023],[102.31969350900005,14.090532323000048],[102.31860253200006,14.09052577500006],[102.31651664600008,14.08900051300003],[102.31247595500008,14.088387036000029],[102.31135810000006,14.086517460000039],[102.31154690300008,14.083766594000053],[102.31021889900006,14.083166113000061],[102.30953984200005,14.080031467000026],[102.30971051200004,14.077554233000058],[102.30914851500006,14.076403639000034],[102.30796802300006,14.069664232000036],[102.30590300800009,14.06700900100003],[102.30635779000005,14.064808451000033],[102.30846742700004,14.063909004000038],[102.30924553100004,14.062668076000023],[102.30888681700009,14.061298846000057],[102.31152061500006,14.059953328000063],[102.31029285400007,14.058114003000071],[102.31141970700008,14.057551770000032],[102.31123938300004,14.056288016000053],[102.31035010800008,14.055947685000035],[102.30952692800008,14.053541636000034],[102.31119736900007,14.052856835000057],[102.31086642000008,14.050343313000042],[102.30978407500004,14.049386901000048],[102.31029365300009,14.048437446000037],[102.30874958300006,14.04524770300003],[102.31101033300007,14.038212925000039],[102.31002661700006,14.035909779000065],[102.31029089700007,14.032762171000059],[102.31079635800006,14.031014191000054],[102.31082315600008,14.028776343000061],[102.31134104100005,14.027380722000032],[102.31115552400007,14.02581576600005],[102.30916308100007,14.024332192000031],[102.30400103500006,14.022775004000039],[102.30209353000004,14.020786576000035],[102.29807569100007,14.019366496000032],[102.29634855100005,14.016458245000024],[102.29625163700007,14.014831800000024],[102.29420709400006,14.014203123000073],[102.29309513200008,14.011799077000035],[102.29155593000007,14.010435052000048],[102.28810430900006,14.010598859000027],[102.28628068500007,14.009310602000028],[102.28571501500005,14.007811901000025]]]},"properties":{"Shape_Leng":1.11247104871,"Shape_Area":0.0281439911017,"ADM3_EN":"Nong Mak Fai","ADM3_TH":"หนองหมากฝ้าย","ADM3_PCODE":"TH270509","ADM2_EN":"Watthana Nakhon","ADM2_TH":"วัฒนานคร","ADM2_PCODE":"TH2705","ADM1_EN":"Sa Kaeo","ADM1_TH":"สระแก้ว","ADM1_PCODE":"TH27","ADM0_EN":"Thailand","ADM0_TH":"ประเทศไทย","ADM0_PCODE":"TH"}},
{"type":"Feature","geometry":{"type":"Polygon","coordinates":[[[102.19537605800008,13.922300498000027],[102.19629946700007,13.920999572000028],[102.19772995700004,13.921080336000045],[102.19955709800007,13.919000013000073],[102.20227713300005,13.917497343000036],[102.20435795100008,13.917216213000074],[102.20553190600003,13.916343701000073],[102.20658286200006,13.912338394000074],[102.20764576900007,13.909940518000042],[102.20718178300007,13.909109200000046],[102.20802862300008,13.905618210000057],[102.20860049600009,13.905143027000065],[102.21069735800006,13.905294187000038],[102.21098335100004,13.90092687200007],[102.21068485200004,13.899030671000048],[102.21361892500005,13.89838844600007],[102.21174603200006,13.896833701000048],[102.21158190400007,13.895521786000074],[102.21569507700008,13.893434632000037],[102.21535287800003,13.891518331000043],[102.22176480100006,13.88941201800003],[102.22161665900006,13.888662478000072],[102.22317219400009,13.887405341000033],[102.22258365800008,13.88511376200006],[102.22448768400005,13.884359561000053],[102.22475729900003,13.882791122000071],[102.22942696500007,13.881558652000024],[102.22939337000008,13.880184531000054],[102.23052867000007,13.878785470000025],[102.23262639000006,13.874368594000032],[102.23256192200006,13.871500490000074],[102.23613104900005,13.870317191000026],[102.23542522300005,13.86696289200006],[102.23641657200005,13.865247687000021],[102.23748043100005,13.864668374000075],[102.23774855000005,13.86296780500004],[102.23685850900006,13.861558522000053],[102.23705056200004,13.860649484000021],[102.23487806200006,13.858037722000063],[102.23492151400006,13.856065680000029],[102.23575886100008,13.854672780000044],[102.23464662400005,13.85428091600005],[102.23566951100008,13.85302875900004],[102.23775436300008,13.853604004000033],[102.23922784400008,13.852164747000074],[102.24110834900006,13.852395676000071],[102.24452676500005,13.851488738000057],[102.24545382000008,13.853498975000036],[102.24673149600005,13.853720960000032],[102.24759590600007,13.85166789300007],[102.25095764200006,13.851839496000025],[102.25139547800006,13.853055879000067],[102.25217709200007,13.85268804900005],[102.25330827100004,13.854451764000032],[102.25552878100007,13.853910561000077],[102.25550067300009,13.855969647000052],[102.25692269900009,13.855559730000039],[102.26049000900008,13.858120948000021],[102.26218261400004,13.856121250000058],[102.26306564800007,13.857208409000066],[102.26525107200007,13.858610594000027],[102.26595750000007,13.857689831000073],[102.26873376900005,13.858195933000047],[102.26860020700008,13.860512075000031],[102.26958053600003,13.860900569000023],[102.27144265500004,13.86310621900003],[102.27403501000003,13.86329297800006],[102.27574488500005,13.862078335000035],[102.27764008300005,13.862219244000073],[102.27994246400004,13.862907903000064],[102.28316180600007,13.862692018000075],[102.28489991800006,13.86154440200005],[102.28594896700008,13.858025977000068],[102.28607307400006,13.855737590000047],[102.28918142100008,13.854770942000073],[102.29256497200004,13.854848452000056],[102.29380839000004,13.852498337000043],[102.29666466600008,13.85209872300004],[102.30002465600006,13.848860432000038],[102.30416086200006,13.85270637800005],[102.30584771400004,13.855151349000039],[102.30799097900007,13.857407987000045],[102.31087825600008,13.859691650000059],[102.31161425500005,13.86145289600006],[102.31184317400005,13.867495915000063],[102.30966111500004,13.86832133200005],[102.30748996800008,13.870692552000037],[102.30457587300003,13.87196921800006],[102.30568443000004,13.874947611000039],[102.30686349800004,13.88097504700005],[102.30852894300006,13.882148657000073],[102.31153740000008,13.883289121000075],[102.31263197800007,13.884896995000076],[102.31393222400004,13.884927971000025],[102.31450077700003,13.886359398000025],[102.31564545700007,13.890484005000076],[102.31479101500008,13.893094361000067],[102.31622081600005,13.895198758000049],[102.31581672200008,13.897240604000046],[102.31663806100005,13.897280347000049],[102.31774456300008,13.899502102000042],[102.31722357800004,13.902025985000023],[102.31842189600007,13.902461496000058],[102.31750135500005,13.905973999000025],[102.31763705500003,13.907267144000059],[102.31603821700008,13.910725245000037],[102.31353040400006,13.911201625000047],[102.31063795200004,13.913575200000025],[102.31069562600004,13.914023052000061],[102.30476300800007,13.914981781000051],[102.30245783200007,13.91488178800006],[102.30010965600007,13.915367017000051],[102.29923963000005,13.91655051400005],[102.29781383700004,13.916961186000037],[102.29745864700004,13.91792771300004],[102.29828019700005,13.919453219000047],[102.29514002000008,13.921118473000035],[102.29522813400007,13.92388550000004],[102.29390484100009,13.924177838000048],[102.29407467700008,13.926390909000077],[102.29232755600003,13.926947505000044],[102.29213968100004,13.929205194000076],[102.29148789000004,13.929186164000043],[102.29088612800007,13.930685811000046],[102.29095938400008,13.932693371000028],[102.28966283500006,13.93420638300006],[102.28902938300007,13.935770085000058],[102.28735995200009,13.936067082000022],[102.28770231400006,13.938771035000059],[102.28694757900007,13.940877292000039],[102.28301535000008,13.94357534900007],[102.28387265600009,13.94641023400004],[102.28209094000005,13.94723225100006],[102.27950666300006,13.947610549000046],[102.28112492900004,13.949302457000044],[102.28091090700008,13.950690216000055],[102.28006060000007,13.950905547000048],[102.28053072700004,13.952819438000063],[102.28030216200005,13.954509808000068],[102.28136876000008,13.955697460000067],[102.28366940600006,13.956090630000062],[102.28514920000003,13.957738162000055],[102.28615541400006,13.959940093000057],[102.28621552400006,13.96213595000006],[102.28740528300006,13.965476064000029],[102.28796865800007,13.966144581000037],[102.28705055700004,13.968603082000072],[102.28929697300003,13.970776091000062],[102.29024012600007,13.971228661000055],[102.29291710000007,13.973602619000076],[102.29538155400007,13.974205535000067],[102.29762655800005,13.97598471300006],[102.29862308900005,13.975928908000071],[102.29923712700008,13.97757610800005],[102.30106664800007,13.980619536000063],[102.30181852200008,13.98336026000004],[102.30314418500006,13.98444921600003],[102.30561549500004,13.98495248200004],[102.30710317500007,13.987875372000076],[102.30850901200006,13.98887039400006],[102.30888380000005,13.990867169000069],[102.30995129700005,13.992410355000061],[102.31033978000005,13.994413559000066],[102.30980193400006,13.996674684000027],[102.30834068700005,13.998451258000046],[102.30852579600008,13.999999861000049],[102.30374960800003,14.002583983000022],[102.30084848400008,14.002895311000032],[102.30015358100007,14.002248526000074],[102.29748065800004,14.002377735000039],[102.29655590900006,14.00322555400004],[102.29437073800005,14.003759076000051],[102.29202427600006,14.004884743000048],[102.29258861800008,14.005897909000055],[102.29070979500005,14.006493534000072],[102.28955814900007,14.00571371600006],[102.28662065300006,14.005718461000072],[102.28571436000004,14.006149698000058],[102.28571501500005,14.007811901000025],[102.28398704600005,14.00702953900003],[102.28402112000003,14.005798798000058],[102.28258826100006,14.005041199000061],[102.28032959000006,14.004762423000045],[102.27834036000007,14.003220920000047],[102.27613982400004,14.002883764000046],[102.27603514500004,13.998100702000045],[102.27641091700008,13.99654156300005],[102.27530084200004,13.993859273000055],[102.27417011100005,13.993097520000049],[102.27280468300006,13.990330160000042],[102.27192461900006,13.989369315000033],[102.27143931100005,13.986313778000067],[102.27032363000006,13.98536185100005],[102.27031955200005,13.98423953300005],[102.26849516800007,13.983187788000066],[102.26713037000007,13.982958673000041],[102.26555485000006,13.981789012000036],[102.26382021200004,13.98116310100005],[102.26205616500005,13.978618708000056],[102.26207457600003,13.97754608300005],[102.26521534500006,13.97446207400003],[102.26539125600004,13.973264542000038],[102.26471025000006,13.970311331000062],[102.26233266900005,13.970118820000039],[102.26375967200005,13.968272083000045],[102.26217650500007,13.966645190000065],[102.26092514000004,13.966067073000033],[102.26090981400006,13.96519918100006],[102.25808371700003,13.963810519000049],[102.25624512800005,13.96346486400006],[102.25508353000004,13.961487441000031],[102.25310397300007,13.96077364000007],[102.25209690900004,13.958642965000024],[102.24942002200004,13.958991726000022],[102.24811611800004,13.957461367000064],[102.24807652900006,13.956562742000074],[102.25002014300009,13.956157055000062],[102.24973744900007,13.95505865900003],[102.24831608100004,13.953749600000037],[102.24445444900005,13.951314936000074],[102.24429583200003,13.949395345000028],[102.24345272900007,13.948877130000028],[102.24301798900007,13.947134193000068],[102.24093257600003,13.945657965000066],[102.23905769100008,13.94641914400006],[102.23707799800007,13.94570720400003],[102.23721877200006,13.944806695000068],[102.23250794100005,13.944941087000075],[102.23133123400004,13.94341892400007],[102.22922645200003,13.941629548000037],[102.22683165600006,13.942257389000076],[102.22599580400004,13.941393632000029],[102.22479364600008,13.942153010000027],[102.22345199100005,13.942158196000037],[102.22128611200009,13.943065339000043],[102.21966303100004,13.941650355000036],[102.21785609500006,13.941994686000044],[102.21604323900004,13.94177925400004],[102.21559749300008,13.940336057000025],[102.21288321400004,13.94025649100007],[102.21169299100006,13.939788007000061],[102.20730094100009,13.937036383000077],[102.20749766600005,13.935958192000044],[102.20626689800008,13.934240441000043],[102.20647398600005,13.933202306000055],[102.20528333400006,13.932827556000063],[102.20467228300004,13.93114564800004],[102.20250674000005,13.930835395000031],[102.20349945500004,13.929788836000057],[102.20320731300006,13.928496986000027],[102.20184795900008,13.928532090000033],[102.20201620800003,13.927802599000074],[102.20017444900009,13.927951227000051],[102.20076130800004,13.927170291000039],[102.19677991900005,13.925614941000049],[102.19679500900008,13.92335378000007],[102.19537605800008,13.922300498000027]]]},"properties":{"Shape_Leng":0.645120938259,"Shape_Area":0.0098023984499,"ADM3_EN":"Nong Takhian Bon","ADM3_TH":"หนองตะเคียนบอน","ADM3_PCODE":"TH270510","ADM2_EN":"Watthana Nakhon","ADM2_TH":"วัฒนานคร","ADM2_PCODE":"TH2705","ADM1_EN":"Sa Kaeo","ADM1_TH":"สระแก้ว","ADM1_PCODE":"TH27","ADM0_EN":"Thailand","ADM0_TH":"ประเทศไทย","ADM0_PCODE":"TH"}},
{"type":"Feature","geometry":{"type":"Polygon","coordinates":[[[102.16893298200006,13.694071043000065],[102.17028727900004,13.692855227000052],[102.17297308000008,13.692872702000045],[102.17488409600008,13.69338224300003],[102.17588914400005,13.691959992000022],[102.17927146100004,13.690180823000048],[102.18243385800008,13.687284392000038],[102.18516884000007,13.683636849000038],[102.18651020700008,13.682410521000065],[102.18831442800007,13.68175679500007],[102.18893204300008,13.680302422000068],[102.19031070900007,13.679594825000038],[102.19152822500007,13.679875827000046],[102.19500303700005,13.678228821000062],[102.19569824800004,13.676906951000035],[102.19881183500007,13.67519855300003],[102.20223083600007,13.675379847000045],[102.20402377900007,13.674686112000074],[102.20580854900004,13.674734217000037],[102.20642834500006,13.67703449000004],[102.20757316400005,13.677773266000031],[102.20852394700006,13.679641996000043],[102.21294919600007,13.681524972000034],[102.21858343900004,13.684308162000036],[102.21981398000008,13.684547974000054],[102.22188903900008,13.687069850000057],[102.22433372500006,13.691228773000034],[102.22599402100008,13.69263040100003],[102.22693254200004,13.694822844000043],[102.22754309900006,13.697382353000023],[102.22803774700009,13.697690989000023],[102.22842333700004,13.700004860000035],[102.23113243500006,13.699962019000054],[102.23340966600006,13.702532728000051],[102.23341016200004,13.704033716000026],[102.23763818400005,13.703407348000042],[102.23841087700004,13.707002672000044],[102.24093007100004,13.70669577800004],[102.24189390500004,13.709305050000069],[102.24372382700005,13.710331283000073],[102.24480824900007,13.711665297000025],[102.24608374300004,13.714981433000048],[102.24498394100004,13.716027865000058],[102.24751016400006,13.715937318000044],[102.24940453400006,13.716810751000025],[102.25253488700008,13.717391258000077],[102.25355815300009,13.718722802000059],[102.25594260000008,13.723242449000054],[102.25477553500008,13.72756005900004],[102.25919690800004,13.727418619000048],[102.25951134900004,13.729805550000037],[102.26323043300005,13.730643991000022],[102.26467653200007,13.731754547000037],[102.26735326200009,13.732075491000046],[102.26892709200007,13.733466748000069],[102.27025092000008,13.732702797000059],[102.27436454800005,13.73697254800004],[102.27510283000004,13.74158906200006],[102.27620011500005,13.745331951000026],[102.27626942800003,13.74921720900005],[102.27733245500008,13.753316503000065],[102.27933719100008,13.75236633000003],[102.28009946700007,13.752594539000029],[102.28174839900004,13.75562879100005],[102.28434297500007,13.756451539000068],[102.28640536100005,13.75660220900005],[102.29106665100005,13.758375656000055],[102.30153530100006,13.759975354000062],[102.30235457900005,13.760316708000062],[102.31593341000007,13.771409039000048],[102.31618751000008,13.773035520000064],[102.31509331500007,13.775056728000038],[102.31382409300005,13.775205627000048],[102.31439428000004,13.778366313000049],[102.31774845700005,13.778151627000057],[102.31878043000006,13.781810255000039],[102.31880833500009,13.784257515000036],[102.31588292800006,13.784873876000063],[102.31496188100004,13.783868840000025],[102.30991437100005,13.784832171000062],[102.30792892900007,13.78407054400003],[102.30749546600003,13.786524194000037],[102.30459105900007,13.786994050000033],[102.30449541400009,13.787908936000065],[102.29985971800005,13.787882275000072],[102.29769020300006,13.785967851000066],[102.29725360000003,13.786788085000069],[102.29472002700004,13.786300588000074],[102.29382183100006,13.785026857000048],[102.28918286700008,13.785390676000077],[102.28831333000005,13.787547762000031],[102.28666676200004,13.787470561000077],[102.28601722800005,13.784587846000022],[102.28190523200004,13.785334662000025],[102.28229406300005,13.787353170000074],[102.27937878600005,13.787515282000072],[102.26933475500005,13.789985097000056],[102.26773585400008,13.79070794300003],[102.26537404200008,13.790561413000034],[102.26509176800005,13.789901326000063],[102.26283085500006,13.788827817000026],[102.26207505600007,13.787852361000034],[102.26008406200003,13.787682602000075],[102.25870405000006,13.78822294400004],[102.25470409200005,13.78884137600005],[102.25116208800006,13.789052679000065],[102.24739356600008,13.789796255000056],[102.24565411900005,13.79070144900004],[102.24504128100006,13.789999772000044],[102.24317609400003,13.790120639000065],[102.24231232900007,13.78843164600005],[102.24025154300006,13.78918384900004],[102.23969944600003,13.791276365000044],[102.24017380100008,13.794347323000068],[102.24085446400005,13.794612028000074],[102.24145844800006,13.796453693000046],[102.24032318200005,13.798477715000047],[102.24072143000006,13.802577750000069],[102.23940854500006,13.805557510000028],[102.24159468100004,13.807420386000047],[102.24012848500007,13.808846110000047],[102.23985128600003,13.814022738000062],[102.24119005300008,13.816174487000069],[102.24180065400009,13.817894746000036],[102.24027316600007,13.818119447000072],[102.23920718300008,13.819372637000072],[102.23613797800004,13.819389106000074],[102.23485014300007,13.819734924000045],[102.23361602600005,13.818386945000043],[102.23036822600005,13.817876359000024],[102.23083082500006,13.815491283000028],[102.22586698400005,13.81350545500004],[102.22642355700003,13.81190712700004],[102.22216584800003,13.81180368300005],[102.22147204200007,13.80991500600004],[102.21886550800008,13.809702596000022],[102.21230982000009,13.81000556400005],[102.20795264900005,13.809457036000026],[102.20763634800005,13.806734256000027],[102.20349421300006,13.807704020000074],[102.20281085400006,13.804540885000051],[102.20007208900006,13.805009707000067],[102.19977510800004,13.804295755000055],[102.19545925700004,13.804664775000049],[102.19514331300007,13.800789509000026],[102.19294433600004,13.79976543500004],[102.19265330900004,13.798054850000028],[102.19284177400004,13.795622207000065],[102.19174158700008,13.793699566000043],[102.18689601900007,13.793121851000024],[102.18331987400006,13.79333665400003],[102.17948928100009,13.792229537000026],[102.17918420600006,13.791662472000041],[102.18094218500005,13.791576461000034],[102.18172370100007,13.790853327000036],[102.18121212500006,13.790006061000042],[102.18317815400007,13.790078348000065],[102.18349012000004,13.789004787000067],[102.18678075500009,13.78920621900005],[102.18767012500007,13.788672573000042],[102.18722838100007,13.785603158000072],[102.18960134900004,13.784799563000036],[102.18957139400004,13.784153641000046],[102.19139469200007,13.783771170000023],[102.19084403000005,13.782559304000074],[102.19190708600007,13.780436377000058],[102.19074131700006,13.779156595000075],[102.19349940500007,13.776943557000038],[102.19582181800007,13.773912117000066],[102.19737919200008,13.774611521000054],[102.19725707700007,13.772401005000063],[102.19878166600006,13.771768254000051],[102.20022308700004,13.770294181000054],[102.20187840300008,13.770741069000053],[102.20334439600003,13.770233150000024],[102.20380922100009,13.770799995000061],[102.20579123000005,13.768227334000073],[102.20580372200004,13.767609750000076],[102.20749688800004,13.767502223000065],[102.21015945100004,13.770346069000027],[102.21160738600008,13.770261747000063],[102.21284104200004,13.768701683000074],[102.21463274900003,13.768477107000024],[102.21613742500006,13.76769855300006],[102.21795505500006,13.767486375000033],[102.21895211500004,13.76593101900005],[102.22062721300006,13.767286223000042],[102.21987638700006,13.768175968000037],[102.22367537900004,13.767979024000056],[102.22571563000008,13.766676572000051],[102.22550660600007,13.76327119800004],[102.22724579300007,13.761639040000034],[102.22560912600005,13.760205530000064],[102.22730969600008,13.759272579000026],[102.22786776200007,13.757996094000077],[102.22902451900006,13.758462164000036],[102.23059367300004,13.75796243600007],[102.22943133900009,13.756758239000021],[102.22981031400008,13.755288102000065],[102.23125811800008,13.754823198000054],[102.23297952000007,13.753481988000033],[102.23339511400007,13.752555406000056],[102.23345478800007,13.749299288000032],[102.23180727000005,13.74767917400004],[102.23099551200005,13.748023469000032],[102.23004236000008,13.746354647000032],[102.23128597100003,13.745536937000054],[102.23073684700006,13.745024042000068],[102.23104128800009,13.743385508000074],[102.23258546500006,13.741959286000053],[102.23252934100009,13.739332556000022],[102.23133574300005,13.73647541300005],[102.22879420100008,13.734690821000072],[102.22905047100005,13.732766237000021],[102.22866391700006,13.731569185000069],[102.22933637300008,13.729892585000073],[102.22776653000005,13.725923751000039],[102.22615673100006,13.726171597000075],[102.22516802000007,13.724077087000069],[102.22387853000004,13.724519610000073],[102.22287752500006,13.722306617000072],[102.22027587700006,13.722054467000078],[102.21979266200003,13.720644177000054],[102.21695594600004,13.72121151600004],[102.21574349600007,13.718404583000051],[102.21239056700006,13.715395210000054],[102.21092915500009,13.715267675000064],[102.20864470200007,13.710351011000057],[102.20436276300006,13.710202481000067],[102.20429670800007,13.70927957200007],[102.20276772100004,13.709002382000051],[102.20055908300009,13.709299680000072],[102.19751301500008,13.708372616000077],[102.19455083900004,13.708369065000056],[102.19344839500008,13.707601734000036],[102.19272791300006,13.70472893300007],[102.18945425300006,13.705706331000044],[102.18650621900008,13.705692029000033],[102.18563389200006,13.701617032000058],[102.18346920800008,13.699878480000052],[102.18048229100003,13.699191819000077],[102.17814454000006,13.697019278000027],[102.17436855700004,13.695613914000035],[102.17037415200008,13.694754184000033],[102.16893298200006,13.694071043000065]]]},"properties":{"Shape_Leng":0.718880155576,"Shape_Area":0.00761786780254,"ADM3_EN":"Huai Chot","ADM3_TH":"ห้วยโจด","ADM3_PCODE":"TH270511","ADM2_EN":"Watthana Nakhon","ADM2_TH":"วัฒนานคร","ADM2_PCODE":"TH2705","ADM1_EN":"Sa Kaeo","ADM1_TH":"สระแก้ว","ADM1_PCODE":"TH27","ADM0_EN":"Thailand","ADM0_TH":"ประเทศไทย","ADM0_PCODE":"TH"}},
{"type":"Feature","geometry":{"type":"Polygon","coordinates":[[[102.51306409500006,13.689925257000027],[102.51009170000003,13.691861431000063],[102.49840472700004,13.700739962000057],[102.49681074200004,13.701581070000032],[102.49356817300009,13.702437350000025],[102.49081933000008,13.702815667000039],[102.48889823400003,13.695072603000028],[102.49023052300004,13.695294771000022],[102.49082010200004,13.694446095000046],[102.49005985500008,13.693707534000055],[102.49099534900006,13.692712394000068],[102.49254210100008,13.693456453000067],[102.49487609300007,13.691329698000061],[102.49490270300004,13.689864932000035],[102.49649982400007,13.68944410100005],[102.49622899800005,13.68817880000006],[102.49708780800006,13.688041449000025],[102.49748651000004,13.689405976000046],[102.49818498000008,13.688266125000041],[102.49868137800007,13.683388745000059],[102.50013397300006,13.68456010500006],[102.50116295100008,13.68445792600005],[102.50175102200006,13.682333174000064],[102.50267808000007,13.681191597000065],[102.50322532600006,13.682466395000063],[102.50450534500004,13.681999602000076],[102.50486779700009,13.680395348000047],[102.50350534600005,13.680243303000054],[102.50286661300004,13.679412787000047],[102.50321948200008,13.678244827000071],[102.50461326700008,13.67695133500007],[102.50433846300007,13.675946249000049],[102.50541931100008,13.674428965000061],[102.50646502000006,13.674815348000038],[102.50830254300007,13.673321590000057],[102.50865778400004,13.67493104500005],[102.50956362900007,13.673707810000053],[102.51092596400008,13.673166219000052],[102.51187184400004,13.67201484700007],[102.51235940200007,13.673344119000035],[102.51335134400006,13.672539014000051],[102.51450957700007,13.673612862000027],[102.51470177000004,13.671984227000053],[102.51366702900003,13.670824738000022],[102.51449301500008,13.67065862100003],[102.51590047200006,13.671713691000036],[102.52014875800006,13.672684526000069],[102.52039485700004,13.670489006000025],[102.52171217900008,13.671118346000071],[102.52259605300009,13.669472244000076],[102.52089520100009,13.669546233000062],[102.52161845600006,13.668633886000066],[102.52570136700007,13.667137517000072],[102.52655565900005,13.667590682000025],[102.53024920000007,13.666829350000057],[102.53166402300008,13.664431103000027],[102.53306142000008,13.664541979000035],[102.53363488500008,13.663192215000038],[102.53490744300007,13.663223857000048],[102.53511480000009,13.662049541000044],[102.53628835200004,13.663381414000071],[102.53799577800004,13.662771058000033],[102.53820921500005,13.661217837000038],[102.53938437400006,13.661191100000053],[102.54083751000007,13.662313681000057],[102.54055397200005,13.660962892000043],[102.54145458600004,13.66044366500006],[102.54275374100007,13.661818496000024],[102.54477367500004,13.659241665000025],[102.54607235700007,13.66100962400003],[102.54694593400006,13.661319341000024],[102.54912141800008,13.659968096000057],[102.55064799900003,13.661972892000051],[102.55090919000008,13.663944643000036],[102.52303269900005,13.683505481000054],[102.51306409500006,13.689925257000027]]]},"properties":{"Shape_Leng":0.212176438195,"Shape_Area":0.000791840142486,"ADM3_EN":"Aranyaprathet","ADM3_TH":"อรัญประเทศ","ADM3_PCODE":"TH270601","ADM2_EN":"Aranyaprathet","ADM2_TH":"อรัญประเทศ","ADM2_PCODE":"TH2706","ADM1_EN":"Sa Kaeo","ADM1_TH":"สระแก้ว","ADM1_PCODE":"TH27","ADM0_EN":"Thailand","ADM0_TH":"ประเทศไทย","ADM0_PCODE":"TH"}},
{"type":"Feature","geometry":{"type":"Polygon","coordinates":[[[102.45484542500009,13.673991843000067],[102.45391507800008,13.689425766000056],[102.45158929500008,13.689450312000076],[102.44750297400009,13.688788681000062],[102.44608520000008,13.688164971000049],[102.44519025700004,13.689838360000067],[102.44377721000006,13.689496277000046],[102.44352037200008,13.688468348000072],[102.44091012200005,13.688417762000029],[102.44109279700007,13.68695242900003],[102.43670496900006,13.687046864000024],[102.43439134100004,13.686351087000048],[102.43081944000005,13.684332945000051],[102.43023561700005,13.68576183700003],[102.42653047900006,13.685996105000072],[102.42468650900008,13.687363514000026],[102.42348130300007,13.686659432000056],[102.42250179600006,13.685130080000022],[102.42123007300006,13.685320094000076],[102.42086585400006,13.686196117000065],[102.41945973300005,13.68421014200004],[102.41683556600003,13.685812995000049],[102.41671422500008,13.68511462400005],[102.41346150000004,13.685019221000061],[102.41211146800003,13.683376184000053],[102.41293182700008,13.68289909200007],[102.41266996900004,13.681788987000061],[102.41337329500004,13.680244653000045],[102.41391315200008,13.665808692000041],[102.41428106800004,13.663964983000028],[102.41429106000004,13.658614270000044],[102.41482864800008,13.649343552000062],[102.41589458600004,13.643322005000073],[102.41679580700009,13.63973753700003],[102.41640479500006,13.635704942000075],[102.41563042500007,13.631372013000032],[102.41495999300008,13.626070730000038],[102.41378003200003,13.624084082000024],[102.41389011400008,13.620514886000024],[102.41182673800006,13.617983295000045],[102.41072604300007,13.614961594000022],[102.41083761200008,13.612450516000024],[102.40968172000004,13.607957510000062],[102.41083080400006,13.607814928000039],[102.41357953900007,13.609374201000037],[102.41626588000008,13.608494246000078],[102.41787018800005,13.60999926900007],[102.42242800000008,13.61225950100004],[102.42418253400007,13.612444506000031],[102.42469933000007,13.613927852000074],[102.42689379200004,13.614444749000029],[102.42740032500006,13.615850891000036],[102.42905682900005,13.616019046000076],[102.43229551200005,13.62065295800005],[102.43403867500007,13.62013089900006],[102.43459493100005,13.61936423800006],[102.45746935400007,13.612285659000065],[102.46795246200008,13.608810345000052],[102.46974859000005,13.613791340000034],[102.47257460100008,13.61339011900003],[102.47348200300007,13.614795521000076],[102.47271492700008,13.615077789000054],[102.47305099400006,13.616966381000054],[102.47589285300006,13.617228367000052],[102.47610237000004,13.617843957000048],[102.47476130800004,13.618956445000038],[102.47434099100008,13.620274798000025],[102.47447705400003,13.622196355000028],[102.47243816700006,13.625694631000044],[102.47113020300009,13.62538102600007],[102.46710671500006,13.621570966000036],[102.46358162600006,13.622660058000065],[102.46409104600008,13.624271660000034],[102.46592639200009,13.624429572000054],[102.46728190900006,13.623686002000056],[102.46882465200008,13.624233833000062],[102.46977581900006,13.627429703000075],[102.46662854400006,13.629355865000036],[102.46552016400005,13.630881809000073],[102.46534727300008,13.632136315000025],[102.46590704300007,13.633899130000032],[102.43866745800005,13.642474247000052],[102.44031302100007,13.64715592400006],[102.44175930700004,13.649702987000069],[102.44342494600005,13.65173186100003],[102.44748515100008,13.654072951000046],[102.44561509200008,13.656263533000072],[102.44756506400006,13.657994816000041],[102.44704089300006,13.66005192700004],[102.44828171700004,13.66057384100003],[102.44838577500008,13.662465865000058],[102.44946560300008,13.663473064000073],[102.45139863500003,13.666558799000029],[102.45126920600006,13.66839417600005],[102.45259192000003,13.669786084000066],[102.45392115500005,13.673529121000058],[102.45484542500009,13.673991843000067]]]},"properties":{"Shape_Leng":0.363686156829,"Shape_Area":0.00300326239539,"ADM3_EN":"Mueang Phai","ADM3_TH":"เมืองไผ่","ADM3_PCODE":"TH270602","ADM2_EN":"Aranyaprathet","ADM2_TH":"อรัญประเทศ","ADM2_PCODE":"TH2706","ADM1_EN":"Sa Kaeo","ADM1_TH":"สระแก้ว","ADM1_PCODE":"TH27","ADM0_EN":"Thailand","ADM0_TH":"ประเทศไทย","ADM0_PCODE":"TH"}},
{"type":"Feature","geometry":{"type":"Polygon","coordinates":[[[102.42093155500004,13.75629768400006],[102.42245494400004,13.755819268000039],[102.42307290700006,13.754068759000063],[102.42513681700007,13.753956746000028],[102.42616531100003,13.752552670000057],[102.42638868700004,13.750502488000052],[102.42732620900006,13.748559940000064],[102.42925923500007,13.749824408000052],[102.43006059300006,13.747995378000041],[102.43114340200003,13.748011733000055],[102.43402112300004,13.750018692000026],[102.43549557700004,13.748868565000066],[102.43677371200005,13.745901587000048],[102.43903811900009,13.74699742000007],[102.44008826100008,13.744549999000071],[102.44197194500003,13.745177955000031],[102.44378716200004,13.745149899000069],[102.44280347700004,13.74381211900004],[102.44316892600006,13.742617110000026],[102.44607183800008,13.742000955000037],[102.44579273800008,13.743358797000042],[102.44776354300006,13.743256675000055],[102.44894681800008,13.742083008000066],[102.44906266100008,13.74093173600005],[102.44805705500005,13.740174898000078],[102.44951678500007,13.738506784000037],[102.45103699100008,13.739614282000048],[102.45124310800009,13.737857845000065],[102.45240334100004,13.737203026000032],[102.45365153200004,13.737963904000026],[102.45583652800008,13.735241476000056],[102.45888563400007,13.735480198000062],[102.46123370700008,13.740216166000039],[102.46271432500004,13.740693453000063],[102.46678422700006,13.744852176000052],[102.46653642200005,13.745623783000042],[102.46778200200004,13.748201680000022],[102.46912394900005,13.749014573000068],[102.46976533800006,13.751165470000046],[102.47097621500006,13.752245548000076],[102.47269382900004,13.752490045000059],[102.47585361200004,13.75585022100006],[102.47836773600005,13.756296690000056],[102.47947124700005,13.757666493000045],[102.48028732500006,13.761229482000033],[102.48176412500004,13.76254855700006],[102.48264890300004,13.765099356000064],[102.48379854300003,13.767002672000046],[102.48511864700004,13.768172248000042],[102.48529417400005,13.769241512000065],[102.48640741800006,13.770206146000021],[102.48978390200006,13.770144302000062],[102.49067891800007,13.774650866000059],[102.49131958100008,13.776571724000064],[102.49205292800008,13.780380464000075],[102.49239171600004,13.786936355000023],[102.49289615500004,13.792310471000064],[102.49258514900004,13.79913657000003],[102.49191955900005,13.801946153000074],[102.49249427000007,13.808863361000022],[102.49156099900006,13.816654741000036],[102.49171469300006,13.819844449000072],[102.49241407600005,13.82246174900007],[102.49244826500006,13.826333022000028],[102.49417580000005,13.829096975000027],[102.49419214700004,13.83019143100006],[102.49294973600007,13.83464553500005],[102.49273777100007,13.84019115700005],[102.49358116500008,13.841389048000053],[102.49576900400007,13.842590779000034],[102.49577147900004,13.845909377000055],[102.49609337400005,13.853233429000056],[102.49577547500007,13.854056109000055],[102.49296507200006,13.856181935000052],[102.49051706000006,13.859673814000075],[102.48863847600006,13.861025784000049],[102.48652275200004,13.863084036000032],[102.48576628800004,13.865341837000074],[102.48559290400004,13.867909998000073],[102.48496732300003,13.871285511000053],[102.48002498000005,13.87033211000005],[102.47485463200007,13.874577573000067],[102.47112616700008,13.875052931000027],[102.46929336600004,13.873412150000036],[102.46679543200008,13.87297690400004],[102.46526770800006,13.872099071000036],[102.46428217800008,13.87088092700003],[102.46406461200007,13.868329583000047],[102.46321941500008,13.863061100000039],[102.45806168000007,13.863375645000076],[102.45427451900008,13.864505364000024],[102.44966648800005,13.866341297000076],[102.44776239100008,13.866535016000057],[102.44691849500003,13.867393425000046],[102.44400340100003,13.86812389000005],[102.44161678600005,13.866928556000062],[102.44129068700005,13.865124827000045],[102.44016714300005,13.862249660000032],[102.43760595500004,13.862616338000066],[102.43557628000008,13.860435660000064],[102.43443449700004,13.85997767400005],[102.43322224600007,13.857782557000064],[102.43203979000003,13.853945459000045],[102.43047832100007,13.853660120000029],[102.42878605600004,13.851273818000038],[102.42603238300006,13.850121986000033],[102.42486761000004,13.846175131000052],[102.42441250200005,13.842315351000025],[102.42213466900006,13.839911150000034],[102.41803203700005,13.83766031600004],[102.41674792100008,13.834317561000034],[102.41555641600007,13.833196569000052],[102.41188691200006,13.833653129000027],[102.41027245700008,13.829423935000023],[102.40886380600006,13.826790535000043],[102.40573401100005,13.827013597000075],[102.40531528800005,13.823565684000073],[102.40393224600007,13.82167088500006],[102.40275921900007,13.821207342000037],[102.40172983900004,13.817226610000034],[102.40035388700005,13.815219425000066],[102.40028827000003,13.812449182000023],[102.39920128000006,13.810597291000022],[102.39771748300006,13.810019741000076],[102.39677356500005,13.807379767000043],[102.39629867100007,13.807189107000056],[102.39538153000007,13.804407825000055],[102.39634907400006,13.802909014000022],[102.39467744700005,13.80227334500006],[102.39629688600007,13.800588941000058],[102.39945172300008,13.799117890000048],[102.39982391600006,13.797514026000044],[102.40107001100006,13.797880401000043],[102.40225417400006,13.797312817000034],[102.40278625600007,13.795670278000046],[102.40492593400006,13.79508977100005],[102.40530670800007,13.791544568000063],[102.40631812400005,13.78966617900005],[102.40645500100004,13.787569881000024],[102.40787206500005,13.784487744000046],[102.40933579000006,13.783375786000022],[102.40904073200005,13.78260887500005],[102.40996493800009,13.781401432000052],[102.41015268100006,13.779358925000054],[102.41102859200004,13.778894544000025],[102.41064101900008,13.776423000000023],[102.41142588300005,13.774426365000068],[102.41220111300004,13.774389162000034],[102.41369861700008,13.77064120500006],[102.41390070200003,13.768702329000064],[102.41437233200008,13.767304651000075],[102.41662822200004,13.766582939000045],[102.41594777300008,13.765698127000064],[102.41644914500006,13.764430917000027],[102.41895937600003,13.764062944000045],[102.42066653500007,13.762239289000036],[102.41995067800008,13.76217478500007],[102.41946057200005,13.760542332000057],[102.42083045800007,13.760096174000068],[102.42034953800004,13.75817623100005],[102.42093155500004,13.75629768400006]]]},"properties":{"Shape_Leng":0.45825541277,"Shape_Area":0.009254274326,"ADM3_EN":"Han Sai","ADM3_TH":"หันทราย","ADM3_PCODE":"TH270603","ADM2_EN":"Aranyaprathet","ADM2_TH":"อรัญประเทศ","ADM2_PCODE":"TH2706","ADM1_EN":"Sa Kaeo","ADM1_TH":"สระแก้ว","ADM1_PCODE":"TH27","ADM0_EN":"Thailand","ADM0_TH":"ประเทศไทย","ADM0_PCODE":"TH"}},
{"type":"Feature","geometry":{"type":"Polygon","coordinates":[[[102.57480663200005,13.602665140000056],[102.57371832100006,13.603671258000077],[102.56913596400005,13.60517920500007],[102.56830763800008,13.606045047000066],[102.56367462600008,13.604738060000045],[102.56156024000006,13.604595802000063],[102.56084469100006,13.604014741000071],[102.55821855400006,13.60343160800005],[102.55772682300005,13.603721538000059],[102.55634604400007,13.602462781000042],[102.55473171600005,13.603128984000023],[102.55275900300006,13.602770616000043],[102.55045620400006,13.60160163300003],[102.54959902000007,13.603247516000067],[102.54704080900007,13.603472877000058],[102.54672592300005,13.60393692200006],[102.54423073300006,13.60408276100003],[102.54451017000008,13.606654582000033],[102.54343405800006,13.607271638000043],[102.54042189700004,13.606607320000023],[102.53795460400005,13.607166302000053],[102.53716600100006,13.60620909000005],[102.53522884400007,13.605569881000065],[102.53037899500004,13.605226579000032],[102.52796010800006,13.605680172000064],[102.52632981900007,13.606405343000063],[102.52601740000006,13.607369258000062],[102.52419008900006,13.60720473200007],[102.52140376900007,13.605700358000036],[102.51917768600003,13.605250634000072],[102.51717251600007,13.610086347000049],[102.51581499300005,13.614722081000025],[102.51458425900006,13.612592482000025],[102.51212613500007,13.612423598000078],[102.50637873500006,13.614597584000023],[102.49889065800005,13.614776022000058],[102.49605070000007,13.614198846000022],[102.48953743300007,13.614068228000065],[102.48284163400007,13.613132939000025],[102.48072606700003,13.612110991000065],[102.47815096500005,13.607910424000067],[102.47675239700004,13.607788500000026],[102.47691138300007,13.604411905000063],[102.47529198900008,13.602471783000055],[102.47547551300005,13.599944464000032],[102.47434500200006,13.597533202000022],[102.47287786100009,13.597515675000068],[102.47084708400007,13.59648607400004],[102.46819167400008,13.597311797000032],[102.46603838100003,13.597207180000055],[102.46523236600007,13.59644871300003],[102.46421497300008,13.596781839000073],[102.46109752800004,13.596448742000064],[102.45989026600006,13.594276229000059],[102.45893447400005,13.59407776300003],[102.45739081300007,13.592578648000028],[102.45540113400006,13.592966620000027],[102.45424760700007,13.591518883000049],[102.45489136300006,13.587498759000027],[102.45343877900007,13.584374378000064],[102.45450894200007,13.582865339000023],[102.45771244400004,13.580508724000026],[102.45752044100004,13.579331246000038],[102.45853482400008,13.579029018000028],[102.45849775800008,13.57647350800005],[102.45764381200007,13.575658993000047],[102.45857675500008,13.570626054000059],[102.45740751700004,13.57011522700003],[102.45801074900004,13.568820168000059],[102.45926931400004,13.562843844000042],[102.46009035000009,13.562480734000076],[102.46142139400007,13.564221967000037],[102.46291963400006,13.563934644000028],[102.46311413400008,13.56560945900003],[102.46381780000007,13.565135659000077],[102.46591281600007,13.565713396000035],[102.46765027900005,13.565651025000022],[102.46760979200008,13.566224834000025],[102.46945308200009,13.567340570000056],[102.46970488000005,13.565440523000063],[102.47212316100007,13.564832582000065],[102.47308620200005,13.56545972400005],[102.47294731600005,13.56674335100007],[102.47401046900006,13.567688755000063],[102.47558867100008,13.56756525700007],[102.47717413900006,13.568395166000073],[102.47866768700004,13.570794836000061],[102.47979805100005,13.571607983000035],[102.48161378900005,13.572023727000044],[102.48385236900003,13.570663729000046],[102.48776913800003,13.571716923000054],[102.48852428500004,13.571018985000023],[102.48937948400004,13.572492323000063],[102.49282257700008,13.572046424000064],[102.49332182500007,13.57034789200003],[102.49378005300008,13.571356684000023],[102.49534320900005,13.570261410000057],[102.49647629700007,13.570563740000068],[102.49651971000009,13.569313978000025],[102.49759332900004,13.569061945000044],[102.49963925100008,13.570689746000028],[102.50170888300005,13.570392274000028],[102.50336118500007,13.569647863000057],[102.50406601300006,13.568239883000047],[102.50678473300007,13.567771751000066],[102.50810427600004,13.567064860000073],[102.50966000000005,13.567920204000075],[102.51105247200007,13.567814313000042],[102.51084777800008,13.568806916000028],[102.51280794600007,13.568714044000046],[102.51564564000006,13.56719559000004],[102.51795882800008,13.567181961000074],[102.51917283600005,13.566371773000071],[102.52178721800004,13.566640688000064],[102.52427973100004,13.564622891000056],[102.52574064400005,13.565333445000022],[102.52688943700008,13.564241836000065],[102.52798896500008,13.565358824000043],[102.52793911900005,13.566611042000034],[102.52933056800003,13.565798320000056],[102.53135022700008,13.566354353000065],[102.53282054700009,13.565469084000028],[102.53265289000007,13.566346409000062],[102.53702942600006,13.56619747600007],[102.53881575900004,13.567986073000043],[102.54104477300007,13.568618410000056],[102.54050927700007,13.56987123600004],[102.54492992800004,13.573222816000055],[102.54515008400006,13.575190958000064],[102.54632481100003,13.574181278000026],[102.54919884800006,13.57685045900007],[102.55063678700009,13.576781940000046],[102.55117077600005,13.57561551200007],[102.55316603200004,13.574814993000075],[102.55424457700008,13.575518393000038],[102.55434846800006,13.576955554000051],[102.55650439400006,13.578317179000067],[102.56031826000009,13.578768916000058],[102.56279516700005,13.57862222700004],[102.56419346000007,13.582500615000072],[102.56588224300003,13.582778854000026],[102.56973304000007,13.584858491000034],[102.57027051700004,13.585895595000068],[102.56989254800004,13.588313193000033],[102.57118327300009,13.589402501000052],[102.57305319200003,13.593614866000053],[102.57217873800005,13.595950022000068],[102.57359790100008,13.59740417300003],[102.57345675600004,13.599031015000037],[102.57263618300004,13.601270120000038],[102.57429894100005,13.60026965700007],[102.57499315600006,13.600453303000052],[102.57480663200005,13.602665140000056]]]},"properties":{"Shape_Leng":0.388268906366,"Shape_Area":0.00415896329355,"ADM3_EN":"Khlong Nam Sai","ADM3_TH":"คลองน้ำใส","ADM3_PCODE":"TH270604","ADM2_EN":"Aranyaprathet","ADM2_TH":"อรัญประเทศ","ADM2_PCODE":"TH2706","ADM1_EN":"Sa Kaeo","ADM1_TH":"สระแก้ว","ADM1_PCODE":"TH27","ADM0_EN":"Thailand","ADM0_TH":"ประเทศไทย","ADM0_PCODE":"TH"}},
{"type":"Feature","geometry":{"type":"Polygon","coordinates":[[[102.50541931100008,13.674428965000061],[102.50409406700004,13.674571010000022],[102.50324737100004,13.67131078500006],[102.50042382800007,13.671935464000057],[102.50352977500006,13.65996979700003],[102.51155216800004,13.630331658000046],[102.51581499300005,13.614722081000025],[102.51717251600007,13.610086347000049],[102.51917768600003,13.605250634000072],[102.52140376900007,13.605700358000036],[102.52419008900006,13.60720473200007],[102.52601740000006,13.607369258000062],[102.52632981900007,13.606405343000063],[102.52796010800006,13.605680172000064],[102.53037899500004,13.605226579000032],[102.53522884400007,13.605569881000065],[102.53716600100006,13.60620909000005],[102.53795460400005,13.607166302000053],[102.54042189700004,13.606607320000023],[102.54343405800006,13.607271638000043],[102.54451017000008,13.606654582000033],[102.54423073300006,13.60408276100003],[102.54672592300005,13.60393692200006],[102.54704080900007,13.603472877000058],[102.54959902000007,13.603247516000067],[102.55045620400006,13.60160163300003],[102.55275900300006,13.602770616000043],[102.55473171600005,13.603128984000023],[102.55634604400007,13.602462781000042],[102.55772682300005,13.603721538000059],[102.55821855400006,13.60343160800005],[102.56084469100006,13.604014741000071],[102.56156024000006,13.604595802000063],[102.56367462600008,13.604738060000045],[102.56830763800008,13.606045047000066],[102.56913596400005,13.60517920500007],[102.57371832100006,13.603671258000077],[102.57480663200005,13.602665140000056],[102.57566255400008,13.602348333000066],[102.57798057200006,13.60335686600007],[102.57874640600005,13.604178128000058],[102.58194590200009,13.605768082000054],[102.58500614700006,13.60581350700005],[102.58539440200008,13.606451503000073],[102.58858056300005,13.606574048000027],[102.58967476800007,13.606302474000074],[102.59333239000006,13.606511827000077],[102.59560588500005,13.607706697000026],[102.59815358700007,13.607696709000038],[102.59831547000005,13.60661241500003],[102.60261694400003,13.60660129300004],[102.60466570700004,13.605906584000024],[102.60637701700006,13.606186312000034],[102.60797510900005,13.605142415000046],[102.61328484600006,13.605666395000071],[102.61352387200009,13.608060794000039],[102.61509844700004,13.608462656000029],[102.61539221900006,13.605821198000058],[102.61695672500008,13.607678375000035],[102.61866768100003,13.607557568000061],[102.61941830200004,13.608339533000049],[102.62061010500008,13.607612422000045],[102.62179745700007,13.608739700000058],[102.62462089100006,13.60812771600007],[102.62456444600008,13.610639537000054],[102.62293568000007,13.610979864000058],[102.62188793000007,13.612724162000063],[102.62048854200003,13.613448543000061],[102.61837721600006,13.613711458000068],[102.61619447700008,13.613357419000067],[102.61525137600006,13.614320553000027],[102.61361890900008,13.614869700000042],[102.61322135000006,13.616986630000042],[102.61236122700006,13.616301792000058],[102.61068320800007,13.617711324000027],[102.61021512200006,13.615395276000072],[102.60675902900005,13.616707980000058],[102.60504984400006,13.61838123900003],[102.60487362600009,13.619580904000031],[102.60362800500008,13.620058662000076],[102.60312715900005,13.619234830000039],[102.60193115400006,13.620059108000078],[102.60129319100008,13.62260492300004],[102.60042005300005,13.622350096000048],[102.59990749800005,13.62333191700003],[102.59833958200005,13.622991627000033],[102.59658438900004,13.623829048000061],[102.59448837800005,13.622799014000066],[102.59411936100008,13.62487733100005],[102.59244814200008,13.627394826000057],[102.59192855600008,13.62726860400005],[102.59193310200004,13.624985385000059],[102.59095720100004,13.625687310000046],[102.58986416700009,13.625101279000035],[102.58932389800003,13.626838172000078],[102.58805251700005,13.628671611000073],[102.58642552500004,13.630242700000053],[102.58510008000007,13.629144143000076],[102.58332339800006,13.630507213000044],[102.58149067100004,13.62815495600006],[102.57879124700008,13.628388855000026],[102.57896261000008,13.629656767000029],[102.57808688300008,13.630439444000046],[102.57670718100007,13.629628207000053],[102.57545934200004,13.629789477000031],[102.57514064800006,13.630930412000055],[102.57402838300004,13.631535408000047],[102.57406960500003,13.632895564000023],[102.57270206500004,13.63309803900006],[102.57267290400006,13.63568100200007],[102.57144293700009,13.635675168000034],[102.57053582700007,13.643018950000055],[102.56906777400008,13.644136805000073],[102.56646801900007,13.644328304000055],[102.56571451400004,13.646216036000055],[102.56433650600007,13.645728089000045],[102.56353555500004,13.647709676000034],[102.56149219700006,13.647170344000074],[102.56059046700005,13.649356466000029],[102.55957945600005,13.648391282000034],[102.55769129100008,13.648684525000021],[102.55806018500004,13.650024821000045],[102.55689733600008,13.650520890000053],[102.55808415300004,13.651183496000044],[102.55762860800007,13.65223446400006],[102.55496535300006,13.652104054000063],[102.55486086500008,13.65348149700003],[102.55321464200006,13.654229519000069],[102.55232652800004,13.656138996000038],[102.55031327200004,13.65830605900004],[102.54842803300005,13.658662582000034],[102.54912141800008,13.659968096000057],[102.54694593400006,13.661319341000024],[102.54607235700007,13.66100962400003],[102.54477367500004,13.659241665000025],[102.54275374100007,13.661818496000024],[102.54145458600004,13.66044366500006],[102.54055397200005,13.660962892000043],[102.54083751000007,13.662313681000057],[102.53938437400006,13.661191100000053],[102.53820921500005,13.661217837000038],[102.53799577800004,13.662771058000033],[102.53628835200004,13.663381414000071],[102.53511480000009,13.662049541000044],[102.53490744300007,13.663223857000048],[102.53363488500008,13.663192215000038],[102.53306142000008,13.664541979000035],[102.53166402300008,13.664431103000027],[102.53024920000007,13.666829350000057],[102.52655565900005,13.667590682000025],[102.52570136700007,13.667137517000072],[102.52161845600006,13.668633886000066],[102.52089520100009,13.669546233000062],[102.52259605300009,13.669472244000076],[102.52171217900008,13.671118346000071],[102.52039485700004,13.670489006000025],[102.52014875800006,13.672684526000069],[102.51590047200006,13.671713691000036],[102.51449301500008,13.67065862100003],[102.51366702900003,13.670824738000022],[102.51470177000004,13.671984227000053],[102.51450957700007,13.673612862000027],[102.51335134400006,13.672539014000051],[102.51235940200007,13.673344119000035],[102.51187184400004,13.67201484700007],[102.51092596400008,13.673166219000052],[102.50956362900007,13.673707810000053],[102.50865778400004,13.67493104500005],[102.50830254300007,13.673321590000057],[102.50646502000006,13.674815348000038],[102.50541931100008,13.674428965000061]]]},"properties":{"Shape_Leng":0.43237153061,"Shape_Area":0.00430299748623,"ADM3_EN":"Tha Kham","ADM3_TH":"ท่าข้าม","ADM3_PCODE":"TH270605","ADM2_EN":"Aranyaprathet","ADM2_TH":"อรัญประเทศ","ADM2_PCODE":"TH2706","ADM1_EN":"Sa Kaeo","ADM1_TH":"สระแก้ว","ADM1_PCODE":"TH27","ADM0_EN":"Thailand","ADM0_TH":"ประเทศไทย","ADM0_PCODE":"TH"}},
{"type":"Feature","geometry":{"type":"Polygon","coordinates":[[[102.55090919000008,13.663944643000036],[102.55119006200005,13.665080750000072],[102.55310327500007,13.667746434000037],[102.55617285100004,13.670324596000057],[102.55699907300004,13.672400134000043],[102.55856948400009,13.674855213000058],[102.55964342100003,13.67767395900006],[102.56197772600007,13.681303891000027],[102.56259966600004,13.683203439000067],[102.56383746600005,13.684553669000024],[102.56700156700003,13.68646185600005],[102.56788631000006,13.687631292000049],[102.56814100700007,13.689132240000049],[102.56950220000004,13.69111874500004],[102.57327775000005,13.692043401000035],[102.57474823200005,13.691873155000053],[102.57740307200004,13.693062355000052],[102.57872954400005,13.694782690000068],[102.57817734800005,13.696223635000024],[102.57892055200006,13.69771748200003],[102.58187171000009,13.700648091000062],[102.58378724300007,13.701324852000027],[102.58722957100008,13.703615394000053],[102.58949612800006,13.704083972000035],[102.59055091700009,13.70517916700004],[102.59103336800007,13.70664626000007],[102.59438310400009,13.707261489000075],[102.59734618900006,13.70656639300006],[102.60081582000004,13.707955293000055],[102.61024623100008,13.712856682000051],[102.62211251200006,13.718880124000066],[102.63620086600008,13.726398502000052],[102.64148167800005,13.729054983000026],[102.65559819200007,13.736479140000029],[102.65417581000008,13.738570350000032],[102.65362623600004,13.740491108000072],[102.65062321500005,13.74210271000004],[102.65013579500004,13.741716147000034],[102.64959629100008,13.743624460000035],[102.64866767800004,13.74300579900006],[102.64666830700008,13.744333341000072],[102.64165110700009,13.745830516000069],[102.63969229900005,13.74879287500005],[102.63878268200006,13.748297956000044],[102.63669201200008,13.751413595000031],[102.63727816100004,13.751996743000063],[102.63582441200003,13.752461788000062],[102.63685340500007,13.754218484000035],[102.63512640500005,13.757094001000041],[102.63260213700005,13.757851112000026],[102.63249148900007,13.75860052400003],[102.63093948500006,13.759521651000057],[102.62941541200007,13.758807411000078],[102.62813203400003,13.759683627000072],[102.62600960500004,13.762218285000074],[102.62682421700003,13.76728496800007],[102.62604793800006,13.768704287000048],[102.62312645800006,13.769309130000067],[102.62292770100004,13.770456594000052],[102.62186519700003,13.770598044000053],[102.62084957800005,13.77226453000003],[102.61938766600008,13.772069223000074],[102.61863559600005,13.774333918000025],[102.61735980000009,13.774347915000021],[102.61687628000004,13.775276844000075],[102.61535004000007,13.776005578000024],[102.61367358400008,13.779180350000047],[102.61170968900007,13.778702685000042],[102.60639507200005,13.781269099000042],[102.60640878300006,13.782802608000054],[102.60462521300008,13.783328956000048],[102.60492250800007,13.783947515000023],[102.60396366200007,13.785637018000045],[102.60208323900008,13.785991909000074],[102.60220242400004,13.787142925000069],[102.60027709300005,13.789142201000061],[102.59977871100006,13.790423984000029],[102.59571899600007,13.792592727000056],[102.59442040200008,13.792111564000038],[102.59329544900004,13.793049976000077],[102.56371242100005,13.773609253000075],[102.56096012500007,13.766688344000045],[102.56002223400009,13.765378755000029],[102.55908598000008,13.763017460000071],[102.55716033500005,13.760576154000034],[102.55580617800007,13.756643838000059],[102.55466857400006,13.755139909000036],[102.54216505900007,13.755121764000023],[102.54158267400004,13.754503294000074],[102.54166237200008,13.75045784200006],[102.54213619300003,13.746799378000048],[102.54052658800003,13.746161554000025],[102.54063605000005,13.743202005000057],[102.54024039600006,13.740930315000071],[102.53887858800005,13.739850449000073],[102.53633243100006,13.738807200000053],[102.53536218100004,13.737944196000058],[102.53502051100008,13.736142891000043],[102.53567206900004,13.733764784000073],[102.53514397000004,13.73297683900006],[102.53291020100005,13.729246777000071],[102.53192168000004,13.727049587000067],[102.52911667900008,13.724712835000048],[102.52754950700006,13.722642147000045],[102.52246708900009,13.719261714000027],[102.51895501400008,13.71545401800006],[102.51665063100006,13.710505506000061],[102.51641017700007,13.707355448000044],[102.51482248500008,13.703257488000077],[102.51363314700006,13.701361286000065],[102.51254656000003,13.697697661000063],[102.51331964500008,13.693292808000024],[102.51306409500006,13.689925257000027],[102.52303269900005,13.683505481000054],[102.55090919000008,13.663944643000036]]]},"properties":{"Shape_Leng":0.456154462412,"Shape_Area":0.00858951684022,"ADM3_EN":"Pa Rai","ADM3_TH":"ป่าไร่","ADM3_PCODE":"TH270606","ADM2_EN":"Aranyaprathet","ADM2_TH":"อรัญประเทศ","ADM2_PCODE":"TH2706","ADM1_EN":"Sa Kaeo","ADM1_TH":"สระแก้ว","ADM1_PCODE":"TH27","ADM0_EN":"Thailand","ADM0_TH":"ประเทศไทย","ADM0_PCODE":"TH"}},
{"type":"Feature","geometry":{"type":"Polygon","coordinates":[[[102.35899510400009,13.481447703000072],[102.35901336500007,13.482753655000067],[102.36093342200007,13.483454757000061],[102.36137629200005,13.485765757000024],[102.36103513000006,13.488457413000049],[102.36267004900009,13.489890227000046],[102.36301120400009,13.49212708300007],[102.36099638300004,13.492484192000063],[102.36179444500004,13.495367545000022],[102.36118650600008,13.496830508000073],[102.36254845600007,13.497740934000035],[102.36241514100004,13.499378011000033],[102.36117181600008,13.500110178000057],[102.36205774800004,13.503419632000032],[102.36210514600003,13.504743932000054],[102.36316677700006,13.505563578000022],[102.36218118300008,13.506333734000066],[102.36306832300005,13.506956869000021],[102.36144007000007,13.508178267000062],[102.36046904800008,13.507408959000031],[102.36043363400006,13.510312078000027],[102.35988059300007,13.511585745000048],[102.35748071000006,13.513799283000026],[102.35740225400008,13.514749705000042],[102.35319318300009,13.518895945000054],[102.35097099200004,13.52016066300007],[102.35137032200004,13.520783358000074],[102.35027319900007,13.521820150000053],[102.34984514600006,13.523292679000065],[102.35038737600007,13.52456193300003],[102.34822257000008,13.524618239000063],[102.34797092300005,13.527096019000055],[102.34704818600005,13.526950742000054],[102.34731568300003,13.528997119000053],[102.34590825300006,13.529869427000051],[102.34515689500006,13.531808307000063],[102.34499231000007,13.535011140000051],[102.34297840700003,13.53790463200005],[102.33953393300004,13.541858969000032],[102.33813053900008,13.542175643000064],[102.33697154700008,13.543642491000071],[102.33704904900009,13.54521661900003],[102.33822522200006,13.54616740800003],[102.33710717800005,13.54654338000006],[102.33872749200003,13.548123157000077],[102.33871902200008,13.550245029000052],[102.33930450900004,13.55211545900005],[102.33826416400007,13.553613895000069],[102.33933773900009,13.555191806000039],[102.33832195700006,13.555627225000023],[102.33940510300005,13.557275763000064],[102.34186816600004,13.559438674000035],[102.34295383900007,13.559548352000036],[102.34308710100004,13.560645041000043],[102.34534481600008,13.56065542500005],[102.34841870900004,13.561983123000061],[102.35013380800007,13.562128278000046],[102.35340939600007,13.56356379400006],[102.35458104200006,13.563058935000072],[102.35586242300008,13.563652195000031],[102.35637622600007,13.565396187000033],[102.35723009500003,13.564464078000071],[102.35838183200008,13.565689361000068],[102.35899187700005,13.564607092000074],[102.35996798500008,13.566266850000034],[102.35928700200009,13.567339859000072],[102.35932868600008,13.568731865000075],[102.36005903000006,13.569187886000066],[102.35930629900008,13.570719613000051],[102.35729579400004,13.571861924000075],[102.35409822900004,13.573044224000057],[102.35003500400006,13.574949020000076],[102.34196232000005,13.580617013000051],[102.33649246200008,13.58388939300005],[102.33316083600005,13.585501640000075],[102.32717457500007,13.589026743000034],[102.32676315300006,13.587908155000036],[102.32341640600004,13.586534421000067],[102.32270259100005,13.585128233000034],[102.32001483600004,13.583590301000072],[102.31928569600007,13.581428973000072],[102.32168944400007,13.58025785500007],[102.32190082300008,13.577744856000038],[102.32371601500006,13.574926127000026],[102.32583973700008,13.572219439000037],[102.32723218700005,13.571477369000036],[102.32716334600008,13.569080454000073],[102.32518701600009,13.566423413000052],[102.32257861400007,13.561427712000068],[102.32318281500005,13.549356645000046],[102.32041045200003,13.543609245000027],[102.32034792500008,13.539929169000061],[102.32157229600006,13.53202264500004],[102.32060701300009,13.530743020000045],[102.31861857400008,13.53019159300004],[102.31588970100006,13.530251220000025],[102.31535624300005,13.528642392000052],[102.31319044200006,13.528088187000037],[102.31313141900006,13.525809056000071],[102.31233551700007,13.525426186000061],[102.31117203500008,13.523575662000042],[102.31158245400007,13.520755382000061],[102.31015692800008,13.52009748300003],[102.30978591800005,13.51517453100007],[102.31002451000006,13.513763462000043],[102.31136956100005,13.511997852000036],[102.31044674300006,13.507655889000034],[102.30919979400005,13.506114043000025],[102.30856246700006,13.503168649000031],[102.30966869600007,13.50112503400004],[102.31121012300008,13.500032429000044],[102.31264511300009,13.497422375000042],[102.31254539800005,13.494174431000033],[102.31561747100005,13.48996242800007],[102.31574801300007,13.488778732000071],[102.31400438500003,13.484249601000045],[102.31390430300007,13.481727256000056],[102.31495484800007,13.480978639000057],[102.31465153600004,13.48014898200006],[102.30980296100006,13.479255755000054],[102.30701802900006,13.476952557000061],[102.30686498800009,13.473728305000066],[102.30746218900003,13.472373212000036],[102.31080848300007,13.470289468000033],[102.31020720900005,13.468536940000035],[102.31172916300005,13.467528177000077],[102.31398278600005,13.466712662000077],[102.31539085500003,13.469914060000065],[102.32334066200008,13.467504703000031],[102.32544697300006,13.484999705000064],[102.34229158200009,13.484975655000028],[102.35045601300004,13.48478536600004],[102.35369098100006,13.48444199000005],[102.35317235400004,13.48227405700004],[102.35899510400009,13.481447703000072]]]},"properties":{"Shape_Leng":0.416883716017,"Shape_Area":0.00358774886565,"ADM3_EN":"Thap Phrik","ADM3_TH":"ทับพริก","ADM3_PCODE":"TH270607","ADM2_EN":"Aranyaprathet","ADM2_TH":"อรัญประเทศ","ADM2_PCODE":"TH2706","ADM1_EN":"Sa Kaeo","ADM1_TH":"สระแก้ว","ADM1_PCODE":"TH27","ADM0_EN":"Thailand","ADM0_TH":"ประเทศไทย","ADM0_PCODE":"TH"}},
{"type":"Feature","geometry":{"type":"Polygon","coordinates":[[[102.51306409500006,13.689925257000027],[102.51331964500008,13.693292808000024],[102.51254656000003,13.697697661000063],[102.51363314700006,13.701361286000065],[102.51482248500008,13.703257488000077],[102.51641017700007,13.707355448000044],[102.51665063100006,13.710505506000061],[102.51895501400008,13.71545401800006],[102.52246708900009,13.719261714000027],[102.52754950700006,13.722642147000045],[102.52911667900008,13.724712835000048],[102.53192168000004,13.727049587000067],[102.53291020100005,13.729246777000071],[102.53514397000004,13.73297683900006],[102.53218957400009,13.734333566000032],[102.52868117300005,13.734981413000071],[102.52590149400004,13.736536689000047],[102.52010490300006,13.736607803000027],[102.51555737100006,13.737432589000036],[102.51096883400004,13.739015498000072],[102.50378985100008,13.740514649000033],[102.49836297200005,13.74102788600004],[102.49732772100003,13.739747236000028],[102.48996228600004,13.736871357000041],[102.48583436100006,13.734631227000023],[102.48476380000005,13.734324953000055],[102.47934553700009,13.73443069800004],[102.47952662600005,13.731262426000058],[102.47900450000009,13.729365319000067],[102.47302490800007,13.71725938700007],[102.47347662600004,13.716883738000035],[102.47153442700005,13.714762544000052],[102.46975450000008,13.71428996700007],[102.46913058100006,13.712323983000033],[102.46969409600007,13.711826962000032],[102.46921495700008,13.710333118000051],[102.47092817800007,13.70943711600006],[102.47109756300006,13.71119335000003],[102.47371553900007,13.708902548000026],[102.47320465000007,13.708042806000037],[102.47440553200005,13.707873173000053],[102.47558222700007,13.706463745000065],[102.47338268700008,13.704189567000071],[102.47245521600007,13.70047174800004],[102.47239631100007,13.69299611300005],[102.46963970300004,13.693404840000028],[102.46559699700003,13.694377165000049],[102.46595260900006,13.696125917000074],[102.46362507800006,13.696067545000062],[102.45922947300005,13.694313305000037],[102.45773554200008,13.693981248000057],[102.45548225600004,13.694178203000035],[102.45415541600005,13.693700398000033],[102.45276513100004,13.694248068000036],[102.44776480800004,13.693048727000075],[102.44424356500008,13.69124965900005],[102.43965026300003,13.691456220000077],[102.44040440600008,13.688724490000027],[102.44091012200005,13.688417762000029],[102.44352037200008,13.688468348000072],[102.44377721000006,13.689496277000046],[102.44519025700004,13.689838360000067],[102.44608520000008,13.688164971000049],[102.44750297400009,13.688788681000062],[102.45158929500008,13.689450312000076],[102.45391507800008,13.689425766000056],[102.45484542500009,13.673991843000067],[102.45850458300004,13.673612880000064],[102.45995203000007,13.674339547000045],[102.46469077900008,13.675462002000074],[102.46770017800009,13.67552822700003],[102.47016404000004,13.676367054000025],[102.47094452000005,13.677086575000033],[102.47620366900009,13.678977017000022],[102.47764408700004,13.680150040000058],[102.47890657300007,13.679827318000036],[102.48203469400005,13.68010442700006],[102.48343964000009,13.68097719900004],[102.48503367200004,13.681193079000025],[102.48719265300008,13.682391903000052],[102.48799696100008,13.683576218000042],[102.48881664900006,13.68336312200006],[102.48955643300008,13.685624847000042],[102.49111825300008,13.68686600500007],[102.49121948900006,13.687705288000075],[102.49266573200003,13.68855205400007],[102.49481223700008,13.688259625000057],[102.49496967600004,13.687557131000062],[102.49622899800005,13.68817880000006],[102.49649982400007,13.68944410100005],[102.49490270300004,13.689864932000035],[102.49487609300007,13.691329698000061],[102.49254210100008,13.693456453000067],[102.49099534900006,13.692712394000068],[102.49005985500008,13.693707534000055],[102.49082010200004,13.694446095000046],[102.49023052300004,13.695294771000022],[102.48889823400003,13.695072603000028],[102.49081933000008,13.702815667000039],[102.49356817300009,13.702437350000025],[102.49681074200004,13.701581070000032],[102.49840472700004,13.700739962000057],[102.51009170000003,13.691861431000063],[102.51306409500006,13.689925257000027]]]},"properties":{"Shape_Leng":0.343148968925,"Shape_Area":0.00264039724207,"ADM3_EN":"Ban Mai Nong Sai","ADM3_TH":"บ้านใหม่หนองไทร","ADM3_PCODE":"TH270608","ADM2_EN":"Aranyaprathet","ADM2_TH":"อรัญประเทศ","ADM2_PCODE":"TH2706","ADM1_EN":"Sa Kaeo","ADM1_TH":"สระแก้ว","ADM1_PCODE":"TH27","ADM0_EN":"Thailand","ADM0_TH":"ประเทศไทย","ADM0_PCODE":"TH"}},
{"type":"Feature","geometry":{"type":"Polygon","coordinates":[[[102.32717457500007,13.589026743000034],[102.33316083600005,13.585501640000075],[102.33649246200008,13.58388939300005],[102.34196232000005,13.580617013000051],[102.35003500400006,13.574949020000076],[102.35409822900004,13.573044224000057],[102.35729579400004,13.571861924000075],[102.35930629900008,13.570719613000051],[102.36037198400004,13.570730265000066],[102.36117802100006,13.572845432000065],[102.36301092200006,13.573239401000023],[102.36477887900008,13.575229207000064],[102.36410762200006,13.576074194000057],[102.36507573900008,13.577603965000037],[102.36885434700008,13.577683874000058],[102.36959749200008,13.57635282900003],[102.37185036800008,13.57660134400004],[102.37130584600004,13.574993969000047],[102.37310438600008,13.575225795000051],[102.37414313700003,13.573955685000044],[102.37605940800006,13.574208484000053],[102.38068307200007,13.573028600000043],[102.38216673400007,13.572953149000057],[102.38272734800006,13.572042335000049],[102.38418074900005,13.57200384600003],[102.38538959000005,13.572685979000028],[102.38660250800007,13.57155474600006],[102.38898940900003,13.57082126000006],[102.39023274900006,13.569910570000047],[102.39024474400009,13.568764971000064],[102.39137684700006,13.56741850800006],[102.39227356400005,13.56796312800003],[102.39275788300006,13.56705611600006],[102.39382217100007,13.567319195000039],[102.39552474000004,13.566379366000035],[102.39590989300007,13.567027363000022],[102.39711659300008,13.566354760000024],[102.39745449900005,13.567111063000027],[102.40004338100005,13.566704067000046],[102.40173315500004,13.567605119000063],[102.40450866700007,13.566866581000056],[102.40524205700007,13.566241534000028],[102.40668084500004,13.567032163000022],[102.40853815100007,13.567118496000035],[102.40949992000009,13.566491472000052],[102.41191764800004,13.566848829000037],[102.41286747400005,13.56868025600005],[102.41382006000003,13.569186014000024],[102.41533319600006,13.56890364000003],[102.41571319200006,13.569999189000043],[102.41746824600006,13.570187170000054],[102.41910999900006,13.57122535800005],[102.42119725500004,13.570828299000027],[102.42115612200007,13.570095992000063],[102.42252735200009,13.57002798600007],[102.42573677000007,13.568838517000074],[102.42530922900005,13.567720178000059],[102.42661318100005,13.568056851000051],[102.42685970300005,13.566507898000054],[102.42882539100003,13.56643682300006],[102.42870659400006,13.56506597200007],[102.42985962100005,13.56419302300003],[102.43024248600005,13.56273806300004],[102.43148909100006,13.561666825000032],[102.43275965000004,13.562479415000041],[102.43356447900004,13.56104730100003],[102.43595843700007,13.561799516000065],[102.43770272500007,13.56054370000004],[102.43828628300008,13.561040912000067],[102.43915685200005,13.56001389100004],[102.44192234800005,13.56276444100007],[102.44325153100004,13.562969628000076],[102.44387924000006,13.561465742000053],[102.44603993400005,13.560554983000031],[102.44664871900005,13.561520987000051],[102.44802104400009,13.560437385000057],[102.44811317600005,13.561708261000035],[102.44992850900007,13.56032981800007],[102.45140644300005,13.560174041000039],[102.45301978000003,13.562366689000044],[102.45475081400008,13.562175807000074],[102.45621533200006,13.563369438000052],[102.45604235900004,13.56156696100004],[102.45820118900008,13.560986678000063],[102.45926931400004,13.562843844000042],[102.45801074900004,13.568820168000059],[102.45740751700004,13.57011522700003],[102.45857675500008,13.570626054000059],[102.45764381200007,13.575658993000047],[102.45849775800008,13.57647350800005],[102.45853482400008,13.579029018000028],[102.45752044100004,13.579331246000038],[102.45771244400004,13.580508724000026],[102.45450894200007,13.582865339000023],[102.45343877900007,13.584374378000064],[102.45489136300006,13.587498759000027],[102.45424760700007,13.591518883000049],[102.45540113400006,13.592966620000027],[102.45739081300007,13.592578648000028],[102.45893447400005,13.59407776300003],[102.45989026600006,13.594276229000059],[102.46109752800004,13.596448742000064],[102.46421497300008,13.596781839000073],[102.46554341700005,13.59850055100003],[102.46626246800008,13.598007707000022],[102.47001716300008,13.598310557000048],[102.47158175500005,13.600164535000033],[102.47097274800007,13.601199721000057],[102.47146516400005,13.603063099000053],[102.47044960100004,13.603454656000054],[102.46925149900005,13.602222682000047],[102.46851619600005,13.603936694000026],[102.46660613000006,13.604742859000055],[102.46795246200008,13.608810345000052],[102.45746935400007,13.612285659000065],[102.43459493100005,13.61936423800006],[102.43403867500007,13.62013089900006],[102.43229551200005,13.62065295800005],[102.42905682900005,13.616019046000076],[102.42740032500006,13.615850891000036],[102.42689379200004,13.614444749000029],[102.42469933000007,13.613927852000074],[102.42418253400007,13.612444506000031],[102.42242800000008,13.61225950100004],[102.41787018800005,13.60999926900007],[102.41626588000008,13.608494246000078],[102.41357953900007,13.609374201000037],[102.41083080400006,13.607814928000039],[102.40968172000004,13.607957510000062],[102.40766096800007,13.607554157000038],[102.40700185800006,13.606544825000071],[102.40263475100005,13.606030433000058],[102.40207214700007,13.60651374300005],[102.40014154400006,13.604333696000026],[102.39844928100007,13.601151629000071],[102.39647938400009,13.599932057000046],[102.39232105800005,13.59911961000006],[102.38753080000004,13.599640879000049],[102.38374708100008,13.60135734000005],[102.38166029400008,13.601544423000064],[102.38098773700005,13.602816389000054],[102.37919518700005,13.604030770000065],[102.37918572600006,13.604981158000044],[102.37732430100004,13.606645135000065],[102.37699119900009,13.60839320100007],[102.37481576300007,13.610057253000036],[102.37143637600008,13.611451131000024],[102.37017427100005,13.612781895000069],[102.36847633900004,13.612941592000027],[102.36346169900008,13.614080166000065],[102.36108936600004,13.614864006000062],[102.35818055100003,13.616627056000027],[102.35670234400004,13.616460216000064],[102.35410367400004,13.617046015000028],[102.35181608700003,13.616389086000027],[102.35085464400004,13.61562146700004],[102.34870709100005,13.617337638000038],[102.34788981600008,13.617027783000026],[102.34297711100004,13.617445931000077],[102.34025294800006,13.619690775000038],[102.33827685000006,13.620134502000042],[102.33693025700006,13.62241031700006],[102.33577568300007,13.621863619000067],[102.33449131300006,13.619612801000073],[102.33526164100005,13.618656896000061],[102.33482686700006,13.61701852400006],[102.33522261200005,13.616048241000044],[102.33400862200006,13.615894574000038],[102.33333154200005,13.614127112000062],[102.33332397800007,13.61178579400007],[102.33127563600004,13.611049680000065],[102.33027759700008,13.60972371300005],[102.33047500500004,13.607996392000075],[102.32967768600008,13.60720554900007],[102.33126245200003,13.603621173000022],[102.33032217900006,13.60252519200003],[102.32983888800004,13.60087091500003],[102.33051596000007,13.600698559000023],[102.33024592100008,13.599310789000072],[102.32844697300004,13.599131725000063],[102.32758166500008,13.59829695700006],[102.32718065000006,13.596483904000024],[102.32607877000004,13.594999083000062],[102.32853795300008,13.592047368000067],[102.32717882900005,13.59047376600006],[102.32717457500007,13.589026743000034]]]},"properties":{"Shape_Leng":0.509573099766,"Shape_Area":0.00542496242672,"ADM3_EN":"Phan Suek","ADM3_TH":"ผ่านศึก","ADM3_PCODE":"TH270609","ADM2_EN":"Aranyaprathet","ADM2_TH":"อรัญประเทศ","ADM2_PCODE":"TH2706","ADM1_EN":"Sa Kaeo","ADM1_TH":"สระแก้ว","ADM1_PCODE":"TH27","ADM0_EN":"Thailand","ADM0_TH":"ประเทศไทย","ADM0_PCODE":"TH"}},
{"type":"Feature","geometry":{"type":"Polygon","coordinates":[[[102.48559290400004,13.867909998000073],[102.48576628800004,13.865341837000074],[102.48652275200004,13.863084036000032],[102.48863847600006,13.861025784000049],[102.49051706000006,13.859673814000075],[102.49296507200006,13.856181935000052],[102.49577547500007,13.854056109000055],[102.49609337400005,13.853233429000056],[102.49577147900004,13.845909377000055],[102.49576900400007,13.842590779000034],[102.49358116500008,13.841389048000053],[102.49273777100007,13.84019115700005],[102.49294973600007,13.83464553500005],[102.49419214700004,13.83019143100006],[102.49417580000005,13.829096975000027],[102.49244826500006,13.826333022000028],[102.49241407600005,13.82246174900007],[102.49171469300006,13.819844449000072],[102.49156099900006,13.816654741000036],[102.49249427000007,13.808863361000022],[102.49191955900005,13.801946153000074],[102.49258514900004,13.79913657000003],[102.49289615500004,13.792310471000064],[102.49239171600004,13.786936355000023],[102.49205292800008,13.780380464000075],[102.49131958100008,13.776571724000064],[102.49067891800007,13.774650866000059],[102.48978390200006,13.770144302000062],[102.49426756400004,13.769866773000047],[102.49948715500005,13.769093889000033],[102.50217198200005,13.76829348800004],[102.50900392500006,13.765623749000042],[102.51527553400007,13.763517614000023],[102.52317977900009,13.760511548000068],[102.52622985300007,13.760020976000021],[102.52881159600008,13.759218584000052],[102.53490945000004,13.756834923000042],[102.53809296300005,13.755836392000049],[102.54216505900007,13.755121764000023],[102.55466857400006,13.755139909000036],[102.55580617800007,13.756643838000059],[102.55716033500005,13.760576154000034],[102.55908598000008,13.763017460000071],[102.56002223400009,13.765378755000029],[102.56096012500007,13.766688344000045],[102.56371242100005,13.773609253000075],[102.59329544900004,13.793049976000077],[102.59229572900006,13.79461615100007],[102.59058538500005,13.795325425000044],[102.58953253700008,13.797039723000069],[102.58752696800008,13.801552006000065],[102.58250217000005,13.808476305000056],[102.57695236500007,13.816730656000061],[102.57379856500006,13.82067048600004],[102.56401154300005,13.830896648000078],[102.55952196000004,13.834782353000037],[102.55646529500007,13.837766130000034],[102.54972651200006,13.84310212400004],[102.54462294200005,13.845957990000045],[102.54207048400008,13.848249331000034],[102.53966248300009,13.84859278500005],[102.53926649400006,13.852422357000023],[102.53561054700003,13.853028958000039],[102.52876097700005,13.853490329000067],[102.52456214500006,13.853085830000055],[102.52038264200007,13.854006668000068],[102.51831884200004,13.855151515000045],[102.51406272400004,13.856003095000062],[102.51128904300003,13.857525897000073],[102.50804530300007,13.858305873000063],[102.50393574500004,13.860459159000072],[102.50174566900006,13.861095077000073],[102.50149448900004,13.862170798000022],[102.50235396300008,13.864074944000038],[102.50110906300006,13.865109011000072],[102.49971954300008,13.865020057000038],[102.49588734100007,13.866208765000067],[102.49367144000007,13.866149697000026],[102.48940125700005,13.866877513000077],[102.48559290400004,13.867909998000073]]]},"properties":{"Shape_Leng":0.372560695134,"Shape_Area":0.00732322399078,"ADM3_EN":"Nong Sang","ADM3_TH":"หนองสังข์","ADM3_PCODE":"TH270610","ADM2_EN":"Aranyaprathet","ADM2_TH":"อรัญประเทศ","ADM2_PCODE":"TH2706","ADM1_EN":"Sa Kaeo","ADM1_TH":"สระแก้ว","ADM1_PCODE":"TH27","ADM0_EN":"Thailand","ADM0_TH":"ประเทศไทย","ADM0_PCODE":"TH"}},
{"type":"Feature","geometry":{"type":"Polygon","coordinates":[[[102.33693025700006,13.62241031700006],[102.33827685000006,13.620134502000042],[102.34025294800006,13.619690775000038],[102.34297711100004,13.617445931000077],[102.34788981600008,13.617027783000026],[102.34870709100005,13.617337638000038],[102.35085464400004,13.61562146700004],[102.35181608700003,13.616389086000027],[102.35410367400004,13.617046015000028],[102.35670234400004,13.616460216000064],[102.35818055100003,13.616627056000027],[102.36108936600004,13.614864006000062],[102.36346169900008,13.614080166000065],[102.36847633900004,13.612941592000027],[102.37017427100005,13.612781895000069],[102.37143637600008,13.611451131000024],[102.37481576300007,13.610057253000036],[102.37699119900009,13.60839320100007],[102.37732430100004,13.606645135000065],[102.37918572600006,13.604981158000044],[102.37919518700005,13.604030770000065],[102.38098773700005,13.602816389000054],[102.38166029400008,13.601544423000064],[102.38374708100008,13.60135734000005],[102.38753080000004,13.599640879000049],[102.39232105800005,13.59911961000006],[102.39647938400009,13.599932057000046],[102.39844928100007,13.601151629000071],[102.40014154400006,13.604333696000026],[102.40207214700007,13.60651374300005],[102.40263475100005,13.606030433000058],[102.40700185800006,13.606544825000071],[102.40766096800007,13.607554157000038],[102.40968172000004,13.607957510000062],[102.41083761200008,13.612450516000024],[102.41072604300007,13.614961594000022],[102.41182673800006,13.617983295000045],[102.41389011400008,13.620514886000024],[102.41378003200003,13.624084082000024],[102.41495999300008,13.626070730000038],[102.41563042500007,13.631372013000032],[102.41640479500006,13.635704942000075],[102.41679580700009,13.63973753700003],[102.41589458600004,13.643322005000073],[102.41482864800008,13.649343552000062],[102.41429106000004,13.658614270000044],[102.41428106800004,13.663964983000028],[102.41391315200008,13.665808692000041],[102.41337329500004,13.680244653000045],[102.41266996900004,13.681788987000061],[102.41293182700008,13.68289909200007],[102.41211146800003,13.683376184000053],[102.41346150000004,13.685019221000061],[102.41671422500008,13.68511462400005],[102.41683556600003,13.685812995000049],[102.41945973300005,13.68421014200004],[102.42086585400006,13.686196117000065],[102.42123007300006,13.685320094000076],[102.42250179600006,13.685130080000022],[102.42348130300007,13.686659432000056],[102.42468650900008,13.687363514000026],[102.42653047900006,13.685996105000072],[102.43023561700005,13.68576183700003],[102.43081944000005,13.684332945000051],[102.43439134100004,13.686351087000048],[102.43670496900006,13.687046864000024],[102.44109279700007,13.68695242900003],[102.44091012200005,13.688417762000029],[102.44040440600008,13.688724490000027],[102.43965026300003,13.691456220000077],[102.43898718500009,13.691868374000023],[102.43621157100006,13.692109919000075],[102.43486278400007,13.695568612000045],[102.43163852600009,13.694585368000048],[102.42821903900006,13.695513400000038],[102.42845551400006,13.69745911900003],[102.42783628500007,13.699249837000025],[102.42512086900007,13.699037406000059],[102.42516614400006,13.700493519000077],[102.42202313800004,13.700214002000052],[102.42161188300008,13.702907782000068],[102.41990967800007,13.70177628700003],[102.41909128700007,13.70597093400005],[102.41464933600008,13.705051035000054],[102.41457802900004,13.703775990000054],[102.41298084000005,13.703733753000051],[102.41212487400009,13.702062272000035],[102.41070562200008,13.701659464000045],[102.40947379700003,13.702448137000033],[102.40809871100004,13.701441991000024],[102.40687888300005,13.701274719000025],[102.40572241700005,13.69977756700007],[102.40209065700009,13.699668516000031],[102.40030383400006,13.697800813000072],[102.39934781400007,13.697477268000057],[102.39692979700004,13.69505199100007],[102.39623168100007,13.694806441000026],[102.39506445300003,13.692483439000057],[102.39456015500008,13.69051074400005],[102.39168324600007,13.689099705000046],[102.39169840400007,13.688067318000037],[102.38990204400005,13.68684058100007],[102.38904549000006,13.686897693000049],[102.38679356700004,13.685801526000034],[102.38841258000008,13.681686575000072],[102.39129913400006,13.681139724000047],[102.39065966400005,13.679255904000058],[102.38803744700004,13.676554924000072],[102.38605542800008,13.676686514000039],[102.38513305900005,13.675081108000029],[102.38373926300005,13.67430087100007],[102.38447628300008,13.673022618000061],[102.38534214000003,13.673196634000021],[102.38543790800009,13.671901639000055],[102.38419713100006,13.672087937000072],[102.38404942800008,13.670303846000024],[102.38131208700008,13.670183525000027],[102.38018438200004,13.668721804000029],[102.37873405100004,13.669300981000049],[102.37773151900006,13.667294950000041],[102.37837333000004,13.666811007000035],[102.37698718300004,13.66617799200003],[102.37782746900007,13.665634480000051],[102.37567482300005,13.665192927000021],[102.37528301900005,13.664293160000057],[102.37361208600004,13.664213179000058],[102.37200218800007,13.66314896700004],[102.37005094300008,13.662971257000038],[102.36875154700004,13.661751130000027],[102.36698660400003,13.661494958000048],[102.36628053800007,13.660665426000037],[102.36433466500006,13.661313695000047],[102.36199989900007,13.661322453000025],[102.36125229000004,13.660726686000032],[102.35961445300006,13.662103244000036],[102.36030195900008,13.663748816000066],[102.35895825300008,13.663812292000046],[102.35766708700004,13.664894790000062],[102.35761223200006,13.665764111000044],[102.35635608900009,13.665505521000057],[102.35522600300004,13.666213329000072],[102.35393423500005,13.665971519000038],[102.35422517100005,13.664935810000031],[102.35133219600004,13.664714468000057],[102.34947419700006,13.663181609000048],[102.34944301700006,13.661681343000055],[102.34815286300005,13.661954786000024],[102.34719566500007,13.661023026000066],[102.34501318600007,13.661296519000075],[102.34544625900008,13.659612552000056],[102.34469322600006,13.65834723200004],[102.34552191800009,13.658241253000028],[102.34537303700006,13.655988872000023],[102.34440361200006,13.655914671000062],[102.34264964500005,13.654338016000054],[102.34373892200006,13.653375223000069],[102.34275108100007,13.652530092000063],[102.34246540900006,13.650642230000074],[102.34069302200004,13.649433682000051],[102.33961283900004,13.646863827000061],[102.33826003900003,13.646818662000044],[102.33866840500008,13.645903568000051],[102.34004110800004,13.645443734000025],[102.33947337800004,13.644318018000035],[102.33771184600005,13.643924381000033],[102.33648188000006,13.644216793000055],[102.33626165100009,13.642926966000061],[102.33526487200004,13.642002310000066],[102.33642787200006,13.639976923000063],[102.33647217700008,13.638571282000044],[102.33463963700007,13.637731012000074],[102.33616356400006,13.637067757000068],[102.33659206800007,13.634245157000066],[102.33579546600004,13.633882844000027],[102.33735952000006,13.632076351000023],[102.33635484600006,13.630030950000048],[102.33721392100006,13.629038712000067],[102.33562302900003,13.626333239000076],[102.33583411900008,13.624154056000066],[102.33693025700006,13.62241031700006]]]},"properties":{"Shape_Leng":0.485834250209,"Shape_Area":0.00531685823283,"ADM3_EN":"Khlong Thap Chan","ADM3_TH":"คลองทับจันทร์","ADM3_PCODE":"TH270611","ADM2_EN":"Aranyaprathet","ADM2_TH":"อรัญประเทศ","ADM2_PCODE":"TH2706","ADM1_EN":"Sa Kaeo","ADM1_TH":"สระแก้ว","ADM1_PCODE":"TH27","ADM0_EN":"Thailand","ADM0_TH":"ประเทศไทย","ADM0_PCODE":"TH"}},
{"type":"Feature","geometry":{"type":"Polygon","coordinates":[[[102.49622899800005,13.68817880000006],[102.49496967600004,13.687557131000062],[102.49481223700008,13.688259625000057],[102.49266573200003,13.68855205400007],[102.49121948900006,13.687705288000075],[102.49111825300008,13.68686600500007],[102.48955643300008,13.685624847000042],[102.48881664900006,13.68336312200006],[102.48799696100008,13.683576218000042],[102.48719265300008,13.682391903000052],[102.48503367200004,13.681193079000025],[102.48343964000009,13.68097719900004],[102.48203469400005,13.68010442700006],[102.47890657300007,13.679827318000036],[102.47764408700004,13.680150040000058],[102.47620366900009,13.678977017000022],[102.47094452000005,13.677086575000033],[102.47016404000004,13.676367054000025],[102.46770017800009,13.67552822700003],[102.46469077900008,13.675462002000074],[102.45995203000007,13.674339547000045],[102.45850458300004,13.673612880000064],[102.45484542500009,13.673991843000067],[102.45392115500005,13.673529121000058],[102.45259192000003,13.669786084000066],[102.45126920600006,13.66839417600005],[102.45139863500003,13.666558799000029],[102.44946560300008,13.663473064000073],[102.44838577500008,13.662465865000058],[102.44828171700004,13.66057384100003],[102.44704089300006,13.66005192700004],[102.44756506400006,13.657994816000041],[102.44561509200008,13.656263533000072],[102.44748515100008,13.654072951000046],[102.44342494600005,13.65173186100003],[102.44175930700004,13.649702987000069],[102.44031302100007,13.64715592400006],[102.43866745800005,13.642474247000052],[102.46590704300007,13.633899130000032],[102.46534727300008,13.632136315000025],[102.46552016400005,13.630881809000073],[102.46662854400006,13.629355865000036],[102.46977581900006,13.627429703000075],[102.46882465200008,13.624233833000062],[102.46728190900006,13.623686002000056],[102.46592639200009,13.624429572000054],[102.46409104600008,13.624271660000034],[102.46358162600006,13.622660058000065],[102.46710671500006,13.621570966000036],[102.47113020300009,13.62538102600007],[102.47243816700006,13.625694631000044],[102.47447705400003,13.622196355000028],[102.47434099100008,13.620274798000025],[102.47476130800004,13.618956445000038],[102.47610237000004,13.617843957000048],[102.47589285300006,13.617228367000052],[102.47305099400006,13.616966381000054],[102.47271492700008,13.615077789000054],[102.47348200300007,13.614795521000076],[102.47257460100008,13.61339011900003],[102.46974859000005,13.613791340000034],[102.46795246200008,13.608810345000052],[102.46660613000006,13.604742859000055],[102.46851619600005,13.603936694000026],[102.46925149900005,13.602222682000047],[102.47044960100004,13.603454656000054],[102.47146516400005,13.603063099000053],[102.47097274800007,13.601199721000057],[102.47158175500005,13.600164535000033],[102.47001716300008,13.598310557000048],[102.46626246800008,13.598007707000022],[102.46554341700005,13.59850055100003],[102.46421497300008,13.596781839000073],[102.46523236600007,13.59644871300003],[102.46603838100003,13.597207180000055],[102.46819167400008,13.597311797000032],[102.47084708400007,13.59648607400004],[102.47287786100009,13.597515675000068],[102.47434500200006,13.597533202000022],[102.47547551300005,13.599944464000032],[102.47529198900008,13.602471783000055],[102.47691138300007,13.604411905000063],[102.47675239700004,13.607788500000026],[102.47815096500005,13.607910424000067],[102.48072606700003,13.612110991000065],[102.48284163400007,13.613132939000025],[102.48953743300007,13.614068228000065],[102.49605070000007,13.614198846000022],[102.49889065800005,13.614776022000058],[102.50637873500006,13.614597584000023],[102.51212613500007,13.612423598000078],[102.51458425900006,13.612592482000025],[102.51581499300005,13.614722081000025],[102.51155216800004,13.630331658000046],[102.50352977500006,13.65996979700003],[102.50042382800007,13.671935464000057],[102.50324737100004,13.67131078500006],[102.50409406700004,13.674571010000022],[102.50541931100008,13.674428965000061],[102.50433846300007,13.675946249000049],[102.50461326700008,13.67695133500007],[102.50321948200008,13.678244827000071],[102.50286661300004,13.679412787000047],[102.50350534600005,13.680243303000054],[102.50486779700009,13.680395348000047],[102.50450534500004,13.681999602000076],[102.50322532600006,13.682466395000063],[102.50267808000007,13.681191597000065],[102.50175102200006,13.682333174000064],[102.50116295100008,13.68445792600005],[102.50013397300006,13.68456010500006],[102.49868137800007,13.683388745000059],[102.49818498000008,13.688266125000041],[102.49748651000004,13.689405976000046],[102.49708780800006,13.688041449000025],[102.49622899800005,13.68817880000006]]]},"properties":{"Shape_Leng":0.377033822508,"Shape_Area":0.00361148621844,"ADM3_EN":"Fak Huai","ADM3_TH":"ฟากห้วย","ADM3_PCODE":"TH270612","ADM2_EN":"Aranyaprathet","ADM2_TH":"อรัญประเทศ","ADM2_PCODE":"TH2706","ADM1_EN":"Sa Kaeo","ADM1_TH":"สระแก้ว","ADM1_PCODE":"TH27","ADM0_EN":"Thailand","ADM0_TH":"ประเทศไทย","ADM0_PCODE":"TH"}},
{"type":"Feature","geometry":{"type":"Polygon","coordinates":[[[102.41909128700007,13.70597093400005],[102.41990967800007,13.70177628700003],[102.42161188300008,13.702907782000068],[102.42202313800004,13.700214002000052],[102.42516614400006,13.700493519000077],[102.42512086900007,13.699037406000059],[102.42783628500007,13.699249837000025],[102.42845551400006,13.69745911900003],[102.42821903900006,13.695513400000038],[102.43163852600009,13.694585368000048],[102.43486278400007,13.695568612000045],[102.43621157100006,13.692109919000075],[102.43898718500009,13.691868374000023],[102.43965026300003,13.691456220000077],[102.44424356500008,13.69124965900005],[102.44776480800004,13.693048727000075],[102.45276513100004,13.694248068000036],[102.45415541600005,13.693700398000033],[102.45548225600004,13.694178203000035],[102.45773554200008,13.693981248000057],[102.45922947300005,13.694313305000037],[102.46362507800006,13.696067545000062],[102.46595260900006,13.696125917000074],[102.46559699700003,13.694377165000049],[102.46963970300004,13.693404840000028],[102.47239631100007,13.69299611300005],[102.47245521600007,13.70047174800004],[102.47338268700008,13.704189567000071],[102.47558222700007,13.706463745000065],[102.47440553200005,13.707873173000053],[102.47320465000007,13.708042806000037],[102.47371553900007,13.708902548000026],[102.47109756300006,13.71119335000003],[102.47092817800007,13.70943711600006],[102.46921495700008,13.710333118000051],[102.46969409600007,13.711826962000032],[102.46913058100006,13.712323983000033],[102.46975450000008,13.71428996700007],[102.47153442700005,13.714762544000052],[102.47347662600004,13.716883738000035],[102.47302490800007,13.71725938700007],[102.47900450000009,13.729365319000067],[102.47952662600005,13.731262426000058],[102.47934553700009,13.73443069800004],[102.48476380000005,13.734324953000055],[102.48583436100006,13.734631227000023],[102.48996228600004,13.736871357000041],[102.49732772100003,13.739747236000028],[102.49836297200005,13.74102788600004],[102.50378985100008,13.740514649000033],[102.51096883400004,13.739015498000072],[102.51555737100006,13.737432589000036],[102.52010490300006,13.736607803000027],[102.52590149400004,13.736536689000047],[102.52868117300005,13.734981413000071],[102.53218957400009,13.734333566000032],[102.53514397000004,13.73297683900006],[102.53567206900004,13.733764784000073],[102.53502051100008,13.736142891000043],[102.53536218100004,13.737944196000058],[102.53633243100006,13.738807200000053],[102.53887858800005,13.739850449000073],[102.54024039600006,13.740930315000071],[102.54063605000005,13.743202005000057],[102.54052658800003,13.746161554000025],[102.54213619300003,13.746799378000048],[102.54166237200008,13.75045784200006],[102.54158267400004,13.754503294000074],[102.54216505900007,13.755121764000023],[102.53809296300005,13.755836392000049],[102.53490945000004,13.756834923000042],[102.52881159600008,13.759218584000052],[102.52622985300007,13.760020976000021],[102.52317977900009,13.760511548000068],[102.51527553400007,13.763517614000023],[102.50900392500006,13.765623749000042],[102.50217198200005,13.76829348800004],[102.49948715500005,13.769093889000033],[102.49426756400004,13.769866773000047],[102.48978390200006,13.770144302000062],[102.48640741800006,13.770206146000021],[102.48529417400005,13.769241512000065],[102.48511864700004,13.768172248000042],[102.48379854300003,13.767002672000046],[102.48264890300004,13.765099356000064],[102.48176412500004,13.76254855700006],[102.48028732500006,13.761229482000033],[102.47947124700005,13.757666493000045],[102.47836773600005,13.756296690000056],[102.47585361200004,13.75585022100006],[102.47269382900004,13.752490045000059],[102.47097621500006,13.752245548000076],[102.46976533800006,13.751165470000046],[102.46912394900005,13.749014573000068],[102.46778200200004,13.748201680000022],[102.46653642200005,13.745623783000042],[102.46678422700006,13.744852176000052],[102.46271432500004,13.740693453000063],[102.46123370700008,13.740216166000039],[102.45888563400007,13.735480198000062],[102.46003321900008,13.733182885000076],[102.45951096100003,13.731659600000057],[102.45805771800008,13.73193128500003],[102.45781926300003,13.730160140000066],[102.46009498700005,13.73001688200003],[102.46054377200005,13.72823293700003],[102.45744432700008,13.726385354000058],[102.45599323200008,13.726774705000025],[102.45336705900007,13.725412013000039],[102.45244004600005,13.722832202000063],[102.44944344800007,13.72104212000005],[102.44867551400006,13.722010972000021],[102.44769585200004,13.72089412400004],[102.44685548600006,13.721302409000032],[102.44475559500006,13.72005725400004],[102.44455717200003,13.72055761200005],[102.44202695900003,13.720090559000027],[102.44090414100003,13.721645077000062],[102.43756825100007,13.72144645000003],[102.43725958000005,13.719764318000045],[102.43774043500008,13.717662655000026],[102.43649194300008,13.716801209000039],[102.43414155900007,13.71632908500004],[102.43280823300006,13.715497387000028],[102.43272266800005,13.713826721000032],[102.43132249200005,13.712894856000048],[102.43147292000003,13.71209641200005],[102.43065235600005,13.709677765000038],[102.42741515900008,13.709391132000064],[102.42390067000008,13.70608598800004],[102.42151777300006,13.70662453500006],[102.42051269100006,13.705942667000045],[102.41909128700007,13.70597093400005]]]},"properties":{"Shape_Leng":0.409436308829,"Shape_Area":0.00341045753264,"ADM3_EN":"Ban Dan","ADM3_TH":"บ้านด่าน","ADM3_PCODE":"TH270613","ADM2_EN":"Aranyaprathet","ADM2_TH":"อรัญประเทศ","ADM2_PCODE":"TH2706","ADM1_EN":"Sa Kaeo","ADM1_TH":"สระแก้ว","ADM1_PCODE":"TH27","ADM0_EN":"Thailand","ADM0_TH":"ประเทศไทย","ADM0_PCODE":"TH"}},
{"type":"Feature","geometry":{"type":"Polygon","coordinates":[[[102.07590858800006,13.743334119000053],[102.07549259500007,13.740775798000072],[102.07645149100006,13.73940297300004],[102.07858057900006,13.739838529000053],[102.07833915200007,13.737952170000028],[102.07745697600006,13.736798923000038],[102.07698586500004,13.733555847000048],[102.07747602500007,13.732157381000036],[102.07686363700009,13.728726700000038],[102.07594110600007,13.727679476000048],[102.07677786200009,13.726423080000075],[102.07684995000005,13.724474933000067],[102.07743332200005,13.722748496000065],[102.07917393500009,13.721378701000049],[102.07926715600007,13.720250718000045],[102.07797679200007,13.719031062000056],[102.07764030000004,13.716992692000076],[102.07530052900006,13.716739291000067],[102.07401964700006,13.71517564800007],[102.07293632800008,13.715144878000046],[102.07173657600003,13.713124038000046],[102.07214960900006,13.711416755000073],[102.06941476400004,13.71063429000003],[102.06973842700006,13.707675334000044],[102.06900043100006,13.705188016000022],[102.06755920300009,13.702886441000032],[102.06716228900007,13.700921410000035],[102.06820028200008,13.697912737000024],[102.06785021500008,13.695978892000028],[102.06896255100008,13.694049604000043],[102.06816177200005,13.687432482000077],[102.06737626400007,13.685567580000054],[102.06754378200009,13.683450293000021],[102.06947416700007,13.682677412000032],[102.06806469000009,13.678155803000038],[102.06973119800006,13.677799254000035],[102.07281260500008,13.678087839000057],[102.07401476000007,13.677006235000022],[102.07336555500007,13.673124318000077],[102.07352549400008,13.670426130000067],[102.07509233500008,13.669548802000065],[102.07562740100008,13.667858167000077],[102.07382694000006,13.665039063000052],[102.07262606200004,13.664068977000056],[102.07298926800007,13.662725452000075],[102.07503183300008,13.661311160000025],[102.07820614900004,13.660908633000076],[102.07793062500008,13.659350620000055],[102.07542807300007,13.657507051000039],[102.07496772900004,13.65672750300007],[102.07575786700005,13.655378679000023],[102.07556060900004,13.653411181000024],[102.07664514600003,13.651098126000022],[102.07662084100008,13.650029478000022],[102.07490700000005,13.649403914000061],[102.07459448700007,13.648658845000057],[102.07736899200006,13.645713766000028],[102.07946579300005,13.644964316000028],[102.08322728900004,13.643585276000067],[102.08362533300004,13.642673942000044],[102.08238889400008,13.641548016000058],[102.08414207600003,13.641634122000028],[102.08597530700007,13.642900047000069],[102.08662735800004,13.644056197000054],[102.08861199700004,13.641485962000047],[102.08941513200006,13.643217245000073],[102.09028978000003,13.642019118000064],[102.09046731100005,13.639813503000028],[102.09105939900007,13.640574642000047],[102.09222739700004,13.640175028000044],[102.09261898600005,13.641144749000034],[102.09459592700006,13.641595636000034],[102.09445437000005,13.64275271400004],[102.09573906400004,13.644577773000037],[102.09774862800003,13.645233803000053],[102.09890067600008,13.645051866000074],[102.10108472000007,13.647051150000038],[102.10286793100005,13.649589994000053],[102.10465665700008,13.650521720000029],[102.10643003700005,13.653031394000038],[102.10799798400006,13.654389381000044],[102.10864006500009,13.655970051000054],[102.11175748600004,13.656830642000045],[102.11273078500005,13.658492120000062],[102.11443968600008,13.659388232000026],[102.11680681700005,13.661588018000032],[102.12045578800007,13.660582562000059],[102.12329797500007,13.660717549000026],[102.12782795700008,13.661804198000027],[102.12956231100009,13.66438649500003],[102.12855178600006,13.667359290000036],[102.12706607700005,13.667788593000068],[102.12695348800008,13.670602836000057],[102.12126020300008,13.673305627000047],[102.11756229200006,13.673111314000039],[102.11539022700003,13.673422061000053],[102.11496930500005,13.674289397000052],[102.11218950100005,13.673568587000034],[102.10964973600005,13.674205107000034],[102.10921336200005,13.672977747000061],[102.10699644100004,13.67355350300005],[102.10391503300008,13.673223707000034],[102.10173853100008,13.67462733700006],[102.10144010900007,13.677290441000025],[102.10069428100007,13.678435798000066],[102.09926394600006,13.678585970000029],[102.09808895600008,13.680898694000064],[102.09821739200004,13.684066604000066],[102.09746038500003,13.685098735000054],[102.09647954100006,13.685085031000028],[102.09611654300005,13.68650900800003],[102.09444825200006,13.687471448000053],[102.09344402300007,13.68917977600006],[102.09373702600004,13.69015861500003],[102.09276264100004,13.691748479000069],[102.09262810300004,13.693835627000055],[102.09201208300004,13.694015744000069],[102.09185989500008,13.699001037000073],[102.09101786300005,13.699077697000064],[102.09175338900008,13.700830395000025],[102.09109664100004,13.70237043700007],[102.09335268500007,13.701921518000063],[102.09998416900004,13.702431826000065],[102.10476517500007,13.70450072500006],[102.10259240700003,13.705632881000042],[102.10303639400007,13.711652315000038],[102.10169931400009,13.713091710000072],[102.10325165300009,13.717043860000047],[102.10483843000009,13.72030916500006],[102.10142163300009,13.721509297000068],[102.10143138300003,13.722250915000075],[102.09774953100003,13.723342241000068],[102.09803067000007,13.724572007000063],[102.09619117800008,13.725573755000028],[102.09614297200005,13.72655966700006],[102.09398471900005,13.726773836000064],[102.09478301400009,13.729615685000056],[102.09535612500008,13.73025503200006],[102.09449531300004,13.73185413300007],[102.09456363900006,13.73490182300003],[102.09638054000004,13.735622977000048],[102.09917058200006,13.737833092000074],[102.09882979700006,13.73964856300006],[102.09662301200007,13.742891543000042],[102.09582935100008,13.743468893000056],[102.09579158200006,13.745118924000053],[102.09465142600004,13.74712323500006],[102.09201554600008,13.749480378000044],[102.09200178100008,13.751018853000062],[102.09045880700006,13.751848602000052],[102.09001237000007,13.752954282000076],[102.08977356200006,13.758820857000046],[102.08662281600004,13.760192730000028],[102.08294226200007,13.76040279700004],[102.08124641700005,13.757705728000076],[102.07855495100006,13.755568681000057],[102.07822792700006,13.753392216000066],[102.07981080400003,13.752332980000062],[102.07970310800005,13.750623549000068],[102.07769664500006,13.747971097000061],[102.07746816700006,13.746129495000048],[102.07813710100004,13.745580103000066],[102.07962013800005,13.746204055000021],[102.07947478900007,13.744948574000034],[102.07670843200003,13.74454353300007],[102.07590858800006,13.743334119000053]]]},"properties":{"Shape_Leng":0.416871777381,"Shape_Area":0.00319031667587,"ADM3_EN":"Khao Chakan","ADM3_TH":"เขาฉกรรจ์","ADM3_PCODE":"TH270701","ADM2_EN":"Khao Chakan","ADM2_TH":"เขาฉกรรจ์","ADM2_PCODE":"TH2707","ADM1_EN":"Sa Kaeo","ADM1_TH":"สระแก้ว","ADM1_PCODE":"TH27","ADM0_EN":"Thailand","ADM0_TH":"ประเทศไทย","ADM0_PCODE":"TH"}},
{"type":"Feature","geometry":{"type":"Polygon","coordinates":[[[101.94288304500009,13.692339021000066],[101.94478979500008,13.688726497000061],[101.94561250400005,13.688226769000039],[101.94477730300008,13.687474585000075],[101.94529660500007,13.68521228000003],[101.94425614400006,13.684120793000034],[101.94520931600005,13.682920902000035],[101.94475740400009,13.681154048000053],[101.94533754400004,13.679804355000044],[101.94425349400007,13.677443175000064],[101.94574625900003,13.676360869000064],[101.94531584200007,13.675325632000067],[101.94650373700006,13.675344768000059],[101.94632992600003,13.67380445200007],[101.94749229600006,13.673016395000047],[101.94800551800006,13.67126225100003],[101.94706825700007,13.670703933000027],[101.94641970600009,13.669088209000051],[101.94819054300007,13.667242884000075],[101.94795942900004,13.663979400000073],[101.94616439300006,13.66148937500003],[101.94685640300008,13.66043353200007],[101.94580898200007,13.657378136000034],[101.94492134300003,13.657342959000061],[101.94566925700008,13.655092703000037],[101.94419080700004,13.65382119000003],[101.94441257100004,13.652872067000033],[101.94328560400004,13.649459511000032],[101.94152900900008,13.648578378000025],[101.93943104800007,13.648258714000065],[101.93861686100007,13.646002544000055],[101.94006242600005,13.644865216000028],[101.94089071300004,13.643427922000058],[101.93930252700005,13.641837805000023],[101.93927952100006,13.638764011000035],[101.93970583100008,13.637503692000053],[101.93839150000008,13.635787005000054],[101.93743526400004,13.633710319000045],[101.93769385700006,13.632543097000053],[101.93688458100007,13.632197551000047],[101.93707143300009,13.627139545000034],[101.93873310600009,13.626313319000076],[101.94024800200003,13.623861920000024],[101.94234847800004,13.619105827000055],[101.94127272300005,13.618237667000074],[101.94186151500008,13.61632576200003],[101.94059875100004,13.616356118000056],[101.93891132500005,13.615001870000071],[101.93771956800003,13.614764893000029],[101.93694290200006,13.613681760000077],[101.93577788700009,13.613549115000069],[101.93409884200008,13.610868807000031],[101.93032125600007,13.61097908000005],[101.92912721800008,13.610664274000044],[101.92526377700005,13.610970846000043],[101.92468018900007,13.61013654900006],[101.92354813300005,13.610617172000048],[101.92185194300004,13.610433185000034],[101.92059807000004,13.609483541000031],[101.91978891300005,13.610616721000042],[101.91725533500005,13.609124982000026],[101.91608395700007,13.607425340000077],[101.91362776100004,13.607285681000064],[101.91071848600006,13.605447501000071],[101.90955413000006,13.605287284000042],[101.90861908600004,13.601880249000033],[101.90883755500005,13.600104108000039],[101.91203866400008,13.596355084000038],[101.91224521900006,13.595178105000059],[101.91345156300008,13.593277662000048],[101.91272567300007,13.590671588000077],[101.91307138000008,13.587912041000038],[101.91628993300009,13.586979367000026],[101.91664918000004,13.586115384000038],[101.91536335800004,13.586029435000057],[101.91357065100004,13.58256962300004],[101.91344432800008,13.580796001000067],[101.91251923000004,13.58028279000007],[101.91204458900006,13.578599999000062],[101.91041477600004,13.57746166000004],[101.91007900000005,13.575430668000024],[101.90886578000004,13.574335494000024],[101.90923620100006,13.57305301200006],[101.90875436500005,13.571566866000069],[101.90704765300006,13.571071395000047],[101.90784704000004,13.569986540000059],[101.91091932300009,13.567656589000023],[101.91437492900008,13.566851540000073],[101.91721815500006,13.566872118000049],[101.91830373300007,13.566392103000055],[101.91999166700003,13.568057514000031],[101.92207481800006,13.566059074000066],[101.92462993500004,13.565989124000055],[101.92557500100008,13.565502226000035],[101.92769268800004,13.565558104000047],[101.92795140100009,13.564522732000057],[101.92969329400006,13.564065065000023],[101.93290132300007,13.56456548400007],[101.93631309200003,13.563740840000037],[101.93900973400008,13.561972973000024],[101.94282121600008,13.561406933000058],[101.94433650400003,13.56033265800005],[101.94769512700009,13.55712713400004],[101.95099261500008,13.553273838000052],[101.95419981600008,13.556977355000072],[101.95680939600004,13.554088310000054],[101.96005776700008,13.55633061900005],[101.96086827700009,13.557946272000038],[101.95643192000006,13.561674289000052],[101.95808018700006,13.564336448000063],[101.95979119200007,13.563526241000034],[101.96076893300005,13.56507827200005],[101.96158676700009,13.56429279100007],[101.96456657900006,13.568492412000069],[101.96843267200006,13.56611573500004],[101.97247745900006,13.56830255400007],[101.96890875700007,13.570405789000063],[101.96854265400003,13.572551375000046],[101.96922495700005,13.572985510000024],[101.96887065400006,13.577701140000045],[101.97349204800008,13.57690492200004],[101.97714946200006,13.578111945000046],[101.98400753600004,13.580783968000048],[101.98340197400006,13.582904249000023],[101.98330467000005,13.585921454000072],[101.98450907500006,13.589104272000043],[101.98779561000003,13.589323054000033],[101.98768812100008,13.588106327000048],[101.98932397800007,13.588528148000023],[101.99020044700006,13.587760403000061],[101.99209981900003,13.588182260000053],[101.99266450600004,13.589080929000033],[101.99329656100008,13.588261333000048],[101.99391772000007,13.589197976000037],[101.99570876200005,13.588599658000021],[101.99663898300008,13.589274224000064],[101.99646959300009,13.591060097000025],[101.99488897800006,13.593786815000044],[101.99497303500004,13.595441766000022],[101.99397080600005,13.59588070600006],[101.99344789200006,13.597553276000042],[101.99106322300008,13.598375909000026],[101.99091935600006,13.599997753000025],[101.99159777200003,13.600297552000029],[101.99234679600005,13.603709108000032],[101.99163875800008,13.605058075000045],[101.98983889900006,13.606341796000038],[101.98870029200003,13.608797167000034],[101.99044571800005,13.610389592000047],[101.99071915900004,13.61126985900006],[101.99276189900007,13.612158154000042],[101.99353722500007,13.611815204000038],[101.99502679200003,13.612530500000048],[101.99694131200005,13.612760404000028],[101.99883922800007,13.615241510000033],[101.99966873400007,13.614996419000022],[102.00143231500005,13.619748473000072],[102.00237169900004,13.621562878000077],[102.00351351400008,13.622041252000031],[102.00667022900006,13.620035888000075],[102.00709883400003,13.618804382000064],[102.00829611400007,13.619224332000044],[102.01028630900004,13.618988516000059],[102.01160636100008,13.622700517000055],[102.01743168900003,13.621841633000031],[102.01996067200008,13.619943490000026],[102.02054684000007,13.621162682000033],[102.02379650600005,13.620930690000023],[102.02718067100005,13.619523643000036],[102.03174100500007,13.621477064000032],[102.03238829300005,13.619328181000071],[102.03380402200008,13.619241249000027],[102.03699648100007,13.619744838000031],[102.03790332500006,13.619433135000065],[102.04125973500004,13.619897542000047],[102.04352531800004,13.61724401500004],[102.04604407800008,13.615403634000074],[102.04842013400008,13.619265015000053],[102.05041791900004,13.618387057000064],[102.05199732400007,13.61668716400004],[102.05092070500007,13.620151930000077],[102.05108555100009,13.621022410000023],[102.05278505900009,13.621727415000066],[102.05540063300003,13.61963131500005],[102.05642459400008,13.621726667000075],[102.05740443000008,13.621846592000054],[102.05998529700008,13.61997083500006],[102.06163693600007,13.622487351000075],[102.06491599700007,13.621856704000038],[102.06519768500004,13.622773391000067],[102.06433831000004,13.624437341000032],[102.06480700400004,13.62648450000006],[102.06639013300008,13.62658960300007],[102.06707811000007,13.627328963000025],[102.06667851800006,13.629185213000028],[102.06711307600006,13.630327290000025],[102.06844944700003,13.628738088000034],[102.06941782100006,13.628839765000066],[102.06936724900004,13.633338514000059],[102.06905064600005,13.63494444500003],[102.06959471000005,13.63701631300006],[102.07059869000005,13.638418947000048],[102.07078444900009,13.641477720000069],[102.07146623100004,13.641733227000032],[102.07373883200006,13.64065296800004],[102.07564744700005,13.643595057000027],[102.07638464500008,13.643787545000066],[102.07762986700004,13.642107776000046],[102.07946579300005,13.644964316000028],[102.07736899200006,13.645713766000028],[102.07459448700007,13.648658845000057],[102.07490700000005,13.649403914000061],[102.07662084100008,13.650029478000022],[102.07664514600003,13.651098126000022],[102.07556060900004,13.653411181000024],[102.07575786700005,13.655378679000023],[102.07496772900004,13.65672750300007],[102.07542807300007,13.657507051000039],[102.07793062500008,13.659350620000055],[102.07820614900004,13.660908633000076],[102.07503183300008,13.661311160000025],[102.07298926800007,13.662725452000075],[102.07262606200004,13.664068977000056],[102.07382694000006,13.665039063000052],[102.07562740100008,13.667858167000077],[102.07509233500008,13.669548802000065],[102.07352549400008,13.670426130000067],[102.07336555500007,13.673124318000077],[102.07401476000007,13.677006235000022],[102.07281260500008,13.678087839000057],[102.06973119800006,13.677799254000035],[102.06806469000009,13.678155803000038],[102.06947416700007,13.682677412000032],[102.06754378200009,13.683450293000021],[102.06737626400007,13.685567580000054],[102.06816177200005,13.687432482000077],[102.06896255100008,13.694049604000043],[102.06785021500008,13.695978892000028],[102.06820028200008,13.697912737000024],[102.06716228900007,13.700921410000035],[102.06755920300009,13.702886441000032],[102.06900043100006,13.705188016000022],[102.06973842700006,13.707675334000044],[102.06941476400004,13.71063429000003],[102.07214960900006,13.711416755000073],[102.07173657600003,13.713124038000046],[102.07293632800008,13.715144878000046],[102.07401964700006,13.71517564800007],[102.07530052900006,13.716739291000067],[102.07764030000004,13.716992692000076],[102.07797679200007,13.719031062000056],[102.07926715600007,13.720250718000045],[102.07917393500009,13.721378701000049],[102.07743332200005,13.722748496000065],[102.07684995000005,13.724474933000067],[102.07677786200009,13.726423080000075],[102.07594110600007,13.727679476000048],[102.07686363700009,13.728726700000038],[102.07747602500007,13.732157381000036],[102.07698586500004,13.733555847000048],[102.07745697600006,13.736798923000038],[102.07833915200007,13.737952170000028],[102.07858057900006,13.739838529000053],[102.07645149100006,13.73940297300004],[102.07549259500007,13.740775798000072],[102.07590858800006,13.743334119000053],[102.07483516000008,13.743414126000062],[102.07374879900004,13.74112619500005],[102.07120356000007,13.740877696000041],[102.07015467500008,13.741833330000077],[102.06541232700005,13.742868437000027],[102.06561055700007,13.744904495000071],[102.06421702200004,13.745205912000074],[102.06225762500009,13.746495061000076],[102.06039828800004,13.748679675000062],[102.05943796200006,13.748871938000036],[102.05781161900006,13.747790369000029],[102.05455211900005,13.749189472000069],[102.05349489800005,13.747757441000033],[102.05002271500007,13.747568236000063],[102.04842404500005,13.747059367000077],[102.04803210400007,13.744892788000072],[102.04420877100006,13.744905463000066],[102.04406481200004,13.739828223000075],[102.04337424400006,13.739774988000022],[102.04317937300004,13.73740504400007],[102.04069366800007,13.736494509000067],[102.04037289700005,13.734351730000071],[102.03915716700004,13.731785195000043],[102.03882583700005,13.730193428000064],[102.03942274100007,13.728471653000042],[102.03943286100008,13.724551079000037],[102.03606402400004,13.725134789000037],[102.03537275800005,13.723178532000077],[102.03682534100005,13.721578257000033],[102.03546587800008,13.720046275000072],[102.03552196200008,13.717701441000031],[102.03684941100005,13.715311154000062],[102.03946458900003,13.714588164000077],[102.03931534400004,13.712821122000037],[102.03695820800004,13.706584088000056],[102.03369759300006,13.703145867000046],[102.03182117000006,13.703433102000076],[102.02719994900008,13.705342034000068],[102.02535536900007,13.705492508000077],[102.02504805900008,13.703477629000076],[102.02324396300008,13.70217040600005],[102.02156422700006,13.70354235900004],[102.02023934200008,13.703169543000058],[102.01804902000003,13.70508288800005],[102.01671624500005,13.704723271000034],[102.01543504300008,13.705731292000053],[102.01451013800005,13.70558367700005],[102.01465476500005,13.704421626000055],[102.01334902600007,13.703025414000024],[102.01213657100004,13.702932261000058],[102.01122693200006,13.704703265000035],[102.00988959600005,13.708527237000055],[102.00999110900005,13.709755253000026],[102.00800753100003,13.710516963000032],[101.99933249400004,13.714412160000052],[101.99913347800003,13.711419546000059],[101.99752882000007,13.707571350000023],[101.99730940000006,13.706390720000059],[101.99579802900007,13.705338192000056],[101.99567771100004,13.704314262000025],[101.99198250800004,13.702377209000076],[101.98934859700006,13.699003106000077],[101.98820107900008,13.694828457000028],[101.98801649100005,13.692839865000053],[101.98665175200006,13.690154947000053],[101.98638187900008,13.686266505000049],[101.98657226300008,13.68507390600007],[101.98520915700004,13.680415733000075],[101.98272261500006,13.680553645000032],[101.97882228100008,13.681587043000036],[101.97850810100005,13.681291744000077],[101.97537454500008,13.683228454000073],[101.97534101400004,13.683639995000021],[101.97060074500007,13.683541782000077],[101.97040632100004,13.684358142000065],[101.96912525800008,13.684351030000073],[101.96755952700005,13.685300777000066],[101.96273143000008,13.687322042000062],[101.96012177800009,13.686453786000072],[101.95793697700009,13.686685112000077],[101.95596941800005,13.687967912000033],[101.95624209700009,13.690720751000072],[101.95593053200008,13.691298526000026],[101.94908705700004,13.691189070000064],[101.94788554600007,13.691971715000022],[101.94656892100005,13.691822492000028],[101.94288304500009,13.692339021000066]]]},"properties":{"Shape_Leng":0.910853622523,"Shape_Area":0.0155094209159,"ADM3_EN":"Nong Wa","ADM3_TH":"หนองหว้า","ADM3_PCODE":"TH270702","ADM2_EN":"Khao Chakan","ADM2_TH":"เขาฉกรรจ์","ADM2_PCODE":"TH2707","ADM1_EN":"Sa Kaeo","ADM1_TH":"สระแก้ว","ADM1_PCODE":"TH27","ADM0_EN":"Thailand","ADM0_TH":"ประเทศไทย","ADM0_PCODE":"TH"}},
{"type":"Feature","geometry":{"type":"Polygon","coordinates":[[[102.09007141600006,13.575645345000055],[102.09099656500007,13.576518700000065],[102.09112640800004,13.578187392000075],[102.09292033400004,13.578365101000031],[102.09404891100007,13.577393296000025],[102.09559260600008,13.578210012000056],[102.09686315800008,13.579868200000021],[102.09724379700003,13.58129235000007],[102.09524681100004,13.586382396000033],[102.09442388800005,13.587078529000053],[102.09331211300008,13.58671299100007],[102.09258782900008,13.58736599100007],[102.09220335200007,13.589185895000071],[102.09059205600005,13.590811503000054],[102.08890978700003,13.591120638000064],[102.08669769000005,13.592737800000066],[102.08623337300008,13.594211547000043],[102.08505659300005,13.59513127100007],[102.08401877900008,13.594803596000077],[102.08307908800003,13.59592505300003],[102.08318762500005,13.596924134000062],[102.08152966600005,13.597461640000063],[102.08145218900006,13.600064889000066],[102.07966486300006,13.599597387000074],[102.07779027700008,13.600461622000068],[102.08102040000006,13.60235883100006],[102.08075072000008,13.60423752500003],[102.07923360200004,13.606440121000048],[102.08291961300006,13.608673039000053],[102.08520336900006,13.609705431000066],[102.08610602300007,13.61149793100003],[102.08773425800007,13.611264056000039],[102.08802479400003,13.611932444000047],[102.09112124100005,13.611080690000051],[102.09220088900008,13.61502697000003],[102.09449611400004,13.616771419000031],[102.09502083700005,13.618512053000075],[102.09416408500005,13.619685773000072],[102.09392293400003,13.62125760300006],[102.09081149500008,13.624967705000074],[102.09103456700007,13.626352327000063],[102.08875848500008,13.627680160000068],[102.08662714700006,13.62765496000003],[102.08584019500006,13.630220371000064],[102.08510182900005,13.631155859000046],[102.08297613100007,13.632220227000062],[102.08294439500008,13.633607445000052],[102.08465958100004,13.637935991000063],[102.08490982200004,13.640720353000063],[102.08414207600003,13.641634122000028],[102.08238889400008,13.641548016000058],[102.08362533300004,13.642673942000044],[102.08322728900004,13.643585276000067],[102.07946579300005,13.644964316000028],[102.07762986700004,13.642107776000046],[102.07638464500008,13.643787545000066],[102.07564744700005,13.643595057000027],[102.07373883200006,13.64065296800004],[102.07146623100004,13.641733227000032],[102.07078444900009,13.641477720000069],[102.07059869000005,13.638418947000048],[102.06959471000005,13.63701631300006],[102.06905064600005,13.63494444500003],[102.06936724900004,13.633338514000059],[102.06941782100006,13.628839765000066],[102.06844944700003,13.628738088000034],[102.06711307600006,13.630327290000025],[102.06667851800006,13.629185213000028],[102.06707811000007,13.627328963000025],[102.06639013300008,13.62658960300007],[102.06480700400004,13.62648450000006],[102.06433831000004,13.624437341000032],[102.06519768500004,13.622773391000067],[102.06491599700007,13.621856704000038],[102.06163693600007,13.622487351000075],[102.05998529700008,13.61997083500006],[102.05740443000008,13.621846592000054],[102.05642459400008,13.621726667000075],[102.05540063300003,13.61963131500005],[102.05278505900009,13.621727415000066],[102.05108555100009,13.621022410000023],[102.05092070500007,13.620151930000077],[102.05199732400007,13.61668716400004],[102.05041791900004,13.618387057000064],[102.04842013400008,13.619265015000053],[102.04604407800008,13.615403634000074],[102.04352531800004,13.61724401500004],[102.04125973500004,13.619897542000047],[102.03790332500006,13.619433135000065],[102.03699648100007,13.619744838000031],[102.03380402200008,13.619241249000027],[102.03238829300005,13.619328181000071],[102.03174100500007,13.621477064000032],[102.02718067100005,13.619523643000036],[102.02379650600005,13.620930690000023],[102.02054684000007,13.621162682000033],[102.01996067200008,13.619943490000026],[102.01743168900003,13.621841633000031],[102.01160636100008,13.622700517000055],[102.01028630900004,13.618988516000059],[102.00829611400007,13.619224332000044],[102.00709883400003,13.618804382000064],[102.00667022900006,13.620035888000075],[102.00351351400008,13.622041252000031],[102.00237169900004,13.621562878000077],[102.00143231500005,13.619748473000072],[101.99966873400007,13.614996419000022],[101.99883922800007,13.615241510000033],[101.99694131200005,13.612760404000028],[101.99502679200003,13.612530500000048],[101.99353722500007,13.611815204000038],[101.99276189900007,13.612158154000042],[101.99071915900004,13.61126985900006],[101.99044571800005,13.610389592000047],[101.98870029200003,13.608797167000034],[101.98983889900006,13.606341796000038],[101.99163875800008,13.605058075000045],[101.99234679600005,13.603709108000032],[101.99159777200003,13.600297552000029],[101.99091935600006,13.599997753000025],[101.99106322300008,13.598375909000026],[101.99344789200006,13.597553276000042],[101.99397080600005,13.59588070600006],[101.99497303500004,13.595441766000022],[101.99488897800006,13.593786815000044],[101.99646959300009,13.591060097000025],[101.99663898300008,13.589274224000064],[101.99570876200005,13.588599658000021],[101.99391772000007,13.589197976000037],[101.99329656100008,13.588261333000048],[101.99266450600004,13.589080929000033],[101.99209981900003,13.588182260000053],[101.99020044700006,13.587760403000061],[101.98932397800007,13.588528148000023],[101.98768812100008,13.588106327000048],[101.98779561000003,13.589323054000033],[101.98450907500006,13.589104272000043],[101.98330467000005,13.585921454000072],[101.98340197400006,13.582904249000023],[101.98400753600004,13.580783968000048],[101.97714946200006,13.578111945000046],[101.97349204800008,13.57690492200004],[101.96887065400006,13.577701140000045],[101.96922495700005,13.572985510000024],[101.96854265400003,13.572551375000046],[101.96890875700007,13.570405789000063],[101.97247745900006,13.56830255400007],[101.96843267200006,13.56611573500004],[101.96456657900006,13.568492412000069],[101.96158676700009,13.56429279100007],[101.96076893300005,13.56507827200005],[101.95979119200007,13.563526241000034],[101.95808018700006,13.564336448000063],[101.95643192000006,13.561674289000052],[101.96086827700009,13.557946272000038],[101.96005776700008,13.55633061900005],[101.95680939600004,13.554088310000054],[101.95419981600008,13.556977355000072],[101.95099261500008,13.553273838000052],[101.94769512700009,13.55712713400004],[101.94433650400003,13.56033265800005],[101.94282121600008,13.561406933000058],[101.93900973400008,13.561972973000024],[101.93631309200003,13.563740840000037],[101.93290132300007,13.56456548400007],[101.92969329400006,13.564065065000023],[101.92795140100009,13.564522732000057],[101.92769268800004,13.565558104000047],[101.92557500100008,13.565502226000035],[101.92462993500004,13.565989124000055],[101.92207481800006,13.566059074000066],[101.91999166700003,13.568057514000031],[101.91830373300007,13.566392103000055],[101.91721815500006,13.566872118000049],[101.91437492900008,13.566851540000073],[101.91091932300009,13.567656589000023],[101.90784704000004,13.569986540000059],[101.90704765300006,13.571071395000047],[101.90709193100008,13.568804060000048],[101.90427941100006,13.566645212000026],[101.90530761500008,13.565425292000043],[101.90453913500005,13.562687304000065],[101.90382335200007,13.561775430000068],[101.90365115900005,13.559741874000053],[101.90258714300006,13.559006657000054],[101.90287746600006,13.557634009000026],[101.90218347900009,13.555905557000074],[101.90244474700006,13.554788990000077],[101.90142763900008,13.554492598000024],[101.90009231800008,13.552055472000063],[101.89919815100006,13.55128284500006],[101.89838834000005,13.549395710000056],[101.89686044800004,13.54845877300005],[101.89657509000006,13.547561028000075],[101.89425186100004,13.546517492000078],[101.89228814800003,13.54325611300004],[101.89294668300005,13.542591596000022],[101.89278274700007,13.540407044000062],[101.89067919200005,13.539791063000052],[101.88827511900007,13.537899542000048],[101.88606321000003,13.538416263000045],[101.88469226100005,13.536707300000046],[101.88290814300007,13.536232919000042],[101.88219400300005,13.53412800700005],[101.87888512800004,13.53471963800007],[101.87683163500009,13.531662070000039],[101.87728793600007,13.530774433000033],[101.87472229800005,13.528770262000023],[101.87521770200004,13.526925548000065],[101.87342699000004,13.52427326000003],[101.87379056800006,13.523638518000041],[101.87593268600006,13.52343791900006],[101.87867136000006,13.523804454000071],[101.88173954000007,13.524893611000039],[101.88286355400004,13.524738511000066],[101.88510784700009,13.525358008000069],[101.88548857200004,13.524337025000023],[101.88690084200005,13.523993285000074],[101.88861891600004,13.522225842000068],[101.89002672900006,13.521836449000034],[101.88971472700007,13.520285183000055],[101.89209429600004,13.519892179000067],[101.89254306700008,13.518145092000054],[101.89342625600005,13.518297644000029],[101.89403204900003,13.516988496000067],[101.89660066400006,13.514854225000022],[101.89620647000004,13.51145494800005],[101.89848821400005,13.510974152000074],[101.89713507700009,13.50914903100005],[101.89643171800009,13.509385613000063],[101.89377781200005,13.50662353000007],[101.89182072300008,13.505468563000022],[101.89257109800008,13.504896642000062],[101.89142133600006,13.502993519000029],[101.88878977400009,13.500158799000076],[101.88764415600008,13.49936989500003],[101.88690067700009,13.497078749000025],[101.88591043600007,13.495836229000076],[101.88442139500006,13.496254423000039],[101.88358825400007,13.495131918000027],[101.88206412900007,13.491331810000077],[101.88206624700007,13.489346820000037],[101.88298588500004,13.48773710000006],[101.88236546500008,13.487118960000032],[101.88232995000004,13.485312082000064],[101.88368886900008,13.48443005200005],[101.88712332600005,13.480762556000059],[101.88913078000007,13.476585089000025],[101.89182067100006,13.474523463000025],[101.89198276200005,13.472905547000039],[101.89377360600008,13.47157345000005],[101.89545492700006,13.471198713000035],[101.89909448500003,13.471190551000063],[101.89958591800007,13.472513250000077],[101.90340100900005,13.472722990000022],[101.90565321600008,13.47380531500005],[101.91009875600008,13.473246165000035],[101.91169423100007,13.474352967000073],[101.91387643100006,13.47464916000007],[101.91857633800004,13.47368079100005],[101.92121087600003,13.474118666000038],[101.92536721600004,13.47306766500003],[101.92692058700004,13.47497226400003],[101.92972435800004,13.474807061000035],[101.93338457900006,13.475179935000028],[101.93486705100008,13.475858623000022],[101.93717280700008,13.47798655500003],[101.93853060000004,13.47952551700007],[101.93821237500003,13.481036305000032],[101.93881883200004,13.482784740000056],[101.93827206500004,13.48456288500006],[101.93956848200008,13.485791152000047],[101.93969121000003,13.486878359000059],[101.94146832700005,13.489034830000037],[101.94190306500008,13.490348699000037],[101.94376631500006,13.492517716000066],[101.94592679500005,13.493212147000065],[101.94705787400005,13.494233963000056],[101.94883475900008,13.493885884000065],[101.95126457900005,13.49404988200007],[101.95365424000005,13.493420158000049],[101.95594597200005,13.494898209000041],[101.95691729400005,13.496920770000031],[101.95582338600008,13.498334899000042],[101.95611415200005,13.500541373000033],[101.95472684500004,13.504106820000061],[101.95601499400004,13.50596551500007],[101.95693966700009,13.506077295000068],[101.95857017800006,13.505193597000073],[101.96095502200006,13.505399656000066],[101.96133865900003,13.506928796000068],[101.96103819900009,13.510245491000035],[101.96171390200004,13.512228801000049],[101.96253664000005,13.512935936000076],[101.96214878100005,13.514484544000027],[101.96445752000005,13.516362730000026],[101.96749940100005,13.52030314600006],[101.96723604100004,13.52173938900006],[101.96864294800008,13.52329611700003],[101.97267410600006,13.522723166000048],[101.98163177700008,13.52335955600006],[101.98315401400004,13.524133258000063],[101.98283894600007,13.52634714100003],[101.98406814500004,13.527645095000025],[101.98433716800008,13.528827673000023],[101.98758341200005,13.531335209000076],[101.98733106700007,13.532116982000048],[101.98813753400003,13.53430951300004],[101.98817205600005,13.537459425000065],[101.98773663200006,13.53840808600006],[101.98967895400006,13.538740122000036],[101.99110563400006,13.539951175000056],[101.99362425800007,13.539641046000042],[101.99473650500005,13.542120729000032],[101.99689405200007,13.541443745000038],[101.99892913000008,13.54847355000004],[101.99896939400008,13.554024626000057],[101.99998200400006,13.557635646000051],[102.00084106000008,13.557954694000045],[102.00475612100007,13.557358629000078],[102.00951840300007,13.557416278000062],[102.01101801500005,13.55682831300004],[102.01197028500007,13.557334420000075],[102.01639512200006,13.557333267000047],[102.01806603400007,13.55803978800003],[102.02311465100007,13.558768136000026],[102.02520467400007,13.559652510000035],[102.02630771200006,13.56454627900007],[102.03245507200006,13.562665180000067],[102.03222408800008,13.557412356000043],[102.03387034300005,13.55722951100006],[102.03466245800007,13.558205623000049],[102.03704358900006,13.55924931100003],[102.03555400300007,13.56027546200005],[102.03707395300006,13.562156721000065],[102.03721371500006,13.563537828000051],[102.03617194300006,13.565369492000059],[102.03709200400004,13.566301702000032],[102.03841168600007,13.56593669700004],[102.03849718100008,13.56824249300007],[102.04024690900007,13.570266307000054],[102.04019744300007,13.571827409000036],[102.03911797700005,13.572903526000061],[102.04013808100007,13.574167277000072],[102.04214410600008,13.573751877000063],[102.04259230700006,13.575108713000077],[102.04338723400008,13.574802782000063],[102.04466183000005,13.572924433000026],[102.04481840000005,13.571836654000037],[102.04605023300007,13.571267315000057],[102.05057334100007,13.571184681000034],[102.05126568400004,13.570119601000044],[102.05428982600006,13.57057676900007],[102.05703706200006,13.569877297000062],[102.05850723300006,13.571722541000042],[102.06123901900008,13.571655761000045],[102.06159893700004,13.572211166000045],[102.06377788100008,13.571624578000069],[102.06737362000007,13.57238231100007],[102.07625731500008,13.569335543000022],[102.08253196200008,13.574580230000038],[102.08365946600009,13.575916065000058],[102.08646885400003,13.575390691000052],[102.08768290800003,13.57474047200003],[102.09007141600006,13.575645345000055]]]},"properties":{"Shape_Leng":0.950881863884,"Shape_Area":0.0132340628751,"ADM3_EN":"Phra Phloeng","ADM3_TH":"พระเพลิง","ADM3_PCODE":"TH270703","ADM2_EN":"Khao Chakan","ADM2_TH":"เขาฉกรรจ์","ADM2_PCODE":"TH2707","ADM1_EN":"Sa Kaeo","ADM1_TH":"สระแก้ว","ADM1_PCODE":"TH27","ADM0_EN":"Thailand","ADM0_TH":"ประเทศไทย","ADM0_PCODE":"TH"}},
{"type":"Feature","geometry":{"type":"Polygon","coordinates":[[[102.08811217400006,13.762793191000071],[102.08841072500007,13.761690679000026],[102.09018347400007,13.75970103800006],[102.08977356200006,13.758820857000046],[102.09001237000007,13.752954282000076],[102.09045880700006,13.751848602000052],[102.09200178100008,13.751018853000062],[102.09201554600008,13.749480378000044],[102.09465142600004,13.74712323500006],[102.09579158200006,13.745118924000053],[102.09582935100008,13.743468893000056],[102.09662301200007,13.742891543000042],[102.09882979700006,13.73964856300006],[102.09917058200006,13.737833092000074],[102.09638054000004,13.735622977000048],[102.09456363900006,13.73490182300003],[102.09449531300004,13.73185413300007],[102.09535612500008,13.73025503200006],[102.09478301400009,13.729615685000056],[102.09398471900005,13.726773836000064],[102.09614297200005,13.72655966700006],[102.09619117800008,13.725573755000028],[102.09803067000007,13.724572007000063],[102.09774953100003,13.723342241000068],[102.10143138300003,13.722250915000075],[102.10142163300009,13.721509297000068],[102.10483843000009,13.72030916500006],[102.10325165300009,13.717043860000047],[102.10169931400009,13.713091710000072],[102.10303639400007,13.711652315000038],[102.10259240700003,13.705632881000042],[102.10476517500007,13.70450072500006],[102.09998416900004,13.702431826000065],[102.09335268500007,13.701921518000063],[102.09109664100004,13.70237043700007],[102.09175338900008,13.700830395000025],[102.09101786300005,13.699077697000064],[102.09185989500008,13.699001037000073],[102.09201208300004,13.694015744000069],[102.09262810300004,13.693835627000055],[102.09276264100004,13.691748479000069],[102.09373702600004,13.69015861500003],[102.09344402300007,13.68917977600006],[102.09444825200006,13.687471448000053],[102.09611654300005,13.68650900800003],[102.09647954100006,13.685085031000028],[102.09746038500003,13.685098735000054],[102.09821739200004,13.684066604000066],[102.09808895600008,13.680898694000064],[102.09926394600006,13.678585970000029],[102.10069428100007,13.678435798000066],[102.10144010900007,13.677290441000025],[102.10173853100008,13.67462733700006],[102.10391503300008,13.673223707000034],[102.10699644100004,13.67355350300005],[102.10921336200005,13.672977747000061],[102.10964973600005,13.674205107000034],[102.11218950100005,13.673568587000034],[102.11496930500005,13.674289397000052],[102.11539022700003,13.673422061000053],[102.11756229200006,13.673111314000039],[102.12126020300008,13.673305627000047],[102.12695348800008,13.670602836000057],[102.12706607700005,13.667788593000068],[102.12855178600006,13.667359290000036],[102.12956231100009,13.66438649500003],[102.12782795700008,13.661804198000027],[102.12940821400008,13.661740158000043],[102.13041340700005,13.660559197000055],[102.13425652200004,13.661338803000035],[102.13664046500008,13.661077497000065],[102.13693858200008,13.660561440000038],[102.13976366000009,13.661487882000074],[102.14073482300006,13.660102739000024],[102.14253880200005,13.659185573000059],[102.14286744200007,13.657936948000042],[102.14505893500007,13.65749349300006],[102.14811603800007,13.65746772700004],[102.14759007400005,13.65374814300003],[102.15298528200003,13.65327056700005],[102.15305501700004,13.651773024000022],[102.15680336100007,13.652835702000061],[102.15732852800005,13.655557206000026],[102.15704966000004,13.658373328000039],[102.15763900100006,13.658893180000064],[102.15735747700006,13.663532934000045],[102.15326409300008,13.665110886000036],[102.15176130400005,13.666986782000038],[102.15109174000008,13.66876159800006],[102.15014509300005,13.668950835000032],[102.14949571700004,13.67073102300003],[102.14815420600007,13.670210874000077],[102.14344937100009,13.672436332000075],[102.14313742900003,13.673638461000053],[102.14180815300006,13.67317437500003],[102.13962972000007,13.674153019000073],[102.13936665600005,13.673565709000059],[102.13621748300005,13.673598580000032],[102.13540665600004,13.675935855000034],[102.13908938500003,13.677906356000051],[102.14107512900006,13.678593109000076],[102.14387773200008,13.678823406000049],[102.14482683700004,13.681204988000047],[102.14568995700006,13.681700288000059],[102.14881589500004,13.68171678400006],[102.15038487500004,13.682896855000024],[102.15219604100008,13.683542557000067],[102.15383838700006,13.68498233400004],[102.15382795400006,13.687691440000037],[102.15335990400007,13.688724342000057],[102.14788963900008,13.68940462200004],[102.14724354100008,13.69064835100005],[102.14779631000005,13.691178080000043],[102.14693172000005,13.692602450000038],[102.14726108300005,13.693430399000022],[102.14621450600004,13.695368045000066],[102.14646300400005,13.698661682000022],[102.14737967300005,13.698890604000042],[102.14864874900007,13.700334655000063],[102.14879941500004,13.702133587000048],[102.14814669400005,13.703978483000071],[102.14692650100005,13.704925418000073],[102.14709013900006,13.706783741000038],[102.14638856800008,13.706792677000067],[102.14701980400008,13.713023301000021],[102.14664177000009,13.714273946000048],[102.14412705900008,13.716315257000076],[102.14367753100004,13.717613050000068],[102.14171628200006,13.717425240000068],[102.14178437200007,13.720643762000066],[102.14254966900006,13.721028733000026],[102.14220812500008,13.722146298000041],[102.14281684000008,13.723325773000056],[102.14210177800004,13.72481814200006],[102.14331543800006,13.72665599000004],[102.14359529800004,13.728246696000042],[102.14130516000006,13.730607144000032],[102.13685143700008,13.733232558000054],[102.13291401300006,13.73460244100005],[102.12930450600004,13.736442588000045],[102.12814819900007,13.736348189000068],[102.12529942200007,13.737084933000062],[102.12464772600003,13.738499888000035],[102.12261952800009,13.738902763000056],[102.11997295600008,13.740135826000028],[102.11854079200003,13.742562342000042],[102.11512474100005,13.745641543000033],[102.11400485100006,13.747532335000074],[102.11236679900009,13.748029148000057],[102.11099517000008,13.749301685000034],[102.11155500800004,13.750500364000061],[102.10942988500005,13.751238279000063],[102.10894210800006,13.752382172000068],[102.10758009100005,13.753187737000076],[102.10695881400005,13.755001108000044],[102.10468609800006,13.756303543000058],[102.10386062300006,13.756066618000034],[102.10123501200007,13.756513983000048],[102.10180152000004,13.75774043000007],[102.09937800400007,13.758404744000075],[102.09831297600005,13.75702997600007],[102.09687472800005,13.757576753000023],[102.09781430600003,13.758071972000039],[102.09665865300008,13.758822639000073],[102.09621296000006,13.760141601000043],[102.09482219300008,13.760596873000054],[102.09486528600007,13.762525555000025],[102.09238611100005,13.762631106000072],[102.09155445400006,13.763272260000065],[102.09102967600006,13.762042165000025],[102.08968575600005,13.762791157000038],[102.08811217400006,13.762793191000071]]]},"properties":{"Shape_Leng":0.45521745882,"Shape_Area":0.00379395027818,"ADM3_EN":"Khao Sam Sip","ADM3_TH":"เขาสามสิบ","ADM3_PCODE":"TH270704","ADM2_EN":"Khao Chakan","ADM2_TH":"เขาฉกรรจ์","ADM2_PCODE":"TH2707","ADM1_EN":"Sa Kaeo","ADM1_TH":"สระแก้ว","ADM1_PCODE":"TH27","ADM0_EN":"Thailand","ADM0_TH":"ประเทศไทย","ADM0_PCODE":"TH"}},
{"type":"Feature","geometry":{"type":"Polygon","coordinates":[[[102.75463638800005,13.844467924000071],[102.75229737200004,13.844080949000045],[102.74785186300005,13.844964075000064],[102.74555644000009,13.843741686000044],[102.74329287800003,13.845155257000044],[102.73945438900006,13.845089857000062],[102.73853269800009,13.844291245000022],[102.73706853100003,13.844296557000064],[102.73242015000005,13.845440052000072],[102.72916552600009,13.847356301000048],[102.72191362300003,13.850242060000028],[102.71592869800008,13.850138386000026],[102.71377557600005,13.847225800000047],[102.71197528600004,13.845354929000052],[102.71024313900006,13.84431406300007],[102.70578453100006,13.838813947000062],[102.70390565900004,13.838108990000023],[102.70217920700009,13.835532735000072],[102.69895390500005,13.836583865000023],[102.69582196500005,13.838079396000069],[102.69530849000006,13.835786449000068],[102.69409075000004,13.835316027000033],[102.69453440000007,13.834646374000044],[102.69422272800006,13.83275208200007],[102.69337791200007,13.831683295000062],[102.69376551500005,13.830742001000033],[102.69167253100005,13.829093671000066],[102.69086363300005,13.829206990000046],[102.69052111700006,13.827358098000047],[102.68949037600004,13.826893258000041],[102.68889762000003,13.82521667900005],[102.68939053200006,13.824754171000052],[102.68709951900007,13.82439818000006],[102.68740549600005,13.821559106000052],[102.68435870000008,13.820852068000022],[102.68346231200007,13.821980796000048],[102.68339955900007,13.826029779000066],[102.68475987000005,13.829897243000062],[102.68254352600007,13.830635681000047],[102.68208976600005,13.832125757000028],[102.67964257600005,13.833176663000074],[102.67887985000004,13.83403369000007],[102.67547577700009,13.833104391000063],[102.67043716600006,13.833901929000035],[102.66809744000005,13.833563359000038],[102.66756661400007,13.833995504000029],[102.66462496600008,13.833955270000047],[102.66324108200007,13.833520878000058],[102.66225513800003,13.834080619000076],[102.66080939300008,13.83318360900006],[102.66023309300004,13.834018145000073],[102.65898252500006,13.83328395500007],[102.65872794600006,13.834285044000069],[102.65698892100005,13.833201362000068],[102.65588769300007,13.833928545000049],[102.65518617400005,13.835765049000031],[102.65268985200004,13.836445624000078],[102.65174219000005,13.835594496000056],[102.65158311400006,13.837557748000052],[102.64845170500007,13.840469907000056],[102.64741611000005,13.840431961000036],[102.64592746300008,13.84157786000003],[102.64391657300007,13.841130227000065],[102.64326150400007,13.842449113000043],[102.64060402400008,13.841203928000027],[102.63992294800005,13.842086983000058],[102.63850530000008,13.842165117000036],[102.63666690600007,13.84345694500007],[102.63358610900008,13.843346560000043],[102.63137510300004,13.844455057000062],[102.63045697200005,13.843994430000066],[102.62994066400006,13.845610109000063],[102.62798562400008,13.846107332000031],[102.62747688800005,13.846832625000047],[102.62512852800006,13.846844817000033],[102.62501853600008,13.84837136300007],[102.62277228200008,13.848278587000038],[102.61875556900009,13.84855780600003],[102.61851474200006,13.845531323000046],[102.61792317900006,13.843440606000058],[102.61656427700007,13.843805155000041],[102.61477824900004,13.839543525000067],[102.61307031400008,13.834627411000042],[102.61343664700007,13.83402178700004],[102.61195467900006,13.833253004000028],[102.61401143300009,13.828739390000067],[102.61486025300007,13.82494254900007],[102.61641395100008,13.82096057800004],[102.61766258000006,13.820663428000046],[102.61686267000005,13.81810817400003],[102.61758442800004,13.817202446000067],[102.61774306600006,13.81444736800006],[102.61906614600008,13.813452131000076],[102.61993111300006,13.811705736000022],[102.62279798400004,13.811855278000053],[102.62768049700009,13.811478073000046],[102.62768864300006,13.811012296000058],[102.63532476000006,13.810271348000072],[102.63536614600008,13.809643363000077],[102.64030733800007,13.808934656000076],[102.64116469900006,13.807702126000038],[102.64276982600006,13.807150593000074],[102.64926133000006,13.806976260000056],[102.65115237400005,13.80620953500005],[102.65226853900003,13.806309824000039],[102.65516591700003,13.804529141000046],[102.65905648400008,13.802981956000053],[102.65960986100004,13.803626657000052],[102.66478058300004,13.801870459000043],[102.66652841900009,13.802368146000049],[102.67157010200003,13.80200106500007],[102.67625908100007,13.80095816100004],[102.67897965600008,13.799310313000035],[102.68086665100009,13.800063009000041],[102.68283620900007,13.798725252000054],[102.68454572400009,13.798716863000038],[102.68469650700007,13.80005099500005],[102.68725470800007,13.80030544400006],[102.68912908300007,13.799888205000059],[102.68895797300007,13.80184743500007],[102.69280963900007,13.80296800700006],[102.69536016200004,13.802802744000076],[102.69749821700003,13.803557144000024],[102.70031566500006,13.805702917000076],[102.70181705300007,13.807685685000024],[102.70356087000005,13.807641198000056],[102.70393477700009,13.808533314000044],[102.70557857000006,13.808419282000045],[102.70903942800004,13.808887346000063],[102.71004999900003,13.810257225000043],[102.71224760500007,13.811430416000064],[102.71779538600003,13.812543205000054],[102.73213710700009,13.81280375800003],[102.73476550600009,13.812257750000072],[102.73836146600007,13.818418114000053],[102.74220407600006,13.824161959000037],[102.74670599300003,13.831388017000052],[102.74991276900005,13.837833841000077],[102.75463638800005,13.844467924000071]]]},"properties":{"Shape_Leng":0.422068543841,"Shape_Area":0.00420684734742,"ADM3_EN":"Khok Sung","ADM3_TH":"โคกสูง","ADM3_PCODE":"TH270801","ADM2_EN":"Khok Sung","ADM2_TH":"โคกสูง","ADM2_PCODE":"TH2708","ADM1_EN":"Sa Kaeo","ADM1_TH":"สระแก้ว","ADM1_PCODE":"TH27","ADM0_EN":"Thailand","ADM0_TH":"ประเทศไทย","ADM0_PCODE":"TH"}},
{"type":"Feature","geometry":{"type":"Polygon","coordinates":[[[102.53561054700003,13.853028958000039],[102.53926649400006,13.852422357000023],[102.53966248300009,13.84859278500005],[102.54207048400008,13.848249331000034],[102.54462294200005,13.845957990000045],[102.54972651200006,13.84310212400004],[102.55646529500007,13.837766130000034],[102.55952196000004,13.834782353000037],[102.56401154300005,13.830896648000078],[102.57379856500006,13.82067048600004],[102.57695236500007,13.816730656000061],[102.58250217000005,13.808476305000056],[102.58752696800008,13.801552006000065],[102.58953253700008,13.797039723000069],[102.59058538500005,13.795325425000044],[102.59229572900006,13.79461615100007],[102.59329544900004,13.793049976000077],[102.59617250600007,13.79787077800006],[102.59875088000007,13.80128865100005],[102.59981273500006,13.800821129000042],[102.59977159700009,13.80185769700006],[102.60146133500007,13.80394885000004],[102.60314025500008,13.803381279000064],[102.60545744000007,13.80331202900004],[102.60660780100005,13.807067704000076],[102.60843643400005,13.809071643000038],[102.61212330200004,13.809799965000025],[102.61327591900005,13.811582938000072],[102.61632731800006,13.811545933000048],[102.61906614600008,13.813452131000076],[102.61774306600006,13.81444736800006],[102.61758442800004,13.817202446000067],[102.61686267000005,13.81810817400003],[102.61766258000006,13.820663428000046],[102.61641395100008,13.82096057800004],[102.61486025300007,13.82494254900007],[102.61401143300009,13.828739390000067],[102.61195467900006,13.833253004000028],[102.61343664700007,13.83402178700004],[102.61307031400008,13.834627411000042],[102.61477824900004,13.839543525000067],[102.61656427700007,13.843805155000041],[102.61792317900006,13.843440606000058],[102.61851474200006,13.845531323000046],[102.61875556900009,13.84855780600003],[102.62277228200008,13.848278587000038],[102.62501853600008,13.84837136300007],[102.62512852800006,13.846844817000033],[102.62747688800005,13.846832625000047],[102.62754184300007,13.848061809000058],[102.62897327400003,13.849041299000078],[102.63073012500007,13.84925279600003],[102.63029965400005,13.852059419000057],[102.62977337500007,13.852613616000042],[102.63179065700007,13.855759049000028],[102.63230928200005,13.857642910000038],[102.63371761900004,13.858304965000059],[102.63338760500005,13.859557057000075],[102.63000205500003,13.860934710000038],[102.62744609000003,13.862501946000066],[102.62762747200009,13.863053343000047],[102.62627132600005,13.865163994000056],[102.62619321600005,13.868155451000064],[102.62338102800004,13.869866038000055],[102.62418753500003,13.87286812700006],[102.62420372400004,13.876060112000062],[102.62323394900005,13.877416722000078],[102.62375937400009,13.879541033000066],[102.62348535900009,13.882565465000027],[102.62185251900007,13.883358060000035],[102.62261294800004,13.887789915000042],[102.62186848700009,13.888294646000077],[102.62180325900005,13.89167343500003],[102.61982583300005,13.892790374000072],[102.62003977200004,13.895552563000024],[102.62159906700003,13.895644484000059],[102.62275531700004,13.898403805000044],[102.62230170100008,13.90416768600005],[102.62168343300004,13.905702460000043],[102.62025778100008,13.907609283000056],[102.62017678200004,13.90948499500007],[102.61841778800004,13.908531180000068],[102.61417465800008,13.907885174000057],[102.61288786300008,13.907239817000061],[102.61193830400003,13.908244979000074],[102.61003307500005,13.90827259300005],[102.60917549700008,13.90883960900004],[102.60704985900009,13.908989868000049],[102.60725095600009,13.911174462000076],[102.60580384100007,13.911953119000032],[102.60356381600008,13.911263673000065],[102.60244111600008,13.911399054000071],[102.60180283800008,13.91304175700003],[102.59954023200004,13.912857427000063],[102.59896380300006,13.913915195000072],[102.59737605600009,13.913795118000053],[102.59666076200006,13.915047956000024],[102.59788572200006,13.91627956800005],[102.59776315500005,13.918835219000073],[102.59635285900004,13.920033982000064],[102.59376986400008,13.92010676600006],[102.59189473700008,13.922376476000068],[102.58956522000005,13.92282014600005],[102.58777322000009,13.925424182000029],[102.58826604100005,13.926624558000071],[102.58783484500003,13.927838552000026],[102.58566222900004,13.927937960000065],[102.58299749800005,13.93066998300003],[102.58361078700005,13.931507889000045],[102.58309569500005,13.933328922000044],[102.58165521700005,13.934027210000067],[102.58180808000009,13.936052219000032],[102.58266441700005,13.937690718000056],[102.58249693000005,13.94242007500003],[102.58023875400005,13.942174668000064],[102.57884478700004,13.941115288000049],[102.57476646000003,13.939884409000058],[102.57523847000004,13.937656176000075],[102.57368444100007,13.936680609000064],[102.57098407900008,13.937292354000022],[102.56670753000009,13.937537422000048],[102.55419178500006,13.940082024000048],[102.54941986800009,13.940774114000021],[102.54741444700005,13.941381769000031],[102.54631706700007,13.940756514000043],[102.54502049800004,13.938363620000075],[102.54309610700005,13.939219170000058],[102.53955789200006,13.939773647000038],[102.53279106000008,13.939703628000075],[102.52984614900004,13.929979659000026],[102.53185151200006,13.93043792800006],[102.53546755100007,13.928672199000061],[102.53521170400006,13.928086604000043],[102.53799177600007,13.92642748000003],[102.53845963500004,13.924554126000032],[102.53655148900003,13.91999959800006],[102.53661899200006,13.917317169000057],[102.54069380400006,13.914768959000071],[102.54255833200006,13.913344427000027],[102.54422028100004,13.912658847000046],[102.54491419500005,13.91067352600004],[102.54361206300007,13.90957975300006],[102.54539798700006,13.90546540500003],[102.54461466200007,13.903650765000066],[102.54016011800007,13.899789999000063],[102.53894571900008,13.897738147000041],[102.53705980200004,13.898031401000026],[102.53421107300005,13.891822817000048],[102.53959526700004,13.889329865000036],[102.53905614200005,13.877708037000048],[102.53864800200006,13.87421499100003],[102.54071425700005,13.872737204000032],[102.54359774000005,13.868920083000035],[102.54498639200006,13.867935627000065],[102.54417854500008,13.866108864000068],[102.54167291300007,13.862214163000033],[102.53588834200008,13.863294666000058],[102.53501476100007,13.86307510000006],[102.53429236400007,13.86129962900003],[102.53517882000006,13.85867795200005],[102.53518205600005,13.855891472000053],[102.53561054700003,13.853028958000039]]]},"properties":{"Shape_Leng":0.514562904777,"Shape_Area":0.00902913749538,"ADM3_EN":"Nong Muang","ADM3_TH":"หนองม่วง","ADM3_PCODE":"TH270802","ADM2_EN":"Khok Sung","ADM2_TH":"โคกสูง","ADM2_PCODE":"TH2708","ADM1_EN":"Sa Kaeo","ADM1_TH":"สระแก้ว","ADM1_PCODE":"TH27","ADM0_EN":"Thailand","ADM0_TH":"ประเทศไทย","ADM0_PCODE":"TH"}},
{"type":"Feature","geometry":{"type":"Polygon","coordinates":[[[102.67955810300003,13.92832190200005],[102.67770193200005,13.926522885000054],[102.67573810700009,13.926066699000046],[102.67274488900006,13.924609814000064],[102.67143539600005,13.921007630000076],[102.66938578800006,13.919827535000024],[102.66781930300004,13.918303779000041],[102.66226701600004,13.916259712000056],[102.65966781800006,13.91388438000007],[102.65704047100007,13.91062812000007],[102.65201480300004,13.907564097000034],[102.64929438000007,13.905288574000053],[102.64837524000006,13.905883379000045],[102.64781126700007,13.907804356000042],[102.64724874700005,13.916702778000058],[102.64632357200009,13.918840211000031],[102.64579683100004,13.92313482000003],[102.64486743900005,13.925865865000048],[102.64376759500004,13.927201324000066],[102.64088654000005,13.927758856000025],[102.63904784300007,13.929342776000055],[102.63592567500007,13.931462895000038],[102.63474052300006,13.931736705000048],[102.62958870700004,13.93207061000004],[102.62745428400007,13.932427970000049],[102.62328406000006,13.933843634000027],[102.62144452200005,13.933990960000074],[102.61714370100003,13.93491160800005],[102.61036283300007,13.935406413000067],[102.60802291800007,13.936092200000076],[102.60530936800006,13.936440840000046],[102.60371664500008,13.93780085700007],[102.60169131800006,13.94067502300004],[102.60025959500007,13.943369061000055],[102.59751961900008,13.945414253000024],[102.59303210700006,13.946765651000021],[102.59096147000008,13.946727714000076],[102.58840959000008,13.946199987000057],[102.58395898600008,13.946047255000053],[102.58167971800003,13.946299639000074],[102.58275463000007,13.945068809000077],[102.58421028000004,13.944361264000065],[102.58253823300004,13.943623970000033],[102.58249693000005,13.94242007500003],[102.58266441700005,13.937690718000056],[102.58180808000009,13.936052219000032],[102.58165521700005,13.934027210000067],[102.58309569500005,13.933328922000044],[102.58361078700005,13.931507889000045],[102.58299749800005,13.93066998300003],[102.58566222900004,13.927937960000065],[102.58783484500003,13.927838552000026],[102.58826604100005,13.926624558000071],[102.58777322000009,13.925424182000029],[102.58956522000005,13.92282014600005],[102.59189473700008,13.922376476000068],[102.59376986400008,13.92010676600006],[102.59635285900004,13.920033982000064],[102.59776315500005,13.918835219000073],[102.59788572200006,13.91627956800005],[102.59666076200006,13.915047956000024],[102.59737605600009,13.913795118000053],[102.59896380300006,13.913915195000072],[102.59954023200004,13.912857427000063],[102.60180283800008,13.91304175700003],[102.60244111600008,13.911399054000071],[102.60356381600008,13.911263673000065],[102.60580384100007,13.911953119000032],[102.60725095600009,13.911174462000076],[102.60704985900009,13.908989868000049],[102.60917549700008,13.90883960900004],[102.61003307500005,13.90827259300005],[102.61193830400003,13.908244979000074],[102.61288786300008,13.907239817000061],[102.61417465800008,13.907885174000057],[102.61841778800004,13.908531180000068],[102.62017678200004,13.90948499500007],[102.62025778100008,13.907609283000056],[102.62168343300004,13.905702460000043],[102.62230170100008,13.90416768600005],[102.62275531700004,13.898403805000044],[102.62159906700003,13.895644484000059],[102.62003977200004,13.895552563000024],[102.61982583300005,13.892790374000072],[102.62180325900005,13.89167343500003],[102.62186848700009,13.888294646000077],[102.62261294800004,13.887789915000042],[102.62185251900007,13.883358060000035],[102.62348535900009,13.882565465000027],[102.62375937400009,13.879541033000066],[102.62323394900005,13.877416722000078],[102.62420372400004,13.876060112000062],[102.62418753500003,13.87286812700006],[102.62338102800004,13.869866038000055],[102.62619321600005,13.868155451000064],[102.62627132600005,13.865163994000056],[102.62762747200009,13.863053343000047],[102.62744609000003,13.862501946000066],[102.63000205500003,13.860934710000038],[102.63338760500005,13.859557057000075],[102.63371761900004,13.858304965000059],[102.63230928200005,13.857642910000038],[102.63179065700007,13.855759049000028],[102.62977337500007,13.852613616000042],[102.63029965400005,13.852059419000057],[102.63073012500007,13.84925279600003],[102.62897327400003,13.849041299000078],[102.62754184300007,13.848061809000058],[102.62747688800005,13.846832625000047],[102.62798562400008,13.846107332000031],[102.62994066400006,13.845610109000063],[102.63045697200005,13.843994430000066],[102.63137510300004,13.844455057000062],[102.63358610900008,13.843346560000043],[102.63666690600007,13.84345694500007],[102.63850530000008,13.842165117000036],[102.63992294800005,13.842086983000058],[102.64060402400008,13.841203928000027],[102.64326150400007,13.842449113000043],[102.64391657300007,13.841130227000065],[102.64592746300008,13.84157786000003],[102.64741611000005,13.840431961000036],[102.64845170500007,13.840469907000056],[102.65158311400006,13.837557748000052],[102.65174219000005,13.835594496000056],[102.65268985200004,13.836445624000078],[102.65518617400005,13.835765049000031],[102.65588769300007,13.833928545000049],[102.65698892100005,13.833201362000068],[102.65872794600006,13.834285044000069],[102.65898252500006,13.83328395500007],[102.66023309300004,13.834018145000073],[102.66080939300008,13.83318360900006],[102.66225513800003,13.834080619000076],[102.66324108200007,13.833520878000058],[102.66462496600008,13.833955270000047],[102.66756661400007,13.833995504000029],[102.66809744000005,13.833563359000038],[102.67043716600006,13.833901929000035],[102.67547577700009,13.833104391000063],[102.67887985000004,13.83403369000007],[102.67964257600005,13.833176663000074],[102.68208976600005,13.832125757000028],[102.68254352600007,13.830635681000047],[102.68475987000005,13.829897243000062],[102.68339955900007,13.826029779000066],[102.68346231200007,13.821980796000048],[102.68435870000008,13.820852068000022],[102.68740549600005,13.821559106000052],[102.68709951900007,13.82439818000006],[102.68939053200006,13.824754171000052],[102.68889762000003,13.82521667900005],[102.68949037600004,13.826893258000041],[102.69052111700006,13.827358098000047],[102.69086363300005,13.829206990000046],[102.69167253100005,13.829093671000066],[102.69376551500005,13.830742001000033],[102.69337791200007,13.831683295000062],[102.69422272800006,13.83275208200007],[102.69453440000007,13.834646374000044],[102.69409075000004,13.835316027000033],[102.69530849000006,13.835786449000068],[102.69582196500005,13.838079396000069],[102.69895390500005,13.836583865000023],[102.70217920700009,13.835532735000072],[102.70390565900004,13.838108990000023],[102.70578453100006,13.838813947000062],[102.71024313900006,13.84431406300007],[102.71197528600004,13.845354929000052],[102.71377557600005,13.847225800000047],[102.71592869800008,13.850138386000026],[102.72191362300003,13.850242060000028],[102.72916552600009,13.847356301000048],[102.73242015000005,13.845440052000072],[102.73706853100003,13.844296557000064],[102.73853269800009,13.844291245000022],[102.73945438900006,13.845089857000062],[102.74329287800003,13.845155257000044],[102.74555644000009,13.843741686000044],[102.74785186300005,13.844964075000064],[102.75229737200004,13.844080949000045],[102.75463638800005,13.844467924000071],[102.75675258700005,13.847146222000049],[102.76691925000006,13.856680745000062],[102.75975568900009,13.86025866700004],[102.75461655000004,13.86133951200003],[102.75017400800004,13.866503747000024],[102.74803632600003,13.868463215000077],[102.74619610000008,13.869300648000035],[102.74138620500008,13.869412891000025],[102.73998273700005,13.869819713000027],[102.73566034700008,13.872053379000022],[102.73182167100003,13.874327762000064],[102.72996284600003,13.875858992000076],[102.72630178500003,13.88061605300004],[102.72544780900006,13.882093395000027],[102.72344236500004,13.886796273000073],[102.72172168800006,13.890194278000024],[102.71951589800005,13.892857893000041],[102.71639581900007,13.894466106000039],[102.71360411700005,13.896261954000067],[102.71005323100007,13.897452772000065],[102.70563241200006,13.900371582000048],[102.70223394000004,13.901232454000024],[102.69949546500004,13.901428163000048],[102.69643479900009,13.900588284000037],[102.69466206900006,13.898254863000034],[102.69324582600007,13.897255123000036],[102.68712044200004,13.896766481000043],[102.68529308400008,13.895591660000036],[102.68267736100006,13.895221054000046],[102.68068911400007,13.896353126000065],[102.67697661600005,13.897412380000048],[102.67608001500008,13.896976950000067],[102.67364927700004,13.899275674000023],[102.67478768000007,13.900375348000068],[102.67461842500006,13.902091936000033],[102.67354084000004,13.905715152000028],[102.67120248700007,13.907443576000048],[102.67063954300005,13.908621287000074],[102.67231690500006,13.912647544000038],[102.67479871900008,13.916428193000058],[102.67719074600006,13.920862815000078],[102.67930801300008,13.925872625000068],[102.67955810300003,13.92832190200005]]]},"properties":{"Shape_Leng":0.656956259812,"Shape_Area":0.00900455480527,"ADM3_EN":"Nong Waeng","ADM3_TH":"หนองแวง","ADM3_PCODE":"TH270803","ADM2_EN":"Khok Sung","ADM2_TH":"โคกสูง","ADM2_PCODE":"TH2708","ADM1_EN":"Sa Kaeo","ADM1_TH":"สระแก้ว","ADM1_PCODE":"TH27","ADM0_EN":"Thailand","ADM0_TH":"ประเทศไทย","ADM0_PCODE":"TH"}},
{"type":"Feature","geometry":{"type":"Polygon","coordinates":[[[102.65559819200007,13.736479140000029],[102.66269950800006,13.740072128000065],[102.66713506000008,13.74253748600006],[102.67300877000008,13.745578306000027],[102.68078755600004,13.749366590000022],[102.68384061000006,13.750108978000071],[102.68771809300006,13.750456903000043],[102.69025163400005,13.752799999000047],[102.71222751900007,13.769610456000066],[102.73082395600005,13.772077306000028],[102.73231917500004,13.773682913000073],[102.73265062400009,13.77972600000004],[102.73343659200003,13.782292964000021],[102.73226941600007,13.785713428000065],[102.72973060000004,13.787013664000028],[102.72611362400005,13.788463559000036],[102.72379071100005,13.791047724000066],[102.72360005400009,13.792889298000034],[102.72582889100005,13.79784619000003],[102.72785014500005,13.801266000000055],[102.73169386000006,13.807117590000075],[102.73476550600009,13.812257750000072],[102.73213710700009,13.81280375800003],[102.71779538600003,13.812543205000054],[102.71224760500007,13.811430416000064],[102.71004999900003,13.810257225000043],[102.70903942800004,13.808887346000063],[102.70557857000006,13.808419282000045],[102.70393477700009,13.808533314000044],[102.70356087000005,13.807641198000056],[102.70181705300007,13.807685685000024],[102.70031566500006,13.805702917000076],[102.69749821700003,13.803557144000024],[102.69536016200004,13.802802744000076],[102.69280963900007,13.80296800700006],[102.68895797300007,13.80184743500007],[102.68912908300007,13.799888205000059],[102.68725470800007,13.80030544400006],[102.68469650700007,13.80005099500005],[102.68454572400009,13.798716863000038],[102.68283620900007,13.798725252000054],[102.68086665100009,13.800063009000041],[102.67897965600008,13.799310313000035],[102.67625908100007,13.80095816100004],[102.67157010200003,13.80200106500007],[102.66652841900009,13.802368146000049],[102.66478058300004,13.801870459000043],[102.65960986100004,13.803626657000052],[102.65905648400008,13.802981956000053],[102.65516591700003,13.804529141000046],[102.65226853900003,13.806309824000039],[102.65115237400005,13.80620953500005],[102.64926133000006,13.806976260000056],[102.64276982600006,13.807150593000074],[102.64116469900006,13.807702126000038],[102.64030733800007,13.808934656000076],[102.63536614600008,13.809643363000077],[102.63532476000006,13.810271348000072],[102.62768864300006,13.811012296000058],[102.62768049700009,13.811478073000046],[102.62279798400004,13.811855278000053],[102.61993111300006,13.811705736000022],[102.61906614600008,13.813452131000076],[102.61632731800006,13.811545933000048],[102.61327591900005,13.811582938000072],[102.61212330200004,13.809799965000025],[102.60843643400005,13.809071643000038],[102.60660780100005,13.807067704000076],[102.60545744000007,13.80331202900004],[102.60314025500008,13.803381279000064],[102.60146133500007,13.80394885000004],[102.59977159700009,13.80185769700006],[102.59981273500006,13.800821129000042],[102.59875088000007,13.80128865100005],[102.59617250600007,13.79787077800006],[102.59329544900004,13.793049976000077],[102.59442040200008,13.792111564000038],[102.59571899600007,13.792592727000056],[102.59977871100006,13.790423984000029],[102.60027709300005,13.789142201000061],[102.60220242400004,13.787142925000069],[102.60208323900008,13.785991909000074],[102.60396366200007,13.785637018000045],[102.60492250800007,13.783947515000023],[102.60462521300008,13.783328956000048],[102.60640878300006,13.782802608000054],[102.60639507200005,13.781269099000042],[102.61170968900007,13.778702685000042],[102.61367358400008,13.779180350000047],[102.61535004000007,13.776005578000024],[102.61687628000004,13.775276844000075],[102.61735980000009,13.774347915000021],[102.61863559600005,13.774333918000025],[102.61938766600008,13.772069223000074],[102.62084957800005,13.77226453000003],[102.62186519700003,13.770598044000053],[102.62292770100004,13.770456594000052],[102.62312645800006,13.769309130000067],[102.62604793800006,13.768704287000048],[102.62682421700003,13.76728496800007],[102.62600960500004,13.762218285000074],[102.62813203400003,13.759683627000072],[102.62941541200007,13.758807411000078],[102.63093948500006,13.759521651000057],[102.63249148900007,13.75860052400003],[102.63260213700005,13.757851112000026],[102.63512640500005,13.757094001000041],[102.63685340500007,13.754218484000035],[102.63582441200003,13.752461788000062],[102.63727816100004,13.751996743000063],[102.63669201200008,13.751413595000031],[102.63878268200006,13.748297956000044],[102.63969229900005,13.74879287500005],[102.64165110700009,13.745830516000069],[102.64666830700008,13.744333341000072],[102.64866767800004,13.74300579900006],[102.64959629100008,13.743624460000035],[102.65013579500004,13.741716147000034],[102.65062321500005,13.74210271000004],[102.65362623600004,13.740491108000072],[102.65417581000008,13.738570350000032],[102.65559819200007,13.736479140000029]]]},"properties":{"Shape_Leng":0.431620381703,"Shape_Area":0.00627210094816,"ADM3_EN":"Non Mak Mun","ADM3_TH":"โนนหมากมุ่น","ADM3_PCODE":"TH270804","ADM2_EN":"Khok Sung","ADM2_TH":"โคกสูง","ADM2_PCODE":"TH2708","ADM1_EN":"Sa Kaeo","ADM1_TH":"สระแก้ว","ADM1_PCODE":"TH27","ADM0_EN":"Thailand","ADM0_TH":"ประเทศไทย","ADM0_PCODE":"TH"}},
{"type":"Feature","geometry":{"type":"Polygon","coordinates":[[[102.22591241100008,13.383899190000022],[102.22539285300007,13.384884740000075],[102.22347782000008,13.385559217000036],[102.22189664700005,13.384965584000042],[102.22032150100006,13.385874361000049],[102.21891401800008,13.387383914000054],[102.21617073400006,13.388052763000076],[102.21512520500005,13.389617496000028],[102.21369442900004,13.38924614800004],[102.21286424800007,13.390338265000025],[102.20978786400008,13.391030088000036],[102.20927929300007,13.392029258000036],[102.20654873800004,13.394616636000023],[102.20509418600005,13.395614153000054],[102.20448913600006,13.396710226000039],[102.20196855200004,13.397695843000065],[102.20175979500004,13.398439179000036],[102.19834151400005,13.399714470000049],[102.19609917100007,13.399418317000027],[102.19531348000004,13.400188246000027],[102.19236390300006,13.401306426000076],[102.19168085100006,13.402645109000048],[102.18992553700008,13.403270770000063],[102.18966167300005,13.405221469000026],[102.18880452800005,13.406759739000051],[102.18767105700005,13.407164081000076],[102.18725736400006,13.408734238000022],[102.18567233400006,13.411253694000038],[102.18469100400006,13.410949776000052],[102.18380080000009,13.412393400000042],[102.18442221800007,13.413975722000032],[102.18345281100005,13.41521272600005],[102.17972088000005,13.416522193000048],[102.17763291800009,13.416309027000068],[102.17807696500006,13.415121819000035],[102.17790910900004,13.413321980000035],[102.17592293800004,13.410456159000034],[102.17567928200003,13.408313178000071],[102.17684155500007,13.408828561000064],[102.17701393500005,13.407205971000053],[102.17826426400006,13.40580114900007],[102.17965154300003,13.402997886000037],[102.17869579800004,13.402489338000066],[102.17845888400007,13.39854097500006],[102.17584450600003,13.398028994000072],[102.17509427000005,13.396199058000036],[102.17347163200009,13.396088992000045],[102.17237970800005,13.395048234000058],[102.17077445100006,13.395273522000025],[102.17040803200007,13.396120677000056],[102.16879868400008,13.396403625000062],[102.16640764400006,13.39785224600007],[102.16423200800006,13.396928563000074],[102.16286576300007,13.395893407000074],[102.16137524900006,13.395883264000076],[102.15829179100007,13.396813013000042],[102.15758681700004,13.395858819000068],[102.15567731900006,13.395586102000038],[102.15429741400004,13.396428456000024],[102.15346169400004,13.39607387600006],[102.15225088800008,13.397001060000036],[102.15061996400004,13.396283289000053],[102.14660090300004,13.397773322000035],[102.14459230300008,13.397683861000075],[102.14254343400006,13.396388557000023],[102.14106812600005,13.397802450000029],[102.13953600700006,13.397840690000066],[102.13835018900005,13.396590366000055],[102.14034047700005,13.394555578000052],[102.14142559900006,13.390278275000071],[102.14167650800005,13.38549570500004],[102.14067334800006,13.384915582000076],[102.13725823400006,13.384518563000029],[102.13696005200006,13.382337560000053],[102.13738792500004,13.381406585000036],[102.13879820300008,13.381382514000052],[102.13958348900007,13.380222134000064],[102.13973584900003,13.378745859000048],[102.14103400600004,13.37740025100004],[102.14089441500005,13.375874701000043],[102.14182085700008,13.374576778000062],[102.14114012400006,13.373183132000065],[102.13857547300006,13.371797431000061],[102.13844211600008,13.371246601000053],[102.14101916000004,13.36449648000007],[102.14186822400006,13.363020930000062],[102.14236235000004,13.359813491000068],[102.14431807900007,13.357501262000028],[102.14473056400004,13.35287482900003],[102.14583949200005,13.35052330700006],[102.14769555500004,13.350515997000059],[102.14966918200008,13.348979453000027],[102.15446147300008,13.350037481000072],[102.15680574700008,13.348790786000052],[102.15932361800009,13.346175773000027],[102.16372453500009,13.34666384600007],[102.16808096700004,13.346148327000037],[102.17184473800006,13.343918917000053],[102.17575081400008,13.341315700000052],[102.16644652200006,13.329736014000048],[102.16536167500004,13.32739441900003],[102.16524586000008,13.324091698000075],[102.16921040700004,13.323051943000053],[102.17032311500009,13.320068891000062],[102.17290519400007,13.318361734000064],[102.18088833900003,13.31457729300007],[102.18186876200008,13.31272034400007],[102.18138540200005,13.31011522800003],[102.18343083200006,13.306119374000048],[102.18408777500008,13.30408439300004],[102.18710477600007,13.302072745000032],[102.18955395600005,13.300919297000064],[102.19020695700004,13.299356481000075],[102.18987437400006,13.295681610000031],[102.18865892300005,13.293062450000036],[102.19002094100006,13.291878518000033],[102.19140858900005,13.292298668000058],[102.19287906600005,13.295133473000021],[102.19555292000007,13.296657310000057],[102.19667091400004,13.296031265000067],[102.19940367700008,13.297449509000046],[102.20089867700005,13.299311267000064],[102.20220631300003,13.29886730000004],[102.20389167300004,13.299823756000023],[102.20475933200004,13.299508101000072],[102.20624276800004,13.300281982000058],[102.20787401500007,13.30281909100006],[102.20986644700008,13.302786810000043],[102.21237728100004,13.303612969000028],[102.21260756300006,13.305919739000046],[102.21327112000006,13.30592178300003],[102.21466878500007,13.307693012000072],[102.21621540700005,13.31111506600007],[102.21715949800006,13.31006044000003],[102.21652464500005,13.308044962000054],[102.21738227100008,13.307366499000068],[102.21866240000008,13.30395194600004],[102.21963583100006,13.303701979000039],[102.22314935500003,13.303807978000066],[102.22458672800008,13.30225619600003],[102.22870311300005,13.301553419000072],[102.22901356500006,13.30018520300007],[102.23088494400008,13.29785326800004],[102.23166312800004,13.296202811000057],[102.23197055600008,13.292773381000075],[102.23318127200008,13.292199006000033],[102.23640726500008,13.291988361000051],[102.23844359100008,13.291164352000067],[102.24013746100007,13.289097725000033],[102.24256292000007,13.286902044000044],[102.24480464600003,13.285576967000054],[102.25026115400004,13.285035906000076],[102.25473681700004,13.28523565100005],[102.25604614700006,13.284757263000074],[102.25915158900006,13.287188365000077],[102.26134543300009,13.288001708000024],[102.26300014500003,13.287232972000027],[102.26544116500008,13.287942590000057],[102.26633826500006,13.28896317400006],[102.26756448800006,13.289245107000056],[102.27275447200009,13.288430487000028],[102.27309659200006,13.289144647000057],[102.27493800400003,13.28979165100003],[102.27619259400007,13.289620912000032],[102.27804228200006,13.290324832000067],[102.27817117800004,13.292156485000021],[102.28012175700007,13.294023476000064],[102.27991855000005,13.296775704000027],[102.28224509600005,13.301551102000076],[102.28326640500006,13.301197853000076],[102.28377653500007,13.303635412000062],[102.28324859300005,13.30387356600005],[102.28377013500005,13.306255841000052],[102.28565968300006,13.307722543000068],[102.28214979500007,13.30968011300007],[102.28260134200008,13.311520753000025],[102.28168826400008,13.31274133900007],[102.28091796200005,13.312459225000055],[102.27971930300004,13.314909630000045],[102.28081056400003,13.318176574000063],[102.27639231000006,13.317490182000029],[102.27605652400007,13.317850732000068],[102.27345517200007,13.317623952000076],[102.27299548400003,13.318136639000045],[102.27314773900008,13.320602201000042],[102.27389165800008,13.321380831000056],[102.27314010600008,13.32277033400004],[102.27086377600006,13.323116695000067],[102.27069508300008,13.323742496000023],[102.27210267700008,13.324929625000038],[102.27478434900007,13.324496673000056],[102.27509188200008,13.326444827000046],[102.27327927800008,13.327463317000024],[102.27373504800005,13.32935421600007],[102.27352693800003,13.33073937100005],[102.27160753800007,13.33150020100004],[102.27170927400005,13.332234937000067],[102.27012282000004,13.332065621000027],[102.26902635500005,13.330548252000028],[102.26602456400008,13.334266804000038],[102.26689569300004,13.335131353000065],[102.26473521400004,13.335472761000062],[102.26332818900005,13.33444346300007],[102.26198009500007,13.334371700000077],[102.26152343100006,13.336761780000074],[102.26075039700004,13.337931557000047],[102.25572838200009,13.339856328000053],[102.25502736500005,13.339171364000038],[102.25406283900008,13.340266389000021],[102.25264079900006,13.340171600000076],[102.25296140000006,13.338941269000031],[102.25157585700003,13.33773201300005],[102.25087906300007,13.338432454000042],[102.24944817500005,13.337801398000067],[102.24967506800004,13.33909402200004],[102.24819857100005,13.338542051000047],[102.24619567200006,13.339720747000058],[102.24491934100007,13.33953269500006],[102.24585816300004,13.341780819000064],[102.24316978800005,13.341821668000023],[102.24215824500004,13.34439502500004],[102.24042345500004,13.344535969000049],[102.24008404200003,13.346867245000055],[102.23892977500009,13.34612953800007],[102.23826024400006,13.346736025000041],[102.23515181300007,13.346959516000027],[102.23390105500005,13.351200727000048],[102.23032828800007,13.350544386000024],[102.22982124400005,13.35238441100006],[102.22837524900007,13.352762313000028],[102.22786415800005,13.353603403000022],[102.22847729500006,13.355383778000032],[102.22531121600008,13.357913121000024],[102.22528737000005,13.358624460000044],[102.22379490200007,13.358916849000025],[102.22265306100007,13.358029371000043],[102.22273762400005,13.361102093000056],[102.22209384400009,13.361484978000021],[102.22247882300007,13.364162589000046],[102.22203390800007,13.365181321000023],[102.22330617600005,13.365855560000057],[102.22432091100006,13.367204303000051],[102.22432969400006,13.368745357000023],[102.22601647100004,13.37635165200004],[102.22591241100008,13.383899190000022]]]},"properties":{"Shape_Leng":0.629032441081,"Shape_Area":0.00927152489913,"ADM3_EN":"Wang Sombun","ADM3_TH":"วังสมบูรณ์","ADM3_PCODE":"TH270901","ADM2_EN":"Wang Sombun","ADM2_TH":"วังสมบูรณ์","ADM2_PCODE":"TH2709","ADM1_EN":"Sa Kaeo","ADM1_TH":"สระแก้ว","ADM1_PCODE":"TH27","ADM0_EN":"Thailand","ADM0_TH":"ประเทศไทย","ADM0_PCODE":"TH"}},
{"type":"Feature","geometry":{"type":"Polygon","coordinates":[[[102.23809278900006,13.472914286000048],[102.23720171300005,13.473511805000044],[102.23684683300007,13.47535054900004],[102.23601223700007,13.474692823000055],[102.23553789300007,13.476028717000077],[102.23401638900003,13.476398109000058],[102.23411268600006,13.477126304000024],[102.23269724600004,13.47748812900005],[102.23143023800009,13.478898421000054],[102.22816868900009,13.478172401000052],[102.22723012800009,13.479947798000069],[102.22560804600005,13.48002380400004],[102.22359355600008,13.480971641000053],[102.22357866700008,13.482879624000077],[102.22297432100004,13.483087918000024],[102.22014045200007,13.482399975000021],[102.21863834900006,13.480772759000047],[102.21046018300007,13.475654620000057],[102.20902724700005,13.474477992000061],[102.20681832200006,13.473503315000073],[102.20225166100005,13.470696536000048],[102.19982510000006,13.469513462000066],[102.20054849100006,13.468050171000073],[102.19335122000007,13.465622691000021],[102.19139245700006,13.466033596000045],[102.18910199700008,13.464713774000074],[102.18724152000004,13.46481512500003],[102.18661648400007,13.465774160000024],[102.18571223600009,13.465406107000035],[102.18493554000008,13.466908917000069],[102.18331798900005,13.466833404000056],[102.18260000100008,13.467478098000072],[102.17402050300007,13.466604885000038],[102.17300769600007,13.467083521000063],[102.17095043900008,13.466083513000058],[102.16900459600004,13.466668232000075],[102.16775755100008,13.465769426000065],[102.16516109200006,13.466842450000058],[102.16410937000006,13.46791599900007],[102.16324500000007,13.471556476000046],[102.15764274400004,13.465400647000024],[102.15536859200006,13.461857876000067],[102.14842260200004,13.453941752000048],[102.14783037900008,13.451849147000075],[102.14417138000005,13.451422317000038],[102.14401176700005,13.44931536300004],[102.14297145500007,13.44918569300006],[102.14058320500004,13.451186274000065],[102.13598359100007,13.448840451000024],[102.13519444900004,13.449808917000041],[102.13487115700008,13.45156967500003],[102.13178099900006,13.45004764500004],[102.12291386700008,13.449872578000054],[102.11695698900007,13.450352243000054],[102.11559050200003,13.449307993000048],[102.11251864200005,13.44954668400004],[102.11083280100007,13.45022745500006],[102.10828165600009,13.450575578000041],[102.10523927200006,13.449581098000067],[102.10350858800007,13.450099065000074],[102.10049692600006,13.447046771000032],[102.09649067900006,13.442343744000027],[102.09392077300004,13.442430606000073],[102.08937162500007,13.444341413000075],[102.08519166400004,13.447103721000076],[102.08204079500007,13.447701207000023],[102.07733119600005,13.447693676000029],[102.07742234200003,13.452421241000025],[102.07621569500009,13.452914231000022],[102.07498667000004,13.450049911000065],[102.07414019200007,13.450539559000049],[102.07494747500004,13.445302712000057],[102.07078846100006,13.44495981600005],[102.07072038000007,13.445414451000033],[102.06783609800004,13.444771433000028],[102.06745163900007,13.442108826000037],[102.06798928500007,13.440818930000034],[102.06660153600006,13.44023975600004],[102.06629581500005,13.438922739000077],[102.06386787700006,13.436923268000044],[102.06217451200007,13.435971426000037],[102.06069869200007,13.436108367000031],[102.06051911700007,13.43686232300007],[102.05903256200008,13.437151569000036],[102.05512236900006,13.435278935000042],[102.05314552300007,13.435889667000026],[102.05218397300007,13.437115437000045],[102.05059568600007,13.437152228000059],[102.04944657900006,13.438921318000041],[102.04792344300006,13.438643587000058],[102.04713394900006,13.439667691000068],[102.04401794700004,13.439719430000025],[102.04286511500004,13.441060582000034],[102.04108846100007,13.441834783000047],[102.03991676500004,13.441720376000035],[102.03771257500006,13.442492710000067],[102.03743340500006,13.441376343000059],[102.03553013100009,13.439494124000078],[102.03329208100007,13.439285002000076],[102.03190943700008,13.440056737000077],[102.02913486700004,13.439693142000067],[102.02939466300006,13.438574158000051],[102.02446577200004,13.437177166000026],[102.02223237800007,13.436017368000023],[102.01954105600004,13.435731394000072],[102.01322064100003,13.43558504200007],[102.01294691100009,13.436407193000036],[102.00875204100004,13.436439245000031],[102.00699220800004,13.434930922000035],[102.00281612200007,13.43451521000003],[101.99491927600008,13.434372883000037],[101.99421222000007,13.433616799000049],[101.99070671300007,13.433975751000048],[101.98691574100008,13.43147646400007],[101.98735980900005,13.42919583400004],[101.98588950000004,13.42895642600007],[101.98397912100006,13.429369380000026],[101.98387300600007,13.430107941000074],[101.98128583800008,13.430920211000057],[101.98039416000006,13.43270756100003],[101.97920659900007,13.431257078000044],[101.97783564100007,13.431343132000052],[101.97308666900005,13.433944698000062],[101.96591800600004,13.434946098000069],[101.96413052100007,13.435578380000038],[101.96114146300005,13.437442456000042],[101.95983504600008,13.439749913000071],[101.95633564200006,13.438912420000065],[101.95630860100005,13.437980613000036],[101.95393433200007,13.436595036000028],[101.95212605200004,13.433621235000032],[101.95198809600004,13.432540079000034],[101.95584755600004,13.431364608000024],[101.96165379700005,13.428329354000027],[101.96332619300006,13.426648173000046],[101.96496299100005,13.41813526900006],[101.96625547400004,13.414295580000044],[101.96804971300008,13.41229411200004],[101.97305216000007,13.410791371000073],[101.97572363600005,13.40878656600006],[101.97683103600008,13.408545680000032],[101.97741808100005,13.406073556000024],[101.97734338400005,13.400630996000075],[101.97689718700008,13.399236206000069],[101.97379685700008,13.396537607000027],[101.97307892000003,13.395352699000057],[101.97281332700004,13.390435986000057],[101.97410658100006,13.387359783000022],[101.97585489600004,13.386419889000024],[101.97770826900006,13.38302016700004],[101.97953056000006,13.382364343000063],[101.98021506400005,13.381388897000022],[101.98212530400008,13.38041959700007],[101.98239959000006,13.375034406000054],[101.98307870700006,13.371643509000023],[101.98265559500004,13.369579824000027],[101.98086826300005,13.36672640300003],[101.98059051500007,13.363353541000038],[101.98178549200009,13.358115044000044],[101.98297082800008,13.354791197000054],[101.98571348300004,13.352553946000057],[101.98993275500004,13.352635983000027],[101.99265262900008,13.355014788000062],[101.99417206300006,13.357892657000036],[101.99539382600005,13.35935151700005],[101.99788956400005,13.360612381000067],[101.99939833100007,13.360240565000026],[102.00099102600007,13.360504482000067],[102.00517855800007,13.35976355300005],[102.00612140400006,13.360864715000048],[102.00600512500006,13.361814497000069],[102.00895337500003,13.363463695000064],[102.00881205700006,13.364570835000052],[102.00970785800007,13.365868576000025],[102.00953706200005,13.367167503000076],[102.01112388100006,13.367817029000037],[102.01104988700007,13.368827378000049],[102.01563002300009,13.371892415000048],[102.01641354600008,13.371198986000024],[102.01846067400004,13.372526357000027],[102.02075083400007,13.371539419000044],[102.02190621800008,13.371583820000069],[102.02200945500005,13.37321687800005],[102.02331942100005,13.372726711000041],[102.02450020200007,13.373558334000052],[102.02319191500004,13.377553878000072],[102.02496511400005,13.378470893000042],[102.02710271300003,13.378489837000075],[102.03198835000006,13.379897322000033],[102.03288351500004,13.377982582000072],[102.03578910700008,13.37881083600007],[102.03684673800007,13.37948476400004],[102.03535514500004,13.380491781000046],[102.03549703800007,13.382661154000061],[102.03465713300005,13.384033074000058],[102.03477968800007,13.385052603000076],[102.03641219600007,13.385143442000071],[102.03738618300008,13.385973602000035],[102.03880344500004,13.385866985000064],[102.04108210500004,13.38671454000007],[102.04344472100007,13.386691023000026],[102.04402706400003,13.387633508000022],[102.04624242600005,13.388474077000069],[102.04662138000003,13.389406136000048],[102.04889600400008,13.389926305000074],[102.05227999500005,13.393039852000072],[102.05235075400009,13.394010674000072],[102.05405870000004,13.394672571000058],[102.05485414500004,13.394095002000029],[102.05754165000008,13.394509593000066],[102.05898703600008,13.394109435000075],[102.05962002900009,13.394933931000025],[102.06193081900005,13.395353904000046],[102.06277284300006,13.396880207000038],[102.06271381300007,13.398054710000054],[102.06420031000005,13.399105635000069],[102.06377764700005,13.400271668000073],[102.06478416200008,13.401118678000046],[102.06430652400007,13.402328806000071],[102.06720620700008,13.403841735000071],[102.06979913600009,13.403758820000064],[102.07098962600008,13.404430563000062],[102.07141840300005,13.405880202000048],[102.07465883300006,13.40716919700003],[102.07466903600005,13.40930079900005],[102.07570213300005,13.410716050000076],[102.07541372700007,13.412931728000046],[102.07755547000005,13.413057009000056],[102.07908122500004,13.416370655000037],[102.07834732000003,13.417312984000034],[102.07822744600008,13.418835210000054],[102.08010832200006,13.419266873000026],[102.08293135500008,13.41897897900003],[102.08391908400006,13.421148907000031],[102.08520186900006,13.421026867000023],[102.08718289600006,13.42181793900005],[102.08613011800009,13.420367250000027],[102.08856946700007,13.420524355000055],[102.08958700700003,13.417229225000028],[102.09209444500004,13.417588838000029],[102.09428535200004,13.41579173200006],[102.09583164900005,13.415457553000067],[102.09784790500004,13.416531790000022],[102.09782012300008,13.415026690000047],[102.09923235400004,13.412609477000046],[102.10120849300006,13.411440543000026],[102.10174270500005,13.41235326900005],[102.10387985300008,13.41151687300004],[102.10434290300009,13.409418220000077],[102.10515488400006,13.409871844000065],[102.10607389300009,13.409107807000055],[102.10775882600007,13.409321188000035],[102.11028306800006,13.408066114000064],[102.11203466100005,13.407634871000027],[102.11360006800004,13.408246942000062],[102.11439225400005,13.409965623000062],[102.11509528300007,13.41022388700003],[102.11483615200007,13.411702192000064],[102.11584322800007,13.413259821000054],[102.11745361700008,13.41389051300007],[102.11908306900006,13.416667267000037],[102.12254075300007,13.416262130000064],[102.12333598800006,13.417048227000066],[102.12462213400005,13.416930426000022],[102.12644339900004,13.414979235000033],[102.12765919600008,13.414933619000067],[102.13216445800003,13.413607551000041],[102.13735225200008,13.413394437000022],[102.13708641400007,13.409732534000057],[102.13830666200005,13.407316712000068],[102.13800345600004,13.405773658000044],[102.13637723000005,13.40527273400005],[102.13589536500007,13.403581969000072],[102.13613262200005,13.401155981000045],[102.13835018900005,13.396590366000055],[102.13953600700006,13.397840690000066],[102.14106812600005,13.397802450000029],[102.14254343400006,13.396388557000023],[102.14459230300008,13.397683861000075],[102.14660090300004,13.397773322000035],[102.15061996400004,13.396283289000053],[102.15225088800008,13.397001060000036],[102.15346169400004,13.39607387600006],[102.15429741400004,13.396428456000024],[102.15567731900006,13.395586102000038],[102.15758681700004,13.395858819000068],[102.15829179100007,13.396813013000042],[102.16137524900006,13.395883264000076],[102.16286576300007,13.395893407000074],[102.16423200800006,13.396928563000074],[102.16640764400006,13.39785224600007],[102.16879868400008,13.396403625000062],[102.17040803200007,13.396120677000056],[102.17077445100006,13.395273522000025],[102.17237970800005,13.395048234000058],[102.17347163200009,13.396088992000045],[102.17509427000005,13.396199058000036],[102.17584450600003,13.398028994000072],[102.17845888400007,13.39854097500006],[102.17869579800004,13.402489338000066],[102.17965154300003,13.402997886000037],[102.17826426400006,13.40580114900007],[102.17701393500005,13.407205971000053],[102.17684155500007,13.408828561000064],[102.17567928200003,13.408313178000071],[102.17592293800004,13.410456159000034],[102.17790910900004,13.413321980000035],[102.17807696500006,13.415121819000035],[102.17763291800009,13.416309027000068],[102.17972088000005,13.416522193000048],[102.18345281100005,13.41521272600005],[102.18442221800007,13.413975722000032],[102.18380080000009,13.412393400000042],[102.18469100400006,13.410949776000052],[102.18567233400006,13.411253694000038],[102.18725736400006,13.408734238000022],[102.18767105700005,13.407164081000076],[102.18880452800005,13.406759739000051],[102.18966167300005,13.405221469000026],[102.18992553700008,13.403270770000063],[102.19168085100006,13.402645109000048],[102.19236390300006,13.401306426000076],[102.19531348000004,13.400188246000027],[102.19609917100007,13.399418317000027],[102.19834151400005,13.399714470000049],[102.20175979500004,13.398439179000036],[102.20196855200004,13.397695843000065],[102.20448913600006,13.396710226000039],[102.20509418600005,13.395614153000054],[102.20654873800004,13.394616636000023],[102.20927929300007,13.392029258000036],[102.20978786400008,13.391030088000036],[102.21286424800007,13.390338265000025],[102.21369442900004,13.38924614800004],[102.21512520500005,13.389617496000028],[102.21617073400006,13.388052763000076],[102.21891401800008,13.387383914000054],[102.22032150100006,13.385874361000049],[102.22189664700005,13.384965584000042],[102.22347782000008,13.385559217000036],[102.22539285300007,13.384884740000075],[102.22591241100008,13.383899190000022],[102.22613724100006,13.391947507000054],[102.22605755800004,13.393674688000033],[102.22515700400004,13.396482498000069],[102.22536324600009,13.399806056000045],[102.22417507100005,13.400685385000031],[102.22448210600004,13.404098272000056],[102.22387730100007,13.406262439000045],[102.22402511500007,13.407540622000056],[102.22585675500005,13.413641846000075],[102.22637466400005,13.414009394000061],[102.23076811200008,13.413844796000035],[102.23244744500005,13.414561759000037],[102.23402431700003,13.416926810000064],[102.23384132200005,13.419269729000064],[102.23266218000003,13.420994266000037],[102.23330000800007,13.42466481200006],[102.23407186200006,13.425538055000061],[102.23445376400008,13.428953690000071],[102.23617176300007,13.429484520000074],[102.23650235100007,13.431061713000076],[102.23436885500007,13.433645543000068],[102.23665970800005,13.437021316000028],[102.23459183900007,13.441039024000077],[102.23458219200006,13.44312568600003],[102.23518129300004,13.445357597000054],[102.23451754300004,13.446077004000074],[102.23498417800005,13.449845633000052],[102.23615229400008,13.45207681100004],[102.23532592400005,13.453839806000076],[102.23553538400006,13.45529072000005],[102.23659604100004,13.456359998000039],[102.23640358300008,13.457204956000055],[102.23437273500008,13.459078909000027],[102.23480103800006,13.467286710000053],[102.23863854800004,13.465509292000036],[102.24187415600005,13.469172023000056],[102.24133796900009,13.470479516000069],[102.23719321700008,13.472168646000057],[102.23809278900006,13.472914286000048]]]},"properties":{"Shape_Leng":1.03427274175,"Shape_Area":0.0150142998335,"ADM3_EN":"Wang Mai","ADM3_TH":"วังใหม่","ADM3_PCODE":"TH270902","ADM2_EN":"Wang Sombun","ADM2_TH":"วังสมบูรณ์","ADM2_PCODE":"TH2709","ADM1_EN":"Sa Kaeo","ADM1_TH":"สระแก้ว","ADM1_PCODE":"TH27","ADM0_EN":"Thailand","ADM0_TH":"ประเทศไทย","ADM0_PCODE":"TH"}},
{"type":"Feature","geometry":{"type":"Polygon","coordinates":[[[102.13835018900005,13.396590366000055],[102.13613262200005,13.401155981000045],[102.13589536500007,13.403581969000072],[102.13637723000005,13.40527273400005],[102.13800345600004,13.405773658000044],[102.13830666200005,13.407316712000068],[102.13708641400007,13.409732534000057],[102.13735225200008,13.413394437000022],[102.13216445800003,13.413607551000041],[102.12765919600008,13.414933619000067],[102.12644339900004,13.414979235000033],[102.12462213400005,13.416930426000022],[102.12333598800006,13.417048227000066],[102.12254075300007,13.416262130000064],[102.11908306900006,13.416667267000037],[102.11745361700008,13.41389051300007],[102.11584322800007,13.413259821000054],[102.11483615200007,13.411702192000064],[102.11509528300007,13.41022388700003],[102.11439225400005,13.409965623000062],[102.11360006800004,13.408246942000062],[102.11203466100005,13.407634871000027],[102.11028306800006,13.408066114000064],[102.10775882600007,13.409321188000035],[102.10607389300009,13.409107807000055],[102.10515488400006,13.409871844000065],[102.10434290300009,13.409418220000077],[102.10387985300008,13.41151687300004],[102.10174270500005,13.41235326900005],[102.10120849300006,13.411440543000026],[102.09923235400004,13.412609477000046],[102.09782012300008,13.415026690000047],[102.09784790500004,13.416531790000022],[102.09583164900005,13.415457553000067],[102.09428535200004,13.41579173200006],[102.09209444500004,13.417588838000029],[102.08958700700003,13.417229225000028],[102.08856946700007,13.420524355000055],[102.08613011800009,13.420367250000027],[102.08718289600006,13.42181793900005],[102.08520186900006,13.421026867000023],[102.08391908400006,13.421148907000031],[102.08293135500008,13.41897897900003],[102.08010832200006,13.419266873000026],[102.07822744600008,13.418835210000054],[102.07834732000003,13.417312984000034],[102.07908122500004,13.416370655000037],[102.07755547000005,13.413057009000056],[102.07541372700007,13.412931728000046],[102.07570213300005,13.410716050000076],[102.07466903600005,13.40930079900005],[102.07465883300006,13.40716919700003],[102.07141840300005,13.405880202000048],[102.07098962600008,13.404430563000062],[102.06979913600009,13.403758820000064],[102.06720620700008,13.403841735000071],[102.06430652400007,13.402328806000071],[102.06478416200008,13.401118678000046],[102.06377764700005,13.400271668000073],[102.06420031000005,13.399105635000069],[102.06271381300007,13.398054710000054],[102.06277284300006,13.396880207000038],[102.06193081900005,13.395353904000046],[102.05962002900009,13.394933931000025],[102.05898703600008,13.394109435000075],[102.05754165000008,13.394509593000066],[102.05485414500004,13.394095002000029],[102.05405870000004,13.394672571000058],[102.05235075400009,13.394010674000072],[102.05227999500005,13.393039852000072],[102.04889600400008,13.389926305000074],[102.04662138000003,13.389406136000048],[102.04624242600005,13.388474077000069],[102.04402706400003,13.387633508000022],[102.04344472100007,13.386691023000026],[102.04108210500004,13.38671454000007],[102.03880344500004,13.385866985000064],[102.03738618300008,13.385973602000035],[102.03641219600007,13.385143442000071],[102.03477968800007,13.385052603000076],[102.03465713300005,13.384033074000058],[102.03549703800007,13.382661154000061],[102.03535514500004,13.380491781000046],[102.03684673800007,13.37948476400004],[102.03578910700008,13.37881083600007],[102.03288351500004,13.377982582000072],[102.03198835000006,13.379897322000033],[102.02710271300003,13.378489837000075],[102.02496511400005,13.378470893000042],[102.02319191500004,13.377553878000072],[102.02450020200007,13.373558334000052],[102.02331942100005,13.372726711000041],[102.02200945500005,13.37321687800005],[102.02190621800008,13.371583820000069],[102.02075083400007,13.371539419000044],[102.01846067400004,13.372526357000027],[102.01641354600008,13.371198986000024],[102.01563002300009,13.371892415000048],[102.01104988700007,13.368827378000049],[102.01112388100006,13.367817029000037],[102.00953706200005,13.367167503000076],[102.00970785800007,13.365868576000025],[102.00881205700006,13.364570835000052],[102.00895337500003,13.363463695000064],[102.00600512500006,13.361814497000069],[102.00612140400006,13.360864715000048],[102.00517855800007,13.35976355300005],[102.00099102600007,13.360504482000067],[101.99939833100007,13.360240565000026],[101.99788956400005,13.360612381000067],[101.99539382600005,13.35935151700005],[101.99417206300006,13.357892657000036],[101.99265262900008,13.355014788000062],[101.98993275500004,13.352635983000027],[101.98982416700005,13.34886941600007],[101.98856093100005,13.345868517000042],[101.98464370000005,13.342602836000026],[101.98438372500004,13.341025354000067],[101.98596047200004,13.33753755600003],[101.98604978600008,13.335689946000059],[101.98685655600008,13.334492064000074],[101.98890313500004,13.333254906000036],[101.99305167600005,13.32416197200007],[101.99496610400007,13.320698436000043],[101.99645349800005,13.319297583000036],[101.99977932700006,13.318822247000071],[102.00160749000008,13.316614639000022],[102.00526369900007,13.309864978000064],[102.00651163900005,13.304337725000039],[102.01020024600007,13.294640367000056],[102.01170661300006,13.290403200000071],[102.01322468500007,13.289944999000056],[102.01374978900009,13.291442329000063],[102.01532888700007,13.291273256000068],[102.01702139600008,13.289103090000026],[102.01954475900004,13.28708844700003],[102.02118186800004,13.286648010000022],[102.02545080700008,13.28799555300003],[102.02810632800004,13.28797897100003],[102.03281523200008,13.28643435600003],[102.03466457200005,13.284547918000044],[102.03544719700005,13.283187486000031],[102.03619253500005,13.280431560000068],[102.03592833700009,13.274820829000078],[102.03444838100006,13.272589699000036],[102.03189412500006,13.271627284000033],[102.02975338800007,13.268474559000026],[102.02838873300004,13.267149007000057],[102.02823332400004,13.266024191000042],[102.02994572300008,13.262830751000024],[102.02993335100007,13.260454217000074],[102.02871704400008,13.258319457000027],[102.02860292800005,13.257039660000032],[102.02971405500006,13.255011667000076],[102.02947859400007,13.252131446000021],[102.02975950600006,13.249382195000067],[102.02786679300004,13.246649407000064],[102.02856023200007,13.242737662000025],[102.02777369600005,13.240836772000023],[102.02628886600007,13.239027209000028],[102.02829049400003,13.236708263000025],[102.03025827800008,13.237860524000041],[102.03201927700007,13.238346919000037],[102.03630781400005,13.238493220000066],[102.03968552400005,13.239484523000044],[102.04337639600004,13.242413768000063],[102.04439127000006,13.242309980000073],[102.04687750300008,13.240105996000068],[102.04856534600003,13.239286850000042],[102.05049137300006,13.239342411000052],[102.05067258900004,13.241086701000029],[102.05255493800007,13.242389102000061],[102.05560288400005,13.241809173000036],[102.05695485100006,13.240863015000059],[102.05754375300006,13.241982391000022],[102.05711288200007,13.244837466000035],[102.05755366600005,13.245578168000065],[102.05996056700008,13.24521360500006],[102.06085186100006,13.245549718000063],[102.06105960000008,13.247559699000021],[102.06024760000008,13.249897457000031],[102.06155420600004,13.251871067000025],[102.06493946500007,13.250912409000023],[102.06945315700005,13.250808371000062],[102.07005500900004,13.251605126000072],[102.07023324000005,13.254518372000064],[102.07135568200005,13.255079223000052],[102.07318242600007,13.253787842000065],[102.07520042600004,13.253026847000058],[102.07641198300007,13.253236021000077],[102.07930481600005,13.258450895000067],[102.08052059000005,13.258699671000045],[102.08316780400008,13.25780273600003],[102.08444486900004,13.258241295000062],[102.08793573300005,13.260247139000057],[102.09091572800008,13.260278791000076],[102.09536553000004,13.259868096000048],[102.09818705200007,13.260547123000038],[102.09901392400008,13.261454202000039],[102.10344996800006,13.261590357000046],[102.10577881200004,13.263312386000052],[102.10717870600007,13.263611834000073],[102.10906069400005,13.26492418600003],[102.11025294000007,13.267488984000067],[102.11113883600007,13.267128123000077],[102.11162107100006,13.26911472100005],[102.11298947800009,13.270042846000024],[102.11229347900007,13.27166731400007],[102.11292348700005,13.273167301000058],[102.11425149000007,13.272904532000041],[102.11416201500003,13.275176955000063],[102.11494973400005,13.274481474000027],[102.11614657900009,13.27504988800007],[102.11619553900005,13.276879531000077],[102.11810785100005,13.277871213000026],[102.11718576400006,13.27953251200006],[102.11825326300004,13.280195207000077],[102.11768828300006,13.282449519000068],[102.11913745600003,13.283176853000043],[102.11740166700008,13.284010461000037],[102.11904066100004,13.284763318000046],[102.11911926500005,13.286155618000066],[102.11839441700005,13.286802072000057],[102.11859749500007,13.288163024000028],[102.11763436500007,13.289048771000068],[102.11902913200004,13.289152745000024],[102.11850227600007,13.290845619000038],[102.11940867000004,13.291501844000038],[102.11974730700007,13.295335673000068],[102.11803006500008,13.295831500000077],[102.11980497400003,13.29732128300003],[102.11859086900006,13.29721259200005],[102.11833537600006,13.300973180000028],[102.11976931000004,13.302002815000037],[102.11858698100008,13.303116350000039],[102.12080353400006,13.306069802000025],[102.12178805300005,13.306472599000074],[102.12203925500006,13.307888705000039],[102.12404633800008,13.310650155000076],[102.12237292900005,13.311507104000043],[102.12355288700007,13.312454582000044],[102.12384261400007,13.313702699000032],[102.12526673100007,13.313700095000058],[102.12531060100008,13.315266681000026],[102.12601712200006,13.316247310000051],[102.12531320200009,13.31838053000007],[102.12730540500007,13.318856277000066],[102.12799416100006,13.320093247000045],[102.12712542800006,13.321633898000073],[102.12785025500006,13.32237593800005],[102.12807674600003,13.323956679000048],[102.12912272500006,13.325080692000029],[102.12908896700009,13.32639116200005],[102.12733904400005,13.327515850000054],[102.12642064500005,13.327178226000058],[102.12777743100008,13.33006513600003],[102.12680770700007,13.330300970000053],[102.12682005000005,13.332618019000051],[102.12760117700009,13.33315026300005],[102.12768805200005,13.334740160000024],[102.12918359100007,13.334832266000035],[102.12948136300008,13.336036655000044],[102.13067222400008,13.335484577000045],[102.13142311900003,13.336088321000034],[102.13253661600004,13.33546500400007],[102.13317442500005,13.334051016000046],[102.13506784500004,13.333089005000033],[102.13605266800005,13.333621725000057],[102.13634685800008,13.332595034000065],[102.13797010500008,13.332474137000077],[102.13703172100008,13.33090418200004],[102.13855234100004,13.32973153100005],[102.13891345400003,13.328127147000032],[102.14135850100007,13.327451986000028],[102.14175640500008,13.325762481000027],[102.14265248400005,13.32601913600007],[102.14340534800004,13.323836064000034],[102.14459134800006,13.322887808000075],[102.14707259200009,13.322296357000027],[102.14701030700007,13.321485592000045],[102.15020794100008,13.31906102000005],[102.15482638700007,13.320723523000026],[102.15610670700005,13.32214637100003],[102.15757548400006,13.321620190000033],[102.16129567200005,13.32367791400003],[102.16307245300004,13.323610274000032],[102.16524586000008,13.324091698000075],[102.16536167500004,13.32739441900003],[102.16644652200006,13.329736014000048],[102.17575081400008,13.341315700000052],[102.17184473800006,13.343918917000053],[102.16808096700004,13.346148327000037],[102.16372453500009,13.34666384600007],[102.15932361800009,13.346175773000027],[102.15680574700008,13.348790786000052],[102.15446147300008,13.350037481000072],[102.14966918200008,13.348979453000027],[102.14769555500004,13.350515997000059],[102.14583949200005,13.35052330700006],[102.14473056400004,13.35287482900003],[102.14431807900007,13.357501262000028],[102.14236235000004,13.359813491000068],[102.14186822400006,13.363020930000062],[102.14101916000004,13.36449648000007],[102.13844211600008,13.371246601000053],[102.13857547300006,13.371797431000061],[102.14114012400006,13.373183132000065],[102.14182085700008,13.374576778000062],[102.14089441500005,13.375874701000043],[102.14103400600004,13.37740025100004],[102.13973584900003,13.378745859000048],[102.13958348900007,13.380222134000064],[102.13879820300008,13.381382514000052],[102.13738792500004,13.381406585000036],[102.13696005200006,13.382337560000053],[102.13725823400006,13.384518563000029],[102.14067334800006,13.384915582000076],[102.14167650800005,13.38549570500004],[102.14142559900006,13.390278275000071],[102.14034047700005,13.394555578000052],[102.13835018900005,13.396590366000055]]]},"properties":{"Shape_Leng":0.82297499469,"Shape_Area":0.01860120688,"ADM3_EN":"Wang Thong","ADM3_TH":"วังทอง","ADM3_PCODE":"TH270903","ADM2_EN":"Wang Sombun","ADM2_TH":"วังสมบูรณ์","ADM2_PCODE":"TH2709","ADM1_EN":"Sa Kaeo","ADM1_TH":"สระแก้ว","ADM1_PCODE":"TH27","ADM0_EN":"Thailand","ADM0_TH":"ประเทศไทย","ADM0_PCODE":"TH"}}
]}