{"type":"FeatureCollection", "features": [
{"type":"Feature","geometry":{"type":"Polygon","coordinates":[[[100.13261462200006,17.650533360000054],[100.13310781900003,17.653059583000072],[100.13073300800005,17.653359743000067],[100.12495815700004,17.658257932000026],[100.12229870300007,17.65932599200005],[100.12270084400006,17.653796902000067],[100.12173398400006,17.64972614000004],[100.10424146800005,17.648022799000046],[100.09937671300008,17.646727785000053],[100.09621662000006,17.64700109100005],[100.09421497000005,17.64367468200004],[100.09462531900004,17.64259329400005],[100.09217243000006,17.64116159300005],[100.09224027800008,17.638029930000073],[100.08822270000007,17.639787698000077],[100.08591377300007,17.63550549200005],[100.08608697100004,17.629422412000054],[100.08504949700006,17.623590164000063],[100.07814938800004,17.612751204000062],[100.08043899500007,17.608157453000047],[100.08339991300005,17.602216457000054],[100.08528701300008,17.603114154000025],[100.09587182500007,17.602834021000035],[100.09486947900007,17.605740018000063],[100.09591676200006,17.607791683000073],[100.09991783900006,17.608378507000054],[100.09877231800004,17.613810640000054],[100.09903254500006,17.61683264900006],[100.10052810000008,17.618934745000047],[100.10213277800005,17.62614764400007],[100.10507617400003,17.626318277000053],[100.10819013400004,17.622469119000073],[100.11168539400006,17.619732851000037],[100.11746975600005,17.618682396000054],[100.11902718100004,17.62065676800006],[100.11883441300006,17.62483379300005],[100.11479233300008,17.62875570800003],[100.11302145900004,17.632702164000023],[100.11274591800009,17.636131283000054],[100.11386100600004,17.64066238600003],[100.11816676400008,17.64426613100005],[100.12603484900006,17.64531097300005],[100.13261462200006,17.650533360000054]]]},"properties":{"Shape_Leng":0.217015536799,"Shape_Area":0.00115384574107,"ADM3_EN":"Tha It","ADM3_TH":"ท่าอิฐ","ADM3_PCODE":"TH530101","ADM2_EN":"Mueang Uttaradit","ADM2_TH":"เมืองอุตรดิตถ์","ADM2_PCODE":"TH5301","ADM1_EN":"Uttaradit","ADM1_TH":"อุตรดิตถ์","ADM1_PCODE":"TH53","ADM0_EN":"Thailand","ADM0_TH":"ประเทศไทย","ADM0_PCODE":"TH"}},
{"type":"Feature","geometry":{"type":"Polygon","coordinates":[[[100.13261462200006,17.650533360000054],[100.13543692700006,17.65163332900005],[100.13562920700008,17.656184804000077],[100.13732019100007,17.660260348000065],[100.14146286000005,17.661337263000064],[100.14253384900007,17.664667251000026],[100.14481616600006,17.665318874000036],[100.14166205900005,17.668431674000033],[100.13972920700007,17.665816543000062],[100.13846198100003,17.668941433000043],[100.13640800900004,17.666313948000038],[100.13302594700008,17.668012230000045],[100.13209837400007,17.666762121000033],[100.13041461100005,17.668777587000022],[100.12771211200004,17.669090888000028],[100.12491067100007,17.67063680700005],[100.12347313200007,17.66769033500003],[100.12112742600004,17.671276069000044],[100.12211783600009,17.672685382000054],[100.10765251900006,17.678382716000044],[100.09403095400006,17.68083383900006],[100.08954448000009,17.682398216000024],[100.08793801200005,17.67797534600004],[100.08627357700004,17.677546704000065],[100.08197338000008,17.679456617000028],[100.08008845900008,17.67790360500004],[100.07117400300007,17.678523040000073],[100.06666510700006,17.67727835000005],[100.06703769900008,17.67520762500004],[100.07029828400005,17.668616172000043],[100.07283801300008,17.662136227000076],[100.07308104800006,17.65799015300007],[100.06670956500005,17.651016051000056],[100.06587495600007,17.645198853000068],[100.06549215000007,17.640668774000062],[100.06569111600004,17.627797908000048],[100.06765977700007,17.626725159000046],[100.07249780300003,17.626708938000036],[100.07399413300004,17.626000662000024],[100.07556585700007,17.622760695000068],[100.07556393800007,17.61846969800007],[100.06710674900006,17.61024918800007],[100.06115645200003,17.609146241000076],[100.06330791900007,17.606399659000033],[100.06394773500006,17.602541760000065],[100.06891451100006,17.604863125000065],[100.08043899500007,17.608157453000047],[100.07814938800004,17.612751204000062],[100.08504949700006,17.623590164000063],[100.08608697100004,17.629422412000054],[100.08591377300007,17.63550549200005],[100.08822270000007,17.639787698000077],[100.09224027800008,17.638029930000073],[100.09217243000006,17.64116159300005],[100.09462531900004,17.64259329400005],[100.09421497000005,17.64367468200004],[100.09621662000006,17.64700109100005],[100.09937671300008,17.646727785000053],[100.10424146800005,17.648022799000046],[100.12173398400006,17.64972614000004],[100.12270084400006,17.653796902000067],[100.12229870300007,17.65932599200005],[100.12495815700004,17.658257932000026],[100.13073300800005,17.653359743000067],[100.13310781900003,17.653059583000072],[100.13261462200006,17.650533360000054]]]},"properties":{"Shape_Leng":0.354447722279,"Shape_Area":0.00254119472203,"ADM3_EN":"Tha Sao","ADM3_TH":"ท่าเสา","ADM3_PCODE":"TH530102","ADM2_EN":"Mueang Uttaradit","ADM2_TH":"เมืองอุตรดิตถ์","ADM2_PCODE":"TH5301","ADM1_EN":"Uttaradit","ADM1_TH":"อุตรดิตถ์","ADM1_PCODE":"TH53","ADM0_EN":"Thailand","ADM0_TH":"ประเทศไทย","ADM0_PCODE":"TH"}},
{"type":"Feature","geometry":{"type":"Polygon","coordinates":[[[100.08043899500007,17.608157453000047],[100.06891451100006,17.604863125000065],[100.06394773500006,17.602541760000065],[100.06524687700005,17.600621017000037],[100.06687102200004,17.601032172000032],[100.07053992400006,17.59336175100003],[100.07346710000007,17.59022874300007],[100.07550362700005,17.590456268000025],[100.07681322900004,17.588201628000036],[100.07673879300006,17.582795563000047],[100.07430121300007,17.579557155000032],[100.07364393600005,17.577287100000035],[100.07513627700007,17.57598363900007],[100.07894505200005,17.577432594000072],[100.08380766200008,17.57756058900003],[100.08761146900008,17.573341158000062],[100.09226351500007,17.572043563000022],[100.09396302800008,17.568289347000075],[100.09767986600008,17.567991532000065],[100.11593790900008,17.569640450000065],[100.11858216100006,17.571208213000034],[100.12253035500004,17.57169822000003],[100.12461415600006,17.573030258000074],[100.12988625600008,17.57116138400005],[100.13525784400008,17.576427956000032],[100.13318767800007,17.579260247000036],[100.12678238600006,17.581645362000074],[100.12367947800004,17.586935917000062],[100.12109330000004,17.589067675000024],[100.11609124000006,17.590856914000028],[100.10855887900004,17.592155707000074],[100.10697661000006,17.593183545000045],[100.10494185400006,17.60122797400004],[100.10242074400009,17.603952716000038],[100.09991783900006,17.608378507000054],[100.09591676200006,17.607791683000073],[100.09486947900007,17.605740018000063],[100.09587182500007,17.602834021000035],[100.08528701300008,17.603114154000025],[100.08339991300005,17.602216457000054],[100.08043899500007,17.608157453000047]]]},"properties":{"Shape_Leng":0.20898027827,"Shape_Area":0.00155155851671,"ADM3_EN":"Ban Ko","ADM3_TH":"บ้านเกาะ","ADM3_PCODE":"TH530103","ADM2_EN":"Mueang Uttaradit","ADM2_TH":"เมืองอุตรดิตถ์","ADM2_PCODE":"TH5301","ADM1_EN":"Uttaradit","ADM1_TH":"อุตรดิตถ์","ADM1_PCODE":"TH53","ADM0_EN":"Thailand","ADM0_TH":"ประเทศไทย","ADM0_PCODE":"TH"}},
{"type":"Feature","geometry":{"type":"Polygon","coordinates":[[[100.09991783900006,17.608378507000054],[100.10242074400009,17.603952716000038],[100.10494185400006,17.60122797400004],[100.10697661000006,17.593183545000045],[100.10855887900004,17.592155707000074],[100.11609124000006,17.590856914000028],[100.12109330000004,17.589067675000024],[100.12367947800004,17.586935917000062],[100.12678238600006,17.581645362000074],[100.13318767800007,17.579260247000036],[100.13672179900004,17.58458166400004],[100.13877775500004,17.585457032000022],[100.15985890400003,17.585179218000064],[100.16367268200008,17.584875863000036],[100.17362759700006,17.585378909000042],[100.18085064100006,17.584219517000065],[100.19270404600007,17.57960411700003],[100.19857753300005,17.579411650000054],[100.20388664000006,17.578013893000048],[100.20824617400007,17.57902320900007],[100.21204237500007,17.577716296000062],[100.21052277900009,17.586930838000058],[100.20742016100007,17.587589465000065],[100.20279899800005,17.586764020000032],[100.19923752100004,17.588296032000073],[100.19178150000005,17.594418201000053],[100.18617500000005,17.601681900000074],[100.17586780000005,17.61078100000003],[100.16928870000004,17.613531300000034],[100.16139967200007,17.615741557000035],[100.15531316200008,17.615996206000034],[100.15055662500004,17.61550753000006],[100.13692169900008,17.617220103000022],[100.12876418500008,17.61856440400004],[100.11902718100004,17.62065676800006],[100.11746975600005,17.618682396000054],[100.11168539400006,17.619732851000037],[100.10819013400004,17.622469119000073],[100.10507617400003,17.626318277000053],[100.10213277800005,17.62614764400007],[100.10052810000008,17.618934745000047],[100.09903254500006,17.61683264900006],[100.09877231800004,17.613810640000054],[100.09991783900006,17.608378507000054]]]},"properties":{"Shape_Leng":0.284915615147,"Shape_Area":0.00282326514002,"ADM3_EN":"Pa Sao","ADM3_TH":"ป่าเซ่า","ADM3_PCODE":"TH530104","ADM2_EN":"Mueang Uttaradit","ADM2_TH":"เมืองอุตรดิตถ์","ADM2_PCODE":"TH5301","ADM1_EN":"Uttaradit","ADM1_TH":"อุตรดิตถ์","ADM1_PCODE":"TH53","ADM0_EN":"Thailand","ADM0_TH":"ประเทศไทย","ADM0_PCODE":"TH"}},
{"type":"Feature","geometry":{"type":"Polygon","coordinates":[[[100.11902718100004,17.62065676800006],[100.12876418500008,17.61856440400004],[100.13692169900008,17.617220103000022],[100.15055662500004,17.61550753000006],[100.15531316200008,17.615996206000034],[100.16139967200007,17.615741557000035],[100.16928870000004,17.613531300000034],[100.17586780000005,17.61078100000003],[100.18617500000005,17.601681900000074],[100.19178150000005,17.594418201000053],[100.19923752100004,17.588296032000073],[100.20279899800005,17.586764020000032],[100.20742016100007,17.587589465000065],[100.21052277900009,17.586930838000058],[100.21204237500007,17.577716296000062],[100.22542791700005,17.581936171000052],[100.21437810000003,17.59156950000005],[100.21492620000004,17.60036163600006],[100.21326316300008,17.603709925000032],[100.20727550300006,17.60772395200007],[100.20831201400006,17.608634161000055],[100.20465187500008,17.61298515200002],[100.20904084600005,17.61735474900007],[100.21083190000007,17.62502950000004],[100.20618580000007,17.63499900000005],[100.20896278700008,17.652803852000034],[100.21015613800006,17.655015668000033],[100.20969680700006,17.659505834000072],[100.21214427300004,17.664174052000078],[100.21010734900005,17.666415275000077],[100.20782938100007,17.66370862800005],[100.19734867600005,17.663536790000023],[100.19403609000005,17.664066310000067],[100.18967988400004,17.66600766600004],[100.18549755300006,17.665966858000047],[100.18305936400009,17.664792900000066],[100.18038504700007,17.66060161200005],[100.17639539400005,17.659908535000056],[100.16860753600008,17.66397003700007],[100.16619709500009,17.666701180000075],[100.16136643300007,17.667224995000026],[100.15468076200005,17.664845782000043],[100.15008716700004,17.658929510000064],[100.14697133400006,17.659466527000063],[100.14420133000004,17.661122386000045],[100.14146286000005,17.661337263000064],[100.13732019100007,17.660260348000065],[100.13562920700008,17.656184804000077],[100.13543692700006,17.65163332900005],[100.13261462200006,17.650533360000054],[100.12603484900006,17.64531097300005],[100.11816676400008,17.64426613100005],[100.11386100600004,17.64066238600003],[100.11274591800009,17.636131283000054],[100.11302145900004,17.632702164000023],[100.11479233300008,17.62875570800003],[100.11883441300006,17.62483379300005],[100.11902718100004,17.62065676800006]]]},"properties":{"Shape_Leng":0.371789569399,"Shape_Area":0.00488724823717,"ADM3_EN":"Khung Taphao","ADM3_TH":"คุ้งตะเภา","ADM3_PCODE":"TH530105","ADM2_EN":"Mueang Uttaradit","ADM2_TH":"เมืองอุตรดิตถ์","ADM2_PCODE":"TH5301","ADM1_EN":"Uttaradit","ADM1_TH":"อุตรดิตถ์","ADM1_PCODE":"TH53","ADM0_EN":"Thailand","ADM0_TH":"ประเทศไทย","ADM0_PCODE":"TH"}},
{"type":"Feature","geometry":{"type":"Polygon","coordinates":[[[100.07364393600005,17.577287100000035],[100.07177103800007,17.57749485000005],[100.06980778100007,17.573563585000045],[100.07011350100004,17.566185578000045],[100.06717801500008,17.554495966000047],[100.06785919000004,17.554001105000054],[100.06768601500005,17.54521221400006],[100.06897303600005,17.541068774000053],[100.06606079700003,17.533578460000058],[100.06710447400008,17.528455413000074],[100.06872953000004,17.525573053000073],[100.07308282500009,17.52181039000004],[100.07853660800004,17.513480249000054],[100.08024985800006,17.511647835000076],[100.08199569800007,17.510293585000056],[100.08618606200008,17.512009896000052],[100.09498883200007,17.51176147700005],[100.09735328900007,17.51293324200003],[100.09900270300005,17.515201441000045],[100.10114922600008,17.52011348600007],[100.10242209600005,17.52109120800003],[100.11108642500005,17.521750672000053],[100.11601914500005,17.523247996000066],[100.11385339400005,17.529046169000026],[100.11199627400003,17.531098145000044],[100.10772367600003,17.533413402000065],[100.10288489000004,17.53772213900004],[100.10110535500007,17.540434439000023],[100.10406991600007,17.54247129500004],[100.11400941800008,17.542510063000066],[100.11563204300006,17.542893682000056],[100.11620939800008,17.54565182400006],[100.11253655200005,17.547538373000066],[100.11104487300008,17.552056635000042],[100.11264644100004,17.55445501500003],[100.12057716000004,17.55380844800004],[100.12413837000008,17.556773862000057],[100.12503745200007,17.562916965000056],[100.12673224300005,17.56840648700006],[100.12988625600008,17.57116138400005],[100.12461415600006,17.573030258000074],[100.12253035500004,17.57169822000003],[100.11858216100006,17.571208213000034],[100.11593790900008,17.569640450000065],[100.09767986600008,17.567991532000065],[100.09396302800008,17.568289347000075],[100.09226351500007,17.572043563000022],[100.08761146900008,17.573341158000062],[100.08380766200008,17.57756058900003],[100.07894505200005,17.577432594000072],[100.07513627700007,17.57598363900007],[100.07364393600005,17.577287100000035]]]},"properties":{"Shape_Leng":0.268021376323,"Shape_Area":0.00263074745793,"ADM3_EN":"Wang Kaphi","ADM3_TH":"วังกะพี้","ADM3_PCODE":"TH530106","ADM2_EN":"Mueang Uttaradit","ADM2_TH":"เมืองอุตรดิตถ์","ADM2_PCODE":"TH5301","ADM1_EN":"Uttaradit","ADM1_TH":"อุตรดิตถ์","ADM1_PCODE":"TH53","ADM0_EN":"Thailand","ADM0_TH":"ประเทศไทย","ADM0_PCODE":"TH"}},
{"type":"Feature","geometry":{"type":"Polygon","coordinates":[[[100.12988625600008,17.57116138400005],[100.12673224300005,17.56840648700006],[100.12503745200007,17.562916965000056],[100.12413837000008,17.556773862000057],[100.12057716000004,17.55380844800004],[100.11264644100004,17.55445501500003],[100.11104487300008,17.552056635000042],[100.11253655200005,17.547538373000066],[100.11620939800008,17.54565182400006],[100.11563204300006,17.542893682000056],[100.11400941800008,17.542510063000066],[100.10406991600007,17.54247129500004],[100.10110535500007,17.540434439000023],[100.10288489000004,17.53772213900004],[100.10772367600003,17.533413402000065],[100.11199627400003,17.531098145000044],[100.11385339400005,17.529046169000026],[100.11601914500005,17.523247996000066],[100.12252524400009,17.523687519000077],[100.13225105000004,17.52595896400004],[100.13697514700004,17.528537804000052],[100.14426554100004,17.53328751300006],[100.15421665900004,17.538740118000078],[100.16024642100007,17.540787829000067],[100.16261285200005,17.542190273000074],[100.16895777200006,17.54921005600005],[100.17520396500004,17.548337567000033],[100.17830977600005,17.54403991500004],[100.18055961400006,17.54460950500004],[100.18459544800004,17.54313195700007],[100.18501099500008,17.54141431900007],[100.19021493400004,17.54043186100006],[100.19403204500009,17.538323184000035],[100.19852875000004,17.539948717000073],[100.20059159800007,17.54191363600006],[100.20293200000003,17.542093586000078],[100.20582218100009,17.545649378000064],[100.20939203800003,17.548728744000073],[100.21530555800007,17.558367631000067],[100.21839138400009,17.566412768000077],[100.21901015000009,17.567554139000038],[100.22448938400004,17.572145142000068],[100.22899793700009,17.574234877000038],[100.23053923400005,17.575967242000047],[100.22782873400007,17.57763426100007],[100.22679725300009,17.58085896600005],[100.22542791700005,17.581936171000052],[100.21204237500007,17.577716296000062],[100.20824617400007,17.57902320900007],[100.20388664000006,17.578013893000048],[100.19857753300005,17.579411650000054],[100.19270404600007,17.57960411700003],[100.18085064100006,17.584219517000065],[100.17362759700006,17.585378909000042],[100.16367268200008,17.584875863000036],[100.15985890400003,17.585179218000064],[100.13877775500004,17.585457032000022],[100.13672179900004,17.58458166400004],[100.13318767800007,17.579260247000036],[100.13525784400008,17.576427956000032],[100.12988625600008,17.57116138400005]]]},"properties":{"Shape_Leng":0.356925335633,"Shape_Area":0.00438273901911,"ADM3_EN":"Hat Kruat","ADM3_TH":"หาดกรวด","ADM3_PCODE":"TH530107","ADM2_EN":"Mueang Uttaradit","ADM2_TH":"เมืองอุตรดิตถ์","ADM2_PCODE":"TH5301","ADM1_EN":"Uttaradit","ADM1_TH":"อุตรดิตถ์","ADM1_PCODE":"TH53","ADM0_EN":"Thailand","ADM0_TH":"ประเทศไทย","ADM0_PCODE":"TH"}},
{"type":"Feature","geometry":{"type":"Polygon","coordinates":[[[100.13846198100003,17.668941433000043],[100.13981026700009,17.670239007000077],[100.13736815400006,17.67143264200007],[100.13732180500006,17.673923915000046],[100.13523028700007,17.675784099000055],[100.13295288000006,17.67959370500006],[100.13522139300005,17.680571874000066],[100.13777444700008,17.68335704200007],[100.13842097000008,17.68545264100004],[100.14790830100009,17.686821550000047],[100.15091947300004,17.68866545700007],[100.16447750800006,17.694749755000032],[100.16042224100005,17.709252029000027],[100.15961217700004,17.705941965000022],[100.15186987800007,17.69950768500007],[100.13872069000007,17.700519018000023],[100.12670849200003,17.70231394500007],[100.12546801100007,17.701841934000072],[100.11813103100008,17.704942364000033],[100.11551337100008,17.707008877000078],[100.11701697800004,17.710510734000025],[100.11423273200006,17.71192980400002],[100.11427158700008,17.71580742200007],[100.11147009300004,17.717428977000054],[100.11623432400006,17.71873451600004],[100.11040224900006,17.72874196300006],[100.10780268300005,17.734953267000037],[100.09471461800007,17.742685254000037],[100.09466050700007,17.740650799000036],[100.09190686900007,17.73603479700006],[100.09164616900006,17.72399467300005],[100.09084481800005,17.72250768200007],[100.09165600400007,17.71934748700005],[100.08759191900003,17.717614903000026],[100.08667325500005,17.707917690000045],[100.08551442400005,17.702401378000047],[100.08600214700004,17.69883803600004],[100.08997080000006,17.694026373000042],[100.09121104700006,17.68765785100004],[100.08954448000009,17.682398216000024],[100.09403095400006,17.68083383900006],[100.10765251900006,17.678382716000044],[100.12211783600009,17.672685382000054],[100.12112742600004,17.671276069000044],[100.12347313200007,17.66769033500003],[100.12491067100007,17.67063680700005],[100.12771211200004,17.669090888000028],[100.13041461100005,17.668777587000022],[100.13209837400007,17.666762121000033],[100.13302594700008,17.668012230000045],[100.13640800900004,17.666313948000038],[100.13846198100003,17.668941433000043]]]},"properties":{"Shape_Leng":0.325058919532,"Shape_Area":0.00247849107315,"ADM3_EN":"Nam Rit","ADM3_TH":"น้ำริด","ADM3_PCODE":"TH530108","ADM2_EN":"Mueang Uttaradit","ADM2_TH":"เมืองอุตรดิตถ์","ADM2_PCODE":"TH5301","ADM1_EN":"Uttaradit","ADM1_TH":"อุตรดิตถ์","ADM1_PCODE":"TH53","ADM0_EN":"Thailand","ADM0_TH":"ประเทศไทย","ADM0_PCODE":"TH"}},
{"type":"Feature","geometry":{"type":"Polygon","coordinates":[[[100.14146286000005,17.661337263000064],[100.14420133000004,17.661122386000045],[100.14697133400006,17.659466527000063],[100.15008716700004,17.658929510000064],[100.15468076200005,17.664845782000043],[100.16136643300007,17.667224995000026],[100.16619709500009,17.666701180000075],[100.16860753600008,17.66397003700007],[100.17639539400005,17.659908535000056],[100.18038504700007,17.66060161200005],[100.18305936400009,17.664792900000066],[100.18549755300006,17.665966858000047],[100.18967988400004,17.66600766600004],[100.19403609000005,17.664066310000067],[100.19734867600005,17.663536790000023],[100.20782938100007,17.66370862800005],[100.21010734900005,17.666415275000077],[100.20849413800005,17.66643964700006],[100.20987765500007,17.669409272000053],[100.20928830000008,17.672388736000073],[100.20768672100007,17.673356015000024],[100.20658507300004,17.67643103200004],[100.20776102300005,17.68217218700005],[100.20989573400004,17.68336370800006],[100.20925301400007,17.685382661000062],[100.21097678000007,17.687298901000077],[100.21002703300007,17.693364381000038],[100.20644093100003,17.69806253300004],[100.20664104400004,17.700508763000073],[100.20521489900005,17.700753857000052],[100.20449700300009,17.70332299300003],[100.20243303500007,17.705026872000076],[100.19507458700008,17.712830453000038],[100.19362201500007,17.714930369000058],[100.18708237900006,17.72669382400005],[100.18410166400008,17.73034552200005],[100.18257838500006,17.73489649000004],[100.17809247600007,17.740235940000048],[100.17310369300009,17.743234905000065],[100.16999967600003,17.748906889000068],[100.16490951400004,17.751466497000024],[100.16268110600004,17.750722637000024],[100.15776841800005,17.746861915000068],[100.15548063900007,17.740325292000023],[100.15570221000007,17.73764723000005],[100.15938764000003,17.733450212000037],[100.15967810000006,17.730365325000037],[100.15909361000007,17.72484972500007],[100.15227619900008,17.720828951000044],[100.15147403400005,17.716704119000042],[100.14751513600004,17.715195092000044],[100.14590584200005,17.71331213700006],[100.14108285800006,17.701868750000074],[100.13872069000007,17.700519018000023],[100.15186987800007,17.69950768500007],[100.15961217700004,17.705941965000022],[100.16042224100005,17.709252029000027],[100.16447750800006,17.694749755000032],[100.15091947300004,17.68866545700007],[100.14790830100009,17.686821550000047],[100.13842097000008,17.68545264100004],[100.13777444700008,17.68335704200007],[100.13522139300005,17.680571874000066],[100.13295288000006,17.67959370500006],[100.13523028700007,17.675784099000055],[100.13732180500006,17.673923915000046],[100.13736815400006,17.67143264200007],[100.13981026700009,17.670239007000077],[100.13846198100003,17.668941433000043],[100.13972920700007,17.665816543000062],[100.14166205900005,17.668431674000033],[100.14481616600006,17.665318874000036],[100.14253384900007,17.664667251000026],[100.14146286000005,17.661337263000064]]]},"properties":{"Shape_Leng":0.400218500434,"Shape_Area":0.00402853025934,"ADM3_EN":"Ngio Ngam","ADM3_TH":"งิ้วงาม","ADM3_PCODE":"TH530109","ADM2_EN":"Mueang Uttaradit","ADM2_TH":"เมืองอุตรดิตถ์","ADM2_PCODE":"TH5301","ADM1_EN":"Uttaradit","ADM1_TH":"อุตรดิตถ์","ADM1_PCODE":"TH53","ADM0_EN":"Thailand","ADM0_TH":"ประเทศไทย","ADM0_PCODE":"TH"}},
{"type":"Feature","geometry":{"type":"Polygon","coordinates":[[[100.13872069000007,17.700519018000023],[100.14108285800006,17.701868750000074],[100.14590584200005,17.71331213700006],[100.14751513600004,17.715195092000044],[100.15147403400005,17.716704119000042],[100.15227619900008,17.720828951000044],[100.15909361000007,17.72484972500007],[100.15967810000006,17.730365325000037],[100.15938764000003,17.733450212000037],[100.15570221000007,17.73764723000005],[100.15548063900007,17.740325292000023],[100.15776841800005,17.746861915000068],[100.16268110600004,17.750722637000024],[100.16490951400004,17.751466497000024],[100.16999967600003,17.748906889000068],[100.17310369300009,17.743234905000065],[100.17809247600007,17.740235940000048],[100.18257838500006,17.73489649000004],[100.18526041600006,17.737960357000077],[100.18931702300006,17.739034854000067],[100.19564001800006,17.73597066700006],[100.19765627400005,17.736826749000045],[100.20376462900003,17.737698456000032],[100.20798206400008,17.73951783800004],[100.20818536100006,17.744496182000034],[100.21163102500009,17.74830845300005],[100.21426160700008,17.75234032900005],[100.21449367200006,17.76022324400003],[100.21371200800007,17.766329884000072],[100.21129029500008,17.767990300000065],[100.20534701300005,17.768909576000055],[100.20297057300007,17.772037346000047],[100.19952731600006,17.774219063000032],[100.19590104100007,17.77898007300007],[100.19330947100008,17.79050950000004],[100.19459421500005,17.794684586000074],[100.19372787200007,17.800372736000043],[100.19430828100008,17.804742243000078],[100.19229363100004,17.81499356200004],[100.18865522800007,17.818922515000054],[100.18819629200004,17.820352170000035],[100.18260636600007,17.823151274000054],[100.18275240700007,17.825396433000037],[100.17747052600004,17.82796346600003],[100.17294920500007,17.828983083000026],[100.16909594000003,17.828162407000036],[100.16807532900003,17.827044942000043],[100.16770549300008,17.82352342300004],[100.16412913300007,17.82244742000006],[100.16069848100005,17.825276211000073],[100.15361959400008,17.826432969000052],[100.14824287200008,17.826118534000045],[100.14838632700008,17.831341009000027],[100.14749487200004,17.83210972300003],[100.14665813300007,17.836906833000057],[100.14357436000006,17.840276050000057],[100.14018835000007,17.842835657000023],[100.13956308900003,17.84482042600007],[100.13682889300009,17.846202211000048],[100.13608857300005,17.848660236000057],[100.13828405500004,17.850546525000027],[100.13731190600004,17.853592820000074],[100.13788195700005,17.856675504000066],[100.13486174400003,17.858110429000078],[100.13412990400008,17.86011837500007],[100.13303605500005,17.858468061000053],[100.12968986100003,17.856362438000076],[100.12521519500007,17.858759951000025],[100.11984138400004,17.858599060000074],[100.11306709800004,17.85491435800003],[100.11021090000008,17.850327067000023],[100.10545053100009,17.848345662000042],[100.10021375300005,17.847427461000052],[100.09528875200004,17.851020213000027],[100.08937190000006,17.84700309300007],[100.08804899500007,17.842576122000025],[100.08542810000006,17.84362877600006],[100.08077881300005,17.842413401000044],[100.08046808300008,17.83972968300003],[100.07841028400009,17.84038421400004],[100.07559366500004,17.83827847400005],[100.06890184900004,17.840244679000023],[100.06281131400004,17.840323065000064],[100.05929342800005,17.836835835000045],[100.05756748200008,17.833314124000026],[100.05517732400006,17.836903041000028],[100.05076384600005,17.838802668000028],[100.04571678500008,17.846288207000043],[100.04375717400006,17.847831820000067],[100.04196443800004,17.84583866400004],[100.03784651700005,17.844520846000023],[100.03624844500007,17.844998944000054],[100.03365252300006,17.843755818000034],[100.03207880700006,17.84095340300007],[100.02994779700003,17.841544759000044],[100.02758464700008,17.838124934000064],[100.02549552000005,17.839731203000042],[100.01584979100005,17.836328609000077],[100.01136717400004,17.83292648400004],[100.00659301200005,17.83663897200006],[100.00520247000009,17.836839502000032],[100.00188435100006,17.83402854900004],[99.99883934500008,17.83402129500007],[99.99527384200007,17.830758536000076],[99.99851035700004,17.827509187000032],[99.99961708400008,17.824175069000034],[99.99917442500004,17.821683670000027],[100.00190369300009,17.821566288000042],[100.00449326300009,17.82287572100006],[100.00980137000005,17.823659005000025],[100.01418261300006,17.822624822000023],[100.01444370200005,17.827666129000022],[100.01628216200004,17.82773257100007],[100.01749790500008,17.826033282000026],[100.02098923700004,17.82376904700004],[100.02467222700005,17.822664288000055],[100.02699795700005,17.81758149600006],[100.03013923700007,17.814171473000044],[100.03332442400006,17.81213381300006],[100.03602998700006,17.811517180000067],[100.03783606500008,17.807792392000067],[100.04570288400004,17.807214334000037],[100.04921117600009,17.805141948000028],[100.05126925900004,17.802808267000046],[100.06032759500005,17.799829127000066],[100.06306783100007,17.799576469000044],[100.06531797400004,17.796955952000076],[100.06532310000006,17.793798208000055],[100.06769647400006,17.792396456000063],[100.07201700500008,17.787320297000065],[100.07211820800006,17.784332988000074],[100.07344631300003,17.780484647000037],[100.07539572700006,17.778600776000076],[100.07914120900006,17.777471584000068],[100.08087084000005,17.775087936000034],[100.08388164700006,17.77477604300003],[100.08885129300006,17.775753654000027],[100.09145376400005,17.775177136000025],[100.09404648000003,17.77300101000003],[100.09482805900006,17.769068855000057],[100.09709752900005,17.76731729200003],[100.09724862800005,17.763601893000043],[100.09872034100005,17.762010445000044],[100.10150735100007,17.761212300000068],[100.10359519500008,17.756350862000033],[100.09891499800005,17.748793957000032],[100.09576968200008,17.746906081000077],[100.09471461800007,17.742685254000037],[100.10780268300005,17.734953267000037],[100.11040224900006,17.72874196300006],[100.11623432400006,17.71873451600004],[100.11147009300004,17.717428977000054],[100.11427158700008,17.71580742200007],[100.11423273200006,17.71192980400002],[100.11701697800004,17.710510734000025],[100.11551337100008,17.707008877000078],[100.11813103100008,17.704942364000033],[100.12546801100007,17.701841934000072],[100.12670849200003,17.70231394500007],[100.13872069000007,17.700519018000023]]]},"properties":{"Shape_Leng":0.75686197888,"Shape_Area":0.015271179746,"ADM3_EN":"Ban Dan Na Kham","ADM3_TH":"บ้านด่านนาขาม","ADM3_PCODE":"TH530110","ADM2_EN":"Mueang Uttaradit","ADM2_TH":"เมืองอุตรดิตถ์","ADM2_PCODE":"TH5301","ADM1_EN":"Uttaradit","ADM1_TH":"อุตรดิตถ์","ADM1_PCODE":"TH53","ADM0_EN":"Thailand","ADM0_TH":"ประเทศไทย","ADM0_PCODE":"TH"}},
{"type":"Feature","geometry":{"type":"Polygon","coordinates":[[[100.31476982900006,17.625325703000044],[100.31426442400004,17.629501909000055],[100.31283158900004,17.630935117000035],[100.30323121700008,17.635822585000028],[100.29886554900008,17.641514849000032],[100.29634888400005,17.64328422500006],[100.29453421200009,17.64587014400007],[100.29279898000004,17.65187471200005],[100.29220169900003,17.658020674000056],[100.29332685700007,17.664068889000077],[100.29184986700005,17.670484748000035],[100.28835247400008,17.674584753000033],[100.28431348100008,17.681449521000047],[100.28402762900004,17.68915293300006],[100.28172659600006,17.689406403000078],[100.27725508200007,17.693805766000025],[100.27833542900004,17.696177462000037],[100.27653038200003,17.698714032000055],[100.27743518900007,17.701145575000055],[100.27635752900005,17.703918318000035],[100.27014573300005,17.703548827000077],[100.25563538800009,17.703652910000073],[100.25364173900005,17.699450393000063],[100.25342160400004,17.696949371000073],[100.25428697500007,17.691987598000026],[100.25726263400009,17.686275901000045],[100.25547670000009,17.675358600000038],[100.25649171900005,17.674232817000075],[100.25571204100004,17.668216743000073],[100.25629389800008,17.66551507400004],[100.25758004900007,17.665391708000072],[100.25988909700004,17.661839994000047],[100.26158223300007,17.657459888000062],[100.26712354000006,17.650373083000034],[100.26590288300008,17.64491945700007],[100.26340748700005,17.64323279200005],[100.27680597200003,17.603861821000066],[100.28177174300004,17.605088065000075],[100.28661140000008,17.60538900100005],[100.28888537800003,17.608877491000044],[100.28771304900005,17.61091748900003],[100.28837228400005,17.61302683400004],[100.29188063900006,17.616423332000068],[100.29419537100006,17.62063973000005],[100.29865718600007,17.62203057000005],[100.30213136200007,17.621986615000026],[100.30782154500008,17.623562036000067],[100.31310621100005,17.623492621000025],[100.31476982900006,17.625325703000044]]]},"properties":{"Shape_Leng":0.285483003535,"Shape_Area":0.00289347807652,"ADM3_EN":"Ban Dan","ADM3_TH":"บ้านด่าน","ADM3_PCODE":"TH530111","ADM2_EN":"Mueang Uttaradit","ADM2_TH":"เมืองอุตรดิตถ์","ADM2_PCODE":"TH5301","ADM1_EN":"Uttaradit","ADM1_TH":"อุตรดิตถ์","ADM1_PCODE":"TH53","ADM0_EN":"Thailand","ADM0_TH":"ประเทศไทย","ADM0_PCODE":"TH"}},
{"type":"Feature","geometry":{"type":"Polygon","coordinates":[[[100.22542791700005,17.581936171000052],[100.22679725300009,17.58085896600005],[100.23633750700009,17.587630852000075],[100.24199275500007,17.586871549000023],[100.24574676700007,17.58901947800007],[100.24723708800008,17.58873041100003],[100.25538707200008,17.591557757000032],[100.25751262900008,17.593830943000057],[100.26025543300005,17.601002578000077],[100.26327299900004,17.603205245000026],[100.26546716300004,17.599178739000024],[100.26707654400008,17.60035666400006],[100.26812025200007,17.604273531000047],[100.27406843000006,17.602431814000056],[100.27680597200003,17.603861821000066],[100.26340748700005,17.64323279200005],[100.26590288300008,17.64491945700007],[100.26712354000006,17.650373083000034],[100.26158223300007,17.657459888000062],[100.25988909700004,17.661839994000047],[100.25758004900007,17.665391708000072],[100.25629389800008,17.66551507400004],[100.25571204100004,17.668216743000073],[100.25649171900005,17.674232817000075],[100.25547670000009,17.675358600000038],[100.25726263400009,17.686275901000045],[100.25428697500007,17.691987598000026],[100.25342160400004,17.696949371000073],[100.25364173900005,17.699450393000063],[100.25563538800009,17.703652910000073],[100.24786577800006,17.699924459000044],[100.24185154900005,17.69892998800003],[100.23724158900006,17.699286065000024],[100.23059258200004,17.698247621000064],[100.22471119600004,17.69439705700006],[100.22172606100008,17.693383063000056],[100.21581630400004,17.694683062000024],[100.20627528600005,17.702601487000038],[100.20449700300009,17.70332299300003],[100.20521489900005,17.700753857000052],[100.20664104400004,17.700508763000073],[100.20644093100003,17.69806253300004],[100.21002703300007,17.693364381000038],[100.21097678000007,17.687298901000077],[100.20925301400007,17.685382661000062],[100.20989573400004,17.68336370800006],[100.20776102300005,17.68217218700005],[100.20658507300004,17.67643103200004],[100.20768672100007,17.673356015000024],[100.20928830000008,17.672388736000073],[100.20987765500007,17.669409272000053],[100.20849413800005,17.66643964700006],[100.21010734900005,17.666415275000077],[100.21214427300004,17.664174052000078],[100.20969680700006,17.659505834000072],[100.21015613800006,17.655015668000033],[100.20896278700008,17.652803852000034],[100.20618580000007,17.63499900000005],[100.21083190000007,17.62502950000004],[100.20904084600005,17.61735474900007],[100.20465187500008,17.61298515200002],[100.20831201400006,17.608634161000055],[100.20727550300006,17.60772395200007],[100.21326316300008,17.603709925000032],[100.21492620000004,17.60036163600006],[100.21437810000003,17.59156950000005],[100.22542791700005,17.581936171000052]]]},"properties":{"Shape_Leng":0.404102576308,"Shape_Area":0.00592689389835,"ADM3_EN":"Pha Chuk","ADM3_TH":"ผาจุก","ADM3_PCODE":"TH530112","ADM2_EN":"Mueang Uttaradit","ADM2_TH":"เมืองอุตรดิตถ์","ADM2_PCODE":"TH5301","ADM1_EN":"Uttaradit","ADM1_TH":"อุตรดิตถ์","ADM1_PCODE":"TH53","ADM0_EN":"Thailand","ADM0_TH":"ประเทศไทย","ADM0_PCODE":"TH"}},
{"type":"Feature","geometry":{"type":"Polygon","coordinates":[[[100.27635752900005,17.703918318000035],[100.27904620800007,17.70474086200005],[100.28729427700006,17.702669549000063],[100.28790336600008,17.70646492000003],[100.29076737500009,17.709717561000048],[100.28938191200007,17.713841222000042],[100.28942235700003,17.71725049500003],[100.29128892300008,17.72081085900004],[100.29163242500005,17.72667608300003],[100.30066602600004,17.72632696200003],[100.30145417500006,17.728451031000077],[100.30107093700008,17.73267744000003],[100.29760557900005,17.738177861000054],[100.29853676900007,17.74177996000003],[100.29613960700004,17.742704540000034],[100.29415833900003,17.746227668000074],[100.29254325900007,17.75168904700007],[100.29249735300004,17.754620173000035],[100.29014724900009,17.75819021600006],[100.28953476400005,17.761124761000076],[100.28722309400007,17.761113085000034],[100.28560359200009,17.762681173000033],[100.28115879900008,17.76451306900003],[100.28046263500005,17.76689566700003],[100.28290695500004,17.773377437000022],[100.28274247600007,17.779169125000067],[100.27901168300008,17.77890663000005],[100.27779065500005,17.780656473000022],[100.27583500300005,17.78036866700006],[100.27408162000006,17.783467634000033],[100.26993444700008,17.785884509000027],[100.26613795100008,17.786546874000067],[100.25875897600008,17.78624612300007],[100.25644349600003,17.78709834600005],[100.25584145000005,17.788997963000043],[100.25371209300005,17.78947382800004],[100.25292082200008,17.792319172000077],[100.25393008700007,17.796660209000038],[100.25216359300003,17.801052511000023],[100.25171183000003,17.804458375000024],[100.24865610700004,17.807505750000075],[100.24266622500005,17.808984145000068],[100.24017490600005,17.805697460000033],[100.24065247700008,17.793152546000044],[100.24042577800009,17.78835679200006],[100.24060757800004,17.776598844000034],[100.24332426400008,17.768071933000044],[100.24382148400008,17.76392590300003],[100.24618847800008,17.75556913300005],[100.24573320900004,17.748881839000035],[100.24244708800006,17.742576389000078],[100.24258991800008,17.73787274800003],[100.24573856800004,17.732044925000025],[100.24484343300009,17.728578002000063],[100.24211083300008,17.725827218000063],[100.23787676900008,17.722809117000054],[100.23688706700005,17.71913286000006],[100.23515661200008,17.718368673000043],[100.23584114800008,17.71484365400005],[100.23438720700005,17.71315935000007],[100.23441877000005,17.708982589000072],[100.23635625500003,17.70804890900007],[100.23576698000005,17.706305104000023],[100.23742330800007,17.70491947100004],[100.23636025200005,17.70300456600006],[100.23724158900006,17.699286065000024],[100.24185154900005,17.69892998800003],[100.24786577800006,17.699924459000044],[100.25563538800009,17.703652910000073],[100.27014573300005,17.703548827000077],[100.27635752900005,17.703918318000035]]]},"properties":{"Shape_Leng":0.346706619021,"Shape_Area":0.00429709303125,"ADM3_EN":"Wang Din","ADM3_TH":"วังดิน","ADM3_PCODE":"TH530113","ADM2_EN":"Mueang Uttaradit","ADM2_TH":"เมืองอุตรดิตถ์","ADM2_PCODE":"TH5301","ADM1_EN":"Uttaradit","ADM1_TH":"อุตรดิตถ์","ADM1_PCODE":"TH53","ADM0_EN":"Thailand","ADM0_TH":"ประเทศไทย","ADM0_PCODE":"TH"}},
{"type":"Feature","geometry":{"type":"Polygon","coordinates":[[[100.31476982900006,17.625325703000044],[100.31875099000007,17.629197155000043],[100.32211329500007,17.630911877000074],[100.33042579200009,17.631978653000033],[100.33159030100006,17.63287918700007],[100.33140087400005,17.638358338000046],[100.32931735800008,17.639800129000037],[100.32991066100004,17.64557558100006],[100.33101727800005,17.64702118300005],[100.32861915300003,17.651883609000038],[100.32487094400005,17.655266991000076],[100.32645544500008,17.659271494000052],[100.32610989800008,17.662992554000027],[100.31948717400007,17.669268844000044],[100.31539776900007,17.67577782500007],[100.31403414900007,17.680361321000078],[100.31423159900004,17.68422978700005],[100.31559844300006,17.688762173000043],[100.31329474400007,17.692912401000058],[100.31235342500008,17.697116636000032],[100.30784410400008,17.69554035500005],[100.29772563200004,17.694635634000065],[100.28686424900008,17.69209647400004],[100.28841047600008,17.696189997000033],[100.28674463400006,17.701060664000067],[100.28729427700006,17.702669549000063],[100.27904620800007,17.70474086200005],[100.27635752900005,17.703918318000035],[100.27743518900007,17.701145575000055],[100.27653038200003,17.698714032000055],[100.27833542900004,17.696177462000037],[100.27725508200007,17.693805766000025],[100.28172659600006,17.689406403000078],[100.28402762900004,17.68915293300006],[100.28431348100008,17.681449521000047],[100.28835247400008,17.674584753000033],[100.29184986700005,17.670484748000035],[100.29332685700007,17.664068889000077],[100.29220169900003,17.658020674000056],[100.29279898000004,17.65187471200005],[100.29453421200009,17.64587014400007],[100.29634888400005,17.64328422500006],[100.29886554900008,17.641514849000032],[100.30323121700008,17.635822585000028],[100.31283158900004,17.630935117000035],[100.31426442400004,17.629501909000055],[100.31476982900006,17.625325703000044]]]},"properties":{"Shape_Leng":0.246891202164,"Shape_Area":0.002081612632,"ADM3_EN":"Saen To","ADM3_TH":"แสนตอ","ADM3_PCODE":"TH530114","ADM2_EN":"Mueang Uttaradit","ADM2_TH":"เมืองอุตรดิตถ์","ADM2_PCODE":"TH5301","ADM1_EN":"Uttaradit","ADM1_TH":"อุตรดิตถ์","ADM1_PCODE":"TH53","ADM0_EN":"Thailand","ADM0_TH":"ประเทศไทย","ADM0_PCODE":"TH"}},
{"type":"Feature","geometry":{"type":"Polygon","coordinates":[[[100.33101727800005,17.64702118300005],[100.33531006600003,17.648629537000033],[100.34123701000004,17.65393839500007],[100.34619391500007,17.656810587000052],[100.34934088700004,17.657959168000048],[100.35547924600007,17.664539079000065],[100.35745037300006,17.665895486000068],[100.36295821200008,17.667406295000035],[100.36491069200008,17.67019588000005],[100.36702592300009,17.676365814000064],[100.36910626000008,17.678145537000034],[100.37079669100007,17.681446840000035],[100.36808620100004,17.685210978000043],[100.36410002900004,17.684929772000032],[100.36024280300006,17.687896756000043],[100.35900294500004,17.690456738000023],[100.35561860900003,17.68984743900006],[100.35155729700006,17.69406765800005],[100.35096730900005,17.696333281000022],[100.34803985300005,17.69485959800005],[100.34448831500004,17.69988770200007],[100.34305702700004,17.699859310000022],[100.34094627300004,17.70411417300005],[100.33819480900007,17.706709583000077],[100.32587604000008,17.705122505000077],[100.32513710000006,17.71081578600007],[100.31870328700006,17.709688736000032],[100.31550203100005,17.709642020000047],[100.31137472700004,17.70859585100004],[100.31208033200005,17.70300176300003],[100.31364994800003,17.70028645600007],[100.31235342500008,17.697116636000032],[100.31329474400007,17.692912401000058],[100.31559844300006,17.688762173000043],[100.31423159900004,17.68422978700005],[100.31403414900007,17.680361321000078],[100.31539776900007,17.67577782500007],[100.31948717400007,17.669268844000044],[100.32610989800008,17.662992554000027],[100.32645544500008,17.659271494000052],[100.32487094400005,17.655266991000076],[100.32861915300003,17.651883609000038],[100.33101727800005,17.64702118300005]]]},"properties":{"Shape_Leng":0.210284090469,"Shape_Area":0.00213080944856,"ADM3_EN":"Hat Ngio","ADM3_TH":"หาดงิ้ว","ADM3_PCODE":"TH530115","ADM2_EN":"Mueang Uttaradit","ADM2_TH":"เมืองอุตรดิตถ์","ADM2_PCODE":"TH5301","ADM1_EN":"Uttaradit","ADM1_TH":"อุตรดิตถ์","ADM1_PCODE":"TH53","ADM0_EN":"Thailand","ADM0_TH":"ประเทศไทย","ADM0_PCODE":"TH"}},
{"type":"Feature","geometry":{"type":"Polygon","coordinates":[[[100.20449700300009,17.70332299300003],[100.20627528600005,17.702601487000038],[100.21581630400004,17.694683062000024],[100.22172606100008,17.693383063000056],[100.22471119600004,17.69439705700006],[100.23059258200004,17.698247621000064],[100.23724158900006,17.699286065000024],[100.23636025200005,17.70300456600006],[100.23742330800007,17.70491947100004],[100.23576698000005,17.706305104000023],[100.23635625500003,17.70804890900007],[100.23441877000005,17.708982589000072],[100.23438720700005,17.71315935000007],[100.23584114800008,17.71484365400005],[100.23515661200008,17.718368673000043],[100.23688706700005,17.71913286000006],[100.23787676900008,17.722809117000054],[100.24211083300008,17.725827218000063],[100.24484343300009,17.728578002000063],[100.24573856800004,17.732044925000025],[100.24258991800008,17.73787274800003],[100.24244708800006,17.742576389000078],[100.24573320900004,17.748881839000035],[100.24618847800008,17.75556913300005],[100.24382148400008,17.76392590300003],[100.24332426400008,17.768071933000044],[100.24060757800004,17.776598844000034],[100.24042577800009,17.78835679200006],[100.24065247700008,17.793152546000044],[100.24017490600005,17.805697460000033],[100.23251251300007,17.80395732100004],[100.22973534100004,17.803820728000062],[100.22764734600008,17.806292306000046],[100.22663198500004,17.80954676400006],[100.22440768000007,17.81101769600002],[100.22263756400008,17.813721702000066],[100.21543077900009,17.81603754300005],[100.21174752400003,17.81819566100006],[100.20853164400006,17.822003772000073],[100.20997378100009,17.825258014000042],[100.20780296700008,17.827328000000023],[100.20626284000008,17.824755407000055],[100.20367724400006,17.82375490000004],[100.20258447400005,17.82160304000007],[100.19683746000004,17.82049617800004],[100.19517484700003,17.81671924400007],[100.19229363100004,17.81499356200004],[100.19430828100008,17.804742243000078],[100.19372787200007,17.800372736000043],[100.19459421500005,17.794684586000074],[100.19330947100008,17.79050950000004],[100.19590104100007,17.77898007300007],[100.19952731600006,17.774219063000032],[100.20297057300007,17.772037346000047],[100.20534701300005,17.768909576000055],[100.21129029500008,17.767990300000065],[100.21371200800007,17.766329884000072],[100.21449367200006,17.76022324400003],[100.21426160700008,17.75234032900005],[100.21163102500009,17.74830845300005],[100.20818536100006,17.744496182000034],[100.20798206400008,17.73951783800004],[100.20376462900003,17.737698456000032],[100.19765627400005,17.736826749000045],[100.19564001800006,17.73597066700006],[100.18931702300006,17.739034854000067],[100.18526041600006,17.737960357000077],[100.18257838500006,17.73489649000004],[100.18410166400008,17.73034552200005],[100.18708237900006,17.72669382400005],[100.19362201500007,17.714930369000058],[100.19507458700008,17.712830453000038],[100.20243303500007,17.705026872000076],[100.20449700300009,17.70332299300003]]]},"properties":{"Shape_Leng":0.390686832454,"Shape_Area":0.00492225761103,"ADM3_EN":"Khun Fang","ADM3_TH":"ขุนฝาง","ADM3_PCODE":"TH530116","ADM2_EN":"Mueang Uttaradit","ADM2_TH":"เมืองอุตรดิตถ์","ADM2_PCODE":"TH5301","ADM1_EN":"Uttaradit","ADM1_TH":"อุตรดิตถ์","ADM1_PCODE":"TH53","ADM0_EN":"Thailand","ADM0_TH":"ประเทศไทย","ADM0_PCODE":"TH"}},
{"type":"Feature","geometry":{"type":"Polygon","coordinates":[[[100.31476982900006,17.625325703000044],[100.31605702700006,17.621622373000037],[100.31943469300006,17.619129558000054],[100.32518125700005,17.61205565700004],[100.33068619800008,17.60896440700003],[100.33185127800004,17.601964855000062],[100.33457642600007,17.597940435000055],[100.34110596900007,17.593190247000052],[100.34754141500008,17.589273087000038],[100.35294310300009,17.587219185000038],[100.36072829500006,17.58702871500003],[100.36298843900005,17.588083115000074],[100.36434676800008,17.590388395000048],[100.36743314600005,17.593272084000034],[100.37051073500004,17.59497732400007],[100.37459862100008,17.59520150000003],[100.37539932300007,17.59670094200004],[100.37794144500003,17.597044288000063],[100.38251025400007,17.599257503000047],[100.38900948100007,17.59877864300006],[100.39129580900004,17.600574409000046],[100.39341447700008,17.60013933700003],[100.39502362900004,17.601992349000056],[100.40413247200007,17.608053253000037],[100.40418768500007,17.611043881000057],[100.40772836500008,17.617110713000045],[100.41266829900007,17.621200642000076],[100.41057005200008,17.62249057200006],[100.40890479200004,17.62506748900006],[100.40651030600009,17.624905384000044],[100.40471758500007,17.627224515000023],[100.40091709800004,17.62753289500006],[100.39947326500004,17.631048969000062],[100.39749469200007,17.629811708000034],[100.38667794000008,17.63503759500003],[100.38503943700005,17.634342020000076],[100.38000148400005,17.634724962000064],[100.37933525800008,17.636474028000066],[100.37588844600003,17.63845058800007],[100.37672510400006,17.641570135000052],[100.38032248100006,17.642144415000075],[100.38168039300007,17.643525391000026],[100.38191681900008,17.646174401000053],[100.38396331200005,17.64759643700006],[100.38397918400005,17.65088670500006],[100.38211958100004,17.652102180000043],[100.38562754700007,17.657595066000056],[100.38573975500003,17.661761290000072],[100.38898778300006,17.664741500000048],[100.38779540600007,17.66579980800003],[100.39035546400004,17.666397766000046],[100.39432182500008,17.672771554000064],[100.39456673600006,17.67440463300005],[100.39126988400005,17.676471179000032],[100.39084678800003,17.67935172500006],[100.38768639000006,17.681305979000058],[100.38489222500004,17.68136498100006],[100.38249968400004,17.684144940000067],[100.37795821500004,17.684030781000047],[100.37488232500004,17.68326042500007],[100.37344577900006,17.68156877100006],[100.37079669100007,17.681446840000035],[100.36910626000008,17.678145537000034],[100.36702592300009,17.676365814000064],[100.36491069200008,17.67019588000005],[100.36295821200008,17.667406295000035],[100.35745037300006,17.665895486000068],[100.35547924600007,17.664539079000065],[100.34934088700004,17.657959168000048],[100.34619391500007,17.656810587000052],[100.34123701000004,17.65393839500007],[100.33531006600003,17.648629537000033],[100.33101727800005,17.64702118300005],[100.32991066100004,17.64557558100006],[100.32931735800008,17.639800129000037],[100.33140087400005,17.638358338000046],[100.33159030100006,17.63287918700007],[100.33042579200009,17.631978653000033],[100.32211329500007,17.630911877000074],[100.31875099000007,17.629197155000043],[100.31476982900006,17.625325703000044]]]},"properties":{"Shape_Leng":0.376969239212,"Shape_Area":0.00488055299389,"ADM3_EN":"Tham Chalong","ADM3_TH":"ถ้ำฉลอง","ADM3_PCODE":"TH530117","ADM2_EN":"Mueang Uttaradit","ADM2_TH":"เมืองอุตรดิตถ์","ADM2_PCODE":"TH5301","ADM1_EN":"Uttaradit","ADM1_TH":"อุตรดิตถ์","ADM1_PCODE":"TH53","ADM0_EN":"Thailand","ADM0_TH":"ประเทศไทย","ADM0_PCODE":"TH"}},
{"type":"Feature","geometry":{"type":"Polygon","coordinates":[[[100.08024985800006,17.511647835000076],[100.03233329600005,17.486674352000023],[100.01783453300004,17.481533614000057],[100.02127145800006,17.47335160500006],[100.02107119700008,17.46630443300006],[100.02310769400003,17.463720245000047],[100.02592791200004,17.463295084000038],[100.03265410500006,17.460386630000073],[100.03315318300008,17.46259172300006],[100.03904925300009,17.46784952400003],[100.04131182200007,17.46456577600003],[100.04939981600006,17.46601574600004],[100.05435810000006,17.461972840000044],[100.05533717100008,17.46255381700007],[100.06174097100006,17.45953051300006],[100.06429845800005,17.455732117000025],[100.06976980700006,17.452374000000077],[100.07315009900003,17.45292759800003],[100.07282582800008,17.454225516000065],[100.07540870500009,17.45486858000004],[100.08497396300004,17.452375473000075],[100.08337424200005,17.455240022000055],[100.08806020700007,17.45511014500005],[100.08828972300006,17.45387895400006],[100.09388282600008,17.45445858200003],[100.10048451100005,17.453229930000077],[100.10132002900008,17.455644884000037],[100.10306361900007,17.455664843000022],[100.10738623500004,17.45813117000006],[100.11079613200008,17.453374964000034],[100.11477076900007,17.454659504000062],[100.11883354100007,17.45390806300003],[100.12121345300005,17.455975909000074],[100.12851154300006,17.454154361000064],[100.13106881000004,17.454969764000055],[100.13424884000005,17.454186425000046],[100.13724783500004,17.457165038000028],[100.13761200700009,17.458874284000046],[100.14191494900007,17.459988079000027],[100.14575219900007,17.462703857000065],[100.14994846800005,17.467309623000062],[100.15427389100006,17.467273619000025],[100.15739821200003,17.465331597000045],[100.15928304100004,17.46897154000004],[100.16255994700003,17.472038891000068],[100.16339731300008,17.479411526000035],[100.17700705200008,17.483826752000027],[100.17983940100004,17.48695950700005],[100.18101268000004,17.490558915000065],[100.18268463500004,17.491014729000028],[100.18313198000004,17.493277156000033],[100.18137622300009,17.494383904000074],[100.18263302300005,17.497195162000025],[100.18045887200009,17.49839886500007],[100.18540352300005,17.502163599000028],[100.19524850800008,17.507025793000025],[100.19979109400003,17.510153238000044],[100.20178793000008,17.512276609000025],[100.20467858200004,17.517641652000066],[100.20562065900003,17.52229789300003],[100.20628433600007,17.522241128000076],[100.20673599200006,17.529945608000048],[100.20965431300004,17.53221693100005],[100.20427315400008,17.53662541400007],[100.19852875000004,17.539948717000073],[100.19403204500009,17.538323184000035],[100.19021493400004,17.54043186100006],[100.18501099500008,17.54141431900007],[100.18459544800004,17.54313195700007],[100.18055961400006,17.54460950500004],[100.17830977600005,17.54403991500004],[100.17520396500004,17.548337567000033],[100.16895777200006,17.54921005600005],[100.16261285200005,17.542190273000074],[100.16024642100007,17.540787829000067],[100.15421665900004,17.538740118000078],[100.14426554100004,17.53328751300006],[100.13697514700004,17.528537804000052],[100.13225105000004,17.52595896400004],[100.12252524400009,17.523687519000077],[100.11601914500005,17.523247996000066],[100.11108642500005,17.521750672000053],[100.10242209600005,17.52109120800003],[100.10114922600008,17.52011348600007],[100.09900270300005,17.515201441000045],[100.09735328900007,17.51293324200003],[100.09498883200007,17.51176147700005],[100.08618606200008,17.512009896000052],[100.08199569800007,17.510293585000056],[100.08024985800006,17.511647835000076]]]},"properties":{"Shape_Leng":0.519943104865,"Shape_Area":0.00963728554132,"ADM3_EN":"Wang Daeng","ADM3_TH":"วังแดง","ADM3_PCODE":"TH530201","ADM2_EN":"Tron","ADM2_TH":"ตรอน","ADM2_PCODE":"TH5302","ADM1_EN":"Uttaradit","ADM1_TH":"อุตรดิตถ์","ADM1_PCODE":"TH53","ADM0_EN":"Thailand","ADM0_TH":"ประเทศไทย","ADM0_PCODE":"TH"}},
{"type":"Feature","geometry":{"type":"Polygon","coordinates":[[[100.07315009900003,17.45292759800003],[100.07747422000006,17.45102613800003],[100.08359203300006,17.449979451000047],[100.08651009400006,17.448824830000035],[100.09291055800009,17.442699471000026],[100.09865160700008,17.43908943400004],[100.10153103700009,17.43943089100003],[100.10663131700005,17.438732007000056],[100.10828411500006,17.44046732100003],[100.11215834800004,17.44183392800005],[100.11386063800006,17.439595886000063],[100.11754125500005,17.43878074400004],[100.12522610500008,17.439368024000032],[100.13021285300005,17.43607453000004],[100.13154251800006,17.43609534500007],[100.12905931000006,17.429320349000022],[100.12942573900006,17.426084176000074],[100.13109109200008,17.42548651100003],[100.13315579500005,17.42246085000005],[100.13773491900008,17.42310141100006],[100.14064399200004,17.421689865000076],[100.14557395800006,17.41776463900004],[100.14750342100007,17.415561901000046],[100.15337518700005,17.413261550000072],[100.15673687200007,17.41530175400004],[100.16246703200005,17.412041642000077],[100.16928424000008,17.409427291000043],[100.17108161600004,17.410765438000055],[100.17740224800008,17.406963521000023],[100.18450289200007,17.40380037700004],[100.18630216700006,17.40899790900005],[100.17866701500009,17.41072491700004],[100.18402764300004,17.424917381000057],[100.18462808700008,17.42786122700005],[100.18450648400005,17.433040774000062],[100.18226496800008,17.43923241600004],[100.18564065100009,17.441978638000023],[100.18707508400007,17.44477463800007],[100.18284249400006,17.448982484000055],[100.18239441400004,17.451711501000034],[100.18418728200004,17.453533959000026],[100.18554595900008,17.458124406000024],[100.18350991400007,17.45901972200005],[100.17301325000005,17.459646638000038],[100.17870847900008,17.474872885000025],[100.18059523000005,17.482216178000044],[100.17983940100004,17.48695950700005],[100.17700705200008,17.483826752000027],[100.16339731300008,17.479411526000035],[100.16255994700003,17.472038891000068],[100.15928304100004,17.46897154000004],[100.15739821200003,17.465331597000045],[100.15427389100006,17.467273619000025],[100.14994846800005,17.467309623000062],[100.14575219900007,17.462703857000065],[100.14191494900007,17.459988079000027],[100.13761200700009,17.458874284000046],[100.13724783500004,17.457165038000028],[100.13424884000005,17.454186425000046],[100.13106881000004,17.454969764000055],[100.12851154300006,17.454154361000064],[100.12121345300005,17.455975909000074],[100.11883354100007,17.45390806300003],[100.11477076900007,17.454659504000062],[100.11079613200008,17.453374964000034],[100.10738623500004,17.45813117000006],[100.10306361900007,17.455664843000022],[100.10132002900008,17.455644884000037],[100.10048451100005,17.453229930000077],[100.09388282600008,17.45445858200003],[100.08828972300006,17.45387895400006],[100.08806020700007,17.45511014500005],[100.08337424200005,17.455240022000055],[100.08497396300004,17.452375473000075],[100.07540870500009,17.45486858000004],[100.07282582800008,17.454225516000065],[100.07315009900003,17.45292759800003]]]},"properties":{"Shape_Leng":0.401475964227,"Shape_Area":0.00351946481887,"ADM3_EN":"Ban Kaeng","ADM3_TH":"บ้านแก่ง","ADM3_PCODE":"TH530202","ADM2_EN":"Tron","ADM2_TH":"ตรอน","ADM2_PCODE":"TH5302","ADM1_EN":"Uttaradit","ADM1_TH":"อุตรดิตถ์","ADM1_PCODE":"TH53","ADM0_EN":"Thailand","ADM0_TH":"ประเทศไทย","ADM0_PCODE":"TH"}},
{"type":"Feature","geometry":{"type":"Polygon","coordinates":[[[100.02107119700008,17.46630443300006],[100.02000562500007,17.458565985000064],[100.02232317100004,17.455299085000036],[100.02617742500007,17.45300688100002],[100.02895886600004,17.44943320300007],[100.03080898800005,17.443821987000035],[100.02910752900004,17.437831240000037],[100.03052238700008,17.43603960100006],[100.02719579100005,17.431278899000063],[100.02737084000006,17.429574493000075],[100.02331598000006,17.427277911000033],[100.02101240200005,17.42421277400007],[100.02359291500005,17.42161763000007],[100.02558888400006,17.42182697900006],[100.02817623500005,17.419793266000056],[100.02892254000005,17.42125346200004],[100.02804619400007,17.424847132000025],[100.03019715500005,17.424801785000056],[100.03181093000006,17.426856607000047],[100.03484541300008,17.42707686600005],[100.04241163300009,17.424597559000063],[100.04492191900005,17.423047852000025],[100.04714353000008,17.43144813600003],[100.05032079700004,17.429011380000077],[100.05908920000007,17.423322325000072],[100.06012391700006,17.42125214500004],[100.06295231000007,17.420348716000035],[100.06336568000006,17.422300909000057],[100.06213956700009,17.42548105000003],[100.06350021900005,17.429002738000065],[100.05980450300007,17.430045582000048],[100.05780186600003,17.433261155000025],[100.06039923100008,17.439457891000075],[100.06070331400008,17.44299555300006],[100.06232168100007,17.44408627300004],[100.06480179800008,17.44332863900007],[100.06507644300007,17.440542614000037],[100.06837450300009,17.43877321100007],[100.07019724600008,17.436122848000025],[100.07888578700005,17.432105929000045],[100.08223608100008,17.42986379900003],[100.08637091900005,17.428634359000057],[100.09028512400005,17.428684197000052],[100.09140966400008,17.427823385000067],[100.09075845700005,17.42536865200003],[100.09351946700008,17.42383148600004],[100.10204291300005,17.42373037300007],[100.10409625400007,17.421916793000037],[100.10905396000004,17.420310569000037],[100.11313350900008,17.413605355000072],[100.11647140600007,17.40950924400005],[100.12031140000005,17.406458359000055],[100.12892700400005,17.403822448000028],[100.13397166100003,17.403355661000035],[100.13700414600004,17.404960902000028],[100.13845723500003,17.404121014000054],[100.14061394300006,17.405393897000067],[100.14317212300006,17.404011180000055],[100.14914907000008,17.403519033000066],[100.15754232300009,17.40010366300004],[100.16611176200007,17.39724375000003],[100.17287472300006,17.395766438000067],[100.17896068400006,17.396645465000063],[100.18843631900006,17.395423879000077],[100.19305184800004,17.39345766400004],[100.19688501800005,17.393304019000027],[100.21030894200004,17.391211218000024],[100.20913525600008,17.39360307800007],[100.20247705000008,17.39535865600004],[100.19628414200008,17.39960688900004],[100.18733417400006,17.40246015400004],[100.18450289200007,17.40380037700004],[100.17740224800008,17.406963521000023],[100.17108161600004,17.410765438000055],[100.16928424000008,17.409427291000043],[100.16246703200005,17.412041642000077],[100.15673687200007,17.41530175400004],[100.15337518700005,17.413261550000072],[100.14750342100007,17.415561901000046],[100.14557395800006,17.41776463900004],[100.14064399200004,17.421689865000076],[100.13773491900008,17.42310141100006],[100.13315579500005,17.42246085000005],[100.13109109200008,17.42548651100003],[100.12942573900006,17.426084176000074],[100.12905931000006,17.429320349000022],[100.13154251800006,17.43609534500007],[100.13021285300005,17.43607453000004],[100.12522610500008,17.439368024000032],[100.11754125500005,17.43878074400004],[100.11386063800006,17.439595886000063],[100.11215834800004,17.44183392800005],[100.10828411500006,17.44046732100003],[100.10663131700005,17.438732007000056],[100.10153103700009,17.43943089100003],[100.09865160700008,17.43908943400004],[100.09291055800009,17.442699471000026],[100.08651009400006,17.448824830000035],[100.08359203300006,17.449979451000047],[100.07747422000006,17.45102613800003],[100.07315009900003,17.45292759800003],[100.06976980700006,17.452374000000077],[100.06429845800005,17.455732117000025],[100.06174097100006,17.45953051300006],[100.05533717100008,17.46255381700007],[100.05435810000006,17.461972840000044],[100.04939981600006,17.46601574600004],[100.04131182200007,17.46456577600003],[100.03904925300009,17.46784952400003],[100.03315318300008,17.46259172300006],[100.03265410500006,17.460386630000073],[100.02592791200004,17.463295084000038],[100.02310769400003,17.463720245000047],[100.02107119700008,17.46630443300006]]]},"properties":{"Shape_Leng":0.563372491728,"Shape_Area":0.00368382657145,"ADM3_EN":"Hat Song Khwae","ADM3_TH":"หาดสองแคว","ADM3_PCODE":"TH530203","ADM2_EN":"Tron","ADM2_TH":"ตรอน","ADM2_PCODE":"TH5302","ADM1_EN":"Uttaradit","ADM1_TH":"อุตรดิตถ์","ADM1_PCODE":"TH53","ADM0_EN":"Thailand","ADM0_TH":"ประเทศไทย","ADM0_PCODE":"TH"}},
{"type":"Feature","geometry":{"type":"Polygon","coordinates":[[[100.17983940100004,17.48695950700005],[100.18059523000005,17.482216178000044],[100.17870847900008,17.474872885000025],[100.17301325000005,17.459646638000038],[100.18350991400007,17.45901972200005],[100.18554595900008,17.458124406000024],[100.18418728200004,17.453533959000026],[100.18239441400004,17.451711501000034],[100.18284249400006,17.448982484000055],[100.18707508400007,17.44477463800007],[100.18564065100009,17.441978638000023],[100.18226496800008,17.43923241600004],[100.18450648400005,17.433040774000062],[100.18462808700008,17.42786122700005],[100.18402764300004,17.424917381000057],[100.17866701500009,17.41072491700004],[100.18630216700006,17.40899790900005],[100.18450289200007,17.40380037700004],[100.18733417400006,17.40246015400004],[100.19628414200008,17.39960688900004],[100.20247705000008,17.39535865600004],[100.20913525600008,17.39360307800007],[100.21030894200004,17.391211218000024],[100.21184101700004,17.38874753400006],[100.21377240500004,17.390132920000042],[100.21648564200007,17.38936333600003],[100.22084767300004,17.39057573200006],[100.22498181300006,17.389995080000062],[100.22511321900004,17.39211187500007],[100.23111679000004,17.392509219000033],[100.23341213900005,17.39097417200003],[100.23717797000006,17.39117015200003],[100.24026757700005,17.389840806000052],[100.24304279300009,17.389841919000048],[100.24455881000006,17.392443658000047],[100.24945314800004,17.39434152900003],[100.25129167600005,17.39738134600003],[100.25260373900005,17.40174186200005],[100.25391289800007,17.40266027900003],[100.24784657300006,17.406831964000048],[100.24350940900007,17.40852254600003],[100.24200763500005,17.410771473000068],[100.23951529900006,17.41210742100003],[100.23643200800007,17.41680636500007],[100.23347628700009,17.419439672000067],[100.23323085000004,17.42123129600003],[100.23863491200007,17.423964883000053],[100.24146325600003,17.42742638200002],[100.24263391500006,17.433519637000074],[100.24750894700009,17.43771261300003],[100.24861990900007,17.441184736000025],[100.24835451900003,17.446777202000078],[100.24610731600006,17.44852273600003],[100.24587793300009,17.450741073000074],[100.25000835800006,17.453207165000038],[100.25250497300004,17.453418016000057],[100.25441171900007,17.457354347000035],[100.25296025900008,17.45959656900004],[100.24978232300003,17.460854466000058],[100.25046192900004,17.463392498000076],[100.24833675500008,17.46762644000006],[100.24831949900005,17.47396511000005],[100.24685670900004,17.475384001000066],[100.24330235400004,17.47479089600006],[100.24351384200008,17.476926435000053],[100.24619104500005,17.47650786300005],[100.24984016700006,17.477939846000027],[100.24725251700005,17.478335833000074],[100.24794778700004,17.481786569000064],[100.24629261400008,17.48416006100007],[100.24583326500004,17.48680670600004],[100.24394876300005,17.489213906000032],[100.24563572600005,17.490737714000034],[100.24581578800007,17.494373822000057],[100.24414841100008,17.495311524000044],[100.24299975700006,17.498184081000034],[100.24025336300008,17.49726959000003],[100.23822298400006,17.499481169000035],[100.23645792200006,17.499425934000044],[100.23568716700004,17.503850628000066],[100.22972472600009,17.503429208000057],[100.21224850200008,17.529091077000032],[100.20965431300004,17.53221693100005],[100.20673599200006,17.529945608000048],[100.20628433600007,17.522241128000076],[100.20562065900003,17.52229789300003],[100.20467858200004,17.517641652000066],[100.20178793000008,17.512276609000025],[100.19979109400003,17.510153238000044],[100.19524850800008,17.507025793000025],[100.18540352300005,17.502163599000028],[100.18045887200009,17.49839886500007],[100.18263302300005,17.497195162000025],[100.18137622300009,17.494383904000074],[100.18313198000004,17.493277156000033],[100.18268463500004,17.491014729000028],[100.18101268000004,17.490558915000065],[100.17983940100004,17.48695950700005]]]},"properties":{"Shape_Leng":0.472300357523,"Shape_Area":0.00746600561916,"ADM3_EN":"Nam Ang","ADM3_TH":"น้ำอ่าง","ADM3_PCODE":"TH530204","ADM2_EN":"Tron","ADM2_TH":"ตรอน","ADM2_PCODE":"TH5302","ADM1_EN":"Uttaradit","ADM1_TH":"อุตรดิตถ์","ADM1_PCODE":"TH53","ADM0_EN":"Thailand","ADM0_TH":"ประเทศไทย","ADM0_PCODE":"TH"}},
{"type":"Feature","geometry":{"type":"Polygon","coordinates":[[[100.01783453300004,17.481533614000057],[100.01388836500007,17.480106805000048],[100.00741807400004,17.484681478000027],[100.00292388200006,17.488889948000065],[100.00059188700004,17.489651098000024],[99.99634560700008,17.49280937900005],[99.99527878800006,17.494639192000022],[99.99163262000008,17.497942590000036],[99.98601317500004,17.50815381600006],[99.98281462600005,17.511360376000027],[99.97906884000008,17.513291851000076],[99.97617229200006,17.513850610000077],[99.97419360500004,17.51077669500006],[99.96877758300008,17.512089584000023],[99.96187987500008,17.517732292000062],[99.95947743700003,17.521691881000038],[99.95447669300006,17.520601833000057],[99.95326060400004,17.52158883900006],[99.94800479100007,17.531057881000038],[99.94509946100004,17.531898083000044],[99.94572559600005,17.533263832000046],[99.94300955100005,17.53354665200004],[99.94231236600007,17.53633609800005],[99.93952347700008,17.535920685000065],[99.93351392900007,17.52530740800006],[99.93180187400009,17.52481576200006],[99.92965521600007,17.521795525000073],[99.93164253000003,17.520059709000066],[99.93045502800004,17.51814680800004],[99.93109702300006,17.516076489000056],[99.93449318100005,17.513284430000056],[99.94408666600003,17.509009916000025],[99.94881080100004,17.505963225000073],[99.95608552800007,17.502078441000037],[99.95795512100005,17.502001265000047],[99.96017805800005,17.50015939700006],[99.96014675800006,17.497276287000034],[99.96358396900007,17.496492688000046],[99.96618127200009,17.493063910000046],[99.96816141900007,17.49222814700005],[99.97145649900006,17.495935022000026],[99.97529051800007,17.49236062700004],[99.97485626300005,17.489345202000038],[99.98071558300006,17.487365432000047],[99.98179513200006,17.484960441000055],[99.98192860100005,17.47952196500006],[99.98050905200006,17.475479088000043],[99.98162842100004,17.47272723100002],[99.98572797500003,17.471519257000068],[99.98789192900006,17.46857460800004],[99.99121290300008,17.46655845500004],[99.99473203400004,17.46788110500006],[99.99866243500009,17.466862469000034],[100.00199313300004,17.46247185800007],[100.00275295800009,17.457990754000036],[100.00613810400006,17.456936402000053],[100.01307124500005,17.457088227000042],[100.01334645700007,17.45770439100005],[100.02000562500007,17.458565985000064],[100.02107119700008,17.46630443300006],[100.02127145800006,17.47335160500006],[100.01783453300004,17.481533614000057]]]},"properties":{"Shape_Leng":0.295025379498,"Shape_Area":0.0021447760847,"ADM3_EN":"Khoi Sung","ADM3_TH":"ข่อยสูง","ADM3_PCODE":"TH530205","ADM2_EN":"Tron","ADM2_TH":"ตรอน","ADM2_PCODE":"TH5302","ADM1_EN":"Uttaradit","ADM1_TH":"อุตรดิตถ์","ADM1_PCODE":"TH53","ADM0_EN":"Thailand","ADM0_TH":"ประเทศไทย","ADM0_PCODE":"TH"}},
{"type":"Feature","geometry":{"type":"Polygon","coordinates":[[[100.45189235300006,17.882234106000055],[100.44620351900005,17.884656370000073],[100.43939605500003,17.88864135800003],[100.42730718100006,17.897867000000076],[100.42521746500006,17.898674500000027],[100.41561775600007,17.898573844000055],[100.41199571000004,17.898172584000065],[100.40944788900003,17.900842199000067],[100.40530291100004,17.902250218000063],[100.40211429800007,17.902245836000077],[100.39813711100004,17.905007741000077],[100.39565993400004,17.90517154300005],[100.39326529100003,17.906749279000053],[100.38980616300006,17.906906348000064],[100.38509328100008,17.908879272000036],[100.38316074600004,17.911060501000065],[100.38074267200005,17.908326462000048],[100.37637082500004,17.907304013000044],[100.37534202400008,17.90481882000006],[100.37362570500005,17.904403389000038],[100.37351793700009,17.907310540000026],[100.37184991800007,17.90557324100007],[100.37090786700008,17.907276886000034],[100.36903591700008,17.906775434000053],[100.37047996500007,17.89994539500003],[100.36547094100007,17.900617880000027],[100.36386255100007,17.892603707000035],[100.36577890500007,17.890328599000043],[100.36478657000004,17.888757585000064],[100.36981682400005,17.886406676000036],[100.37107690800008,17.882568520000063],[100.37361436900005,17.88294967300004],[100.37899133800005,17.880629991000035],[100.38122204700005,17.880538012000045],[100.37970348200008,17.87605538300005],[100.38137351700004,17.875677901000074],[100.38035646600008,17.871918307000044],[100.37658893800005,17.870711047000043],[100.37526065500003,17.867813771000044],[100.37578928100004,17.86514754600006],[100.37901786500004,17.86253615000004],[100.37798305000007,17.860472720000075],[100.38158265700008,17.858481632000064],[100.38179145600009,17.85601602400004],[100.38013060300005,17.853719075000072],[100.37714909700009,17.853063004000035],[100.37702226700009,17.851458120000075],[100.37318562200005,17.851069204000055],[100.37348484700004,17.847210222000058],[100.37471039600007,17.843804805000048],[100.37611153900008,17.84484235700006],[100.37803203100003,17.843917453000074],[100.38174601200006,17.83825280600007],[100.38379611500005,17.836529085000052],[100.38761267800004,17.836502001000042],[100.38882482000008,17.832801206000056],[100.39359632000009,17.830096551000054],[100.39401672900004,17.82678523900006],[100.39560943200007,17.824969510000074],[100.39895877400005,17.823264600000073],[100.38709555000008,17.810753444000056],[100.38547616800008,17.811750093000057],[100.38053654800007,17.811708450000026],[100.38018516100004,17.807785112000033],[100.37748985100006,17.807914397000047],[100.37577108900007,17.805413341000076],[100.37590721600009,17.80262063400005],[100.37103513200003,17.799817374000042],[100.36163724500005,17.800538879000044],[100.36154515000004,17.788180241000077],[100.36179938000004,17.785229239000046],[100.36202959000008,17.783764778000034],[100.35840597900005,17.781653592000055],[100.35589617400007,17.77733594600005],[100.35152951600008,17.774605387000065],[100.34411021800008,17.774697638000077],[100.34384728400005,17.76340641200005],[100.34377361000008,17.745804510000028],[100.34635984100004,17.744830339000032],[100.34746043800004,17.74058930700005],[100.35165932500007,17.740663786000027],[100.35139279000003,17.73802050000006],[100.35117201100007,17.735843161000048],[100.36011715500007,17.734716139000057],[100.36624230700005,17.73203845200004],[100.37062555000006,17.730818946000056],[100.37192480000004,17.729835837000053],[100.37571935200003,17.72986223500004],[100.38014430300007,17.73517143600003],[100.38128924100005,17.737682568000025],[100.38554720200005,17.740285949000054],[100.38887103500008,17.743676350000044],[100.39128558400006,17.749463022000043],[100.39409763000003,17.752361988000075],[100.39702700600009,17.756820278000077],[100.40137605000007,17.760083347000034],[100.40343229700005,17.76262269600005],[100.40857663400004,17.766242370000043],[100.40915358600006,17.767714339000065],[100.41355696100004,17.770982266000033],[100.41530562400004,17.773533204000046],[100.41606568000009,17.77669409400005],[100.42001808100008,17.781519745000026],[100.42378883000003,17.784604003000027],[100.42449502600005,17.787002200000074],[100.42732176200008,17.78848071500005],[100.43194226600008,17.794057105000036],[100.43768986000003,17.795381599000052],[100.43782586100008,17.79685590300005],[100.44184397100008,17.79932086200006],[100.44224159000004,17.80099311400005],[100.44567231200006,17.803398065000067],[100.44901451300007,17.804674134000038],[100.44922361600004,17.80677924400004],[100.45728285200005,17.812195383000073],[100.45942728700004,17.816037351000034],[100.46320581700007,17.817976154000064],[100.46685964500006,17.82166711900004],[100.46435337500009,17.824649184000066],[100.46332832700006,17.82811506300004],[100.46682869000006,17.832454382000037],[100.46915956600009,17.833122158000037],[100.47438164600004,17.838133655000036],[100.47613250400008,17.840550175000033],[100.48480678200008,17.848048401000028],[100.48333317700008,17.85557091000004],[100.48165565700003,17.860050011000055],[100.47810097800004,17.864592249000054],[100.47027730800005,17.871745341000064],[100.46613229800005,17.874873686000058],[100.46071042800008,17.87801151900004],[100.45189235300006,17.882234106000055]]]},"properties":{"Shape_Leng":0.651185244224,"Shape_Area":0.012324441399,"ADM3_EN":"Tha Pla","ADM3_TH":"ท่าปลา","ADM3_PCODE":"TH530301","ADM2_EN":"Tha Pla","ADM2_TH":"ท่าปลา","ADM2_PCODE":"TH5303","ADM1_EN":"Uttaradit","ADM1_TH":"อุตรดิตถ์","ADM1_PCODE":"TH53","ADM0_EN":"Thailand","ADM0_TH":"ประเทศไทย","ADM0_PCODE":"TH"}},
{"type":"Feature","geometry":{"type":"Polygon","coordinates":[[[100.36179938000004,17.785229239000046],[100.35930584600004,17.78429194000006],[100.35652295100004,17.78499224500007],[100.35317822600007,17.782901452000033],[100.35096163700007,17.785013605000074],[100.34948927700003,17.784531771000047],[100.33250976500005,17.784694873000035],[100.33050492400008,17.783739696000055],[100.32059034200006,17.783876478000025],[100.32081437100004,17.80052324600007],[100.30987872700007,17.800546976000078],[100.30585782100007,17.801839848000043],[100.30488430200006,17.799999231000072],[100.30580871300003,17.79511229700006],[100.30591367100004,17.784495899000035],[100.30667846900008,17.780595751000078],[100.30943651300004,17.77518205900003],[100.31299880400007,17.775151162000043],[100.31223496400008,17.772806409000054],[100.31210421100008,17.743044274000056],[100.31497147000005,17.741142285000024],[100.31861655000006,17.740189084000065],[100.31856758500004,17.727345816000025],[100.32611373200007,17.72794257100003],[100.32720635700008,17.730684524000026],[100.33160952000009,17.731879105000075],[100.33347212900009,17.735996277000027],[100.33346038100007,17.73828141200005],[100.35139279000003,17.73802050000006],[100.35165932500007,17.740663786000027],[100.34746043800004,17.74058930700005],[100.34635984100004,17.744830339000032],[100.34377361000008,17.745804510000028],[100.34384728400005,17.76340641200005],[100.34411021800008,17.774697638000077],[100.35152951600008,17.774605387000065],[100.35589617400007,17.77733594600005],[100.35840597900005,17.781653592000055],[100.36202959000008,17.783764778000034],[100.36179938000004,17.785229239000046]]]},"properties":{"Shape_Leng":0.27098067514,"Shape_Area":0.00202340585829,"ADM3_EN":"Hat La","ADM3_TH":"หาดล้า","ADM3_PCODE":"TH530302","ADM2_EN":"Tha Pla","ADM2_TH":"ท่าปลา","ADM2_PCODE":"TH5303","ADM1_EN":"Uttaradit","ADM1_TH":"อุตรดิตถ์","ADM1_PCODE":"TH53","ADM0_EN":"Thailand","ADM0_TH":"ประเทศไทย","ADM0_PCODE":"TH"}},
{"type":"Feature","geometry":{"type":"Polygon","coordinates":[[[100.37079669100007,17.681446840000035],[100.37344577900006,17.68156877100006],[100.37488232500004,17.68326042500007],[100.37795821500004,17.684030781000047],[100.38249968400004,17.684144940000067],[100.38489222500004,17.68136498100006],[100.38768639000006,17.681305979000058],[100.39084678800003,17.67935172500006],[100.39126988400005,17.676471179000032],[100.39456673600006,17.67440463300005],[100.39432182500008,17.672771554000064],[100.39035546400004,17.666397766000046],[100.38779540600007,17.66579980800003],[100.38898778300006,17.664741500000048],[100.38573975500003,17.661761290000072],[100.38562754700007,17.657595066000056],[100.38211958100004,17.652102180000043],[100.38397918400005,17.65088670500006],[100.38396331200005,17.64759643700006],[100.38191681900008,17.646174401000053],[100.38168039300007,17.643525391000026],[100.38032248100006,17.642144415000075],[100.37672510400006,17.641570135000052],[100.37588844600003,17.63845058800007],[100.37933525800008,17.636474028000066],[100.38000148400005,17.634724962000064],[100.38503943700005,17.634342020000076],[100.38667794000008,17.63503759500003],[100.39749469200007,17.629811708000034],[100.39947326500004,17.631048969000062],[100.40091709800004,17.62753289500006],[100.40471758500007,17.627224515000023],[100.40651030600009,17.624905384000044],[100.40890479200004,17.62506748900006],[100.41057005200008,17.62249057200006],[100.41266829900007,17.621200642000076],[100.41386867800009,17.622434531000067],[100.41920894400005,17.62302774400007],[100.42104464100004,17.620283035000057],[100.42536151900003,17.617270572000052],[100.42618691000007,17.613145228000064],[100.42489771600003,17.60919923800003],[100.42680242800009,17.606197490000056],[100.43015286200006,17.605550122000068],[100.43756680100006,17.607696675000057],[100.44066709000003,17.611121603000072],[100.44622062200006,17.611573502000056],[100.45143945400008,17.61263936000006],[100.45390861600004,17.61375712000006],[100.45449265900004,17.61841568400007],[100.45702710500007,17.620430534000036],[100.45783074500008,17.622505810000064],[100.46183976900005,17.62656706300004],[100.46436227400005,17.62810528700004],[100.46526222900007,17.630807342000026],[100.46717414100004,17.63263681500007],[100.47035300900006,17.633166010000025],[100.47173519400008,17.636066193000033],[100.47478981500007,17.636793239000042],[100.48133863800007,17.640124882000066],[100.48306644000007,17.643924750000053],[100.48586910600005,17.646235838000052],[100.48672957500008,17.649324112000045],[100.48859518000006,17.651114776000043],[100.48934043700007,17.65388616300004],[100.49979371600006,17.654408233000026],[100.50216257100004,17.657355925000047],[100.50520264700003,17.657872868000027],[100.50644801800007,17.66009193800005],[100.50950053600008,17.65999663200006],[100.51168683900005,17.664503040000056],[100.51420251800005,17.665644499000052],[100.51731402200005,17.66570188700007],[100.51913447200008,17.66694048100004],[100.51978662600004,17.66915873000005],[100.52175916100003,17.66955900100004],[100.52304521100007,17.671982464000052],[100.52677488300009,17.671546873000068],[100.53016880900009,17.66987339700006],[100.53304527200004,17.669722232000026],[100.53367377500007,17.667961767000065],[100.53680650400008,17.667184950000035],[100.54128289000005,17.669514887000048],[100.54480107300009,17.669498155000042],[100.55113992800005,17.675939810000045],[100.55536709500007,17.67662493800003],[100.55948980600004,17.67954285600007],[100.56184109400004,17.685868583000058],[100.56233709100007,17.68873407500007],[100.56027705200006,17.689855178000073],[100.55755425600006,17.69599629000004],[100.55840186200004,17.69911681800005],[100.55535509200007,17.70234676000007],[100.55573882300007,17.70555965400007],[100.55306275900006,17.708756269000048],[100.55208168200005,17.711164403000055],[100.55511918500008,17.716202149000026],[100.55384962100004,17.719888682000033],[100.54944748200006,17.72285236400006],[100.54984269800008,17.724918152000043],[100.54831770500004,17.72631836000005],[100.54899811500007,17.727888762000077],[100.55381911600006,17.730647629000032],[100.55320245300004,17.73332936500003],[100.55369981600006,17.739525101000027],[100.55511453300005,17.740045258000066],[100.55811689600006,17.73715291700006],[100.55854373900007,17.733511011000076],[100.56072101100006,17.73336899000003],[100.56262344300006,17.73481250800006],[100.56318625700004,17.738376044000063],[100.56782998000006,17.73879989900007],[100.56808315500007,17.734730999000078],[100.57026821200009,17.732235442000047],[100.56598912000004,17.72686881100003],[100.56666440100008,17.723837660000072],[100.57106046200005,17.725757774000044],[100.57577442600007,17.726176243000054],[100.57729760000007,17.73290406900003],[100.57872184300004,17.734088541000062],[100.58008596500008,17.73771027300006],[100.58346377600009,17.741767847000062],[100.58536318600005,17.742830911000055],[100.58851562300003,17.747975520000068],[100.58973695400005,17.748380389000033],[100.59028907000004,17.751428618000034],[100.59392003200009,17.75607220200004],[100.59366269900005,17.758297457000026],[100.59484002200008,17.761187500000062],[100.59804481200007,17.763532041000076],[100.60374569000004,17.77082125100003],[100.60755310600007,17.77332308600006],[100.61130989600008,17.773730241000067],[100.61309390400004,17.776410892000058],[100.61972794400003,17.78124147500006],[100.61907753500009,17.78570038600003],[100.62245991900005,17.792484768000065],[100.61738755200008,17.793197663000058],[100.61400191400008,17.792625059000045],[100.61132779100006,17.793521331000022],[100.60772535600006,17.793550964000076],[100.60457526500005,17.79269498800005],[100.60054705600004,17.793810317000066],[100.59873274700004,17.796143779000033],[100.59304084800004,17.798594362000074],[100.59136739300004,17.79780976400002],[100.58539038500004,17.798323922000066],[100.57908958000007,17.79688478500003],[100.57566012900008,17.79984376400006],[100.56537711300007,17.803732249000063],[100.55128098500006,17.81050265400006],[100.54537337000005,17.813805584000022],[100.52706556700008,17.826682540000036],[100.51748514300004,17.833804146000034],[100.51390069700005,17.835970347000057],[100.50910201600004,17.837823912000033],[100.50107927000005,17.840005793000046],[100.49032709900007,17.84381251800005],[100.48666107400004,17.845767597000076],[100.48480678200008,17.848048401000028],[100.47613250400008,17.840550175000033],[100.47438164600004,17.838133655000036],[100.46915956600009,17.833122158000037],[100.46682869000006,17.832454382000037],[100.46332832700006,17.82811506300004],[100.46435337500009,17.824649184000066],[100.46685964500006,17.82166711900004],[100.46320581700007,17.817976154000064],[100.45942728700004,17.816037351000034],[100.45728285200005,17.812195383000073],[100.44922361600004,17.80677924400004],[100.44901451300007,17.804674134000038],[100.44567231200006,17.803398065000067],[100.44224159000004,17.80099311400005],[100.44184397100008,17.79932086200006],[100.43782586100008,17.79685590300005],[100.43768986000003,17.795381599000052],[100.43194226600008,17.794057105000036],[100.42732176200008,17.78848071500005],[100.42449502600005,17.787002200000074],[100.42378883000003,17.784604003000027],[100.42001808100008,17.781519745000026],[100.41606568000009,17.77669409400005],[100.41530562400004,17.773533204000046],[100.41355696100004,17.770982266000033],[100.40915358600006,17.767714339000065],[100.40857663400004,17.766242370000043],[100.40343229700005,17.76262269600005],[100.40137605000007,17.760083347000034],[100.39702700600009,17.756820278000077],[100.39409763000003,17.752361988000075],[100.39128558400006,17.749463022000043],[100.38887103500008,17.743676350000044],[100.38554720200005,17.740285949000054],[100.38128924100005,17.737682568000025],[100.38014430300007,17.73517143600003],[100.37571935200003,17.72986223500004],[100.37192480000004,17.729835837000053],[100.37062555000006,17.730818946000056],[100.36619796300005,17.722603856000035],[100.36651864200007,17.712771935000035],[100.36821149700006,17.70830735900006],[100.36750156600004,17.705662155000027],[100.36526174800008,17.704990403000068],[100.36396668700007,17.701762675000055],[100.36497910300005,17.695862344000034],[100.36389892800008,17.691745308000066],[100.36024280300006,17.687896756000043],[100.36410002900004,17.684929772000032],[100.36808620100004,17.685210978000043],[100.37079669100007,17.681446840000035]]]},"properties":{"Shape_Leng":0.980839564812,"Shape_Area":0.0326651262249,"ADM3_EN":"Pha Lueat","ADM3_TH":"ผาเลือด","ADM3_PCODE":"TH530303","ADM2_EN":"Tha Pla","ADM2_TH":"ท่าปลา","ADM2_PCODE":"TH5303","ADM1_EN":"Uttaradit","ADM1_TH":"อุตรดิตถ์","ADM1_PCODE":"TH53","ADM0_EN":"Thailand","ADM0_TH":"ประเทศไทย","ADM0_PCODE":"TH"}},
{"type":"Feature","geometry":{"type":"Polygon","coordinates":[[[100.36386255100007,17.892603707000035],[100.36156328700008,17.893073471000037],[100.35993184500006,17.889736481000057],[100.35202846400006,17.89256742400005],[100.35363482900004,17.88999584100003],[100.35065551700006,17.887243444000035],[100.35313057900004,17.886372793000078],[100.35406110800005,17.882552634000035],[100.34517140700007,17.885333426000045],[100.34399939800005,17.887000270000044],[100.34159851500004,17.883808130000034],[100.33805695400008,17.883874572000025],[100.33693730800007,17.886559977000047],[100.33460290100004,17.889010793000068],[100.33256519200006,17.890743244000078],[100.33126215000004,17.885222654000074],[100.33351417000006,17.884190640000043],[100.33357314100004,17.881191070000057],[100.33233864900006,17.87738917400003],[100.32997673700004,17.87533122600007],[100.32961277400005,17.873670283000024],[100.33091578600005,17.867227616000037],[100.33362836300006,17.864248098000076],[100.33334105400007,17.862881309000045],[100.32959640800004,17.859464029000037],[100.32504304400004,17.854255313000067],[100.32075952800005,17.85247423900006],[100.32004624400008,17.84909906100006],[100.31691243800009,17.847360391000052],[100.31694134300005,17.843360047000033],[100.31508402400004,17.840668557000072],[100.31463616600007,17.83607921600003],[100.31020531500008,17.833220613000037],[100.30875144100008,17.829034654000054],[100.30910939100005,17.826931614000046],[100.30686193200006,17.822689496000066],[100.30735990300008,17.814188595000076],[100.30646063700004,17.81164142700004],[100.30718856600004,17.80828445700007],[100.30692779600008,17.80461215500003],[100.30585782100007,17.801839848000043],[100.30987872700007,17.800546976000078],[100.32081437100004,17.80052324600007],[100.32059034200006,17.783876478000025],[100.33050492400008,17.783739696000055],[100.33250976500005,17.784694873000035],[100.34948927700003,17.784531771000047],[100.35096163700007,17.785013605000074],[100.35317822600007,17.782901452000033],[100.35652295100004,17.78499224500007],[100.35930584600004,17.78429194000006],[100.36179938000004,17.785229239000046],[100.36154515000004,17.788180241000077],[100.36163724500005,17.800538879000044],[100.37103513200003,17.799817374000042],[100.37590721600009,17.80262063400005],[100.37577108900007,17.805413341000076],[100.37748985100006,17.807914397000047],[100.38018516100004,17.807785112000033],[100.38053654800007,17.811708450000026],[100.38547616800008,17.811750093000057],[100.38709555000008,17.810753444000056],[100.39895877400005,17.823264600000073],[100.39560943200007,17.824969510000074],[100.39401672900004,17.82678523900006],[100.39359632000009,17.830096551000054],[100.38882482000008,17.832801206000056],[100.38761267800004,17.836502001000042],[100.38379611500005,17.836529085000052],[100.38174601200006,17.83825280600007],[100.37803203100003,17.843917453000074],[100.37611153900008,17.84484235700006],[100.37471039600007,17.843804805000048],[100.37348484700004,17.847210222000058],[100.37318562200005,17.851069204000055],[100.37702226700009,17.851458120000075],[100.37714909700009,17.853063004000035],[100.38013060300005,17.853719075000072],[100.38179145600009,17.85601602400004],[100.38158265700008,17.858481632000064],[100.37798305000007,17.860472720000075],[100.37901786500004,17.86253615000004],[100.37578928100004,17.86514754600006],[100.37526065500003,17.867813771000044],[100.37658893800005,17.870711047000043],[100.38035646600008,17.871918307000044],[100.38137351700004,17.875677901000074],[100.37970348200008,17.87605538300005],[100.38122204700005,17.880538012000045],[100.37899133800005,17.880629991000035],[100.37361436900005,17.88294967300004],[100.37107690800008,17.882568520000063],[100.36981682400005,17.886406676000036],[100.36478657000004,17.888757585000064],[100.36577890500007,17.890328599000043],[100.36386255100007,17.892603707000035]]]},"properties":{"Shape_Leng":0.44570472767,"Shape_Area":0.00616217086577,"ADM3_EN":"Charim","ADM3_TH":"จริม","ADM3_PCODE":"TH530304","ADM2_EN":"Tha Pla","ADM2_TH":"ท่าปลา","ADM2_PCODE":"TH5303","ADM1_EN":"Uttaradit","ADM1_TH":"อุตรดิตถ์","ADM1_PCODE":"TH53","ADM0_EN":"Thailand","ADM0_TH":"ประเทศไทย","ADM0_PCODE":"TH"}},
{"type":"Feature","geometry":{"type":"Polygon","coordinates":[[[100.19229363100004,17.81499356200004],[100.19517484700003,17.81671924400007],[100.19683746000004,17.82049617800004],[100.20258447400005,17.82160304000007],[100.20367724400006,17.82375490000004],[100.20626284000008,17.824755407000055],[100.20780296700008,17.827328000000023],[100.20997378100009,17.825258014000042],[100.20853164400006,17.822003772000073],[100.21174752400003,17.81819566100006],[100.21543077900009,17.81603754300005],[100.22263756400008,17.813721702000066],[100.22440768000007,17.81101769600002],[100.22663198500004,17.80954676400006],[100.22764734600008,17.806292306000046],[100.22973534100004,17.803820728000062],[100.23251251300007,17.80395732100004],[100.24017490600005,17.805697460000033],[100.24266622500005,17.808984145000068],[100.24865610700004,17.807505750000075],[100.25171183000003,17.804458375000024],[100.25216359300003,17.801052511000023],[100.25393008700007,17.796660209000038],[100.25292082200008,17.792319172000077],[100.25371209300005,17.78947382800004],[100.25584145000005,17.788997963000043],[100.25644349600003,17.78709834600005],[100.25875897600008,17.78624612300007],[100.26613795100008,17.786546874000067],[100.26993444700008,17.785884509000027],[100.27408162000006,17.783467634000033],[100.27583500300005,17.78036866700006],[100.27779065500005,17.780656473000022],[100.27901168300008,17.77890663000005],[100.28274247600007,17.779169125000067],[100.28290695500004,17.773377437000022],[100.28046263500005,17.76689566700003],[100.28115879900008,17.76451306900003],[100.28560359200009,17.762681173000033],[100.28722309400007,17.761113085000034],[100.28953476400005,17.761124761000076],[100.29014724900009,17.75819021600006],[100.29249735300004,17.754620173000035],[100.29254325900007,17.75168904700007],[100.29415833900003,17.746227668000074],[100.29613960700004,17.742704540000034],[100.29853676900007,17.74177996000003],[100.29760557900005,17.738177861000054],[100.30107093700008,17.73267744000003],[100.30145417500006,17.728451031000077],[100.30066602600004,17.72632696200003],[100.30797156600005,17.725808950000044],[100.31199719700004,17.72768910600007],[100.31856758500004,17.727345816000025],[100.31861655000006,17.740189084000065],[100.31497147000005,17.741142285000024],[100.31210421100008,17.743044274000056],[100.31223496400008,17.772806409000054],[100.31299880400007,17.775151162000043],[100.30943651300004,17.77518205900003],[100.30667846900008,17.780595751000078],[100.30591367100004,17.784495899000035],[100.30580871300003,17.79511229700006],[100.30488430200006,17.799999231000072],[100.30585782100007,17.801839848000043],[100.30692779600008,17.80461215500003],[100.30718856600004,17.80828445700007],[100.30646063700004,17.81164142700004],[100.30735990300008,17.814188595000076],[100.30686193200006,17.822689496000066],[100.30910939100005,17.826931614000046],[100.30875144100008,17.829034654000054],[100.31020531500008,17.833220613000037],[100.31463616600007,17.83607921600003],[100.31508402400004,17.840668557000072],[100.31694134300005,17.843360047000033],[100.31691243800009,17.847360391000052],[100.32004624400008,17.84909906100006],[100.32075952800005,17.85247423900006],[100.32504304400004,17.854255313000067],[100.32959640800004,17.859464029000037],[100.33334105400007,17.862881309000045],[100.33362836300006,17.864248098000076],[100.33091578600005,17.867227616000037],[100.32961277400005,17.873670283000024],[100.32997673700004,17.87533122600007],[100.33233864900006,17.87738917400003],[100.33357314100004,17.881191070000057],[100.33351417000006,17.884190640000043],[100.33126215000004,17.885222654000074],[100.33256519200006,17.890743244000078],[100.33024763600008,17.89302223800007],[100.32514943600006,17.89196877300003],[100.32380011700008,17.89551810300003],[100.32504768700005,17.896618880000062],[100.32107901100005,17.90151780700006],[100.31970470400006,17.90577667100007],[100.31726834800008,17.908829533000073],[100.31301701300004,17.909218598000052],[100.31325347700005,17.91232679500007],[100.31155205300007,17.914337661000047],[100.31194118400003,17.91678964500005],[100.30880140700003,17.92018151900004],[100.30966849800006,17.924087490000034],[100.30909030500004,17.928103715000077],[100.30682403900005,17.933414518000063],[100.30117131400004,17.936626619000037],[100.29941381100008,17.939088472000037],[100.29099676800007,17.937490839000077],[100.28960731900008,17.93644953300003],[100.28720272100009,17.93716696900003],[100.28726603300004,17.943065344000047],[100.28633455400006,17.94905953500006],[100.28218056300005,17.953811002000066],[100.27978131300006,17.957462580000026],[100.27620351200005,17.957669262000024],[100.27340996700008,17.95579701300005],[100.26893652800004,17.95430736700007],[100.26552150300006,17.954584512000054],[100.26182349600003,17.953457514000036],[100.25282718000005,17.960914743000046],[100.24597502900008,17.961423112000034],[100.24145501400005,17.958790693000026],[100.23970177000007,17.956174403000034],[100.23499964800004,17.95515834100007],[100.23364592500008,17.95124941800003],[100.23131603600007,17.94935514200006],[100.22738034200006,17.949916635000022],[100.22583318700003,17.949076929000057],[100.22632009400007,17.942749074000062],[100.22540923500009,17.939354647000073],[100.22016663400007,17.938357418000066],[100.21780131900005,17.93572440500003],[100.21839579500005,17.933093162000034],[100.21501434000004,17.92809876800004],[100.21565643600007,17.92552259400003],[100.21494295700006,17.92065946200006],[100.21040460500006,17.919535534000033],[100.20855284900006,17.91731941000006],[100.20674447600004,17.91696915400007],[100.20276082100008,17.917941600000063],[100.19729142800009,17.910385293000047],[100.19592753000006,17.906358607000072],[100.18904708800005,17.904296251000062],[100.18558994600005,17.902453474000026],[100.17907380900004,17.897527199000024],[100.17145243700008,17.89277430100003],[100.16907181300007,17.890876469000034],[100.16664847900006,17.891992129000073],[100.16441776300007,17.89138072700007],[100.15854505200008,17.88760473800005],[100.15851318800009,17.883950107000032],[100.15513241900004,17.88079173400007],[100.15322617100009,17.877351241000042],[100.14872554600004,17.872496899000055],[100.14655530200008,17.871096155000032],[100.14438416600007,17.867001120000054],[100.14084467600009,17.86571767500004],[100.13869899400004,17.86302813100002],[100.13412990400008,17.86011837500007],[100.13486174400003,17.858110429000078],[100.13788195700005,17.856675504000066],[100.13731190600004,17.853592820000074],[100.13828405500004,17.850546525000027],[100.13608857300005,17.848660236000057],[100.13682889300009,17.846202211000048],[100.13956308900003,17.84482042600007],[100.14018835000007,17.842835657000023],[100.14357436000006,17.840276050000057],[100.14665813300007,17.836906833000057],[100.14749487200004,17.83210972300003],[100.14838632700008,17.831341009000027],[100.14824287200008,17.826118534000045],[100.15361959400008,17.826432969000052],[100.16069848100005,17.825276211000073],[100.16412913300007,17.82244742000006],[100.16770549300008,17.82352342300004],[100.16807532900003,17.827044942000043],[100.16909594000003,17.828162407000036],[100.17294920500007,17.828983083000026],[100.17747052600004,17.82796346600003],[100.18275240700007,17.825396433000037],[100.18260636600007,17.823151274000054],[100.18819629200004,17.820352170000035],[100.18865522800007,17.818922515000054],[100.19229363100004,17.81499356200004]]]},"properties":{"Shape_Leng":0.840717790441,"Shape_Area":0.0223913930416,"ADM3_EN":"Nam Man","ADM3_TH":"น้ำหมัน","ADM3_PCODE":"TH530305","ADM2_EN":"Tha Pla","ADM2_TH":"ท่าปลา","ADM2_PCODE":"TH5303","ADM1_EN":"Uttaradit","ADM1_TH":"อุตรดิตถ์","ADM1_PCODE":"TH53","ADM0_EN":"Thailand","ADM0_TH":"ประเทศไทย","ADM0_PCODE":"TH"}},
{"type":"Feature","geometry":{"type":"Polygon","coordinates":[[[100.48480678200008,17.848048401000028],[100.48666107400004,17.845767597000076],[100.49032709900007,17.84381251800005],[100.50107927000005,17.840005793000046],[100.50910201600004,17.837823912000033],[100.51390069700005,17.835970347000057],[100.51748514300004,17.833804146000034],[100.52706556700008,17.826682540000036],[100.54537337000005,17.813805584000022],[100.55128098500006,17.81050265400006],[100.56537711300007,17.803732249000063],[100.57566012900008,17.79984376400006],[100.57908958000007,17.79688478500003],[100.58539038500004,17.798323922000066],[100.59136739300004,17.79780976400002],[100.59304084800004,17.798594362000074],[100.59873274700004,17.796143779000033],[100.60054705600004,17.793810317000066],[100.60457526500005,17.79269498800005],[100.60772535600006,17.793550964000076],[100.61132779100006,17.793521331000022],[100.61400191400008,17.792625059000045],[100.61738755200008,17.793197663000058],[100.62245991900005,17.792484768000065],[100.62604841700005,17.793592120000028],[100.62908993900004,17.79624651100005],[100.62907057400008,17.800671011000077],[100.63160434800005,17.805068525000024],[100.63116535800003,17.80653746400003],[100.63651718500006,17.813697284000057],[100.64104470700005,17.81757460700004],[100.64437520600006,17.81830895300004],[100.64596930100004,17.821144461000074],[100.64863864700004,17.830376283000078],[100.64928526700004,17.834615473000042],[100.65519977500009,17.831744375000028],[100.65644309500004,17.828482407000024],[100.65912124500005,17.828593784000077],[100.66223146500005,17.82335863700007],[100.66412008300006,17.823492761000068],[100.66606024000004,17.82194204900003],[100.66938999500007,17.820910122000043],[100.67373515700007,17.821428854000033],[100.67516338200005,17.824384888000054],[100.67404291400004,17.826562797000065],[100.67533861800007,17.830605356000035],[100.67495087500004,17.83244282100003],[100.67659017100004,17.833999495000057],[100.67659268900007,17.83671647500006],[100.67983755700004,17.841108091000024],[100.67929139700004,17.84294271300007],[100.68278928600006,17.84363356800003],[100.68684551300004,17.84277883900006],[100.68902446500005,17.844982790000074],[100.68915769000006,17.847415641000055],[100.69132613000005,17.849609589000067],[100.69231131600009,17.85217082500003],[100.69008444100007,17.85324620500006],[100.69379539600004,17.859721449000062],[100.69433339900007,17.86163279400006],[100.69818295800007,17.868840935000037],[100.70465166800005,17.87308150700005],[100.70622876800007,17.87685351300007],[100.70480388300007,17.87974659400004],[100.70548173700007,17.88215452700007],[100.70442572200005,17.883460280000065],[100.70571040700008,17.887536572000045],[100.70458247400006,17.889564282000038],[100.70589659100006,17.891047298000046],[100.70516152100004,17.893995630000063],[100.70809024100004,17.899019262000024],[100.71030066900005,17.900499083000057],[100.71026332100007,17.902253232000078],[100.71695638600005,17.90737008700006],[100.71768412500006,17.908620873000075],[100.71714576900007,17.91346777700005],[100.71945718700005,17.91892376100003],[100.72052730900003,17.929645825000023],[100.71956445800004,17.932214024000075],[100.72144578300004,17.933902142000022],[100.72181471800008,17.937216011000032],[100.72483517400008,17.939207029000045],[100.72729339200004,17.942805935000024],[100.73071684300004,17.945025850000036],[100.73295385500006,17.950166704000026],[100.73233169500008,17.953044955000053],[100.73278991400008,17.95625928900006],[100.74002516200005,17.96070789600003],[100.74523384800005,17.96609218900005],[100.74731480700007,17.969317008000075],[100.74625205800004,17.97479534400003],[100.74672579100007,17.978634143000022],[100.74959005600005,17.981837717000076],[100.75324530200004,17.98447621300005],[100.75565033500004,17.98854814300006],[100.76166419800006,17.993844440000032],[100.76890874200006,18.000645749000057],[100.77142930000008,18.00800073000005],[100.77639862500007,18.012206005000053],[100.77715937200009,18.016001956000025],[100.78011364300005,18.01742054500005],[100.77697003700007,18.023982185000023],[100.77700148900004,18.02649811200007],[100.77439900700006,18.029251857000077],[100.76844639200004,18.025763475000076],[100.76566633600004,18.02565237500005],[100.76103142700003,18.027397823000058],[100.76005235600007,18.028747934000023],[100.75675870800006,18.028207569000074],[100.75329614900005,18.029838926000025],[100.74955548200006,18.028443761000062],[100.74442926600005,18.029458576000025],[100.74068556500004,18.028253161000066],[100.73297694900003,18.03000576900007],[100.72508194800008,18.032735543000058],[100.72372316100007,18.031603416000053],[100.72035031600007,18.03154692800007],[100.71443038000007,18.02923250200007],[100.71244174500004,18.031737462000024],[100.70873853200004,18.03121543000003],[100.70823463600004,18.029019978000065],[100.70539362300008,18.026523500000053],[100.69876817100004,18.027435996000065],[100.69879646500004,18.025534398000048],[100.69446133200006,18.026779744000066],[100.69391201700006,18.024013710000077],[100.69185555400009,18.024338449000027],[100.69205782900008,18.026277649000065],[100.68869207000006,18.02675961500006],[100.68732525100006,18.030020869000055],[100.68609930900004,18.030627518000074],[100.68157512000005,18.02980005200004],[100.68163469400008,18.033090854000022],[100.67741134400006,18.035814430000073],[100.67093750500004,18.04181316200004],[100.66883587400008,18.042288446000043],[100.66078886000008,18.039371575000075],[100.65565162600006,18.038865375000057],[100.64781974100003,18.041196787000047],[100.64390798500006,18.04163219700007],[100.63090432700005,18.044557111000074],[100.62516752800008,18.04382236300006],[100.62203066900008,18.04433547700006],[100.61015750100006,18.050000848000025],[100.60785613900003,18.049956520000023],[100.60063620500006,18.044259840000052],[100.58962396700008,18.03994857600003],[100.58714897200008,18.04026520800005],[100.58036924200007,18.044109135000042],[100.57786524100004,18.043663972000047],[100.57463390800007,18.036947662000046],[100.57322059200004,18.03635783200002],[100.56913632700008,18.037631774000033],[100.56703288000006,18.037437186000034],[100.56129365500004,18.03301595000005],[100.55801396200008,18.032705086000078],[100.55084927700005,18.035311790000037],[100.54852953300008,18.028980877000038],[100.54817241300003,18.02299634600007],[100.54531878900008,18.01852396700002],[100.54407688500004,18.015233136000063],[100.54018367900005,18.010533078000037],[100.53672194200004,18.00459516600006],[100.53079740800007,17.997496167000065],[100.52341871600004,17.990929855000047],[100.51240404900005,17.980196871000032],[100.50782513200005,17.97503683700006],[100.50137942800006,17.966865382000037],[100.49870046200004,17.962240505000068],[100.49505347500008,17.953873960000067],[100.49146945500007,17.942817269000045],[100.48973725500008,17.939325979000046],[100.48698139700008,17.93559798800004],[100.47444225600003,17.922571622000078],[100.46876695600008,17.91576833700003],[100.46428389100004,17.908955895000076],[100.46047818400007,17.901649203000034],[100.45189235300006,17.882234106000055],[100.46071042800008,17.87801151900004],[100.46613229800005,17.874873686000058],[100.47027730800005,17.871745341000064],[100.47810097800004,17.864592249000054],[100.48165565700003,17.860050011000055],[100.48333317700008,17.85557091000004],[100.48480678200008,17.848048401000028]]]},"properties":{"Shape_Leng":1.03327939054,"Shape_Area":0.0508082373415,"ADM3_EN":"Tha Faek","ADM3_TH":"ท่าแฝก","ADM3_PCODE":"TH530306","ADM2_EN":"Tha Pla","ADM2_TH":"ท่าปลา","ADM2_PCODE":"TH5303","ADM1_EN":"Uttaradit","ADM1_TH":"อุตรดิตถ์","ADM1_PCODE":"TH53","ADM0_EN":"Thailand","ADM0_TH":"ประเทศไทย","ADM0_PCODE":"TH"}},
{"type":"Feature","geometry":{"type":"Polygon","coordinates":[[[100.45189235300006,17.882234106000055],[100.46047818400007,17.901649203000034],[100.46428389100004,17.908955895000076],[100.46876695600008,17.91576833700003],[100.47444225600003,17.922571622000078],[100.48698139700008,17.93559798800004],[100.48973725500008,17.939325979000046],[100.49146945500007,17.942817269000045],[100.49505347500008,17.953873960000067],[100.49870046200004,17.962240505000068],[100.50137942800006,17.966865382000037],[100.50782513200005,17.97503683700006],[100.51240404900005,17.980196871000032],[100.52341871600004,17.990929855000047],[100.53079740800007,17.997496167000065],[100.53672194200004,18.00459516600006],[100.54018367900005,18.010533078000037],[100.54407688500004,18.015233136000063],[100.54531878900008,18.01852396700002],[100.54817241300003,18.02299634600007],[100.54852953300008,18.028980877000038],[100.55084927700005,18.035311790000037],[100.54882021400005,18.03740523600004],[100.54012016200005,18.041326406000053],[100.53789523100005,18.041381030000025],[100.53515802300006,18.03873244300007],[100.53149688100007,18.03930292900003],[100.52783888100004,18.041731484000024],[100.51550065900005,18.044559325000023],[100.51317011000003,18.04629164100004],[100.50850492600006,18.047807686000056],[100.50798255100005,18.04955611500003],[100.50325032500007,18.05336647200005],[100.50029018600009,18.052299255000037],[100.49946019100008,18.05042376600005],[100.49577553800003,18.05111424000006],[100.49340338600007,18.052988567000057],[100.48838815900007,18.05358534800007],[100.48229230000004,18.055572554000037],[100.47983623000005,18.05474126100006],[100.47476138300004,18.049017411000023],[100.47385053900007,18.04554600000006],[100.47218743600007,18.044604715000048],[100.46437601000008,18.045343011000057],[100.46166567300008,18.042654153000058],[100.45682777500008,18.042114724000044],[100.45328598800006,18.03935087700006],[100.45173809100004,18.036756687000036],[100.45180770100006,18.034491321000075],[100.44906189500006,18.033019315000047],[100.44689787300007,18.02968690800003],[100.44766170300005,18.027387951000037],[100.44640860100009,18.025531571000045],[100.43276161800009,18.01976002600003],[100.43077014500005,18.01778732200006],[100.42716788100006,18.015826467000068],[100.42674310800004,18.013615023000057],[100.42515263800004,18.01299399900006],[100.42150115600003,18.013729632000036],[100.41816951200008,18.016163335000044],[100.41429748700006,18.021697394000057],[100.40806194600003,18.024005835000025],[100.40392819500005,18.023013750000075],[100.40064534500004,18.020895951000057],[100.39400220500005,18.021012057000064],[100.39035748500004,18.018789600000048],[100.38820880500003,18.01465810600007],[100.38667245000005,18.01465451100006],[100.38522963000008,18.012299339000037],[100.38154609100008,18.011585839000077],[100.37945036800005,18.00703039600006],[100.37915085300006,18.003839581000022],[100.37605033600005,18.000225759000045],[100.36932052600008,17.996074417000045],[100.36872840800004,17.99422512900003],[100.36494330200009,17.99116351200007],[100.35771944900006,17.98704781200007],[100.35619150000008,17.98545228100005],[100.35037815700008,17.983298172000048],[100.35136595900008,17.97787934100006],[100.35367746400004,17.97255223800005],[100.35636455600007,17.962967887000048],[100.35588950800008,17.955338770000026],[100.35458285400006,17.952605541000025],[100.35582732400007,17.947175147000053],[100.35464099400008,17.94733052500004],[100.35469295000007,17.943004406000057],[100.35657112600006,17.939731177000056],[100.36003857600008,17.936302125000054],[100.35851861200007,17.93222592500007],[100.35971881700004,17.927371922000077],[100.35867197000005,17.92319610000004],[100.35362654600004,17.920951880000075],[100.34768703000003,17.915229241000077],[100.34892524700007,17.909283121000044],[100.34514424000008,17.904757794000034],[100.34392491700004,17.901333806000025],[100.34250930100006,17.900205373000063],[100.34347655800008,17.897295377000034],[100.34208804500008,17.89445498200007],[100.33999835500003,17.894057814000064],[100.33698557100007,17.891933624000046],[100.33460290100004,17.889010793000068],[100.33693730800007,17.886559977000047],[100.33805695400008,17.883874572000025],[100.34159851500004,17.883808130000034],[100.34399939800005,17.887000270000044],[100.34517140700007,17.885333426000045],[100.35406110800005,17.882552634000035],[100.35313057900004,17.886372793000078],[100.35065551700006,17.887243444000035],[100.35363482900004,17.88999584100003],[100.35202846400006,17.89256742400005],[100.35993184500006,17.889736481000057],[100.36156328700008,17.893073471000037],[100.36386255100007,17.892603707000035],[100.36547094100007,17.900617880000027],[100.37047996500007,17.89994539500003],[100.36903591700008,17.906775434000053],[100.37090786700008,17.907276886000034],[100.37184991800007,17.90557324100007],[100.37351793700009,17.907310540000026],[100.37362570500005,17.904403389000038],[100.37534202400008,17.90481882000006],[100.37637082500004,17.907304013000044],[100.38074267200005,17.908326462000048],[100.38316074600004,17.911060501000065],[100.38509328100008,17.908879272000036],[100.38980616300006,17.906906348000064],[100.39326529100003,17.906749279000053],[100.39565993400004,17.90517154300005],[100.39813711100004,17.905007741000077],[100.40211429800007,17.902245836000077],[100.40530291100004,17.902250218000063],[100.40944788900003,17.900842199000067],[100.41199571000004,17.898172584000065],[100.41561775600007,17.898573844000055],[100.42521746500006,17.898674500000027],[100.42730718100006,17.897867000000076],[100.43939605500003,17.88864135800003],[100.44620351900005,17.884656370000073],[100.45189235300006,17.882234106000055]]]},"properties":{"Shape_Leng":0.760921262968,"Shape_Area":0.0199802438505,"ADM3_EN":"Nang Phaya","ADM3_TH":"นางพญา","ADM3_PCODE":"TH530307","ADM2_EN":"Tha Pla","ADM2_TH":"ท่าปลา","ADM2_PCODE":"TH5303","ADM1_EN":"Uttaradit","ADM1_TH":"อุตรดิตถ์","ADM1_PCODE":"TH53","ADM0_EN":"Thailand","ADM0_TH":"ประเทศไทย","ADM0_PCODE":"TH"}},
{"type":"Feature","geometry":{"type":"Polygon","coordinates":[[[100.28729427700006,17.702669549000063],[100.28674463400006,17.701060664000067],[100.28841047600008,17.696189997000033],[100.28686424900008,17.69209647400004],[100.29772563200004,17.694635634000065],[100.30784410400008,17.69554035500005],[100.31235342500008,17.697116636000032],[100.31364994800003,17.70028645600007],[100.31208033200005,17.70300176300003],[100.31137472700004,17.70859585100004],[100.31550203100005,17.709642020000047],[100.31870328700006,17.709688736000032],[100.32513710000006,17.71081578600007],[100.32587604000008,17.705122505000077],[100.33819480900007,17.706709583000077],[100.34094627300004,17.70411417300005],[100.34305702700004,17.699859310000022],[100.34448831500004,17.69988770200007],[100.34803985300005,17.69485959800005],[100.35096730900005,17.696333281000022],[100.35155729700006,17.69406765800005],[100.35561860900003,17.68984743900006],[100.35900294500004,17.690456738000023],[100.36024280300006,17.687896756000043],[100.36389892800008,17.691745308000066],[100.36497910300005,17.695862344000034],[100.36396668700007,17.701762675000055],[100.36526174800008,17.704990403000068],[100.36750156600004,17.705662155000027],[100.36821149700006,17.70830735900006],[100.36651864200007,17.712771935000035],[100.36619796300005,17.722603856000035],[100.37062555000006,17.730818946000056],[100.36624230700005,17.73203845200004],[100.36011715500007,17.734716139000057],[100.35117201100007,17.735843161000048],[100.35139279000003,17.73802050000006],[100.33346038100007,17.73828141200005],[100.33347212900009,17.735996277000027],[100.33160952000009,17.731879105000075],[100.32720635700008,17.730684524000026],[100.32611373200007,17.72794257100003],[100.31856758500004,17.727345816000025],[100.31199719700004,17.72768910600007],[100.30797156600005,17.725808950000044],[100.30066602600004,17.72632696200003],[100.29163242500005,17.72667608300003],[100.29128892300008,17.72081085900004],[100.28942235700003,17.71725049500003],[100.28938191200007,17.713841222000042],[100.29076737500009,17.709717561000048],[100.28790336600008,17.70646492000003],[100.28729427700006,17.702669549000063]]]},"properties":{"Shape_Leng":0.289359440965,"Shape_Area":0.00249102227415,"ADM3_EN":"Ruam Chit","ADM3_TH":"ร่วมจิต","ADM3_PCODE":"TH530308","ADM2_EN":"Tha Pla","ADM2_TH":"ท่าปลา","ADM2_PCODE":"TH5303","ADM1_EN":"Uttaradit","ADM1_TH":"อุตรดิตถ์","ADM1_PCODE":"TH53","ADM0_EN":"Thailand","ADM0_TH":"ประเทศไทย","ADM0_PCODE":"TH"}},
{"type":"Feature","geometry":{"type":"Polygon","coordinates":[[[100.56184109400004,17.685868583000058],[100.56398289500004,17.684197006000034],[100.56720736200003,17.683792896000057],[100.57054018700006,17.68565445100006],[100.57171354000008,17.687409814000034],[100.57420247200008,17.687524371000052],[100.57745251100005,17.690351512000063],[100.58132407000005,17.691222285000038],[100.58720186200009,17.69569506700003],[100.58990471300007,17.696172845000035],[100.59915568400004,17.691262764000044],[100.60315056900004,17.693576160000077],[100.60601665300004,17.693313388000036],[100.60773134800007,17.690755117000037],[100.60718561900006,17.684751151000057],[100.61018200700005,17.682068205000064],[100.60937559900003,17.679889170000024],[100.60904143000005,17.674436420000063],[100.61170288600005,17.671122970000056],[100.61594017600004,17.668822283000054],[100.61908131500007,17.66437062700004],[100.61716939300004,17.658199871000022],[100.61858364700004,17.655805102000045],[100.62150629900003,17.654176085000074],[100.62726767500004,17.645399188000056],[100.63270199900006,17.640294847000064],[100.63457198100008,17.63706588200006],[100.63939086800008,17.639424760000054],[100.64240076400006,17.643257463000054],[100.64546240500005,17.643017935000046],[100.64652496200006,17.64086262400002],[100.65950576400007,17.642103398000074],[100.66290049800006,17.639577205000023],[100.66696913700008,17.63956805600003],[100.66885365500008,17.641846147000024],[100.67322410100007,17.643528539000044],[100.67590423600006,17.646746052000026],[100.67621236800005,17.648524678000058],[100.68229578400008,17.649573950000047],[100.68693920700008,17.651996369000074],[100.68898436400008,17.65457015000004],[100.69522086400008,17.656112390000033],[100.69764599300004,17.65777090100005],[100.70031721600009,17.661152248000064],[100.70421894400005,17.662197587000037],[100.70912488200008,17.668013932000065],[100.71319701600004,17.66886990000006],[100.71654483100008,17.670828640000025],[100.72135540700003,17.67255567500007],[100.72334819100007,17.675630268000077],[100.72857961800008,17.678076849000036],[100.73120086800009,17.678631327000062],[100.73890426300005,17.678681417000064],[100.74051178900004,17.67814715000003],[100.74607965000007,17.679080932000033],[100.75440057500003,17.684056610000027],[100.75531398600003,17.685957907000045],[100.75203799100007,17.686083303000032],[100.75130117300006,17.689323761000026],[100.75216085100004,17.690405445000067],[100.75064948700003,17.69601760200004],[100.74922329800006,17.69620098200005],[100.74769175000006,17.69278797800007],[100.74440904200009,17.693818708000038],[100.73852526700006,17.689390529000036],[100.73642819200006,17.690731622000044],[100.73350437600004,17.690886243000023],[100.73126922200004,17.69371853900003],[100.72810953200008,17.69451067600005],[100.72573423300008,17.697420433000048],[100.72750118500005,17.700706317000027],[100.72275308200005,17.704829965000044],[100.71820818900005,17.70535857300007],[100.70903078100008,17.71110426300004],[100.70952166900008,17.71382046800005],[100.71208127800008,17.716113775000053],[100.71403930600007,17.720007722000048],[100.71211363100008,17.723156618000075],[100.70932710500006,17.725648009000054],[100.70623616900008,17.726250051000022],[100.70266174400007,17.72430453100003],[100.70200823800008,17.722535348000065],[100.69915616100008,17.721819590000052],[100.69804887700008,17.726078436000023],[100.69632298500005,17.727927828000077],[100.68979271900008,17.72988876000005],[100.68792537000007,17.73238731200007],[100.68917945300007,17.735120047000066],[100.68690565900005,17.738836310000067],[100.68946832800003,17.743439742000078],[100.68889079000007,17.746127561000037],[100.68962861800009,17.74835975600007],[100.69257422800007,17.749111866000078],[100.69084231300008,17.75179839900005],[100.69108882700004,17.754200929000035],[100.68896335800008,17.755799506000074],[100.68622647600006,17.760612382000033],[100.68439792500004,17.761178573000052],[100.68360089900006,17.766671871000028],[100.67755981800008,17.77192280400004],[100.67645916400005,17.776626449000048],[100.67374187700005,17.777584069000056],[100.67249477200005,17.779299452000032],[100.67271147400004,17.783859792000044],[100.66964269800008,17.786275101000058],[100.66898119300004,17.789871637000033],[100.67028116000006,17.792316022000023],[100.66949744900006,17.794872889000033],[100.67039271800007,17.799216177000062],[100.66736533600005,17.800651620000053],[100.66850297700006,17.806663773000025],[100.66804667700006,17.810367462000045],[100.66682091900009,17.811417621000032],[100.66801449700006,17.81621883500003],[100.66766271700004,17.817504876000044],[100.66938999500007,17.820910122000043],[100.66606024000004,17.82194204900003],[100.66412008300006,17.823492761000068],[100.66223146500005,17.82335863700007],[100.65912124500005,17.828593784000077],[100.65644309500004,17.828482407000024],[100.65519977500009,17.831744375000028],[100.64928526700004,17.834615473000042],[100.64863864700004,17.830376283000078],[100.64596930100004,17.821144461000074],[100.64437520600006,17.81830895300004],[100.64104470700005,17.81757460700004],[100.63651718500006,17.813697284000057],[100.63116535800003,17.80653746400003],[100.63160434800005,17.805068525000024],[100.62907057400008,17.800671011000077],[100.62908993900004,17.79624651100005],[100.62604841700005,17.793592120000028],[100.62245991900005,17.792484768000065],[100.61907753500009,17.78570038600003],[100.61972794400003,17.78124147500006],[100.61309390400004,17.776410892000058],[100.61130989600008,17.773730241000067],[100.60755310600007,17.77332308600006],[100.60374569000004,17.77082125100003],[100.59804481200007,17.763532041000076],[100.59484002200008,17.761187500000062],[100.59366269900005,17.758297457000026],[100.59392003200009,17.75607220200004],[100.59028907000004,17.751428618000034],[100.58973695400005,17.748380389000033],[100.58851562300003,17.747975520000068],[100.58536318600005,17.742830911000055],[100.58346377600009,17.741767847000062],[100.58008596500008,17.73771027300006],[100.57872184300004,17.734088541000062],[100.57729760000007,17.73290406900003],[100.57577442600007,17.726176243000054],[100.57106046200005,17.725757774000044],[100.56666440100008,17.723837660000072],[100.56598912000004,17.72686881100003],[100.57026821200009,17.732235442000047],[100.56808315500007,17.734730999000078],[100.56782998000006,17.73879989900007],[100.56318625700004,17.738376044000063],[100.56262344300006,17.73481250800006],[100.56072101100006,17.73336899000003],[100.55854373900007,17.733511011000076],[100.55811689600006,17.73715291700006],[100.55511453300005,17.740045258000066],[100.55369981600006,17.739525101000027],[100.55320245300004,17.73332936500003],[100.55381911600006,17.730647629000032],[100.54899811500007,17.727888762000077],[100.54831770500004,17.72631836000005],[100.54984269800008,17.724918152000043],[100.54944748200006,17.72285236400006],[100.55384962100004,17.719888682000033],[100.55511918500008,17.716202149000026],[100.55208168200005,17.711164403000055],[100.55306275900006,17.708756269000048],[100.55573882300007,17.70555965400007],[100.55535509200007,17.70234676000007],[100.55840186200004,17.69911681800005],[100.55755425600006,17.69599629000004],[100.56027705200006,17.689855178000073],[100.56233709100007,17.68873407500007],[100.56184109400004,17.685868583000058]]]},"properties":{"Shape_Leng":0.811230583919,"Shape_Area":0.0175408540101,"ADM3_EN":"Saen To","ADM3_TH":"แสนตอ","ADM3_PCODE":"TH530401","ADM2_EN":"Nam Pat","ADM2_TH":"น้ำปาด","ADM2_PCODE":"TH5304","ADM1_EN":"Uttaradit","ADM1_TH":"อุตรดิตถ์","ADM1_PCODE":"TH53","ADM0_EN":"Thailand","ADM0_TH":"ประเทศไทย","ADM0_PCODE":"TH"}},
{"type":"Feature","geometry":{"type":"Polygon","coordinates":[[[100.66938999500007,17.820910122000043],[100.66766271700004,17.817504876000044],[100.66801449700006,17.81621883500003],[100.66682091900009,17.811417621000032],[100.66804667700006,17.810367462000045],[100.66850297700006,17.806663773000025],[100.66736533600005,17.800651620000053],[100.67039271800007,17.799216177000062],[100.66949744900006,17.794872889000033],[100.67028116000006,17.792316022000023],[100.66898119300004,17.789871637000033],[100.66964269800008,17.786275101000058],[100.67271147400004,17.783859792000044],[100.67249477200005,17.779299452000032],[100.67374187700005,17.777584069000056],[100.67645916400005,17.776626449000048],[100.67755981800008,17.77192280400004],[100.68360089900006,17.766671871000028],[100.68439792500004,17.761178573000052],[100.68622647600006,17.760612382000033],[100.68896335800008,17.755799506000074],[100.69108882700004,17.754200929000035],[100.69084231300008,17.75179839900005],[100.69257422800007,17.749111866000078],[100.68962861800009,17.74835975600007],[100.68889079000007,17.746127561000037],[100.68946832800003,17.743439742000078],[100.68690565900005,17.738836310000067],[100.68917945300007,17.735120047000066],[100.68792537000007,17.73238731200007],[100.68979271900008,17.72988876000005],[100.69632298500005,17.727927828000077],[100.69804887700008,17.726078436000023],[100.69915616100008,17.721819590000052],[100.70200823800008,17.722535348000065],[100.70266174400007,17.72430453100003],[100.70623616900008,17.726250051000022],[100.70932710500006,17.725648009000054],[100.71211363100008,17.723156618000075],[100.71403930600007,17.720007722000048],[100.71208127800008,17.716113775000053],[100.70952166900008,17.71382046800005],[100.70903078100008,17.71110426300004],[100.71820818900005,17.70535857300007],[100.72275308200005,17.704829965000044],[100.72750118500005,17.700706317000027],[100.72573423300008,17.697420433000048],[100.72810953200008,17.69451067600005],[100.73126922200004,17.69371853900003],[100.73350437600004,17.690886243000023],[100.73642819200006,17.690731622000044],[100.73852526700006,17.689390529000036],[100.74440904200009,17.693818708000038],[100.74769175000006,17.69278797800007],[100.74922329800006,17.69620098200005],[100.75064948700003,17.69601760200004],[100.75216085100004,17.690405445000067],[100.75130117300006,17.689323761000026],[100.75203799100007,17.686083303000032],[100.75531398600003,17.685957907000045],[100.76212474200008,17.689344379000033],[100.76519600900008,17.692126038000026],[100.77104002600004,17.694200349000027],[100.77395527200008,17.697394546000055],[100.77995266000005,17.69937996300007],[100.78304367400006,17.701210425000056],[100.78491862200008,17.70110618700005],[100.78866670000008,17.703424159000065],[100.79589290600006,17.712502165000046],[100.79952138600004,17.71425045500007],[100.80178005800008,17.71949694600005],[100.80725608200004,17.71989700300003],[100.80784266500007,17.721998477000056],[100.81420391600005,17.723290939000037],[100.81432996000007,17.725526412000022],[100.81697711500004,17.727372154000022],[100.81715164300005,17.72888197900005],[100.82098997300005,17.730357843000036],[100.82327542800004,17.73344347400007],[100.82203239200004,17.73576797900006],[100.82439535600008,17.737845243000038],[100.82874840500006,17.738995540000076],[100.82774362100008,17.74281402400004],[100.83143556100003,17.74865737700003],[100.83373200700004,17.749651162000077],[100.83641644400006,17.753534380000076],[100.83643093000006,17.75495407300002],[100.84047955900007,17.757450405000043],[100.84263421800006,17.762475863000077],[100.84487307400008,17.765599777000034],[100.84679918800003,17.77007008000004],[100.84578349200007,17.773651333000032],[100.84610335600007,17.775626904000035],[100.84796504900004,17.776916182000036],[100.84738079500005,17.780225441000027],[100.85040722400004,17.78257847800006],[100.84884995100003,17.789044082000032],[100.84609158400008,17.787107391000063],[100.84252853900006,17.78683839400003],[100.83860223500005,17.784723455000062],[100.83714959300005,17.776919561000057],[100.83111067500005,17.776143528000034],[100.82793083700005,17.77279154200005],[100.82440681800006,17.773342352000043],[100.82357070800003,17.77472008600006],[100.82015483100008,17.77435026300003],[100.81984794900006,17.776154690000055],[100.81583061900005,17.77593945700005],[100.81254850100004,17.774674401000027],[100.80808711600008,17.775644322000062],[100.80768116600007,17.77764107400003],[100.80516570600008,17.778773384000033],[100.80518815000005,17.780422755000075],[100.80304273800004,17.779493872000046],[100.80109576900009,17.780187390000037],[100.79986523900004,17.77789886200003],[100.79727753800006,17.779746748000036],[100.79517597700004,17.778203706000056],[100.79226479000005,17.779145250000056],[100.79042846300007,17.777087395000024],[100.78818262200008,17.779343033000032],[100.78797720200004,17.77789236800004],[100.78356240000005,17.77776760300003],[100.78108881600008,17.77906742600004],[100.77857226300006,17.777699335000023],[100.77515707500004,17.777600837000023],[100.77091390100009,17.780245969000077],[100.76844789000006,17.779268926000043],[100.76520080600005,17.78015227900005],[100.76542190400005,17.783249245000036],[100.76344080200005,17.78542365100003],[100.76246271100007,17.788576007000074],[100.75801197800007,17.79072049900003],[100.75669863100006,17.795419234000065],[100.75415996900006,17.793213369000057],[100.74552464200008,17.789724484000033],[100.74117548200007,17.78984673900004],[100.73848175700005,17.789043422000077],[100.73534130900003,17.78654773200003],[100.73127244600005,17.78737576900005],[100.73308012200005,17.787934913000072],[100.73470588900005,17.79196104600004],[100.73351694500008,17.79289234500004],[100.73186903700008,17.79969377900005],[100.72983338900008,17.80355325100004],[100.73123914900003,17.80568886700007],[100.73128931200006,17.80938141100006],[100.72909311400008,17.813177347000078],[100.72123403500007,17.81589583300007],[100.71821701400006,17.81544451600007],[100.71311062900008,17.816324447000056],[100.71204678100008,17.819043215000022],[100.70851497400008,17.82056230200004],[100.70881576900007,17.82301010900005],[100.70490186500007,17.824373125000022],[100.70456198400007,17.82572293100003],[100.70733524800005,17.828532030000076],[100.70590910800007,17.830882319000068],[100.70277817300007,17.832008733000066],[100.70391491700008,17.83482763300003],[100.70242723000007,17.835578595000072],[100.70062876200006,17.840313970000068],[100.69889542000004,17.841568101000064],[100.69880139000009,17.845294831000047],[100.69565812600007,17.84786570400007],[100.69460229600008,17.851668861000064],[100.69231131600009,17.85217082500003],[100.69132613000005,17.849609589000067],[100.68915769000006,17.847415641000055],[100.68902446500005,17.844982790000074],[100.68684551300004,17.84277883900006],[100.68278928600006,17.84363356800003],[100.67929139700004,17.84294271300007],[100.67983755700004,17.841108091000024],[100.67659268900007,17.83671647500006],[100.67659017100004,17.833999495000057],[100.67495087500004,17.83244282100003],[100.67533861800007,17.830605356000035],[100.67404291400004,17.826562797000065],[100.67516338200005,17.824384888000054],[100.67373515700007,17.821428854000033],[100.66938999500007,17.820910122000043]]]},"properties":{"Shape_Leng":0.727244979013,"Shape_Area":0.0139706495981,"ADM3_EN":"Ban Fai","ADM3_TH":"บ้านฝาย","ADM3_PCODE":"TH530402","ADM2_EN":"Nam Pat","ADM2_TH":"น้ำปาด","ADM2_PCODE":"TH5304","ADM1_EN":"Uttaradit","ADM1_TH":"อุตรดิตถ์","ADM1_PCODE":"TH53","ADM0_EN":"Thailand","ADM0_TH":"ประเทศไทย","ADM0_PCODE":"TH"}},
{"type":"Feature","geometry":{"type":"Polygon","coordinates":[[[100.69231131600009,17.85217082500003],[100.69460229600008,17.851668861000064],[100.69565812600007,17.84786570400007],[100.69880139000009,17.845294831000047],[100.69889542000004,17.841568101000064],[100.70062876200006,17.840313970000068],[100.70242723000007,17.835578595000072],[100.70391491700008,17.83482763300003],[100.70277817300007,17.832008733000066],[100.70590910800007,17.830882319000068],[100.70733524800005,17.828532030000076],[100.70456198400007,17.82572293100003],[100.70490186500007,17.824373125000022],[100.70881576900007,17.82301010900005],[100.70851497400008,17.82056230200004],[100.71204678100008,17.819043215000022],[100.71311062900008,17.816324447000056],[100.71821701400006,17.81544451600007],[100.72123403500007,17.81589583300007],[100.72909311400008,17.813177347000078],[100.73128931200006,17.80938141100006],[100.73123914900003,17.80568886700007],[100.72983338900008,17.80355325100004],[100.73186903700008,17.79969377900005],[100.73351694500008,17.79289234500004],[100.73470588900005,17.79196104600004],[100.73308012200005,17.787934913000072],[100.73127244600005,17.78737576900005],[100.73534130900003,17.78654773200003],[100.73848175700005,17.789043422000077],[100.74117548200007,17.78984673900004],[100.74552464200008,17.789724484000033],[100.75415996900006,17.793213369000057],[100.75669863100006,17.795419234000065],[100.75801197800007,17.79072049900003],[100.76246271100007,17.788576007000074],[100.76344080200005,17.78542365100003],[100.76542190400005,17.783249245000036],[100.76520080600005,17.78015227900005],[100.76844789000006,17.779268926000043],[100.77091390100009,17.780245969000077],[100.77515707500004,17.777600837000023],[100.77857226300006,17.777699335000023],[100.78108881600008,17.77906742600004],[100.78356240000005,17.77776760300003],[100.78797720200004,17.77789236800004],[100.78818262200008,17.779343033000032],[100.79042846300007,17.777087395000024],[100.79226479000005,17.779145250000056],[100.79517597700004,17.778203706000056],[100.79727753800006,17.779746748000036],[100.79986523900004,17.77789886200003],[100.80109576900009,17.780187390000037],[100.80304273800004,17.779493872000046],[100.80518815000005,17.780422755000075],[100.80516570600008,17.778773384000033],[100.80768116600007,17.77764107400003],[100.80808711600008,17.775644322000062],[100.81254850100004,17.774674401000027],[100.81583061900005,17.77593945700005],[100.81984794900006,17.776154690000055],[100.82015483100008,17.77435026300003],[100.82357070800003,17.77472008600006],[100.82440681800006,17.773342352000043],[100.82793083700005,17.77279154200005],[100.83111067500005,17.776143528000034],[100.83714959300005,17.776919561000057],[100.83860223500005,17.784723455000062],[100.84252853900006,17.78683839400003],[100.84609158400008,17.787107391000063],[100.84884995100003,17.789044082000032],[100.85466162000006,17.78551828700006],[100.86124180000007,17.786010739000062],[100.86642877200006,17.78563293800005],[100.86985787900005,17.783981639000046],[100.87182044700006,17.784349216000066],[100.87474387700007,17.782692835000034],[100.87632406400007,17.783762830000057],[100.87670424900006,17.788294885000028],[100.87510891400007,17.78994853200004],[100.87514721000008,17.795264560000078],[100.87688034700005,17.802189621000025],[100.87782353400007,17.802238295000052],[100.87890540800004,17.810083190000057],[100.87794035400003,17.811032589000035],[100.87934196100008,17.81292411000004],[100.87780474800007,17.816542823000077],[100.87951003400008,17.81944886100007],[100.88313784500008,17.822104404000072],[100.88468077600004,17.824524879000023],[100.88421246000007,17.828348638000023],[100.88555252400005,17.835346955000034],[100.88433644400004,17.838414715000056],[100.88511127000004,17.840865437000048],[100.88515139300006,17.845427393000023],[100.88661965700004,17.853079980000075],[100.88615417000005,17.856841382000027],[100.88082625900006,17.860115634000067],[100.87708327200005,17.85945269000007],[100.87466749300006,17.860568965000027],[100.87046632600004,17.860174356000073],[100.86912184400006,17.86163249200007],[100.87061534900005,17.863977359000046],[100.86802595600005,17.864874841000074],[100.86820148900006,17.86736724000002],[100.86481632400006,17.869976318000056],[100.85937183000004,17.86807132200005],[100.85742253800004,17.87198951700003],[100.85611580600005,17.872669490000078],[100.85173441500007,17.871321911000052],[100.84921032100004,17.87211039500005],[100.84679333200006,17.87086957100007],[100.84842500800005,17.86904597700004],[100.84558575900007,17.865254641000035],[100.84297793100006,17.86493795100006],[100.84055325400004,17.866494214000056],[100.83509373300006,17.86451129200003],[100.83508654200006,17.862130110000066],[100.83175965600009,17.865280143000064],[100.82881964900008,17.86520203300006],[100.82449878600005,17.863454227000034],[100.82238486500006,17.866125596000074],[100.81841524900005,17.863634389000026],[100.81795936600008,17.86516705300005],[100.81488756500005,17.866380529000025],[100.81330922500007,17.863371409000024],[100.81048101100004,17.86365756600003],[100.80846780900004,17.859464976000027],[100.80690596000005,17.85884560900007],[100.80328845500009,17.86208576000007],[100.80224878500007,17.864978164000036],[100.79986014500008,17.86511769400005],[100.79750060800006,17.859744042000045],[100.79470893800004,17.86060047500007],[100.79419044200006,17.865217589000054],[100.79088700600005,17.864193083000032],[100.78572748600004,17.856350703000032],[100.78325153500003,17.85565968700007],[100.78091500600004,17.85961216000004],[100.77871309000005,17.86076679200005],[100.77026461200006,17.860419566000076],[100.76758567500008,17.86472376000006],[100.76372066700009,17.86546250400005],[100.75887125200006,17.86941388100007],[100.75179924000008,17.87341107900005],[100.74975293600005,17.87563093800003],[100.74950035300009,17.879760969000074],[100.74191631400004,17.885491800000068],[100.74342974200005,17.88812219500005],[100.74106996100005,17.89231964000004],[100.73740058400006,17.896890276000022],[100.73482314200004,17.898434878000046],[100.73392933300005,17.90214975300006],[100.72826421800005,17.904374652000058],[100.72697106600003,17.908772929000065],[100.72378622700006,17.90814827400004],[100.71768412500006,17.908620873000075],[100.71695638600005,17.90737008700006],[100.71026332100007,17.902253232000078],[100.71030066900005,17.900499083000057],[100.70809024100004,17.899019262000024],[100.70516152100004,17.893995630000063],[100.70589659100006,17.891047298000046],[100.70458247400006,17.889564282000038],[100.70571040700008,17.887536572000045],[100.70442572200005,17.883460280000065],[100.70548173700007,17.88215452700007],[100.70480388300007,17.87974659400004],[100.70622876800007,17.87685351300007],[100.70465166800005,17.87308150700005],[100.69818295800007,17.868840935000037],[100.69433339900007,17.86163279400006],[100.69379539600004,17.859721449000062],[100.69008444100007,17.85324620500006],[100.69231131600009,17.85217082500003]]]},"properties":{"Shape_Leng":0.731336403174,"Shape_Area":0.0154137313816,"ADM3_EN":"Den Lek","ADM3_TH":"เด่นเหล็ก","ADM3_PCODE":"TH530403","ADM2_EN":"Nam Pat","ADM2_TH":"น้ำปาด","ADM2_PCODE":"TH5304","ADM1_EN":"Uttaradit","ADM1_TH":"อุตรดิตถ์","ADM1_PCODE":"TH53","ADM0_EN":"Thailand","ADM0_TH":"ประเทศไทย","ADM0_PCODE":"TH"}},
{"type":"Feature","geometry":{"type":"Polygon","coordinates":[[[100.44066709000003,17.611121603000072],[100.44084780800006,17.60896656600005],[100.44040159100007,17.59646969000005],[100.43971968900007,17.592656678000026],[100.44298678500007,17.58750371800005],[100.44323600200005,17.585079996000047],[100.44511921300005,17.57961509100005],[100.44347545600004,17.57669499600007],[100.44533726500003,17.571398732000034],[100.44586740200003,17.567519808000043],[100.44857655900006,17.565049182000052],[100.45682119500003,17.555896790000077],[100.46577076100004,17.55031378700005],[100.47382299600008,17.548831996000047],[100.47705009000003,17.545615542000064],[100.47997601100008,17.54535088800003],[100.48328536600008,17.54274673200007],[100.49210518700005,17.53826395300007],[100.49134009000005,17.536032644000045],[100.48923153300007,17.53491802800005],[100.48783688100008,17.530780764000042],[100.49198423600006,17.53159346800004],[100.49656572700007,17.528677016000074],[100.49810027400008,17.525576528000045],[100.50062240500006,17.523511459000076],[100.50013333900006,17.51751250600006],[100.49902580000008,17.515005176000045],[100.49920603500004,17.511186475000045],[100.50739623300007,17.50755964900003],[100.50910433400009,17.507804735000036],[100.51379665200005,17.51095977800003],[100.52371304100006,17.510383037000054],[100.52985104900006,17.512962232000064],[100.53246539100007,17.518327170000077],[100.53831786800004,17.523033042000066],[100.53957232900007,17.52537969100007],[100.53969179900008,17.53004669300003],[100.53826934800009,17.533112064000022],[100.54131642000004,17.535118209000075],[100.54189433000005,17.537950323000075],[100.54553990900007,17.541257977000043],[100.54599050700006,17.544020635000038],[100.54342378000007,17.548317973000053],[100.54560068200004,17.55236060900006],[100.54778445600004,17.55327200800002],[100.55126019800008,17.556965043000048],[100.55297125300007,17.560358104000045],[100.55671750300007,17.56208953600003],[100.56799340100008,17.565349343000037],[100.57204171200004,17.568019331000073],[100.57603178900007,17.56472201400004],[100.58271956600004,17.566922514000055],[100.58547872600008,17.565645424000024],[100.59009422600008,17.566735324000035],[100.59451906500004,17.56662928000003],[100.59538937900004,17.567678769000054],[100.59435038900006,17.574807319000058],[100.60004117200003,17.578199786000027],[100.60215335200007,17.58153145600005],[100.60242702500005,17.584557864000033],[100.60530601700003,17.587012469000058],[100.60838617500008,17.58653921900003],[100.60853550700006,17.589835547000064],[100.61048871600008,17.592521696000063],[100.61408654700006,17.59470137200003],[100.61915304800004,17.59535783800004],[100.62506562500005,17.597300609000058],[100.62593042300006,17.599188764000075],[100.62934484500005,17.60107750700007],[100.63211797400004,17.604128014000025],[100.63606909000003,17.606376358000034],[100.63627854600009,17.608319507000033],[100.64244892800008,17.612310098000023],[100.64357821200008,17.615358076000064],[100.64787305600004,17.618651761000024],[100.64995978200005,17.621419569000068],[100.65631221300004,17.62241481800004],[100.66148334500008,17.626565193000033],[100.66524880200006,17.636408991000053],[100.66696913700008,17.63956805600003],[100.66290049800006,17.639577205000023],[100.65950576400007,17.642103398000074],[100.64652496200006,17.64086262400002],[100.64546240500005,17.643017935000046],[100.64240076400006,17.643257463000054],[100.63939086800008,17.639424760000054],[100.63457198100008,17.63706588200006],[100.63270199900006,17.640294847000064],[100.62726767500004,17.645399188000056],[100.62150629900003,17.654176085000074],[100.61858364700004,17.655805102000045],[100.61716939300004,17.658199871000022],[100.61908131500007,17.66437062700004],[100.61594017600004,17.668822283000054],[100.61170288600005,17.671122970000056],[100.60904143000005,17.674436420000063],[100.60937559900003,17.679889170000024],[100.61018200700005,17.682068205000064],[100.60718561900006,17.684751151000057],[100.60773134800007,17.690755117000037],[100.60601665300004,17.693313388000036],[100.60315056900004,17.693576160000077],[100.59915568400004,17.691262764000044],[100.58990471300007,17.696172845000035],[100.58720186200009,17.69569506700003],[100.58132407000005,17.691222285000038],[100.57745251100005,17.690351512000063],[100.57420247200008,17.687524371000052],[100.57171354000008,17.687409814000034],[100.57054018700006,17.68565445100006],[100.56720736200003,17.683792896000057],[100.56398289500004,17.684197006000034],[100.56184109400004,17.685868583000058],[100.55948980600004,17.67954285600007],[100.55536709500007,17.67662493800003],[100.55113992800005,17.675939810000045],[100.54480107300009,17.669498155000042],[100.54128289000005,17.669514887000048],[100.53680650400008,17.667184950000035],[100.53367377500007,17.667961767000065],[100.53304527200004,17.669722232000026],[100.53016880900009,17.66987339700006],[100.52677488300009,17.671546873000068],[100.52304521100007,17.671982464000052],[100.52175916100003,17.66955900100004],[100.51978662600004,17.66915873000005],[100.51913447200008,17.66694048100004],[100.51731402200005,17.66570188700007],[100.51420251800005,17.665644499000052],[100.51168683900005,17.664503040000056],[100.50950053600008,17.65999663200006],[100.50644801800007,17.66009193800005],[100.50520264700003,17.657872868000027],[100.50216257100004,17.657355925000047],[100.49979371600006,17.654408233000026],[100.48934043700007,17.65388616300004],[100.48859518000006,17.651114776000043],[100.48672957500008,17.649324112000045],[100.48586910600005,17.646235838000052],[100.48306644000007,17.643924750000053],[100.48133863800007,17.640124882000066],[100.47478981500007,17.636793239000042],[100.47173519400008,17.636066193000033],[100.47035300900006,17.633166010000025],[100.46717414100004,17.63263681500007],[100.46526222900007,17.630807342000026],[100.46436227400005,17.62810528700004],[100.46183976900005,17.62656706300004],[100.45783074500008,17.622505810000064],[100.45702710500007,17.620430534000036],[100.45449265900004,17.61841568400007],[100.45390861600004,17.61375712000006],[100.45143945400008,17.61263936000006],[100.44622062200006,17.611573502000056],[100.44066709000003,17.611121603000072]]]},"properties":{"Shape_Leng":0.737159943647,"Shape_Area":0.0214880671253,"ADM3_EN":"Nam Khrai","ADM3_TH":"น้ำไคร้","ADM3_PCODE":"TH530404","ADM2_EN":"Nam Pat","ADM2_TH":"น้ำปาด","ADM2_PCODE":"TH5304","ADM1_EN":"Uttaradit","ADM1_TH":"อุตรดิตถ์","ADM1_PCODE":"TH53","ADM0_EN":"Thailand","ADM0_TH":"ประเทศไทย","ADM0_PCODE":"TH"}},
{"type":"Feature","geometry":{"type":"Polygon","coordinates":[[[100.66696913700008,17.63956805600003],[100.66524880200006,17.636408991000053],[100.66148334500008,17.626565193000033],[100.65631221300004,17.62241481800004],[100.64995978200005,17.621419569000068],[100.64787305600004,17.618651761000024],[100.64357821200008,17.615358076000064],[100.64244892800008,17.612310098000023],[100.63627854600009,17.608319507000033],[100.63606909000003,17.606376358000034],[100.63211797400004,17.604128014000025],[100.62934484500005,17.60107750700007],[100.62593042300006,17.599188764000075],[100.62506562500005,17.597300609000058],[100.61915304800004,17.59535783800004],[100.61408654700006,17.59470137200003],[100.61048871600008,17.592521696000063],[100.60853550700006,17.589835547000064],[100.60838617500008,17.58653921900003],[100.60530601700003,17.587012469000058],[100.60242702500005,17.584557864000033],[100.60215335200007,17.58153145600005],[100.60004117200003,17.578199786000027],[100.59435038900006,17.574807319000058],[100.59538937900004,17.567678769000054],[100.59451906500004,17.56662928000003],[100.59009422600008,17.566735324000035],[100.58547872600008,17.565645424000024],[100.58271956600004,17.566922514000055],[100.57603178900007,17.56472201400004],[100.57204171200004,17.568019331000073],[100.56799340100008,17.565349343000037],[100.55671750300007,17.56208953600003],[100.55297125300007,17.560358104000045],[100.55126019800008,17.556965043000048],[100.54778445600004,17.55327200800002],[100.54560068200004,17.55236060900006],[100.54342378000007,17.548317973000053],[100.54599050700006,17.544020635000038],[100.54553990900007,17.541257977000043],[100.54189433000005,17.537950323000075],[100.54131642000004,17.535118209000075],[100.53826934800009,17.533112064000022],[100.53969179900008,17.53004669300003],[100.53957232900007,17.52537969100007],[100.53831786800004,17.523033042000066],[100.53246539100007,17.518327170000077],[100.52985104900006,17.512962232000064],[100.52371304100006,17.510383037000054],[100.52331058700008,17.507620028000076],[100.52472122100005,17.50476540300002],[100.53046161500004,17.50083661900004],[100.52925474200003,17.491899370000056],[100.52958300100005,17.489513742000042],[100.53328767000005,17.486639264000075],[100.53613072000007,17.481128803000047],[100.53860503600004,17.480242305000047],[100.54056758200005,17.483539397000072],[100.54481102200003,17.487275388000057],[100.54467804400008,17.489308764000043],[100.54862123300006,17.493024250000076],[100.55067439400005,17.49657241600005],[100.55493151100006,17.49999712600004],[100.55760042900005,17.497875614000066],[100.56006457600006,17.497697020000032],[100.56125289900007,17.498961678000057],[100.56792644700005,17.500296828000046],[100.57017544200005,17.501750213000037],[100.57484038200005,17.509342040000035],[100.57611332800008,17.51031775900003],[100.58193154000008,17.509566214000074],[100.58734087900007,17.51270039700006],[100.59373980100008,17.517813267000065],[100.59709697300008,17.518506670000022],[100.59951944200009,17.521756267000058],[100.60400024500007,17.525183147000064],[100.60462284300007,17.52687766500003],[100.60813011700009,17.52951245400004],[100.61167681600006,17.529710382000076],[100.61874168900005,17.531343852000077],[100.61946056000005,17.52951803600007],[100.62524494700006,17.527482968000072],[100.62825104000007,17.525562518000072],[100.63319848000003,17.527512385000023],[100.64071626000003,17.51973454000006],[100.63870682800007,17.51709707400005],[100.63949141600006,17.51384289400005],[100.64413503400004,17.510328101000027],[100.64384497600008,17.50773567300007],[100.64571571400006,17.50320587300007],[100.64508423600006,17.494401995000032],[100.65177186400007,17.494239253000046],[100.65669639800007,17.49876725000007],[100.66127474600006,17.500442375000034],[100.66610492600006,17.50127321900004],[100.66878612500005,17.500745469000037],[100.67070596500008,17.50374603000006],[100.67560895900004,17.50609973400003],[100.67940952300006,17.51087016500003],[100.68140606400004,17.511395091000054],[100.68438513300003,17.51419613300004],[100.68487143800007,17.51639245700005],[100.68840598600008,17.519887784000048],[100.68883155600008,17.52208588900004],[100.69286626700006,17.524628840000048],[100.69529908200008,17.52494193600006],[100.69958827800008,17.527916015000073],[100.71057824900004,17.532506073000036],[100.71337857900005,17.53228272700005],[100.71689431500005,17.533470676000036],[100.72025508000007,17.533193315000062],[100.72682924000009,17.535940425000035],[100.72930117400006,17.535852970000064],[100.73170439500007,17.538174990000073],[100.73557063400006,17.53863904700006],[100.74041896000006,17.54284319800007],[100.74046703100004,17.54468055600006],[100.74240818800007,17.54893945200007],[100.74203609300008,17.550974239000027],[100.74462593600003,17.55616692700005],[100.74673328400007,17.55906722800006],[100.75091499100006,17.560498771000027],[100.75152341500007,17.563109766000025],[100.75595252200009,17.56388147800004],[100.75853167800005,17.567273450000073],[100.75888296900007,17.570134608000046],[100.76272077300007,17.569795860000056],[100.76294169700009,17.572429722000038],[100.76509516400006,17.57283225300006],[100.76543532300008,17.580432854000037],[100.77216771800005,17.581740784000033],[100.77477303400008,17.585437760000048],[100.77358790300008,17.59182309700003],[100.77223795600008,17.593131154000048],[100.77248967500009,17.596044771000038],[100.77465803200005,17.597628754000027],[100.77604599600005,17.601965369000027],[100.77889210300003,17.603751877000036],[100.77973502700007,17.60562778600007],[100.78445469900004,17.606353968000064],[100.78661837000004,17.610348506000037],[100.78960937600004,17.612869346000025],[100.79142690300006,17.618904196000074],[100.79682270400008,17.62599371400006],[100.79934639400005,17.631588217000058],[100.80196849400005,17.633742217000076],[100.80224756500007,17.638770978000025],[100.80539878700006,17.638906879000047],[100.80925997900005,17.64203576600005],[100.81447128400004,17.64414314100003],[100.81834096400007,17.64381233100005],[100.82257472500004,17.645516659000066],[100.82900814200008,17.646685700000035],[100.83085767300008,17.64835017200005],[100.83660579400004,17.648289822000038],[100.84272165900006,17.653414931000043],[100.84491109400005,17.65637883000005],[100.84435177000006,17.65863555800007],[100.84646317200009,17.660204461000035],[100.84571402100005,17.66269236900007],[100.84755941900005,17.665840924000065],[100.85005205800007,17.66768824600007],[100.85148178300005,17.67252359200006],[100.85337967200007,17.673204904000045],[100.85385973200005,17.67583613900007],[100.85261150900004,17.680009545000075],[100.85540398400008,17.682085157000074],[100.85742378600008,17.686195115000032],[100.85785357800006,17.689061415000026],[100.85940097400004,17.69004450700004],[100.86144993600004,17.69366995400003],[100.86397957900004,17.695358119000048],[100.86645583200004,17.69891651000006],[100.86690479400005,17.701815493000026],[100.87108999300006,17.70670139400005],[100.86759485900006,17.70942509200006],[100.86445480900005,17.71009384300004],[100.86092132200008,17.713379504000045],[100.85672282500008,17.715669856000034],[100.85490843000008,17.715025062000052],[100.85180220200004,17.716078950000053],[100.84812589600006,17.720896242000038],[100.84504077800005,17.720897111000056],[100.84231944100009,17.72201632200006],[100.83879142800004,17.725313106000044],[100.83942472400008,17.727926197000045],[100.83872388400005,17.731645446000073],[100.83652393500006,17.73590972900007],[100.83339674500007,17.736721808000027],[100.82874840500006,17.738995540000076],[100.82439535600008,17.737845243000038],[100.82203239200004,17.73576797900006],[100.82327542800004,17.73344347400007],[100.82098997300005,17.730357843000036],[100.81715164300005,17.72888197900005],[100.81697711500004,17.727372154000022],[100.81432996000007,17.725526412000022],[100.81420391600005,17.723290939000037],[100.80784266500007,17.721998477000056],[100.80725608200004,17.71989700300003],[100.80178005800008,17.71949694600005],[100.79952138600004,17.71425045500007],[100.79589290600006,17.712502165000046],[100.78866670000008,17.703424159000065],[100.78491862200008,17.70110618700005],[100.78304367400006,17.701210425000056],[100.77995266000005,17.69937996300007],[100.77395527200008,17.697394546000055],[100.77104002600004,17.694200349000027],[100.76519600900008,17.692126038000026],[100.76212474200008,17.689344379000033],[100.75531398600003,17.685957907000045],[100.75440057500003,17.684056610000027],[100.74607965000007,17.679080932000033],[100.74051178900004,17.67814715000003],[100.73890426300005,17.678681417000064],[100.73120086800009,17.678631327000062],[100.72857961800008,17.678076849000036],[100.72334819100007,17.675630268000077],[100.72135540700003,17.67255567500007],[100.71654483100008,17.670828640000025],[100.71319701600004,17.66886990000006],[100.70912488200008,17.668013932000065],[100.70421894400005,17.662197587000037],[100.70031721600009,17.661152248000064],[100.69764599300004,17.65777090100005],[100.69522086400008,17.656112390000033],[100.68898436400008,17.65457015000004],[100.68693920700008,17.651996369000074],[100.68229578400008,17.649573950000047],[100.67621236800005,17.648524678000058],[100.67590423600006,17.646746052000026],[100.67322410100007,17.643528539000044],[100.66885365500008,17.641846147000024],[100.66696913700008,17.63956805600003]]]},"properties":{"Shape_Leng":1.07761382648,"Shape_Area":0.0309225828062,"ADM3_EN":"Nam Phai","ADM3_TH":"น้ำไผ่","ADM3_PCODE":"TH530405","ADM2_EN":"Nam Pat","ADM2_TH":"น้ำปาด","ADM2_PCODE":"TH5304","ADM1_EN":"Uttaradit","ADM1_TH":"อุตรดิตถ์","ADM1_PCODE":"TH53","ADM0_EN":"Thailand","ADM0_TH":"ประเทศไทย","ADM0_PCODE":"TH"}},
{"type":"Feature","geometry":{"type":"Polygon","coordinates":[[[100.82874840500006,17.738995540000076],[100.83339674500007,17.736721808000027],[100.83652393500006,17.73590972900007],[100.83872388400005,17.731645446000073],[100.83942472400008,17.727926197000045],[100.83879142800004,17.725313106000044],[100.84231944100009,17.72201632200006],[100.84504077800005,17.720897111000056],[100.84812589600006,17.720896242000038],[100.85180220200004,17.716078950000053],[100.85490843000008,17.715025062000052],[100.85672282500008,17.715669856000034],[100.86092132200008,17.713379504000045],[100.86445480900005,17.71009384300004],[100.86759485900006,17.70942509200006],[100.87108999300006,17.70670139400005],[100.87242131700003,17.707130850000055],[100.87461008400004,17.710783485000036],[100.87780430800007,17.711017063000043],[100.87999351100007,17.71321123900003],[100.88213647500004,17.71286255600006],[100.88776787600005,17.71426631500003],[100.88889320300007,17.71546087400003],[100.89180365600004,17.714833330000033],[100.89468890300009,17.715569121000044],[100.89706491000004,17.714214604000063],[100.90027596800007,17.714625315000035],[100.90218971600007,17.71377375900005],[100.90536906900007,17.714923070000054],[100.90694143900004,17.710433457000022],[100.90625653000006,17.70792840300004],[100.90905455300003,17.704102826000053],[100.90984104800003,17.701773170000024],[100.91389276400008,17.69907586100004],[100.91616482200004,17.698688221000054],[100.92125403800009,17.699723470000038],[100.92304854200006,17.69882873000006],[100.92387590800007,17.696512063000057],[100.92607617400006,17.695904062000068],[100.92897376200006,17.697559002000048],[100.93234614400006,17.69768995800007],[100.93629564900004,17.698837511000022],[100.93737826000006,17.700328787000046],[100.94388830500009,17.701406744000053],[100.94662719700005,17.69926240600006],[100.95192614700005,17.70007124600005],[100.95593355300008,17.699940689000073],[100.95920049400007,17.702468897000074],[100.96309280300005,17.702611485000034],[100.96569525200005,17.70182819100006],[100.96718187200008,17.70344026500004],[100.96778000000006,17.706214894000027],[100.97005050700005,17.70894909200007],[100.97202353500006,17.709307935000027],[100.97682418400007,17.715347424000072],[100.97786589000003,17.71851613000007],[100.98076787200006,17.722088339000038],[100.98105002800008,17.72529500400003],[100.98501669500007,17.730231885000023],[100.98451177900006,17.73413424200004],[100.98757779300007,17.73854770300005],[100.98709328400008,17.740098196000076],[100.98884959300005,17.743676454000024],[100.98678518100007,17.74831178900007],[100.98333078700006,17.75085322700005],[100.97817038300008,17.752916087000074],[100.97860594900004,17.757956840000077],[100.97806873700006,17.762987277000036],[100.98105321100007,17.767257381000036],[100.98289933000007,17.76803944900007],[100.99048023600005,17.767962570000066],[100.99538534600003,17.770457876000023],[100.99862520500005,17.770386674000065],[101.00301951100005,17.77638349800003],[101.00400963200008,17.780930729000033],[101.00639182800006,17.783934443000078],[101.00595303300008,17.786703411000076],[101.00300261800004,17.789900122000063],[101.00258213400008,17.795158875000027],[101.00043433300004,17.79704105600007],[100.99837374600008,17.801096572000063],[100.99269441200005,17.80425941900006],[100.99284607800007,17.805865952000033],[100.99688223900006,17.81276656400007],[100.99967235700007,17.816209481000044],[100.99857122600008,17.819756565000034],[101.00200511900005,17.824212688000046],[101.00653999100007,17.82417508800006],[101.01502528300006,17.826786730000038],[101.01756120600004,17.828741859000047],[101.02139748100006,17.828955853000025],[101.02719243200005,17.828400550000026],[101.03033841800004,17.830022691000067],[101.03254185200007,17.83415493800004],[101.03181140400005,17.836320069000067],[101.02964700900009,17.837927768000043],[101.03081306100006,17.84295138300007],[101.03005080900004,17.846752551000066],[101.03289115300004,17.85160820400006],[101.03355166300008,17.856550880000043],[101.03298696100006,17.85853546900006],[101.03486613800004,17.859736905000034],[101.03414210500006,17.86123684300003],[101.02902288900003,17.86559721200007],[101.02852591100009,17.869138101000033],[101.02567717900007,17.872510369000054],[101.02051690800005,17.875264050000055],[101.01737323200007,17.877949423000075],[101.01833904400007,17.880223742000055],[101.02090342000008,17.881928981000044],[101.02071457000005,17.883093488000043],[101.01674469800008,17.88412939600005],[101.01931836400007,17.891246245000048],[101.01633176700005,17.890840714000035],[101.01391181800005,17.892526468000028],[101.01263501500006,17.895036099000038],[101.00770196200006,17.892305304000047],[101.00426541100006,17.894005122000067],[101.00252299800007,17.892030669000064],[100.99849335500005,17.891054981000025],[100.99534568000007,17.89178385100007],[100.99240197700004,17.89444658800005],[100.98865227800007,17.89450546000006],[100.98703759400007,17.896322745000077],[100.98489372800003,17.895169018000047],[100.98254506700005,17.896090910000055],[100.97844502200007,17.89542691400004],[100.97693090600006,17.896804522000025],[100.97022097300004,17.89412053600006],[100.96843807300007,17.895284099000037],[100.96712104100004,17.894375731000025],[100.96878707900004,17.892028609000022],[100.97215484300006,17.890770712000062],[100.97200199800005,17.889164094000023],[100.96636621800008,17.888956139000072],[100.96519060800006,17.88644736300006],[100.96837952200008,17.884843916000023],[100.97206028800008,17.885591158000068],[100.97229971400009,17.88275935200005],[100.97471768000008,17.87993371700003],[100.97243602200007,17.880188219000047],[100.97493041300004,17.87769588900005],[100.97213240000008,17.87721630300007],[100.97352481000007,17.876210901000036],[100.97253227800007,17.87449108900006],[100.96572109000005,17.87447538400005],[100.96287613900006,17.876608958000077],[100.96152935700007,17.87534267600006],[100.95647669200008,17.878891321000026],[100.95384877500004,17.878130335000037],[100.95646247700006,17.876340846000062],[100.95769503600008,17.873496069000055],[100.95922722400007,17.873024133000058],[100.95864158200004,17.87085914000005],[100.95631250200006,17.87119697600002],[100.95451588700007,17.872846664000065],[100.95680397800004,17.867892852000068],[100.95236067400003,17.869513752000046],[100.95370527700004,17.866572027000075],[100.95005094600003,17.866822573000036],[100.94713490300006,17.86909301700007],[100.94749749800008,17.871008704000076],[100.94990169500005,17.871815312000024],[100.94737330400005,17.873381288000076],[100.94441285300007,17.870576976000052],[100.94328001500008,17.871958538000058],[100.94420375700008,17.873774252000032],[100.94216436100004,17.875862829000027],[100.94212231800009,17.872775782000076],[100.93994677500007,17.871691481000028],[100.93650034100006,17.875807309000038],[100.93457386800009,17.875613049000037],[100.93611613700006,17.872725848000073],[100.93534401600004,17.871456401000046],[100.93252898300005,17.872304644000053],[100.92430242000006,17.87871241700003],[100.91857562400008,17.881300422000038],[100.91496159800005,17.881971790000023],[100.91461616200007,17.880572201000064],[100.91660794800003,17.87894380800003],[100.91561695700005,17.877855796000063],[100.90994120000005,17.877278869000065],[100.90774161800005,17.87770301200004],[100.90218814100007,17.873893888000055],[100.90250870000006,17.871870279000063],[100.89959469700005,17.870675904000052],[100.89915361300007,17.868487177000077],[100.89542657800007,17.871141589000047],[100.89553492800007,17.87305974900005],[100.89117292900005,17.87544669300007],[100.88886632300006,17.874446815000056],[100.88899543600007,17.87243107200004],[100.88372906300003,17.873066189000042],[100.88171868700005,17.87003485500003],[100.88109135900004,17.866271493000056],[100.87831027700008,17.866369930000076],[100.87423469900006,17.86507952900007],[100.87254721600004,17.863157740000077],[100.87466749300006,17.860568965000027],[100.87708327200005,17.85945269000007],[100.88082625900006,17.860115634000067],[100.88615417000005,17.856841382000027],[100.88661965700004,17.853079980000075],[100.88515139300006,17.845427393000023],[100.88511127000004,17.840865437000048],[100.88433644400004,17.838414715000056],[100.88555252400005,17.835346955000034],[100.88421246000007,17.828348638000023],[100.88468077600004,17.824524879000023],[100.88313784500008,17.822104404000072],[100.87951003400008,17.81944886100007],[100.87780474800007,17.816542823000077],[100.87934196100008,17.81292411000004],[100.87794035400003,17.811032589000035],[100.87890540800004,17.810083190000057],[100.87782353400007,17.802238295000052],[100.87688034700005,17.802189621000025],[100.87514721000008,17.795264560000078],[100.87510891400007,17.78994853200004],[100.87670424900006,17.788294885000028],[100.87632406400007,17.783762830000057],[100.87474387700007,17.782692835000034],[100.87182044700006,17.784349216000066],[100.86985787900005,17.783981639000046],[100.86642877200006,17.78563293800005],[100.86124180000007,17.786010739000062],[100.85466162000006,17.78551828700006],[100.84884995100003,17.789044082000032],[100.85040722400004,17.78257847800006],[100.84738079500005,17.780225441000027],[100.84796504900004,17.776916182000036],[100.84610335600007,17.775626904000035],[100.84578349200007,17.773651333000032],[100.84679918800003,17.77007008000004],[100.84487307400008,17.765599777000034],[100.84263421800006,17.762475863000077],[100.84047955900007,17.757450405000043],[100.83643093000006,17.75495407300002],[100.83641644400006,17.753534380000076],[100.83373200700004,17.749651162000077],[100.83143556100003,17.74865737700003],[100.82774362100008,17.74281402400004],[100.82874840500006,17.738995540000076]]]},"properties":{"Shape_Leng":0.978262084227,"Shape_Area":0.0243333689867,"ADM3_EN":"Huai Mun","ADM3_TH":"ห้วยมุ่น","ADM3_PCODE":"TH530406","ADM2_EN":"Nam Pat","ADM2_TH":"น้ำปาด","ADM2_PCODE":"TH5304","ADM1_EN":"Uttaradit","ADM1_TH":"อุตรดิตถ์","ADM1_PCODE":"TH53","ADM0_EN":"Thailand","ADM0_TH":"ประเทศไทย","ADM0_PCODE":"TH"}},
{"type":"Feature","geometry":{"type":"Polygon","coordinates":[[[100.93272402800005,18.172905230000026],[100.92899821900005,18.174183010000036],[100.92481474600004,18.172787587000073],[100.92104050800003,18.172623619000035],[100.91922875200004,18.171531435000077],[100.91779752900004,18.168170170000053],[100.91740659800007,18.16326482100004],[100.91653044200007,18.160607515000038],[100.91352344000006,18.160105617000056],[100.91074243200006,18.157473941000035],[100.90842109900007,18.15741427000006],[100.90692945200004,18.155518870000037],[100.90468745200008,18.15551853200003],[100.90161991400004,18.152653496000028],[100.89529198200006,18.15089600400006],[100.89307169900007,18.149255826000058],[100.89015801000005,18.149698112000067],[100.88753414300004,18.147828704000062],[100.88416050800004,18.151228743000047],[100.88239600200006,18.150741580000044],[100.87980918300008,18.145526911000047],[100.87296437400005,18.139121948000025],[100.87156998400008,18.135382004000064],[100.87247265100007,18.130620919000023],[100.87159301800006,18.12658431600005],[100.87454173300006,18.122589645000062],[100.87479215500008,18.119803157000035],[100.87378439000008,18.11794174100004],[100.86587253800008,18.113528710000026],[100.86213062400009,18.109977547000028],[100.85924538700004,18.105613323000057],[100.85585302400006,18.102366990000064],[100.85460775000007,18.09755142800003],[100.85084738900008,18.092936744000042],[100.84909598200005,18.089102927000056],[100.84924349000005,18.08636998000003],[100.85093208900008,18.084819555000024],[100.85002196400006,18.08283773200003],[100.85308041800005,18.081045333000077],[100.85758854200009,18.080229334000023],[100.85887651400009,18.07630451800003],[100.86292692900008,18.073822833000065],[100.86170181100005,18.069561085000032],[100.86018932300004,18.067888415000027],[100.85930516400003,18.060209248000035],[100.86101940000003,18.057848012000022],[100.86255900600008,18.053064517000053],[100.86111715600003,18.045893730000046],[100.86487721000003,18.041198544000054],[100.86429107200007,18.03963893400004],[100.86478498500009,18.035040568000056],[100.86820924600005,18.031233792000023],[100.86479281500004,18.025408110000058],[100.86514420500004,18.020153820000075],[100.86948666300003,18.018147417000023],[100.86950360500003,18.01340539000006],[100.86669163400006,18.011783195000078],[100.86474410500006,18.00875170100005],[100.86596475400006,18.005845828000076],[100.86763894300003,18.00575398700005],[100.87011164600005,18.002243623000027],[100.87164371300008,17.998565558000053],[100.87673761600007,17.991925209000044],[100.88015690700007,17.989621464000038],[100.88358845600004,17.984984535000024],[100.88688266400004,17.986786762000065],[100.88816752800005,17.98521584300005],[100.89032328600007,17.986798622000038],[100.89422122100007,17.985743324000055],[100.89477562100006,17.98427358200007],[100.89695884000008,17.98802174700006],[100.90016733400006,17.988232319000076],[100.90518320800004,17.984311027000047],[100.90852969000008,17.983408540000028],[100.90999062000009,17.980555754000022],[100.91210375400004,17.980147224000063],[100.91198131900006,17.978051223000023],[100.91363553300005,17.97596106900005],[100.91655857300003,17.97452448100006],[100.91641766700008,17.97131668700007],[100.92191574900005,17.967357450000065],[100.92219911900008,17.966294762000075],[100.92648545100008,17.96570754000004],[100.92755250300007,17.96387906500007],[100.93197956600005,17.964891630000068],[100.93273497000007,17.963732351000033],[100.93530282700004,17.964031609000074],[100.93674780100008,17.961969624000062],[100.94079771400004,17.958900477000043],[100.94705848000007,17.956661998000072],[100.94853220200008,17.954669826000043],[100.95044043700005,17.955813877000026],[100.95077890000005,17.957972360000042],[100.95277105900004,17.957987633000073],[100.96175394600004,17.963340044000063],[100.96185162900008,17.96692564600005],[100.96719937500006,17.970374599000024],[100.96673325700004,17.973486862000073],[100.96820909300004,17.978948167000055],[100.96957225800008,17.980668799000057],[100.96558193900006,17.982619173000046],[100.96676933300006,17.989795568000034],[100.96731760900008,17.995895553000025],[100.97021231800005,17.998850959000038],[100.97258371000004,17.999443367000026],[100.97521140300006,18.002171969000074],[100.97766716900009,18.007561289000023],[100.97525286800004,18.011082110000075],[100.97384884700006,18.01696847000005],[100.97471825400004,18.01884246900005],[100.97443938000004,18.023428238000065],[100.97813379800004,18.025354736000054],[100.97910688500008,18.027930905000062],[100.98305843000009,18.029682337000054],[100.98796965900004,18.029558677000068],[100.99378182800007,18.028298823000057],[100.99757973300007,18.028474063000033],[101.00147391700006,18.029742257000066],[101.01015893100003,18.03853815900004],[101.01332184900008,18.040430443000048],[101.01525893200005,18.046557450000023],[101.02022189100006,18.050467867000066],[101.02558432600006,18.054391313000053],[101.02639354700005,18.055894158000058],[101.02753174600008,18.06261779400006],[101.02739072300005,18.06714041500004],[101.02821357700009,18.068792598000073],[101.03407978000007,18.072790663000035],[101.03607298700007,18.075537678000046],[101.03620846400008,18.07891939600006],[101.03391923500004,18.08198599700006],[101.03180853000003,18.08499394000006],[101.02442212100004,18.09091515500006],[101.02099702400005,18.09511578000007],[101.01847408300006,18.09650795600004],[101.01526067500004,18.100046518000056],[101.01483335100005,18.10430947800006],[101.01557068300008,18.106340918000058],[101.02067935000008,18.109297119000075],[101.02083111100006,18.11128724300005],[101.01882504100007,18.113660399000025],[101.01386367200007,18.11694650100003],[101.01006663100009,18.121758372000045],[101.00803733200007,18.122640041000068],[101.00639874500007,18.12521638100003],[101.00316600100007,18.12701276400003],[101.00347823600003,18.129010685000026],[101.00130824600006,18.132409852000023],[100.99620055700007,18.132809058000078],[100.99369715300008,18.13490511200007],[100.99073250500004,18.135811815000068],[100.98965744500003,18.137468497000043],[100.98380863700004,18.139064225000027],[100.98103106300005,18.13791516200007],[100.97624544800004,18.13832203800007],[100.97315131600004,18.142296849000047],[100.97259242200005,18.146158403000072],[100.96592082200004,18.149288692000027],[100.96239507300004,18.150418306000063],[100.96055534400006,18.152553758000067],[100.95781195600006,18.15366344100005],[100.95209533400003,18.15409667800003],[100.94907327200008,18.155938325000022],[100.94653434700007,18.15511500300005],[100.94564531400005,18.156939976000046],[100.94358632000007,18.15699109800005],[100.94158029600004,18.164837242000033],[100.93551047000005,18.168999187000054],[100.93272402800005,18.172905230000026]]]},"properties":{"Shape_Leng":0.745144098124,"Shape_Area":0.024520740906,"ADM3_EN":"Fak Tha","ADM3_TH":"ฟากท่า","ADM3_PCODE":"TH530501","ADM2_EN":"Fak Tha","ADM2_TH":"ฟากท่า","ADM2_PCODE":"TH5305","ADM1_EN":"Uttaradit","ADM1_TH":"อุตรดิตถ์","ADM1_PCODE":"TH53","ADM0_EN":"Thailand","ADM0_TH":"ประเทศไทย","ADM0_PCODE":"TH"}},
{"type":"Feature","geometry":{"type":"Polygon","coordinates":[[[100.77142930000008,18.00800073000005],[100.77573381300004,18.00455869500007],[100.78052584900007,18.002967520000027],[100.78227907100006,18.001575371000058],[100.78744199200008,17.99491467200005],[100.79248622700004,17.992122878000032],[100.79252371600006,17.990876583000045],[100.79610899300008,17.988858089000075],[100.79920634800004,17.989527637000037],[100.80224785000007,17.98610383700003],[100.80673221300003,17.984583394000026],[100.80863026400004,17.980559836000054],[100.81343062900004,17.978013994000037],[100.81708736700006,17.973707981000075],[100.82068256600007,17.966224027000067],[100.82067634700007,17.96442483100003],[100.82589114500007,17.959871846000055],[100.82814091700004,17.957178807000048],[100.83214548900008,17.954125259000023],[100.83929332500009,17.950348181000038],[100.84084687600006,17.943440245000033],[100.84150266700004,17.942674612000076],[100.84897390400005,17.942187411000077],[100.85169801200004,17.94297929800007],[100.85586272000006,17.947397292000062],[100.86194871200007,17.941576060000045],[100.86441656200009,17.941479553000022],[100.87176300900006,17.93857931900004],[100.87822129500006,17.93753070300005],[100.88123025900006,17.93447240100005],[100.88777019100007,17.932197891000044],[100.89021089200008,17.929380244000072],[100.89323650600005,17.927685944000075],[100.89492464500006,17.92864047300003],[100.89657701700008,17.926933225000028],[100.89742492500005,17.924037757000065],[100.90000631800007,17.925335656000073],[100.90383935600005,17.924693558000058],[100.90711911700004,17.926966340000035],[100.91019026300006,17.926550641000063],[100.91495382500005,17.930643065000027],[100.92118508100003,17.929357047000053],[100.92354001400008,17.92958347700005],[100.93134376400008,17.927499547000025],[100.93484470500005,17.92861980300006],[100.93531883400004,17.930615974000034],[100.93402219600006,17.931990152000026],[100.93659577000005,17.934585593000065],[100.93828103700008,17.939050278000025],[100.94059070300005,17.941079693000063],[100.94240397900006,17.94113210000006],[100.94351684300005,17.94317343800003],[100.94668889700006,17.945511533000058],[100.94702706600003,17.95133969500006],[100.94853220200008,17.954669826000043],[100.94705848000007,17.956661998000072],[100.94079771400004,17.958900477000043],[100.93674780100008,17.961969624000062],[100.93530282700004,17.964031609000074],[100.93273497000007,17.963732351000033],[100.93197956600005,17.964891630000068],[100.92755250300007,17.96387906500007],[100.92648545100008,17.96570754000004],[100.92219911900008,17.966294762000075],[100.92191574900005,17.967357450000065],[100.91641766700008,17.97131668700007],[100.91655857300003,17.97452448100006],[100.91363553300005,17.97596106900005],[100.91198131900006,17.978051223000023],[100.91210375400004,17.980147224000063],[100.90999062000009,17.980555754000022],[100.90852969000008,17.983408540000028],[100.90518320800004,17.984311027000047],[100.90016733400006,17.988232319000076],[100.89695884000008,17.98802174700006],[100.89477562100006,17.98427358200007],[100.89422122100007,17.985743324000055],[100.89032328600007,17.986798622000038],[100.88816752800005,17.98521584300005],[100.88688266400004,17.986786762000065],[100.88358845600004,17.984984535000024],[100.88015690700007,17.989621464000038],[100.87673761600007,17.991925209000044],[100.87164371300008,17.998565558000053],[100.87011164600005,18.002243623000027],[100.86763894300003,18.00575398700005],[100.86596475400006,18.005845828000076],[100.86474410500006,18.00875170100005],[100.86669163400006,18.011783195000078],[100.86950360500003,18.01340539000006],[100.86948666300003,18.018147417000023],[100.86514420500004,18.020153820000075],[100.86479281500004,18.025408110000058],[100.86820924600005,18.031233792000023],[100.86478498500009,18.035040568000056],[100.86429107200007,18.03963893400004],[100.86487721000003,18.041198544000054],[100.86111715600003,18.045893730000046],[100.86255900600008,18.053064517000053],[100.86101940000003,18.057848012000022],[100.85930516400003,18.060209248000035],[100.86018932300004,18.067888415000027],[100.86170181100005,18.069561085000032],[100.86292692900008,18.073822833000065],[100.85887651400009,18.07630451800003],[100.85758854200009,18.080229334000023],[100.85308041800005,18.081045333000077],[100.85002196400006,18.08283773200003],[100.84940243300008,18.081888391000064],[100.84325287600007,18.07948106200007],[100.83553422300008,18.081330344000037],[100.83304165700008,18.08006720900005],[100.83109846200006,18.081917562000058],[100.82458308000008,18.08026538100006],[100.81975867700004,18.08312134600004],[100.81805804900006,18.082799495000074],[100.81564740500005,18.079782108000074],[100.81174473200008,18.07850385300003],[100.80873127700005,18.076273126000046],[100.80892285700008,18.07432701700003],[100.80753827600006,18.069355576000078],[100.80713043900005,18.06452108600007],[100.80340716300009,18.057756400000073],[100.80069017600005,18.054016728000022],[100.79750366600007,18.053197863000037],[100.79612751200006,18.05015930600007],[100.79185583900005,18.048912104000067],[100.79063686000006,18.04629912000007],[100.78553940800003,18.04354216300004],[100.78079364200005,18.037775390000036],[100.78019180800004,18.03575791700007],[100.77785205600009,18.034402670000077],[100.77439900700006,18.029251857000077],[100.77700148900004,18.02649811200007],[100.77697003700007,18.023982185000023],[100.78011364300005,18.01742054500005],[100.77715937200009,18.016001956000025],[100.77639862500007,18.012206005000053],[100.77142930000008,18.00800073000005]]]},"properties":{"Shape_Leng":0.62884918179,"Shape_Area":0.012650627563,"ADM3_EN":"Song Khon","ADM3_TH":"สองคอน","ADM3_PCODE":"TH530502","ADM2_EN":"Fak Tha","ADM2_TH":"ฟากท่า","ADM2_PCODE":"TH5305","ADM1_EN":"Uttaradit","ADM1_TH":"อุตรดิตถ์","ADM1_PCODE":"TH53","ADM0_EN":"Thailand","ADM0_TH":"ประเทศไทย","ADM0_PCODE":"TH"}},
{"type":"Feature","geometry":{"type":"Polygon","coordinates":[[[100.76166419800006,17.993844440000032],[100.76473200000004,17.98981124900007],[100.76856941400007,17.988170593000063],[100.77154142400008,17.98396272800005],[100.77419149900004,17.983978528000023],[100.77739906800008,17.98147580600005],[100.78082926800005,17.975482960000022],[100.78444700500006,17.97178111200003],[100.78440681800004,17.970528960000024],[100.79196379500007,17.967494482000063],[100.79479798100004,17.96434491900004],[100.79232081700007,17.959637848000057],[100.79369827700003,17.956602170000053],[100.79241481300005,17.95417241000007],[100.79224728500009,17.949602527000025],[100.79585937600007,17.948057678000055],[100.79762402500006,17.945102959000053],[100.79714602400009,17.94091513500007],[100.79602348900005,17.938374680000038],[100.79917185500005,17.933036009000034],[100.80363271900006,17.929789881000033],[100.80546494200007,17.925360004000026],[100.80861648400008,17.923102263000033],[100.81624288400008,17.920256624000046],[100.81650106400008,17.917602979000037],[100.81347410700005,17.91309506500005],[100.81423921100009,17.910524775000056],[100.81762535300004,17.90785074300004],[100.81871191000005,17.905233398000064],[100.81989794800006,17.898375178000038],[100.82597813400008,17.895483032000072],[100.83043095300008,17.890993689000027],[100.83432861700004,17.884749171000067],[100.83500256400004,17.880669171000022],[100.84102925700006,17.878984417000026],[100.84519485700008,17.880627427000036],[100.85092413600006,17.880869063000034],[100.85302826100008,17.882173183000077],[100.85558255800004,17.881684454000037],[100.85888901900006,17.883417120000047],[100.86116993200005,17.882162747000052],[100.86605041700005,17.88330191600005],[100.86735434500008,17.880806713000027],[100.86735440800004,17.878324768000027],[100.87093420900004,17.876444465000077],[100.87342612900005,17.876712604000033],[100.87622053500007,17.87441331800005],[100.87801368000004,17.87030689000005],[100.88030514500008,17.868345374000057],[100.88109135900004,17.866271493000056],[100.88171868700005,17.87003485500003],[100.88372906300003,17.873066189000042],[100.88899543600007,17.87243107200004],[100.88886632300006,17.874446815000056],[100.89117292900005,17.87544669300007],[100.89553492800007,17.87305974900005],[100.89542657800007,17.871141589000047],[100.89915361300007,17.868487177000077],[100.89959469700005,17.870675904000052],[100.90250870000006,17.871870279000063],[100.90218814100007,17.873893888000055],[100.90774161800005,17.87770301200004],[100.90994120000005,17.877278869000065],[100.91561695700005,17.877855796000063],[100.91660794800003,17.87894380800003],[100.91461616200007,17.880572201000064],[100.91496159800005,17.881971790000023],[100.91212112800008,17.882761739000046],[100.91080599300005,17.885358045000032],[100.90954707500003,17.885188398000025],[100.90716524600003,17.89111668000004],[100.90756140200006,17.89526036700005],[100.90883627100004,17.89670058300004],[100.91336746200005,17.897539116000075],[100.91750795700005,17.901699824000048],[100.92518893200008,17.906447331000038],[100.92705565400007,17.909100039000066],[100.92759792300006,17.912778630000048],[100.93194994700008,17.918699717000038],[100.93205144300003,17.922267141000077],[100.93365041200008,17.92459327000006],[100.93484470500005,17.92861980300006],[100.93134376400008,17.927499547000025],[100.92354001400008,17.92958347700005],[100.92118508100003,17.929357047000053],[100.91495382500005,17.930643065000027],[100.91019026300006,17.926550641000063],[100.90711911700004,17.926966340000035],[100.90383935600005,17.924693558000058],[100.90000631800007,17.925335656000073],[100.89742492500005,17.924037757000065],[100.89657701700008,17.926933225000028],[100.89492464500006,17.92864047300003],[100.89323650600005,17.927685944000075],[100.89021089200008,17.929380244000072],[100.88777019100007,17.932197891000044],[100.88123025900006,17.93447240100005],[100.87822129500006,17.93753070300005],[100.87176300900006,17.93857931900004],[100.86441656200009,17.941479553000022],[100.86194871200007,17.941576060000045],[100.85586272000006,17.947397292000062],[100.85169801200004,17.94297929800007],[100.84897390400005,17.942187411000077],[100.84150266700004,17.942674612000076],[100.84084687600006,17.943440245000033],[100.83929332500009,17.950348181000038],[100.83214548900008,17.954125259000023],[100.82814091700004,17.957178807000048],[100.82589114500007,17.959871846000055],[100.82067634700007,17.96442483100003],[100.82068256600007,17.966224027000067],[100.81708736700006,17.973707981000075],[100.81343062900004,17.978013994000037],[100.80863026400004,17.980559836000054],[100.80673221300003,17.984583394000026],[100.80224785000007,17.98610383700003],[100.79920634800004,17.989527637000037],[100.79610899300008,17.988858089000075],[100.79252371600006,17.990876583000045],[100.79248622700004,17.992122878000032],[100.78744199200008,17.99491467200005],[100.78227907100006,18.001575371000058],[100.78052584900007,18.002967520000027],[100.77573381300004,18.00455869500007],[100.77142930000008,18.00800073000005],[100.76890874200006,18.000645749000057],[100.76166419800006,17.993844440000032]]]},"properties":{"Shape_Leng":0.586305571666,"Shape_Area":0.00818512814329,"ADM3_EN":"Ban Siao","ADM3_TH":"บ้านเสี้ยว","ADM3_PCODE":"TH530503","ADM2_EN":"Fak Tha","ADM2_TH":"ฟากท่า","ADM2_PCODE":"TH5305","ADM1_EN":"Uttaradit","ADM1_TH":"อุตรดิตถ์","ADM1_PCODE":"TH53","ADM0_EN":"Thailand","ADM0_TH":"ประเทศไทย","ADM0_PCODE":"TH"}},
{"type":"Feature","geometry":{"type":"Polygon","coordinates":[[[100.71768412500006,17.908620873000075],[100.72378622700006,17.90814827400004],[100.72697106600003,17.908772929000065],[100.72826421800005,17.904374652000058],[100.73392933300005,17.90214975300006],[100.73482314200004,17.898434878000046],[100.73740058400006,17.896890276000022],[100.74106996100005,17.89231964000004],[100.74342974200005,17.88812219500005],[100.74191631400004,17.885491800000068],[100.74950035300009,17.879760969000074],[100.74975293600005,17.87563093800003],[100.75179924000008,17.87341107900005],[100.75887125200006,17.86941388100007],[100.76372066700009,17.86546250400005],[100.76758567500008,17.86472376000006],[100.77026461200006,17.860419566000076],[100.77871309000005,17.86076679200005],[100.78091500600004,17.85961216000004],[100.78325153500003,17.85565968700007],[100.78572748600004,17.856350703000032],[100.79088700600005,17.864193083000032],[100.79419044200006,17.865217589000054],[100.79470893800004,17.86060047500007],[100.79750060800006,17.859744042000045],[100.79986014500008,17.86511769400005],[100.80224878500007,17.864978164000036],[100.80328845500009,17.86208576000007],[100.80690596000005,17.85884560900007],[100.80846780900004,17.859464976000027],[100.81048101100004,17.86365756600003],[100.81330922500007,17.863371409000024],[100.81488756500005,17.866380529000025],[100.81795936600008,17.86516705300005],[100.81841524900005,17.863634389000026],[100.82238486500006,17.866125596000074],[100.82449878600005,17.863454227000034],[100.82881964900008,17.86520203300006],[100.83175965600009,17.865280143000064],[100.83508654200006,17.862130110000066],[100.83509373300006,17.86451129200003],[100.84055325400004,17.866494214000056],[100.84297793100006,17.86493795100006],[100.84558575900007,17.865254641000035],[100.84842500800005,17.86904597700004],[100.84679333200006,17.87086957100007],[100.84921032100004,17.87211039500005],[100.85173441500007,17.871321911000052],[100.85611580600005,17.872669490000078],[100.85742253800004,17.87198951700003],[100.85937183000004,17.86807132200005],[100.86481632400006,17.869976318000056],[100.86820148900006,17.86736724000002],[100.86802595600005,17.864874841000074],[100.87061534900005,17.863977359000046],[100.86912184400006,17.86163249200007],[100.87046632600004,17.860174356000073],[100.87466749300006,17.860568965000027],[100.87254721600004,17.863157740000077],[100.87423469900006,17.86507952900007],[100.87831027700008,17.866369930000076],[100.88109135900004,17.866271493000056],[100.88030514500008,17.868345374000057],[100.87801368000004,17.87030689000005],[100.87622053500007,17.87441331800005],[100.87342612900005,17.876712604000033],[100.87093420900004,17.876444465000077],[100.86735440800004,17.878324768000027],[100.86735434500008,17.880806713000027],[100.86605041700005,17.88330191600005],[100.86116993200005,17.882162747000052],[100.85888901900006,17.883417120000047],[100.85558255800004,17.881684454000037],[100.85302826100008,17.882173183000077],[100.85092413600006,17.880869063000034],[100.84519485700008,17.880627427000036],[100.84102925700006,17.878984417000026],[100.83500256400004,17.880669171000022],[100.83432861700004,17.884749171000067],[100.83043095300008,17.890993689000027],[100.82597813400008,17.895483032000072],[100.81989794800006,17.898375178000038],[100.81871191000005,17.905233398000064],[100.81762535300004,17.90785074300004],[100.81423921100009,17.910524775000056],[100.81347410700005,17.91309506500005],[100.81650106400008,17.917602979000037],[100.81624288400008,17.920256624000046],[100.80861648400008,17.923102263000033],[100.80546494200007,17.925360004000026],[100.80363271900006,17.929789881000033],[100.79917185500005,17.933036009000034],[100.79602348900005,17.938374680000038],[100.79714602400009,17.94091513500007],[100.79762402500006,17.945102959000053],[100.79585937600007,17.948057678000055],[100.79224728500009,17.949602527000025],[100.79241481300005,17.95417241000007],[100.79369827700003,17.956602170000053],[100.79232081700007,17.959637848000057],[100.79479798100004,17.96434491900004],[100.79196379500007,17.967494482000063],[100.78440681800004,17.970528960000024],[100.78444700500006,17.97178111200003],[100.78082926800005,17.975482960000022],[100.77739906800008,17.98147580600005],[100.77419149900004,17.983978528000023],[100.77154142400008,17.98396272800005],[100.76856941400007,17.988170593000063],[100.76473200000004,17.98981124900007],[100.76166419800006,17.993844440000032],[100.75565033500004,17.98854814300006],[100.75324530200004,17.98447621300005],[100.74959005600005,17.981837717000076],[100.74672579100007,17.978634143000022],[100.74625205800004,17.97479534400003],[100.74731480700007,17.969317008000075],[100.74523384800005,17.96609218900005],[100.74002516200005,17.96070789600003],[100.73278991400008,17.95625928900006],[100.73233169500008,17.953044955000053],[100.73295385500006,17.950166704000026],[100.73071684300004,17.945025850000036],[100.72729339200004,17.942805935000024],[100.72483517400008,17.939207029000045],[100.72181471800008,17.937216011000032],[100.72144578300004,17.933902142000022],[100.71956445800004,17.932214024000075],[100.72052730900003,17.929645825000023],[100.71945718700005,17.91892376100003],[100.71714576900007,17.91346777700005],[100.71768412500006,17.908620873000075]]]},"properties":{"Shape_Leng":0.588092375764,"Shape_Area":0.00950206688151,"ADM3_EN":"Song Hong","ADM3_TH":"สองห้อง","ADM3_PCODE":"TH530504","ADM2_EN":"Fak Tha","ADM2_TH":"ฟากท่า","ADM2_PCODE":"TH5305","ADM1_EN":"Uttaradit","ADM1_TH":"อุตรดิตถ์","ADM1_PCODE":"TH53","ADM0_EN":"Thailand","ADM0_TH":"ประเทศไทย","ADM0_PCODE":"TH"}},
{"type":"Feature","geometry":{"type":"Polygon","coordinates":[[[101.03391923500004,18.08198599700006],[101.03998032700008,18.079708750000066],[101.04817571200005,18.075613756000052],[101.06188866600007,18.071665461000066],[101.06515072500008,18.070139229000063],[101.06924027100007,18.06920930600006],[101.07278644700006,18.06584008300007],[101.07737872600006,18.065458927000066],[101.08385565100008,18.06641978400006],[101.08709118200005,18.065001206000034],[101.09617020100006,18.06589524800006],[101.09858210700008,18.06485757300004],[101.10314042900006,18.06562860400004],[101.10664071400004,18.065514106000023],[101.10777154700008,18.064137234000043],[101.10932671000006,18.05819457000007],[101.11554327800008,18.05197561600005],[101.11777654200006,18.04447011800005],[101.11984541100009,18.04249660200003],[101.12370692500008,18.040755193000052],[101.14035625000008,18.03841506400005],[101.14311790500005,18.038927168000043],[101.15106437800006,18.03653528500007],[101.15231166400008,18.03759880700005],[101.15661073600006,18.036456706000024],[101.15927539400008,18.02952883200004],[101.16100150900007,18.030040323000037],[101.16789760800003,18.03819003700005],[101.16905805700009,18.04120239200006],[101.17261298300008,18.046045512000035],[101.17758392600007,18.049837598000067],[101.17847519500003,18.05124734800006],[101.17589693300005,18.052523696000037],[101.18448572100004,18.066173492000075],[101.18136226200005,18.070494706000034],[101.17543808400006,18.072186302000034],[101.17304332900005,18.079383878000044],[101.17278066800009,18.086836704000063],[101.17530650100008,18.088089530000047],[101.16700417600003,18.09933453900004],[101.16531319100005,18.10526473500005],[101.16656390400004,18.113087738000047],[101.16299608300005,18.117300441000054],[101.16332644600004,18.12091454800003],[101.16117242400009,18.123490450000077],[101.16258351800008,18.127156785000068],[101.16871380800006,18.13896777800005],[101.17114408000003,18.149277769000037],[101.17166915100006,18.153862091000065],[101.17505009000007,18.163141189000044],[101.17318894700009,18.16396056800005],[101.17766222400007,18.170651530000043],[101.17875544900005,18.173361920000048],[101.17676109800004,18.176245649000066],[101.17944085600004,18.183492435000062],[101.18385252700006,18.189749173000052],[101.18394433500004,18.195446273000073],[101.18461678900007,18.197600373000057],[101.18889709800004,18.206211515000064],[101.19282738000004,18.212726798000062],[101.19212809600003,18.21411813000003],[101.18841745800006,18.216955535000068],[101.18622545000005,18.220856789000038],[101.18337667400004,18.223361625000052],[101.17931378600008,18.224547647000065],[101.17790404900006,18.223967171000027],[101.17547757300008,18.219537982000077],[101.17347448700008,18.21737016000003],[101.16835722600007,18.216690432000064],[101.16502528600006,18.21799421000003],[101.16417775900004,18.222703969000065],[101.16601170500007,18.224686032000022],[101.16669429100006,18.23040055900003],[101.16217930600004,18.23479301900005],[101.16247101100004,18.237327416000028],[101.16069772200007,18.23976403000006],[101.15494609500007,18.231607895000025],[101.15181136700005,18.23061833500003],[101.14704230900008,18.227330508000023],[101.14413605900006,18.224217142000043],[101.14415072600008,18.22215783400003],[101.14765001600006,18.22076020000003],[101.14798272500008,18.21890826400005],[101.14508931800003,18.215833271000065],[101.14455711100004,18.213979246000065],[101.14173986900005,18.211811124000064],[101.13898597500008,18.212183210000035],[101.13803526300006,18.209925209000062],[101.13569442000005,18.208570171000076],[101.13579179100009,18.20664182300004],[101.13293557800006,18.20533240800006],[101.13458715400009,18.20409111600003],[101.13252809700003,18.20365984600005],[101.12745414000005,18.197231052000063],[101.12911975300005,18.190760805000025],[101.13129708400004,18.186315233000073],[101.13274261700008,18.185055412000054],[101.12891193200005,18.181950182000037],[101.12995705300006,18.180150991000062],[101.12610145500008,18.178228772000068],[101.12448443800008,18.172704124000063],[101.12280316000005,18.171529458000066],[101.11996278200007,18.171958578000044],[101.11986948000003,18.16828249300005],[101.11697993800004,18.167698487000052],[101.11274317700008,18.162631092000026],[101.10975284100005,18.161194970000054],[101.10736267300007,18.162191017000055],[101.10594164100007,18.16019410100006],[101.10357601100009,18.161585049000053],[101.10525692400006,18.159009103000074],[101.10385250100006,18.155188731000067],[101.10566333700007,18.15384562500003],[101.10468218800008,18.152372916000047],[101.10128055000007,18.154253999000048],[101.09223318300008,18.157293501000026],[101.08644301400005,18.16227064700007],[101.08334923600006,18.16337474000005],[101.07967081900006,18.162643630000048],[101.07697239000004,18.163280916000076],[101.07634952200004,18.16565488300006],[101.07415850500007,18.165609408000023],[101.07153654700005,18.16873913200004],[101.06667154500008,18.16468040600006],[101.06370193900005,18.157870783000078],[101.06156175500007,18.156902884000033],[101.06204432200008,18.15881110600003],[101.06052916100003,18.16005485000005],[101.06040648500004,18.162826094000025],[101.05817957000005,18.16406107000006],[101.05733230900006,18.161956303000068],[101.05441995700005,18.161890862000064],[101.05194523800009,18.16858317300006],[101.04928504900005,18.166479288000062],[101.04759851300008,18.16796675200004],[101.04712216800004,18.165432860000067],[101.04547988700006,18.16461437600003],[101.04650183800004,18.162006999000027],[101.04447715500004,18.161902717000032],[101.04333900300009,18.163535272000047],[101.03770774400004,18.16757005200003],[101.03422625100006,18.168351053000038],[101.02961115900007,18.167058908000058],[101.02722505700007,18.167413719000024],[101.02473160200009,18.16593424100006],[101.02181740200007,18.16602486100004],[101.01975550200007,18.167994300000032],[101.01576722100003,18.167836023000064],[101.01232818700004,18.166241281000055],[101.00815714600009,18.165967297000066],[101.00578837700004,18.16380183900003],[101.00172418000005,18.166612776000022],[101.00102631700008,18.168329846000063],[100.99914825800005,18.16738106200006],[100.99443553200007,18.169556599000032],[100.99047807600004,18.168163039000035],[100.98673970100003,18.168616299000064],[100.98350138200004,18.169906129000026],[100.97797990500004,18.17620095500007],[100.96889231700004,18.17924053300004],[100.95937233900008,18.180865450000056],[100.95377461300006,18.181014625000046],[100.94955436500004,18.178440342000044],[100.94653924500005,18.179174282000076],[100.94327001600004,18.178103277000048],[100.94039452900006,18.178374573000042],[100.93764860800007,18.179824498000073],[100.93601652400008,18.179428821000045],[100.93601856100008,18.175675415000057],[100.93296316200008,18.174528206000048],[100.93272402800005,18.172905230000026],[100.93551047000005,18.168999187000054],[100.94158029600004,18.164837242000033],[100.94358632000007,18.15699109800005],[100.94564531400005,18.156939976000046],[100.94653434700007,18.15511500300005],[100.94907327200008,18.155938325000022],[100.95209533400003,18.15409667800003],[100.95781195600006,18.15366344100005],[100.96055534400006,18.152553758000067],[100.96239507300004,18.150418306000063],[100.96592082200004,18.149288692000027],[100.97259242200005,18.146158403000072],[100.97315131600004,18.142296849000047],[100.97624544800004,18.13832203800007],[100.98103106300005,18.13791516200007],[100.98380863700004,18.139064225000027],[100.98965744500003,18.137468497000043],[100.99073250500004,18.135811815000068],[100.99369715300008,18.13490511200007],[100.99620055700007,18.132809058000078],[101.00130824600006,18.132409852000023],[101.00347823600003,18.129010685000026],[101.00316600100007,18.12701276400003],[101.00639874500007,18.12521638100003],[101.00803733200007,18.122640041000068],[101.01006663100009,18.121758372000045],[101.01386367200007,18.11694650100003],[101.01882504100007,18.113660399000025],[101.02083111100006,18.11128724300005],[101.02067935000008,18.109297119000075],[101.01557068300008,18.106340918000058],[101.01483335100005,18.10430947800006],[101.01526067500004,18.100046518000056],[101.01847408300006,18.09650795600004],[101.02099702400005,18.09511578000007],[101.02442212100004,18.09091515500006],[101.03180853000003,18.08499394000006],[101.03391923500004,18.08198599700006]]]},"properties":{"Shape_Leng":1.01066775427,"Shape_Area":0.0217141125527,"ADM3_EN":"Muang Chet Ton","ADM3_TH":"ม่วงเจ็ดต้น","ADM3_PCODE":"TH530601","ADM2_EN":"Ban Khok","ADM2_TH":"บ้านโคก","ADM2_PCODE":"TH5306","ADM1_EN":"Uttaradit","ADM1_TH":"อุตรดิตถ์","ADM1_PCODE":"TH53","ADM0_EN":"Thailand","ADM0_TH":"ประเทศไทย","ADM0_PCODE":"TH"}},
{"type":"Feature","geometry":{"type":"Polygon","coordinates":[[[101.02022189100006,18.050467867000066],[101.02388627300007,18.047128688000043],[101.02545608200006,18.04276037300002],[101.02783944700008,18.03976887700003],[101.03174854300005,18.038690877000022],[101.03228343500007,18.036842798000066],[101.03484778100005,18.035998262000078],[101.04176110500003,18.02884773900007],[101.04414414000007,18.027629011000045],[101.04198440200008,18.024545284000055],[101.04480816300008,18.019680981000022],[101.04269684700006,18.016644390000067],[101.04387213800004,18.015114337000057],[101.04338354600009,18.012992137000026],[101.04739339600007,18.010259248000068],[101.05233672900005,18.000633367000034],[101.05170375700004,17.995848617000036],[101.05357415700007,17.993532983000023],[101.05633023000007,17.988285026000028],[101.05763561500004,17.98301819900007],[101.05912890800005,17.980422481000062],[101.05983989200007,17.976948210000046],[101.06155039200007,17.974617215000023],[101.06014136800007,17.970280381000066],[101.06216265500007,17.969149128000026],[101.06133060300004,17.965818915000057],[101.06243792400005,17.962439241000027],[101.06074077600005,17.95912033600007],[101.06000877400004,17.955777726000065],[101.06056161100008,17.952253364000057],[101.05833566400008,17.94833232600007],[101.05520751800003,17.94790655500003],[101.05184848200008,17.944832440000027],[101.05390081800005,17.942002074000072],[101.05595707800006,17.942399815000044],[101.05650471500007,17.94019512400007],[101.05876412700007,17.939004900000043],[101.06147974500004,17.933545716000026],[101.06254599500005,17.927477081000063],[101.06602960200007,17.92265508500003],[101.06869131100007,17.922228688000075],[101.07205978900004,17.92007316200005],[101.07545577600007,17.920928685000035],[101.07790962200005,17.923407841000028],[101.08705604500005,17.924051647000056],[101.08940156800008,17.925472867000053],[101.09219702000007,17.930010048000042],[101.09567260300008,17.931313835000026],[101.09476819900004,17.935219004000032],[101.09612124900008,17.93733872400003],[101.09981503400007,17.939824715000043],[101.10345101200005,17.946008885000026],[101.10473856300007,17.947029972000053],[101.11657493800004,17.950245263000056],[101.11793585000004,17.951597195000033],[101.11780067700005,17.955380517000037],[101.11644019600004,17.958726032000072],[101.11723213800008,17.963520999000025],[101.11497929400008,17.970881775000066],[101.11764978900004,17.969945573000075],[101.11877750000008,17.971493759000055],[101.11790664800009,17.976602782000043],[101.11860553200006,17.984061808000035],[101.11982252000007,17.989572768000073],[101.11997548900007,17.993458428000054],[101.12246214900006,18.000411635000034],[101.12773338100004,18.003484574000026],[101.13092638000006,18.008110764000037],[101.13342609400007,18.014783863000048],[101.13861183700004,18.019421562000048],[101.13963080700006,18.02110877900003],[101.14036580500004,18.02569186000005],[101.14162476300004,18.027721412000062],[101.14424031400006,18.02838243700006],[101.14811944500008,18.031444419000024],[101.15106437800006,18.03653528500007],[101.14311790500005,18.038927168000043],[101.14035625000008,18.03841506400005],[101.12370692500008,18.040755193000052],[101.11984541100009,18.04249660200003],[101.11777654200006,18.04447011800005],[101.11554327800008,18.05197561600005],[101.10932671000006,18.05819457000007],[101.10777154700008,18.064137234000043],[101.10664071400004,18.065514106000023],[101.10314042900006,18.06562860400004],[101.09858210700008,18.06485757300004],[101.09617020100006,18.06589524800006],[101.08709118200005,18.065001206000034],[101.08385565100008,18.06641978400006],[101.07737872600006,18.065458927000066],[101.07278644700006,18.06584008300007],[101.06924027100007,18.06920930600006],[101.06515072500008,18.070139229000063],[101.06188866600007,18.071665461000066],[101.04817571200005,18.075613756000052],[101.03998032700008,18.079708750000066],[101.03391923500004,18.08198599700006],[101.03620846400008,18.07891939600006],[101.03607298700007,18.075537678000046],[101.03407978000007,18.072790663000035],[101.02821357700009,18.068792598000073],[101.02739072300005,18.06714041500004],[101.02753174600008,18.06261779400006],[101.02639354700005,18.055894158000058],[101.02558432600006,18.054391313000053],[101.02022189100006,18.050467867000066]]]},"properties":{"Shape_Leng":0.529387698575,"Shape_Area":0.0104409804014,"ADM3_EN":"Ban Khok","ADM3_TH":"บ้านโคก","ADM3_PCODE":"TH530602","ADM2_EN":"Ban Khok","ADM2_TH":"บ้านโคก","ADM2_PCODE":"TH5306","ADM1_EN":"Uttaradit","ADM1_TH":"อุตรดิตถ์","ADM1_PCODE":"TH53","ADM0_EN":"Thailand","ADM0_TH":"ประเทศไทย","ADM0_PCODE":"TH"}},
{"type":"Feature","geometry":{"type":"Polygon","coordinates":[[[101.01931836400007,17.891246245000048],[101.02104167400006,17.89302813300003],[101.02679865700009,17.896724836000033],[101.02819098300006,17.900662410000052],[101.03041044200006,17.900295019000055],[101.03278792700007,17.903261143000066],[101.03872834800006,17.906865122000056],[101.04336382700006,17.90882648400003],[101.04702937000008,17.912581444000068],[101.05026648400008,17.913294316000076],[101.05201351700003,17.91265774200002],[101.05594606000005,17.913490955000043],[101.06028349900004,17.91351503900006],[101.06516428600008,17.915801031000058],[101.06614679300009,17.91382309200003],[101.07041438600004,17.91335306700006],[101.07095160500006,17.918867670000054],[101.07205978900004,17.92007316200005],[101.06869131100007,17.922228688000075],[101.06602960200007,17.92265508500003],[101.06254599500005,17.927477081000063],[101.06147974500004,17.933545716000026],[101.05876412700007,17.939004900000043],[101.05650471500007,17.94019512400007],[101.05595707800006,17.942399815000044],[101.05390081800005,17.942002074000072],[101.05184848200008,17.944832440000027],[101.05520751800003,17.94790655500003],[101.05833566400008,17.94833232600007],[101.06056161100008,17.952253364000057],[101.06000877400004,17.955777726000065],[101.06074077600005,17.95912033600007],[101.06243792400005,17.962439241000027],[101.06133060300004,17.965818915000057],[101.06216265500007,17.969149128000026],[101.06014136800007,17.970280381000066],[101.06155039200007,17.974617215000023],[101.05983989200007,17.976948210000046],[101.05912890800005,17.980422481000062],[101.05763561500004,17.98301819900007],[101.05633023000007,17.988285026000028],[101.05357415700007,17.993532983000023],[101.05170375700004,17.995848617000036],[101.05233672900005,18.000633367000034],[101.04739339600007,18.010259248000068],[101.04338354600009,18.012992137000026],[101.04387213800004,18.015114337000057],[101.04269684700006,18.016644390000067],[101.04480816300008,18.019680981000022],[101.04198440200008,18.024545284000055],[101.04414414000007,18.027629011000045],[101.04176110500003,18.02884773900007],[101.03484778100005,18.035998262000078],[101.03228343500007,18.036842798000066],[101.03174854300005,18.038690877000022],[101.02783944700008,18.03976887700003],[101.02545608200006,18.04276037300002],[101.02388627300007,18.047128688000043],[101.02022189100006,18.050467867000066],[101.01525893200005,18.046557450000023],[101.01332184900008,18.040430443000048],[101.01015893100003,18.03853815900004],[101.00147391700006,18.029742257000066],[100.99757973300007,18.028474063000033],[100.99378182800007,18.028298823000057],[100.98796965900004,18.029558677000068],[100.98305843000009,18.029682337000054],[100.97910688500008,18.027930905000062],[100.97813379800004,18.025354736000054],[100.97443938000004,18.023428238000065],[100.97471825400004,18.01884246900005],[100.97384884700006,18.01696847000005],[100.97525286800004,18.011082110000075],[100.97766716900009,18.007561289000023],[100.97521140300006,18.002171969000074],[100.97258371000004,17.999443367000026],[100.97021231800005,17.998850959000038],[100.96731760900008,17.995895553000025],[100.96676933300006,17.989795568000034],[100.96558193900006,17.982619173000046],[100.96957225800008,17.980668799000057],[100.96820909300004,17.978948167000055],[100.96673325700004,17.973486862000073],[100.96719937500006,17.970374599000024],[100.96185162900008,17.96692564600005],[100.96175394600004,17.963340044000063],[100.95277105900004,17.957987633000073],[100.95077890000005,17.957972360000042],[100.95044043700005,17.955813877000026],[100.94853220200008,17.954669826000043],[100.94702706600003,17.95133969500006],[100.94668889700006,17.945511533000058],[100.94351684300005,17.94317343800003],[100.94240397900006,17.94113210000006],[100.94059070300005,17.941079693000063],[100.93828103700008,17.939050278000025],[100.93659577000005,17.934585593000065],[100.93402219600006,17.931990152000026],[100.93531883400004,17.930615974000034],[100.93484470500005,17.92861980300006],[100.93365041200008,17.92459327000006],[100.93205144300003,17.922267141000077],[100.93194994700008,17.918699717000038],[100.92759792300006,17.912778630000048],[100.92705565400007,17.909100039000066],[100.92518893200008,17.906447331000038],[100.91750795700005,17.901699824000048],[100.91336746200005,17.897539116000075],[100.90883627100004,17.89670058300004],[100.90756140200006,17.89526036700005],[100.90716524600003,17.89111668000004],[100.90954707500003,17.885188398000025],[100.91080599300005,17.885358045000032],[100.91212112800008,17.882761739000046],[100.91496159800005,17.881971790000023],[100.91857562400008,17.881300422000038],[100.92430242000006,17.87871241700003],[100.93252898300005,17.872304644000053],[100.93534401600004,17.871456401000046],[100.93611613700006,17.872725848000073],[100.93457386800009,17.875613049000037],[100.93650034100006,17.875807309000038],[100.93994677500007,17.871691481000028],[100.94212231800009,17.872775782000076],[100.94216436100004,17.875862829000027],[100.94420375700008,17.873774252000032],[100.94328001500008,17.871958538000058],[100.94441285300007,17.870576976000052],[100.94737330400005,17.873381288000076],[100.94990169500005,17.871815312000024],[100.94749749800008,17.871008704000076],[100.94713490300006,17.86909301700007],[100.95005094600003,17.866822573000036],[100.95370527700004,17.866572027000075],[100.95236067400003,17.869513752000046],[100.95680397800004,17.867892852000068],[100.95451588700007,17.872846664000065],[100.95631250200006,17.87119697600002],[100.95864158200004,17.87085914000005],[100.95922722400007,17.873024133000058],[100.95769503600008,17.873496069000055],[100.95646247700006,17.876340846000062],[100.95384877500004,17.878130335000037],[100.95647669200008,17.878891321000026],[100.96152935700007,17.87534267600006],[100.96287613900006,17.876608958000077],[100.96572109000005,17.87447538400005],[100.97253227800007,17.87449108900006],[100.97352481000007,17.876210901000036],[100.97213240000008,17.87721630300007],[100.97493041300004,17.87769588900005],[100.97243602200007,17.880188219000047],[100.97471768000008,17.87993371700003],[100.97229971400009,17.88275935200005],[100.97206028800008,17.885591158000068],[100.96837952200008,17.884843916000023],[100.96519060800006,17.88644736300006],[100.96636621800008,17.888956139000072],[100.97200199800005,17.889164094000023],[100.97215484300006,17.890770712000062],[100.96878707900004,17.892028609000022],[100.96712104100004,17.894375731000025],[100.96843807300007,17.895284099000037],[100.97022097300004,17.89412053600006],[100.97693090600006,17.896804522000025],[100.97844502200007,17.89542691400004],[100.98254506700005,17.896090910000055],[100.98489372800003,17.895169018000047],[100.98703759400007,17.896322745000077],[100.98865227800007,17.89450546000006],[100.99240197700004,17.89444658800005],[100.99534568000007,17.89178385100007],[100.99849335500005,17.891054981000025],[101.00252299800007,17.892030669000064],[101.00426541100006,17.894005122000067],[101.00770196200006,17.892305304000047],[101.01263501500006,17.895036099000038],[101.01391181800005,17.892526468000028],[101.01633176700005,17.890840714000035],[101.01931836400007,17.891246245000048]]]},"properties":{"Shape_Leng":0.747833095486,"Shape_Area":0.0152202210935,"ADM3_EN":"Na Khum","ADM3_TH":"นาขุม","ADM3_PCODE":"TH530603","ADM2_EN":"Ban Khok","ADM2_TH":"บ้านโคก","ADM2_PCODE":"TH5306","ADM1_EN":"Uttaradit","ADM1_TH":"อุตรดิตถ์","ADM1_PCODE":"TH53","ADM0_EN":"Thailand","ADM0_TH":"ประเทศไทย","ADM0_PCODE":"TH"}},
{"type":"Feature","geometry":{"type":"Polygon","coordinates":[[[100.93272402800005,18.172905230000026],[100.93296316200008,18.174528206000048],[100.93601856100008,18.175675415000057],[100.93601652400008,18.179428821000045],[100.93764860800007,18.179824498000073],[100.94039452900006,18.178374573000042],[100.94327001600004,18.178103277000048],[100.94653924500005,18.179174282000076],[100.94955436500004,18.178440342000044],[100.95377461300006,18.181014625000046],[100.95937233900008,18.180865450000056],[100.96889231700004,18.17924053300004],[100.97797990500004,18.17620095500007],[100.98350138200004,18.169906129000026],[100.98673970100003,18.168616299000064],[100.99047807600004,18.168163039000035],[100.99443553200007,18.169556599000032],[100.99914825800005,18.16738106200006],[101.00102631700008,18.168329846000063],[101.00172418000005,18.166612776000022],[101.00578837700004,18.16380183900003],[101.00815714600009,18.165967297000066],[101.01232818700004,18.166241281000055],[101.01576722100003,18.167836023000064],[101.01975550200007,18.167994300000032],[101.02181740200007,18.16602486100004],[101.02473160200009,18.16593424100006],[101.02722505700007,18.167413719000024],[101.02961115900007,18.167058908000058],[101.03422625100006,18.168351053000038],[101.03770774400004,18.16757005200003],[101.04333900300009,18.163535272000047],[101.04447715500004,18.161902717000032],[101.04650183800004,18.162006999000027],[101.04547988700006,18.16461437600003],[101.04712216800004,18.165432860000067],[101.04759851300008,18.16796675200004],[101.04928504900005,18.166479288000062],[101.05194523800009,18.16858317300006],[101.05441995700005,18.161890862000064],[101.05733230900006,18.161956303000068],[101.05817957000005,18.16406107000006],[101.06040648500004,18.162826094000025],[101.06052916100003,18.16005485000005],[101.06204432200008,18.15881110600003],[101.06156175500007,18.156902884000033],[101.06370193900005,18.157870783000078],[101.06667154500008,18.16468040600006],[101.07153654700005,18.16873913200004],[101.07415850500007,18.165609408000023],[101.07634952200004,18.16565488300006],[101.07697239000004,18.163280916000076],[101.07967081900006,18.162643630000048],[101.08334923600006,18.16337474000005],[101.08644301400005,18.16227064700007],[101.09223318300008,18.157293501000026],[101.10128055000007,18.154253999000048],[101.10468218800008,18.152372916000047],[101.10566333700007,18.15384562500003],[101.10385250100006,18.155188731000067],[101.10525692400006,18.159009103000074],[101.10357601100009,18.161585049000053],[101.10594164100007,18.16019410100006],[101.10736267300007,18.162191017000055],[101.10975284100005,18.161194970000054],[101.11274317700008,18.162631092000026],[101.11697993800004,18.167698487000052],[101.11986948000003,18.16828249300005],[101.11996278200007,18.171958578000044],[101.12280316000005,18.171529458000066],[101.12448443800008,18.172704124000063],[101.12610145500008,18.178228772000068],[101.12995705300006,18.180150991000062],[101.12891193200005,18.181950182000037],[101.13274261700008,18.185055412000054],[101.13129708400004,18.186315233000073],[101.12911975300005,18.190760805000025],[101.12745414000005,18.197231052000063],[101.13252809700003,18.20365984600005],[101.13458715400009,18.20409111600003],[101.13293557800006,18.20533240800006],[101.13579179100009,18.20664182300004],[101.13569442000005,18.208570171000076],[101.13803526300006,18.209925209000062],[101.13898597500008,18.212183210000035],[101.14173986900005,18.211811124000064],[101.14455711100004,18.213979246000065],[101.14508931800003,18.215833271000065],[101.14798272500008,18.21890826400005],[101.14765001600006,18.22076020000003],[101.14415072600008,18.22215783400003],[101.14413605900006,18.224217142000043],[101.14704230900008,18.227330508000023],[101.15181136700005,18.23061833500003],[101.15494609500007,18.231607895000025],[101.16069772200007,18.23976403000006],[101.15936129000005,18.241131265000035],[101.16012120400006,18.244177799000056],[101.15882252700004,18.246994280000024],[101.15553083600008,18.249297596000076],[101.15345051700007,18.252288432000057],[101.14906729500007,18.256816577000052],[101.14512026300008,18.25877659500003],[101.14458939400004,18.260041973000057],[101.14937939300006,18.264189832000056],[101.14981226800006,18.267305388000068],[101.15202952900006,18.269941866000067],[101.15480089400006,18.270920911000076],[101.16289034200008,18.278064372000074],[101.16308409600003,18.279472914000053],[101.15954238500007,18.283692684000073],[101.15665070300008,18.28323391400005],[101.15543131100009,18.28665453900004],[101.15193499900005,18.291024265000033],[101.14901392500008,18.293353857000056],[101.14854922000006,18.295550753000043],[101.15016585400008,18.298193980000065],[101.15332850800007,18.301189070000078],[101.15638704800006,18.30208942400003],[101.16109170600004,18.304673242000035],[101.15936828100007,18.306803788000025],[101.15951126000004,18.30951552500005],[101.16530344900008,18.31399018700006],[101.16797599900008,18.320220928000026],[101.16966544800005,18.321276015000024],[101.17489119500004,18.320924227000035],[101.17649213800007,18.326043472000038],[101.18008764000007,18.327545361000034],[101.18197122600009,18.331802109000023],[101.18014612700006,18.334380459000045],[101.18219257000004,18.340723125000068],[101.18018670200007,18.341998243000035],[101.17624895600005,18.341730492000067],[101.17164560100008,18.345017985000027],[101.16762307900007,18.34668182400003],[101.16274028700008,18.34511927400007],[101.15488362400004,18.34916530600003],[101.15298166500008,18.349161925000033],[101.15024936200007,18.347326843000076],[101.14727678900005,18.348181383000053],[101.14695755000008,18.350809749000064],[101.14326745800008,18.352642613000057],[101.14176034000008,18.356470487000024],[101.13883076600007,18.357846812000048],[101.13744837400009,18.36038330100007],[101.13121951100004,18.36662323200005],[101.12360692400006,18.368164983000042],[101.12227739400004,18.369838850000065],[101.11934063000007,18.37101996000007],[101.11622662000008,18.371106519000023],[101.11482901300008,18.369886721000057],[101.11311836000004,18.37166275800007],[101.10988737600007,18.371124989000066],[101.10724704700004,18.374232324000047],[101.10242076300005,18.375121298000067],[101.09867496800007,18.377197439000042],[101.09413609500007,18.381527058000074],[101.08898521000003,18.380435283000054],[101.08541647400006,18.38101637500006],[101.08450267700005,18.376596043000063],[101.08205524900006,18.374853676000043],[101.08214914500007,18.370581453000057],[101.08134952400007,18.368555056000048],[101.07958427600005,18.36802384600003],[101.07696795200008,18.365108673000066],[101.07369529400006,18.358767442000044],[101.07409800600004,18.356740456000068],[101.06922853700007,18.35765838800006],[101.06590534500003,18.35610235400003],[101.06142686400005,18.356642321000038],[101.05583762600008,18.35586790600007],[101.05505225900004,18.353523876000054],[101.05159059900006,18.349098438000055],[101.04600197900004,18.34574724500004],[101.04457854500004,18.34145800600004],[101.04300947200005,18.339547668000023],[101.03849108800006,18.33822550000008],[101.03422802500006,18.33360885700006],[101.02852610300005,18.332869478000077],[101.02393794200003,18.32806071400006],[101.02353059800004,18.32593554400006],[101.01757419600006,18.321430918000033],[101.01450094700004,18.321501200000057],[101.01084113300004,18.31933469200004],[101.00564837800005,18.31808518500003],[101.00355706500005,18.316349354000067],[100.99925425500004,18.309293963000073],[100.99609321300005,18.308210829000075],[100.99108181200006,18.309259954000026],[100.98529967000007,18.30742954400006],[100.98335796600009,18.307949199000063],[100.97918807600007,18.305392294000058],[100.97801363800005,18.302559055000074],[100.97913328300007,18.299310175000073],[100.97727682600004,18.295168954000076],[100.97379356500005,18.293879652000044],[100.97096860600004,18.290718447000074],[100.97072952100007,18.288548454000022],[100.96560101600005,18.284037738000052],[100.96483663400005,18.280301847000032],[100.96337001400008,18.278342563000024],[100.95873512600008,18.276989624000066],[100.95852355900007,18.27369016800003],[100.95205941500006,18.268197841000074],[100.95131792000006,18.265793917000053],[100.94730771500008,18.265085251000073],[100.94418676300006,18.262111290000064],[100.94059241000008,18.257299612000054],[100.93953754000006,18.254453354000077],[100.93010584200005,18.25071936200004],[100.92587964100005,18.25047720200007],[100.92089704100005,18.24388757400004],[100.91876148300008,18.24266321300007],[100.91854757200008,18.23833717100007],[100.91695480200008,18.23648477200004],[100.91585042200006,18.231865472000038],[100.91227841600005,18.227457107000077],[100.91435516000007,18.22193661700004],[100.91653943900008,18.221305156000028],[100.91806182200008,18.21764425600003],[100.92250799100003,18.216290317000073],[100.92530378100008,18.212504078000052],[100.92477863400006,18.208365865000076],[100.92313624800005,18.207724176000056],[100.92282552300009,18.20527378500003],[100.91902629100008,18.20276577100003],[100.91876664000006,18.201104549000036],[100.91396451200006,18.199732391000055],[100.90756451500005,18.193998278000038],[100.90739165300005,18.19117206900006],[100.90871180100004,18.18820189300004],[100.90734080600004,18.18494094400006],[100.90572153900007,18.177337101000035],[100.90694266600008,18.171725442000024],[100.90892859400009,18.170265190000066],[100.90906419600009,18.16549791600005],[100.91186095800003,18.163177209000025],[100.91352344000006,18.160105617000056],[100.91653044200007,18.160607515000038],[100.91740659800007,18.16326482100004],[100.91779752900004,18.168170170000053],[100.91922875200004,18.171531435000077],[100.92104050800003,18.172623619000035],[100.92481474600004,18.172787587000073],[100.92899821900005,18.174183010000036],[100.93272402800005,18.172905230000026]]]},"properties":{"Shape_Leng":1.05637767408,"Shape_Area":0.0373617948565,"ADM3_EN":"Bo Bia","ADM3_TH":"บ่อเบี้ย","ADM3_PCODE":"TH530604","ADM2_EN":"Ban Khok","ADM2_TH":"บ้านโคก","ADM2_PCODE":"TH5306","ADM1_EN":"Uttaradit","ADM1_TH":"อุตรดิตถ์","ADM1_PCODE":"TH53","ADM0_EN":"Thailand","ADM0_TH":"ประเทศไทย","ADM0_PCODE":"TH"}},
{"type":"Feature","geometry":{"type":"Polygon","coordinates":[[[100.14100701400008,17.291682911000066],[100.14091065900004,17.294857069000045],[100.14186951900007,17.305186709000054],[100.14241810200008,17.30720188600003],[100.14557536100006,17.312491471000044],[100.14672065600007,17.31907417700006],[100.15023706100004,17.32023775400006],[100.14866040700008,17.32280120200005],[100.13838030300008,17.325281802000063],[100.13620895100007,17.326635236000072],[100.13362833800005,17.32295651100003],[100.13401218300004,17.319589805000078],[100.13212156700007,17.31772800600004],[100.12689215800003,17.319719016000022],[100.12542418100008,17.318059835000042],[100.12153537800003,17.31899854900007],[100.11733788500004,17.31910678500003],[100.11609113300005,17.32047865800007],[100.11217376900004,17.320860467000045],[100.10546881500005,17.323187930000074],[100.10030820200006,17.323729569000022],[100.09454781700003,17.326020850000077],[100.09051414800007,17.32361843600006],[100.08681659400008,17.32546546800006],[100.08612332300004,17.324883229000022],[100.08624933800007,17.318506953000053],[100.08215641300006,17.31768745100004],[100.08210770200009,17.31600727700004],[100.07360456600009,17.313771736000035],[100.07097690400008,17.314459890000023],[100.06555204000006,17.31322885700007],[100.06073508900005,17.314346614000044],[100.06066630900006,17.310597503000054],[100.06232219000003,17.306066952000037],[100.06678398800005,17.302050730000076],[100.07253670200004,17.29900243900005],[100.07847254600006,17.297559299000056],[100.08187465400005,17.295888254000033],[100.08278152800006,17.293952097000044],[100.08248469700004,17.289469076000046],[100.07978250900004,17.283522709000067],[100.07316725900006,17.277717943000027],[100.07452523700005,17.27524088100006],[100.07927170200009,17.27139160200005],[100.08372386000008,17.274325634000036],[100.08811406600006,17.275363179000067],[100.09743467000004,17.276337012000056],[100.10398974900005,17.278654033000066],[100.10713927500007,17.281305377000024],[100.11081446000009,17.281851482000036],[100.11290284100005,17.280093691000047],[100.11916465900003,17.280789798000058],[100.12192836500009,17.279881286000034],[100.12390398100007,17.28213509400007],[100.13402501600007,17.28206128200003],[100.14180388100004,17.282838088000062],[100.14061622000008,17.28794343000004],[100.14100701400008,17.291682911000066]]]},"properties":{"Shape_Leng":0.285608355738,"Shape_Area":0.00297176028685,"ADM3_EN":"Nai Mueang","ADM3_TH":"ในเมือง","ADM3_PCODE":"TH530701","ADM2_EN":"Phichai","ADM2_TH":"พิชัย","ADM2_PCODE":"TH5307","ADM1_EN":"Uttaradit","ADM1_TH":"อุตรดิตถ์","ADM1_PCODE":"TH53","ADM0_EN":"Thailand","ADM0_TH":"ประเทศไทย","ADM0_PCODE":"TH"}},
{"type":"Feature","geometry":{"type":"Polygon","coordinates":[[[100.16225736300004,17.37530818700003],[100.15356832600008,17.37876858100003],[100.15056850200006,17.381289741000046],[100.14541058600008,17.38375459100007],[100.13657053100007,17.386619929000062],[100.12639012000005,17.388385904000074],[100.12001360700003,17.390445073000024],[100.11671800200008,17.389389291000043],[100.11533732000004,17.389905859000066],[100.11219352500007,17.39341528400007],[100.10565055200004,17.391235424000058],[100.09153012500008,17.39136789300005],[100.08652579300008,17.394530303000067],[100.08256073400008,17.394391024000072],[100.07595375300008,17.395315115000074],[100.06171659100005,17.39371131000007],[100.05468404400006,17.387475667000047],[100.04869623500008,17.381646428000067],[100.05043196300005,17.36933166800003],[100.05287853500005,17.369277753000063],[100.05459097600004,17.367626103000077],[100.05979115100007,17.367915478000043],[100.06462814200006,17.36571366100003],[100.07499860000007,17.36418531000004],[100.07694619800009,17.352660438000044],[100.08427775200005,17.351979807000077],[100.08724058400009,17.34935313400007],[100.08928794000008,17.34895788600005],[100.09814130100006,17.350822953000034],[100.10228424900004,17.35048917100005],[100.10608997000008,17.351044183000056],[100.11420836800005,17.35010802100004],[100.12013998400005,17.350782524000067],[100.12990084400008,17.352503700000057],[100.13809805600005,17.354299153000056],[100.13978647600004,17.357655368000053],[100.14245461200005,17.35873422800006],[100.14624968100009,17.358986526000024],[100.14911092800008,17.358076304000065],[100.15634499300006,17.358886546000065],[100.15870715700004,17.359968939000055],[100.16151724700006,17.36297118600004],[100.16024628900004,17.367989816000033],[100.16035796900007,17.37079084000004],[100.16225736300004,17.37530818700003]]]},"properties":{"Shape_Leng":0.279846168978,"Shape_Area":0.00365684898879,"ADM3_EN":"Ban Dara","ADM3_TH":"บ้านดารา","ADM3_PCODE":"TH530702","ADM2_EN":"Phichai","ADM2_TH":"พิชัย","ADM2_PCODE":"TH5307","ADM1_EN":"Uttaradit","ADM1_TH":"อุตรดิตถ์","ADM1_PCODE":"TH53","ADM0_EN":"Thailand","ADM0_TH":"ประเทศไทย","ADM0_PCODE":"TH"}},
{"type":"Feature","geometry":{"type":"Polygon","coordinates":[[[100.13620895100007,17.326635236000072],[100.13708674500003,17.32759653900007],[100.13739005700006,17.332146512000065],[100.13502724500006,17.333929870000077],[100.13637469900004,17.33862126100007],[100.13473983500006,17.341671951000023],[100.13622266800007,17.342749923000042],[100.13217986500007,17.34819294500005],[100.13371521900007,17.350191342000073],[100.13589384200009,17.350186088000044],[100.13809805600005,17.354299153000056],[100.12990084400008,17.352503700000057],[100.12013998400005,17.350782524000067],[100.11420836800005,17.35010802100004],[100.10608997000008,17.351044183000056],[100.10228424900004,17.35048917100005],[100.09814130100006,17.350822953000034],[100.08928794000008,17.34895788600005],[100.08724058400009,17.34935313400007],[100.08427775200005,17.351979807000077],[100.07694619800009,17.352660438000044],[100.07499860000007,17.36418531000004],[100.06462814200006,17.36571366100003],[100.05979115100007,17.367915478000043],[100.05459097600004,17.367626103000077],[100.05287853500005,17.369277753000063],[100.05043196300005,17.36933166800003],[100.04869623500008,17.381646428000067],[100.04540286200006,17.38226562500006],[100.04577814400005,17.384209054000053],[100.04121070000008,17.384570548000056],[100.04131015400009,17.38549621100003],[100.03661686100008,17.38622281100004],[100.03469910000007,17.388261360000058],[100.03312541300005,17.39284247300003],[100.03189282700004,17.39328501400007],[100.03011911800007,17.391001730000028],[100.02917344800005,17.393778103000045],[100.02766151300006,17.394063820000042],[100.02284567600003,17.391639362000035],[100.02066128000007,17.393059721000043],[100.02067299500004,17.395171652000045],[100.02333805300003,17.39575078100006],[100.02048140000005,17.397288169000035],[100.02084367200007,17.398613854000075],[100.01850953400003,17.400382816000047],[100.01647900700004,17.407591685000057],[100.01434330900008,17.411180520000073],[100.01443781400008,17.413565344000062],[100.01713514200009,17.418423270000062],[100.01049051500007,17.418901387000062],[100.00275058500006,17.41796837100003],[100.00117389800005,17.416740009000023],[99.99694278300007,17.416724731000045],[99.99435739800003,17.409923887000048],[99.99098984900007,17.408370303000027],[99.99067656300008,17.406498938000027],[99.99345834800005,17.404702001000032],[99.99119858800003,17.401860054000053],[99.99365075400004,17.399204997000027],[99.99618408700007,17.394548868000072],[100.00145294300006,17.39292869800005],[100.00490426100004,17.390648681000073],[100.00673264500006,17.386015615000076],[100.00840760600005,17.384561853000037],[100.00953920700005,17.381344046000038],[100.00938898000004,17.377951334000045],[100.00668575000009,17.37403435300007],[100.00328295200006,17.371205830000065],[100.00084826200003,17.37077722400005],[99.99990668700008,17.36871330200006],[100.00526060600004,17.367139459000043],[100.00496682300007,17.363045489000058],[100.00782025600006,17.361408978000043],[100.00800433000006,17.359477672000025],[100.00314348400008,17.35687925700006],[100.00087558900003,17.354197708000072],[100.00468655600008,17.348454442000047],[100.00406863600006,17.345542731000023],[100.00803794300003,17.343440052000062],[100.01123138400004,17.336633663000043],[100.01465899400006,17.335328498000024],[100.01641031400004,17.336734198000045],[100.01919324500005,17.334846954000056],[100.01919000100008,17.33365991100004],[100.01578771800007,17.32988924800003],[100.01673771300005,17.32754665400006],[100.01959520400004,17.324349305000055],[100.02706177100004,17.320902468000043],[100.02963987700008,17.321334483000044],[100.02951987000006,17.324218088000066],[100.03557365200004,17.32645621300003],[100.04067847900006,17.322141008000074],[100.04228520400005,17.322801963000074],[100.04138846100005,17.32447558900003],[100.04368683800004,17.325802241000076],[100.04657156000007,17.322926473000052],[100.04810633800008,17.32306986100002],[100.05055251300007,17.325489143000027],[100.05079626000008,17.32715395400004],[100.06887078000005,17.323792380000043],[100.06782165100009,17.321653138000045],[100.06448367300004,17.319040924000035],[100.06073508900005,17.314346614000044],[100.06555204000006,17.31322885700007],[100.07097690400008,17.314459890000023],[100.07360456600009,17.313771736000035],[100.08210770200009,17.31600727700004],[100.08215641300006,17.31768745100004],[100.08624933800007,17.318506953000053],[100.08612332300004,17.324883229000022],[100.08681659400008,17.32546546800006],[100.09051414800007,17.32361843600006],[100.09454781700003,17.326020850000077],[100.10030820200006,17.323729569000022],[100.10546881500005,17.323187930000074],[100.11217376900004,17.320860467000045],[100.11609113300005,17.32047865800007],[100.11733788500004,17.31910678500003],[100.12153537800003,17.31899854900007],[100.12542418100008,17.318059835000042],[100.12689215800003,17.319719016000022],[100.13212156700007,17.31772800600004],[100.13401218300004,17.319589805000078],[100.13362833800005,17.32295651100003],[100.13620895100007,17.326635236000072]]]},"properties":{"Shape_Leng":0.569287300577,"Shape_Area":0.00634543242811,"ADM3_EN":"Rai Oi","ADM3_TH":"ไร่อ้อย","ADM3_PCODE":"TH530703","ADM2_EN":"Phichai","ADM2_TH":"พิชัย","ADM2_PCODE":"TH5307","ADM1_EN":"Uttaradit","ADM1_TH":"อุตรดิตถ์","ADM1_PCODE":"TH53","ADM0_EN":"Thailand","ADM0_TH":"ประเทศไทย","ADM0_PCODE":"TH"}},
{"type":"Feature","geometry":{"type":"Polygon","coordinates":[[[100.02101240200005,17.42421277400007],[100.01832941700007,17.422593333000066],[100.01713514200009,17.418423270000062],[100.01443781400008,17.413565344000062],[100.01434330900008,17.411180520000073],[100.01647900700004,17.407591685000057],[100.01850953400003,17.400382816000047],[100.02084367200007,17.398613854000075],[100.02048140000005,17.397288169000035],[100.02333805300003,17.39575078100006],[100.02067299500004,17.395171652000045],[100.02066128000007,17.393059721000043],[100.02284567600003,17.391639362000035],[100.02766151300006,17.394063820000042],[100.02917344800005,17.393778103000045],[100.03011911800007,17.391001730000028],[100.03189282700004,17.39328501400007],[100.03312541300005,17.39284247300003],[100.03469910000007,17.388261360000058],[100.03661686100008,17.38622281100004],[100.04131015400009,17.38549621100003],[100.04121070000008,17.384570548000056],[100.04577814400005,17.384209054000053],[100.04540286200006,17.38226562500006],[100.04869623500008,17.381646428000067],[100.05468404400006,17.387475667000047],[100.06171659100005,17.39371131000007],[100.07595375300008,17.395315115000074],[100.08256073400008,17.394391024000072],[100.08652579300008,17.394530303000067],[100.09153012500008,17.39136789300005],[100.10565055200004,17.391235424000058],[100.11219352500007,17.39341528400007],[100.11533732000004,17.389905859000066],[100.11671800200008,17.389389291000043],[100.12001360700003,17.390445073000024],[100.12639012000005,17.388385904000074],[100.13657053100007,17.386619929000062],[100.14541058600008,17.38375459100007],[100.15056850200006,17.381289741000046],[100.15356832600008,17.37876858100003],[100.16225736300004,17.37530818700003],[100.16790185600007,17.369918754000025],[100.17603496600003,17.364892602000054],[100.17888864600008,17.360529261000067],[100.18123513300009,17.35903431500003],[100.18566215400006,17.353952263000053],[100.18531622800003,17.352239858000075],[100.19021033500007,17.350680716000056],[100.20073312000005,17.35871161600005],[100.20568992300008,17.361859879000065],[100.20802876000005,17.36220568300007],[100.21324727600006,17.365099446000045],[100.21680592200005,17.367804061000072],[100.22827916600005,17.38177095100002],[100.22917749100009,17.384920503000046],[100.23155199700005,17.386973522000062],[100.23341213900005,17.39097417200003],[100.23111679000004,17.392509219000033],[100.22511321900004,17.39211187500007],[100.22498181300006,17.389995080000062],[100.22084767300004,17.39057573200006],[100.21648564200007,17.38936333600003],[100.21377240500004,17.390132920000042],[100.21184101700004,17.38874753400006],[100.21030894200004,17.391211218000024],[100.19688501800005,17.393304019000027],[100.19305184800004,17.39345766400004],[100.18843631900006,17.395423879000077],[100.17896068400006,17.396645465000063],[100.17287472300006,17.395766438000067],[100.16611176200007,17.39724375000003],[100.15754232300009,17.40010366300004],[100.14914907000008,17.403519033000066],[100.14317212300006,17.404011180000055],[100.14061394300006,17.405393897000067],[100.13845723500003,17.404121014000054],[100.13700414600004,17.404960902000028],[100.13397166100003,17.403355661000035],[100.12892700400005,17.403822448000028],[100.12031140000005,17.406458359000055],[100.11647140600007,17.40950924400005],[100.11313350900008,17.413605355000072],[100.10905396000004,17.420310569000037],[100.10409625400007,17.421916793000037],[100.10204291300005,17.42373037300007],[100.09351946700008,17.42383148600004],[100.09075845700005,17.42536865200003],[100.09140966400008,17.427823385000067],[100.09028512400005,17.428684197000052],[100.08637091900005,17.428634359000057],[100.08223608100008,17.42986379900003],[100.07888578700005,17.432105929000045],[100.07019724600008,17.436122848000025],[100.06837450300009,17.43877321100007],[100.06507644300007,17.440542614000037],[100.06480179800008,17.44332863900007],[100.06232168100007,17.44408627300004],[100.06070331400008,17.44299555300006],[100.06039923100008,17.439457891000075],[100.05780186600003,17.433261155000025],[100.05980450300007,17.430045582000048],[100.06350021900005,17.429002738000065],[100.06213956700009,17.42548105000003],[100.06336568000006,17.422300909000057],[100.06295231000007,17.420348716000035],[100.06012391700006,17.42125214500004],[100.05908920000007,17.423322325000072],[100.05032079700004,17.429011380000077],[100.04714353000008,17.43144813600003],[100.04492191900005,17.423047852000025],[100.04241163300009,17.424597559000063],[100.03484541300008,17.42707686600005],[100.03181093000006,17.426856607000047],[100.03019715500005,17.424801785000056],[100.02804619400007,17.424847132000025],[100.02892254000005,17.42125346200004],[100.02817623500005,17.419793266000056],[100.02558888400006,17.42182697900006],[100.02359291500005,17.42161763000007],[100.02101240200005,17.42421277400007]]]},"properties":{"Shape_Leng":0.609120105678,"Shape_Area":0.00641599479815,"ADM3_EN":"Tha Sak","ADM3_TH":"ท่าสัก","ADM3_PCODE":"TH530704","ADM2_EN":"Phichai","ADM2_TH":"พิชัย","ADM2_PCODE":"TH5307","ADM1_EN":"Uttaradit","ADM1_TH":"อุตรดิตถ์","ADM1_PCODE":"TH53","ADM0_EN":"Thailand","ADM0_TH":"ประเทศไทย","ADM0_PCODE":"TH"}},
{"type":"Feature","geometry":{"type":"Polygon","coordinates":[[[100.06073508900005,17.314346614000044],[100.06448367300004,17.319040924000035],[100.06782165100009,17.321653138000045],[100.06887078000005,17.323792380000043],[100.05079626000008,17.32715395400004],[100.05055251300007,17.325489143000027],[100.04810633800008,17.32306986100002],[100.04657156000007,17.322926473000052],[100.04368683800004,17.325802241000076],[100.04138846100005,17.32447558900003],[100.04228520400005,17.322801963000074],[100.04067847900006,17.322141008000074],[100.03557365200004,17.32645621300003],[100.02951987000006,17.324218088000066],[100.02963987700008,17.321334483000044],[100.02706177100004,17.320902468000043],[100.01959520400004,17.324349305000055],[100.01673771300005,17.32754665400006],[100.01578771800007,17.32988924800003],[100.01312365800004,17.329680729000074],[100.00916518700006,17.33148446200005],[100.00251475700009,17.331175948000066],[100.00215787100007,17.328523759000063],[99.99772621700004,17.327858225000057],[99.99543232400003,17.326724029000047],[99.99520635600004,17.324705643000073],[99.99649996900007,17.321998325000038],[99.99435086700004,17.31843834400007],[99.99513022900004,17.317306914000028],[99.99331739000007,17.31389489000003],[99.99456415000009,17.310284223000053],[99.99469301100004,17.30615135000005],[99.99733463400008,17.301310923000074],[99.99984102300004,17.300160359000074],[100.00443794000006,17.29633385300002],[99.99931182700004,17.29528821400004],[99.99755037800008,17.289652299000068],[99.99607325900007,17.28871040000007],[99.98840578400007,17.287855017000027],[99.97704473500005,17.287248117000047],[99.96884005800007,17.281384350000053],[99.96912690500005,17.279887170000052],[99.97480704800006,17.277969308000024],[99.97539305500004,17.27601872400004],[99.97211617300007,17.271963451000033],[99.96997993500008,17.270889149000027],[99.96460255700003,17.27228020900003],[99.96542467400008,17.270582559000047],[99.96431600100004,17.26872374900006],[99.96526637100004,17.264649844000076],[99.99851480700005,17.25945291100004],[100.00682058000007,17.260076764000075],[100.02323544200004,17.26188317200007],[100.02696569300008,17.260742382000046],[100.02602108600007,17.265353229000027],[100.02708423900003,17.270712655000068],[100.04704418800009,17.266262663000077],[100.05145394700008,17.265007828000023],[100.05450686900008,17.265329852000036],[100.05606177500005,17.264219566000065],[100.06335236100006,17.263360616000057],[100.06420339700009,17.265420735000077],[100.06915911300007,17.26482016500006],[100.07343628100006,17.266704055000048],[100.07737052200008,17.26489680800006],[100.08403916800006,17.267079237000075],[100.07927170200009,17.27139160200005],[100.07452523700005,17.27524088100006],[100.07316725900006,17.277717943000027],[100.07978250900004,17.283522709000067],[100.08248469700004,17.289469076000046],[100.08278152800006,17.293952097000044],[100.08187465400005,17.295888254000033],[100.07847254600006,17.297559299000056],[100.07253670200004,17.29900243900005],[100.06678398800005,17.302050730000076],[100.06232219000003,17.306066952000037],[100.06066630900006,17.310597503000054],[100.06073508900005,17.314346614000044]]]},"properties":{"Shape_Leng":0.426715851487,"Shape_Area":0.00537812970998,"ADM3_EN":"Kho Rum","ADM3_TH":"คอรุม","ADM3_PCODE":"TH530705","ADM2_EN":"Phichai","ADM2_TH":"พิชัย","ADM2_PCODE":"TH5307","ADM1_EN":"Uttaradit","ADM1_TH":"อุตรดิตถ์","ADM1_PCODE":"TH53","ADM0_EN":"Thailand","ADM0_TH":"ประเทศไทย","ADM0_PCODE":"TH"}},
{"type":"Feature","geometry":{"type":"Polygon","coordinates":[[[100.07927170200009,17.27139160200005],[100.08403916800006,17.267079237000075],[100.07737052200008,17.26489680800006],[100.07343628100006,17.266704055000048],[100.06915911300007,17.26482016500006],[100.06420339700009,17.265420735000077],[100.06335236100006,17.263360616000057],[100.05606177500005,17.264219566000065],[100.05450686900008,17.265329852000036],[100.05145394700008,17.265007828000023],[100.04704418800009,17.266262663000077],[100.02708423900003,17.270712655000068],[100.02602108600007,17.265353229000027],[100.02696569300008,17.260742382000046],[100.02791808600006,17.25691863800006],[100.03155786800005,17.255988356000046],[100.03124072800006,17.254883221000057],[100.03496146000003,17.252180198000076],[100.04033374300008,17.251207415000067],[100.04130583500006,17.249283997000077],[100.04697773200007,17.248274882000032],[100.04859685900004,17.24578099300004],[100.05522537600007,17.243720384000028],[100.06097252900008,17.240693468000075],[100.06164306400007,17.243873836000034],[100.06414975100006,17.247609891000025],[100.06700593300008,17.245515535000038],[100.06681701300005,17.24346772000007],[100.07191951800007,17.23961991400006],[100.08298480800005,17.23925261200003],[100.09040328600008,17.238680913000053],[100.09165938100006,17.23639225000005],[100.12513291900007,17.22069336100003],[100.13428204300004,17.22077097700003],[100.13651541100006,17.221767510000063],[100.14306168800005,17.22283079300007],[100.14909626500008,17.227285676000065],[100.16003040200007,17.232027902000027],[100.15506035600004,17.236755283000036],[100.15209129200008,17.241110716000037],[100.15309499400007,17.24133250700004],[100.15008152600006,17.251280664000035],[100.14765835400004,17.267640975000063],[100.14240841800006,17.28024915700007],[100.14180388100004,17.282838088000062],[100.13402501600007,17.28206128200003],[100.12390398100007,17.28213509400007],[100.12192836500009,17.279881286000034],[100.11916465900003,17.280789798000058],[100.11290284100005,17.280093691000047],[100.11081446000009,17.281851482000036],[100.10713927500007,17.281305377000024],[100.10398974900005,17.278654033000066],[100.09743467000004,17.276337012000056],[100.08811406600006,17.275363179000067],[100.08372386000008,17.274325634000036],[100.07927170200009,17.27139160200005]]]},"properties":{"Shape_Leng":0.364562199951,"Shape_Area":0.00464562619682,"ADM3_EN":"Ban Mo","ADM3_TH":"บ้านหม้อ","ADM3_PCODE":"TH530706","ADM2_EN":"Phichai","ADM2_TH":"พิชัย","ADM2_PCODE":"TH5307","ADM1_EN":"Uttaradit","ADM1_TH":"อุตรดิตถ์","ADM1_PCODE":"TH53","ADM0_EN":"Thailand","ADM0_TH":"ประเทศไทย","ADM0_PCODE":"TH"}},
{"type":"Feature","geometry":{"type":"Polygon","coordinates":[[[99.96526637100004,17.264649844000076],[99.96516347500005,17.262003916000026],[99.96304199600007,17.260474660000057],[99.96175010100006,17.256763269000032],[99.96295383200004,17.25005385000003],[99.95922216100007,17.248024557000065],[99.95532726400006,17.244179187000043],[99.95507601300005,17.24160811200005],[99.96690029000007,17.24203747100006],[99.97295150200006,17.241802514000028],[99.97236886100006,17.238733093000064],[99.96206479300008,17.23306693400002],[99.95805678100004,17.231356636000044],[99.95847642300004,17.22969133400005],[99.96975752100008,17.22467501600005],[99.97307779300007,17.22163648700007],[99.98043749600004,17.217763912000066],[99.98216006000007,17.215566151000075],[99.97847518400005,17.21235585200003],[99.97436525700004,17.213336559000027],[99.97101322200007,17.211227708000024],[99.97197813800005,17.209174790000077],[99.97469913800006,17.208734595000067],[99.98059409800004,17.208330312000044],[99.98848272600009,17.206124368000076],[99.99455710400008,17.202745874000072],[100.00257812100006,17.203647131000025],[100.00587079500008,17.203399543000046],[100.01365994900004,17.20557605600004],[100.01734445000005,17.204646230000037],[100.02005734800008,17.20146012300006],[100.02367160000006,17.201462665000065],[100.02506549300006,17.20286922400004],[100.02602548700008,17.207520917000068],[100.02582511100007,17.212183641000024],[100.02646756500008,17.21405495600004],[100.03101584100006,17.21367967900005],[100.03607191900005,17.212237857000048],[100.03799898900007,17.212724000000037],[100.03900310600005,17.214873675000035],[100.04201219600009,17.216979236000043],[100.04590492600005,17.214918511000064],[100.04828983500005,17.214655985000036],[100.05009366700006,17.21720060000007],[100.05732061800006,17.222025617000043],[100.05888990500006,17.22366500800007],[100.06627477000006,17.220419269000047],[100.07524901800008,17.21991259300006],[100.07876374500006,17.217100647000052],[100.08495807700007,17.218038596000042],[100.09257638400004,17.217663972000025],[100.09199269900006,17.21954252100005],[100.09242089300005,17.22500248800003],[100.09360663700005,17.22525064000007],[100.09388433400005,17.233246276000045],[100.09165938100006,17.23639225000005],[100.09040328600008,17.238680913000053],[100.08298480800005,17.23925261200003],[100.07191951800007,17.23961991400006],[100.06681701300005,17.24346772000007],[100.06700593300008,17.245515535000038],[100.06414975100006,17.247609891000025],[100.06164306400007,17.243873836000034],[100.06097252900008,17.240693468000075],[100.05522537600007,17.243720384000028],[100.04859685900004,17.24578099300004],[100.04697773200007,17.248274882000032],[100.04130583500006,17.249283997000077],[100.04033374300008,17.251207415000067],[100.03496146000003,17.252180198000076],[100.03124072800006,17.254883221000057],[100.03155786800005,17.255988356000046],[100.02791808600006,17.25691863800006],[100.02696569300008,17.260742382000046],[100.02323544200004,17.26188317200007],[100.00682058000007,17.260076764000075],[99.99851480700005,17.25945291100004],[99.96526637100004,17.264649844000076]]]},"properties":{"Shape_Leng":0.428852835161,"Shape_Area":0.00516101832307,"ADM3_EN":"Tha Mafueang","ADM3_TH":"ท่ามะเฟือง","ADM3_PCODE":"TH530707","ADM2_EN":"Phichai","ADM2_TH":"พิชัย","ADM2_PCODE":"TH5307","ADM1_EN":"Uttaradit","ADM1_TH":"อุตรดิตถ์","ADM1_PCODE":"TH53","ADM0_EN":"Thailand","ADM0_TH":"ประเทศไทย","ADM0_PCODE":"TH"}},
{"type":"Feature","geometry":{"type":"Polygon","coordinates":[[[100.09165938100006,17.23639225000005],[100.09388433400005,17.233246276000045],[100.09360663700005,17.22525064000007],[100.09242089300005,17.22500248800003],[100.09199269900006,17.21954252100005],[100.09257638400004,17.217663972000025],[100.08495807700007,17.218038596000042],[100.07876374500006,17.217100647000052],[100.07524901800008,17.21991259300006],[100.06627477000006,17.220419269000047],[100.05888990500006,17.22366500800007],[100.05732061800006,17.222025617000043],[100.05009366700006,17.21720060000007],[100.04828983500005,17.214655985000036],[100.04828820600005,17.211776934000056],[100.05105005600007,17.20934537200003],[100.05349022900003,17.210138350000022],[100.05721170300006,17.21312397300005],[100.06151813800005,17.213373526000055],[100.06388799100006,17.211760473000027],[100.06483807800004,17.20951251300005],[100.06769853500003,17.19705993100007],[100.06978539300007,17.19118672700006],[100.07008359900004,17.187883875000068],[100.06872979400003,17.18567859600006],[100.06436552900004,17.18312336300005],[100.06430456500004,17.181434065000076],[100.06928820700006,17.182991770000058],[100.07779734900004,17.18198772200003],[100.08154641600004,17.183725629000037],[100.08406683300007,17.183854600000075],[100.08999621400005,17.185743609000042],[100.09072894000008,17.187288213000045],[100.10350022700004,17.18927287300005],[100.11060157800006,17.186963393000042],[100.11835895100006,17.183422515000075],[100.12236882500008,17.18421966300002],[100.12753851300005,17.18358334100003],[100.13452675200006,17.184880448000058],[100.13619960300008,17.181114837000052],[100.14178881100008,17.183073403000037],[100.14626141100007,17.183535997000035],[100.14619857900004,17.184984506000035],[100.14977105400004,17.18579718700005],[100.15057714100004,17.184023294000042],[100.14931538700006,17.180007397000054],[100.15017374600006,17.177934341000025],[100.15185913000005,17.17926277400005],[100.15391557100008,17.17792787700006],[100.15521927500004,17.17519068200005],[100.15581056700006,17.170055625000032],[100.15968390900008,17.16579874000007],[100.16100583800005,17.16651530200005],[100.16304086200006,17.170651417000045],[100.16442573700004,17.179584779000038],[100.16467344700004,17.18448246500003],[100.16587870200004,17.187131150000027],[100.16600396300004,17.192113895000034],[100.16757914500005,17.201119232000053],[100.16628998400006,17.202237640000078],[100.16425089900008,17.206461318000038],[100.16438859300007,17.21232218800003],[100.16402790800004,17.22367554400006],[100.16003040200007,17.232027902000027],[100.14909626500008,17.227285676000065],[100.14306168800005,17.22283079300007],[100.13651541100006,17.221767510000063],[100.13428204300004,17.22077097700003],[100.12513291900007,17.22069336100003],[100.09165938100006,17.23639225000005]]]},"properties":{"Shape_Leng":0.398182455955,"Shape_Area":0.00422019396711,"ADM3_EN":"Ban Khon","ADM3_TH":"บ้านโคน","ADM3_PCODE":"TH530708","ADM2_EN":"Phichai","ADM2_TH":"พิชัย","ADM2_PCODE":"TH5307","ADM1_EN":"Uttaradit","ADM1_TH":"อุตรดิตถ์","ADM1_PCODE":"TH53","ADM0_EN":"Thailand","ADM0_TH":"ประเทศไทย","ADM0_PCODE":"TH"}},
{"type":"Feature","geometry":{"type":"Polygon","coordinates":[[[99.97469913800006,17.208734595000067],[99.97504800700005,17.205746462000036],[99.97332651300007,17.199733475000073],[99.97597691500005,17.196472786000072],[99.98173160600004,17.19306445500007],[99.98149038300005,17.191394427000034],[99.98337782300007,17.189813068000035],[99.98290396900006,17.18096226800003],[99.98104300400007,17.17470987300004],[99.97723464000006,17.17170403500006],[99.97640021300003,17.16904029500006],[99.97287549400005,17.165173147000075],[99.97631354600009,17.161739295000075],[99.97787789000006,17.158557796000025],[99.98002260800007,17.156699677000063],[99.98320372100005,17.15563518500005],[99.98277749600004,17.15828666500005],[99.98518376000004,17.160182271000053],[99.98842498700009,17.15875680700003],[99.99201451900007,17.159299486000066],[99.99450387500008,17.15815178500003],[99.99404180900007,17.156371904000025],[99.99809661900008,17.155815467000025],[100.00203557800006,17.154472763000058],[100.00511805000008,17.152392183000075],[100.00923176200007,17.151286886000037],[100.00969011000007,17.15006272000005],[100.00786659300007,17.146459831000072],[100.00470316600007,17.147873290000064],[100.00065449200008,17.147222831000022],[99.99762509700008,17.14472550200003],[99.99554543500005,17.141281699000047],[99.99596490200008,17.13892055200006],[99.99796551400004,17.138594789000024],[100.00226473200007,17.139762622000035],[100.00933219400008,17.138672478000046],[100.01227678500004,17.139811096000074],[100.01383479900005,17.13903737800007],[100.01615858500008,17.144568855000045],[100.01844326600008,17.14631269000006],[100.01953747000005,17.149153244000047],[100.02305938300003,17.150956346000044],[100.02529772100007,17.155525528000055],[100.02268732000005,17.16225905700003],[100.02372902800005,17.165105809000067],[100.03044694600004,17.16401070200004],[100.03290990200009,17.166531255000052],[100.03291100000007,17.17008957200005],[100.03184088200004,17.171665596000025],[100.03409335200007,17.176458095000044],[100.03629643800008,17.178479260000074],[100.03584508600005,17.180943187000025],[100.03832294100005,17.181073508000054],[100.04373784600006,17.178628660000072],[100.04833072900004,17.178882006000038],[100.05271636300006,17.182909257000063],[100.05634661100004,17.181060638000076],[100.06430456500004,17.181434065000076],[100.06436552900004,17.18312336300005],[100.06872979400003,17.18567859600006],[100.07008359900004,17.187883875000068],[100.06978539300007,17.19118672700006],[100.06769853500003,17.19705993100007],[100.06483807800004,17.20951251300005],[100.06388799100006,17.211760473000027],[100.06151813800005,17.213373526000055],[100.05721170300006,17.21312397300005],[100.05349022900003,17.210138350000022],[100.05105005600007,17.20934537200003],[100.04828820600005,17.211776934000056],[100.04828983500005,17.214655985000036],[100.04590492600005,17.214918511000064],[100.04201219600009,17.216979236000043],[100.03900310600005,17.214873675000035],[100.03799898900007,17.212724000000037],[100.03607191900005,17.212237857000048],[100.03101584100006,17.21367967900005],[100.02646756500008,17.21405495600004],[100.02582511100007,17.212183641000024],[100.02602548700008,17.207520917000068],[100.02506549300006,17.20286922400004],[100.02367160000006,17.201462665000065],[100.02005734800008,17.20146012300006],[100.01734445000005,17.204646230000037],[100.01365994900004,17.20557605600004],[100.00587079500008,17.203399543000046],[100.00257812100006,17.203647131000025],[99.99455710400008,17.202745874000072],[99.98848272600009,17.206124368000076],[99.98059409800004,17.208330312000044],[99.97469913800006,17.208734595000067]]]},"properties":{"Shape_Leng":0.389768686068,"Shape_Area":0.00400850391367,"ADM3_EN":"Phaya Maen","ADM3_TH":"พญาแมน","ADM3_PCODE":"TH530709","ADM2_EN":"Phichai","ADM2_TH":"พิชัย","ADM2_PCODE":"TH5307","ADM1_EN":"Uttaradit","ADM1_TH":"อุตรดิตถ์","ADM1_PCODE":"TH53","ADM0_EN":"Thailand","ADM0_TH":"ประเทศไทย","ADM0_PCODE":"TH"}},
{"type":"Feature","geometry":{"type":"Polygon","coordinates":[[[100.14180388100004,17.282838088000062],[100.14240841800006,17.28024915700007],[100.14765835400004,17.267640975000063],[100.15008152600006,17.251280664000035],[100.15309499400007,17.24133250700004],[100.15209129200008,17.241110716000037],[100.15506035600004,17.236755283000036],[100.16003040200007,17.232027902000027],[100.16402790800004,17.22367554400006],[100.16438859300007,17.21232218800003],[100.16425089900008,17.206461318000038],[100.16628998400006,17.202237640000078],[100.16757914500005,17.201119232000053],[100.17322998600008,17.20242578500006],[100.17902882000004,17.205307678000054],[100.18295517100006,17.206065823000074],[100.18924209200009,17.205441416000042],[100.19738772000005,17.206604699000025],[100.20186283000004,17.20569532600007],[100.20625914700008,17.208418882000046],[100.21391206400006,17.20881528600006],[100.22020594700007,17.21063040000007],[100.22969602000006,17.21167593800004],[100.23428099600005,17.216090097000063],[100.23926296500008,17.22169797500004],[100.24152396000005,17.221338914000057],[100.24694617300008,17.222834556000066],[100.25049993900006,17.223066121000045],[100.25438292300004,17.222325588000047],[100.25970575900004,17.220491598000024],[100.26513330000006,17.220577200000037],[100.27009788500004,17.221347741000045],[100.28246066200006,17.220608859000038],[100.28050429000007,17.22243347600005],[100.27912952200006,17.233489012000064],[100.27793899000005,17.236050801000033],[100.27371669500008,17.238600156000075],[100.27458648700008,17.245876391000024],[100.27364352300003,17.24998217500007],[100.27369013300006,17.254106850000028],[100.26494549700004,17.25397913300003],[100.25721296800003,17.255576390000044],[100.24324864400006,17.25707363300006],[100.23118651000004,17.259085851000066],[100.22727367900006,17.262137168000038],[100.22254953300006,17.26410071500004],[100.22064505700007,17.266037695000023],[100.21514447600003,17.268509922000078],[100.21024562000008,17.268930977000025],[100.20843061400006,17.271772257000066],[100.20239106700006,17.272869409000066],[100.20192014200006,17.274391799000057],[100.19173089300006,17.27566872400007],[100.18103103100003,17.277713058000074],[100.17539176700006,17.27830988100004],[100.16579930000006,17.280391063000025],[100.16015078100008,17.28300581600007],[100.15361698800007,17.284247494000056],[100.14537652000007,17.287162073000047],[100.14100701400008,17.291682911000066],[100.14061622000008,17.28794343000004],[100.14180388100004,17.282838088000062]]]},"properties":{"Shape_Leng":0.403477777947,"Shape_Area":0.00684486227934,"ADM3_EN":"Na In","ADM3_TH":"นาอิน","ADM3_PCODE":"TH530710","ADM2_EN":"Phichai","ADM2_TH":"พิชัย","ADM2_PCODE":"TH5307","ADM1_EN":"Uttaradit","ADM1_TH":"อุตรดิตถ์","ADM1_PCODE":"TH53","ADM0_EN":"Thailand","ADM0_TH":"ประเทศไทย","ADM0_PCODE":"TH"}},
{"type":"Feature","geometry":{"type":"Polygon","coordinates":[[[100.23341213900005,17.39097417200003],[100.23155199700005,17.386973522000062],[100.22917749100009,17.384920503000046],[100.22827916600005,17.38177095100002],[100.21680592200005,17.367804061000072],[100.21324727600006,17.365099446000045],[100.20802876000005,17.36220568300007],[100.20568992300008,17.361859879000065],[100.20073312000005,17.35871161600005],[100.19021033500007,17.350680716000056],[100.18531622800003,17.352239858000075],[100.18566215400006,17.353952263000053],[100.18123513300009,17.35903431500003],[100.17888864600008,17.360529261000067],[100.17603496600003,17.364892602000054],[100.16790185600007,17.369918754000025],[100.16225736300004,17.37530818700003],[100.16035796900007,17.37079084000004],[100.16024628900004,17.367989816000033],[100.16151724700006,17.36297118600004],[100.15870715700004,17.359968939000055],[100.15634499300006,17.358886546000065],[100.14911092800008,17.358076304000065],[100.14624968100009,17.358986526000024],[100.14245461200005,17.35873422800006],[100.13978647600004,17.357655368000053],[100.13809805600005,17.354299153000056],[100.13589384200009,17.350186088000044],[100.13371521900007,17.350191342000073],[100.13217986500007,17.34819294500005],[100.13622266800007,17.342749923000042],[100.13473983500006,17.341671951000023],[100.13637469900004,17.33862126100007],[100.13502724500006,17.333929870000077],[100.13739005700006,17.332146512000065],[100.13708674500003,17.32759653900007],[100.13620895100007,17.326635236000072],[100.13838030300008,17.325281802000063],[100.14866040700008,17.32280120200005],[100.15023706100004,17.32023775400006],[100.14672065600007,17.31907417700006],[100.14557536100006,17.312491471000044],[100.14241810200008,17.30720188600003],[100.14186951900007,17.305186709000054],[100.14091065900004,17.294857069000045],[100.14100701400008,17.291682911000066],[100.14537652000007,17.287162073000047],[100.15361698800007,17.284247494000056],[100.16015078100008,17.28300581600007],[100.16579930000006,17.280391063000025],[100.17539176700006,17.27830988100004],[100.18103103100003,17.277713058000074],[100.19173089300006,17.27566872400007],[100.20192014200006,17.274391799000057],[100.20239106700006,17.272869409000066],[100.20843061400006,17.271772257000066],[100.21024562000008,17.268930977000025],[100.21514447600003,17.268509922000078],[100.22064505700007,17.266037695000023],[100.22254953300006,17.26410071500004],[100.22727367900006,17.262137168000038],[100.23118651000004,17.259085851000066],[100.24324864400006,17.25707363300006],[100.25721296800003,17.255576390000044],[100.26494549700004,17.25397913300003],[100.27369013300006,17.254106850000028],[100.27729441400004,17.25930972900005],[100.27796216600007,17.264668795000034],[100.27787583800006,17.268784692000054],[100.27572710000004,17.272216042000025],[100.27257952500008,17.27422550700004],[100.27218654200004,17.27771523800004],[100.27410927700004,17.284216297000057],[100.27375121900008,17.288346369000067],[100.27646365500004,17.291576031000034],[100.27496718500004,17.296282099000052],[100.27677047600008,17.299528442000053],[100.28103564400004,17.301230256000053],[100.28106582700008,17.30463142900004],[100.28219592100004,17.30673996200005],[100.28177690500007,17.313943047000066],[100.28065953300006,17.32085711700006],[100.28175355700006,17.322702890000073],[100.28166037300008,17.326284189000035],[100.28333648300008,17.336388123000063],[100.28978209700006,17.339486185000055],[100.29269858000004,17.34193119100007],[100.29381425100007,17.344967920000045],[100.29670863700005,17.347423424000056],[100.29480656900006,17.35587822800005],[100.29430113500007,17.36183287500006],[100.29478314600004,17.366038397000068],[100.29051633700004,17.372646372000077],[100.28891178000003,17.376113505000035],[100.28745386400004,17.378444006000052],[100.28054748400007,17.38361492200005],[100.27868860600006,17.384450282000046],[100.27737603400004,17.38691392000004],[100.27804011500007,17.39077006200006],[100.27503410900005,17.392136830000027],[100.27551497500008,17.394252820000077],[100.26879289300007,17.395026573000052],[100.26537083900007,17.397699964000026],[100.26044348500005,17.400326156000062],[100.25880450500006,17.40316752700005],[100.25605296500004,17.40357808300007],[100.25391289800007,17.40266027900003],[100.25260373900005,17.40174186200005],[100.25129167600005,17.39738134600003],[100.24945314800004,17.39434152900003],[100.24455881000006,17.392443658000047],[100.24304279300009,17.389841919000048],[100.24026757700005,17.389840806000052],[100.23717797000006,17.39117015200003],[100.23341213900005,17.39097417200003]]]},"properties":{"Shape_Leng":0.594364803977,"Shape_Area":0.0151477394127,"ADM3_EN":"Na Yang","ADM3_TH":"นายาง","ADM3_PCODE":"TH530711","ADM2_EN":"Phichai","ADM2_TH":"พิชัย","ADM2_PCODE":"TH5307","ADM1_EN":"Uttaradit","ADM1_TH":"อุตรดิตถ์","ADM1_PCODE":"TH53","ADM0_EN":"Thailand","ADM0_TH":"ประเทศไทย","ADM0_PCODE":"TH"}},
{"type":"Feature","geometry":{"type":"Polygon","coordinates":[[[100.03501006800008,17.653297516000066],[100.03511767300006,17.647344799000052],[100.04520969300006,17.647372679000057],[100.04509062900007,17.651367648000075],[100.04482936400007,17.660133767000048],[100.03488595800007,17.660163554000064],[100.03501006800008,17.653297516000066]]]},"properties":{"Shape_Leng":0.0456231125923,"Shape_Area":0.000128125452796,"ADM3_EN":"Si Phanom Mat","ADM3_TH":"ศรีพนมมาศ","ADM3_PCODE":"TH530801","ADM2_EN":"Laplae","ADM2_TH":"ลับแล","ADM2_PCODE":"TH5308","ADM1_EN":"Uttaradit","ADM1_TH":"อุตรดิตถ์","ADM1_PCODE":"TH53","ADM0_EN":"Thailand","ADM0_TH":"ประเทศไทย","ADM0_PCODE":"TH"}},
{"type":"Feature","geometry":{"type":"Polygon","coordinates":[[[100.04186156400004,17.731002087000036],[100.03449694300008,17.741000840000027],[100.03539004000004,17.746012115000042],[100.03495969800008,17.748951413000043],[100.03292702800007,17.751338222000072],[100.03040357500004,17.75753092900004],[100.02991148700005,17.762318083000025],[100.03316667600006,17.764056752000045],[100.03677553000006,17.76730612600005],[100.03643096300004,17.76945506000004],[100.03820108200006,17.772787636000032],[100.03647867500007,17.775541754000074],[100.03501376500009,17.775214094000034],[100.03167866000007,17.777174227000046],[100.03143552900008,17.778795753000054],[100.02908280200006,17.778349796000043],[100.02072296700004,17.78056861500005],[100.02023684700004,17.782208688000026],[100.01693651400007,17.783394688000044],[100.01422716200005,17.783409730000074],[100.00839826200007,17.785022008000055],[100.00525487900006,17.790116495000063],[100.00594066300005,17.794175211000038],[100.00367731200004,17.797295641000062],[100.00284186300007,17.80122301700004],[100.00112404200007,17.805000850000056],[99.99292669500005,17.811123762000022],[99.99079273100006,17.811911271000042],[99.99038138100008,17.81036987500005],[99.98420323600004,17.802332842000055],[99.98133931300003,17.800944060000063],[99.97802291800008,17.797154566000074],[99.97342482300007,17.79670392400004],[99.97131248000005,17.79883672400007],[99.96867919600004,17.799446129000046],[99.96425538600005,17.79736321400003],[99.96148565800007,17.792769901000042],[99.96189824400005,17.789600723000035],[99.96154931500007,17.783165266000026],[99.95962152600003,17.778376240000057],[99.95277804300008,17.778988973000025],[99.94990556800008,17.77716782400006],[99.94561195800009,17.777287260000037],[99.94289041800005,17.780664745000024],[99.93675568300006,17.781781485000067],[99.93596452600008,17.78451153000003],[99.93411763700004,17.786306014000047],[99.93235038200004,17.790150314000073],[99.92802724300009,17.78925965600007],[99.92513227600006,17.791868641000065],[99.91716757400008,17.79563050200005],[99.91628408100007,17.797632660000033],[99.91195113200007,17.79822514800003],[99.91093496100007,17.802965658000062],[99.90616000300008,17.805799714000045],[99.90297874000004,17.804018771000074],[99.90057958500006,17.80414822700004],[99.89449126700003,17.807192434000058],[99.89775910400004,17.80149515100004],[99.89917162500006,17.797169401000076],[99.90200197600007,17.797906373000046],[99.90232690500005,17.79646283900007],[99.90592407400004,17.79362026000007],[99.90759421700005,17.794660281000063],[99.91169965400007,17.795193518000076],[99.91325652600005,17.79384117500007],[99.91216544300005,17.792014438000024],[99.91402564300006,17.790933305000067],[99.91598278900005,17.79234997100002],[99.92216666800005,17.78636799700007],[99.92050384100008,17.78176521200004],[99.92479934000005,17.77556492700006],[99.92275878100008,17.76967449400007],[99.92036125800007,17.76673551300007],[99.91725242800004,17.767094649000057],[99.91450625200008,17.765401931000042],[99.91304296400006,17.76582221600006],[99.91146396300007,17.764034797000022],[99.91347017200007,17.760488348000024],[99.91425419900008,17.757449739000037],[99.91803425100005,17.75245853000007],[99.92016159800005,17.747974767000073],[99.92317268600004,17.74667359400007],[99.92637173700007,17.74303292600007],[99.92828856100004,17.74467091400004],[99.93009912900004,17.74441514800003],[99.93576258000007,17.735285930000032],[99.93933022100003,17.734590878000063],[99.94039343700007,17.73056648900007],[99.94353924800004,17.723797886000057],[99.94701621700005,17.72243059300007],[99.95195237600007,17.71912352000004],[99.95578010800006,17.71831016300007],[99.95685347900007,17.71634218400004],[99.96326640500007,17.711380365000025],[99.96351863900009,17.707217564000075],[99.96644203900007,17.702508796000075],[99.96544665900007,17.69665241900003],[99.96873723300007,17.692543671000067],[99.96795726500005,17.686742225000046],[99.96948858600007,17.68152145600004],[99.97135095300007,17.67863009100006],[99.97478556200008,17.671263399000054],[99.97329925100007,17.667488994000053],[99.97428128700005,17.660524141000053],[99.97722823800007,17.65699820100002],[99.97896131900006,17.656592919000047],[99.98501798900008,17.662775304000036],[99.98766985500004,17.663258867000025],[99.99447163700006,17.66189712000005],[99.99629523000004,17.665169579000064],[100.00084544900005,17.66827080300004],[100.00358298900005,17.672378699000035],[100.00731223900004,17.676393279000024],[100.00924496200008,17.679427673000077],[100.01322348000008,17.682826377000026],[100.01852396900006,17.68274316700007],[100.02569672000004,17.683507169000052],[100.02987036400003,17.692162503000077],[100.03302578900008,17.69486905100007],[100.03418126500009,17.69804156300006],[100.03130030200003,17.70396140500003],[100.03106817300005,17.705934220000074],[100.03844645900006,17.715136315000052],[100.04096922400004,17.720760575000043],[100.03979067400007,17.725171556000078],[100.04186156400004,17.731002087000036]]]},"properties":{"Shape_Leng":0.607194460198,"Shape_Area":0.0110664376801,"ADM3_EN":"Mae Phun","ADM3_TH":"แม่พูล","ADM3_PCODE":"TH530802","ADM2_EN":"Laplae","ADM2_TH":"ลับแล","ADM2_PCODE":"TH5308","ADM1_EN":"Uttaradit","ADM1_TH":"อุตรดิตถ์","ADM1_PCODE":"TH53","ADM0_EN":"Thailand","ADM0_TH":"ประเทศไทย","ADM0_PCODE":"TH"}},
{"type":"Feature","geometry":{"type":"Polygon","coordinates":[[[100.09471461800007,17.742685254000037],[100.09576968200008,17.746906081000077],[100.09891499800005,17.748793957000032],[100.10359519500008,17.756350862000033],[100.10150735100007,17.761212300000068],[100.09872034100005,17.762010445000044],[100.09724862800005,17.763601893000043],[100.09709752900005,17.76731729200003],[100.09482805900006,17.769068855000057],[100.09404648000003,17.77300101000003],[100.09145376400005,17.775177136000025],[100.08885129300006,17.775753654000027],[100.08388164700006,17.77477604300003],[100.08087084000005,17.775087936000034],[100.07914120900006,17.777471584000068],[100.07539572700006,17.778600776000076],[100.07344631300003,17.780484647000037],[100.07211820800006,17.784332988000074],[100.07201700500008,17.787320297000065],[100.06769647400006,17.792396456000063],[100.06532310000006,17.793798208000055],[100.06531797400004,17.796955952000076],[100.06306783100007,17.799576469000044],[100.06032759500005,17.799829127000066],[100.05126925900004,17.802808267000046],[100.04921117600009,17.805141948000028],[100.04570288400004,17.807214334000037],[100.03783606500008,17.807792392000067],[100.03602998700006,17.811517180000067],[100.03332442400006,17.81213381300006],[100.03013923700007,17.814171473000044],[100.02699795700005,17.81758149600006],[100.02467222700005,17.822664288000055],[100.02098923700004,17.82376904700004],[100.01749790500008,17.826033282000026],[100.01628216200004,17.82773257100007],[100.01444370200005,17.827666129000022],[100.01418261300006,17.822624822000023],[100.00980137000005,17.823659005000025],[100.00449326300009,17.82287572100006],[100.00190369300009,17.821566288000042],[99.99917442500004,17.821683670000027],[99.99961708400008,17.824175069000034],[99.99851035700004,17.827509187000032],[99.99527384200007,17.830758536000076],[99.99417953400007,17.830972288000055],[99.98861023100005,17.835040109000033],[99.98998838600005,17.82946093700002],[99.98603080400005,17.829086311000026],[99.98818451300008,17.820036747000074],[99.99031774900004,17.816870701000028],[99.99079273100006,17.811911271000042],[99.99292669500005,17.811123762000022],[100.00112404200007,17.805000850000056],[100.00284186300007,17.80122301700004],[100.00367731200004,17.797295641000062],[100.00594066300005,17.794175211000038],[100.00525487900006,17.790116495000063],[100.00839826200007,17.785022008000055],[100.01422716200005,17.783409730000074],[100.01693651400007,17.783394688000044],[100.02023684700004,17.782208688000026],[100.02072296700004,17.78056861500005],[100.02908280200006,17.778349796000043],[100.03143552900008,17.778795753000054],[100.03167866000007,17.777174227000046],[100.03501376500009,17.775214094000034],[100.03647867500007,17.775541754000074],[100.03820108200006,17.772787636000032],[100.03643096300004,17.76945506000004],[100.03677553000006,17.76730612600005],[100.03316667600006,17.764056752000045],[100.02991148700005,17.762318083000025],[100.03040357500004,17.75753092900004],[100.03292702800007,17.751338222000072],[100.03495969800008,17.748951413000043],[100.03539004000004,17.746012115000042],[100.03449694300008,17.741000840000027],[100.04186156400004,17.731002087000036],[100.04369958300003,17.73149729200003],[100.04669022700006,17.730584144000034],[100.05158781500006,17.727656575000026],[100.05367164600005,17.724133582000036],[100.05593382100005,17.727233201000047],[100.05836194800008,17.727038669000024],[100.06186520500006,17.723268026000028],[100.06467758900004,17.721749421000027],[100.06575913400007,17.71999174800004],[100.06988709400008,17.718503317000057],[100.07308637300008,17.72245303400007],[100.08039368300007,17.718522129000064],[100.08551787200008,17.71889307200007],[100.08759191900003,17.717614903000026],[100.09165600400007,17.71934748700005],[100.09084481800005,17.72250768200007],[100.09164616900006,17.72399467300005],[100.09190686900007,17.73603479700006],[100.09466050700007,17.740650799000036],[100.09471461800007,17.742685254000037]]]},"properties":{"Shape_Leng":0.430756597362,"Shape_Area":0.00566436655176,"ADM3_EN":"Na Nok Kok","ADM3_TH":"นานกกก","ADM3_PCODE":"TH530803","ADM2_EN":"Laplae","ADM2_TH":"ลับแล","ADM2_PCODE":"TH5308","ADM1_EN":"Uttaradit","ADM1_TH":"อุตรดิตถ์","ADM1_PCODE":"TH53","ADM0_EN":"Thailand","ADM0_TH":"ประเทศไทย","ADM0_PCODE":"TH"}},
{"type":"Feature","geometry":{"type":"Polygon","coordinates":[[[100.08954448000009,17.682398216000024],[100.09121104700006,17.68765785100004],[100.08997080000006,17.694026373000042],[100.08600214700004,17.69883803600004],[100.08551442400005,17.702401378000047],[100.08667325500005,17.707917690000045],[100.08759191900003,17.717614903000026],[100.08551787200008,17.71889307200007],[100.08039368300007,17.718522129000064],[100.07308637300008,17.72245303400007],[100.06988709400008,17.718503317000057],[100.06575913400007,17.71999174800004],[100.06467758900004,17.721749421000027],[100.06186520500006,17.723268026000028],[100.05836194800008,17.727038669000024],[100.05593382100005,17.727233201000047],[100.05367164600005,17.724133582000036],[100.05158781500006,17.727656575000026],[100.04669022700006,17.730584144000034],[100.04369958300003,17.73149729200003],[100.04186156400004,17.731002087000036],[100.03979067400007,17.725171556000078],[100.04096922400004,17.720760575000043],[100.03844645900006,17.715136315000052],[100.03106817300005,17.705934220000074],[100.03130030200003,17.70396140500003],[100.03418126500009,17.69804156300006],[100.03302578900008,17.69486905100007],[100.02987036400003,17.692162503000077],[100.02569672000004,17.683507169000052],[100.01852396900006,17.68274316700007],[100.01322348000008,17.682826377000026],[100.00924496200008,17.679427673000077],[100.00731223900004,17.676393279000024],[100.00358298900005,17.672378699000035],[100.00084544900005,17.66827080300004],[99.99629523000004,17.665169579000064],[99.99447163700006,17.66189712000005],[99.98766985500004,17.663258867000025],[99.98501798900008,17.662775304000036],[99.97896131900006,17.656592919000047],[99.97722823800007,17.65699820100002],[99.97563656700004,17.65319478500004],[99.97606433600004,17.650811689000022],[99.97445199800006,17.647065782000027],[99.96979442900005,17.64276114200004],[99.96873641400003,17.63888045300007],[99.96602649200008,17.63239351200002],[99.96665500900008,17.628630002000023],[99.97000792900008,17.626618302000054],[99.97296626800005,17.623098851000066],[99.97690698700006,17.622210059000054],[99.98265454400007,17.625724114000036],[99.98611236300007,17.62871173800005],[99.99374555000009,17.633133287000078],[99.99869334900006,17.637062064000077],[100.00253297200004,17.637422145000073],[100.00895907000006,17.640183354000044],[100.01269383800008,17.644090148000032],[100.01644181100005,17.647008620000065],[100.02045974800006,17.647746980000022],[100.02539752700005,17.647795148000057],[100.03501006800008,17.653297516000066],[100.03488595800007,17.660163554000064],[100.04482936400007,17.660133767000048],[100.04509062900007,17.651367648000075],[100.04924696200004,17.65113892000005],[100.06587495600007,17.645198853000068],[100.06670956500005,17.651016051000056],[100.07308104800006,17.65799015300007],[100.07283801300008,17.662136227000076],[100.07029828400005,17.668616172000043],[100.06703769900008,17.67520762500004],[100.06666510700006,17.67727835000005],[100.07117400300007,17.678523040000073],[100.08008845900008,17.67790360500004],[100.08197338000008,17.679456617000028],[100.08627357700004,17.677546704000065],[100.08793801200005,17.67797534600004],[100.08954448000009,17.682398216000024]]]},"properties":{"Shape_Leng":0.438909555476,"Shape_Area":0.00554848169117,"ADM3_EN":"Fai Luang","ADM3_TH":"ฝายหลวง","ADM3_PCODE":"TH530804","ADM2_EN":"Laplae","ADM2_TH":"ลับแล","ADM2_PCODE":"TH5308","ADM1_EN":"Uttaradit","ADM1_TH":"อุตรดิตถ์","ADM1_PCODE":"TH53","ADM0_EN":"Thailand","ADM0_TH":"ประเทศไทย","ADM0_PCODE":"TH"}},
{"type":"Feature","geometry":{"type":"Polygon","coordinates":[[[100.06587495600007,17.645198853000068],[100.04924696200004,17.65113892000005],[100.04509062900007,17.651367648000075],[100.04520969300006,17.647372679000057],[100.03511767300006,17.647344799000052],[100.03501006800008,17.653297516000066],[100.02539752700005,17.647795148000057],[100.02045974800006,17.647746980000022],[100.01644181100005,17.647008620000065],[100.01269383800008,17.644090148000032],[100.00895907000006,17.640183354000044],[100.00253297200004,17.637422145000073],[99.99869334900006,17.637062064000077],[99.99374555000009,17.633133287000078],[99.98611236300007,17.62871173800005],[99.98265454400007,17.625724114000036],[99.97690698700006,17.622210059000054],[99.96581280900006,17.613379604000045],[99.96061891600004,17.610387041000024],[99.95828611900004,17.606068572000027],[99.95600508400008,17.603639257000054],[99.94020481200005,17.592150830000037],[99.93193738800005,17.58916599400004],[99.92705719100007,17.588598312000045],[99.92374291500005,17.58594420000003],[99.92421976200006,17.582383565000043],[99.92347772500005,17.58015193400007],[99.92611227100008,17.57055073400005],[99.92479563500007,17.568652693000047],[99.92565982500008,17.565639963000024],[99.92733977000006,17.564067718000047],[99.95708981600006,17.57916349800007],[99.97535543000004,17.588420663000022],[99.97667651300009,17.588804846000073],[99.99797632300005,17.592064470000025],[100.00017161100004,17.59287815400006],[100.01421718500006,17.600079402000063],[100.01797719900009,17.600371842000072],[100.01788447600006,17.602860113000077],[100.01448160100006,17.607740207000063],[100.01262640600004,17.608010112000045],[100.01499529300008,17.612050945000078],[100.02014721200004,17.613982252000028],[100.02272913800005,17.61195409100003],[100.02562465900007,17.615432085000066],[100.02824214500004,17.616517231000046],[100.03702173400006,17.616400643000077],[100.03852490700007,17.617620732000034],[100.04519187600005,17.618291616000022],[100.04559018800006,17.616325432000053],[100.05215064000004,17.618035768000027],[100.05929661700009,17.612870034000025],[100.05850005800005,17.611394462000078],[100.06115645200003,17.609146241000076],[100.06710674900006,17.61024918800007],[100.07556393800007,17.61846969800007],[100.07556585700007,17.622760695000068],[100.07399413300004,17.626000662000024],[100.07249780300003,17.626708938000036],[100.06765977700007,17.626725159000046],[100.06569111600004,17.627797908000048],[100.06549215000007,17.640668774000062],[100.06587495600007,17.645198853000068]]]},"properties":{"Shape_Leng":0.433761155092,"Shape_Area":0.00474419173032,"ADM3_EN":"Chai Chumphon","ADM3_TH":"ชัยจุมพล","ADM3_PCODE":"TH530805","ADM2_EN":"Laplae","ADM2_TH":"ลับแล","ADM2_PCODE":"TH5308","ADM1_EN":"Uttaradit","ADM1_TH":"อุตรดิตถ์","ADM1_PCODE":"TH53","ADM0_EN":"Thailand","ADM0_TH":"ประเทศไทย","ADM0_PCODE":"TH"}},
{"type":"Feature","geometry":{"type":"Polygon","coordinates":[[[100.07053992400006,17.59336175100003],[100.06421382900004,17.590994651000074],[100.06498045900008,17.588959802000034],[100.06045812300005,17.58589342700003],[100.05987341600007,17.583777201000032],[100.05957584800007,17.575804487000028],[100.05455184300007,17.573432634000028],[100.05116924600009,17.573489694000045],[100.04694890300004,17.571811221000075],[100.04173747400006,17.57130114000006],[100.04148691000006,17.57204411500004],[100.03626722900003,17.571062425000036],[100.03103904000005,17.57086319800004],[100.02869818900007,17.565602672000068],[100.02910801500008,17.562698486000045],[100.02422431400004,17.558861883000077],[100.02100753200006,17.557035598000027],[100.01774378700009,17.556716700000038],[100.01406806300008,17.553791610000076],[100.01314672200004,17.551164009000047],[99.99989454000007,17.53582324300004],[99.99875404800008,17.533614441000054],[99.98281462600005,17.511360376000027],[99.98601317500004,17.50815381600006],[99.99163262000008,17.497942590000036],[99.99527878800006,17.494639192000022],[99.99634560700008,17.49280937900005],[100.00059188700004,17.489651098000024],[100.00292388200006,17.488889948000065],[100.00741807400004,17.484681478000027],[100.01388836500007,17.480106805000048],[100.01783453300004,17.481533614000057],[100.03233329600005,17.486674352000023],[100.08024985800006,17.511647835000076],[100.07853660800004,17.513480249000054],[100.07308282500009,17.52181039000004],[100.06872953000004,17.525573053000073],[100.06710447400008,17.528455413000074],[100.06606079700003,17.533578460000058],[100.06897303600005,17.541068774000053],[100.06768601500005,17.54521221400006],[100.06785919000004,17.554001105000054],[100.06717801500008,17.554495966000047],[100.07011350100004,17.566185578000045],[100.06980778100007,17.573563585000045],[100.07177103800007,17.57749485000005],[100.07364393600005,17.577287100000035],[100.07430121300007,17.579557155000032],[100.07673879300006,17.582795563000047],[100.07681322900004,17.588201628000036],[100.07550362700005,17.590456268000025],[100.07346710000007,17.59022874300007],[100.07053992400006,17.59336175100003]]]},"properties":{"Shape_Leng":0.357050909411,"Shape_Area":0.00576646153051,"ADM3_EN":"Phai Lom","ADM3_TH":"ไผ่ล้อม","ADM3_PCODE":"TH530806","ADM2_EN":"Laplae","ADM2_TH":"ลับแล","ADM2_PCODE":"TH5308","ADM1_EN":"Uttaradit","ADM1_TH":"อุตรดิตถ์","ADM1_PCODE":"TH53","ADM0_EN":"Thailand","ADM0_TH":"ประเทศไทย","ADM0_PCODE":"TH"}},
{"type":"Feature","geometry":{"type":"Polygon","coordinates":[[[100.06115645200003,17.609146241000076],[100.05850005800005,17.611394462000078],[100.05929661700009,17.612870034000025],[100.05215064000004,17.618035768000027],[100.04559018800006,17.616325432000053],[100.04519187600005,17.618291616000022],[100.03852490700007,17.617620732000034],[100.03702173400006,17.616400643000077],[100.02824214500004,17.616517231000046],[100.02562465900007,17.615432085000066],[100.02272913800005,17.61195409100003],[100.02014721200004,17.613982252000028],[100.01499529300008,17.612050945000078],[100.01262640600004,17.608010112000045],[100.01448160100006,17.607740207000063],[100.01788447600006,17.602860113000077],[100.01797719900009,17.600371842000072],[100.01421718500006,17.600079402000063],[100.00017161100004,17.59287815400006],[99.99797632300005,17.592064470000025],[99.97667651300009,17.588804846000073],[99.97535543000004,17.588420663000022],[99.95708981600006,17.57916349800007],[99.95858272000004,17.57765492300007],[99.96252775400006,17.576711250000074],[99.96432117200004,17.56751975800006],[99.96698828200005,17.565877374000024],[99.96907285200007,17.56686986400007],[99.97248707000006,17.564014275000034],[99.97408139300006,17.56104188000006],[99.97568840300005,17.561078294000026],[99.97678342200004,17.546897516000058],[99.98018601400008,17.547938670000065],[99.98319889700008,17.542769322000026],[99.99041246400009,17.537374107000062],[99.99875404800008,17.533614441000054],[99.99989454000007,17.53582324300004],[100.01314672200004,17.551164009000047],[100.01406806300008,17.553791610000076],[100.01774378700009,17.556716700000038],[100.02100753200006,17.557035598000027],[100.02422431400004,17.558861883000077],[100.02910801500008,17.562698486000045],[100.02869818900007,17.565602672000068],[100.03103904000005,17.57086319800004],[100.03626722900003,17.571062425000036],[100.04148691000006,17.57204411500004],[100.04173747400006,17.57130114000006],[100.04694890300004,17.571811221000075],[100.05116924600009,17.573489694000045],[100.05455184300007,17.573432634000028],[100.05957584800007,17.575804487000028],[100.05987341600007,17.583777201000032],[100.06045812300005,17.58589342700003],[100.06498045900008,17.588959802000034],[100.06421382900004,17.590994651000074],[100.07053992400006,17.59336175100003],[100.06687102200004,17.601032172000032],[100.06524687700005,17.600621017000037],[100.06394773500006,17.602541760000065],[100.06330791900007,17.606399659000033],[100.06115645200003,17.609146241000076]]]},"properties":{"Shape_Leng":0.361304279834,"Shape_Area":0.0045451441529,"ADM3_EN":"Thung Yang","ADM3_TH":"ทุ่งยั้ง","ADM3_PCODE":"TH530807","ADM2_EN":"Laplae","ADM2_TH":"ลับแล","ADM2_PCODE":"TH5308","ADM1_EN":"Uttaradit","ADM1_TH":"อุตรดิตถ์","ADM1_PCODE":"TH53","ADM0_EN":"Thailand","ADM0_TH":"ประเทศไทย","ADM0_PCODE":"TH"}},
{"type":"Feature","geometry":{"type":"Polygon","coordinates":[[[99.98281462600005,17.511360376000027],[99.99875404800008,17.533614441000054],[99.99041246400009,17.537374107000062],[99.98319889700008,17.542769322000026],[99.98018601400008,17.547938670000065],[99.97678342200004,17.546897516000058],[99.97568840300005,17.561078294000026],[99.97408139300006,17.56104188000006],[99.97248707000006,17.564014275000034],[99.96907285200007,17.56686986400007],[99.96698828200005,17.565877374000024],[99.96432117200004,17.56751975800006],[99.96252775400006,17.576711250000074],[99.95858272000004,17.57765492300007],[99.95708981600006,17.57916349800007],[99.92733977000006,17.564067718000047],[99.93414283000004,17.559160331000044],[99.93788283600009,17.552039499000045],[99.94063233300005,17.550488319000067],[99.94065598300006,17.54752983700007],[99.94269477700004,17.54525734500004],[99.94014263400004,17.539855042000056],[99.94029790800005,17.53735746900003],[99.94231236600007,17.53633609800005],[99.94300955100005,17.53354665200004],[99.94572559600005,17.533263832000046],[99.94509946100004,17.531898083000044],[99.94800479100007,17.531057881000038],[99.95326060400004,17.52158883900006],[99.95447669300006,17.520601833000057],[99.95947743700003,17.521691881000038],[99.96187987500008,17.517732292000062],[99.96877758300008,17.512089584000023],[99.97419360500004,17.51077669500006],[99.97617229200006,17.513850610000077],[99.97906884000008,17.513291851000076],[99.98281462600005,17.511360376000027]]]},"properties":{"Shape_Leng":0.248288030523,"Shape_Area":0.00239039374731,"ADM3_EN":"Dan Mae Kham Man","ADM3_TH":"ด่านแม่คำมัน","ADM3_PCODE":"TH530808","ADM2_EN":"Laplae","ADM2_TH":"ลับแล","ADM2_PCODE":"TH5308","ADM1_EN":"Uttaradit","ADM1_TH":"อุตรดิตถ์","ADM1_PCODE":"TH53","ADM0_EN":"Thailand","ADM0_TH":"ประเทศไทย","ADM0_PCODE":"TH"}},
{"type":"Feature","geometry":{"type":"Polygon","coordinates":[[[100.37459862100008,17.59520150000003],[100.37533699200009,17.591722616000027],[100.37766279100003,17.588019880000047],[100.37911004800009,17.580996586000026],[100.37849748900004,17.57831094200003],[100.37554729500005,17.57452959400007],[100.37190079000004,17.572180881000065],[100.36981287400005,17.569809534000058],[100.37030783400007,17.56464668500007],[100.36826752900004,17.55933366900007],[100.36815778600004,17.556341687000042],[100.36966563500005,17.549899320000065],[100.36733492000008,17.54747379500003],[100.36390128500005,17.545362789000023],[100.36058674900005,17.544583328000044],[100.35814335100008,17.542625857000075],[100.35717189400003,17.540093210000066],[100.34976619400004,17.533781566000073],[100.34901360600009,17.53230774800005],[100.34530447500003,17.529377685000043],[100.34075164600006,17.528749282000035],[100.33735618900005,17.527542668000024],[100.33590685100006,17.52519717000007],[100.34560144000005,17.523518977000037],[100.34791929700003,17.519022992000032],[100.34721487700006,17.51605160500003],[100.34749970900003,17.51204342500006],[100.35015952600008,17.509825403000036],[100.35154385200008,17.509856442000057],[100.35573234100008,17.505950394000024],[100.35532137500007,17.504301405000035],[100.35726034600003,17.49618569300003],[100.35624977400005,17.49446286500006],[100.35864102100004,17.493894555000054],[100.36168578600007,17.495085454000048],[100.36709354200008,17.491808063000065],[100.37105945400003,17.491435298000056],[100.37395157600008,17.490038896000044],[100.37205755600007,17.487252221000062],[100.37235186300006,17.48102269800006],[100.37087553700007,17.478362064000066],[100.36589233500007,17.47403322200006],[100.36276232900008,17.473140889000035],[100.36429434200005,17.470911301000058],[100.36652558100008,17.470549694000056],[100.36935523400007,17.47158558600006],[100.37028205100006,17.470530052000072],[100.37137112500005,17.473435648000077],[100.37575829000008,17.47104163700004],[100.37836300900005,17.47226519800006],[100.37878165500007,17.469876872000043],[100.37722725600008,17.46854206300003],[100.38099975600005,17.46670172000006],[100.38694944100007,17.465291258000036],[100.39169032900008,17.465040139000052],[100.39710140900007,17.46555047000004],[100.39973628500007,17.46922352400003],[100.40475011300003,17.47374875500003],[100.41118573700004,17.47674359100006],[100.41340718000004,17.475298679000048],[100.41472610500006,17.472452933000056],[100.41931005500004,17.473079013000074],[100.42189227500006,17.47259001900005],[100.42177949600006,17.474512376000064],[100.41949276300005,17.47811355500005],[100.42758792000006,17.479206748000024],[100.42946787000005,17.477267319000077],[100.42515640500005,17.473284490000026],[100.42766424800004,17.471156742000062],[100.42741841400004,17.46887366800007],[100.43120532900008,17.469041037000068],[100.43316396300008,17.47061744900003],[100.43226246800003,17.471907524000073],[100.43446626500008,17.475932924000062],[100.43770592700008,17.479006517000073],[100.43683676200004,17.481389254000078],[100.43844442400007,17.48425482500005],[100.44240538900004,17.48544000800007],[100.44489022500005,17.49042736000007],[100.44771488300006,17.491288677000057],[100.45089782100007,17.493973544000028],[100.45907468000007,17.491887234000046],[100.46256417400008,17.495176757000024],[100.46931873500006,17.497222178000072],[100.47089700700008,17.499709239000026],[100.47438098400005,17.500437213000055],[100.47670576900003,17.501970120000067],[100.47938363200007,17.505634145000045],[100.48155646500004,17.506383912000047],[100.48444430400008,17.509359347000043],[100.48749057800006,17.50921494800002],[100.49099447900005,17.511451102000024],[100.49920603500004,17.511186475000045],[100.49902580000008,17.515005176000045],[100.50013333900006,17.51751250600006],[100.50062240500006,17.523511459000076],[100.49810027400008,17.525576528000045],[100.49656572700007,17.528677016000074],[100.49198423600006,17.53159346800004],[100.48783688100008,17.530780764000042],[100.48923153300007,17.53491802800005],[100.49134009000005,17.536032644000045],[100.49210518700005,17.53826395300007],[100.48328536600008,17.54274673200007],[100.47997601100008,17.54535088800003],[100.47705009000003,17.545615542000064],[100.47382299600008,17.548831996000047],[100.46577076100004,17.55031378700005],[100.45682119500003,17.555896790000077],[100.44857655900006,17.565049182000052],[100.44586740200003,17.567519808000043],[100.44533726500003,17.571398732000034],[100.44347545600004,17.57669499600007],[100.44511921300005,17.57961509100005],[100.44323600200005,17.585079996000047],[100.44298678500007,17.58750371800005],[100.43971968900007,17.592656678000026],[100.44040159100007,17.59646969000005],[100.44084780800006,17.60896656600005],[100.44066709000003,17.611121603000072],[100.43756680100006,17.607696675000057],[100.43015286200006,17.605550122000068],[100.42680242800009,17.606197490000056],[100.42489771600003,17.60919923800003],[100.42618691000007,17.613145228000064],[100.42536151900003,17.617270572000052],[100.42104464100004,17.620283035000057],[100.41920894400005,17.62302774400007],[100.41386867800009,17.622434531000067],[100.41266829900007,17.621200642000076],[100.40772836500008,17.617110713000045],[100.40418768500007,17.611043881000057],[100.40413247200007,17.608053253000037],[100.39502362900004,17.601992349000056],[100.39341447700008,17.60013933700003],[100.39129580900004,17.600574409000046],[100.38900948100007,17.59877864300006],[100.38251025400007,17.599257503000047],[100.37794144500003,17.597044288000063],[100.37539932300007,17.59670094200004],[100.37459862100008,17.59520150000003]]]},"properties":{"Shape_Leng":0.65291694043,"Shape_Area":0.0133948476592,"ADM3_EN":"Phak Khuang","ADM3_TH":"ผักขวง","ADM3_PCODE":"TH530901","ADM2_EN":"Thong Saen Khan","ADM2_TH":"ทองแสนขัน","ADM2_PCODE":"TH5309","ADM1_EN":"Uttaradit","ADM1_TH":"อุตรดิตถ์","ADM1_PCODE":"TH53","ADM0_EN":"Thailand","ADM0_TH":"ประเทศไทย","ADM0_PCODE":"TH"}},
{"type":"Feature","geometry":{"type":"Polygon","coordinates":[[[100.49920603500004,17.511186475000045],[100.49099447900005,17.511451102000024],[100.48749057800006,17.50921494800002],[100.48444430400008,17.509359347000043],[100.48155646500004,17.506383912000047],[100.47938363200007,17.505634145000045],[100.47670576900003,17.501970120000067],[100.47438098400005,17.500437213000055],[100.47089700700008,17.499709239000026],[100.46931873500006,17.497222178000072],[100.46256417400008,17.495176757000024],[100.45907468000007,17.491887234000046],[100.45089782100007,17.493973544000028],[100.44771488300006,17.491288677000057],[100.44489022500005,17.49042736000007],[100.44240538900004,17.48544000800007],[100.43844442400007,17.48425482500005],[100.43683676200004,17.481389254000078],[100.43770592700008,17.479006517000073],[100.43446626500008,17.475932924000062],[100.43226246800003,17.471907524000073],[100.43316396300008,17.47061744900003],[100.43120532900008,17.469041037000068],[100.42741841400004,17.46887366800007],[100.42766424800004,17.471156742000062],[100.42515640500005,17.473284490000026],[100.42946787000005,17.477267319000077],[100.42758792000006,17.479206748000024],[100.41949276300005,17.47811355500005],[100.42177949600006,17.474512376000064],[100.42189227500006,17.47259001900005],[100.41931005500004,17.473079013000074],[100.41472610500006,17.472452933000056],[100.41340718000004,17.475298679000048],[100.41118573700004,17.47674359100006],[100.40475011300003,17.47374875500003],[100.39973628500007,17.46922352400003],[100.39710140900007,17.46555047000004],[100.39169032900008,17.465040139000052],[100.38694944100007,17.465291258000036],[100.38099975600005,17.46670172000006],[100.37722725600008,17.46854206300003],[100.37878165500007,17.469876872000043],[100.37836300900005,17.47226519800006],[100.37575829000008,17.47104163700004],[100.37137112500005,17.473435648000077],[100.37028205100006,17.470530052000072],[100.36935523400007,17.47158558600006],[100.36652558100008,17.470549694000056],[100.36429434200005,17.470911301000058],[100.36276232900008,17.473140889000035],[100.36589233500007,17.47403322200006],[100.37087553700007,17.478362064000066],[100.37235186300006,17.48102269800006],[100.37205755600007,17.487252221000062],[100.37395157600008,17.490038896000044],[100.37105945400003,17.491435298000056],[100.36709354200008,17.491808063000065],[100.36168578600007,17.495085454000048],[100.35864102100004,17.493894555000054],[100.35624977400005,17.49446286500006],[100.35726034600003,17.49618569300003],[100.35532137500007,17.504301405000035],[100.35573234100008,17.505950394000024],[100.35154385200008,17.509856442000057],[100.35015952600008,17.509825403000036],[100.34749970900003,17.51204342500006],[100.34721487700006,17.51605160500003],[100.34791929700003,17.519022992000032],[100.34560144000005,17.523518977000037],[100.33590685100006,17.52519717000007],[100.33541598100004,17.52136403700007],[100.33088482400007,17.516994616000034],[100.33053853400008,17.515271378000023],[100.32694386900005,17.51387231500007],[100.32288163000004,17.509841988000062],[100.31739939200008,17.50847245400007],[100.31178041100009,17.505561619000048],[100.30703544000005,17.499893635000035],[100.30614823800005,17.49565470700003],[100.30341552300007,17.49141899600005],[100.30124268400004,17.48363749300006],[100.30045192400007,17.474384212000075],[100.29976274400008,17.47130519700005],[100.29326447700004,17.45171576900003],[100.28749890600005,17.440075233000073],[100.28028056300008,17.43430256000005],[100.27421422100008,17.43133696800004],[100.27181925800005,17.42460720500003],[100.26741581300007,17.418474052000022],[100.26717790500004,17.416222192000077],[100.26439390200005,17.413790796000058],[100.26130273500007,17.40799308800007],[100.26270250900006,17.405855383000073],[100.25991616300007,17.404853049000053],[100.25880450500006,17.40316752700005],[100.26044348500005,17.400326156000062],[100.26537083900007,17.397699964000026],[100.26879289300007,17.395026573000052],[100.27551497500008,17.394252820000077],[100.27503410900005,17.392136830000027],[100.27804011500007,17.39077006200006],[100.27737603400004,17.38691392000004],[100.27868860600006,17.384450282000046],[100.28054748400007,17.38361492200005],[100.28745386400004,17.378444006000052],[100.28891178000003,17.376113505000035],[100.29023752700004,17.376447332000055],[100.29525303900004,17.374346815000024],[100.29899743500005,17.37504490500004],[100.30651959700003,17.382952000000046],[100.30761722400007,17.383015632000024],[100.31534453600005,17.374111971000048],[100.32128097700007,17.370124404000023],[100.32158821300004,17.368485469000063],[100.32551324100007,17.369369664000033],[100.32646212700007,17.373319081000034],[100.32995353100006,17.37790609500007],[100.33051644500006,17.381294763000028],[100.32848911700006,17.385323827000036],[100.33050078900004,17.387010942000074],[100.33517821500004,17.389178053000023],[100.33757404600004,17.38918467800005],[100.34238471300006,17.386948392000022],[100.34567249500009,17.388699657000075],[100.34861023500008,17.39260056100005],[100.35073062900005,17.390450215000044],[100.35581438000008,17.382850048000023],[100.35810045400007,17.384789203000025],[100.36473462200007,17.388998962000073],[100.37077059300003,17.390498700000023],[100.38040074500003,17.39677228900007],[100.38909383000004,17.400779947000046],[100.39074904400007,17.404281156000025],[100.39216341500008,17.40480387200006],[100.39728374900005,17.402983368000037],[100.40413990500008,17.405156180000063],[100.40714358600007,17.40745793700006],[100.41306613000006,17.408673845000067],[100.41519014500005,17.410143185000038],[100.41846467200008,17.410805461000052],[100.42187172500007,17.412577206000037],[100.42497796100008,17.41740482000006],[100.42508243500004,17.41946069200003],[100.42738272900004,17.421434865000037],[100.42920597500006,17.41923286900004],[100.43350731400005,17.41834647400003],[100.43571933400005,17.41669319400006],[100.44653931100004,17.423730955000053],[100.45001703100007,17.42317878500006],[100.45168379600005,17.419755974000054],[100.45456768000008,17.418006951000052],[100.46900203900003,17.420835140000065],[100.47434875200008,17.420439443000078],[100.47741809200005,17.418297805000066],[100.48127704500007,17.417846375000067],[100.48829895400007,17.419550377000064],[100.49200464600005,17.42257495700005],[100.49539315900006,17.422871392000047],[100.49815989300004,17.42652608800006],[100.50150787300004,17.428837475000023],[100.50692635700005,17.42525362300006],[100.50792981300003,17.422347486000035],[100.50824559000006,17.415558012000076],[100.50719185400004,17.414075896000043],[100.50854321000008,17.41271843000004],[100.50661331000003,17.409699628000055],[100.50967876600004,17.406586240000024],[100.51272639400008,17.406217226000024],[100.51270770800005,17.404654462000053],[100.51727746200004,17.40740525800004],[100.51540699600008,17.408136510000077],[100.51732819800009,17.40978116100007],[100.51966079600004,17.40773180700006],[100.52246815700005,17.408061445000044],[100.52149397100004,17.410205035000047],[100.52478695600007,17.410923058000037],[100.52761881600009,17.413257869000063],[100.52951977900005,17.41217148800007],[100.52912245100003,17.415845577000027],[100.53027572600007,17.41711346200003],[100.53236307700007,17.413769036000076],[100.53500286700006,17.415522628000076],[100.53736721700005,17.415412623000066],[100.53768771200004,17.41859184200007],[100.54173455000006,17.41569800600007],[100.54320081700007,17.416768567000076],[100.54760215500005,17.416463573000044],[100.55095519800005,17.414536075000058],[100.55333812200007,17.41564889500006],[100.56128149200003,17.417349348000073],[100.56523929900004,17.420312505000027],[100.56751943700004,17.419875355000045],[100.57086211700005,17.422234135000053],[100.57356334700006,17.421351697000034],[100.57562290000004,17.42203225700007],[100.57814615800004,17.42053624500005],[100.58177675000007,17.421267080000064],[100.58490059200005,17.418943085000024],[100.59053535700008,17.421048159000065],[100.59221027300003,17.421109388000048],[100.59682141100006,17.423290273000077],[100.60322151700007,17.427856689000066],[100.60256693000008,17.43299435600005],[100.60007207700005,17.436753072000045],[100.60262292900006,17.440013429000032],[100.60192066300004,17.442730251000057],[100.60313866700005,17.448091910000073],[100.60544821900004,17.449792557000023],[100.60696979300008,17.452282883000066],[100.60843479900007,17.457455726000035],[100.61210037200004,17.46278286200004],[100.61306019500006,17.46551706400004],[100.61811546400008,17.468758421000075],[100.62099268100008,17.468419460000064],[100.62551727800007,17.472121128000026],[100.62949384500007,17.47433858000005],[100.63361097900008,17.473549751000064],[100.63709359900008,17.47404565100004],[100.64118682500003,17.47336812900005],[100.64413885000005,17.473796754000034],[100.64536051200008,17.475657328000068],[100.64493166300008,17.478621383000075],[100.64326048800007,17.482549822000067],[100.64488471900006,17.485179883000058],[100.64152931600006,17.489715665000062],[100.64224795900009,17.493273862000024],[100.64508423600006,17.494401995000032],[100.64571571400006,17.50320587300007],[100.64384497600008,17.50773567300007],[100.64413503400004,17.510328101000027],[100.63949141600006,17.51384289400005],[100.63870682800007,17.51709707400005],[100.64071626000003,17.51973454000006],[100.63319848000003,17.527512385000023],[100.62825104000007,17.525562518000072],[100.62524494700006,17.527482968000072],[100.61946056000005,17.52951803600007],[100.61874168900005,17.531343852000077],[100.61167681600006,17.529710382000076],[100.60813011700009,17.52951245400004],[100.60462284300007,17.52687766500003],[100.60400024500007,17.525183147000064],[100.59951944200009,17.521756267000058],[100.59709697300008,17.518506670000022],[100.59373980100008,17.517813267000065],[100.58734087900007,17.51270039700006],[100.58193154000008,17.509566214000074],[100.57611332800008,17.51031775900003],[100.57484038200005,17.509342040000035],[100.57017544200005,17.501750213000037],[100.56792644700005,17.500296828000046],[100.56125289900007,17.498961678000057],[100.56006457600006,17.497697020000032],[100.55760042900005,17.497875614000066],[100.55493151100006,17.49999712600004],[100.55067439400005,17.49657241600005],[100.54862123300006,17.493024250000076],[100.54467804400008,17.489308764000043],[100.54481102200003,17.487275388000057],[100.54056758200005,17.483539397000072],[100.53860503600004,17.480242305000047],[100.53613072000007,17.481128803000047],[100.53328767000005,17.486639264000075],[100.52958300100005,17.489513742000042],[100.52925474200003,17.491899370000056],[100.53046161500004,17.50083661900004],[100.52472122100005,17.50476540300002],[100.52331058700008,17.507620028000076],[100.52371304100006,17.510383037000054],[100.51379665200005,17.51095977800003],[100.50910433400009,17.507804735000036],[100.50739623300007,17.50755964900003],[100.49920603500004,17.511186475000045]]]},"properties":{"Shape_Leng":1.30035380419,"Shape_Area":0.031238344382,"ADM3_EN":"Bo Thong","ADM3_TH":"บ่อทอง","ADM3_PCODE":"TH530902","ADM2_EN":"Thong Saen Khan","ADM2_TH":"ทองแสนขัน","ADM2_PCODE":"TH5309","ADM1_EN":"Uttaradit","ADM1_TH":"อุตรดิตถ์","ADM1_PCODE":"TH53","ADM0_EN":"Thailand","ADM0_TH":"ประเทศไทย","ADM0_PCODE":"TH"}},
{"type":"Feature","geometry":{"type":"Polygon","coordinates":[[[100.19852875000004,17.539948717000073],[100.20427315400008,17.53662541400007],[100.20965431300004,17.53221693100005],[100.21224850200008,17.529091077000032],[100.22972472600009,17.503429208000057],[100.23568716700004,17.503850628000066],[100.23645792200006,17.499425934000044],[100.23822298400006,17.499481169000035],[100.24025336300008,17.49726959000003],[100.24299975700006,17.498184081000034],[100.24414841100008,17.495311524000044],[100.24581578800007,17.494373822000057],[100.24563572600005,17.490737714000034],[100.24394876300005,17.489213906000032],[100.24583326500004,17.48680670600004],[100.24629261400008,17.48416006100007],[100.24794778700004,17.481786569000064],[100.24725251700005,17.478335833000074],[100.24984016700006,17.477939846000027],[100.24619104500005,17.47650786300005],[100.24351384200008,17.476926435000053],[100.24330235400004,17.47479089600006],[100.24685670900004,17.475384001000066],[100.24831949900005,17.47396511000005],[100.24833675500008,17.46762644000006],[100.25046192900004,17.463392498000076],[100.24978232300003,17.460854466000058],[100.25296025900008,17.45959656900004],[100.25441171900007,17.457354347000035],[100.25250497300004,17.453418016000057],[100.25000835800006,17.453207165000038],[100.24587793300009,17.450741073000074],[100.24610731600006,17.44852273600003],[100.24835451900003,17.446777202000078],[100.24861990900007,17.441184736000025],[100.24750894700009,17.43771261300003],[100.24263391500006,17.433519637000074],[100.24146325600003,17.42742638200002],[100.23863491200007,17.423964883000053],[100.23323085000004,17.42123129600003],[100.23347628700009,17.419439672000067],[100.23643200800007,17.41680636500007],[100.23951529900006,17.41210742100003],[100.24200763500005,17.410771473000068],[100.24350940900007,17.40852254600003],[100.24784657300006,17.406831964000048],[100.25391289800007,17.40266027900003],[100.25605296500004,17.40357808300007],[100.25880450500006,17.40316752700005],[100.25991616300007,17.404853049000053],[100.26270250900006,17.405855383000073],[100.26130273500007,17.40799308800007],[100.26439390200005,17.413790796000058],[100.26717790500004,17.416222192000077],[100.26741581300007,17.418474052000022],[100.27181925800005,17.42460720500003],[100.27421422100008,17.43133696800004],[100.28028056300008,17.43430256000005],[100.28749890600005,17.440075233000073],[100.29326447700004,17.45171576900003],[100.29976274400008,17.47130519700005],[100.30045192400007,17.474384212000075],[100.30124268400004,17.48363749300006],[100.30341552300007,17.49141899600005],[100.30614823800005,17.49565470700003],[100.30703544000005,17.499893635000035],[100.31178041100009,17.505561619000048],[100.31739939200008,17.50847245400007],[100.32288163000004,17.509841988000062],[100.32694386900005,17.51387231500007],[100.33053853400008,17.515271378000023],[100.33088482400007,17.516994616000034],[100.33541598100004,17.52136403700007],[100.33590685100006,17.52519717000007],[100.33735618900005,17.527542668000024],[100.33665005300008,17.530309698000053],[100.33172584000005,17.531524138000066],[100.33311486400004,17.533542056000044],[100.33193024800005,17.537542795000036],[100.33036667100004,17.539260462000072],[100.32502927200005,17.54028394200003],[100.32157797300005,17.53989778400006],[100.31472659200006,17.54048526500003],[100.31293376300005,17.539739790000056],[100.30080232700004,17.540216350000037],[100.29575193800008,17.54080199300006],[100.28771939700005,17.543779060000077],[100.27207891500007,17.54630347400007],[100.26294897100007,17.545433040000034],[100.26040315200004,17.54348435600002],[100.24071587600008,17.545347914000047],[100.23274230400006,17.546948195000027],[100.23057538500007,17.54812633000006],[100.22477811600004,17.55329249300007],[100.22321945500005,17.555224175000035],[100.21839138400009,17.566412768000077],[100.21530555800007,17.558367631000067],[100.20939203800003,17.548728744000073],[100.20582218100009,17.545649378000064],[100.20293200000003,17.542093586000078],[100.20059159800007,17.54191363600006],[100.19852875000004,17.539948717000073]]]},"properties":{"Shape_Leng":0.565909190451,"Shape_Area":0.00914355971763,"ADM3_EN":"Pa Khai","ADM3_TH":"ป่าคาย","ADM3_PCODE":"TH530903","ADM2_EN":"Thong Saen Khan","ADM2_TH":"ทองแสนขัน","ADM2_PCODE":"TH5309","ADM1_EN":"Uttaradit","ADM1_TH":"อุตรดิตถ์","ADM1_PCODE":"TH53","ADM0_EN":"Thailand","ADM0_TH":"ประเทศไทย","ADM0_PCODE":"TH"}},
{"type":"Feature","geometry":{"type":"Polygon","coordinates":[[[100.21839138400009,17.566412768000077],[100.22321945500005,17.555224175000035],[100.22477811600004,17.55329249300007],[100.23057538500007,17.54812633000006],[100.23274230400006,17.546948195000027],[100.24071587600008,17.545347914000047],[100.26040315200004,17.54348435600002],[100.26294897100007,17.545433040000034],[100.27207891500007,17.54630347400007],[100.28771939700005,17.543779060000077],[100.29575193800008,17.54080199300006],[100.30080232700004,17.540216350000037],[100.31293376300005,17.539739790000056],[100.31472659200006,17.54048526500003],[100.32157797300005,17.53989778400006],[100.32502927200005,17.54028394200003],[100.33036667100004,17.539260462000072],[100.33193024800005,17.537542795000036],[100.33311486400004,17.533542056000044],[100.33172584000005,17.531524138000066],[100.33665005300008,17.530309698000053],[100.33735618900005,17.527542668000024],[100.34075164600006,17.528749282000035],[100.34530447500003,17.529377685000043],[100.34901360600009,17.53230774800005],[100.34976619400004,17.533781566000073],[100.35717189400003,17.540093210000066],[100.35814335100008,17.542625857000075],[100.36058674900005,17.544583328000044],[100.36390128500005,17.545362789000023],[100.36733492000008,17.54747379500003],[100.36966563500005,17.549899320000065],[100.36815778600004,17.556341687000042],[100.36826752900004,17.55933366900007],[100.37030783400007,17.56464668500007],[100.36981287400005,17.569809534000058],[100.37190079000004,17.572180881000065],[100.37554729500005,17.57452959400007],[100.37849748900004,17.57831094200003],[100.37911004800009,17.580996586000026],[100.37766279100003,17.588019880000047],[100.37533699200009,17.591722616000027],[100.37459862100008,17.59520150000003],[100.37051073500004,17.59497732400007],[100.36743314600005,17.593272084000034],[100.36434676800008,17.590388395000048],[100.36298843900005,17.588083115000074],[100.36072829500006,17.58702871500003],[100.35294310300009,17.587219185000038],[100.34754141500008,17.589273087000038],[100.34110596900007,17.593190247000052],[100.33457642600007,17.597940435000055],[100.33185127800004,17.601964855000062],[100.33068619800008,17.60896440700003],[100.32518125700005,17.61205565700004],[100.31943469300006,17.619129558000054],[100.31605702700006,17.621622373000037],[100.31476982900006,17.625325703000044],[100.31310621100005,17.623492621000025],[100.30782154500008,17.623562036000067],[100.30213136200007,17.621986615000026],[100.29865718600007,17.62203057000005],[100.29419537100006,17.62063973000005],[100.29188063900006,17.616423332000068],[100.28837228400005,17.61302683400004],[100.28771304900005,17.61091748900003],[100.28888537800003,17.608877491000044],[100.28661140000008,17.60538900100005],[100.28177174300004,17.605088065000075],[100.27680597200003,17.603861821000066],[100.27406843000006,17.602431814000056],[100.26812025200007,17.604273531000047],[100.26707654400008,17.60035666400006],[100.26546716300004,17.599178739000024],[100.26327299900004,17.603205245000026],[100.26025543300005,17.601002578000077],[100.25751262900008,17.593830943000057],[100.25538707200008,17.591557757000032],[100.24723708800008,17.58873041100003],[100.24574676700007,17.58901947800007],[100.24199275500007,17.586871549000023],[100.23633750700009,17.587630852000075],[100.22679725300009,17.58085896600005],[100.22782873400007,17.57763426100007],[100.23053923400005,17.575967242000047],[100.22899793700009,17.574234877000038],[100.22448938400004,17.572145142000068],[100.21901015000009,17.567554139000038],[100.21839138400009,17.566412768000077]]]},"properties":{"Shape_Leng":0.46261704337,"Shape_Area":0.00880501423966,"ADM3_EN":"Namphi","ADM3_TH":"น้ำพี้","ADM3_PCODE":"TH530904","ADM2_EN":"Thong Saen Khan","ADM2_TH":"ทองแสนขัน","ADM2_PCODE":"TH5309","ADM1_EN":"Uttaradit","ADM1_TH":"อุตรดิตถ์","ADM1_PCODE":"TH53","ADM0_EN":"Thailand","ADM0_TH":"ประเทศไทย","ADM0_PCODE":"TH"}}
]}