{"type":"FeatureCollection", "features": [
{"type":"Feature","geometry":{"type":"Polygon","coordinates":[[[103.88476029300006,18.293176046000042],[103.87471892500008,18.288032389000023],[103.87013812100008,18.28623428900005],[103.86001588200008,18.283908302000043],[103.85612590800008,18.284484919000022],[103.85209117400007,18.288466477000043],[103.85000788500008,18.292084283000065],[103.84888859100005,18.294914530000028],[103.84704021100004,18.301590437000073],[103.84469409600007,18.30922088600005],[103.84308995600009,18.31347032800005],[103.84082941700007,18.318356435000055],[103.83827422500008,18.322975806000045],[103.83449729100005,18.328556177000053],[103.83068937200005,18.33213429500006],[103.82385109900008,18.33628998100005],[103.81819112900007,18.338829900000064],[103.81280527100006,18.340456606000032],[103.80862969100008,18.341158360000065],[103.80126100800004,18.341976428000066],[103.79680619800007,18.342780323000056],[103.78362593600008,18.343098739000027],[103.78220446800003,18.342910666000023],[103.77409458500006,18.342970250000064],[103.76426086500004,18.34179791200006],[103.75903891400009,18.340330856000037],[103.75312735200004,18.33966784000006],[103.75005147900004,18.339707533000023],[103.74823200500003,18.340736264000043],[103.74661113800005,18.343631697000035],[103.74036300300008,18.34383259200007],[103.73343757400005,18.343450715000074],[103.72259107200006,18.34263982300007],[103.71580304600008,18.342561450000062],[103.71191632500006,18.342225136000025],[103.70614962300004,18.342278668000063],[103.69991174700004,18.342945648000068],[103.69729810600006,18.343725680000034],[103.69352280000004,18.345416775000047],[103.68871351300004,18.348588108000058],[103.68505061600007,18.352136551000058],[103.68112499700004,18.35659770600006],[103.67804443000006,18.359523572000057],[103.67449747500007,18.362293927000053],[103.65905714100006,18.37385457700003],[103.65111851800003,18.379980155000055],[103.63965809400008,18.38858438500006],[103.63291566200007,18.392422096000075],[103.62737189600006,18.393916846000025],[103.62203453500007,18.39735609300004],[103.61775071400007,18.400841472000025],[103.61286860800004,18.40327381900005],[103.60480238700006,18.405771473000073],[103.60122100800004,18.406395048000036],[103.59318646300005,18.406339341000034],[103.58602564300008,18.40578512700006],[103.57852058500004,18.40544168400004],[103.57097638300007,18.405981420000046],[103.56694955900008,18.407724247000033],[103.56449302900006,18.40932188100004],[103.55927907200004,18.413430710000057],[103.55665165500005,18.415187424000067],[103.54877738200008,18.41982509500002],[103.54538112900008,18.421337753000046],[103.53415912700007,18.424612057000047],[103.52547094000005,18.42637020500007],[103.52059600900009,18.42678472800003],[103.51549688900008,18.426751246000038],[103.50652834600004,18.42640416200004],[103.50233866500008,18.425788117000025],[103.49974560700008,18.425062506000074],[103.49313076400006,18.424408387000028],[103.48559695400007,18.42445563800004],[103.48250716300004,18.425292093000053],[103.48050155100003,18.426496477000057],[103.47450941400007,18.428176696000037],[103.47226960000006,18.428062587000056],[103.46699123300004,18.42620657300006],[103.46452161000008,18.425631116000034],[103.45776761300004,18.42556619900006],[103.45567753400007,18.42638299400005],[103.45107937900008,18.429353753000044],[103.44767975300005,18.432024416000047],[103.44331972800006,18.434493665000048],[103.43775175100006,18.436911172000066],[103.43188509900006,18.44010320700005],[103.42534994800008,18.443374685000038],[103.41489389200007,18.447984935000022],[103.40997441900004,18.44893124400005],[103.40496500000006,18.448983886000065],[103.40042095700005,18.448184309000055],[103.38133894700007,18.441870976000075],[103.37504396000008,18.44012919000005],[103.36534521600004,18.437935563000053],[103.36006671300004,18.43704267800007],[103.35588436000006,18.435850569000024],[103.34360755600005,18.43423092100005],[103.33424379800005,18.43372558300007],[103.32705318700005,18.434135260000062],[103.32505630200006,18.429727439000033],[103.32553587600006,18.428513554000062],[103.32440775500004,18.427941892000035],[103.32411145600008,18.42538398000005],[103.32288690200005,18.425251864000074],[103.31799729300008,18.419476040000063],[103.31826342000005,18.417944371000033],[103.31702250800004,18.418256082000028],[103.31634634100004,18.41429657200007],[103.31535254100004,18.41298148000004],[103.31457521200008,18.41040606300004],[103.31364052500004,18.409671013000036],[103.31270199300008,18.405575879000025],[103.31185694700008,18.404751404000024],[103.31205197900005,18.402888327000028],[103.31038212700008,18.401346958000033],[103.31233801700006,18.399860529000023],[103.31130321300009,18.396418723000068],[103.31277895100004,18.395320922000053],[103.31282642000008,18.394073908000053],[103.31180915400006,18.391016732000026],[103.30890539800004,18.389368864000062],[103.30867454500009,18.386766613000077],[103.30597965700008,18.386445520000052],[103.30611213500003,18.382338967000067],[103.30824168300006,18.37893858800004],[103.31019640200009,18.378365762000044],[103.31339128500008,18.37869338200005],[103.31600016400006,18.377672286000063],[103.31668710400004,18.38015537600006],[103.31834803200007,18.37999535000006],[103.31818673400005,18.381512841000074],[103.31928730700008,18.38107564200004],[103.32141102200006,18.38280905000005],[103.32385617500006,18.381519913000034],[103.32391783200006,18.379973620000044],[103.32643243200005,18.378266866000047],[103.32699990400005,18.376623410000036],[103.32884770800007,18.37517895900004],[103.32894652400006,18.373533218000034],[103.33150585200008,18.372764044000064],[103.33276185800008,18.371070986000063],[103.33282223700007,18.36949187500005],[103.33409137900009,18.367921696000053],[103.33548458600006,18.368177298000035],[103.33752975700008,18.36971943900005],[103.34060079900007,18.370158031000074],[103.34368825300004,18.371565291000024],[103.34451040000005,18.371025419000034],[103.36247491000006,18.36716765500006],[103.36243235300009,18.365432817000055],[103.36097056400007,18.364343920000067],[103.35909683800008,18.357420879000074],[103.35676500400007,18.355565720000072],[103.35705186500007,18.354571238000062],[103.35554588500008,18.349337013000024],[103.35819291700005,18.348146175000068],[103.35892516300004,18.345410594000043],[103.35832708200007,18.34309255900007],[103.35989851400007,18.34176790500004],[103.36622401800008,18.340095016000078],[103.36426518500008,18.336487532000035],[103.36214197800007,18.330373767000026],[103.36308235700005,18.32985083600005],[103.36550903200003,18.330132696000078],[103.36768551100005,18.328324400000042],[103.36970473400004,18.328459595000027],[103.37250485700008,18.32574395300003],[103.37390627200006,18.32669405400003],[103.37480057800008,18.326263157000028],[103.37534808400005,18.323554083000033],[103.37651754700005,18.322472608000055],[103.37589407500008,18.32126157400006],[103.37678695000005,18.320182975000023],[103.37653260400003,18.318841982000038],[103.37745579100005,18.31647249200006],[103.37764010100005,18.31393119300003],[103.37878612400004,18.312273853000022],[103.37930467800004,18.30616292700006],[103.38414113500005,18.300498910000044],[103.38544032500005,18.301841296000077],[103.38843022700007,18.301839530000052],[103.39131014000009,18.30009850600004],[103.39210727200003,18.298776050000072],[103.39187710200008,18.296797405000063],[103.39402800000005,18.295770133000076],[103.39498434700005,18.29404051700004],[103.39601181300009,18.294146926000053],[103.39484726100005,18.291921939000076],[103.39679143300003,18.29056222300005],[103.39690357400008,18.288691180000058],[103.39787688600006,18.288543341000036],[103.39855313600003,18.28683157000006],[103.39750910500004,18.28235597200006],[103.39871343900006,18.283087670000043],[103.40004637500004,18.28107635600003],[103.40108882000004,18.281389712000077],[103.40087801100003,18.283658927000033],[103.40293468000004,18.283194080000044],[103.40633354400006,18.284324223000056],[103.40821606700007,18.283805175000055],[103.41004031700004,18.28544682200004],[103.41051581000005,18.284979358000044],[103.41179761700005,18.286591374000068],[103.41101592400008,18.28801169600007],[103.41231524800008,18.289312176000067],[103.41409139000007,18.28980178300003],[103.41536052600009,18.287935786000048],[103.41827517000007,18.287676173000023],[103.41983164900006,18.289097855000023],[103.42011225400006,18.290399956000044],[103.42167897300004,18.292001414000026],[103.42112617800007,18.29604080300004],[103.42059164200003,18.297090402000038],[103.42251381900007,18.300156403000074],[103.42568743900006,18.301158169000075],[103.42717196900009,18.303064421000045],[103.42612816000008,18.303761505000068],[103.42740618800008,18.307384795000075],[103.42615561400004,18.310071005000054],[103.42695545800007,18.310906402000057],[103.42583860000008,18.313344650000033],[103.42701408800008,18.314052962000062],[103.42627932600004,18.316873831000066],[103.42985585700006,18.316685977000077],[103.43119898100008,18.31613305700006],[103.43238635500006,18.31931384300003],[103.43683702100009,18.320747545000074],[103.43804373000006,18.321860919000073],[103.43934055900007,18.320323071000075],[103.43816079000004,18.318939859000068],[103.43919060600007,18.317646902000035],[103.44080599600005,18.31709087300004],[103.44303839100007,18.31894161300005],[103.44467263900003,18.31653250000005],[103.44659402600007,18.31727517300004],[103.44602966200006,18.32015374100007],[103.44822691100006,18.320789411000078],[103.45100077600006,18.318723185000067],[103.45323902100006,18.320770785000036],[103.45295191800005,18.323072882000076],[103.45566391600005,18.32204732200006],[103.45576627000008,18.32051930500006],[103.45966884300009,18.32124956100006],[103.46221484300008,18.317790457000058],[103.46367236000003,18.318091219000053],[103.46514005300008,18.31982828400004],[103.46700487300006,18.32042608000006],[103.46804476300008,18.319428448000053],[103.47047926500005,18.318523328000026],[103.47226499300007,18.318540933000065],[103.47347139700008,18.31985611600004],[103.47517556500009,18.319497692000027],[103.47696313500006,18.31804106100003],[103.48215165600004,18.31800567600004],[103.48554548900006,18.316890813000043],[103.48919268400005,18.316636540000047],[103.49111081100006,18.31801784000004],[103.49164339900005,18.317399479000073],[103.49035211700004,18.31591874000003],[103.49385062100004,18.31510772000007],[103.49714211900005,18.315549762000046],[103.49788388800005,18.314735450000057],[103.49677979700004,18.313942247000057],[103.49886774200007,18.31313471900006],[103.50276852600007,18.314073818000054],[103.50691111500004,18.313736740000024],[103.50505721100006,18.31251282900007],[103.50646189700007,18.311933974000056],[103.50947002500004,18.31330920100004],[103.50908009200003,18.314995445000022],[103.51174269500007,18.318499127000052],[103.51325236900004,18.318136469000024],[103.51281942900005,18.31518677400004],[103.51444135400004,18.31391241800003],[103.51668705800006,18.31327929200006],[103.51869101300008,18.31786422600004],[103.51854237600008,18.318819319000056],[103.52000895700007,18.31896363800007],[103.52109659500007,18.317878789000076],[103.52178346300008,18.31580710700007],[103.52057398100004,18.31455064000005],[103.52152669300006,18.31359661600004],[103.52537409500007,18.315330019000044],[103.52573505100008,18.313623949000032],[103.52343682200006,18.312147073000062],[103.52518614400009,18.310308392000024],[103.52808522000004,18.309764835000067],[103.52646316600004,18.308566875000054],[103.52699453800005,18.30680108400003],[103.52910989300005,18.305727705000038],[103.53265908300006,18.305028950000064],[103.53189003200004,18.302742614000067],[103.53081605100004,18.302306546000068],[103.52996563800008,18.30331413600004],[103.52760126700008,18.303476361000037],[103.52483042500006,18.304416786000047],[103.52170411000009,18.301647481000032],[103.52206918000007,18.30009264100005],[103.52543870600005,18.299597522000056],[103.52830546000007,18.30026009000005],[103.52849493200006,18.297994243000062],[103.52793679300004,18.29717269500003],[103.52587260700005,18.29678198000005],[103.52614698700006,18.295678933000033],[103.52823901100004,18.294735917000025],[103.53144172800006,18.295453518000045],[103.53079713300008,18.29390833700006],[103.53090535000007,18.29191390400007],[103.52695961700005,18.291276357000072],[103.52492701900007,18.29240974800007],[103.52318473200006,18.29163470900005],[103.52388584500005,18.287707332000025],[103.52604133900007,18.28716005600006],[103.52848749200007,18.284181756000066],[103.53076383500007,18.283523977000073],[103.52811816100007,18.282778739000037],[103.52801795300007,18.281553625000072],[103.53013599300004,18.280821505000063],[103.53152379300008,18.283640191000075],[103.53420228500005,18.28575046000003],[103.53447138500007,18.284607357000027],[103.53300438400004,18.281750872000032],[103.53392224100008,18.28054187200007],[103.53363738400009,18.27934061600007],[103.53185863100003,18.280061402000058],[103.53097996300005,18.278408375000026],[103.53159041000004,18.27688916900007],[103.53348226500003,18.27815725100004],[103.53420755600007,18.279511670000034],[103.53741413700004,18.279792905000022],[103.53841590300004,18.28083575000005],[103.53951109800005,18.27992261600002],[103.53816810900008,18.277718433000075],[103.53932481100009,18.27612169500003],[103.53907545100009,18.27519320500005],[103.53651708000007,18.27515366500006],[103.53668178600009,18.27208130200006],[103.53564950600008,18.27242198500005],[103.53579856600004,18.270451748000028],[103.53786890600009,18.26971493800005],[103.53806960500003,18.268699140000024],[103.53572285600006,18.267995945000052],[103.53593749200007,18.267329243000063],[103.54171501200005,18.264743273000022],[103.54311876400004,18.26360885200006],[103.54302891000003,18.261305380000067],[103.54175717800007,18.258976378000057],[103.54020878700004,18.257721556000035],[103.54286999500005,18.255102780000072],[103.54518142200004,18.255446293000034],[103.54281177100006,18.252070950000075],[103.54113755300006,18.251015103000043],[103.54266705700007,18.24664279800004],[103.54222313200006,18.24252471500006],[103.54670692000008,18.242474491000053],[103.54709090400007,18.239186846000052],[103.54352399700008,18.239799258000062],[103.54090083200003,18.241978910000057],[103.53844878400008,18.24072330000007],[103.53811485000006,18.239179524000065],[103.54353365100008,18.23773432300004],[103.54455437300004,18.23709711400005],[103.54456499000008,18.23551844600007],[103.54220035000009,18.235620694000033],[103.53787835300005,18.237688287000026],[103.53702089700005,18.23573034900005],[103.53827389600008,18.233008107000046],[103.54032707200008,18.231478251000055],[103.54086436100005,18.227687696000032],[103.54248293100005,18.228154189000065],[103.54687004700008,18.231338466000068],[103.54994443300006,18.232481087000053],[103.55049312500006,18.231961116000036],[103.55040117900006,18.228350685000066],[103.55264085700009,18.226802848000034],[103.55257329500006,18.22461353400007],[103.55047297000004,18.22394668900006],[103.54680566300004,18.22446962600003],[103.54505552800003,18.22334579900007],[103.54525312800007,18.22236861600004],[103.54755329700004,18.220991170000048],[103.54973841200007,18.21903958000007],[103.55156705500008,18.219835972000055],[103.55192951000004,18.218195571000024],[103.55863062800006,18.215069768000035],[103.56130955100008,18.211961660000043],[103.56659598500005,18.20700032700006],[103.56596534600004,18.203958200000045],[103.56707104100008,18.202613178000036],[103.57104583100005,18.200824226000066],[103.57172633200008,18.202236764000077],[103.57528297600004,18.20315929000003],[103.57580086600007,18.201252578000037],[103.57904781700006,18.19779653200004],[103.58268316800007,18.19945136900003],[103.58460405800008,18.199741734000042],[103.58463584900005,18.198884672000077],[103.58611382100008,18.197579303000055],[103.58853728100007,18.19920884100003],[103.59027225700004,18.197264910000058],[103.59258904800004,18.19857560400004],[103.59332994000005,18.19675036900003],[103.59257386300004,18.19468156100004],[103.59685638300004,18.196092204000024],[103.59987074300005,18.193367392000027],[103.59923807400008,18.191751141000054],[103.59701948000009,18.19040211400005],[103.59547715400004,18.190547552000055],[103.59472207700009,18.189004185000044],[103.59482410600003,18.186673107000047],[103.59322681200007,18.18580223200007],[103.59283094400007,18.184049766000044],[103.59564915200008,18.183084448000045],[103.59801344700008,18.184467446000042],[103.59785966700008,18.186169551000035],[103.59964616600007,18.184498879000046],[103.60105157700008,18.184493302000078],[103.60387673700006,18.18256966100006],[103.60705183500005,18.18395629300005],[103.60994040600008,18.182543673000055],[103.61176715100004,18.183515272000022],[103.61257202200005,18.181843713000035],[103.61551918100008,18.180709809000064],[103.61764677300005,18.178142834000028],[103.61978687200008,18.178865193000036],[103.62033172000008,18.177108297000075],[103.62193411200008,18.176400399000045],[103.62264945000004,18.177985483000043],[103.62357751000008,18.177017513000067],[103.62460001000005,18.178334593000045],[103.62612069900007,18.176773754000067],[103.62555618200008,18.175739426000064],[103.62812661400005,18.175157264000063],[103.62874195900008,18.174090300000046],[103.62997047800008,18.174735155000064],[103.63070701600009,18.173743003000027],[103.63286318200005,18.173295447000044],[103.63557654500005,18.17467583100006],[103.63716576300004,18.173811215000057],[103.63917893600006,18.174666369000022],[103.64140429900004,18.174390766000045],[103.64323874500008,18.175036114000022],[103.64402563900006,18.174466771000027],[103.64606025900008,18.174733927000034],[103.64761469900009,18.173744569000064],[103.64981018300006,18.174297585000033],[103.64999147000003,18.17308714400002],[103.65435195000003,18.17300169300006],[103.65669804100008,18.172060268000052],[103.65867001100008,18.172560317000034],[103.66046992600008,18.170963550000067],[103.66027464200005,18.16904738100004],[103.66309277800008,18.16564117000007],[103.66556636700005,18.16357985800005],[103.67022240300008,18.161922417000028],[103.67260212500008,18.164406849000045],[103.67500689200006,18.165130272000056],[103.67775993900005,18.168889653000065],[103.67877650900004,18.16858820500005],[103.67816963800004,18.170893601000046],[103.67698860500008,18.17083162800003],[103.67658123500007,18.175146880000057],[103.67806725100007,18.17566984700005],[103.67757788400007,18.17705554500003],[103.67805807600007,18.181968840000025],[103.67684043100007,18.18209659300004],[103.67815052800006,18.18323808100007],[103.67819816800005,18.185050228000023],[103.68092312400006,18.18415483800004],[103.68187417500008,18.188581674000034],[103.68110519200008,18.188994430000037],[103.68125821100006,18.191801586000054],[103.68354374600005,18.192641739000067],[103.68610514300008,18.19624333300004],[103.68734635000004,18.19692444700007],[103.69434569800006,18.199483290000046],[103.70101181400008,18.20167858600007],[103.70598598200007,18.203643284000066],[103.70748077100006,18.20646735500003],[103.70810652400007,18.206162454000037],[103.71076066600006,18.20835058700004],[103.71287006100005,18.21076169300005],[103.71459733800003,18.21083311800004],[103.71511740600005,18.211874614000067],[103.71826358400006,18.212964947000046],[103.71975988500009,18.21293702500003],[103.72023699900006,18.216245892000074],[103.71906852500007,18.219935417000045],[103.72059472500007,18.22316191300007],[103.72046660900008,18.22430961400005],[103.72145870900005,18.22699270100003],[103.72022370700006,18.228720214000077],[103.71957523000003,18.231229909000035],[103.72138053700007,18.23229023300007],[103.71941103100005,18.235210410000036],[103.71953095200007,18.238458851000075],[103.72080216100005,18.238647639000078],[103.72058988300006,18.24044095100004],[103.71647342200004,18.242684797000038],[103.71722840100006,18.24474957500007],[103.71628232700004,18.24573305200005],[103.71305001800005,18.24694392200007],[103.71275627100005,18.249294820000046],[103.71379948300006,18.251888692000023],[103.71178854700008,18.25440383700004],[103.71313896900006,18.255077318000076],[103.71175966100009,18.255836239000075],[103.71139318200005,18.258139662000076],[103.70928271200006,18.260393263000026],[103.71264721300008,18.261226111000042],[103.71600538000007,18.26261002700005],[103.71812694200008,18.260630941000045],[103.72448603100008,18.258665801000063],[103.72944993800007,18.258615623000026],[103.72950191000007,18.260897741000065],[103.73156269300006,18.261714450000056],[103.73030988000005,18.26602630700006],[103.73177059800008,18.271046114000058],[103.73360389000004,18.275741078000067],[103.73562457700007,18.275769558000036],[103.73811538300004,18.274821092000025],[103.74044946600009,18.27468568300003],[103.73993771500005,18.27359567900004],[103.74140667500006,18.274017985000057],[103.74031801600006,18.272234747000027],[103.74177919000005,18.271335092000072],[103.74299444600007,18.271750379000025],[103.74540262800008,18.270128125000042],[103.74722944800004,18.269834811000067],[103.74727190500005,18.268264284000054],[103.74842794000006,18.265718433000075],[103.74984889800004,18.266311290000033],[103.75118629300005,18.26253316800006],[103.75271946400005,18.261647870000047],[103.75406028200007,18.259970276000047],[103.75239071600004,18.259766625000054],[103.75398284300007,18.25736089000003],[103.75552672200007,18.257462151000027],[103.75528927900007,18.256339310000044],[103.75709924800009,18.256855185000063],[103.75745124500008,18.255710409000073],[103.76024911800005,18.25640133400003],[103.75961432900004,18.25483710800006],[103.76160469600006,18.25461153200007],[103.76301202400003,18.253477558000043],[103.76645201100007,18.251826622000067],[103.76991466000004,18.254029483000068],[103.77161218500004,18.253351314000042],[103.77457538900006,18.253679359000046],[103.77629341200009,18.25550269300004],[103.77746041000006,18.255196436000062],[103.77777510000004,18.256582243000025],[103.77985869400004,18.257271737000053],[103.78192877500004,18.260264636000045],[103.78501028200009,18.26186073100007],[103.78723088900006,18.261550171000067],[103.78974513400004,18.259885617000066],[103.78991655800007,18.260395496000058],[103.79934726500005,18.260751802000073],[103.80215887500003,18.25853061500004],[103.80458433600006,18.257613648000074],[103.80752838400008,18.254561420000073],[103.81009098900006,18.25005975600004],[103.81069963900006,18.24770628300007],[103.81456030000004,18.244233389000044],[103.81562562300007,18.24232121700004],[103.81690354500006,18.23858120500006],[103.81685741200005,18.235752767000065],[103.81760610100008,18.233348243000023],[103.81841151200007,18.228116963000048],[103.82229441000004,18.220943283000054],[103.82464072700009,18.215416726000058],[103.82620251600008,18.21307894200004],[103.82695148500005,18.20750004200005],[103.82809815400009,18.205334837000066],[103.82949148500006,18.204452180000033],[103.83262748400006,18.200386637000065],[103.83420348300007,18.197521981000023],[103.83505474600008,18.195048013000076],[103.83712307400003,18.19116181100003],[103.84076449600008,18.185397699000077],[103.84436538300008,18.180956438000067],[103.84953757500006,18.177059196000073],[103.85182374000004,18.172820611000077],[103.85361249300007,18.17197501000004],[103.85487269200007,18.17218378700005],[103.85743873400008,18.169853484000043],[103.85774518700003,18.167658023000058],[103.85979364500008,18.16503939000006],[103.86301608000008,18.16344675600004],[103.86522265100007,18.158715003000054],[103.87007788000005,18.155156099000067],[103.87090673500006,18.153430480000054],[103.87063614200008,18.15162620600006],[103.87572984300004,18.14447755900005],[103.87925029600007,18.14278267700007],[103.88306423200004,18.13941145800004],[103.88476695400004,18.138313593000078],[103.88637080100006,18.135787050000033],[103.88367880100009,18.130384957000047],[103.88775840600005,18.12576408600006],[103.88976799300008,18.122401379000053],[103.89344736900006,18.12026091900003],[103.89551800600009,18.124112473000025],[103.89660108600003,18.125325159000056],[103.89904409600007,18.12627012100006],[103.90433308800004,18.12731713900007],[103.90799430700008,18.12764164300006],[103.91061717000008,18.12939235300007],[103.91568244200005,18.131823307000047],[103.91694076100003,18.13340272100004],[103.91816477200007,18.13346801600005],[103.91850725200004,18.134623033000025],[103.91724486600003,18.134873456000037],[103.91795955800006,18.136201377000077],[103.91640905900005,18.137106969000058],[103.91600360300004,18.139219123000032],[103.91395568600007,18.140812381000046],[103.91383406800009,18.143910392000066],[103.91232972300008,18.144774150000046],[103.91248295300005,18.148696202000053],[103.91355146600006,18.14932974800007],[103.91246207700004,18.151777193000044],[103.91068897700006,18.153473224000038],[103.91274307700007,18.155514752000045],[103.91100146500008,18.158354003000056],[103.90875541300005,18.158805201000064],[103.90843088200006,18.16048649800007],[103.90653569400007,18.160418856000035],[103.90652979900005,18.16205530700006],[103.90091206600005,18.16252581400005],[103.90027125800003,18.164053323000076],[103.89904502500008,18.16440692200007],[103.89939411500006,18.167084188000047],[103.89723860200007,18.168554542000038],[103.89755723000007,18.171084305000022],[103.89672230600007,18.17216875500003],[103.89471642300003,18.17156485000004],[103.89413881000007,18.172500153000044],[103.89123094900003,18.173048101000063],[103.89043543700006,18.173874246000025],[103.89143848200007,18.176977856000065],[103.89077979300004,18.179414329000053],[103.88865048000008,18.178568469000027],[103.88814105800009,18.182439688000045],[103.88632752200004,18.182298454000033],[103.88532308900005,18.18509933400003],[103.88158003900008,18.18960217700004],[103.87940989000003,18.194673539000064],[103.87939788900007,18.196339865000027],[103.88106838900006,18.198944445000052],[103.88148630800004,18.20224503700007],[103.88300501900005,18.20404557200004],[103.88189313500004,18.206807833000028],[103.88344854200005,18.208622442000035],[103.88193560700006,18.209940922000044],[103.87949249000008,18.21011463600007],[103.88119827300005,18.211763435000023],[103.88131553300008,18.212980595000033],[103.87956918800006,18.214087070000062],[103.87708996800006,18.212340331000064],[103.87372003100006,18.213010046000022],[103.87206928700004,18.214683683000032],[103.86975275200007,18.215676717000065],[103.87001482400007,18.216744842000026],[103.87244291600007,18.21757849900007],[103.87277782900009,18.218482081000047],[103.87385857300006,18.220939633000057],[103.86656031500007,18.228178764000063],[103.86402802100008,18.23392793900007],[103.86427625400006,18.23527972900007],[103.86700021600006,18.236395196000046],[103.86791784700006,18.238508009000043],[103.86758879800004,18.239450086000033],[103.86550417300003,18.240712075000033],[103.86493474800005,18.241965091000054],[103.86725370300007,18.243624887000067],[103.86953442100008,18.244443880000063],[103.86957832300004,18.24522084000006],[103.86780250000004,18.246560748000036],[103.86506050100007,18.247535784000036],[103.86193432800007,18.249850596000044],[103.86182327700004,18.25171285700003],[103.86488717800006,18.258168038000065],[103.86614622500008,18.25867476800005],[103.86848668700009,18.25685382300003],[103.86956020300005,18.256854743000076],[103.87231520800003,18.258213295000076],[103.87979283600004,18.25645834100004],[103.88062407000007,18.257237174000068],[103.87962205100007,18.259828705000075],[103.87951795500004,18.26927087300004],[103.87919837800007,18.276656283000023],[103.88072500500004,18.282128896000074],[103.88027553700005,18.28530997400003],[103.88252543200008,18.286562382000056],[103.88498243100008,18.28957783000004],[103.88476029300006,18.293176046000042]]]},"properties":{"Shape_Leng":2.53965753699,"Shape_Area":0.0768187000002,"ADM2_EN":"Mueang Bueng Kan","ADM2_TH":"เมืองบึงกาฬ","ADM2_PCODE":"TH3801","ADM1_EN":"Bueng Kan","ADM1_TH":"บึงกาฬ","ADM1_PCODE":"TH38","ADM0_EN":"Thailand","ADM0_TH":"ประเทศไทย","ADM0_PCODE":"TH"}},
{"type":"Feature","geometry":{"type":"Polygon","coordinates":[[[103.58463584900005,18.198884672000077],[103.58462464400009,18.192795096000054],[103.58060545500007,18.190092410000034],[103.57650373100006,18.189669906000063],[103.57767689700006,18.18671979100003],[103.57617226100007,18.186007106000034],[103.57314722300003,18.186997052000038],[103.56897080600004,18.189095219000023],[103.56812251200006,18.18732638700004],[103.56604490000007,18.186312361000034],[103.56630766300003,18.185314729000027],[103.57046934000005,18.183187399000076],[103.57045330200003,18.18201562400003],[103.56878309800004,18.179481026000076],[103.56570520800005,18.175670661000026],[103.56331808000004,18.173843998000052],[103.55940059000005,18.173112400000036],[103.55829758200008,18.172158068000044],[103.55749448000006,18.169816230000038],[103.55752640200006,18.16782604900004],[103.55581803100006,18.16144444300005],[103.55447299900004,18.161106123000025],[103.55338093100005,18.158538761000045],[103.55273548400004,18.160798923000073],[103.55023450900006,18.16306121100007],[103.54884091000008,18.161559574000023],[103.54767656400008,18.16234195800007],[103.54569033400008,18.161669819000053],[103.54625142800006,18.159111402000065],[103.54519025500008,18.158236825000074],[103.54424234900006,18.15977192200006],[103.54305725500006,18.15972331100005],[103.54101927100004,18.157587850000027],[103.53999844300006,18.155276953000055],[103.53765980400004,18.153186050000045],[103.53627431000007,18.154015094000044],[103.53476183500004,18.15300185500007],[103.53407530500004,18.150845837000077],[103.53626713300008,18.14903029100003],[103.53569698400008,18.14715741300006],[103.53757829300008,18.146861073000025],[103.53579202500003,18.143822577000037],[103.53437763000005,18.144127527000023],[103.53288980000008,18.142901753000046],[103.53198321200006,18.138897674000077],[103.53366741000008,18.139903312000058],[103.53401455800008,18.138396407000073],[103.53678215400004,18.13858043600004],[103.53739985500005,18.137919297000053],[103.53631083100004,18.136483464000037],[103.53779285900004,18.135380790000056],[103.53722370400004,18.134410787000036],[103.53896989000003,18.133190037000077],[103.53807487000006,18.13088910500005],[103.53820884500004,18.12782646900007],[103.53711454500007,18.128590701000064],[103.53576658400004,18.128120499000033],[103.53663188600007,18.12700379000006],[103.53626226700004,18.125149339000075],[103.53487576500004,18.123626368000032],[103.53535730200008,18.122743032000074],[103.53311559500008,18.120917057000042],[103.53425507900005,18.12058908800003],[103.53432540600005,18.11889632200007],[103.53354316300005,18.11809347700006],[103.53425761400007,18.115698603000055],[103.53563810700007,18.117694879000055],[103.53705195600008,18.116665685000044],[103.54029071500008,18.11748598300005],[103.53930085800005,18.118480415000022],[103.54052025400006,18.11905110400005],[103.54282622300008,18.116455038000026],[103.54236730400004,18.114300378000053],[103.54879347000008,18.111834008000073],[103.54920038700004,18.110829109000065],[103.54805067900008,18.11000195200006],[103.54547250200005,18.109499200000073],[103.54336099200003,18.10762899200006],[103.54415976100006,18.10539056600004],[103.54394406000006,18.10417138200006],[103.54467439800004,18.101067012000044],[103.54769760000005,18.100440696000078],[103.54900918500005,18.101748964000024],[103.54843607900006,18.104602511000053],[103.55059319100008,18.108413679000023],[103.55284512200006,18.108589392000056],[103.55230165900008,18.11090106100005],[103.55390241000003,18.110960600000055],[103.55528048700006,18.10882404000006],[103.55614822900009,18.10429411100006],[103.55476988300006,18.101642472000037],[103.55489326000009,18.099069916000076],[103.55032734500008,18.09813421700005],[103.54988537200006,18.097203344000036],[103.55226581700003,18.095231384000044],[103.55312012400009,18.09257281200007],[103.55324111700008,18.09007563700004],[103.55608438700006,18.088644287000022],[103.55886329400005,18.08899797500004],[103.55895509700008,18.087571308000065],[103.55570031100007,18.085605900000076],[103.55294974300006,18.08641963100007],[103.55182666400003,18.087863123000034],[103.54920404200004,18.086072177000062],[103.54771319100007,18.085846462000063],[103.54310009600005,18.088229755000043],[103.54244245900009,18.08804716000003],[103.54234051100008,18.084298614000033],[103.54301011900009,18.081205617000023],[103.54644875700006,18.078368659000034],[103.54639734900007,18.07683696500004],[103.54393969300008,18.075509922000037],[103.53931514800007,18.073635240000044],[103.53832807400005,18.071619334000047],[103.54145172100004,18.065655505000052],[103.54473801900008,18.063371971000038],[103.54947524700003,18.061607373000072],[103.55449209100004,18.06189987700003],[103.55813237700005,18.06245510800005],[103.56090062800007,18.05996005800006],[103.56428941800004,18.055266844000073],[103.56620147100006,18.05353488700007],[103.57068029600003,18.05193177700005],[103.57347692500008,18.050454268000067],[103.57515478400006,18.048070745000075],[103.57622821400008,18.045590910000044],[103.57648336200003,18.04131962300005],[103.57864101300004,18.038965356000062],[103.58174575000004,18.03791173600007],[103.58582676500004,18.037372262000076],[103.58734893300004,18.038092489000064],[103.58819954700004,18.040490482000052],[103.58678478100006,18.044901410000023],[103.58769034800008,18.047145622000073],[103.58961509800008,18.049546838000026],[103.59258751000004,18.050639468000043],[103.59531192900005,18.049553170000024],[103.59539793500005,18.045592420000048],[103.59436446500007,18.04415585000004],[103.59535419800005,18.042710962000058],[103.60102309600006,18.038666780000028],[103.60421172600007,18.036846505000028],[103.60592088200008,18.03518708000007],[103.60651757500005,18.032818629000076],[103.60675180100009,18.026856750000036],[103.60762619600007,18.020034396000028],[103.60908556700008,18.01551243700004],[103.61111962200005,18.013137611000047],[103.61593796500006,18.01391161600003],[103.62353952900008,18.012842818000024],[103.62697532500005,18.013569879000045],[103.63079173700004,18.01514688900005],[103.63291270200006,18.015546536000045],[103.63529166700005,18.014263570000026],[103.63936669600008,18.014048935000062],[103.64083979100008,18.01302656000007],[103.64045960700008,18.01204467200006],[103.63715914900007,18.011236589000077],[103.63569798300006,18.010181602000046],[103.63221217500006,18.004420551000067],[103.62733410000004,18.00605623200005],[103.62385566100005,18.005625862000045],[103.62145766300006,18.004098402000068],[103.62072224300005,18.001210169000046],[103.62250658700003,17.995235989000037],[103.62259120200008,17.993757084000038],[103.62140883900008,17.988944983000067],[103.62487464000009,17.983943880000027],[103.62578512100004,17.981721530000073],[103.62596358200005,17.97937753800005],[103.62346105900008,17.974167317000024],[103.62320147200006,17.97154000200004],[103.62524798500004,17.96803773700003],[103.62612171800004,17.96791044300005],[103.62809172600004,17.969762428000024],[103.62883532000006,17.973709136000025],[103.63099537000005,17.975337694000075],[103.63732482900008,17.976702915000033],[103.63874088900008,17.975901648000047],[103.64075637000008,17.97135104800003],[103.64089441600004,17.968668646000026],[103.64033164400007,17.967228550000073],[103.63858588300008,17.965407930000026],[103.64006710800004,17.963249768000026],[103.64195267900004,17.963004500000068],[103.64794171900007,17.963601107000045],[103.65181057200004,17.963095400000043],[103.65356120600006,17.964058351000062],[103.65511996400005,17.965757574000065],[103.65715103500008,17.97241347100004],[103.65940517000007,17.973626151000076],[103.66181820200006,17.973753111000065],[103.66512799600008,17.97121642600007],[103.66713623600003,17.967267654000068],[103.66696485800009,17.965389925000068],[103.66600422600004,17.963249362000056],[103.66343015800004,17.960951196000053],[103.66185082700008,17.958922286000075],[103.66079558200005,17.95598469400005],[103.66079538900004,17.951247634000026],[103.66128678900009,17.950250753000034],[103.66470239200004,17.948924434000048],[103.66800458900008,17.948378022000043],[103.66949502100005,17.948612583000056],[103.67388577200006,17.95077578200005],[103.68056998300005,17.95553397300006],[103.68256250200005,17.955855928000062],[103.68534572100003,17.95525626600005],[103.69618752900004,17.94973557700007],[103.69932892100007,17.947054534000074],[103.70319053200006,17.945067703000063],[103.70417882900006,17.943976146000068],[103.70342518600006,17.94112479000006],[103.70430771200006,17.93914047800007],[103.70607257000006,17.939116143000035],[103.70894168400008,17.940503767000052],[103.70781756100007,17.942004268000062],[103.70864589800004,17.94497913300006],[103.71143753200005,17.947043278000024],[103.71306173100004,17.948970280000026],[103.71245791000007,17.950465859000076],[103.71348421600004,17.951280815000075],[103.71312880700003,17.952669166000078],[103.71385604800008,17.957218013000045],[103.71309219700004,17.95847652300006],[103.71358149900004,17.95993419900003],[103.72214061000005,17.97654990700005],[103.72216933200008,17.977980278000075],[103.72345974600006,17.982324727000048],[103.72412704500005,17.98340102900005],[103.72433324300005,17.990407110000035],[103.72375203500008,17.993865758000027],[103.72173093900005,17.996054839000067],[103.72570677500005,17.998597415000063],[103.72741421200004,18.001221771000075],[103.72635303200008,18.00197685300003],[103.72734929200004,18.00289794200006],[103.72780080000007,18.006372638000073],[103.72672450900006,18.00798648600005],[103.72762101700005,18.009769697000024],[103.72697594400006,18.010650374000022],[103.72782311600008,18.011666869000067],[103.72692704300005,18.012480178000033],[103.72859551200008,18.014806297000064],[103.72977374600003,18.013669555000035],[103.73168068900009,18.014845510000043],[103.73218071400004,18.016559046000054],[103.73402979800005,18.018495526000038],[103.73228927900004,18.01859762600003],[103.73296649300005,18.01939459500005],[103.73138671600009,18.020172006000053],[103.73198073600008,18.02102295700007],[103.73013554100004,18.02295270600007],[103.72856358000007,18.022733591000076],[103.72862370200005,18.02459374800003],[103.72619424600003,18.024754512000072],[103.72519804200005,18.026082847000055],[103.72413890100006,18.025350857000035],[103.72156315000007,18.02700619700005],[103.72341007700004,18.02701436500007],[103.72496153500003,18.02810778500003],[103.72440791700006,18.028943277000053],[103.72629059900004,18.031096313000035],[103.72913700700008,18.031505498000058],[103.73136606700007,18.033913590000054],[103.73392112700009,18.033113859000025],[103.73414201300005,18.033842723000078],[103.73755318500008,18.03372600000006],[103.73895303600005,18.03752025500006],[103.74126678900006,18.039205758000037],[103.74214835800007,18.04106660900004],[103.74399792300005,18.041759814000045],[103.74563750600004,18.041498002000026],[103.74726451900005,18.040225779000025],[103.74954603500004,18.040597568000067],[103.75106072300008,18.04228275400004],[103.75317919900004,18.04329560000002],[103.76271787100006,18.061562222000077],[103.76794176100009,18.071852284000045],[103.77451321000007,18.08419619400007],[103.77575836000005,18.085622469000043],[103.77434207500005,18.086403559000075],[103.77851635700006,18.08706196600002],[103.77787306000005,18.088517739000054],[103.77836029400004,18.08987840800006],[103.77922716800003,18.08897859800004],[103.78205538600008,18.08991598500006],[103.78325209900004,18.08711134200007],[103.78434731400006,18.087598695000054],[103.78543779100005,18.089765846000034],[103.78642606400007,18.090028656000072],[103.78727627000006,18.092542826000056],[103.78469603600007,18.09318270600005],[103.78311669100003,18.092881386000045],[103.78247027100008,18.09652152500007],[103.78471742100004,18.09628113900004],[103.78498192900008,18.098777598000027],[103.78662242700005,18.098933441000042],[103.78800837800009,18.098162970000033],[103.78929962100005,18.099813734000065],[103.78652347300005,18.100281347000077],[103.78549792600006,18.10206037000006],[103.78350460900003,18.102798488000076],[103.78286497300007,18.10467135500005],[103.78067542100007,18.103980853000053],[103.78113135500007,18.106186544000025],[103.77882683400009,18.106201035000026],[103.77657183600007,18.104187414000023],[103.77497457800007,18.103938932000062],[103.77449649500005,18.10083604700003],[103.77252926000006,18.100483919000055],[103.76996102900006,18.095027067000046],[103.76756881900008,18.094832478000058],[103.76460612100004,18.096856242000058],[103.76236748900004,18.096846138000046],[103.76129383800009,18.097513501000037],[103.75621719300005,18.09924925000007],[103.75521978700004,18.099957682000024],[103.75181209500005,18.100499029000048],[103.74958341300004,18.101761429000078],[103.74837491600005,18.10321900300005],[103.74466265100006,18.102442045000032],[103.74520929400006,18.10353629900004],[103.74275432100006,18.105276251000078],[103.74228118600007,18.10284329700005],[103.74048509400006,18.102424067000072],[103.74118211400008,18.09903020300004],[103.74034227100009,18.09736833900007],[103.73787172800007,18.097402445000057],[103.73926372700004,18.096271811000065],[103.73665163300006,18.095704702000035],[103.73677710400005,18.094669089000035],[103.73498331400003,18.09467872700003],[103.73433685200007,18.093514597000024],[103.73377456200006,18.09561419000005],[103.73189732300006,18.095976070000063],[103.73128264700006,18.094819770000072],[103.73007719500004,18.096147618000032],[103.72832784600007,18.09566355900006],[103.72629820100008,18.096318147000034],[103.72447283100007,18.09853216600004],[103.72198968700008,18.098397333000037],[103.71685772400008,18.100532661000045],[103.71641483900004,18.101854383000045],[103.71388823000007,18.103299290000052],[103.71198461200004,18.109690157000045],[103.71045827400008,18.111219283000025],[103.70986582300009,18.113008283000056],[103.70436118300006,18.11495037900005],[103.70214437700008,18.114900937000073],[103.69674925600003,18.116065975000026],[103.69539911700008,18.116909907000036],[103.68850913400007,18.122535726000024],[103.68626266900009,18.125179855000056],[103.68404458300006,18.12705547300004],[103.68166092100006,18.128341990000024],[103.68287069300004,18.128902500000038],[103.68386126300004,18.13071343200005],[103.68254281200007,18.13308363400006],[103.68073674100003,18.137765098000045],[103.67920179000004,18.139173284000037],[103.67471410800005,18.14107344400003],[103.67158737000005,18.141978643000073],[103.66837258000004,18.14204508200004],[103.66728938900008,18.144102598000075],[103.66687384200009,18.146780729000056],[103.66538797800007,18.148305633000064],[103.66506817700008,18.149744456000064],[103.66282394000007,18.149898369000027],[103.66152440300004,18.150975377000066],[103.65968167600005,18.151023355000063],[103.65637218600006,18.153741007000065],[103.65463391800006,18.15452461700005],[103.65465375400004,18.15572049000002],[103.65299737800007,18.156187197000065],[103.65231485000004,18.158103518000075],[103.65085041400005,18.15805388600006],[103.65055163900007,18.159372009000037],[103.65160388600003,18.161039618000075],[103.65113020300004,18.161977273000048],[103.64906118400006,18.161900584000023],[103.64800327500006,18.16308589500005],[103.64896334600007,18.164621772000032],[103.64820369500006,18.168604237000068],[103.64880923800007,18.170486888000028],[103.64774913200006,18.170185541000023],[103.64808601400006,18.172375886000054],[103.64761469900009,18.173744569000064],[103.64606025900008,18.174733927000034],[103.64402563900006,18.174466771000027],[103.64323874500008,18.175036114000022],[103.64140429900004,18.174390766000045],[103.63917893600006,18.174666369000022],[103.63716576300004,18.173811215000057],[103.63557654500005,18.17467583100006],[103.63286318200005,18.173295447000044],[103.63070701600009,18.173743003000027],[103.62997047800008,18.174735155000064],[103.62874195900008,18.174090300000046],[103.62812661400005,18.175157264000063],[103.62555618200008,18.175739426000064],[103.62612069900007,18.176773754000067],[103.62460001000005,18.178334593000045],[103.62357751000008,18.177017513000067],[103.62264945000004,18.177985483000043],[103.62193411200008,18.176400399000045],[103.62033172000008,18.177108297000075],[103.61978687200008,18.178865193000036],[103.61764677300005,18.178142834000028],[103.61551918100008,18.180709809000064],[103.61257202200005,18.181843713000035],[103.61176715100004,18.183515272000022],[103.60994040600008,18.182543673000055],[103.60705183500005,18.18395629300005],[103.60387673700006,18.18256966100006],[103.60105157700008,18.184493302000078],[103.59964616600007,18.184498879000046],[103.59785966700008,18.186169551000035],[103.59801344700008,18.184467446000042],[103.59564915200008,18.183084448000045],[103.59283094400007,18.184049766000044],[103.59322681200007,18.18580223200007],[103.59482410600003,18.186673107000047],[103.59472207700009,18.189004185000044],[103.59547715400004,18.190547552000055],[103.59701948000009,18.19040211400005],[103.59923807400008,18.191751141000054],[103.59987074300005,18.193367392000027],[103.59685638300004,18.196092204000024],[103.59257386300004,18.19468156100004],[103.59332994000005,18.19675036900003],[103.59258904800004,18.19857560400004],[103.59027225700004,18.197264910000058],[103.58853728100007,18.19920884100003],[103.58611382100008,18.197579303000055],[103.58463584900005,18.198884672000077]]]},"properties":{"Shape_Leng":1.38747944302,"Shape_Area":0.03206215112,"ADM2_EN":"Phon Charoen","ADM2_TH":"พรเจริญ","ADM2_PCODE":"TH3802","ADM1_EN":"Bueng Kan","ADM1_TH":"บึงกาฬ","ADM1_PCODE":"TH38","ADM0_EN":"Thailand","ADM0_TH":"ประเทศไทย","ADM0_PCODE":"TH"}},
{"type":"Feature","geometry":{"type":"Polygon","coordinates":[[[103.40004637500004,18.28107635600003],[103.39702761700005,18.280709983000065],[103.39613707900008,18.27986389700004],[103.39513296100006,18.281285429000036],[103.39131318300008,18.277974372000074],[103.39126460200004,18.276270488000023],[103.38978750500007,18.274916546000043],[103.39224307000006,18.272387672000036],[103.39399534300009,18.27145364200004],[103.39533998200005,18.269445929000028],[103.39597453700009,18.26740665500006],[103.39509780900005,18.26628730500005],[103.39806373000005,18.26466540200005],[103.39916859900006,18.262413813000023],[103.39895747000008,18.261045314000057],[103.40014402500009,18.260099490000073],[103.39917186900004,18.258852724000064],[103.39989943400008,18.256181104000063],[103.39958077900008,18.255035939000038],[103.40210754200007,18.25477238800005],[103.40330935700007,18.253877054000043],[103.40612329800007,18.254594476000022],[103.40728739300005,18.256827114000032],[103.40873898000007,18.256412324000053],[103.40911246600007,18.251786261000063],[103.40995644500003,18.248731835000058],[103.40906185700004,18.24745678900007],[103.40976979000004,18.246507637000036],[103.41162208500003,18.245980364000047],[103.41239017900006,18.24481784200003],[103.41523789200005,18.24537218100005],[103.41979478700006,18.245263574000035],[103.42121873600007,18.246113327000046],[103.42355168100005,18.245353653000052],[103.42737412900004,18.239601752000056],[103.43488650700004,18.229399751000074],[103.43621285200004,18.22665224900004],[103.43633038900003,18.224425616000076],[103.43589631900005,18.221016935000023],[103.43607026000006,18.21583735300004],[103.43738739300005,18.209741535000035],[103.43842866900007,18.206605812000078],[103.43948822700008,18.204797704000043],[103.43907701900008,18.198880577000068],[103.43672370000007,18.19823777000005],[103.42873223200007,18.189925450000032],[103.42693292700005,18.189907937000044],[103.42304282700007,18.18810743800003],[103.42171601400008,18.18793856800005],[103.41806690600004,18.185850910000056],[103.41552140200008,18.183768814000075],[103.41561923200004,18.181590585000038],[103.41496073300004,18.179907959000047],[103.41588268000004,18.178153343000076],[103.41725000400004,18.177812621000044],[103.41718817800006,18.176119268000036],[103.42054891300006,18.173382470000035],[103.42002072300005,18.171939305000024],[103.42121596100009,18.169483779000075],[103.41348336300007,18.16927836600007],[103.41111733200006,18.168626021000023],[103.40950603600004,18.166757456000028],[103.41063986000006,18.16378136900005],[103.41058978000007,18.162403074000053],[103.41175157600009,18.16058520300004],[103.41025757100005,18.158018154000047],[103.40382045400008,18.16708790200005],[103.40056106300005,18.17280224900003],[103.39945680500006,18.173590803000025],[103.39652253600008,18.17760606400003],[103.39443876000007,18.17907593500007],[103.39032959200006,18.17890254100007],[103.38878504300004,18.17957675400004],[103.38661154900007,18.178094546000068],[103.38586654600005,18.178370818000076],[103.38435759800007,18.17676248500004],[103.38182540200006,18.175038947000075],[103.38135652300008,18.16977737600007],[103.37983509900005,18.169915725000067],[103.38088271500004,18.167651999000043],[103.37880836500005,18.168125616000054],[103.37752931900008,18.166543115000024],[103.37621709000007,18.167902214000037],[103.37441998200006,18.168038934000037],[103.37229199900008,18.16649022100006],[103.37010174300008,18.166530212000055],[103.36874849900005,18.16501197200006],[103.36638776100006,18.164330981000035],[103.36674138900008,18.16302335100005],[103.36480558000005,18.161918033000063],[103.36503826300009,18.16123413100007],[103.36256252100009,18.161750469000026],[103.36230214400007,18.16093276500004],[103.35559779100004,18.15923011900003],[103.34959450100007,18.159074865000036],[103.34822492300003,18.15719007100006],[103.34632474100005,18.15661752400007],[103.34438804400008,18.153131717000065],[103.34043664900008,18.151940455000044],[103.33666476000008,18.152425727000036],[103.33562514300007,18.15209627400003],[103.33615425200009,18.15064445400003],[103.33687775500005,18.144304636000072],[103.33633185100007,18.142967833000057],[103.33689417600004,18.141305600000067],[103.33619636900005,18.138288275000036],[103.33681263900007,18.13688674100007],[103.33311598600005,18.134958658000073],[103.32957693400004,18.133932781000055],[103.32803068500004,18.132468076000066],[103.32501583900006,18.13242877400006],[103.32331120900005,18.133647575000055],[103.32326133600009,18.13248822500003],[103.32181921300008,18.13199559000003],[103.32078191800008,18.129974248000053],[103.32106152500006,18.128295324000078],[103.31913191400008,18.124862689000054],[103.31712179600004,18.124395529000026],[103.31715452500003,18.123123685000053],[103.31432421300008,18.123893192000025],[103.31425383100009,18.12547229300003],[103.31176269000008,18.12392572600004],[103.30942197000007,18.12546730300005],[103.30671608300008,18.125790250000023],[103.30661937100007,18.12447254700004],[103.30467490700005,18.124183170000038],[103.30276469900008,18.122219382000026],[103.30072748400005,18.12179519700004],[103.29864424900006,18.11982339700006],[103.29596584600006,18.120379895000042],[103.29471964600003,18.11963494500003],[103.29414105700005,18.115834832000075],[103.29311830000006,18.114383762000045],[103.29355832200008,18.112257966000072],[103.29254200800005,18.111506339000073],[103.29465094900007,18.105905799000027],[103.29559229300008,18.105870115000073],[103.29549561200008,18.10404307300007],[103.29755095800004,18.10436465600003],[103.29886707100007,18.10612328800005],[103.29990558300005,18.105911543000047],[103.29958714300005,18.103464152000072],[103.30043927600008,18.10306928400007],[103.30192350500005,18.104622350000056],[103.30277121700004,18.10445717300007],[103.30408170400005,18.107102690000033],[103.30687940900003,18.106705649000048],[103.30914147600004,18.10561133500005],[103.31098343800005,18.103570986000022],[103.31048501400005,18.102632114000073],[103.31272519200007,18.10209799300003],[103.31308300900008,18.10375906200005],[103.31389841500004,18.102919377000035],[103.31360338800005,18.099769948000073],[103.30963384900008,18.097461704000068],[103.30839935200004,18.097552376000067],[103.30664387100006,18.095536036000055],[103.30459218000004,18.094033098000068],[103.30265794100006,18.091631938000035],[103.30104686700008,18.090808261000063],[103.30059440600007,18.086431609000044],[103.29987852600004,18.08498955300007],[103.30032971500003,18.083904012000062],[103.29991973100005,18.081514414000026],[103.30108979300007,18.07870327200004],[103.30389231600009,18.07486651100004],[103.30818607500004,18.071592520000024],[103.31001470000007,18.067125017000023],[103.31183892600006,18.064193957000043],[103.31183847500006,18.059317005000025],[103.31362535400007,18.05694062300006],[103.31711742200008,18.055860969000037],[103.32106916600009,18.055472245000033],[103.32508868500008,18.05412906400005],[103.32696301000004,18.054294742000025],[103.33093299000006,18.05145275500007],[103.33462614200005,18.052100866000046],[103.33928044800007,18.05055619700005],[103.34008311800005,18.049019263000048],[103.34219231500003,18.050017678000074],[103.34397737800003,18.048608079000076],[103.34582826100007,18.04873883500005],[103.34672538600006,18.047509319000028],[103.34906675100007,18.046941332000074],[103.35010923000004,18.04727682500004],[103.35059172200005,18.045883893000052],[103.34976663400005,18.045221836000053],[103.35279004000006,18.04287812800004],[103.35249886100007,18.040806988000043],[103.35352878100008,18.040516214000036],[103.35404160900003,18.037028531000033],[103.35642634100009,18.034205635000035],[103.35514500300008,18.033813390000034],[103.35625197900004,18.032246412000063],[103.35451201000006,18.031632286000047],[103.35279542600006,18.029532020000033],[103.35360417500004,18.027975945000037],[103.35629930600004,18.029308181000033],[103.35934128400004,18.029935582000064],[103.36426203900004,18.032071160000044],[103.36634657700006,18.032070641000075],[103.37167617300008,18.03276974000005],[103.37463551400003,18.033617959000026],[103.37695690800007,18.032589286000075],[103.38119846000006,18.029666404000068],[103.38130721300007,18.02830737000005],[103.38472303200007,18.025763422000068],[103.38853076500004,18.026799184000026],[103.38876703900007,18.026139561000036],[103.39153116900007,18.024955412000054],[103.39299595500006,18.022383383000033],[103.39260638700006,18.020700582000075],[103.39118470700004,18.018563305000043],[103.39250093900006,18.018300495000062],[103.39394218500007,18.015962159000026],[103.39481740000008,18.01224180300005],[103.39664860400006,18.009224421000056],[103.40015051000006,18.008439699000064],[103.40220515600004,18.006749666000076],[103.40606345100008,18.006322803000046],[103.40615191600006,18.004674704000024],[103.40722054400004,18.003116099000067],[103.40374342800004,18.001196048000054],[103.40414378600008,18.000218019000044],[103.40265699600008,17.999855129000025],[103.40222797200005,17.996568171000035],[103.40125833500008,17.996076980000055],[103.40124675700008,17.994550288000028],[103.39979327600008,17.993674630000044],[103.40016060000005,17.991721323000036],[103.40144285900004,17.993165387000033],[103.40189558900005,17.992010148000077],[103.40515220900005,17.99225767200005],[103.40659542300006,17.993406024000024],[103.40775271800004,17.992768918000024],[103.40917395300005,17.986986572000035],[103.41008082700006,17.986463960000037],[103.41324254000006,17.986216326000033],[103.42041743700008,17.98401761200006],[103.42371846700007,17.983247799000026],[103.42987241600008,17.983149900000058],[103.43027793600004,17.98145597300004],[103.42630919100009,17.97966101700007],[103.42567705200008,17.978627094000046],[103.42592100800005,17.976531360000024],[103.42769561400007,17.975445703000048],[103.43011657800008,17.97679144800003],[103.43226910800007,17.97539050900002],[103.43492194500004,17.975675916000057],[103.43891249400008,17.975178966000044],[103.43994175000006,17.974047667000036],[103.43827094200009,17.970054065000056],[103.43958294400005,17.96865914500006],[103.44306493100004,17.96725731300006],[103.44585770800006,17.96708443400007],[103.44684220100004,17.968980517000034],[103.45075202800007,17.973100576000036],[103.45153948200004,17.97757255700003],[103.44989350900005,17.978286224000044],[103.44751345800006,17.97555520900005],[103.44653413700007,17.97524143800007],[103.44419778500009,17.97782366100006],[103.44379502000004,17.979896650000057],[103.43891903500008,17.98025578200003],[103.43779143900008,17.981313518000036],[103.43860259700006,17.98426527500004],[103.44245785200008,17.987984523000023],[103.44227359800004,17.989017328000045],[103.44366808400008,17.991045752000048],[103.44901642300005,17.99439424700006],[103.45199448700004,17.99324966000006],[103.45441207900006,17.990806346000056],[103.45856370000007,17.990003196000032],[103.46077718400005,17.989032920000056],[103.46316651000006,17.98868861400007],[103.46450406900004,17.989225832000045],[103.46686516200003,17.991543466000053],[103.46694359400004,17.99486746200006],[103.46818264000007,17.996560275000036],[103.46850828100008,18.000410470000077],[103.47064419500003,18.000285360000078],[103.47217625200005,17.998404567000023],[103.47332056400006,17.99890830000004],[103.47297844500008,18.001744509000048],[103.47120182300006,18.004484792000028],[103.47296244700004,18.005667995000067],[103.47489325800007,18.00554068200006],[103.47915379600005,18.002708419000044],[103.48045457400008,18.00079161900004],[103.48153247700009,17.99760442300004],[103.48315891400006,17.99604672600003],[103.48653481100007,17.99445361900007],[103.49012333300004,17.990180488000078],[103.49085511700008,17.988462774000027],[103.49255376700006,17.98770207800004],[103.49580564300004,17.989738678000037],[103.49811987000004,17.990268426000057],[103.49819929100005,17.99155416900004],[103.49450657500006,17.994194524000022],[103.49843866200007,17.995029213000066],[103.49715776100004,17.99665643900005],[103.49922537000003,17.997883882000053],[103.50287505500006,17.995745353000075],[103.50385269100008,17.996696881000048],[103.50357463800003,18.000799183000026],[103.50391328600006,18.00221870400003],[103.50242650500007,18.003845824000052],[103.50301633900006,18.005531263000023],[103.50023271200007,18.00707290500003],[103.50046791400007,18.00921358900007],[103.49896908300008,18.010770043000036],[103.49891422000007,18.013905398000077],[103.49657326500005,18.015274618000035],[103.49749147600005,18.016760548000036],[103.49537223700008,18.01662230200003],[103.49493098400006,18.018034619000048],[103.49633793100008,18.01951134500007],[103.49572672500005,18.021443496000074],[103.49678318700006,18.021742561000053],[103.49744583200004,18.01978104600005],[103.49833148600004,18.019527935000042],[103.49866694300005,18.021252658000037],[103.49785583800008,18.023816545000045],[103.49796695900005,18.027752230000033],[103.49690844300005,18.028718569000034],[103.49717871300004,18.03042411000007],[103.49658544800008,18.03277814000006],[103.49512875100004,18.03326890200003],[103.49370010100006,18.035869928000068],[103.49133531200005,18.03770682800007],[103.49239370200007,18.039250511000034],[103.49530753400006,18.03792241700006],[103.49440553800008,18.041734679000058],[103.49695155500007,18.040799539000034],[103.49812126300009,18.041251437000028],[103.49731797900006,18.04462638700005],[103.49781032000004,18.045368104000033],[103.49751538000004,18.048819983000044],[103.49620308800007,18.04853747900006],[103.49632773500008,18.050400334000074],[103.49428726600007,18.050496958000053],[103.49475205100003,18.054093137000052],[103.49378455100003,18.053447403000064],[103.49247043900004,18.05465138200003],[103.49400857400008,18.055959363000056],[103.49451270800006,18.05780943900004],[103.49571185800005,18.055668596000032],[103.49657659200005,18.056441016000065],[103.49331319100008,18.05983582500005],[103.49642975700004,18.064942169000062],[103.49764360800003,18.064300514000024],[103.49814989700008,18.062128760000064],[103.49926506300005,18.062369988000057],[103.50019890300007,18.061064018000025],[103.50159862900006,18.060890180000058],[103.50263800400006,18.058499032000043],[103.50463189700008,18.05870189700005],[103.50557100900005,18.061363414000027],[103.50433947600004,18.065542094000023],[103.50456592500007,18.068236712000044],[103.50625529600006,18.069695185000057],[103.51429872800009,18.074086058000034],[103.51611309100008,18.07432603600006],[103.51733494500007,18.07347144700003],[103.51920770700008,18.070955171000037],[103.52566146800007,18.06954653100007],[103.52645543900007,18.068846301000065],[103.52697508100005,18.06661392700005],[103.52804550300004,18.06641336200005],[103.53003850900006,18.067620056000067],[103.53118705900005,18.069493445000035],[103.53262579000005,18.069945671000028],[103.53462886900007,18.06805651700006],[103.53691050500004,18.06835777300006],[103.53661984000007,18.07148378200003],[103.53486088600005,18.074792369000022],[103.53724178600004,18.07844478100003],[103.53640536800003,18.08272869800004],[103.53679562400004,18.085270388000026],[103.53784371000006,18.087314174000028],[103.54034660800005,18.088943572000062],[103.54244245900009,18.08804716000003],[103.54310009600005,18.088229755000043],[103.54771319100007,18.085846462000063],[103.54920404200004,18.086072177000062],[103.55182666400003,18.087863123000034],[103.55294974300006,18.08641963100007],[103.55570031100007,18.085605900000076],[103.55895509700008,18.087571308000065],[103.55886329400005,18.08899797500004],[103.55608438700006,18.088644287000022],[103.55324111700008,18.09007563700004],[103.55312012400009,18.09257281200007],[103.55226581700003,18.095231384000044],[103.54988537200006,18.097203344000036],[103.55032734500008,18.09813421700005],[103.55489326000009,18.099069916000076],[103.55476988300006,18.101642472000037],[103.55614822900009,18.10429411100006],[103.55528048700006,18.10882404000006],[103.55390241000003,18.110960600000055],[103.55230165900008,18.11090106100005],[103.55284512200006,18.108589392000056],[103.55059319100008,18.108413679000023],[103.54843607900006,18.104602511000053],[103.54900918500005,18.101748964000024],[103.54769760000005,18.100440696000078],[103.54467439800004,18.101067012000044],[103.54394406000006,18.10417138200006],[103.54415976100006,18.10539056600004],[103.54336099200003,18.10762899200006],[103.54547250200005,18.109499200000073],[103.54805067900008,18.11000195200006],[103.54920038700004,18.110829109000065],[103.54879347000008,18.111834008000073],[103.54236730400004,18.114300378000053],[103.54282622300008,18.116455038000026],[103.54052025400006,18.11905110400005],[103.53930085800005,18.118480415000022],[103.54029071500008,18.11748598300005],[103.53705195600008,18.116665685000044],[103.53563810700007,18.117694879000055],[103.53425761400007,18.115698603000055],[103.53354316300005,18.11809347700006],[103.53432540600005,18.11889632200007],[103.53425507900005,18.12058908800003],[103.53311559500008,18.120917057000042],[103.53535730200008,18.122743032000074],[103.53487576500004,18.123626368000032],[103.53626226700004,18.125149339000075],[103.53663188600007,18.12700379000006],[103.53576658400004,18.128120499000033],[103.53711454500007,18.128590701000064],[103.53820884500004,18.12782646900007],[103.53807487000006,18.13088910500005],[103.53896989000003,18.133190037000077],[103.53722370400004,18.134410787000036],[103.53779285900004,18.135380790000056],[103.53631083100004,18.136483464000037],[103.53739985500005,18.137919297000053],[103.53678215400004,18.13858043600004],[103.53401455800008,18.138396407000073],[103.53366741000008,18.139903312000058],[103.53198321200006,18.138897674000077],[103.53288980000008,18.142901753000046],[103.53437763000005,18.144127527000023],[103.53579202500003,18.143822577000037],[103.53757829300008,18.146861073000025],[103.53569698400008,18.14715741300006],[103.53626713300008,18.14903029100003],[103.53407530500004,18.150845837000077],[103.53476183500004,18.15300185500007],[103.53627431000007,18.154015094000044],[103.53765980400004,18.153186050000045],[103.53999844300006,18.155276953000055],[103.54101927100004,18.157587850000027],[103.54305725500006,18.15972331100005],[103.54424234900006,18.15977192200006],[103.54519025500008,18.158236825000074],[103.54625142800006,18.159111402000065],[103.54569033400008,18.161669819000053],[103.54767656400008,18.16234195800007],[103.54884091000008,18.161559574000023],[103.55023450900006,18.16306121100007],[103.55273548400004,18.160798923000073],[103.55338093100005,18.158538761000045],[103.55447299900004,18.161106123000025],[103.55581803100006,18.16144444300005],[103.55752640200006,18.16782604900004],[103.55749448000006,18.169816230000038],[103.55829758200008,18.172158068000044],[103.55940059000005,18.173112400000036],[103.56331808000004,18.173843998000052],[103.56570520800005,18.175670661000026],[103.56878309800004,18.179481026000076],[103.57045330200003,18.18201562400003],[103.57046934000005,18.183187399000076],[103.56630766300003,18.185314729000027],[103.56604490000007,18.186312361000034],[103.56812251200006,18.18732638700004],[103.56897080600004,18.189095219000023],[103.57314722300003,18.186997052000038],[103.57617226100007,18.186007106000034],[103.57767689700006,18.18671979100003],[103.57650373100006,18.189669906000063],[103.58060545500007,18.190092410000034],[103.58462464400009,18.192795096000054],[103.58463584900005,18.198884672000077],[103.58460405800008,18.199741734000042],[103.58268316800007,18.19945136900003],[103.57904781700006,18.19779653200004],[103.57580086600007,18.201252578000037],[103.57528297600004,18.20315929000003],[103.57172633200008,18.202236764000077],[103.57104583100005,18.200824226000066],[103.56707104100008,18.202613178000036],[103.56596534600004,18.203958200000045],[103.56659598500005,18.20700032700006],[103.56130955100008,18.211961660000043],[103.55863062800006,18.215069768000035],[103.55192951000004,18.218195571000024],[103.55156705500008,18.219835972000055],[103.54973841200007,18.21903958000007],[103.54755329700004,18.220991170000048],[103.54525312800007,18.22236861600004],[103.54505552800003,18.22334579900007],[103.54680566300004,18.22446962600003],[103.55047297000004,18.22394668900006],[103.55257329500006,18.22461353400007],[103.55264085700009,18.226802848000034],[103.55040117900006,18.228350685000066],[103.55049312500006,18.231961116000036],[103.54994443300006,18.232481087000053],[103.54687004700008,18.231338466000068],[103.54248293100005,18.228154189000065],[103.54086436100005,18.227687696000032],[103.54032707200008,18.231478251000055],[103.53827389600008,18.233008107000046],[103.53702089700005,18.23573034900005],[103.53787835300005,18.237688287000026],[103.54220035000009,18.235620694000033],[103.54456499000008,18.23551844600007],[103.54455437300004,18.23709711400005],[103.54353365100008,18.23773432300004],[103.53811485000006,18.239179524000065],[103.53844878400008,18.24072330000007],[103.54090083200003,18.241978910000057],[103.54352399700008,18.239799258000062],[103.54709090400007,18.239186846000052],[103.54670692000008,18.242474491000053],[103.54222313200006,18.24252471500006],[103.54266705700007,18.24664279800004],[103.54113755300006,18.251015103000043],[103.54281177100006,18.252070950000075],[103.54518142200004,18.255446293000034],[103.54286999500005,18.255102780000072],[103.54020878700004,18.257721556000035],[103.54175717800007,18.258976378000057],[103.54302891000003,18.261305380000067],[103.54311876400004,18.26360885200006],[103.54171501200005,18.264743273000022],[103.53593749200007,18.267329243000063],[103.53572285600006,18.267995945000052],[103.53806960500003,18.268699140000024],[103.53786890600009,18.26971493800005],[103.53579856600004,18.270451748000028],[103.53564950600008,18.27242198500005],[103.53668178600009,18.27208130200006],[103.53651708000007,18.27515366500006],[103.53907545100009,18.27519320500005],[103.53932481100009,18.27612169500003],[103.53816810900008,18.277718433000075],[103.53951109800005,18.27992261600002],[103.53841590300004,18.28083575000005],[103.53741413700004,18.279792905000022],[103.53420755600007,18.279511670000034],[103.53348226500003,18.27815725100004],[103.53159041000004,18.27688916900007],[103.53097996300005,18.278408375000026],[103.53185863100003,18.280061402000058],[103.53363738400009,18.27934061600007],[103.53392224100008,18.28054187200007],[103.53300438400004,18.281750872000032],[103.53447138500007,18.284607357000027],[103.53420228500005,18.28575046000003],[103.53152379300008,18.283640191000075],[103.53013599300004,18.280821505000063],[103.52801795300007,18.281553625000072],[103.52811816100007,18.282778739000037],[103.53076383500007,18.283523977000073],[103.52848749200007,18.284181756000066],[103.52604133900007,18.28716005600006],[103.52388584500005,18.287707332000025],[103.52318473200006,18.29163470900005],[103.52492701900007,18.29240974800007],[103.52695961700005,18.291276357000072],[103.53090535000007,18.29191390400007],[103.53079713300008,18.29390833700006],[103.53144172800006,18.295453518000045],[103.52823901100004,18.294735917000025],[103.52614698700006,18.295678933000033],[103.52587260700005,18.29678198000005],[103.52793679300004,18.29717269500003],[103.52849493200006,18.297994243000062],[103.52830546000007,18.30026009000005],[103.52543870600005,18.299597522000056],[103.52206918000007,18.30009264100005],[103.52170411000009,18.301647481000032],[103.52483042500006,18.304416786000047],[103.52760126700008,18.303476361000037],[103.52996563800008,18.30331413600004],[103.53081605100004,18.302306546000068],[103.53189003200004,18.302742614000067],[103.53265908300006,18.305028950000064],[103.52910989300005,18.305727705000038],[103.52699453800005,18.30680108400003],[103.52646316600004,18.308566875000054],[103.52808522000004,18.309764835000067],[103.52518614400009,18.310308392000024],[103.52343682200006,18.312147073000062],[103.52573505100008,18.313623949000032],[103.52537409500007,18.315330019000044],[103.52152669300006,18.31359661600004],[103.52057398100004,18.31455064000005],[103.52178346300008,18.31580710700007],[103.52109659500007,18.317878789000076],[103.52000895700007,18.31896363800007],[103.51854237600008,18.318819319000056],[103.51869101300008,18.31786422600004],[103.51668705800006,18.31327929200006],[103.51444135400004,18.31391241800003],[103.51281942900005,18.31518677400004],[103.51325236900004,18.318136469000024],[103.51174269500007,18.318499127000052],[103.50908009200003,18.314995445000022],[103.50947002500004,18.31330920100004],[103.50646189700007,18.311933974000056],[103.50505721100006,18.31251282900007],[103.50691111500004,18.313736740000024],[103.50276852600007,18.314073818000054],[103.49886774200007,18.31313471900006],[103.49677979700004,18.313942247000057],[103.49788388800005,18.314735450000057],[103.49714211900005,18.315549762000046],[103.49385062100004,18.31510772000007],[103.49035211700004,18.31591874000003],[103.49164339900005,18.317399479000073],[103.49111081100006,18.31801784000004],[103.48919268400005,18.316636540000047],[103.48554548900006,18.316890813000043],[103.48215165600004,18.31800567600004],[103.47696313500006,18.31804106100003],[103.47517556500009,18.319497692000027],[103.47347139700008,18.31985611600004],[103.47226499300007,18.318540933000065],[103.47047926500005,18.318523328000026],[103.46804476300008,18.319428448000053],[103.46700487300006,18.32042608000006],[103.46514005300008,18.31982828400004],[103.46367236000003,18.318091219000053],[103.46221484300008,18.317790457000058],[103.45966884300009,18.32124956100006],[103.45576627000008,18.32051930500006],[103.45566391600005,18.32204732200006],[103.45295191800005,18.323072882000076],[103.45323902100006,18.320770785000036],[103.45100077600006,18.318723185000067],[103.44822691100006,18.320789411000078],[103.44602966200006,18.32015374100007],[103.44659402600007,18.31727517300004],[103.44467263900003,18.31653250000005],[103.44303839100007,18.31894161300005],[103.44080599600005,18.31709087300004],[103.43919060600007,18.317646902000035],[103.43816079000004,18.318939859000068],[103.43934055900007,18.320323071000075],[103.43804373000006,18.321860919000073],[103.43683702100009,18.320747545000074],[103.43238635500006,18.31931384300003],[103.43119898100008,18.31613305700006],[103.42985585700006,18.316685977000077],[103.42627932600004,18.316873831000066],[103.42701408800008,18.314052962000062],[103.42583860000008,18.313344650000033],[103.42695545800007,18.310906402000057],[103.42615561400004,18.310071005000054],[103.42740618800008,18.307384795000075],[103.42612816000008,18.303761505000068],[103.42717196900009,18.303064421000045],[103.42568743900006,18.301158169000075],[103.42251381900007,18.300156403000074],[103.42059164200003,18.297090402000038],[103.42112617800007,18.29604080300004],[103.42167897300004,18.292001414000026],[103.42011225400006,18.290399956000044],[103.41983164900006,18.289097855000023],[103.41827517000007,18.287676173000023],[103.41536052600009,18.287935786000048],[103.41409139000007,18.28980178300003],[103.41231524800008,18.289312176000067],[103.41101592400008,18.28801169600007],[103.41179761700005,18.286591374000068],[103.41051581000005,18.284979358000044],[103.41004031700004,18.28544682200004],[103.40821606700007,18.283805175000055],[103.40633354400006,18.284324223000056],[103.40293468000004,18.283194080000044],[103.40087801100003,18.283658927000033],[103.40108882000004,18.281389712000077],[103.40004637500004,18.28107635600003]]]},"properties":{"Shape_Leng":2.05570155052,"Shape_Area":0.0517209399498,"ADM2_EN":"So Phisai","ADM2_TH":"โซ่พิสัย","ADM2_PCODE":"TH3803","ADM1_EN":"Bueng Kan","ADM1_TH":"บึงกาฬ","ADM1_PCODE":"TH38","ADM0_EN":"Thailand","ADM0_TH":"ประเทศไทย","ADM0_PCODE":"TH"}},
{"type":"Feature","geometry":{"type":"Polygon","coordinates":[[[103.89344736900006,18.12026091900003],[103.89236860800008,18.118209686000057],[103.88722443100005,18.117619783000066],[103.88470194700005,18.113518205000048],[103.88254208300003,18.111216971000033],[103.88103948100007,18.107121298000038],[103.88069988200004,18.104819907000035],[103.87759189900004,18.10092816200006],[103.87596474100008,18.09781735000007],[103.87086633800004,18.086454615000036],[103.86799136900004,18.080909434000034],[103.86565884000004,18.075856077000026],[103.86495009300006,18.073412499000028],[103.86265946400005,18.069006701000035],[103.86150160600005,18.066022493000048],[103.86188540700005,18.06222589300006],[103.86165923500005,18.059949889000052],[103.85631932500007,18.057319172000064],[103.85625164500004,18.053724758000044],[103.85747138000005,18.049457390000043],[103.85557714500004,18.045377818000077],[103.85436446300008,18.044963016000054],[103.84998822000006,18.044694272000072],[103.84695984500007,18.04540178700006],[103.84419046300007,18.04705913500004],[103.84105941000007,18.047919759000024],[103.83759500300005,18.047829208000053],[103.83397450100006,18.048504485000024],[103.82828023900004,18.047750477000022],[103.82705393000003,18.048509205000073],[103.82634925700006,18.046936724000034],[103.82410090400003,18.048202466000077],[103.82350571900008,18.046966067000028],[103.82190387400004,18.046677584000065],[103.81930212900005,18.044631564000042],[103.81747623200005,18.045266225000034],[103.81466348600009,18.044804283000076],[103.81335927100008,18.047038448000023],[103.81101787000006,18.04704765200006],[103.80931091700006,18.04611856100007],[103.80915964400003,18.044970160000048],[103.81157043300004,18.04357968100004],[103.80970407000007,18.04278966800007],[103.80589724100008,18.044559900000024],[103.80594831700006,18.045288715000027],[103.80397118600007,18.046088558000065],[103.80223930500006,18.044154840000033],[103.80211542500007,18.04606616700005],[103.80076272800005,18.046741971000074],[103.79941868300006,18.044310705000044],[103.79627514600008,18.04471339400004],[103.79802293600005,18.04766675600007],[103.79660501400008,18.048251853000068],[103.79173768400005,18.051977702000045],[103.79346555600006,18.053641105000054],[103.79413108900008,18.05242905500006],[103.79560269900009,18.05224197800004],[103.79606270500005,18.053405242000053],[103.79391217400007,18.055046187000073],[103.79724499200006,18.058395954000048],[103.79700649400007,18.060817877000034],[103.79771373300008,18.061892644000068],[103.79630601700006,18.06362446600002],[103.80194270900006,18.068329670000026],[103.80231859000008,18.069197544000076],[103.79899348800006,18.07147715900004],[103.79703970400004,18.071580423000057],[103.79526963400008,18.070660347000057],[103.79315299500007,18.071513845000027],[103.79757650300007,18.07287302000003],[103.79896438500003,18.07448783800004],[103.79784334400006,18.07532804500005],[103.79553863300004,18.075414915000067],[103.79541922600004,18.07641699900006],[103.79670061800005,18.077177560000052],[103.79365257900008,18.077195165000035],[103.79275677600003,18.078005270000062],[103.79039547800005,18.077608207000026],[103.78996373500007,18.076456261000033],[103.78666966800006,18.07782464400003],[103.78711480000004,18.078670333000048],[103.78597204200008,18.080949644000043],[103.78454836500003,18.080770933000053],[103.78508591800005,18.081901574000028],[103.78319908500004,18.08234939500005],[103.78400235200007,18.082949848000055],[103.78314986800007,18.08401551000003],[103.78122747200007,18.083391797000047],[103.78132379000004,18.081999077000035],[103.77824369000007,18.082175564000067],[103.77937539200008,18.083317977000036],[103.77817806300004,18.084218281000062],[103.77613485700005,18.083604195000078],[103.77451321000007,18.08419619400007],[103.76794176100009,18.071852284000045],[103.76271787100006,18.061562222000077],[103.75317919900004,18.04329560000002],[103.75106072300008,18.04228275400004],[103.74954603500004,18.040597568000067],[103.74726451900005,18.040225779000025],[103.74563750600004,18.041498002000026],[103.74399792300005,18.041759814000045],[103.74214835800007,18.04106660900004],[103.74126678900006,18.039205758000037],[103.73895303600005,18.03752025500006],[103.73755318500008,18.03372600000006],[103.73414201300005,18.033842723000078],[103.73392112700009,18.033113859000025],[103.73136606700007,18.033913590000054],[103.72913700700008,18.031505498000058],[103.72629059900004,18.031096313000035],[103.72440791700006,18.028943277000053],[103.72496153500003,18.02810778500003],[103.72341007700004,18.02701436500007],[103.72156315000007,18.02700619700005],[103.72413890100006,18.025350857000035],[103.72519804200005,18.026082847000055],[103.72619424600003,18.024754512000072],[103.72862370200005,18.02459374800003],[103.72856358000007,18.022733591000076],[103.73013554100004,18.02295270600007],[103.73198073600008,18.02102295700007],[103.73138671600009,18.020172006000053],[103.73296649300005,18.01939459500005],[103.73228927900004,18.01859762600003],[103.73402979800005,18.018495526000038],[103.73218071400004,18.016559046000054],[103.73168068900009,18.014845510000043],[103.72977374600003,18.013669555000035],[103.72859551200008,18.014806297000064],[103.72692704300005,18.012480178000033],[103.72782311600008,18.011666869000067],[103.72697594400006,18.010650374000022],[103.72762101700005,18.009769697000024],[103.72672450900006,18.00798648600005],[103.72780080000007,18.006372638000073],[103.72734929200004,18.00289794200006],[103.72635303200008,18.00197685300003],[103.72741421200004,18.001221771000075],[103.72570677500005,17.998597415000063],[103.72173093900005,17.996054839000067],[103.72375203500008,17.993865758000027],[103.72433324300005,17.990407110000035],[103.72412704500005,17.98340102900005],[103.72345974600006,17.982324727000048],[103.72216933200008,17.977980278000075],[103.72214061000005,17.97654990700005],[103.71358149900004,17.95993419900003],[103.71309219700004,17.95847652300006],[103.71385604800008,17.957218013000045],[103.71312880700003,17.952669166000078],[103.71348421600004,17.951280815000075],[103.71245791000007,17.950465859000076],[103.71306173100004,17.948970280000026],[103.71143753200005,17.947043278000024],[103.70864589800004,17.94497913300006],[103.70781756100007,17.942004268000062],[103.70894168400008,17.940503767000052],[103.71360028900006,17.942743024000038],[103.71624766700006,17.94249209800006],[103.71753067300006,17.94071204200003],[103.71823118800006,17.93573665300005],[103.71847823100006,17.932002149000027],[103.71907369700006,17.929810220000036],[103.72179496400008,17.92603307400003],[103.72284535300008,17.925513108000075],[103.72702358600009,17.924993999000037],[103.73148165100008,17.923327748000077],[103.73508232100005,17.920967096000027],[103.73891655400007,17.919281128000023],[103.74097766900007,17.917772940000077],[103.74560783400005,17.911628201000042],[103.74674431200003,17.91147840800005],[103.74894432700006,17.91345648500004],[103.75227059800005,17.91473013800004],[103.75294092500008,17.915724195000053],[103.75321999400006,17.91888450600004],[103.75171217900004,17.922002373000055],[103.74945943000006,17.92281772700005],[103.74939814300006,17.92625531300007],[103.75085242800009,17.928967826000076],[103.75385516900008,17.933545125000023],[103.75540485700009,17.937663704000045],[103.75657160100008,17.943046476000063],[103.75897196000005,17.950201183000047],[103.76283578400006,17.955575977000024],[103.76484814000008,17.955860186000052],[103.76575194900005,17.954786829000057],[103.76548520900008,17.947989604000043],[103.76559804600004,17.94461656800007],[103.76429618900005,17.940922363000027],[103.76027774900007,17.935587463000047],[103.75780459000003,17.93153817800004],[103.75701619400007,17.929288712000073],[103.75651028300007,17.924664015000076],[103.75747907900006,17.920624685000064],[103.76029472400006,17.91935434900006],[103.76464547000006,17.920766740000033],[103.76901346100004,17.923334513000043],[103.77665836600005,17.930790947000048],[103.77948904200008,17.932083969000075],[103.78185911900005,17.931978145000073],[103.78289368900005,17.930938961000038],[103.78342605300008,17.927932593000037],[103.78252063600007,17.925422438000055],[103.77951433200008,17.920923083000048],[103.77581034600007,17.91417318400005],[103.77473723600008,17.909849042000076],[103.77560822300006,17.906642083000065],[103.77710578900007,17.904584709000062],[103.78155716700007,17.899948694000045],[103.78332575300004,17.897132241000065],[103.78568637600006,17.894416487000058],[103.78674447500003,17.89228495900005],[103.78631771800008,17.890140709000036],[103.78324704400006,17.88871399900006],[103.78073785400005,17.889922527000067],[103.77697105700008,17.890879252000047],[103.77064507200004,17.891348081000046],[103.76774726100007,17.890562510000052],[103.76589387200005,17.889196644000037],[103.76424602900005,17.886228947000063],[103.76451023200008,17.883666608000055],[103.76588842000007,17.880839474000027],[103.76961360300004,17.876538630000027],[103.77240406800007,17.872834090000026],[103.77361014800005,17.867762980000066],[103.77469726000004,17.864487635000046],[103.77569643600003,17.86280094500006],[103.77846776300004,17.86041159900003],[103.78619176900008,17.857775079000078],[103.78661051900008,17.85597976400004],[103.78643130300009,17.85208648300005],[103.78753539000007,17.849533690000044],[103.79067888200007,17.846616742000037],[103.79338996300004,17.84281790400007],[103.79505558900007,17.84184426400003],[103.79609124200005,17.842191213000035],[103.79975399800009,17.846939967000026],[103.80045777400005,17.84746784400005],[103.80430761000008,17.848100187000057],[103.80722572700006,17.850096851000046],[103.80971166400008,17.856515053000066],[103.81058777500004,17.857056380000074],[103.81037010600005,17.859786660000054],[103.80743363000005,17.860979303000022],[103.80461597100003,17.861315733000026],[103.80174666700003,17.864344428000038],[103.79866300000003,17.86882325700003],[103.79504349500007,17.870479072000023],[103.79338595300004,17.87259503100006],[103.79359381400008,17.875156494000066],[103.79436488000005,17.87626036200004],[103.79708971000008,17.87751399700005],[103.79986540600004,17.877213418000053],[103.80300700100008,17.873692162000054],[103.80788274300005,17.87201434900004],[103.81213670200003,17.87132020200005],[103.81703902300006,17.870893969000065],[103.82521398900008,17.87117142900007],[103.83066352700007,17.87014712200005],[103.83606370500007,17.87021258900006],[103.84061667900005,17.871805749000032],[103.84409005900005,17.875483719000044],[103.84602742700008,17.878924083000072],[103.84746796800005,17.88063552400007],[103.85033568800009,17.882632901000022],[103.85253894000004,17.883263499000066],[103.85566890000007,17.883021531000054],[103.86032055100009,17.88201473400005],[103.86612826600003,17.881076351000047],[103.86796219700005,17.879842821000068],[103.86857343100007,17.87768889000006],[103.86735000400006,17.874129352000068],[103.86390433500009,17.867840602000058],[103.86329997100006,17.865193788000056],[103.86618418200004,17.86418715800005],[103.86953190300005,17.865018005000024],[103.87051617100008,17.867000034000057],[103.87116924300005,17.871034353000027],[103.87265953600007,17.87386671300004],[103.87432253500003,17.87536605100007],[103.87622758500004,17.876216200000044],[103.88423513800007,17.87851187700005],[103.88708319000006,17.879089472000032],[103.89273518500005,17.879560068000046],[103.89915079300005,17.879615111000078],[103.90405658000009,17.88075748500006],[103.90615743200004,17.87995558800003],[103.90708479900007,17.878259220000075],[103.90635720700004,17.87559804600005],[103.90178638400005,17.872511624000026],[103.90065101900007,17.869577027000048],[103.90056186400005,17.867833391000033],[103.90198576500006,17.86249569200004],[103.90172992400005,17.855658841000036],[103.90132941500008,17.853014556000062],[103.90019372200004,17.849329875000024],[103.90149746400004,17.84687412900007],[103.90275672600006,17.84685576000004],[103.90452504100006,17.849660740000047],[103.90596496100005,17.851150867000058],[103.90970087200009,17.85071008500006],[103.91063178700006,17.851026545000025],[103.91357153200005,17.854913872000054],[103.91408019400006,17.858473712000034],[103.91530789900008,17.859329212000034],[103.91737102100006,17.85905379700006],[103.92155817600008,17.856421772000033],[103.92275759600005,17.854358497000078],[103.92123083500007,17.852101060000052],[103.92130785100005,17.847899426000026],[103.92223609000007,17.84392725200007],[103.92518435100004,17.834433081000043],[103.92452802800005,17.832334523000043],[103.92181787700008,17.82929544600006],[103.91764458000006,17.821109009000054],[103.91883768800005,17.81843940600004],[103.92274640000005,17.81549686900007],[103.92742391900003,17.814872174000072],[103.92835579000007,17.814177651000023],[103.93059263300006,17.810504065000032],[103.93472227200004,17.806671519000076],[103.93706233100005,17.801533385000027],[103.93824449800007,17.798144184000023],[103.94045904900008,17.795693096000036],[103.94086015500005,17.793943872000057],[103.93885376800006,17.791451847000076],[103.93875811500004,17.789874601000065],[103.94219590100005,17.785138249000056],[103.95024711400004,17.782156265000026],[103.95152016600008,17.781229391000068],[103.95352406700005,17.77790548100006],[103.95762918100007,17.77524195500007],[103.96024144600005,17.775619997000035],[103.96149433600004,17.777368180000053],[103.96363260900006,17.78154936900006],[103.96691026400003,17.784131815000023],[103.97012121700004,17.78499335500004],[103.97263291500008,17.785084935000043],[103.97469876400004,17.78388095200006],[103.97409863400009,17.782686545000047],[103.97120610400003,17.781863744000077],[103.96997872600008,17.780020969000077],[103.97078846300008,17.778645709000045],[103.97642274200007,17.772930324000072],[103.97886816600004,17.770975194000073],[103.98048840100006,17.77237352800006],[103.98023987500005,17.776116658000035],[103.98136843100008,17.77750973600007],[103.98459102200007,17.779489212000044],[103.98743579100005,17.782092422000062],[103.98782624800003,17.783624253000028],[103.98643743300005,17.786716669000043],[103.98640966800008,17.788219191000053],[103.98731744400004,17.789173520000077],[103.99115383200007,17.79110653500004],[103.99227055400007,17.791069099000026],[103.99564946500004,17.788494482000033],[103.99742306000007,17.787564904000078],[104.00010115400005,17.788136163000047],[104.00090863800006,17.793305100000055],[104.00089154500006,17.79518499200003],[103.99932454800006,17.802123427000026],[103.99946869200005,17.80440648800004],[104.00083817700005,17.807575649000057],[104.00373210600009,17.809882966000032],[104.00761477700007,17.810556430000076],[104.01223071700008,17.810801542000036],[104.01157815500005,17.81163554400007],[104.01176646900007,17.813849232000052],[104.01325282400006,17.813214351000056],[104.01485334600005,17.81588759500005],[104.01372787200006,17.81594443800003],[104.01425474000007,17.817397352000057],[104.01218091700008,17.81846621400007],[104.00962394100009,17.817203997000036],[104.00951043700007,17.818289587000038],[104.01102469800009,17.819489946000033],[104.01314589400005,17.819953272000078],[104.01453626700004,17.82218913300005],[104.01296538300005,17.823082747000058],[104.01215318200008,17.825063948000036],[104.01064935200009,17.82648468800005],[104.01233747100008,17.82702264900007],[104.01318093000003,17.828157100000055],[104.01173769700006,17.82886382600003],[104.01311646500005,17.830279994000023],[104.00800844300005,17.831014175000064],[104.00936097600004,17.832856165000067],[104.00484047000003,17.833220981000068],[104.00453916300006,17.83535304700007],[104.00271993500007,17.836992119000058],[104.00319937900008,17.838887186000022],[103.99896962100007,17.839973514000064],[103.99787303400007,17.84207075000006],[103.99961112900007,17.842182919000038],[104.00029601800009,17.844265087000053],[103.99890047200006,17.844713326000033],[104.00055196800008,17.84538388800007],[103.99887556500005,17.846726223000076],[104.00090483300005,17.846469116000037],[104.00266215000005,17.847729678000064],[104.00147371200006,17.84936493200007],[103.99936825000003,17.848430656000062],[103.99659293700006,17.85131154900006],[103.99449928900003,17.851353482000036],[103.99350683200004,17.85374698800007],[103.99038531200006,17.85320998700007],[103.98633116900004,17.85601242300004],[103.98531423800006,17.85830600500003],[103.98440757900005,17.856822626000053],[103.98183681700004,17.857745871000077],[103.98169759600006,17.858819724000057],[103.98412849000005,17.860794420000047],[103.98594053700003,17.860232257000064],[103.98680559100006,17.86118373000005],[103.98630907400008,17.862625931000025],[103.98392966200004,17.865894727000068],[103.98603762900007,17.866510326000025],[103.98762376200006,17.864496410000072],[103.98856167900004,17.865328802000022],[103.98493786400007,17.868243137000036],[103.98518244100006,17.870247342000027],[103.98675172900005,17.869475195000064],[103.98845589800004,17.871632051000063],[103.98439957900007,17.87159880400003],[103.98463189200004,17.87328724300005],[103.98653118200008,17.874577110000075],[103.98934407900003,17.873545783000054],[103.98916815800004,17.875534341000048],[103.99046984000006,17.87751120300004],[103.99251088300008,17.879494686000044],[103.99202319600005,17.88135181900003],[103.99370088500007,17.88128425800005],[103.99300181600006,17.886622044000035],[103.99579032800006,17.888619395000035],[103.99710015500006,17.888335664000067],[103.99691813100009,17.89064168500005],[103.99760232700004,17.891739079000047],[103.99637968900004,17.891815566000048],[103.99802635900005,17.89328581700005],[103.99928523500006,17.89304935100006],[104.00031802700005,17.894054924000045],[104.00096624900004,17.896359165000035],[104.00290661800005,17.89828536300007],[104.00395331500005,17.898358313000074],[104.00387943100009,17.90063932100003],[104.00538603100006,17.901953914000046],[104.00486896400008,17.903381676000038],[104.00623900700003,17.905315424000037],[104.00664919100007,17.907955337000033],[104.00884316900004,17.90783384300005],[104.00852497300008,17.909912121000048],[104.00919903700009,17.91056728800004],[104.00761417000007,17.911753700000077],[104.00926234900004,17.912090861000024],[104.01177369100009,17.91603006400004],[104.01145068000005,17.91820804100007],[104.00992847300006,17.919262123000067],[104.01006410600007,17.92257021000006],[104.01153894700008,17.923520110000027],[104.01252471200007,17.926107987000023],[104.01081297200005,17.928034097000022],[104.01062842600004,17.930127561000063],[104.00937710400007,17.929928394000058],[104.00773087100004,17.931856909000032],[104.00728167900007,17.93484656100003],[104.00341311500006,17.940727496000022],[104.00337543700005,17.94330585000006],[104.00244620400008,17.946479947000057],[103.99989880400005,17.952714683000067],[103.99960494100009,17.95619115200003],[104.00011281400003,17.957528092000075],[103.99978384700006,17.962533201000042],[104.00219516800007,17.965307391000067],[104.00152798200008,17.971245079000028],[104.00462879700007,17.97349072700007],[104.00442875000005,17.975235215000055],[104.00589269500006,17.97528641400004],[104.00661896600008,17.976691582000058],[104.00650863100009,17.978970119000053],[104.00507447000007,17.98112059600004],[104.00548380600009,17.982409718000042],[104.00779360500007,17.98534677200007],[104.00875770300007,17.98594049700006],[104.00691089100008,17.986894325000037],[104.00618176300009,17.988780948000056],[104.00321440900007,17.988386008000077],[104.00252805600007,17.989618715000063],[104.00021486200006,17.99125093600003],[103.99967059800008,17.993472694000047],[103.99560451700006,17.99527751000005],[103.99543560000006,17.997181864000027],[103.99415824200008,17.99933538700003],[103.99247276100004,18.000092683000048],[103.99369579200004,18.00100065600003],[103.99674058900007,18.002144324000028],[104.00053455600005,18.002865469000028],[104.00434830200004,18.002637065000044],[104.01054343100009,18.003779372000054],[104.01252449000003,18.00503578100006],[104.01487287000003,18.00437866900006],[104.01661714800008,18.00477788200004],[104.02182685600008,18.00705036100004],[104.02565425600005,18.009569377000048],[104.02600989600006,18.010519069000054],[104.02361295400004,18.019769120000035],[104.02278731700005,18.021868271000073],[104.02085848300004,18.02414811400007],[104.01606094100003,18.028843641000037],[104.02044622100004,18.038641961000053],[104.02595677500005,18.043327685000065],[104.02718858500003,18.04547875000003],[104.03042290500008,18.04866928000007],[104.03156924200005,18.049181972000042],[104.03147249800008,18.051525452000078],[104.03238802400006,18.053377366000063],[104.03518229900004,18.056519238000078],[104.03750261700009,18.056005026000037],[104.04384091700007,18.05764468800004],[104.04860543400008,18.05708022600004],[104.05563324700006,18.05488087300006],[104.05806043100006,18.05272405000005],[104.06288116700006,18.053442177000022],[104.06774054000005,18.055536329000063],[104.06923666700004,18.055265078000048],[104.07156887300005,18.055810971000028],[104.07591782800006,18.05539406300005],[104.08181680700005,18.05565351300004],[104.08608690900007,18.056089402000055],[104.08728219300008,18.05563296200006],[104.08844759500005,18.058292806000054],[104.08975631300007,18.058198662000052],[104.09148171400005,18.059235241000067],[104.09149746900005,18.06106002000007],[104.09284096100004,18.060296425000047],[104.09500165500003,18.06423568300005],[104.09408329800004,18.064874496000073],[104.09406883000008,18.067165362000026],[104.09318018900007,18.068143166000027],[104.09401261900007,18.068935434000025],[104.09181213400007,18.068757772000026],[104.09286392100006,18.069607575000077],[104.09135747400006,18.070514610000032],[104.09193211700006,18.07219290200004],[104.09089634500003,18.07437109500006],[104.08991787000008,18.073855713000057],[104.08995927500007,18.076219222000077],[104.04328739800007,18.10553740200004],[104.03704882100004,18.105993158000047],[104.02933024900005,18.107702199000073],[104.02517496400009,18.10979919400006],[104.02363202200007,18.111420035000037],[104.02078175500009,18.116236060000062],[104.01675902600005,18.122298485000044],[104.01358330500005,18.127974040000026],[104.01295036300007,18.130300571000078],[104.01134031000004,18.138488448000032],[104.00826790300005,18.14334064700006],[104.00581395000006,18.14794347000003],[104.00438249100006,18.149029703000053],[104.00096998600009,18.14887986900004],[103.99149912300004,18.14124750900004],[103.99124045300005,18.13921156200007],[103.99149890800004,18.134274831000027],[103.99015849200003,18.128208419000032],[103.98974251300007,18.122037116000058],[103.98730972800007,18.122533092000026],[103.98410918700006,18.122556716000076],[103.98063403300006,18.123767826000062],[103.97908583500003,18.12504954800005],[103.97697797700005,18.127976106000062],[103.96924335300008,18.137899966000077],[103.96337301700004,18.14419099500003],[103.96061449200005,18.14846073600006],[103.95793425700003,18.151594079000063],[103.95571895100005,18.155342294000036],[103.95520038400008,18.160984305000056],[103.95227154600008,18.159852587000046],[103.94996263900003,18.160399729000062],[103.94750544700008,18.158473266000044],[103.94527283900004,18.159860515000048],[103.94385688900007,18.161603682000077],[103.94117279800008,18.163089968000065],[103.93974061000006,18.165280108000047],[103.93848725900006,18.16853648600005],[103.93371870700008,18.173152582000057],[103.93233840000005,18.175313595000034],[103.93097791700006,18.179302180000036],[103.93116117400007,18.182644306000043],[103.92988185200005,18.185722988000066],[103.92998890300004,18.188062347000027],[103.92627332100005,18.183440784000027],[103.91912031500004,18.184124669000028],[103.91773461300005,18.185367980000024],[103.91712207900008,18.18798536500003],[103.91566315600005,18.190245721000053],[103.91281024500006,18.193332767000072],[103.91046008200004,18.195087621000027],[103.90864477100007,18.199211234000074],[103.90418101700004,18.20378151600005],[103.90385780100007,18.205482252000024],[103.90567952900005,18.21057630100006],[103.90542712600006,18.21146170800006],[103.90325423500008,18.213623634000044],[103.89907018400004,18.21625851500005],[103.89756067100006,18.219158222000033],[103.89562580100005,18.22136112900006],[103.89586049800005,18.224921529000028],[103.89539390100003,18.22923391100005],[103.89390887200005,18.226873130000058],[103.89176478000007,18.225358329000073],[103.88651959900005,18.224743172000046],[103.88457953900007,18.225062428000058],[103.88430607300006,18.22192394900003],[103.88524123900004,18.22136092200003],[103.88485120600006,18.21879836900007],[103.88097659200008,18.22118901500005],[103.87791173400007,18.221360185000037],[103.87659146900006,18.21978292500006],[103.87277782900009,18.218482081000047],[103.87244291600007,18.21757849900007],[103.87001482400007,18.216744842000026],[103.86975275200007,18.215676717000065],[103.87206928700004,18.214683683000032],[103.87372003100006,18.213010046000022],[103.87708996800006,18.212340331000064],[103.87956918800006,18.214087070000062],[103.88131553300008,18.212980595000033],[103.88119827300005,18.211763435000023],[103.87949249000008,18.21011463600007],[103.88193560700006,18.209940922000044],[103.88344854200005,18.208622442000035],[103.88189313500004,18.206807833000028],[103.88300501900005,18.20404557200004],[103.88148630800004,18.20224503700007],[103.88106838900006,18.198944445000052],[103.87939788900007,18.196339865000027],[103.87940989000003,18.194673539000064],[103.88158003900008,18.18960217700004],[103.88532308900005,18.18509933400003],[103.88632752200004,18.182298454000033],[103.88814105800009,18.182439688000045],[103.88865048000008,18.178568469000027],[103.89077979300004,18.179414329000053],[103.89143848200007,18.176977856000065],[103.89043543700006,18.173874246000025],[103.89123094900003,18.173048101000063],[103.89413881000007,18.172500153000044],[103.89471642300003,18.17156485000004],[103.89672230600007,18.17216875500003],[103.89755723000007,18.171084305000022],[103.89723860200007,18.168554542000038],[103.89939411500006,18.167084188000047],[103.89904502500008,18.16440692200007],[103.90027125800003,18.164053323000076],[103.90091206600005,18.16252581400005],[103.90652979900005,18.16205530700006],[103.90653569400007,18.160418856000035],[103.90843088200006,18.16048649800007],[103.90875541300005,18.158805201000064],[103.91100146500008,18.158354003000056],[103.91274307700007,18.155514752000045],[103.91068897700006,18.153473224000038],[103.91246207700004,18.151777193000044],[103.91355146600006,18.14932974800007],[103.91248295300005,18.148696202000053],[103.91232972300008,18.144774150000046],[103.91383406800009,18.143910392000066],[103.91395568600007,18.140812381000046],[103.91600360300004,18.139219123000032],[103.91640905900005,18.137106969000058],[103.91795955800006,18.136201377000077],[103.91724486600003,18.134873456000037],[103.91850725200004,18.134623033000025],[103.91816477200007,18.13346801600005],[103.91694076100003,18.13340272100004],[103.91568244200005,18.131823307000047],[103.91061717000008,18.12939235300007],[103.90799430700008,18.12764164300006],[103.90433308800004,18.12731713900007],[103.89904409600007,18.12627012100006],[103.89660108600003,18.125325159000056],[103.89551800600009,18.124112473000025],[103.89344736900006,18.12026091900003]]]},"properties":{"Shape_Leng":2.44362375055,"Shape_Area":0.073902302712,"ADM2_EN":"Seka","ADM2_TH":"เซกา","ADM2_PCODE":"TH3804","ADM1_EN":"Bueng Kan","ADM1_TH":"บึงกาฬ","ADM1_PCODE":"TH38","ADM0_EN":"Thailand","ADM0_TH":"ประเทศไทย","ADM0_PCODE":"TH"}},
{"type":"Feature","geometry":{"type":"Polygon","coordinates":[[[103.32705318700005,18.434135260000062],[103.31796176200004,18.434717695000074],[103.31276629600006,18.434382706000065],[103.30968165000007,18.433486592000065],[103.30559619300004,18.43155142200004],[103.29560098300004,18.424453191000055],[103.29153491600005,18.41969931500006],[103.28992085500005,18.414834608000035],[103.28444618500004,18.40540161200005],[103.28240776100006,18.402696045000027],[103.27087665300007,18.391213943000025],[103.26906578500007,18.38973954100004],[103.25914454500008,18.37961878400006],[103.25639411300006,18.37714538700004],[103.25042542400007,18.37434359200006],[103.24391095800007,18.368351353000037],[103.24244404900008,18.361512128000072],[103.24384093700007,18.35170987600003],[103.24725063700004,18.34605031700005],[103.25132584700003,18.339747771000077],[103.25198914800006,18.33803463000004],[103.25352176700005,18.33634206100004],[103.25592318100007,18.334928322000053],[103.25864117400005,18.334299230000056],[103.26694592500007,18.333583479000026],[103.27203393600007,18.332648724000023],[103.27794401000006,18.33073193100006],[103.28880967000003,18.324271628000076],[103.29644187900004,18.316190108000058],[103.29780015600005,18.313534910000044],[103.29903765200004,18.309023612000033],[103.29858912300006,18.305247632000032],[103.30055117900008,18.303410018000022],[103.29945596100004,18.30167959000005],[103.29991130900004,18.300754100000063],[103.29679849100006,18.295614544000045],[103.29471570700008,18.294631624000033],[103.29627137800009,18.294675177000045],[103.29739301500007,18.290468366000027],[103.29855131900007,18.288692870000034],[103.29777077200004,18.28780814600003],[103.29594002300007,18.28795440500005],[103.29695961200008,18.289139130000024],[103.29509057200005,18.288348769000038],[103.29368243200008,18.28882580000004],[103.29387864800003,18.287392242000067],[103.29665368100007,18.285728134000067],[103.29527246000004,18.285146204000057],[103.29439610600008,18.282784268000057],[103.29618026300005,18.282576016000064],[103.29674404300005,18.28069685500003],[103.29437017900005,18.277654779000045],[103.29398131600004,18.278833185000053],[103.29135496600009,18.278999658000032],[103.28974448700006,18.278186668000046],[103.29040828300003,18.277396776000046],[103.29184593300005,18.27787310100007],[103.29168706800004,18.275505915000053],[103.29517813400008,18.277151975000038],[103.29549492900009,18.274523054000042],[103.29422023900008,18.27189610000005],[103.29153007600007,18.27400280200004],[103.29067637200006,18.26964722300005],[103.28913241000004,18.269676090000075],[103.28839750900005,18.272125939000034],[103.28620700600004,18.273121106000076],[103.28505166700006,18.270370228000047],[103.28595692500005,18.269642605000058],[103.28614280300008,18.26704208500007],[103.28711766600009,18.265800616000035],[103.28620472400007,18.264851846000056],[103.28423095300008,18.266357308000067],[103.28365299700005,18.269348741000044],[103.28127559900008,18.269805679000058],[103.28026665600004,18.269083154000043],[103.28067052200004,18.26678174400007],[103.27951703500008,18.266095155000073],[103.27886429300008,18.264027922000025],[103.27702307000004,18.26492298100004],[103.27691024300003,18.268504535000034],[103.27581504600005,18.269196014000045],[103.27287943100004,18.265189462000023],[103.27469365000007,18.264267543000074],[103.27495913400008,18.262954669000067],[103.27308489500007,18.262052564000044],[103.27272490800004,18.263939019000077],[103.26946514800005,18.26353067100007],[103.26907689500007,18.260758534000047],[103.26656014700006,18.260133712000027],[103.26468654100006,18.261257064000063],[103.26321654900005,18.261049934000027],[103.26277387900006,18.26213903100006],[103.26481353700007,18.262497304000078],[103.26385287400007,18.26437532400007],[103.26102288700008,18.265581229000077],[103.26187041600008,18.262795974000028],[103.25901290500008,18.263546397000027],[103.25792283200008,18.26152696500003],[103.25858089400003,18.26030657900003],[103.26061119100007,18.259981694000032],[103.26123693800008,18.259156655000027],[103.26046178400009,18.257040784000026],[103.25868842700004,18.254656071000056],[103.25969273300007,18.25212711200004],[103.25937047700006,18.248945952000042],[103.26065018700007,18.248301997000056],[103.26338592700006,18.251034983000068],[103.26525824200007,18.249197584000058],[103.26120302900006,18.24487076300005],[103.26369024500008,18.24354038100006],[103.26466984800004,18.24107606700005],[103.26626368300003,18.239909090000026],[103.26910046000006,18.23908711400003],[103.26885661600005,18.237493243000074],[103.27100699500005,18.235445654000046],[103.27355334200007,18.236535373000038],[103.27679272500006,18.235685300000057],[103.27798651500007,18.23642644100005],[103.28089737600004,18.23550046500003],[103.28272374100004,18.23423826900006],[103.28276596100005,18.232623139000054],[103.28363369500005,18.232733675000077],[103.28459364400004,18.230957845000034],[103.29417425100007,18.227906356000062],[103.30001960800007,18.225002395000047],[103.30898188900005,18.220850212000073],[103.31344475200007,18.219577800000025],[103.32209824700004,18.215120010000078],[103.32891959100004,18.21086054700004],[103.33104640900007,18.20809477100005],[103.33355931800008,18.204126350000024],[103.33973796300006,18.19600260800007],[103.34097928500006,18.193443407000075],[103.34156004600004,18.178174699000067],[103.34218308100009,18.175914473000034],[103.34580294900007,18.173385894000035],[103.34763210700004,18.17280768100005],[103.35364286300006,18.172467814000072],[103.35501136100004,18.171818907000045],[103.35947157500004,18.17263770900007],[103.36380536200005,18.169582895000076],[103.36362255000006,18.166279575000033],[103.36408898000008,18.16464733400005],[103.36638776100006,18.164330981000035],[103.36874849900005,18.16501197200006],[103.37010174300008,18.166530212000055],[103.37229199900008,18.16649022100006],[103.37441998200006,18.168038934000037],[103.37621709000007,18.167902214000037],[103.37752931900008,18.166543115000024],[103.37880836500005,18.168125616000054],[103.38088271500004,18.167651999000043],[103.37983509900005,18.169915725000067],[103.38135652300008,18.16977737600007],[103.38182540200006,18.175038947000075],[103.38435759800007,18.17676248500004],[103.38586654600005,18.178370818000076],[103.38661154900007,18.178094546000068],[103.38878504300004,18.17957675400004],[103.39032959200006,18.17890254100007],[103.39443876000007,18.17907593500007],[103.39652253600008,18.17760606400003],[103.39945680500006,18.173590803000025],[103.40056106300005,18.17280224900003],[103.40382045400008,18.16708790200005],[103.41025757100005,18.158018154000047],[103.41175157600009,18.16058520300004],[103.41058978000007,18.162403074000053],[103.41063986000006,18.16378136900005],[103.40950603600004,18.166757456000028],[103.41111733200006,18.168626021000023],[103.41348336300007,18.16927836600007],[103.42121596100009,18.169483779000075],[103.42002072300005,18.171939305000024],[103.42054891300006,18.173382470000035],[103.41718817800006,18.176119268000036],[103.41725000400004,18.177812621000044],[103.41588268000004,18.178153343000076],[103.41496073300004,18.179907959000047],[103.41561923200004,18.181590585000038],[103.41552140200008,18.183768814000075],[103.41806690600004,18.185850910000056],[103.42171601400008,18.18793856800005],[103.42304282700007,18.18810743800003],[103.42693292700005,18.189907937000044],[103.42873223200007,18.189925450000032],[103.43672370000007,18.19823777000005],[103.43907701900008,18.198880577000068],[103.43948822700008,18.204797704000043],[103.43842866900007,18.206605812000078],[103.43738739300005,18.209741535000035],[103.43607026000006,18.21583735300004],[103.43589631900005,18.221016935000023],[103.43633038900003,18.224425616000076],[103.43621285200004,18.22665224900004],[103.43488650700004,18.229399751000074],[103.42737412900004,18.239601752000056],[103.42355168100005,18.245353653000052],[103.42121873600007,18.246113327000046],[103.41979478700006,18.245263574000035],[103.41523789200005,18.24537218100005],[103.41239017900006,18.24481784200003],[103.41162208500003,18.245980364000047],[103.40976979000004,18.246507637000036],[103.40906185700004,18.24745678900007],[103.40995644500003,18.248731835000058],[103.40911246600007,18.251786261000063],[103.40873898000007,18.256412324000053],[103.40728739300005,18.256827114000032],[103.40612329800007,18.254594476000022],[103.40330935700007,18.253877054000043],[103.40210754200007,18.25477238800005],[103.39958077900008,18.255035939000038],[103.39989943400008,18.256181104000063],[103.39917186900004,18.258852724000064],[103.40014402500009,18.260099490000073],[103.39895747000008,18.261045314000057],[103.39916859900006,18.262413813000023],[103.39806373000005,18.26466540200005],[103.39509780900005,18.26628730500005],[103.39597453700009,18.26740665500006],[103.39533998200005,18.269445929000028],[103.39399534300009,18.27145364200004],[103.39224307000006,18.272387672000036],[103.38978750500007,18.274916546000043],[103.39126460200004,18.276270488000023],[103.39131318300008,18.277974372000074],[103.39513296100006,18.281285429000036],[103.39613707900008,18.27986389700004],[103.39702761700005,18.280709983000065],[103.40004637500004,18.28107635600003],[103.39871343900006,18.283087670000043],[103.39750910500004,18.28235597200006],[103.39855313600003,18.28683157000006],[103.39787688600006,18.288543341000036],[103.39690357400008,18.288691180000058],[103.39679143300003,18.29056222300005],[103.39484726100005,18.291921939000076],[103.39601181300009,18.294146926000053],[103.39498434700005,18.29404051700004],[103.39402800000005,18.295770133000076],[103.39187710200008,18.296797405000063],[103.39210727200003,18.298776050000072],[103.39131014000009,18.30009850600004],[103.38843022700007,18.301839530000052],[103.38544032500005,18.301841296000077],[103.38414113500005,18.300498910000044],[103.37930467800004,18.30616292700006],[103.37878612400004,18.312273853000022],[103.37764010100005,18.31393119300003],[103.37745579100005,18.31647249200006],[103.37653260400003,18.318841982000038],[103.37678695000005,18.320182975000023],[103.37589407500008,18.32126157400006],[103.37651754700005,18.322472608000055],[103.37534808400005,18.323554083000033],[103.37480057800008,18.326263157000028],[103.37390627200006,18.32669405400003],[103.37250485700008,18.32574395300003],[103.36970473400004,18.328459595000027],[103.36768551100005,18.328324400000042],[103.36550903200003,18.330132696000078],[103.36308235700005,18.32985083600005],[103.36214197800007,18.330373767000026],[103.36426518500008,18.336487532000035],[103.36622401800008,18.340095016000078],[103.35989851400007,18.34176790500004],[103.35832708200007,18.34309255900007],[103.35892516300004,18.345410594000043],[103.35819291700005,18.348146175000068],[103.35554588500008,18.349337013000024],[103.35705186500007,18.354571238000062],[103.35676500400007,18.355565720000072],[103.35909683800008,18.357420879000074],[103.36097056400007,18.364343920000067],[103.36243235300009,18.365432817000055],[103.36247491000006,18.36716765500006],[103.34451040000005,18.371025419000034],[103.34368825300004,18.371565291000024],[103.34060079900007,18.370158031000074],[103.33752975700008,18.36971943900005],[103.33548458600006,18.368177298000035],[103.33409137900009,18.367921696000053],[103.33282223700007,18.36949187500005],[103.33276185800008,18.371070986000063],[103.33150585200008,18.372764044000064],[103.32894652400006,18.373533218000034],[103.32884770800007,18.37517895900004],[103.32699990400005,18.376623410000036],[103.32643243200005,18.378266866000047],[103.32391783200006,18.379973620000044],[103.32385617500006,18.381519913000034],[103.32141102200006,18.38280905000005],[103.31928730700008,18.38107564200004],[103.31818673400005,18.381512841000074],[103.31834803200007,18.37999535000006],[103.31668710400004,18.38015537600006],[103.31600016400006,18.377672286000063],[103.31339128500008,18.37869338200005],[103.31019640200009,18.378365762000044],[103.30824168300006,18.37893858800004],[103.30611213500003,18.382338967000067],[103.30597965700008,18.386445520000052],[103.30867454500009,18.386766613000077],[103.30890539800004,18.389368864000062],[103.31180915400006,18.391016732000026],[103.31282642000008,18.394073908000053],[103.31277895100004,18.395320922000053],[103.31130321300009,18.396418723000068],[103.31233801700006,18.399860529000023],[103.31038212700008,18.401346958000033],[103.31205197900005,18.402888327000028],[103.31185694700008,18.404751404000024],[103.31270199300008,18.405575879000025],[103.31364052500004,18.409671013000036],[103.31457521200008,18.41040606300004],[103.31535254100004,18.41298148000004],[103.31634634100004,18.41429657200007],[103.31702250800004,18.418256082000028],[103.31826342000005,18.417944371000033],[103.31799729300008,18.419476040000063],[103.32288690200005,18.425251864000074],[103.32411145600008,18.42538398000005],[103.32440775500004,18.427941892000035],[103.32553587600006,18.428513554000062],[103.32505630200006,18.429727439000033],[103.32705318700005,18.434135260000062]]]},"properties":{"Shape_Leng":1.16105262366,"Shape_Area":0.0241038683138,"ADM2_EN":"Pak Khat","ADM2_TH":"ปากคาด","ADM2_PCODE":"TH3805","ADM1_EN":"Bueng Kan","ADM1_TH":"บึงกาฬ","ADM1_PCODE":"TH38","ADM0_EN":"Thailand","ADM0_TH":"ประเทศไทย","ADM0_PCODE":"TH"}},
{"type":"Feature","geometry":{"type":"Polygon","coordinates":[[[103.99928523500006,17.89304935100006],[103.99901458100004,17.892068075000054],[104.00105831500008,17.891358196000056],[104.00178843200007,17.89195435000005],[104.00488149700004,17.891589031000024],[104.00795698600007,17.89220419800006],[104.00957707400005,17.891964229000052],[104.01280066500004,17.89295536800006],[104.01531406100008,17.895414232000064],[104.01504358100004,17.896945394000056],[104.01385528200007,17.89742687200004],[104.01582553200006,17.899088953000046],[104.01546493400008,17.900599885000076],[104.01802792500007,17.900341180000055],[104.01987141500007,17.901260748000027],[104.01903868300008,17.902690704000065],[104.02246531100008,17.903118395000035],[104.02438975400008,17.90544356500004],[104.02669255500007,17.905230096000025],[104.02732524200007,17.907747821000044],[104.02832846800004,17.90898029400006],[104.03114891300004,17.910098917000028],[104.03356122100007,17.909165519000055],[104.03515510100004,17.90923590400007],[104.03703122000007,17.907831459000022],[104.04103782900006,17.908430243000055],[104.04374192900008,17.907289297000034],[104.04674016100006,17.907370382000067],[104.04754363700005,17.90947489800004],[104.04918596100003,17.908765451000022],[104.05023209200004,17.906576608000023],[104.05230397200006,17.90474611600007],[104.05637323200006,17.90474259800004],[104.05722469900007,17.90569405100007],[104.05923007700005,17.904287187000023],[104.05943319000005,17.902701966000052],[104.06145278100007,17.903902892000076],[104.06270790000008,17.90209493800006],[104.06027528100009,17.90109899600003],[104.05995790200006,17.900324839000064],[104.06135854300004,17.897967438000023],[104.06063103500009,17.89657894800007],[104.06268350400006,17.895461745000034],[104.06615587000005,17.895450734000065],[104.06735775400006,17.896839486000033],[104.06867373000006,17.896891629000038],[104.06959611100007,17.893876799000054],[104.06645550100006,17.89209084500004],[104.06723450900006,17.886888518000035],[104.06527876800004,17.88500222600004],[104.06732079200003,17.88319242500006],[104.07018949300004,17.88221141300005],[104.06943268800006,17.88091423900005],[104.06997757100004,17.880026285000042],[104.06834929700005,17.87984242500005],[104.06945912000003,17.878159667000034],[104.07264933000005,17.879745876000072],[104.07473560100004,17.881415450000077],[104.07921661500006,17.885905713000056],[104.08705181500005,17.89457717600004],[104.08939839000004,17.89686165100005],[104.09472969100005,17.902757697000027],[104.09771838500006,17.90631916800004],[104.10074519200003,17.908918326000048],[104.10494525500008,17.911936122000043],[104.10953956900005,17.91310660000005],[104.11405527000005,17.915052096000068],[104.11788299600005,17.917323078000038],[104.12349390900005,17.921602508000035],[104.12631520300005,17.93001401400005],[104.12764586800006,17.935100318000025],[104.13078852900009,17.940009297000074],[104.13139322200004,17.94286684800005],[104.13087875000008,17.945720524000023],[104.13189229500006,17.94864926400004],[104.13395937500007,17.951822951000054],[104.13455794200007,17.953813420000074],[104.13413812400006,17.955929068000046],[104.13171211900004,17.95649753600003],[104.12654155400008,17.958880243000067],[104.12643108000009,17.960719092000033],[104.12279776100007,17.963054361000047],[104.11856361400004,17.964962313000058],[104.11748148000004,17.966793548000055],[104.11736487700006,17.96962884900006],[104.11658947100005,17.97255820400005],[104.11326747600003,17.977787773000045],[104.11306800600005,17.98138803300003],[104.11557984700005,17.98509203200007],[104.11592257200004,17.987313202000053],[104.11461211300008,17.996075924000024],[104.11171349400007,17.999453458000062],[104.11182328900009,18.00480804400007],[104.11287192400005,18.005782620000048],[104.11710629600009,18.006047849000026],[104.14400626700007,18.00344251300004],[104.16636919000007,18.00448189900004],[104.16815545200006,18.005111120000038],[104.17121312900008,18.00275159100005],[104.17275793700009,18.002744562000032],[104.17310603000004,18.00629403100004],[104.17248206200009,18.010173680000037],[104.17390815400006,18.013574736000066],[104.17414303400005,18.015757234000034],[104.17606413600004,18.01565438800003],[104.17600324700004,18.013938187000065],[104.17749792400008,18.013075461000028],[104.18078269600005,18.014384070000062],[104.18124660600006,18.01334084000007],[104.18260384100006,18.013637156000073],[104.18125615800005,18.01627300000007],[104.18021421600008,18.017144736000034],[104.18022020900008,18.018673985000078],[104.18366233500007,18.021003362000044],[104.18470742400007,18.021007258000054],[104.18998160400008,18.023739802000023],[104.18872525800003,18.025117649000038],[104.18089505200004,18.035481808000043],[104.17466690800006,18.04272809200006],[104.16859093100004,18.049231305000035],[104.15971695200005,18.056357581000043],[104.15447873800008,18.06171784000003],[104.14481388200005,18.072952783000062],[104.13932194800009,18.07861757200004],[104.13037071000008,18.087461380000036],[104.12364570600005,18.094715047000022],[104.10944114400007,18.11093939500006],[104.10325690700006,18.119591279000076],[104.10155223700008,18.123267378000037],[104.09803021600004,18.132323756000062],[104.09647214100005,18.137289104000047],[104.09281718500006,18.150520743000072],[104.09032480900004,18.157857448000073],[104.08763437600004,18.163530758000036],[104.08405467100005,18.170359964000056],[104.07766794300005,18.168625103000068],[104.07514541300009,18.168829522000067],[104.07426501100008,18.16978130600006],[104.07197680000007,18.16936624300007],[104.07212294900006,18.170520045000046],[104.06936145800006,18.171917703000076],[104.06749912700008,18.17461085800005],[104.06529238700006,18.172107250000067],[104.06427609600007,18.173282345000075],[104.06198337500007,18.17287957900004],[104.06226501500004,18.16889546300007],[104.05978580600004,18.165446512000074],[104.06034239900004,18.162697681000054],[104.05862395000008,18.161826533000067],[104.05888090000008,18.160844717000032],[104.05597738900008,18.160076459000038],[104.05558945200005,18.161329472000034],[104.05189319200008,18.161957596000036],[104.04975650300008,18.15950874500004],[104.04751073500006,18.15907203100005],[104.04627870300004,18.156802584000047],[104.04447670100006,18.156203817000062],[104.04180560900005,18.154177826000023],[104.03828198900004,18.154566704000047],[104.03813787000007,18.156120266000073],[104.03917631100006,18.159465959000045],[104.03871320200005,18.161796631000072],[104.04132684900009,18.163512019000052],[104.04266851500006,18.16538594800005],[104.04434065500004,18.165651724000043],[104.04227162800004,18.16812698500007],[104.04000996100007,18.16837765300005],[104.03682108100008,18.16746125900005],[104.03374636400008,18.168209067000078],[104.03227344300007,18.16793285700004],[104.02956528300007,18.16883848300006],[104.02661394000006,18.16879645000006],[104.02298176300008,18.167962266000075],[104.02008052000008,18.167748690000053],[104.01856908100007,18.17000842400006],[104.01660600000008,18.17125526500007],[104.01493113600009,18.17318631300003],[104.01193331800005,18.175396746000047],[104.01021284800004,18.17712645100005],[104.00645073500004,18.178608207000025],[104.00591151000003,18.17953520900005],[104.00304603400008,18.18050806800005],[104.00071545300005,18.18212292900006],[103.99639540500004,18.182789839000066],[103.99430374600007,18.182201805000034],[103.99295930500006,18.180828516000076],[103.99104336600004,18.177834775000065],[103.98757115100005,18.174096225000028],[103.98556347100003,18.172861940000075],[103.98431492200007,18.17125380400006],[103.98114696800008,18.171206677000043],[103.97978351500007,18.169769329000076],[103.98048877100007,18.168081864000044],[103.97749398000008,18.166788245000077],[103.97468317200008,18.167351471000075],[103.97133353200007,18.169724908000035],[103.96955782900005,18.169324592000066],[103.96633133200004,18.16546732300003],[103.96688438700005,18.162190812000063],[103.96585236000004,18.161623199000076],[103.95997154500009,18.16347339400005],[103.95890082600005,18.16444031900005],[103.95760657900007,18.164333389000035],[103.95620094900005,18.161659889000077],[103.95520038400008,18.160984305000056],[103.95571895100005,18.155342294000036],[103.95793425700003,18.151594079000063],[103.96061449200005,18.14846073600006],[103.96337301700004,18.14419099500003],[103.96924335300008,18.137899966000077],[103.97697797700005,18.127976106000062],[103.97908583500003,18.12504954800005],[103.98063403300006,18.123767826000062],[103.98410918700006,18.122556716000076],[103.98730972800007,18.122533092000026],[103.98974251300007,18.122037116000058],[103.99015849200003,18.128208419000032],[103.99149890800004,18.134274831000027],[103.99124045300005,18.13921156200007],[103.99149912300004,18.14124750900004],[104.00096998600009,18.14887986900004],[104.00438249100006,18.149029703000053],[104.00581395000006,18.14794347000003],[104.00826790300005,18.14334064700006],[104.01134031000004,18.138488448000032],[104.01295036300007,18.130300571000078],[104.01358330500005,18.127974040000026],[104.01675902600005,18.122298485000044],[104.02078175500009,18.116236060000062],[104.02363202200007,18.111420035000037],[104.02517496400009,18.10979919400006],[104.02933024900005,18.107702199000073],[104.03704882100004,18.105993158000047],[104.04328739800007,18.10553740200004],[104.08995927500007,18.076219222000077],[104.08991787000008,18.073855713000057],[104.09089634500003,18.07437109500006],[104.09193211700006,18.07219290200004],[104.09135747400006,18.070514610000032],[104.09286392100006,18.069607575000077],[104.09181213400007,18.068757772000026],[104.09401261900007,18.068935434000025],[104.09318018900007,18.068143166000027],[104.09406883000008,18.067165362000026],[104.09408329800004,18.064874496000073],[104.09500165500003,18.06423568300005],[104.09284096100004,18.060296425000047],[104.09149746900005,18.06106002000007],[104.09148171400005,18.059235241000067],[104.08975631300007,18.058198662000052],[104.08844759500005,18.058292806000054],[104.08728219300008,18.05563296200006],[104.08608690900007,18.056089402000055],[104.08181680700005,18.05565351300004],[104.07591782800006,18.05539406300005],[104.07156887300005,18.055810971000028],[104.06923666700004,18.055265078000048],[104.06774054000005,18.055536329000063],[104.06288116700006,18.053442177000022],[104.05806043100006,18.05272405000005],[104.05563324700006,18.05488087300006],[104.04860543400008,18.05708022600004],[104.04384091700007,18.05764468800004],[104.03750261700009,18.056005026000037],[104.03518229900004,18.056519238000078],[104.03238802400006,18.053377366000063],[104.03147249800008,18.051525452000078],[104.03156924200005,18.049181972000042],[104.03042290500008,18.04866928000007],[104.02718858500003,18.04547875000003],[104.02595677500005,18.043327685000065],[104.02044622100004,18.038641961000053],[104.01606094100003,18.028843641000037],[104.02085848300004,18.02414811400007],[104.02278731700005,18.021868271000073],[104.02361295400004,18.019769120000035],[104.02600989600006,18.010519069000054],[104.02565425600005,18.009569377000048],[104.02182685600008,18.00705036100004],[104.01661714800008,18.00477788200004],[104.01487287000003,18.00437866900006],[104.01252449000003,18.00503578100006],[104.01054343100009,18.003779372000054],[104.00434830200004,18.002637065000044],[104.00053455600005,18.002865469000028],[103.99674058900007,18.002144324000028],[103.99369579200004,18.00100065600003],[103.99247276100004,18.000092683000048],[103.99415824200008,17.99933538700003],[103.99543560000006,17.997181864000027],[103.99560451700006,17.99527751000005],[103.99967059800008,17.993472694000047],[104.00021486200006,17.99125093600003],[104.00252805600007,17.989618715000063],[104.00321440900007,17.988386008000077],[104.00618176300009,17.988780948000056],[104.00691089100008,17.986894325000037],[104.00875770300007,17.98594049700006],[104.00779360500007,17.98534677200007],[104.00548380600009,17.982409718000042],[104.00507447000007,17.98112059600004],[104.00650863100009,17.978970119000053],[104.00661896600008,17.976691582000058],[104.00589269500006,17.97528641400004],[104.00442875000005,17.975235215000055],[104.00462879700007,17.97349072700007],[104.00152798200008,17.971245079000028],[104.00219516800007,17.965307391000067],[103.99978384700006,17.962533201000042],[104.00011281400003,17.957528092000075],[103.99960494100009,17.95619115200003],[103.99989880400005,17.952714683000067],[104.00244620400008,17.946479947000057],[104.00337543700005,17.94330585000006],[104.00341311500006,17.940727496000022],[104.00728167900007,17.93484656100003],[104.00773087100004,17.931856909000032],[104.00937710400007,17.929928394000058],[104.01062842600004,17.930127561000063],[104.01081297200005,17.928034097000022],[104.01252471200007,17.926107987000023],[104.01153894700008,17.923520110000027],[104.01006410600007,17.92257021000006],[104.00992847300006,17.919262123000067],[104.01145068000005,17.91820804100007],[104.01177369100009,17.91603006400004],[104.00926234900004,17.912090861000024],[104.00761417000007,17.911753700000077],[104.00919903700009,17.91056728800004],[104.00852497300008,17.909912121000048],[104.00884316900004,17.90783384300005],[104.00664919100007,17.907955337000033],[104.00623900700003,17.905315424000037],[104.00486896400008,17.903381676000038],[104.00538603100006,17.901953914000046],[104.00387943100009,17.90063932100003],[104.00395331500005,17.898358313000074],[104.00290661800005,17.89828536300007],[104.00096624900004,17.896359165000035],[104.00031802700005,17.894054924000045],[103.99928523500006,17.89304935100006]]]},"properties":{"Shape_Leng":1.41341893389,"Shape_Area":0.029932313386,"ADM2_EN":"Bueng Khong Long","ADM2_TH":"บึงโขงหลง","ADM2_PCODE":"TH3806","ADM1_EN":"Bueng Kan","ADM1_TH":"บึงกาฬ","ADM1_PCODE":"TH38","ADM0_EN":"Thailand","ADM0_TH":"ประเทศไทย","ADM0_PCODE":"TH"}},
{"type":"Feature","geometry":{"type":"Polygon","coordinates":[[[103.64761469900009,18.173744569000064],[103.64808601400006,18.172375886000054],[103.64774913200006,18.170185541000023],[103.64880923800007,18.170486888000028],[103.64820369500006,18.168604237000068],[103.64896334600007,18.164621772000032],[103.64800327500006,18.16308589500005],[103.64906118400006,18.161900584000023],[103.65113020300004,18.161977273000048],[103.65160388600003,18.161039618000075],[103.65055163900007,18.159372009000037],[103.65085041400005,18.15805388600006],[103.65231485000004,18.158103518000075],[103.65299737800007,18.156187197000065],[103.65465375400004,18.15572049000002],[103.65463391800006,18.15452461700005],[103.65637218600006,18.153741007000065],[103.65968167600005,18.151023355000063],[103.66152440300004,18.150975377000066],[103.66282394000007,18.149898369000027],[103.66506817700008,18.149744456000064],[103.66538797800007,18.148305633000064],[103.66687384200009,18.146780729000056],[103.66728938900008,18.144102598000075],[103.66837258000004,18.14204508200004],[103.67158737000005,18.141978643000073],[103.67471410800005,18.14107344400003],[103.67920179000004,18.139173284000037],[103.68073674100003,18.137765098000045],[103.68254281200007,18.13308363400006],[103.68386126300004,18.13071343200005],[103.68287069300004,18.128902500000038],[103.68166092100006,18.128341990000024],[103.68404458300006,18.12705547300004],[103.68626266900009,18.125179855000056],[103.68850913400007,18.122535726000024],[103.69539911700008,18.116909907000036],[103.69674925600003,18.116065975000026],[103.70214437700008,18.114900937000073],[103.70436118300006,18.11495037900005],[103.70986582300009,18.113008283000056],[103.71045827400008,18.111219283000025],[103.71198461200004,18.109690157000045],[103.71388823000007,18.103299290000052],[103.71641483900004,18.101854383000045],[103.71685772400008,18.100532661000045],[103.72198968700008,18.098397333000037],[103.72447283100007,18.09853216600004],[103.72629820100008,18.096318147000034],[103.72832784600007,18.09566355900006],[103.73007719500004,18.096147618000032],[103.73128264700006,18.094819770000072],[103.73189732300006,18.095976070000063],[103.73377456200006,18.09561419000005],[103.73433685200007,18.093514597000024],[103.73498331400003,18.09467872700003],[103.73677710400005,18.094669089000035],[103.73665163300006,18.095704702000035],[103.73926372700004,18.096271811000065],[103.73787172800007,18.097402445000057],[103.74034227100009,18.09736833900007],[103.74118211400008,18.09903020300004],[103.74048509400006,18.102424067000072],[103.74228118600007,18.10284329700005],[103.74275432100006,18.105276251000078],[103.74520929400006,18.10353629900004],[103.74466265100006,18.102442045000032],[103.74837491600005,18.10321900300005],[103.74958341300004,18.101761429000078],[103.75181209500005,18.100499029000048],[103.75521978700004,18.099957682000024],[103.75621719300005,18.09924925000007],[103.76129383800009,18.097513501000037],[103.76236748900004,18.096846138000046],[103.76460612100004,18.096856242000058],[103.76756881900008,18.094832478000058],[103.76996102900006,18.095027067000046],[103.77252926000006,18.100483919000055],[103.77449649500005,18.10083604700003],[103.77497457800007,18.103938932000062],[103.77657183600007,18.104187414000023],[103.77882683400009,18.106201035000026],[103.78113135500007,18.106186544000025],[103.78067542100007,18.103980853000053],[103.78286497300007,18.10467135500005],[103.78350460900003,18.102798488000076],[103.78549792600006,18.10206037000006],[103.78652347300005,18.100281347000077],[103.78929962100005,18.099813734000065],[103.78800837800009,18.098162970000033],[103.78662242700005,18.098933441000042],[103.78498192900008,18.098777598000027],[103.78471742100004,18.09628113900004],[103.78247027100008,18.09652152500007],[103.78311669100003,18.092881386000045],[103.78469603600007,18.09318270600005],[103.78727627000006,18.092542826000056],[103.78642606400007,18.090028656000072],[103.78543779100005,18.089765846000034],[103.78434731400006,18.087598695000054],[103.78325209900004,18.08711134200007],[103.78205538600008,18.08991598500006],[103.77922716800003,18.08897859800004],[103.77836029400004,18.08987840800006],[103.77787306000005,18.088517739000054],[103.77851635700006,18.08706196600002],[103.77434207500005,18.086403559000075],[103.77575836000005,18.085622469000043],[103.77451321000007,18.08419619400007],[103.77613485700005,18.083604195000078],[103.77817806300004,18.084218281000062],[103.77937539200008,18.083317977000036],[103.77824369000007,18.082175564000067],[103.78132379000004,18.081999077000035],[103.78122747200007,18.083391797000047],[103.78314986800007,18.08401551000003],[103.78400235200007,18.082949848000055],[103.78319908500004,18.08234939500005],[103.78508591800005,18.081901574000028],[103.78454836500003,18.080770933000053],[103.78597204200008,18.080949644000043],[103.78711480000004,18.078670333000048],[103.78666966800006,18.07782464400003],[103.78996373500007,18.076456261000033],[103.79039547800005,18.077608207000026],[103.79275677600003,18.078005270000062],[103.79365257900008,18.077195165000035],[103.79670061800005,18.077177560000052],[103.79541922600004,18.07641699900006],[103.79553863300004,18.075414915000067],[103.79784334400006,18.07532804500005],[103.79896438500003,18.07448783800004],[103.79757650300007,18.07287302000003],[103.79315299500007,18.071513845000027],[103.79526963400008,18.070660347000057],[103.79703970400004,18.071580423000057],[103.79899348800006,18.07147715900004],[103.80231859000008,18.069197544000076],[103.80194270900006,18.068329670000026],[103.79630601700006,18.06362446600002],[103.79771373300008,18.061892644000068],[103.79700649400007,18.060817877000034],[103.79724499200006,18.058395954000048],[103.79391217400007,18.055046187000073],[103.79606270500005,18.053405242000053],[103.79560269900009,18.05224197800004],[103.79413108900008,18.05242905500006],[103.79346555600006,18.053641105000054],[103.79173768400005,18.051977702000045],[103.79660501400008,18.048251853000068],[103.79802293600005,18.04766675600007],[103.79627514600008,18.04471339400004],[103.79941868300006,18.044310705000044],[103.80076272800005,18.046741971000074],[103.80211542500007,18.04606616700005],[103.80223930500006,18.044154840000033],[103.80397118600007,18.046088558000065],[103.80594831700006,18.045288715000027],[103.80589724100008,18.044559900000024],[103.80970407000007,18.04278966800007],[103.81157043300004,18.04357968100004],[103.80915964400003,18.044970160000048],[103.80931091700006,18.04611856100007],[103.81101787000006,18.04704765200006],[103.81335927100008,18.047038448000023],[103.81466348600009,18.044804283000076],[103.81747623200005,18.045266225000034],[103.81930212900005,18.044631564000042],[103.82190387400004,18.046677584000065],[103.82350571900008,18.046966067000028],[103.82410090400003,18.048202466000077],[103.82634925700006,18.046936724000034],[103.82705393000003,18.048509205000073],[103.82828023900004,18.047750477000022],[103.83397450100006,18.048504485000024],[103.83759500300005,18.047829208000053],[103.84105941000007,18.047919759000024],[103.84419046300007,18.04705913500004],[103.84695984500007,18.04540178700006],[103.84998822000006,18.044694272000072],[103.85436446300008,18.044963016000054],[103.85557714500004,18.045377818000077],[103.85747138000005,18.049457390000043],[103.85625164500004,18.053724758000044],[103.85631932500007,18.057319172000064],[103.86165923500005,18.059949889000052],[103.86188540700005,18.06222589300006],[103.86150160600005,18.066022493000048],[103.86265946400005,18.069006701000035],[103.86495009300006,18.073412499000028],[103.86565884000004,18.075856077000026],[103.86799136900004,18.080909434000034],[103.87086633800004,18.086454615000036],[103.87596474100008,18.09781735000007],[103.87759189900004,18.10092816200006],[103.88069988200004,18.104819907000035],[103.88103948100007,18.107121298000038],[103.88254208300003,18.111216971000033],[103.88470194700005,18.113518205000048],[103.88722443100005,18.117619783000066],[103.89236860800008,18.118209686000057],[103.89344736900006,18.12026091900003],[103.88976799300008,18.122401379000053],[103.88775840600005,18.12576408600006],[103.88367880100009,18.130384957000047],[103.88637080100006,18.135787050000033],[103.88476695400004,18.138313593000078],[103.88306423200004,18.13941145800004],[103.87925029600007,18.14278267700007],[103.87572984300004,18.14447755900005],[103.87063614200008,18.15162620600006],[103.87090673500006,18.153430480000054],[103.87007788000005,18.155156099000067],[103.86522265100007,18.158715003000054],[103.86301608000008,18.16344675600004],[103.85979364500008,18.16503939000006],[103.85774518700003,18.167658023000058],[103.85743873400008,18.169853484000043],[103.85487269200007,18.17218378700005],[103.85361249300007,18.17197501000004],[103.85182374000004,18.172820611000077],[103.84953757500006,18.177059196000073],[103.84436538300008,18.180956438000067],[103.84076449600008,18.185397699000077],[103.83712307400003,18.19116181100003],[103.83505474600008,18.195048013000076],[103.83420348300007,18.197521981000023],[103.83262748400006,18.200386637000065],[103.82949148500006,18.204452180000033],[103.82809815400009,18.205334837000066],[103.82695148500005,18.20750004200005],[103.82620251600008,18.21307894200004],[103.82464072700009,18.215416726000058],[103.82229441000004,18.220943283000054],[103.81841151200007,18.228116963000048],[103.81760610100008,18.233348243000023],[103.81685741200005,18.235752767000065],[103.81690354500006,18.23858120500006],[103.81562562300007,18.24232121700004],[103.81456030000004,18.244233389000044],[103.81069963900006,18.24770628300007],[103.81009098900006,18.25005975600004],[103.80752838400008,18.254561420000073],[103.80458433600006,18.257613648000074],[103.80215887500003,18.25853061500004],[103.79934726500005,18.260751802000073],[103.78991655800007,18.260395496000058],[103.78974513400004,18.259885617000066],[103.78723088900006,18.261550171000067],[103.78501028200009,18.26186073100007],[103.78192877500004,18.260264636000045],[103.77985869400004,18.257271737000053],[103.77777510000004,18.256582243000025],[103.77746041000006,18.255196436000062],[103.77629341200009,18.25550269300004],[103.77457538900006,18.253679359000046],[103.77161218500004,18.253351314000042],[103.76991466000004,18.254029483000068],[103.76645201100007,18.251826622000067],[103.76301202400003,18.253477558000043],[103.76160469600006,18.25461153200007],[103.75961432900004,18.25483710800006],[103.76024911800005,18.25640133400003],[103.75745124500008,18.255710409000073],[103.75709924800009,18.256855185000063],[103.75528927900007,18.256339310000044],[103.75552672200007,18.257462151000027],[103.75398284300007,18.25736089000003],[103.75239071600004,18.259766625000054],[103.75406028200007,18.259970276000047],[103.75271946400005,18.261647870000047],[103.75118629300005,18.26253316800006],[103.74984889800004,18.266311290000033],[103.74842794000006,18.265718433000075],[103.74727190500005,18.268264284000054],[103.74722944800004,18.269834811000067],[103.74540262800008,18.270128125000042],[103.74299444600007,18.271750379000025],[103.74177919000005,18.271335092000072],[103.74031801600006,18.272234747000027],[103.74140667500006,18.274017985000057],[103.73993771500005,18.27359567900004],[103.74044946600009,18.27468568300003],[103.73811538300004,18.274821092000025],[103.73562457700007,18.275769558000036],[103.73360389000004,18.275741078000067],[103.73177059800008,18.271046114000058],[103.73030988000005,18.26602630700006],[103.73156269300006,18.261714450000056],[103.72950191000007,18.260897741000065],[103.72944993800007,18.258615623000026],[103.72448603100008,18.258665801000063],[103.71812694200008,18.260630941000045],[103.71600538000007,18.26261002700005],[103.71264721300008,18.261226111000042],[103.70928271200006,18.260393263000026],[103.71139318200005,18.258139662000076],[103.71175966100009,18.255836239000075],[103.71313896900006,18.255077318000076],[103.71178854700008,18.25440383700004],[103.71379948300006,18.251888692000023],[103.71275627100005,18.249294820000046],[103.71305001800005,18.24694392200007],[103.71628232700004,18.24573305200005],[103.71722840100006,18.24474957500007],[103.71647342200004,18.242684797000038],[103.72058988300006,18.24044095100004],[103.72080216100005,18.238647639000078],[103.71953095200007,18.238458851000075],[103.71941103100005,18.235210410000036],[103.72138053700007,18.23229023300007],[103.71957523000003,18.231229909000035],[103.72022370700006,18.228720214000077],[103.72145870900005,18.22699270100003],[103.72046660900008,18.22430961400005],[103.72059472500007,18.22316191300007],[103.71906852500007,18.219935417000045],[103.72023699900006,18.216245892000074],[103.71975988500009,18.21293702500003],[103.71826358400006,18.212964947000046],[103.71511740600005,18.211874614000067],[103.71459733800003,18.21083311800004],[103.71287006100005,18.21076169300005],[103.71076066600006,18.20835058700004],[103.70810652400007,18.206162454000037],[103.70748077100006,18.20646735500003],[103.70598598200007,18.203643284000066],[103.70101181400008,18.20167858600007],[103.69434569800006,18.199483290000046],[103.68734635000004,18.19692444700007],[103.68610514300008,18.19624333300004],[103.68354374600005,18.192641739000067],[103.68125821100006,18.191801586000054],[103.68110519200008,18.188994430000037],[103.68187417500008,18.188581674000034],[103.68092312400006,18.18415483800004],[103.67819816800005,18.185050228000023],[103.67815052800006,18.18323808100007],[103.67684043100007,18.18209659300004],[103.67805807600007,18.181968840000025],[103.67757788400007,18.17705554500003],[103.67806725100007,18.17566984700005],[103.67658123500007,18.175146880000057],[103.67698860500008,18.17083162800003],[103.67816963800004,18.170893601000046],[103.67877650900004,18.16858820500005],[103.67775993900005,18.168889653000065],[103.67500689200006,18.165130272000056],[103.67260212500008,18.164406849000045],[103.67022240300008,18.161922417000028],[103.66556636700005,18.16357985800005],[103.66309277800008,18.16564117000007],[103.66027464200005,18.16904738100004],[103.66046992600008,18.170963550000067],[103.65867001100008,18.172560317000034],[103.65669804100008,18.172060268000052],[103.65435195000003,18.17300169300006],[103.64999147000003,18.17308714400002],[103.64981018300006,18.174297585000033],[103.64761469900009,18.173744569000064]]]},"properties":{"Shape_Leng":1.22243645936,"Shape_Area":0.028991928564,"ADM2_EN":"Si Wilai","ADM2_TH":"ศรีวิไล","ADM2_PCODE":"TH3807","ADM1_EN":"Bueng Kan","ADM1_TH":"บึงกาฬ","ADM1_PCODE":"TH38","ADM0_EN":"Thailand","ADM0_TH":"ประเทศไทย","ADM0_PCODE":"TH"}},
{"type":"Feature","geometry":{"type":"Polygon","coordinates":[[[103.87277782900009,18.218482081000047],[103.87659146900006,18.21978292500006],[103.87791173400007,18.221360185000037],[103.88097659200008,18.22118901500005],[103.88485120600006,18.21879836900007],[103.88524123900004,18.22136092200003],[103.88430607300006,18.22192394900003],[103.88457953900007,18.225062428000058],[103.88651959900005,18.224743172000046],[103.89176478000007,18.225358329000073],[103.89390887200005,18.226873130000058],[103.89539390100003,18.22923391100005],[103.89586049800005,18.224921529000028],[103.89562580100005,18.22136112900006],[103.89756067100006,18.219158222000033],[103.89907018400004,18.21625851500005],[103.90325423500008,18.213623634000044],[103.90542712600006,18.21146170800006],[103.90567952900005,18.21057630100006],[103.90385780100007,18.205482252000024],[103.90418101700004,18.20378151600005],[103.90864477100007,18.199211234000074],[103.91046008200004,18.195087621000027],[103.91281024500006,18.193332767000072],[103.91566315600005,18.190245721000053],[103.91712207900008,18.18798536500003],[103.91773461300005,18.185367980000024],[103.91912031500004,18.184124669000028],[103.92627332100005,18.183440784000027],[103.92998890300004,18.188062347000027],[103.92988185200005,18.185722988000066],[103.93116117400007,18.182644306000043],[103.93097791700006,18.179302180000036],[103.93233840000005,18.175313595000034],[103.93371870700008,18.173152582000057],[103.93848725900006,18.16853648600005],[103.93974061000006,18.165280108000047],[103.94117279800008,18.163089968000065],[103.94385688900007,18.161603682000077],[103.94527283900004,18.159860515000048],[103.94750544700008,18.158473266000044],[103.94996263900003,18.160399729000062],[103.95227154600008,18.159852587000046],[103.95520038400008,18.160984305000056],[103.95620094900005,18.161659889000077],[103.95760657900007,18.164333389000035],[103.95890082600005,18.16444031900005],[103.95997154500009,18.16347339400005],[103.96585236000004,18.161623199000076],[103.96688438700005,18.162190812000063],[103.96633133200004,18.16546732300003],[103.96955782900005,18.169324592000066],[103.97133353200007,18.169724908000035],[103.97468317200008,18.167351471000075],[103.97749398000008,18.166788245000077],[103.98048877100007,18.168081864000044],[103.97978351500007,18.169769329000076],[103.98114696800008,18.171206677000043],[103.98431492200007,18.17125380400006],[103.98556347100003,18.172861940000075],[103.98757115100005,18.174096225000028],[103.99104336600004,18.177834775000065],[103.99295930500006,18.180828516000076],[103.99430374600007,18.182201805000034],[103.99639540500004,18.182789839000066],[104.00071545300005,18.18212292900006],[104.00304603400008,18.18050806800005],[104.00591151000003,18.17953520900005],[104.00645073500004,18.178608207000025],[104.01021284800004,18.17712645100005],[104.01193331800005,18.175396746000047],[104.01493113600009,18.17318631300003],[104.01660600000008,18.17125526500007],[104.01856908100007,18.17000842400006],[104.02008052000008,18.167748690000053],[104.02298176300008,18.167962266000075],[104.02661394000006,18.16879645000006],[104.02956528300007,18.16883848300006],[104.03227344300007,18.16793285700004],[104.03374636400008,18.168209067000078],[104.03682108100008,18.16746125900005],[104.04000996100007,18.16837765300005],[104.04227162800004,18.16812698500007],[104.04434065500004,18.165651724000043],[104.04266851500006,18.16538594800005],[104.04132684900009,18.163512019000052],[104.03871320200005,18.161796631000072],[104.03917631100006,18.159465959000045],[104.03813787000007,18.156120266000073],[104.03828198900004,18.154566704000047],[104.04180560900005,18.154177826000023],[104.04447670100006,18.156203817000062],[104.04627870300004,18.156802584000047],[104.04751073500006,18.15907203100005],[104.04975650300008,18.15950874500004],[104.05189319200008,18.161957596000036],[104.05558945200005,18.161329472000034],[104.05597738900008,18.160076459000038],[104.05888090000008,18.160844717000032],[104.05862395000008,18.161826533000067],[104.06034239900004,18.162697681000054],[104.05978580600004,18.165446512000074],[104.06226501500004,18.16889546300007],[104.06198337500007,18.17287957900004],[104.06427609600007,18.173282345000075],[104.06529238700006,18.172107250000067],[104.06749912700008,18.17461085800005],[104.06936145800006,18.171917703000076],[104.07212294900006,18.170520045000046],[104.07197680000007,18.16936624300007],[104.07426501100008,18.16978130600006],[104.07514541300009,18.168829522000067],[104.07766794300005,18.168625103000068],[104.08405467100005,18.170359964000056],[104.08222163300007,18.17422267300003],[104.07889500800007,18.176839293000057],[104.07530162700004,18.18058455700003],[104.07065202000007,18.18836262700006],[104.06741942000008,18.19450732000007],[104.06506917500008,18.199964935000025],[104.06349423200004,18.204433295000058],[104.06299234900007,18.207342977000053],[104.06361971100006,18.213929690000043],[104.06093215200008,18.218887755000026],[104.05212979600009,18.231504848000043],[104.04654515600004,18.23859980800006],[104.04187812200007,18.244185387000073],[104.03707599700004,18.251222876000043],[104.02843139000004,18.262274280000042],[104.02182930300006,18.27173450500004],[104.01804876800009,18.278731296000046],[104.01580551500007,18.281055301000038],[104.00958454200008,18.288429463000057],[104.00597112700007,18.29354547500003],[104.00177767500008,18.29897855200005],[103.99706948900007,18.30604024400003],[103.99403479300008,18.312754846000075],[103.99202665000007,18.316705460000037],[103.98851624600007,18.321804049000036],[103.98422056400005,18.32607682400004],[103.98020077900009,18.33040193100004],[103.97753829400006,18.333749760000046],[103.97519456100008,18.336028301000056],[103.97072947000004,18.33789736800003],[103.96513979400004,18.339295040000025],[103.96257911000004,18.339671811000073],[103.95796455000004,18.339816002000077],[103.95463599900006,18.339533193000022],[103.94946588100004,18.338582991000067],[103.94459200700004,18.337076569000033],[103.94171635600009,18.33560155400005],[103.93218556600004,18.33186720300006],[103.93007375600007,18.331349714000055],[103.92111640500008,18.327134907000072],[103.91830272800007,18.325192917000038],[103.91014693700004,18.317964441000072],[103.90860302300007,18.31677632900005],[103.89417274800007,18.30123218800003],[103.88949553500004,18.296464296000067],[103.88476029300006,18.293176046000042],[103.88498243100008,18.28957783000004],[103.88252543200008,18.286562382000056],[103.88027553700005,18.28530997400003],[103.88072500500004,18.282128896000074],[103.87919837800007,18.276656283000023],[103.87951795500004,18.26927087300004],[103.87962205100007,18.259828705000075],[103.88062407000007,18.257237174000068],[103.87979283600004,18.25645834100004],[103.87231520800003,18.258213295000076],[103.86956020300005,18.256854743000076],[103.86848668700009,18.25685382300003],[103.86614622500008,18.25867476800005],[103.86488717800006,18.258168038000065],[103.86182327700004,18.25171285700003],[103.86193432800007,18.249850596000044],[103.86506050100007,18.247535784000036],[103.86780250000004,18.246560748000036],[103.86957832300004,18.24522084000006],[103.86953442100008,18.244443880000063],[103.86725370300007,18.243624887000067],[103.86493474800005,18.241965091000054],[103.86550417300003,18.240712075000033],[103.86758879800004,18.239450086000033],[103.86791784700006,18.238508009000043],[103.86700021600006,18.236395196000046],[103.86427625400006,18.23527972900007],[103.86402802100008,18.23392793900007],[103.86656031500007,18.228178764000063],[103.87385857300006,18.220939633000057],[103.87277782900009,18.218482081000047]]]},"properties":{"Shape_Leng":0.790395070169,"Shape_Area":0.0232518239991,"ADM2_EN":"Bung Khla","ADM2_TH":"บุ่งคล้า","ADM2_PCODE":"TH3808","ADM1_EN":"Bueng Kan","ADM1_TH":"บึงกาฬ","ADM1_PCODE":"TH38","ADM0_EN":"Thailand","ADM0_TH":"ประเทศไทย","ADM0_PCODE":"TH"}}
]}