{"type":"FeatureCollection", "features": [
{"type":"Feature","geometry":{"type":"Polygon","coordinates":[[[102.42118316300008,17.375820901000054],[102.41613160800006,17.374496744000055],[102.41386582200005,17.375393461000044],[102.41258279600004,17.374633387000074],[102.41011898000005,17.374150949000068],[102.40808044400006,17.375380293000035],[102.40657168000007,17.380485631000056],[102.40608519300008,17.38150171500007],[102.40459216900007,17.382486205000077],[102.40304519000006,17.382854688000066],[102.40146578700006,17.382320458000038],[102.39994772900008,17.382724547000066],[102.39665207000007,17.380482889000064],[102.39428135000009,17.379994374000034],[102.39159019500005,17.381868415000042],[102.38901402500005,17.382553305000044],[102.38741012600008,17.382077566000078],[102.38512329400004,17.383567552000045],[102.38349107100004,17.38325029400005],[102.38233706000005,17.384350685000072],[102.38127834700003,17.38415082800003],[102.37985510700008,17.384565547000022],[102.37844412600003,17.37371371000006],[102.37507119200006,17.348340197000027],[102.37369182000003,17.34933280000007],[102.37246016400007,17.34898270900004],[102.37174643700007,17.348180221000064],[102.36906233900004,17.349352276000047],[102.36806787000006,17.351841578000062],[102.36686420900008,17.35234016800007],[102.36624556900006,17.35324253600004],[102.36321481300007,17.353439354000045],[102.36185611200005,17.356038864000027],[102.36124074800006,17.356053214000042],[102.36024894900004,17.358236478000038],[102.35904294500006,17.357982922000076],[102.35798322200009,17.36000199500006],[102.35620498900005,17.359643644000073],[102.35488106400004,17.360696423000036],[102.35439778800009,17.361798091000026],[102.35288965200004,17.361541831000068],[102.35218917000009,17.363409945000058],[102.35052243400008,17.364301517000058],[102.34985307400007,17.365276437000034],[102.34829134400007,17.36564119600007],[102.34719391500005,17.368386887000042],[102.34447782000007,17.371149580000065],[102.34273036800005,17.372358555000062],[102.34207953500004,17.373553623000078],[102.34271727200007,17.37533852100006],[102.34067022500005,17.379466165000053],[102.33872138000004,17.37864098400007],[102.33942862200007,17.377979882000034],[102.33765174200005,17.37560121300004],[102.33733661400004,17.37464782400002],[102.33817382100005,17.374329101000058],[102.33695294900008,17.372011206000025],[102.33806230900007,17.36875174200003],[102.33826391500008,17.36707377700003],[102.33922303700007,17.365600845000074],[102.33854715600006,17.364718868000068],[102.33957608800006,17.36379831000005],[102.33895482000008,17.363459354000042],[102.33991112100006,17.362744976000045],[102.33905538600004,17.36211270700005],[102.33887499000008,17.35949238300003],[102.33813485200005,17.35974555400003],[102.33696431300007,17.356103725000025],[102.33820981500008,17.355796490000046],[102.33638911100007,17.353320672000052],[102.33678559100008,17.352871566000033],[102.33360665700008,17.349215142000048],[102.33264721300009,17.34685322100006],[102.33129967600007,17.346918164000044],[102.33178621400003,17.346104688000025],[102.33091422300004,17.345227969000064],[102.33094787100003,17.34419245400005],[102.33008118600009,17.34363612100003],[102.33012568600009,17.34225570800004],[102.32863071100007,17.342404416000022],[102.32653820700006,17.340148852000027],[102.32481207400008,17.340090063000048],[102.32351830400006,17.339394081000023],[102.32298232900007,17.33727168300004],[102.32056878300006,17.335783465000077],[102.31690749100005,17.334701727000038],[102.31657560500008,17.333399782000072],[102.31719982200008,17.333248000000026],[102.31688802600007,17.330646485000045],[102.31512694000008,17.328550067000037],[102.31364593700005,17.328860359000032],[102.31318963100006,17.328270993000046],[102.31343293200007,17.326868595000064],[102.31276043800005,17.32658525900007],[102.31328377900007,17.324702846000037],[102.31213099900003,17.32304018900004],[102.31013594000007,17.322982738000064],[102.30863322700009,17.323349268000072],[102.30807465100008,17.32240075800007],[102.30686104900008,17.322232043000042],[102.30665308500005,17.32121753800004],[102.30413155500008,17.32014583700004],[102.30334771300005,17.320143151000025],[102.30213372100008,17.319042962000026],[102.30138935400004,17.319155629000022],[102.29862916600007,17.31735155800004],[102.29530678500004,17.31645648600005],[102.29313059400005,17.316771061000054],[102.29182383800008,17.316331946000048],[102.29034088700007,17.31406776500006],[102.28865875200006,17.312277793000078],[102.28766590400005,17.311801238000044],[102.28682056600007,17.309028659000035],[102.28528343800008,17.308335551000027],[102.28403989000009,17.30849262600003],[102.28275810500008,17.310923268000067],[102.28181628200008,17.311410523000063],[102.27740958700008,17.311996512000064],[102.27569703500006,17.311801166000066],[102.27408660900005,17.312886080000055],[102.27204822000004,17.312761135000073],[102.26910891600005,17.313502197000048],[102.25357960200006,17.33265342900006],[102.25052696800009,17.335059324000042],[102.25053015300006,17.338717119000023],[102.24837902800004,17.34051968800003],[102.24746698400008,17.342246227000032],[102.24553737800005,17.34221283000005],[102.24448018000004,17.343288361000077],[102.24350154200005,17.343107458000077],[102.24275939400007,17.344044308000036],[102.24018880800008,17.344606604000035],[102.23892352200005,17.343947745000037],[102.23821829600007,17.34260620300006],[102.24062281600004,17.339177662000054],[102.24220955100009,17.33605665700003],[102.24104187800003,17.334598947000075],[102.24054335300008,17.332251834000033],[102.23860660400004,17.33135893900004],[102.23792262200004,17.33014160700003],[102.23822490400005,17.329335178000065],[102.23703806100008,17.328953544000058],[102.23618404700005,17.326544239000043],[102.23686580100008,17.32308826800005],[102.23818617100005,17.32135841400003],[102.23842504700008,17.31970066200006],[102.23986322000007,17.316040324000028],[102.24039263700007,17.312643794000053],[102.24180675300005,17.31213019200004],[102.24479015900005,17.31372676700005],[102.24659250000008,17.31265769600003],[102.24877631300006,17.310197817000073],[102.24942494200008,17.308848647000048],[102.24970970100009,17.30684711200007],[102.25298127100007,17.30448870400005],[102.25413165000003,17.302783760000068],[102.25377195800007,17.301628292000032],[102.25424134300005,17.30085459000003],[102.25379949400008,17.29976619200005],[102.25603165800004,17.295887355000048],[102.25596823900008,17.294456264000075],[102.25804973100009,17.291461879000053],[102.26026040900007,17.290543308000053],[102.26139080600007,17.28956038900003],[102.26186789400003,17.287601636000034],[102.26296310600009,17.287200485000028],[102.26260374000009,17.28641488200003],[102.26351072800009,17.285660206000045],[102.26324074200005,17.284616477000043],[102.26445374900004,17.284186540000064],[102.26464377900004,17.283179076000067],[102.26633640600005,17.283243239000058],[102.26752067900009,17.282278012000063],[102.26831065100004,17.280763062000062],[102.26824511700005,17.279716325000038],[102.26906891800007,17.279244965000032],[102.26883139100005,17.277931882000075],[102.26994818000009,17.277906802000075],[102.26991176200005,17.276657809000028],[102.27063315500004,17.27677205300006],[102.27134657200008,17.274378263000074],[102.27129270300009,17.273236346000033],[102.27226387900004,17.273508667000044],[102.27283619800005,17.272396212000046],[102.27472571700008,17.270636955000043],[102.27530425700007,17.269235191000064],[102.27531380700003,17.26743454500007],[102.27415247400006,17.264074337000068],[102.27322324800008,17.262626081000064],[102.27367235900005,17.261986937000074],[102.27253254200008,17.260200809000025],[102.27281954200004,17.259138117000077],[102.27105339700006,17.25899477400003],[102.27174251100007,17.258354229000076],[102.27074738600004,17.25780850500007],[102.27197886900007,17.257011593000072],[102.27429837900007,17.256362668000065],[102.27464435700006,17.25508681100007],[102.27557916400008,17.25591313500007],[102.27622197200009,17.25540327500005],[102.27718694200007,17.25144776600007],[102.27535131100007,17.25130974600006],[102.27452641200006,17.24998379300007],[102.27482069500007,17.247195262000048],[102.27545363900003,17.24623239600004],[102.27753915400007,17.24687257100004],[102.27870021500007,17.244881500000076],[102.27792933100005,17.243477657000028],[102.27816993500005,17.242707534000033],[102.27713528800007,17.242243078000058],[102.27842802800006,17.239982600000076],[102.27925816200008,17.239328485000044],[102.28029968200008,17.237209096000072],[102.28093869000008,17.237247547000038],[102.28148701600009,17.23572075100003],[102.28288109200008,17.235613819000037],[102.28349140900008,17.23497445600003],[102.28290957000007,17.234219437000036],[102.28372856400006,17.23366622100002],[102.28497538200008,17.234211233000053],[102.28501214400006,17.23286187700006],[102.28243414900004,17.231250775000035],[102.28108404400007,17.232605443000068],[102.27950187300007,17.233327102000032],[102.27782205300008,17.232913453000037],[102.27671397000006,17.231361054000047],[102.27542266700004,17.230941216000076],[102.27531463600008,17.22819195900007],[102.27492342600004,17.226919257000077],[102.27372079700007,17.227066878000073],[102.27314785500005,17.22606349800003],[102.27188881100005,17.226086835000046],[102.27235145800006,17.22515717500005],[102.27074301900007,17.223978084000066],[102.27103351500006,17.223115239000037],[102.26955080900007,17.22172173000007],[102.26790845500005,17.220821492000027],[102.26721356400009,17.221570824000025],[102.26643311000004,17.22084195700006],[102.26571563700008,17.22132871100007],[102.26409009800005,17.219728415000077],[102.26226186000008,17.22114527100007],[102.26050874600008,17.221340947000044],[102.25962295500005,17.220231183000067],[102.25777952700008,17.220138059000078],[102.25798365800006,17.219259471000044],[102.25575803400005,17.218832298000052],[102.25508939800005,17.217824837000023],[102.25363977200004,17.21779082000006],[102.25017936000006,17.216037373000063],[102.24954548700003,17.214227996000034],[102.25009630600005,17.213267581000025],[102.24979910200005,17.21184921400004],[102.24783903100007,17.210557167000047],[102.24762330200008,17.209537202000035],[102.24607710900005,17.209021388000053],[102.24552322400007,17.207335820000026],[102.24464918400008,17.20619480000005],[102.23955838500007,17.201443151000035],[102.24122697800004,17.200213716000064],[102.24505298800005,17.19817747600007],[102.24786430500006,17.19358632600006],[102.24767282900007,17.19126196600007],[102.25011395400008,17.18983700700005],[102.25043481100005,17.188228880000054],[102.25187687100004,17.186175926000033],[102.25173061600003,17.185390050000024],[102.24835007200005,17.178049206000026],[102.24748051900008,17.175180049000062],[102.24690018400008,17.171576638000033],[102.24680397500003,17.169530159000033],[102.24623003300007,17.168942788000038],[102.24568649300005,17.16633581600007],[102.24342236600006,17.167188734000035],[102.24171155200008,17.16590032700003],[102.24109125300004,17.163802755000063],[102.24197328000008,17.162004221000075],[102.24195140500007,17.16103384200005],[102.24328564300004,17.158057824000025],[102.24254121300004,17.157210896000038],[102.24236067000004,17.154803392000076],[102.24140492100008,17.153162321000025],[102.24170738800007,17.152370443000052],[102.24680541400005,17.149395997000056],[102.24992078200006,17.147306927000045],[102.25425911700006,17.146640538000042],[102.25780051700008,17.146162081000057],[102.26314167000004,17.142583236000064],[102.26413714700004,17.139919107000026],[102.26597284500008,17.13735627400007],[102.26683432000004,17.135545739000065],[102.26682255500003,17.133687159000033],[102.26602009700008,17.132512845000065],[102.26928169700005,17.131405725000036],[102.27464396300007,17.131946414000026],[102.27558633500007,17.130654932000027],[102.27768798700004,17.128783706000036],[102.27856032900007,17.127229880000073],[102.27843553800005,17.12654474800007],[102.28257882600008,17.12666262500005],[102.28380601500004,17.12734271100004],[102.28708796200004,17.127529535000065],[102.28940975500007,17.126949284000034],[102.29101023700008,17.126072926000063],[102.29354001400009,17.125442330000055],[102.29689381400004,17.12730044600005],[102.29977633600004,17.12522812900005],[102.30270403400004,17.125903127000072],[102.30311917800009,17.126434234000044],[102.30633129700004,17.125736209000024],[102.30547184700004,17.120869020000043],[102.30784427000003,17.120699297000044],[102.30771118100006,17.11976147200005],[102.31037110100004,17.120086284000024],[102.31223679700008,17.119234998000024],[102.31394623000006,17.117871438000066],[102.31572233100007,17.117661057000078],[102.31684583400005,17.11852049600003],[102.31931476700004,17.118258771000058],[102.31971516200008,17.117775506000044],[102.31899854400007,17.11670165700002],[102.32153227000003,17.114127798000027],[102.32237860900005,17.11243956000004],[102.32417298600006,17.110593146000042],[102.32351114300008,17.10861974100004],[102.32566927000005,17.10777673000007],[102.32584438500004,17.10564322600004],[102.32705595900006,17.102672813000027],[102.32674679000007,17.098271339000064],[102.32586033100006,17.095316556000057],[102.32772408700004,17.094287105000035],[102.32723550600008,17.09119917700002],[102.32889243500006,17.090340513000058],[102.32916944300007,17.08916419800005],[102.33171598900009,17.088428113000077],[102.33129201700007,17.085574893000057],[102.33039930600006,17.08466591800004],[102.33108119500008,17.08417289500005],[102.33089389000008,17.08259189000006],[102.32998650400003,17.07944365700007],[102.33015014500006,17.07750027800006],[102.33100380000008,17.07545350500004],[102.33043578500008,17.07282143900005],[102.33134429100005,17.070344157000022],[102.32752527100007,17.06501903900005],[102.32439580500005,17.05519874500004],[102.33011238700004,17.042728339000064],[102.32924924300005,17.039374891000023],[102.32952797100006,17.03775567400004],[102.32888006100006,17.034748468000032],[102.33023825600009,17.034199967000063],[102.33083965200007,17.033126639000045],[102.33043015400006,17.031048460000022],[102.32977146600007,17.031127269000024],[102.32943402300003,17.029233142000066],[102.33068290500006,17.027483207000046],[102.32910813800004,17.024900726000055],[102.32877534600004,17.024976138000056],[102.32799289500008,17.02246077800004],[102.32752496200004,17.022549149000042],[102.32682948900003,17.02102758500007],[102.32706753800005,17.019551358000058],[102.32805782300005,17.019621651000023],[102.32641264500006,17.017673439000077],[102.32343987600007,17.013594518000048],[102.32470315600006,17.012879617000067],[102.32515285100004,17.010937799000033],[102.32605670100008,17.010181359000057],[102.32675138000008,17.008167335000053],[102.32634758500006,17.006635335000055],[102.32478826000005,17.005069912000067],[102.32479035400007,17.003266049000047],[102.32432709500006,17.002565361000052],[102.32434336100005,17.000876616000028],[102.32282025300003,16.99719529400005],[102.32058144700005,16.993194955000035],[102.32047209400008,16.99145043900006],[102.32136583400006,16.989339441000027],[102.32325470400008,16.985999105000076],[102.32327221600008,16.98505715300007],[102.32193552400008,16.98262167300004],[102.32159010400005,16.976821545000064],[102.32216621100008,16.97129546800005],[102.32074550800007,16.965497190000065],[102.32127518300007,16.964268953000044],[102.32095062600007,16.96244863100003],[102.32159116700007,16.960992558000044],[102.32296828700004,16.959661288000063],[102.32693478600004,16.956858478000072],[102.33078698200006,16.957931047000045],[102.33184097300006,16.96044111200007],[102.33387827100006,16.962539263000053],[102.33660084000007,16.964506924000034],[102.34007439600003,16.965145324000048],[102.34317130500006,16.96438091500005],[102.34804594200006,16.958777389000034],[102.34889730700007,16.955283934000022],[102.35047980600007,16.951900085000034],[102.35199558800008,16.95089201600007],[102.35441140700004,16.95060507000005],[102.35680503500004,16.948177963000035],[102.35848459400006,16.947996362000026],[102.36059675300004,16.949001888000055],[102.36094603800007,16.94970859600005],[102.36375723600008,16.949902735000023],[102.36629594900006,16.949409511000056],[102.36797437900003,16.950486566000052],[102.37074186300003,16.953428660000043],[102.37176879600008,16.953597801000058],[102.37306649500005,16.952959029000056],[102.37437189400003,16.951736914000037],[102.37617630700004,16.949231612000062],[102.37538748100008,16.94594801200003],[102.37635619100007,16.939771413000074],[102.37208528800005,16.929169934000072],[102.37467955500006,16.927822399000036],[102.37641129100007,16.927609632000042],[102.37787652100008,16.92599887700004],[102.37917048000008,16.925757883000074],[102.38174059300007,16.926757144000078],[102.38299724800004,16.926307872000052],[102.38371296600008,16.92711356800004],[102.38444464900005,16.925881417000028],[102.38505925200008,16.92641647100004],[102.38699924600007,16.927210005000063],[102.38715584300007,16.92862414500007],[102.38922096800007,16.929254877000062],[102.39666763100007,16.92743056000006],[102.39787736700004,16.926554914000064],[102.40148915900005,16.921504792000064],[102.40129964500005,16.920659670000077],[102.40262584200008,16.91949168900004],[102.40350574600006,16.91810924600003],[102.40443363900005,16.917561298000066],[102.40667452300005,16.917385867000064],[102.40829633000004,16.919496852000066],[102.41240456500009,16.923574209000037],[102.41234542400008,16.92611522900006],[102.41346553700004,16.931525367000063],[102.41582756200006,16.937519894000047],[102.41590166200007,16.942435852000074],[102.41784272100006,16.948401818000036],[102.41843001800004,16.952045601000066],[102.41937367200006,16.954031688000043],[102.42046015000005,16.959673618000068],[102.42074975800006,16.96300651400003],[102.42156179700004,16.965312319000077],[102.42349772300008,16.969371625000065],[102.42468147300008,16.971446854000078],[102.42846737400004,16.97627673100004],[102.42927360800007,16.97784782900004],[102.42974529800006,16.98060839900006],[102.42954846200007,16.984114369000054],[102.43220468600003,16.992919937000067],[102.43342223700006,16.994644960000073],[102.43509280500007,16.99635054400005],[102.43565549100003,16.998194196000043],[102.43818387100004,17.001026401000047],[102.43905351200004,17.00301833000003],[102.44053163700005,17.005343410000023],[102.44364056300009,17.008631887000035],[102.44596292700004,17.01244178500002],[102.44704300400008,17.013286755000024],[102.44819521800008,17.014850264000074],[102.45086363100006,17.016676723000046],[102.45366155500005,17.01906569600004],[102.45515037300004,17.020633392000036],[102.46191880300006,17.02598656400005],[102.46300469800008,17.026411453000037],[102.46518723300005,17.02646493800006],[102.46875183400005,17.027244513000028],[102.47023846200005,17.028313240000045],[102.47112404400008,17.028477318000057],[102.47374147700003,17.028087819000064],[102.47835900900009,17.02663067700007],[102.47900524700003,17.026884752000058],[102.48344986000006,17.02463005000004],[102.48669661400004,17.02135201300007],[102.48781648000005,17.01967836600005],[102.49014279400006,17.017358028000046],[102.49131121000005,17.01559979800004],[102.49286116400003,17.01205073500006],[102.49464838900008,17.00979572400007],[102.49561685400005,17.00786051500006],[102.49999751100006,16.99986494600006],[102.50310359600007,17.002343627000073],[102.50456249700005,17.003982931000053],[102.50624057300007,17.00363329100003],[102.50736981900008,17.00605872600005],[102.50813980200007,17.00687623400006],[102.51033391200008,17.00717455700004],[102.51038444600005,17.00933554900007],[102.51136800900008,17.009459890000073],[102.51117601500005,17.010178246000066],[102.51369061200006,17.011054952000052],[102.51383919200003,17.010734798000044],[102.51663866100006,17.01140661900007],[102.52151518600004,17.012305741000034],[102.52236646900008,17.012213686000052],[102.52233909900008,17.013635288000046],[102.52463960500006,17.014218794000044],[102.52464006100007,17.01599643800006],[102.52543671900008,17.016066298000055],[102.52865219800003,17.017303828000024],[102.53004847900007,17.017312867000044],[102.53116776000007,17.018688801000053],[102.53219163500006,17.01909193800003],[102.53300128600006,17.018210432000046],[102.53710454600008,17.019830542000022],[102.53882732000005,17.018820504000075],[102.54014684900005,17.019416980000074],[102.54190734300005,17.01729584900005],[102.54327803800004,17.01646073200004],[102.54350677400004,17.01350956300007],[102.54539753400007,17.01326178900007],[102.54573576700005,17.014920620000055],[102.55896738900009,17.02204259000007],[102.56775424300008,17.030275722000056],[102.57334208700007,17.03244292100004],[102.57938673500007,17.04081631100007],[102.57721502100009,17.04209187400005],[102.57395539900006,17.043547146000037],[102.57196833700004,17.044697351000025],[102.56761954400008,17.047760518000075],[102.56588725700004,17.050204751000024],[102.56433540300009,17.05169862300005],[102.55682819600008,17.056146202000036],[102.55319941200008,17.05951733300003],[102.54962777100008,17.061298584000042],[102.54514235400006,17.065158205000046],[102.54329371400007,17.066932147000045],[102.54014225200007,17.07079129300007],[102.53594125500007,17.07754089100007],[102.53334006100005,17.081535511000027],[102.52384838500006,17.093359606000035],[102.52185973400003,17.096129356000063],[102.51925168400004,17.100184295000076],[102.51775125000006,17.10326072500004],[102.51617609500005,17.10751920200005],[102.51497247400005,17.11176854000007],[102.51138790800007,17.12157912600003],[102.51029431200004,17.12508197300002],[102.50904543000007,17.130239862000053],[102.50801701900008,17.135494082000037],[102.50713100800004,17.137928265000028],[102.50640989100003,17.140917006000052],[102.50420456000006,17.14626809200007],[102.49562177400009,17.16007369600004],[102.49309537100004,17.163092617000075],[102.49007362500004,17.168029214000057],[102.48587002600004,17.172469723000063],[102.48280037300003,17.177004012000054],[102.47882567500005,17.184139978000076],[102.47839577100007,17.185700473000054],[102.47633222200005,17.189407922000044],[102.47482279900004,17.193549714000028],[102.46974707300006,17.201414503000024],[102.46919309200007,17.20270453200004],[102.47104071600006,17.20213707100004],[102.47543009500004,17.20450700500004],[102.47817396100004,17.204592733000027],[102.47905458800005,17.20353904600006],[102.48043044300005,17.203669113000046],[102.48224092900006,17.205098234000047],[102.48615039900005,17.20663429900003],[102.48666974800005,17.206144266000024],[102.48880821900008,17.206657782000036],[102.49102021500005,17.208153152000023],[102.48994322900006,17.210415100000034],[102.48981879600007,17.212466574000075],[102.49020272600006,17.217022962000044],[102.49070246400004,17.219130431000053],[102.49153622500006,17.220377418000055],[102.49541022300008,17.222398850000047],[102.49656355400003,17.22368222600005],[102.49789101400006,17.22632707200006],[102.49994494700007,17.228768113000058],[102.50139588800005,17.229786470000022],[102.50341499000007,17.230382769000073],[102.50460477700005,17.230386950000025],[102.50891107500007,17.228716655000028],[102.51024548500004,17.227862291000065],[102.51354027400004,17.226901404000046],[102.51579051400006,17.22683554500003],[102.51829387000004,17.225500556000043],[102.52287944300008,17.22503858300007],[102.52752709200007,17.225255080000068],[102.52940015300004,17.226881177000053],[102.53221510200007,17.22721308900003],[102.53374779600006,17.22867095600003],[102.53556300300005,17.228574878000074],[102.53678671700004,17.226753192000047],[102.53851371500008,17.225542334000068],[102.56734629900006,17.232716925000034],[102.56829670500008,17.233816837000063],[102.56891957800008,17.23578550900004],[102.56978078500003,17.236513665000075],[102.57183741000006,17.234199962000048],[102.57293397800004,17.234494477000055],[102.57442056100007,17.233638559000042],[102.57520913100007,17.23469162200007],[102.57573627100004,17.23656698600007],[102.57719633000005,17.23823449500003],[102.57764252500004,17.23961759200006],[102.57941643400005,17.24074879400007],[102.58087839700005,17.240994025000077],[102.58185948500005,17.240676766000036],[102.58269304300006,17.241232944000046],[102.58491072500004,17.241423389000033],[102.58527450700007,17.243995373000075],[102.58442426600004,17.245538401000033],[102.58550327200004,17.24617862200006],[102.58613483000005,17.248240373000044],[102.58756644100004,17.247948604000044],[102.58752374300008,17.248710050000057],[102.58847298500007,17.248913220000077],[102.58783156300007,17.249767361000067],[102.58889744300006,17.249445870000045],[102.59004599600007,17.25218428200003],[102.59157775700004,17.254035558000055],[102.59085512200005,17.25506106100005],[102.59133547900007,17.256467878000024],[102.59067768600005,17.256911806000062],[102.59082356400006,17.258015267000076],[102.59163771700008,17.258090192000054],[102.59113715100005,17.259341841000037],[102.59219995500007,17.26095830400004],[102.59315132700004,17.26114140800007],[102.59277231500005,17.26249972100004],[102.59410566300005,17.26280108700007],[102.59461695000005,17.263850959000024],[102.59368036000006,17.26410266700003],[102.59377143500006,17.265108101000067],[102.59269452700005,17.265869052000028],[102.58937483400007,17.264972191000027],[102.58712528400008,17.265666880000026],[102.58126205700006,17.264403268000024],[102.57865761900007,17.264968906000036],[102.57661926900005,17.264815947000045],[102.57626569900003,17.265755499000022],[102.57691114300007,17.267607543000054],[102.57827150000008,17.26916906100007],[102.57518626700005,17.270053191000045],[102.57334046400007,17.270298124000078],[102.56830085000007,17.269024056000035],[102.56501968500004,17.26919279300006],[102.56189416100005,17.26881161700004],[102.55934113800004,17.26950868600005],[102.55337201200007,17.273331151000036],[102.55148194500003,17.274326014000053],[102.54917010300005,17.276797314000078],[102.54794374600004,17.276916640000024],[102.54701298000003,17.276020844000072],[102.54356207400008,17.27539867100006],[102.54109198300006,17.276257488000056],[102.53956566900007,17.27635727100005],[102.53813840400005,17.275972443000057],[102.53576829400004,17.274556741000026],[102.53154121000006,17.27278615000006],[102.52617355300004,17.271256621000077],[102.52316350200005,17.272068041000068],[102.52015008100005,17.27390970500005],[102.51889647400009,17.273925062000046],[102.51680239200005,17.27270625400007],[102.51542463600003,17.273193105000075],[102.51382732700006,17.274525186000062],[102.51081947700004,17.27522176800005],[102.50827565500003,17.27430210400007],[102.50560759600006,17.27410827600005],[102.50435707000008,17.27268895700007],[102.50195725800006,17.271946868000043],[102.50030735400009,17.272151547000078],[102.49813940200005,17.27371581700004],[102.49409221000008,17.277104095000027],[102.48955042300008,17.280504131000043],[102.48830961300007,17.282402655000055],[102.48705393400007,17.283089261000043],[102.48470116100003,17.28251897900003],[102.48210130000007,17.28344039800004],[102.48198297600004,17.28412511700003],[102.47883925300005,17.284673049000048],[102.47810879400004,17.283847141000024],[102.47671142000007,17.28386271000005],[102.47373727900003,17.284734013000048],[102.46250042200006,17.28699556500004],[102.46039717700006,17.28711187700003],[102.45478518000004,17.286020128000075],[102.45062127900007,17.28488000300007],[102.44643831900004,17.283992581000064],[102.44139833600008,17.282331225000064],[102.43875716500008,17.281623074000038],[102.43775010700006,17.28230654300006],[102.43772983100007,17.28423882100003],[102.43845240700006,17.28789061300006],[102.43888348700006,17.293888854000045],[102.43956773200006,17.29631389800005],[102.43950019400006,17.29844836700005],[102.44004942400005,17.30153776900005],[102.43975248000004,17.304900645000032],[102.44025501400006,17.30936265400004],[102.44022939900003,17.311205075000032],[102.44097595100004,17.316967614000077],[102.44091904500004,17.32034555200005],[102.44110173600006,17.322644883000066],[102.44098737800005,17.325918234000028],[102.43906719600005,17.331119835000038],[102.43783131800006,17.33660299400003],[102.43773393600009,17.338332094000066],[102.43641975700007,17.343205890000036],[102.43120408500005,17.353884295000057],[102.42902507900004,17.362329858000066],[102.42758743600007,17.36649105200007],[102.42623480300006,17.36889996000002],[102.42373178500009,17.372074132000023],[102.42118316300008,17.375820901000054]]]},"properties":{"Shape_Leng":2.10323279377,"Shape_Area":0.084315631678,"ADM2_EN":"Mueang Nong Bua Lam Phu","ADM2_TH":"เมืองหนองบัวลำภู","ADM2_PCODE":"TH3901","ADM1_EN":"Nong Bua Lam Phu","ADM1_TH":"หนองบัวลำภู","ADM1_PCODE":"TH39","ADM0_EN":"Thailand","ADM0_TH":"ประเทศไทย","ADM0_PCODE":"TH"}},
{"type":"Feature","geometry":{"type":"Polygon","coordinates":[[[102.42118316300008,17.375820901000054],[102.40595005300008,17.401085786000067],[102.39860857800005,17.414633237000032],[102.38160676800004,17.415980717000025],[102.37961894000006,17.416438115000062],[102.37858922700008,17.415536919000033],[102.37633653900008,17.416889678000075],[102.37452747500004,17.41660102900005],[102.37361066300008,17.41579415800004],[102.37045475500008,17.417057199000055],[102.36912799600003,17.41843343000005],[102.36907790200007,17.419313982000062],[102.36629525800004,17.419957467000074],[102.36625816500003,17.420983931000023],[102.36525665800008,17.42109585000003],[102.36412521100004,17.42346088000005],[102.36279183600004,17.423742452000056],[102.36148429500008,17.42479223400005],[102.35744942700006,17.42514477800006],[102.35743842400007,17.42610899700003],[102.35525916800003,17.427373841000076],[102.35480666500007,17.428041820000033],[102.35546649400004,17.428659266000068],[102.35477641600005,17.42929530200007],[102.35412218800008,17.43234410200006],[102.35674380500006,17.433940896000024],[102.35747505000006,17.433815149000054],[102.35712612600008,17.435236171000042],[102.35822352000008,17.43733280600003],[102.35714818700006,17.438923311000053],[102.35613178900007,17.43889744100005],[102.35493071000008,17.44061972700007],[102.35310619800003,17.441205179000065],[102.35157672900004,17.442117902000064],[102.35068104400005,17.44343602600003],[102.34931732200005,17.44347612200005],[102.34840891900006,17.442539443000044],[102.34746578900007,17.442942310000035],[102.34788528400009,17.444342602000063],[102.34623468800004,17.444530559000043],[102.34583101400005,17.444098163000035],[102.34483484000003,17.44489122600004],[102.34469452700006,17.447133043000065],[102.34414384600007,17.447791651000045],[102.34264590400005,17.44817223900003],[102.34233231300004,17.448935731000063],[102.33913477500005,17.444716624000023],[102.33769090300007,17.44313633200005],[102.33250045800008,17.438261476000037],[102.32849940700004,17.434932841000034],[102.32568223400006,17.433517692000066],[102.32085765000005,17.43201429100003],[102.31607021400004,17.43200820800007],[102.31614516600007,17.430059284000038],[102.31734017000008,17.42872092600004],[102.31602906900008,17.42811052600007],[102.31617379000005,17.42716980700004],[102.31530840600004,17.42699708500004],[102.31608571600003,17.424560461000056],[102.31471069800006,17.424510568000073],[102.31505042300006,17.423548092000033],[102.31498524800008,17.421633550000024],[102.31430696200005,17.420541661000073],[102.31546192600007,17.42046023000006],[102.31465645700007,17.41844168800003],[102.31584275300008,17.41703785800007],[102.31564092200006,17.415644996000026],[102.31425081100008,17.414308989000062],[102.31341364000008,17.414463170000033],[102.31287088400006,17.411941814000045],[102.31219080600005,17.410551902000066],[102.31138780000003,17.41000019100005],[102.30414021600006,17.409327182000027],[102.30118907200006,17.41170449200007],[102.29858648800007,17.412204092000025],[102.29594759800005,17.411226587000044],[102.29394144800006,17.411648198000023],[102.29389886800004,17.412696009000058],[102.29454248900004,17.414108631000033],[102.28831916800004,17.420153834000075],[102.28658395800005,17.421673488000067],[102.28407153500007,17.42255016200005],[102.27140465900004,17.421706519000054],[102.26987540600004,17.420953566000037],[102.26661085700005,17.42152558500004],[102.26253801800004,17.42434800700005],[102.25808621500005,17.43320138000007],[102.25643071900004,17.43424029600004],[102.25831517300008,17.438238312000067],[102.25703002400007,17.43888561500006],[102.25469945300006,17.439265556000066],[102.25191800900006,17.44172934900007],[102.24994310300008,17.441945032000035],[102.24973856300005,17.44330619300007],[102.24024679700005,17.44487514800005],[102.23997967600008,17.445256123000036],[102.24074172500008,17.447574544000076],[102.24163507100008,17.449148094000066],[102.24218545100007,17.451520970000047],[102.24221182500008,17.45348530600006],[102.23632101900006,17.457590511000035],[102.22972549400004,17.46101357400005],[102.22388268800006,17.463589385000034],[102.22098630700003,17.46461832500006],[102.22022862900008,17.465405479000026],[102.21731150900007,17.47789692200007],[102.21500125800009,17.471161101000064],[102.21368104400005,17.469976170000052],[102.21200397200005,17.47103758000003],[102.20595700100006,17.472148566000044],[102.20467566100007,17.47185337600007],[102.20199216400005,17.473184463000052],[102.19908991200003,17.472778203000075],[102.19850434300008,17.474697467000055],[102.19547740000007,17.47729001400006],[102.19320465900006,17.479981431000056],[102.19114387600007,17.48171104900007],[102.19002358600005,17.48326664800004],[102.18718181800006,17.48611881200003],[102.18219283000008,17.48961263600006],[102.17939397900005,17.491095323000025],[102.17707032800007,17.49301117300007],[102.17564674000005,17.493607332000067],[102.16865053900005,17.49502257300003],[102.16332309300009,17.49438697100004],[102.15921089000005,17.492823266000073],[102.15841608800008,17.490985641000066],[102.15723409500004,17.49023429400006],[102.15706921000003,17.48799930900003],[102.15611355400006,17.487047329000063],[102.15485543300008,17.486749291000024],[102.15211692500009,17.48741207200004],[102.15053225300005,17.48693365500003],[102.15077899500005,17.486138138000058],[102.14912494300006,17.486487096000076],[102.14699939800005,17.488652168000044],[102.14484978900003,17.48918111100005],[102.14391404200006,17.48899814600003],[102.14324742800005,17.489922424000042],[102.14329282900007,17.491176153000026],[102.14121160600007,17.490967521000073],[102.14133060000006,17.492043650000028],[102.14015909900007,17.492550744000027],[102.13963704100007,17.49204018200004],[102.13751385600006,17.492266963000077],[102.13695990500008,17.492986097000028],[102.13506590600008,17.49206772900004],[102.13423618100006,17.493393022000078],[102.13458739600009,17.494437953000045],[102.13360815500005,17.496364838000034],[102.13225016800004,17.49655882600007],[102.12984949500009,17.497835509000026],[102.12917542900004,17.49785743700005],[102.12909036300005,17.494454517000065],[102.12828631700006,17.49169217800005],[102.12639671700003,17.490243673000066],[102.12596836200004,17.488374471000043],[102.12377526100005,17.487613665000026],[102.12096446800007,17.484441953000044],[102.11888420900004,17.48448329000007],[102.11678285900007,17.48381604700006],[102.11445279200007,17.483520764000048],[102.11138334100008,17.481593755000063],[102.10867435900008,17.481104548000076],[102.10762550400005,17.47914948400006],[102.10594948500005,17.476960547000033],[102.10445715800006,17.476102584000046],[102.10497736800005,17.475207751000028],[102.10660834800007,17.47535178100003],[102.10759226300007,17.476744479000047],[102.10906522600004,17.475748914000064],[102.10941732200007,17.47421060100004],[102.11026395000005,17.473489296000025],[102.11091065400007,17.47074920500006],[102.11168722200006,17.470303457000057],[102.11285455300003,17.46871172300007],[102.11392600700003,17.46873832600005],[102.11330274200009,17.467674061000025],[102.11460410600006,17.468026635000058],[102.11532121000005,17.469148580000024],[102.11689245100007,17.469138478000048],[102.11771631700009,17.469638557000053],[102.11754685800008,17.471288451000078],[102.11808029700006,17.47283396800003],[102.12028841700004,17.473190502000023],[102.12152063400003,17.471496666000064],[102.12157088600009,17.47059002700007],[102.12235704900007,17.470837069000027],[102.12275601000005,17.469724443000075],[102.12273148400004,17.467462829000056],[102.12409903200006,17.466818174000025],[102.12469796500005,17.465351786000042],[102.12419148300006,17.46367655800003],[102.12474331700008,17.46313475900007],[102.12545768300004,17.46378173200003],[102.12628130200005,17.46178689000004],[102.12912094500007,17.461140244000035],[102.12846908300008,17.460103038000057],[102.12690198300004,17.459659053000053],[102.12757687200008,17.45892432100004],[102.12707157800008,17.456906321000076],[102.12551195100008,17.457476421000024],[102.12435073500006,17.45684287800003],[102.12297231900004,17.455280521000077],[102.12362719400005,17.45462337600003],[102.12200055100004,17.454673386000024],[102.12099234500005,17.454240036000044],[102.12189499600004,17.453167966000024],[102.12172102700004,17.45213732900004],[102.12071308700007,17.45157965900006],[102.11819056500008,17.453460662000055],[102.11832413300004,17.454685779000044],[102.11717990300008,17.454125945000044],[102.11729078900004,17.455361415000027],[102.11564995900005,17.455825857000036],[102.11551855100004,17.454802435000033],[102.11329112400006,17.453063576000034],[102.11191838200006,17.453129314000023],[102.11360561800007,17.45236772900006],[102.11199472800007,17.451056812000047],[102.11108815100005,17.451788173000068],[102.11016548900005,17.451740251000047],[102.10822236200005,17.44988257400007],[102.10565604400006,17.448097222000058],[102.10505463100009,17.446807810000053],[102.09674720300006,17.436754165000025],[102.09889480400005,17.43342403200006],[102.09855530200008,17.432657464000044],[102.09898775700003,17.430967429000077],[102.10011633400006,17.430540970000038],[102.10008194900007,17.428056815000048],[102.10175933900007,17.42674097500003],[102.10238718000005,17.42409308300006],[102.10228594300008,17.422583888000077],[102.10402133600007,17.41766980400007],[102.10540134500008,17.41675990600004],[102.10636323200004,17.41365353300006],[102.10847003300006,17.41254635200005],[102.10954690400007,17.410779473000048],[102.11050077900006,17.41029891000005],[102.11100367300008,17.409282665000035],[102.11065579300003,17.408583642000053],[102.11417403900003,17.404712604000053],[102.11535754500005,17.404552800000033],[102.11669266800004,17.402961876000063],[102.11673521300008,17.402137959000072],[102.11940166800008,17.400573294000026],[102.11895908200006,17.399918847000038],[102.12039861200009,17.399397615000055],[102.12097166800004,17.398313813000073],[102.12271411200004,17.398236832000066],[102.12271593100007,17.39771440000004],[102.12420857100005,17.397075229000052],[102.12507168400003,17.39566367200007],[102.12631975600004,17.395075200000065],[102.12520863200007,17.39309643000007],[102.12399786600008,17.392861502000073],[102.12210855300003,17.391852414000027],[102.12174954000005,17.390275639000038],[102.12272825000008,17.385849465000035],[102.12204654500005,17.38167091300005],[102.12222555800008,17.380575668000063],[102.12079673600005,17.37848292500007],[102.11950738900003,17.377856707000035],[102.11804202800005,17.376235204000068],[102.11817271400008,17.37531752800004],[102.11999317800007,17.37499546400005],[102.13140264000003,17.36930514200003],[102.13215674400004,17.36810828700004],[102.12912110600007,17.366991426000027],[102.12626600600004,17.366428855000038],[102.12543611400008,17.364229136000063],[102.12308978900006,17.363545028000033],[102.12148217200007,17.36402652000004],[102.11870375300003,17.361672960000078],[102.11681236000004,17.362499710000066],[102.11669418000008,17.361003682000046],[102.11612690900006,17.359861574000035],[102.11609477200005,17.357602671000052],[102.11509940800005,17.356850348000023],[102.11397600500004,17.352550075000067],[102.11381195900003,17.349502038000026],[102.11441923400008,17.346413390000066],[102.11433267800004,17.344820491000064],[102.11471430900008,17.341840369000067],[102.11540888400003,17.34170798300005],[102.11581714100004,17.34023342000006],[102.11674006700008,17.339986898000063],[102.11740200100007,17.33861508700005],[102.11388052500007,17.335094327000036],[102.11212531000007,17.334017655000025],[102.11086244000006,17.33393978400005],[102.11008765100007,17.332727870000042],[102.10783443800005,17.33304417000005],[102.10708945400006,17.332645330000048],[102.10713842300004,17.331623515000047],[102.11842034300008,17.322682988000054],[102.11741507200009,17.322059627000044],[102.11805204000007,17.318421138000076],[102.11890175000008,17.315687877000073],[102.12019733500006,17.31389239600003],[102.12103530500008,17.310889084000053],[102.12149906300004,17.310062235000032],[102.12100635100006,17.308784539000044],[102.12010978400008,17.309212093000042],[102.11905130700006,17.308205945000054],[102.11947909200006,17.307109551000053],[102.11904673300006,17.30622683400003],[102.12050985700006,17.306467377000047],[102.12103527500005,17.30745735100004],[102.12156420600007,17.30598347800003],[102.12044954100008,17.30547291700003],[102.12072742900006,17.304619889000037],[102.12231090300008,17.304274527000075],[102.12398743900008,17.304702083000052],[102.12597340000008,17.30428592100003],[102.12740975200006,17.304840170000034],[102.12724596100009,17.303145793000056],[102.12811093300007,17.30408380600005],[102.12985403000005,17.303817003000063],[102.13052101700004,17.302353346000075],[102.13230214700008,17.302061784000045],[102.13233504900006,17.30063955600002],[102.13501194900005,17.29994692400004],[102.13555204600004,17.299140916000056],[102.13616479400008,17.300123033000034],[102.13732949000007,17.299760691000074],[102.13904883500004,17.30111809500005],[102.14047526400009,17.300239111000053],[102.13998274100004,17.29921186000007],[102.14114813500004,17.30001861200003],[102.14078042100004,17.29760742600007],[102.13837335000005,17.27271426300007],[102.13878274700005,17.271201277000046],[102.13609410900006,17.269562862000043],[102.13162318100007,17.267334643000027],[102.12641486300004,17.264966569000023],[102.12012765900005,17.26228603900006],[102.11834648800004,17.26057296700003],[102.11548628500009,17.258389919000024],[102.11360360800006,17.257314157000053],[102.11305800800005,17.257694039000057],[102.11086576500009,17.254816281000046],[102.10703512500004,17.25297166300004],[102.10552539600008,17.251948107000032],[102.10476444000005,17.25052872400005],[102.10298925900008,17.250112242000057],[102.10113406300007,17.250303909000024],[102.09878602200007,17.249744985000063],[102.09672832600006,17.24964661000007],[102.09455806300008,17.24991867600005],[102.09310177200007,17.25079661700005],[102.09228516300004,17.249954651000053],[102.09267976200005,17.24820037300003],[102.09345020900008,17.247179637000045],[102.09420274200005,17.243736154000032],[102.09394413700005,17.24148236800005],[102.09411007900007,17.23918007900005],[102.09517967000005,17.237399277000065],[102.09629439500009,17.23392671700003],[102.10483012700007,17.230617349000056],[102.10575385400006,17.22933613400005],[102.10548656700007,17.22813047900007],[102.10248423900003,17.223111955000036],[102.10311629400007,17.221016591000023],[102.10402990600005,17.21955164600007],[102.10445133300004,17.215914342000076],[102.10525505800007,17.21524917100004],[102.10530609200003,17.21372187700007],[102.10687639900004,17.211067884000045],[102.10938618400007,17.209533261000047],[102.10916426600005,17.207423520000077],[102.11083265700006,17.207643854000025],[102.11183801300007,17.205866896000032],[102.11181671800006,17.204099546000066],[102.11227311900006,17.204100779000044],[102.11153042800004,17.20230491800004],[102.11181139600006,17.201950089000036],[102.11092165300005,17.19965587400003],[102.11013634700004,17.199326960000064],[102.11090571600005,17.19783439100007],[102.11394983300005,17.196346266000035],[102.11411500600008,17.19510173900005],[102.11497149400009,17.19420828600005],[102.11566879400004,17.19177353500004],[102.11706813700005,17.191185417000042],[102.11719870100006,17.19015702300004],[102.11830261500006,17.18991700500004],[102.12092059100007,17.188646645000063],[102.12132985700003,17.187969044000056],[102.12243591500004,17.187921493000033],[102.12314143600008,17.185390820000066],[102.12311286300007,17.18196352800004],[102.12469902200007,17.179731625000045],[102.12526008400005,17.179894065000042],[102.12562575500004,17.178751343000044],[102.12684868000008,17.17843904800003],[102.12704164200005,17.177493620000064],[102.12912130700005,17.176648095000076],[102.12944194800008,17.174015479000047],[102.13085357800009,17.172647034000022],[102.13243716400007,17.17247287200007],[102.13479309400009,17.172915060000037],[102.13519037500004,17.174007242000073],[102.13687280600004,17.174899415000027],[102.13804457300006,17.17620889400007],[102.13886429400009,17.175378739000053],[102.13994229800005,17.175954897000054],[102.14141087500008,17.176090164000072],[102.14206449400007,17.176700234000066],[102.14463731800004,17.174678423000046],[102.14787741500004,17.173936840000067],[102.14781358800008,17.172718931000077],[102.15044382900004,17.172992902000033],[102.15280884000003,17.17135220600005],[102.15439580700007,17.169723050000073],[102.15755645500008,17.16912426600004],[102.15829581800006,17.167295645000024],[102.16010319500003,17.16768875500003],[102.16176785200008,17.16753023600006],[102.16233188700005,17.16642848300006],[102.16202348600007,17.165788234000047],[102.16339453000006,17.165450459000056],[102.16532707800008,17.164453654000056],[102.16734667600008,17.164490297000043],[102.16753045600007,17.163418988000046],[102.16835115100008,17.164173977000075],[102.16981597100005,17.163907051000024],[102.17106770800007,17.165266451000036],[102.17301243400004,17.16552289200007],[102.17559088200005,17.166558767000026],[102.17745593700005,17.167669269000044],[102.17901170600004,17.166947165000067],[102.18064000900006,17.167563717000064],[102.18323790400007,17.164030874000048],[102.18510645000003,17.162699403000033],[102.18401368200006,17.16210318800006],[102.18489594900007,17.161485420000076],[102.18634625600004,17.16159599300005],[102.18595265700009,17.16018905100003],[102.18648746900004,17.159367992000057],[102.18822974700004,17.159699826000065],[102.19006914100004,17.15858647700003],[102.18991475200005,17.157654657000023],[102.19143138300007,17.15686011400004],[102.19108028800008,17.15555297000003],[102.19287167400006,17.153930299000024],[102.19325025800003,17.15465923200003],[102.19479533200007,17.153561469000067],[102.19634049400008,17.154224819000035],[102.19760906000005,17.15386381600007],[102.19875760200006,17.15461698200005],[102.19961517000007,17.154004506000035],[102.20114072300004,17.154015190000052],[102.20089671200009,17.154577677000077],[102.20220432800005,17.15456090500004],[102.20365511000006,17.15385578400003],[102.20453113100007,17.154077964000066],[102.20560640600007,17.15336405100004],[102.20591751600006,17.151956705000032],[102.20730075100005,17.151144231000046],[102.20852471900008,17.151655367000046],[102.20966272800007,17.15129950100004],[102.21028435500006,17.150475122000046],[102.21262781700005,17.15145450400007],[102.21424376000004,17.150848105000023],[102.21557680100005,17.151609757000074],[102.21719581400004,17.15064650100004],[102.21838124900006,17.151142011000047],[102.21882779400005,17.14954381900003],[102.22094519800004,17.148141873000043],[102.22171067900007,17.14817739800003],[102.22444596200006,17.14383243700007],[102.22445220500003,17.142820931000074],[102.22591669800005,17.14421853400006],[102.22655593500008,17.141786784000033],[102.22798881800009,17.141707920000044],[102.22879497200006,17.13971564900004],[102.22846660400006,17.138201383000023],[102.22739121800004,17.138165927000045],[102.22823962600006,17.137349406000055],[102.22907611300008,17.133468478000054],[102.22777226600004,17.133401479000042],[102.22755559400008,17.131916641000032],[102.22894892800008,17.131402207000065],[102.22967584300005,17.130315892000056],[102.23123412400008,17.13020417300004],[102.23123751400004,17.128406362000078],[102.23244843900005,17.128190620000055],[102.23322644900009,17.12895078100007],[102.23329735700008,17.12993502200004],[102.23672163300006,17.131240442000035],[102.23697240200005,17.13286438500006],[102.23783604300007,17.13506981000006],[102.23859706500008,17.13505024600005],[102.23915611200005,17.136612167000067],[102.24092611400005,17.137569489000043],[102.24170982400005,17.136997593000046],[102.24268481600006,17.137413528000025],[102.24438715900004,17.137110129000064],[102.24707408300009,17.13914813400004],[102.24676034300006,17.139902309000036],[102.24749313400008,17.141224941000075],[102.24866136600008,17.142051510000044],[102.24918092900003,17.143031372000053],[102.25173508400007,17.145173847000024],[102.25425911700006,17.146640538000042],[102.24992078200006,17.147306927000045],[102.24680541400005,17.149395997000056],[102.24170738800007,17.152370443000052],[102.24140492100008,17.153162321000025],[102.24236067000004,17.154803392000076],[102.24254121300004,17.157210896000038],[102.24328564300004,17.158057824000025],[102.24195140500007,17.16103384200005],[102.24197328000008,17.162004221000075],[102.24109125300004,17.163802755000063],[102.24171155200008,17.16590032700003],[102.24342236600006,17.167188734000035],[102.24568649300005,17.16633581600007],[102.24623003300007,17.168942788000038],[102.24680397500003,17.169530159000033],[102.24690018400008,17.171576638000033],[102.24748051900008,17.175180049000062],[102.24835007200005,17.178049206000026],[102.25173061600003,17.185390050000024],[102.25187687100004,17.186175926000033],[102.25043481100005,17.188228880000054],[102.25011395400008,17.18983700700005],[102.24767282900007,17.19126196600007],[102.24786430500006,17.19358632600006],[102.24505298800005,17.19817747600007],[102.24122697800004,17.200213716000064],[102.23955838500007,17.201443151000035],[102.24464918400008,17.20619480000005],[102.24552322400007,17.207335820000026],[102.24607710900005,17.209021388000053],[102.24762330200008,17.209537202000035],[102.24783903100007,17.210557167000047],[102.24979910200005,17.21184921400004],[102.25009630600005,17.213267581000025],[102.24954548700003,17.214227996000034],[102.25017936000006,17.216037373000063],[102.25363977200004,17.21779082000006],[102.25508939800005,17.217824837000023],[102.25575803400005,17.218832298000052],[102.25798365800006,17.219259471000044],[102.25777952700008,17.220138059000078],[102.25962295500005,17.220231183000067],[102.26050874600008,17.221340947000044],[102.26226186000008,17.22114527100007],[102.26409009800005,17.219728415000077],[102.26571563700008,17.22132871100007],[102.26643311000004,17.22084195700006],[102.26721356400009,17.221570824000025],[102.26790845500005,17.220821492000027],[102.26955080900007,17.22172173000007],[102.27103351500006,17.223115239000037],[102.27074301900007,17.223978084000066],[102.27235145800006,17.22515717500005],[102.27188881100005,17.226086835000046],[102.27314785500005,17.22606349800003],[102.27372079700007,17.227066878000073],[102.27492342600004,17.226919257000077],[102.27531463600008,17.22819195900007],[102.27542266700004,17.230941216000076],[102.27671397000006,17.231361054000047],[102.27782205300008,17.232913453000037],[102.27950187300007,17.233327102000032],[102.28108404400007,17.232605443000068],[102.28243414900004,17.231250775000035],[102.28501214400006,17.23286187700006],[102.28497538200008,17.234211233000053],[102.28372856400006,17.23366622100002],[102.28290957000007,17.234219437000036],[102.28349140900008,17.23497445600003],[102.28288109200008,17.235613819000037],[102.28148701600009,17.23572075100003],[102.28093869000008,17.237247547000038],[102.28029968200008,17.237209096000072],[102.27925816200008,17.239328485000044],[102.27842802800006,17.239982600000076],[102.27713528800007,17.242243078000058],[102.27816993500005,17.242707534000033],[102.27792933100005,17.243477657000028],[102.27870021500007,17.244881500000076],[102.27753915400007,17.24687257100004],[102.27545363900003,17.24623239600004],[102.27482069500007,17.247195262000048],[102.27452641200006,17.24998379300007],[102.27535131100007,17.25130974600006],[102.27718694200007,17.25144776600007],[102.27622197200009,17.25540327500005],[102.27557916400008,17.25591313500007],[102.27464435700006,17.25508681100007],[102.27429837900007,17.256362668000065],[102.27197886900007,17.257011593000072],[102.27074738600004,17.25780850500007],[102.27174251100007,17.258354229000076],[102.27105339700006,17.25899477400003],[102.27281954200004,17.259138117000077],[102.27253254200008,17.260200809000025],[102.27367235900005,17.261986937000074],[102.27322324800008,17.262626081000064],[102.27415247400006,17.264074337000068],[102.27531380700003,17.26743454500007],[102.27530425700007,17.269235191000064],[102.27472571700008,17.270636955000043],[102.27283619800005,17.272396212000046],[102.27226387900004,17.273508667000044],[102.27129270300009,17.273236346000033],[102.27134657200008,17.274378263000074],[102.27063315500004,17.27677205300006],[102.26991176200005,17.276657809000028],[102.26994818000009,17.277906802000075],[102.26883139100005,17.277931882000075],[102.26906891800007,17.279244965000032],[102.26824511700005,17.279716325000038],[102.26831065100004,17.280763062000062],[102.26752067900009,17.282278012000063],[102.26633640600005,17.283243239000058],[102.26464377900004,17.283179076000067],[102.26445374900004,17.284186540000064],[102.26324074200005,17.284616477000043],[102.26351072800009,17.285660206000045],[102.26260374000009,17.28641488200003],[102.26296310600009,17.287200485000028],[102.26186789400003,17.287601636000034],[102.26139080600007,17.28956038900003],[102.26026040900007,17.290543308000053],[102.25804973100009,17.291461879000053],[102.25596823900008,17.294456264000075],[102.25603165800004,17.295887355000048],[102.25379949400008,17.29976619200005],[102.25424134300005,17.30085459000003],[102.25377195800007,17.301628292000032],[102.25413165000003,17.302783760000068],[102.25298127100007,17.30448870400005],[102.24970970100009,17.30684711200007],[102.24942494200008,17.308848647000048],[102.24877631300006,17.310197817000073],[102.24659250000008,17.31265769600003],[102.24479015900005,17.31372676700005],[102.24180675300005,17.31213019200004],[102.24039263700007,17.312643794000053],[102.23986322000007,17.316040324000028],[102.23842504700008,17.31970066200006],[102.23818617100005,17.32135841400003],[102.23686580100008,17.32308826800005],[102.23618404700005,17.326544239000043],[102.23703806100008,17.328953544000058],[102.23822490400005,17.329335178000065],[102.23792262200004,17.33014160700003],[102.23860660400004,17.33135893900004],[102.24054335300008,17.332251834000033],[102.24104187800003,17.334598947000075],[102.24220955100009,17.33605665700003],[102.24062281600004,17.339177662000054],[102.23821829600007,17.34260620300006],[102.23892352200005,17.343947745000037],[102.24018880800008,17.344606604000035],[102.24275939400007,17.344044308000036],[102.24350154200005,17.343107458000077],[102.24448018000004,17.343288361000077],[102.24553737800005,17.34221283000005],[102.24746698400008,17.342246227000032],[102.24837902800004,17.34051968800003],[102.25053015300006,17.338717119000023],[102.25052696800009,17.335059324000042],[102.25357960200006,17.33265342900006],[102.26910891600005,17.313502197000048],[102.27204822000004,17.312761135000073],[102.27408660900005,17.312886080000055],[102.27569703500006,17.311801166000066],[102.27740958700008,17.311996512000064],[102.28181628200008,17.311410523000063],[102.28275810500008,17.310923268000067],[102.28403989000009,17.30849262600003],[102.28528343800008,17.308335551000027],[102.28682056600007,17.309028659000035],[102.28766590400005,17.311801238000044],[102.28865875200006,17.312277793000078],[102.29034088700007,17.31406776500006],[102.29182383800008,17.316331946000048],[102.29313059400005,17.316771061000054],[102.29530678500004,17.31645648600005],[102.29862916600007,17.31735155800004],[102.30138935400004,17.319155629000022],[102.30213372100008,17.319042962000026],[102.30334771300005,17.320143151000025],[102.30413155500008,17.32014583700004],[102.30665308500005,17.32121753800004],[102.30686104900008,17.322232043000042],[102.30807465100008,17.32240075800007],[102.30863322700009,17.323349268000072],[102.31013594000007,17.322982738000064],[102.31213099900003,17.32304018900004],[102.31328377900007,17.324702846000037],[102.31276043800005,17.32658525900007],[102.31343293200007,17.326868595000064],[102.31318963100006,17.328270993000046],[102.31364593700005,17.328860359000032],[102.31512694000008,17.328550067000037],[102.31688802600007,17.330646485000045],[102.31719982200008,17.333248000000026],[102.31657560500008,17.333399782000072],[102.31690749100005,17.334701727000038],[102.32056878300006,17.335783465000077],[102.32298232900007,17.33727168300004],[102.32351830400006,17.339394081000023],[102.32481207400008,17.340090063000048],[102.32653820700006,17.340148852000027],[102.32863071100007,17.342404416000022],[102.33012568600009,17.34225570800004],[102.33008118600009,17.34363612100003],[102.33094787100003,17.34419245400005],[102.33091422300004,17.345227969000064],[102.33178621400003,17.346104688000025],[102.33129967600007,17.346918164000044],[102.33264721300009,17.34685322100006],[102.33360665700008,17.349215142000048],[102.33678559100008,17.352871566000033],[102.33638911100007,17.353320672000052],[102.33820981500008,17.355796490000046],[102.33696431300007,17.356103725000025],[102.33813485200005,17.35974555400003],[102.33887499000008,17.35949238300003],[102.33905538600004,17.36211270700005],[102.33991112100006,17.362744976000045],[102.33895482000008,17.363459354000042],[102.33957608800006,17.36379831000005],[102.33854715600006,17.364718868000068],[102.33922303700007,17.365600845000074],[102.33826391500008,17.36707377700003],[102.33806230900007,17.36875174200003],[102.33695294900008,17.372011206000025],[102.33817382100005,17.374329101000058],[102.33733661400004,17.37464782400002],[102.33765174200005,17.37560121300004],[102.33942862200007,17.377979882000034],[102.33872138000004,17.37864098400007],[102.34067022500005,17.379466165000053],[102.34271727200007,17.37533852100006],[102.34207953500004,17.373553623000078],[102.34273036800005,17.372358555000062],[102.34447782000007,17.371149580000065],[102.34719391500005,17.368386887000042],[102.34829134400007,17.36564119600007],[102.34985307400007,17.365276437000034],[102.35052243400008,17.364301517000058],[102.35218917000009,17.363409945000058],[102.35288965200004,17.361541831000068],[102.35439778800009,17.361798091000026],[102.35488106400004,17.360696423000036],[102.35620498900005,17.359643644000073],[102.35798322200009,17.36000199500006],[102.35904294500006,17.357982922000076],[102.36024894900004,17.358236478000038],[102.36124074800006,17.356053214000042],[102.36185611200005,17.356038864000027],[102.36321481300007,17.353439354000045],[102.36624556900006,17.35324253600004],[102.36686420900008,17.35234016800007],[102.36806787000006,17.351841578000062],[102.36906233900004,17.349352276000047],[102.37174643700007,17.348180221000064],[102.37246016400007,17.34898270900004],[102.37369182000003,17.34933280000007],[102.37507119200006,17.348340197000027],[102.37844412600003,17.37371371000006],[102.37985510700008,17.384565547000022],[102.38127834700003,17.38415082800003],[102.38233706000005,17.384350685000072],[102.38349107100004,17.38325029400005],[102.38512329400004,17.383567552000045],[102.38741012600008,17.382077566000078],[102.38901402500005,17.382553305000044],[102.39159019500005,17.381868415000042],[102.39428135000009,17.379994374000034],[102.39665207000007,17.380482889000064],[102.39994772900008,17.382724547000066],[102.40146578700006,17.382320458000038],[102.40304519000006,17.382854688000066],[102.40459216900007,17.382486205000077],[102.40608519300008,17.38150171500007],[102.40657168000007,17.380485631000056],[102.40808044400006,17.375380293000035],[102.41011898000005,17.374150949000068],[102.41258279600004,17.374633387000074],[102.41386582200005,17.375393461000044],[102.41613160800006,17.374496744000055],[102.42118316300008,17.375820901000054]]]},"properties":{"Shape_Leng":2.06294490614,"Shape_Area":0.0567036592783,"ADM2_EN":"Na Klang","ADM2_TH":"นากลาง","ADM2_PCODE":"TH3902","ADM1_EN":"Nong Bua Lam Phu","ADM1_TH":"หนองบัวลำภู","ADM1_PCODE":"TH39","ADM0_EN":"Thailand","ADM0_TH":"ประเทศไทย","ADM0_PCODE":"TH"}},
{"type":"Feature","geometry":{"type":"Polygon","coordinates":[[[102.38505925200008,16.92641647100004],[102.38533783100007,16.924458204000075],[102.38491618800003,16.923866174000068],[102.38404984900006,16.92431923600003],[102.38199718700008,16.921459239000058],[102.38206234000006,16.92019838400006],[102.38402600400008,16.91812125900003],[102.38339321200004,16.916926835000027],[102.38294795600007,16.917445704000045],[102.38267660900004,16.915019461000043],[102.38134588100007,16.915553333000048],[102.38140915000008,16.916229500000043],[102.38032919400007,16.916124686000046],[102.38125886800003,16.914207127000054],[102.38211701400007,16.913716000000022],[102.38055922500007,16.912862843000028],[102.37977203900004,16.911577574000034],[102.37653581000006,16.91196838700006],[102.37673605300006,16.910106411000072],[102.37747751400008,16.909989960000075],[102.37753127500008,16.908906755000032],[102.37675720400006,16.909074023000073],[102.37450196500004,16.907558762000065],[102.37512912900007,16.906812340000045],[102.37481032100004,16.905771918000028],[102.37745399300007,16.904508478000025],[102.37832739900006,16.90591977300005],[102.37864912300006,16.905225834000078],[102.37761976500008,16.902853536000066],[102.37764304000007,16.90123502600005],[102.37909791600003,16.90162378200006],[102.37798323500004,16.899412161000043],[102.37716062200008,16.898975523000047],[102.37669003900004,16.89959774500005],[102.37581071600005,16.898873905000073],[102.37677079400004,16.898625468000034],[102.37735928100005,16.897037065000063],[102.37410143800008,16.896987215000024],[102.37390226100007,16.896445094000057],[102.37500824100005,16.895101917000034],[102.37578093900004,16.894985906000045],[102.37554564200008,16.893235310000023],[102.37625139600004,16.892444598000054],[102.37443434400006,16.89214465500004],[102.37426740300003,16.88912093700003],[102.37476831900005,16.888135103000025],[102.37452093800005,16.88698485900005],[102.37342593500006,16.887828069000022],[102.37266684400004,16.88742258600007],[102.37396811500008,16.886079247000055],[102.37217817300007,16.88478771800004],[102.37301924300004,16.884113201000048],[102.37193157100006,16.883267359000058],[102.37022641700008,16.883305733000043],[102.36985096600006,16.88196347300004],[102.37052522500005,16.881322757000078],[102.37053367800007,16.87967487800006],[102.36909480300005,16.879784323000024],[102.36778718400006,16.877624273000038],[102.36789959500004,16.876439652000045],[102.36954139300008,16.875979271000062],[102.37488055700004,16.87549523200005],[102.37625905700008,16.874680975000047],[102.37643196100004,16.875379209000073],[102.37799436300008,16.87566544500004],[102.37952343400008,16.874740143000054],[102.37806745400007,16.874233850000053],[102.37813687600004,16.873454292000076],[102.37913180500004,16.872845745000063],[102.37730858600008,16.871539234000068],[102.37733570900008,16.869083689000036],[102.37869653900003,16.86885690300005],[102.37896687000006,16.867021084000044],[102.38117013600004,16.865015976000052],[102.38134827500005,16.864066921000074],[102.38372219400009,16.863988004000078],[102.38407007300003,16.86314296000006],[102.38292114800004,16.862548090000075],[102.38345748200004,16.861507162000066],[102.38386080300006,16.862124291000043],[102.38617683200005,16.86173492100005],[102.38570068300004,16.860807505000025],[102.38651013300006,16.859799890000033],[102.38634141600005,16.85804670600004],[102.38891514600004,16.854563288000065],[102.38997620700007,16.852853855000035],[102.39969139100003,16.835226926000075],[102.40212980400008,16.829363477000072],[102.40384836900006,16.825665666000077],[102.40530236700005,16.820661793000056],[102.40548855000009,16.817667992000054],[102.40516123100008,16.815266877000056],[102.40428671000006,16.811503377000065],[102.40440861900004,16.806830277000074],[102.40533263500004,16.803574844000025],[102.40492076400005,16.802505948000032],[102.40649378700004,16.801760573000024],[102.40777951500007,16.80366431300007],[102.40854331100007,16.804215980000038],[102.41003974600005,16.80363905400003],[102.41227747100004,16.804271510000035],[102.41432240200004,16.804250337000042],[102.41513907600006,16.80512032000007],[102.41618954400008,16.80439164300003],[102.41630398900008,16.803644375000033],[102.41541469600008,16.79810014900005],[102.41477349900003,16.794923769000036],[102.41592535700005,16.79391633800003],[102.41727043100008,16.79381249100004],[102.41989634500004,16.794921229000067],[102.42205097500005,16.79323333900004],[102.42382561800008,16.793900308000048],[102.42443688400004,16.793026259000044],[102.42460723200008,16.79154415200003],[102.42665751300007,16.79100763300005],[102.42864782200007,16.79106353000003],[102.42886379000004,16.788999039000032],[102.43118424200009,16.788018158000057],[102.43291169900004,16.78508817000005],[102.43329384600008,16.783686197000065],[102.43438722000008,16.78347947900005],[102.43647678600007,16.784818014000052],[102.43829448000008,16.787206259000072],[102.43859608400004,16.788653471000032],[102.43773232600006,16.791430048000052],[102.43770722400006,16.793550132000064],[102.43877603700008,16.79490087100004],[102.44136163800005,16.794584456000052],[102.44288294200004,16.793772870000055],[102.44442824400005,16.79079139600003],[102.44545679500004,16.789335012000038],[102.44753497900007,16.789016054000058],[102.45000398800005,16.790148010000053],[102.45236829000004,16.793300121000073],[102.45327970400007,16.795265865000033],[102.45388251300005,16.798128733000055],[102.45444156400004,16.803923577000035],[102.45508690100007,16.806862500000022],[102.45752159400007,16.808434976000058],[102.45936547800005,16.808541688000048],[102.46098118000003,16.80798521400004],[102.46475331400006,16.804520655000033],[102.46931506400006,16.801361343000053],[102.47198591200004,16.800070945000073],[102.47474518300004,16.799535803000026],[102.47847760300004,16.799866118000068],[102.48082806700006,16.800463962000038],[102.48515851800005,16.802094999000076],[102.48944110100007,16.803310633000024],[102.49296313600007,16.80396790100002],[102.49647144300008,16.803875068000025],[102.50278897300007,16.801946668000028],[102.50780784500006,16.799284236000062],[102.51417620000007,16.795357786000068],[102.51951417700008,16.79299965000007],[102.52513690100005,16.790213075000054],[102.53623546600005,16.785301421000042],[102.53942463900006,16.784012003000043],[102.54309473300003,16.782860982000045],[102.54973593400007,16.78128064400005],[102.56459562600008,16.778801720000047],[102.57281500600004,16.777836696000065],[102.58018760200008,16.77670816400007],[102.58820756600005,16.775142738000056],[102.59678326700003,16.77325151900004],[102.60539778400005,16.772022966000065],[102.60801962800008,16.77215413400006],[102.61070722900007,16.77369797500006],[102.61517283800003,16.779613169000072],[102.61328028300005,16.783262198000045],[102.61217221200008,16.786841735000053],[102.61228624600005,16.790127304000066],[102.61276438300007,16.79462440700007],[102.61424290200006,16.802027285000065],[102.61471235700009,16.810447199000066],[102.61587497300007,16.814801231000047],[102.61667733300004,16.819718516000023],[102.61826655900006,16.824532126000065],[102.61871775800006,16.827544600000067],[102.62115085500005,16.83394042200007],[102.62194486200008,16.836503668000034],[102.62481917600007,16.84339817800003],[102.62568110100005,16.84592389000005],[102.62728083900004,16.84883886600005],[102.63063529700008,16.859261507000042],[102.63115192300006,16.859821570000065],[102.63214313800006,16.862323599000035],[102.63328398600004,16.864263575000052],[102.63473716400006,16.867714930000034],[102.63617303400008,16.87254306400007],[102.63823973500007,16.876886471000034],[102.63927655900005,16.87995551100005],[102.64126076100007,16.88384172900004],[102.64253439100008,16.886702542000023],[102.64413655900006,16.88960085700006],[102.64786546900007,16.895282585000075],[102.64818198300009,16.896155157000067],[102.64976226600004,16.897884316000045],[102.65091683300005,16.900857080000037],[102.65299412300004,16.90456862800005],[102.65403294700008,16.90754936700006],[102.65538899600006,16.909063554000056],[102.65706182100007,16.91198509000003],[102.65830893700007,16.914660839000078],[102.66155155200005,16.92066556900005],[102.66253259500007,16.92181021600004],[102.66535775500006,16.926561736000053],[102.66815253000004,16.933291721000046],[102.67045798900006,16.938423775000047],[102.67313558900008,16.94736720800006],[102.67433801300007,16.949880544000052],[102.67681854100005,16.953971012000068],[102.67794613700005,16.960400754000034],[102.67896206800003,16.962994009000056],[102.67915261600007,16.96900468000007],[102.67832414900005,16.971468267000034],[102.67723426400005,16.973545112000068],[102.67412667600007,16.98101395300006],[102.67045233700009,16.99084195100005],[102.66970640000005,16.993461841000055],[102.66673306700005,16.994972965000045],[102.66383162200003,16.996815839000078],[102.66136252400008,16.99743961100006],[102.65601651200006,16.998065162000046],[102.65367831600008,16.998679911000067],[102.65124068400007,16.998931051000056],[102.64836961600008,17.000118170000064],[102.63987220300004,17.005434967000042],[102.63539695700007,17.008595998000033],[102.63405547100007,17.00981484600004],[102.62821300600007,17.014471557000036],[102.62538504800006,17.016852517000075],[102.61389372500008,17.024552389000064],[102.60908404600008,17.027428862000022],[102.60808673700006,17.027620854000077],[102.60080479000004,17.031278987000064],[102.59422932900009,17.034114730000056],[102.59239017500005,17.03468196600005],[102.58611538200006,17.03706150100004],[102.57938673500007,17.04081631100007],[102.57334208700007,17.03244292100004],[102.56775424300008,17.030275722000056],[102.55896738900009,17.02204259000007],[102.54573576700005,17.014920620000055],[102.54539753400007,17.01326178900007],[102.54350677400004,17.01350956300007],[102.54327803800004,17.01646073200004],[102.54190734300005,17.01729584900005],[102.54014684900005,17.019416980000074],[102.53882732000005,17.018820504000075],[102.53710454600008,17.019830542000022],[102.53300128600006,17.018210432000046],[102.53219163500006,17.01909193800003],[102.53116776000007,17.018688801000053],[102.53004847900007,17.017312867000044],[102.52865219800003,17.017303828000024],[102.52543671900008,17.016066298000055],[102.52464006100007,17.01599643800006],[102.52463960500006,17.014218794000044],[102.52233909900008,17.013635288000046],[102.52236646900008,17.012213686000052],[102.52151518600004,17.012305741000034],[102.51663866100006,17.01140661900007],[102.51383919200003,17.010734798000044],[102.51369061200006,17.011054952000052],[102.51117601500005,17.010178246000066],[102.51136800900008,17.009459890000073],[102.51038444600005,17.00933554900007],[102.51033391200008,17.00717455700004],[102.50813980200007,17.00687623400006],[102.50736981900008,17.00605872600005],[102.50624057300007,17.00363329100003],[102.50456249700005,17.003982931000053],[102.50310359600007,17.002343627000073],[102.49999751100006,16.99986494600006],[102.49561685400005,17.00786051500006],[102.49464838900008,17.00979572400007],[102.49286116400003,17.01205073500006],[102.49131121000005,17.01559979800004],[102.49014279400006,17.017358028000046],[102.48781648000005,17.01967836600005],[102.48669661400004,17.02135201300007],[102.48344986000006,17.02463005000004],[102.47900524700003,17.026884752000058],[102.47835900900009,17.02663067700007],[102.47374147700003,17.028087819000064],[102.47112404400008,17.028477318000057],[102.47023846200005,17.028313240000045],[102.46875183400005,17.027244513000028],[102.46518723300005,17.02646493800006],[102.46300469800008,17.026411453000037],[102.46191880300006,17.02598656400005],[102.45515037300004,17.020633392000036],[102.45366155500005,17.01906569600004],[102.45086363100006,17.016676723000046],[102.44819521800008,17.014850264000074],[102.44704300400008,17.013286755000024],[102.44596292700004,17.01244178500002],[102.44364056300009,17.008631887000035],[102.44053163700005,17.005343410000023],[102.43905351200004,17.00301833000003],[102.43818387100004,17.001026401000047],[102.43565549100003,16.998194196000043],[102.43509280500007,16.99635054400005],[102.43342223700006,16.994644960000073],[102.43220468600003,16.992919937000067],[102.42954846200007,16.984114369000054],[102.42974529800006,16.98060839900006],[102.42927360800007,16.97784782900004],[102.42846737400004,16.97627673100004],[102.42468147300008,16.971446854000078],[102.42349772300008,16.969371625000065],[102.42156179700004,16.965312319000077],[102.42074975800006,16.96300651400003],[102.42046015000005,16.959673618000068],[102.41937367200006,16.954031688000043],[102.41843001800004,16.952045601000066],[102.41784272100006,16.948401818000036],[102.41590166200007,16.942435852000074],[102.41582756200006,16.937519894000047],[102.41346553700004,16.931525367000063],[102.41234542400008,16.92611522900006],[102.41240456500009,16.923574209000037],[102.40829633000004,16.919496852000066],[102.40667452300005,16.917385867000064],[102.40443363900005,16.917561298000066],[102.40350574600006,16.91810924600003],[102.40262584200008,16.91949168900004],[102.40129964500005,16.920659670000077],[102.40148915900005,16.921504792000064],[102.39787736700004,16.926554914000064],[102.39666763100007,16.92743056000006],[102.38922096800007,16.929254877000062],[102.38715584300007,16.92862414500007],[102.38699924600007,16.927210005000063],[102.38505925200008,16.92641647100004]]]},"properties":{"Shape_Leng":1.13357451112,"Shape_Area":0.0557755327787,"ADM2_EN":"Non Sang","ADM2_TH":"โนนสัง","ADM2_PCODE":"TH3903","ADM1_EN":"Nong Bua Lam Phu","ADM1_TH":"หนองบัวลำภู","ADM1_PCODE":"TH39","ADM0_EN":"Thailand","ADM0_TH":"ประเทศไทย","ADM0_PCODE":"TH"}},
{"type":"Feature","geometry":{"type":"Polygon","coordinates":[[[102.25425911700006,17.146640538000042],[102.25173508400007,17.145173847000024],[102.24918092900003,17.143031372000053],[102.24866136600008,17.142051510000044],[102.24749313400008,17.141224941000075],[102.24676034300006,17.139902309000036],[102.24707408300009,17.13914813400004],[102.24438715900004,17.137110129000064],[102.24268481600006,17.137413528000025],[102.24170982400005,17.136997593000046],[102.24092611400005,17.137569489000043],[102.23915611200005,17.136612167000067],[102.23859706500008,17.13505024600005],[102.23783604300007,17.13506981000006],[102.23697240200005,17.13286438500006],[102.23672163300006,17.131240442000035],[102.23329735700008,17.12993502200004],[102.23322644900009,17.12895078100007],[102.23244843900005,17.128190620000055],[102.23123751400004,17.128406362000078],[102.23123412400008,17.13020417300004],[102.22967584300005,17.130315892000056],[102.22894892800008,17.131402207000065],[102.22755559400008,17.131916641000032],[102.22777226600004,17.133401479000042],[102.22907611300008,17.133468478000054],[102.22823962600006,17.137349406000055],[102.22739121800004,17.138165927000045],[102.22846660400006,17.138201383000023],[102.22879497200006,17.13971564900004],[102.22798881800009,17.141707920000044],[102.22655593500008,17.141786784000033],[102.22591669800005,17.14421853400006],[102.22445220500003,17.142820931000074],[102.22444596200006,17.14383243700007],[102.22171067900007,17.14817739800003],[102.22094519800004,17.148141873000043],[102.21882779400005,17.14954381900003],[102.21838124900006,17.151142011000047],[102.21719581400004,17.15064650100004],[102.21557680100005,17.151609757000074],[102.21424376000004,17.150848105000023],[102.21262781700005,17.15145450400007],[102.21028435500006,17.150475122000046],[102.20966272800007,17.15129950100004],[102.20852471900008,17.151655367000046],[102.20730075100005,17.151144231000046],[102.20591751600006,17.151956705000032],[102.20560640600007,17.15336405100004],[102.20453113100007,17.154077964000066],[102.20365511000006,17.15385578400003],[102.20220432800005,17.15456090500004],[102.20089671200009,17.154577677000077],[102.20114072300004,17.154015190000052],[102.19961517000007,17.154004506000035],[102.19875760200006,17.15461698200005],[102.19760906000005,17.15386381600007],[102.19634049400008,17.154224819000035],[102.19479533200007,17.153561469000067],[102.19325025800003,17.15465923200003],[102.19287167400006,17.153930299000024],[102.19108028800008,17.15555297000003],[102.19143138300007,17.15686011400004],[102.18991475200005,17.157654657000023],[102.19006914100004,17.15858647700003],[102.18822974700004,17.159699826000065],[102.18648746900004,17.159367992000057],[102.18595265700009,17.16018905100003],[102.18634625600004,17.16159599300005],[102.18489594900007,17.161485420000076],[102.18401368200006,17.16210318800006],[102.18510645000003,17.162699403000033],[102.18323790400007,17.164030874000048],[102.18064000900006,17.167563717000064],[102.17901170600004,17.166947165000067],[102.17745593700005,17.167669269000044],[102.17559088200005,17.166558767000026],[102.17301243400004,17.16552289200007],[102.17106770800007,17.165266451000036],[102.16981597100005,17.163907051000024],[102.16835115100008,17.164173977000075],[102.16753045600007,17.163418988000046],[102.16734667600008,17.164490297000043],[102.16532707800008,17.164453654000056],[102.16339453000006,17.165450459000056],[102.16202348600007,17.165788234000047],[102.16233188700005,17.16642848300006],[102.16176785200008,17.16753023600006],[102.16010319500003,17.16768875500003],[102.15829581800006,17.167295645000024],[102.15755645500008,17.16912426600004],[102.15439580700007,17.169723050000073],[102.15280884000003,17.17135220600005],[102.15044382900004,17.172992902000033],[102.14781358800008,17.172718931000077],[102.14787741500004,17.173936840000067],[102.14463731800004,17.174678423000046],[102.14206449400007,17.176700234000066],[102.14141087500008,17.176090164000072],[102.13994229800005,17.175954897000054],[102.13886429400009,17.175378739000053],[102.13804457300006,17.17620889400007],[102.13687280600004,17.174899415000027],[102.13519037500004,17.174007242000073],[102.13479309400009,17.172915060000037],[102.13243716400007,17.17247287200007],[102.13085357800009,17.172647034000022],[102.12944194800008,17.174015479000047],[102.12912130700005,17.176648095000076],[102.12704164200005,17.177493620000064],[102.12684868000008,17.17843904800003],[102.12562575500004,17.178751343000044],[102.12526008400005,17.179894065000042],[102.12469902200007,17.179731625000045],[102.12311286300007,17.18196352800004],[102.11888403900008,17.179943881000042],[102.11581986200008,17.17769129800007],[102.11362583500005,17.17679086800007],[102.10835709700007,17.176070197000058],[102.10518126000005,17.176195497000037],[102.10407180200008,17.177330511000036],[102.10182495400005,17.178167037000037],[102.09953372900009,17.17955844000005],[102.09961922700006,17.17632003400007],[102.09906654400004,17.174785563000057],[102.09747138200004,17.17261201100007],[102.09585173800008,17.172816862000047],[102.09464328900003,17.17239234400006],[102.09364146200005,17.17140084700003],[102.09195528900005,17.170806583000058],[102.08758160100007,17.169820741000024],[102.08708631300004,17.16797269400007],[102.08497498400004,17.164382083000078],[102.07842662100006,17.163906695000037],[102.07578510400003,17.163276659000076],[102.07109444200006,17.16182077800005],[102.06794666000008,17.16221494000007],[102.06481133300008,17.163076672000045],[102.06318267600005,17.16423922000007],[102.06164723700005,17.16582342600003],[102.05986397900006,17.166816992000065],[102.05517811500005,17.17048697000007],[102.05419896000006,17.171590996000077],[102.04936717400005,17.17072221500007],[102.04314643600009,17.167693325000073],[102.04265503500005,17.167222561000074],[102.04324028900004,17.16531258400005],[102.04422135600004,17.164276160000043],[102.04410876300005,17.162768028000073],[102.04437613500005,17.160165561000042],[102.04396446700008,17.159507934000032],[102.04268066300006,17.15966289200003],[102.04238910800007,17.15903597600004],[102.04269575000006,17.156757080000034],[102.04161603200004,17.155118205000065],[102.04104192700004,17.153456583000036],[102.04080472900006,17.15108990300007],[102.03906237000007,17.150494673000026],[102.03766422900009,17.15101616100003],[102.03536540500005,17.149593517000028],[102.03402781400007,17.148177102000034],[102.03485169900006,17.146472177000078],[102.03626452100008,17.146001014000035],[102.03530252000007,17.145639437000057],[102.03685954500008,17.143482978000065],[102.03631885000004,17.14325601300004],[102.03642551800004,17.14183617200007],[102.03767599500009,17.140882188000035],[102.03744686100003,17.138247054000033],[102.03857922000009,17.138581438000074],[102.03826026100006,17.136909441000057],[102.03889572500003,17.137136999000063],[102.03989337800004,17.135478696000064],[102.04111406900006,17.134811530000036],[102.04136244400007,17.134040755000058],[102.04254129000009,17.134194345000026],[102.04369536700005,17.13288379000005],[102.04437187700006,17.134605554000075],[102.04617058000008,17.135475420000034],[102.04744297700006,17.13442178400004],[102.04859519100006,17.13406098400003],[102.04847632200006,17.133425075000048],[102.05088398700008,17.13333093500006],[102.05059919400009,17.131717682000044],[102.05216719200007,17.12995404800006],[102.05179839000004,17.128628138000067],[102.05198143500007,17.12738801000006],[102.05295588000007,17.127470989000074],[102.05321475600005,17.12622553700004],[102.05380114800005,17.12697421300004],[102.05554660600006,17.12661507000007],[102.05720290800008,17.125855191000028],[102.05779695600006,17.123866040000053],[102.05903729500005,17.123963240000023],[102.05919164200009,17.122803042000044],[102.06038590400004,17.12116263100006],[102.06158023000006,17.12109301600003],[102.06146687700004,17.120298380000065],[102.06259897500007,17.119798485000047],[102.06289452500005,17.12054521500005],[102.06436098000006,17.120079833000034],[102.06614480400003,17.12122295000006],[102.06570994500004,17.119664065000052],[102.06681294400005,17.119403126000066],[102.06649889200008,17.11852588200003],[102.06778468700008,17.118158496000035],[102.06722410000003,17.11717782200003],[102.06848143200006,17.11630134400002],[102.06871499000005,17.11505737400006],[102.07113990600004,17.11429669200004],[102.07270100400007,17.111894045000042],[102.07514565300005,17.112123393000047],[102.07439924600004,17.111257022000075],[102.07528898300006,17.11057342400005],[102.07680813500008,17.11140160700006],[102.07712563200005,17.113161641000033],[102.07833401100004,17.113233859000047],[102.07928961400006,17.113929037000048],[102.07993530600004,17.113564350000047],[102.07980743400009,17.11199774000005],[102.08173791800004,17.112770543000067],[102.08319111700007,17.111976396000045],[102.08385488500005,17.113066713000023],[102.08578905700006,17.113705418000052],[102.08659290200006,17.113291101000073],[102.08677229000006,17.114407672000027],[102.08718427400004,17.112610113000073],[102.08775832000003,17.11206906500007],[102.08892277700005,17.112572252000064],[102.08995773600009,17.110209351000037],[102.09108806400008,17.109301639000023],[102.09123463800006,17.107391106000023],[102.09078618700005,17.10724648200005],[102.09126249200006,17.104443288000027],[102.09241936900008,17.102620425000055],[102.09532539800006,17.103163030000076],[102.09537899300005,17.102486467000062],[102.09718135300005,17.10251929900005],[102.09836085600006,17.100377778000052],[102.09916616900006,17.099938872000052],[102.10052404900006,17.10110344000003],[102.10061126300008,17.099969590000057],[102.09966234600006,17.09825515800003],[102.09992820000008,17.09664857200005],[102.09962250500007,17.094899740000074],[102.10033779700007,17.09424136800004],[102.10044266900007,17.093107247000034],[102.09933194700005,17.092286201000036],[102.10029078000008,17.091947187000073],[102.10065655600005,17.090751515000022],[102.10139830200006,17.091076731000044],[102.10064891400003,17.089022605000025],[102.10124961500009,17.08778604200006],[102.09997068800004,17.08770935800004],[102.10197371300006,17.08617952900005],[102.10139023900007,17.084632670000076],[102.10298828700007,17.085048467000036],[102.10429299600008,17.08392852700007],[102.10560726700004,17.08089873700004],[102.10429731000005,17.07859008500003],[102.10341252800004,17.078490385000066],[102.10387400700006,17.077737271000046],[102.10265171000003,17.077431803000025],[102.10310191600007,17.076976150000064],[102.10171107100007,17.076446760000067],[102.10091152000007,17.07518066600005],[102.10155658500008,17.074581892000026],[102.10304879100005,17.07474449700004],[102.10256273400006,17.072499658000027],[102.10147766200004,17.072034943000062],[102.10248961900004,17.07181702200006],[102.10249085000004,17.070289520000074],[102.10163759500006,17.070313906000024],[102.10148042000009,17.069353670000055],[102.10236877900007,17.069494390000045],[102.10174462900005,17.067463280000027],[102.10392327200009,17.065262603000065],[102.10452925000004,17.065683677000038],[102.10527531400004,17.064519920000066],[102.10637277900008,17.064757926000027],[102.10605999500007,17.06160017600007],[102.10754595900005,17.062223634000077],[102.10990105200005,17.061648572000024],[102.10930113900008,17.060729235000053],[102.11136849800005,17.060616982000056],[102.11294493000008,17.059771858000033],[102.11286181700007,17.059253305000027],[102.11405239300007,17.058123703000035],[102.11515051400005,17.05839105900003],[102.11686582900006,17.057401672000026],[102.11741749500004,17.057666700000027],[102.11900903100008,17.05716689600007],[102.12017840600004,17.05753029300007],[102.11968265300004,17.056650396000066],[102.12030998900008,17.054729500000064],[102.12112157200005,17.054000850000023],[102.12003256900005,17.053885790000038],[102.12036328100004,17.052439579000065],[102.12121496300006,17.05192560200004],[102.12216353800005,17.052843933000077],[102.12260046400007,17.04927102000005],[102.12345171400005,17.04909828600006],[102.12301318100003,17.048179434000076],[102.12395266600004,17.04663012700007],[102.12570374800003,17.045638030000077],[102.12499904600008,17.044944890000068],[102.12568724700009,17.04409757800005],[102.12484364100004,17.04391921100006],[102.12548063600008,17.041287356000055],[102.12700553000008,17.040612150000072],[102.12878734400005,17.04092154500006],[102.12948023100006,17.03855587700002],[102.13015990800005,17.037408913000036],[102.13204898400005,17.037578963000044],[102.13223802700008,17.036133472000074],[102.13299516700005,17.03607346000007],[102.13311518200004,17.03715390600007],[102.13501602400004,17.036295642000027],[102.13489973600008,17.035439217000032],[102.13658399600007,17.03498369400006],[102.13911572800004,17.03501400500005],[102.14040243800008,17.03538539500005],[102.14227293700009,17.034518580000054],[102.14255440800008,17.033653405000052],[102.14187049300006,17.033264606000046],[102.14324490500007,17.03292626700005],[102.14535216800004,17.031375745000048],[102.14834018400006,17.032674653000072],[102.14794782600006,17.034369981000054],[102.14947623800003,17.033764766000047],[102.15014967900004,17.032691120000038],[102.15099819600005,17.03252414600007],[102.15041679100005,17.031641316000048],[102.15172065400009,17.031781650000028],[102.15243998100004,17.030518392000033],[102.15260995100004,17.029028896000057],[102.15401217800007,17.028095049000058],[102.15407692200006,17.02584769400005],[102.15540445500005,17.024567572000024],[102.15487512700008,17.02315504300003],[102.15398941600006,17.023052844000063],[102.15370298200008,17.024356972000078],[102.15231040800006,17.025054127000033],[102.15124908800004,17.02456130300004],[102.14885799000007,17.022054429000036],[102.14882230400008,17.019922430000065],[102.14698283200005,17.018107933000067],[102.14685400400003,17.017349968000076],[102.14491178500003,17.017303810000044],[102.14397929900008,17.014004312000054],[102.14240056600005,17.01285603300005],[102.13337273100007,17.003705996000065],[102.13010673200006,17.00020577400005],[102.12590336800008,16.99659506000006],[102.12388157500004,16.993987177000065],[102.11330932100009,16.99110296300006],[102.10006367900007,16.98371976800007],[102.09133132100004,16.980484446000048],[102.09180436200006,16.980105568000056],[102.09018272800006,16.97947265700003],[102.09012858600005,16.978535647000058],[102.08827050400004,16.976428046000024],[102.08888420000005,16.97589990000006],[102.08762976400004,16.974352664000037],[102.08663223700006,16.973920632000045],[102.08525392500007,16.97423925000004],[102.08378086400006,16.973557723000056],[102.08256996200004,16.97391472100003],[102.08129391800009,16.972427650000043],[102.08024032300006,16.97179512300005],[102.07813996800007,16.971203288000027],[102.07693132400004,16.97128975800007],[102.07683466800006,16.970252859000027],[102.07559264100007,16.969036346000053],[102.07591825700007,16.966150261000053],[102.07393456400007,16.96430543300005],[102.07237979500007,16.964173723000044],[102.07251741700009,16.963194460000068],[102.07059584100006,16.96366061200007],[102.06984065600005,16.96233208800004],[102.06905872000004,16.96244994400007],[102.06875428800004,16.961544212000035],[102.06724986500006,16.960999695000055],[102.06479899200008,16.96131495900005],[102.06237509500005,16.96278845100005],[102.06283677400006,16.96321500600004],[102.06061334800006,16.964453005000053],[102.05983988500009,16.96456465600005],[102.05913747700004,16.966091259000052],[102.05637589500009,16.964828503000035],[102.05525779600003,16.964919947000055],[102.05287209900007,16.96445364500005],[102.05073353900008,16.96493347200004],[102.04930451200005,16.96318832000003],[102.04749619100005,16.962125224000033],[102.04764145200005,16.961578790000033],[102.04563897900005,16.96012882900004],[102.04365286000007,16.959893515000033],[102.04252143200006,16.95854977600004],[102.04071784800004,16.958426063000047],[102.04040620300003,16.957815693000043],[102.03570942800008,16.955847911000035],[102.03300219200008,16.95400674800004],[102.03091425800005,16.951759163000077],[102.02921120600007,16.950674611000068],[102.02998399400008,16.947708875000046],[102.03189164600008,16.944339273000026],[102.03353677000007,16.93844606300007],[102.03471902600006,16.93626983000007],[102.03705433500005,16.932760202000054],[102.03943014600009,16.92630971400007],[102.04324979500007,16.91926877700007],[102.04570139900005,16.916112639000062],[102.04641088900007,16.913795910000033],[102.04713375800009,16.908599096000046],[102.04760515200007,16.906521418000068],[102.04861442400005,16.90440995800003],[102.05028958400004,16.902894364000076],[102.05310156000007,16.901529158000073],[102.05514433600007,16.90099101100003],[102.05788126400006,16.89966885700005],[102.06398536400008,16.89630117100006],[102.06424862700004,16.89527664900004],[102.06621862200006,16.893658607000077],[102.06806914500004,16.89285506600004],[102.06842539100006,16.892123912000045],[102.06851828800006,16.88951912300007],[102.06936468200007,16.889319903000057],[102.06977246000008,16.886191188000055],[102.07098061100004,16.885187534000067],[102.07183894500008,16.885585711000033],[102.07466431900008,16.88553630100006],[102.07857306500006,16.887856288000023],[102.08057658300004,16.889471757000024],[102.08155307600003,16.889683811000054],[102.08326377100008,16.88887253000007],[102.08406734400006,16.88801893400006],[102.08516029200007,16.88578331700006],[102.08766682500004,16.884823967000045],[102.09137028800006,16.88447461800007],[102.09478427400006,16.88302258400006],[102.09699676000008,16.88262670000006],[102.09869981600008,16.883140010000034],[102.09905488000004,16.88422614800004],[102.09828243900006,16.885315564000052],[102.09738285300006,16.88553263700004],[102.09763502800007,16.887046527000052],[102.09695443700008,16.888178758000038],[102.09633895400003,16.890481305000037],[102.09744424900003,16.891962266000064],[102.09936521100008,16.89222708500006],[102.09973373600008,16.892732849000026],[102.10032273300004,16.896286704000033],[102.10272666400004,16.89669814100006],[102.10468068800009,16.897411340000076],[102.10690598600007,16.89568090800003],[102.10958577400004,16.89525025300003],[102.11087232000006,16.894323357000076],[102.11064008100004,16.89326960300002],[102.11193306000007,16.891657821000024],[102.11319620400008,16.891637891000073],[102.11299501400003,16.888665569000068],[102.11359976700004,16.88729982900003],[102.11496955100006,16.887339428000075],[102.11519481500005,16.887882153000078],[102.11671498000004,16.887978822000036],[102.11880100800005,16.888807130000032],[102.12184130800006,16.884489124000027],[102.12263694000006,16.88383441600007],[102.12394616200004,16.881112649000045],[102.12465976900006,16.880558350000058],[102.12646861000007,16.881539660000044],[102.12767413400007,16.882907685000077],[102.12889050400008,16.883343801000024],[102.13087845900009,16.882416456000044],[102.13207088700005,16.88237004800004],[102.13359975100008,16.879609880000032],[102.13460915300004,16.87863143000004],[102.13564271600006,16.87846173500003],[102.13752932100005,16.87884927600004],[102.14018335200007,16.88020067700006],[102.14089634000004,16.88016146500007],[102.14107078800004,16.877537467000025],[102.14213852500006,16.876846452000052],[102.14416782100005,16.876291253000034],[102.14498771200005,16.87698639100006],[102.14410389800008,16.87993865100003],[102.14508519900005,16.880801949000045],[102.14786463900003,16.88058256900007],[102.14953210200008,16.881205633000036],[102.15218753000005,16.880571597000028],[102.15361900600004,16.881573116000027],[102.15625377300006,16.881247244000065],[102.15689847000004,16.88073528700005],[102.15806384100006,16.876812956000038],[102.15829740500004,16.87454576400006],[102.15742917500006,16.873271325000076],[102.15804610700008,16.871842671000024],[102.16242708100003,16.87098185800005],[102.16442165600006,16.870965914000067],[102.16602784900005,16.870032800000047],[102.16775558600006,16.87066448300004],[102.16877129600005,16.870004564000055],[102.16860018700004,16.86833787200004],[102.16762996700004,16.86741834000003],[102.16787546100005,16.866648017000045],[102.16946284500006,16.866234745000042],[102.17126487100006,16.865094355000053],[102.17218319900007,16.86496978300005],[102.17426881700004,16.86555166000005],[102.17641280500004,16.86758852300005],[102.17708625000006,16.869427002000066],[102.17828347400007,16.870422594000047],[102.17886565900005,16.871739783000066],[102.18018764500005,16.87207538900003],[102.18160508200003,16.870532319000063],[102.18238164700006,16.86879756700006],[102.18442548000007,16.867581593000068],[102.18554978100008,16.865658619000044],[102.18580082800008,16.863482608000027],[102.18519664500008,16.861744599000076],[102.18597498700007,16.860858042000075],[102.18655116100007,16.859309567000025],[102.18798966700007,16.85761086100007],[102.18866390200009,16.857632804000048],[102.19093453500005,16.85926761500002],[102.19296326200003,16.859331027000053],[102.19485733200008,16.858830780000062],[102.19672906600005,16.859918136000033],[102.19968392400006,16.860099390000073],[102.20060161500004,16.861713373000043],[102.20163232500005,16.86224822500003],[102.20437580600009,16.862735859000054],[102.20615660800007,16.861363614000027],[102.20831717300007,16.86097372100005],[102.20900314500005,16.861501757000042],[102.21164296800004,16.86147155900005],[102.21253203000003,16.86059583800005],[102.21374633000005,16.860331744000064],[102.21428159700008,16.86091876200004],[102.21444094700007,16.86312599400003],[102.21652710600006,16.86455853500007],[102.21761175900008,16.864943398000037],[102.22032756800007,16.865062334000072],[102.22133265400004,16.86572736200003],[102.22205137100008,16.868524655000044],[102.22360677300009,16.868904603000033],[102.22438747500007,16.868589686000064],[102.22675962600005,16.869196271000078],[102.22611995300008,16.87002555500004],[102.22477151900006,16.870337645000063],[102.22477621100006,16.87140041500004],[102.22649044600007,16.873138667000035],[102.22842419300008,16.872998960000075],[102.22891290700005,16.874051535000035],[102.22762545900008,16.875125746000037],[102.22779178600007,16.875947808000035],[102.23164435500007,16.87694314500004],[102.23226458000005,16.876435440000023],[102.23264828300006,16.874926833000075],[102.23399020100004,16.87519922300004],[102.23502434400007,16.877483865000045],[102.23379186600005,16.878400746000068],[102.23395082800005,16.87977002200006],[102.23537382900008,16.880630007000036],[102.23632525300008,16.880663449000053],[102.24032553900008,16.87929411700003],[102.24163232700005,16.878137455000058],[102.24080673400005,16.87701661400007],[102.24107865900004,16.87618399100006],[102.24281984600003,16.875256842000056],[102.24339032800003,16.877371148000066],[102.24420892300009,16.877497771000037],[102.24554197700007,16.87681279000003],[102.24621820700008,16.877070015000072],[102.24579011600008,16.878574365000077],[102.24431865300005,16.880115626000077],[102.24412265700005,16.881071965000046],[102.24585204500005,16.88191867100005],[102.24675310500004,16.880236789000037],[102.24754939100006,16.879836478000072],[102.24846162500006,16.87844949600003],[102.24965977700003,16.879054257000064],[102.24959041200003,16.881417699000053],[102.24826839800005,16.883414298000048],[102.24972884700009,16.885137348000058],[102.24889015200006,16.88825986100005],[102.25031726100008,16.88893753700006],[102.25055836800004,16.889579214000037],[102.24959831900009,16.89073698800007],[102.24982989000006,16.89175637900007],[102.25370692200005,16.89115372200007],[102.25463338500003,16.89138229100007],[102.25374292000004,16.893619901000022],[102.25387957700008,16.89448481100004],[102.25523348800004,16.894888665000053],[102.25732366700004,16.893528352000033],[102.25857474000009,16.894351115000063],[102.26044350100005,16.89313841200004],[102.26349994800006,16.891743383000062],[102.26924391200004,16.893393555000046],[102.27142122500004,16.893341768000028],[102.27334582300006,16.892894453000054],[102.27499686700008,16.892985444000033],[102.27642786200005,16.893960503000073],[102.27809278500007,16.893888725000068],[102.28089907500004,16.892824569000027],[102.28461296300009,16.890966952000042],[102.28557879800007,16.890878776000022],[102.28727718900006,16.891868188000046],[102.28789410200005,16.891117803000043],[102.28774834100005,16.889843591000044],[102.29046159500007,16.890272481000068],[102.29222840200003,16.889917006000076],[102.29449287500006,16.891692684000077],[102.29553926600005,16.891825531000052],[102.29634717200008,16.89106338000005],[102.29601905300007,16.889462740000056],[102.29503827400004,16.888126613000054],[102.29198377200004,16.887748248000037],[102.29141277900004,16.884759419000034],[102.29169077400007,16.884050311000067],[102.29428621000005,16.883965673000034],[102.29587003100005,16.88456155500006],[102.29719404200006,16.884066311000026],[102.29799765100006,16.882618050000076],[102.29930295400004,16.88340445500006],[102.30161599500008,16.885454046000063],[102.30256915500007,16.885514905000036],[102.30519092400004,16.884455423000077],[102.30684096500005,16.884382655000024],[102.30768664300007,16.88286484100007],[102.30648072400004,16.881766950000042],[102.30398307800004,16.881578455000067],[102.30208587600004,16.88028610200007],[102.30241421600005,16.877160736000064],[102.30293370900006,16.87621026900007],[102.30519810800007,16.87525279500005],[102.30721024400003,16.874983908000047],[102.30826620800008,16.872066000000075],[102.31026626400006,16.870908847000067],[102.30993908800008,16.869442590000062],[102.31183528500009,16.867359873000055],[102.31273990600005,16.867319595000026],[102.31437839500006,16.869261291000043],[102.31556194600006,16.869148035000023],[102.31832995500008,16.86782740500007],[102.32207400200008,16.867070753000064],[102.32467181000004,16.86709570100004],[102.32445639000008,16.86504953000002],[102.32126791200005,16.863249112000062],[102.31929446500004,16.86180381400004],[102.31931091100006,16.86115230100006],[102.32106241800005,16.86047654200007],[102.32104683300008,16.859635516000026],[102.31888338000005,16.85893260100005],[102.31749083600005,16.85784113400007],[102.31680545700004,16.854675432000022],[102.31833472700004,16.855304413000056],[102.32089049700005,16.854686825000044],[102.32280348100005,16.853261255000064],[102.32378329400007,16.854338247000044],[102.32598380000007,16.854349271000046],[102.32818570900008,16.855696291000072],[102.32983152000008,16.855782588000068],[102.33077834600005,16.854737975000035],[102.33154462600004,16.851087878000044],[102.33220559900008,16.849666717000048],[102.33205455600006,16.848559716000068],[102.33127353000003,16.848246302000064],[102.32820709800006,16.848309567000058],[102.32412606300005,16.84718794400004],[102.32356297900009,16.84660971200003],[102.32422997400005,16.84558011200005],[102.32527146900009,16.846353408000027],[102.32659877300006,16.846119040000076],[102.32801213600004,16.844594088000065],[102.32954587100005,16.844874584000024],[102.33010837200004,16.843217202000062],[102.33116595400008,16.842062158000033],[102.33157818700005,16.84044671600003],[102.33343914200003,16.83962204100004],[102.33480166200007,16.839456752000046],[102.33646095800003,16.837727641000072],[102.33826250300007,16.838011755000025],[102.33931849600003,16.837450318000037],[102.34049223500006,16.835858320000057],[102.34035496200005,16.834877929000072],[102.33788781500004,16.83357764400006],[102.33632543500005,16.83245828200006],[102.33603691500008,16.831391841000027],[102.33781463600008,16.830712406000032],[102.33909993400005,16.829331839000076],[102.33938742100008,16.828192744000035],[102.33826886900005,16.82446748700005],[102.33922600100004,16.823721078000062],[102.34136457600005,16.823439740000026],[102.34199904400003,16.819670329000076],[102.34312169700007,16.81817948300005],[102.34604707900007,16.817665935000036],[102.34705881800005,16.818486921000044],[102.35001785300005,16.824343557000077],[102.34897202000008,16.82612442900006],[102.34957037100008,16.827589714000055],[102.34921668700008,16.83023230300006],[102.35041365100005,16.83091276600004],[102.35224485800006,16.829896649000034],[102.35498068000004,16.825883307000026],[102.35599426800007,16.824887150000052],[102.35505747700006,16.82361951300004],[102.35516081900005,16.82298364600007],[102.35682766200006,16.82286560400007],[102.35839383300004,16.822034149000046],[102.36052574600006,16.817981872000075],[102.36188899300004,16.81674898500006],[102.36511401400008,16.817914271000063],[102.36628054200008,16.81739519000007],[102.36795571000005,16.81526670100004],[102.37033213000007,16.813639180000052],[102.37156202800008,16.81327380500005],[102.37330506900008,16.81353721200003],[102.37462868000006,16.812646915000073],[102.37484973100004,16.811481178000065],[102.37597371500004,16.810752728000068],[102.37901456700007,16.81147226300004],[102.37969514600007,16.812702560000048],[102.37923708600005,16.81447971700004],[102.37624308500006,16.814848047000055],[102.37570526400003,16.816750741000078],[102.37717401600008,16.81779592500004],[102.37815240700007,16.81791455700005],[102.38156809600008,16.816515535000065],[102.38532708500009,16.816540581000027],[102.38675965700008,16.815163829000028],[102.38838013300006,16.813064546000078],[102.39116583900005,16.810805939000034],[102.39210609900005,16.810404108000057],[102.39249929500005,16.811951704000023],[102.39371093700004,16.812812568000027],[102.39395487400009,16.81587963100003],[102.39503259500003,16.816034798000032],[102.39686291600003,16.81531274200006],[102.39892093100008,16.815299800000048],[102.39958544000007,16.815819201000068],[102.39947817200004,16.81693759600006],[102.40009342300004,16.817694017000065],[102.40126432800008,16.81780824200007],[102.40230593600006,16.81683342200006],[102.40483449600003,16.815985193000074],[102.40516123100008,16.815266877000056],[102.40548855000009,16.817667992000054],[102.40530236700005,16.820661793000056],[102.40384836900006,16.825665666000077],[102.40212980400008,16.829363477000072],[102.39969139100003,16.835226926000075],[102.38997620700007,16.852853855000035],[102.38891514600004,16.854563288000065],[102.38634141600005,16.85804670600004],[102.38651013300006,16.859799890000033],[102.38570068300004,16.860807505000025],[102.38617683200005,16.86173492100005],[102.38386080300006,16.862124291000043],[102.38345748200004,16.861507162000066],[102.38292114800004,16.862548090000075],[102.38407007300003,16.86314296000006],[102.38372219400009,16.863988004000078],[102.38134827500005,16.864066921000074],[102.38117013600004,16.865015976000052],[102.37896687000006,16.867021084000044],[102.37869653900003,16.86885690300005],[102.37733570900008,16.869083689000036],[102.37730858600008,16.871539234000068],[102.37913180500004,16.872845745000063],[102.37813687600004,16.873454292000076],[102.37806745400007,16.874233850000053],[102.37952343400008,16.874740143000054],[102.37799436300008,16.87566544500004],[102.37643196100004,16.875379209000073],[102.37625905700008,16.874680975000047],[102.37488055700004,16.87549523200005],[102.36954139300008,16.875979271000062],[102.36789959500004,16.876439652000045],[102.36778718400006,16.877624273000038],[102.36909480300005,16.879784323000024],[102.37053367800007,16.87967487800006],[102.37052522500005,16.881322757000078],[102.36985096600006,16.88196347300004],[102.37022641700008,16.883305733000043],[102.37193157100006,16.883267359000058],[102.37301924300004,16.884113201000048],[102.37217817300007,16.88478771800004],[102.37396811500008,16.886079247000055],[102.37266684400004,16.88742258600007],[102.37342593500006,16.887828069000022],[102.37452093800005,16.88698485900005],[102.37476831900005,16.888135103000025],[102.37426740300003,16.88912093700003],[102.37443434400006,16.89214465500004],[102.37625139600004,16.892444598000054],[102.37554564200008,16.893235310000023],[102.37578093900004,16.894985906000045],[102.37500824100005,16.895101917000034],[102.37390226100007,16.896445094000057],[102.37410143800008,16.896987215000024],[102.37735928100005,16.897037065000063],[102.37677079400004,16.898625468000034],[102.37581071600005,16.898873905000073],[102.37669003900004,16.89959774500005],[102.37716062200008,16.898975523000047],[102.37798323500004,16.899412161000043],[102.37909791600003,16.90162378200006],[102.37764304000007,16.90123502600005],[102.37761976500008,16.902853536000066],[102.37864912300006,16.905225834000078],[102.37832739900006,16.90591977300005],[102.37745399300007,16.904508478000025],[102.37481032100004,16.905771918000028],[102.37512912900007,16.906812340000045],[102.37450196500004,16.907558762000065],[102.37675720400006,16.909074023000073],[102.37753127500008,16.908906755000032],[102.37747751400008,16.909989960000075],[102.37673605300006,16.910106411000072],[102.37653581000006,16.91196838700006],[102.37977203900004,16.911577574000034],[102.38055922500007,16.912862843000028],[102.38211701400007,16.913716000000022],[102.38125886800003,16.914207127000054],[102.38032919400007,16.916124686000046],[102.38140915000008,16.916229500000043],[102.38134588100007,16.915553333000048],[102.38267660900004,16.915019461000043],[102.38294795600007,16.917445704000045],[102.38339321200004,16.916926835000027],[102.38402600400008,16.91812125900003],[102.38206234000006,16.92019838400006],[102.38199718700008,16.921459239000058],[102.38404984900006,16.92431923600003],[102.38491618800003,16.923866174000068],[102.38533783100007,16.924458204000075],[102.38505925200008,16.92641647100004],[102.38444464900005,16.925881417000028],[102.38371296600008,16.92711356800004],[102.38299724800004,16.926307872000052],[102.38174059300007,16.926757144000078],[102.37917048000008,16.925757883000074],[102.37787652100008,16.92599887700004],[102.37641129100007,16.927609632000042],[102.37467955500006,16.927822399000036],[102.37208528800005,16.929169934000072],[102.37635619100007,16.939771413000074],[102.37538748100008,16.94594801200003],[102.37617630700004,16.949231612000062],[102.37437189400003,16.951736914000037],[102.37306649500005,16.952959029000056],[102.37176879600008,16.953597801000058],[102.37074186300003,16.953428660000043],[102.36797437900003,16.950486566000052],[102.36629594900006,16.949409511000056],[102.36375723600008,16.949902735000023],[102.36094603800007,16.94970859600005],[102.36059675300004,16.949001888000055],[102.35848459400006,16.947996362000026],[102.35680503500004,16.948177963000035],[102.35441140700004,16.95060507000005],[102.35199558800008,16.95089201600007],[102.35047980600007,16.951900085000034],[102.34889730700007,16.955283934000022],[102.34804594200006,16.958777389000034],[102.34317130500006,16.96438091500005],[102.34007439600003,16.965145324000048],[102.33660084000007,16.964506924000034],[102.33387827100006,16.962539263000053],[102.33184097300006,16.96044111200007],[102.33078698200006,16.957931047000045],[102.32693478600004,16.956858478000072],[102.32296828700004,16.959661288000063],[102.32159116700007,16.960992558000044],[102.32095062600007,16.96244863100003],[102.32127518300007,16.964268953000044],[102.32074550800007,16.965497190000065],[102.32216621100008,16.97129546800005],[102.32159010400005,16.976821545000064],[102.32193552400008,16.98262167300004],[102.32327221600008,16.98505715300007],[102.32325470400008,16.985999105000076],[102.32136583400006,16.989339441000027],[102.32047209400008,16.99145043900006],[102.32058144700005,16.993194955000035],[102.32282025300003,16.99719529400005],[102.32434336100005,17.000876616000028],[102.32432709500006,17.002565361000052],[102.32479035400007,17.003266049000047],[102.32478826000005,17.005069912000067],[102.32634758500006,17.006635335000055],[102.32675138000008,17.008167335000053],[102.32605670100008,17.010181359000057],[102.32515285100004,17.010937799000033],[102.32470315600006,17.012879617000067],[102.32343987600007,17.013594518000048],[102.32641264500006,17.017673439000077],[102.32805782300005,17.019621651000023],[102.32706753800005,17.019551358000058],[102.32682948900003,17.02102758500007],[102.32752496200004,17.022549149000042],[102.32799289500008,17.02246077800004],[102.32877534600004,17.024976138000056],[102.32910813800004,17.024900726000055],[102.33068290500006,17.027483207000046],[102.32943402300003,17.029233142000066],[102.32977146600007,17.031127269000024],[102.33043015400006,17.031048460000022],[102.33083965200007,17.033126639000045],[102.33023825600009,17.034199967000063],[102.32888006100006,17.034748468000032],[102.32952797100006,17.03775567400004],[102.32924924300005,17.039374891000023],[102.33011238700004,17.042728339000064],[102.32439580500005,17.05519874500004],[102.32752527100007,17.06501903900005],[102.33134429100005,17.070344157000022],[102.33043578500008,17.07282143900005],[102.33100380000008,17.07545350500004],[102.33015014500006,17.07750027800006],[102.32998650400003,17.07944365700007],[102.33089389000008,17.08259189000006],[102.33108119500008,17.08417289500005],[102.33039930600006,17.08466591800004],[102.33129201700007,17.085574893000057],[102.33171598900009,17.088428113000077],[102.32916944300007,17.08916419800005],[102.32889243500006,17.090340513000058],[102.32723550600008,17.09119917700002],[102.32772408700004,17.094287105000035],[102.32586033100006,17.095316556000057],[102.32674679000007,17.098271339000064],[102.32705595900006,17.102672813000027],[102.32584438500004,17.10564322600004],[102.32566927000005,17.10777673000007],[102.32351114300008,17.10861974100004],[102.32417298600006,17.110593146000042],[102.32237860900005,17.11243956000004],[102.32153227000003,17.114127798000027],[102.31899854400007,17.11670165700002],[102.31971516200008,17.117775506000044],[102.31931476700004,17.118258771000058],[102.31684583400005,17.11852049600003],[102.31572233100007,17.117661057000078],[102.31394623000006,17.117871438000066],[102.31223679700008,17.119234998000024],[102.31037110100004,17.120086284000024],[102.30771118100006,17.11976147200005],[102.30784427000003,17.120699297000044],[102.30547184700004,17.120869020000043],[102.30633129700004,17.125736209000024],[102.30311917800009,17.126434234000044],[102.30270403400004,17.125903127000072],[102.29977633600004,17.12522812900005],[102.29689381400004,17.12730044600005],[102.29354001400009,17.125442330000055],[102.29101023700008,17.126072926000063],[102.28940975500007,17.126949284000034],[102.28708796200004,17.127529535000065],[102.28380601500004,17.12734271100004],[102.28257882600008,17.12666262500005],[102.27843553800005,17.12654474800007],[102.27856032900007,17.127229880000073],[102.27768798700004,17.128783706000036],[102.27558633500007,17.130654932000027],[102.27464396300007,17.131946414000026],[102.26928169700005,17.131405725000036],[102.26602009700008,17.132512845000065],[102.26682255500003,17.133687159000033],[102.26683432000004,17.135545739000065],[102.26597284500008,17.13735627400007],[102.26413714700004,17.139919107000026],[102.26314167000004,17.142583236000064],[102.25780051700008,17.146162081000057],[102.25425911700006,17.146640538000042]]]},"properties":{"Shape_Leng":2.19434802484,"Shape_Area":0.0741725012588,"ADM2_EN":"Si Bun Rueang","ADM2_TH":"ศรีบุญเรือง","ADM2_PCODE":"TH3904","ADM1_EN":"Nong Bua Lam Phu","ADM1_TH":"หนองบัวลำภู","ADM1_PCODE":"TH39","ADM0_EN":"Thailand","ADM0_TH":"ประเทศไทย","ADM0_PCODE":"TH"}},
{"type":"Feature","geometry":{"type":"Polygon","coordinates":[[[102.39860857800005,17.414633237000032],[102.38490303400005,17.45218862100006],[102.38466034600003,17.452508699000077],[102.38300387300006,17.458636898000066],[102.38224554000004,17.462427656000045],[102.38236813900005,17.463749988000075],[102.37863644300006,17.472260712000036],[102.37773769900008,17.474769338000044],[102.37458826600005,17.482715038000038],[102.37341870700004,17.486046944000066],[102.37220602000008,17.490613867000036],[102.37124133600008,17.49313896900003],[102.37081474200005,17.495275347000074],[102.36884466100008,17.50034637400006],[102.36798417000006,17.50143018400007],[102.36624161300006,17.502712546000055],[102.36575290000007,17.503648545000033],[102.36661609700008,17.50632638600007],[102.36498619200006,17.506089994000035],[102.36481727200004,17.50757137000005],[102.36402989100009,17.509291922000045],[102.36291781100005,17.50966263300006],[102.36219224200005,17.511181460000046],[102.36154198700007,17.514151776000062],[102.35995433600004,17.515106351000043],[102.35992521600008,17.51619243600004],[102.35431454000008,17.52092017700005],[102.35191658600007,17.524213012000075],[102.34942255700008,17.526302715000043],[102.34802923500007,17.528528754000035],[102.34538050300006,17.535150569000052],[102.34101441100006,17.541331615000047],[102.33889510000006,17.543027683000048],[102.33685867300005,17.545083593000072],[102.33479003700006,17.54751417500006],[102.33248071900005,17.550936283000055],[102.33231578400006,17.552429871000072],[102.33263551300007,17.55393011700005],[102.33251312800007,17.555824396000048],[102.33359325500004,17.56063515900007],[102.33354599000006,17.562421306000033],[102.33436132200006,17.56689616500006],[102.33447743000005,17.56854419000007],[102.33386250500007,17.572059210000077],[102.33337143900008,17.57901352700003],[102.33063238400007,17.585327445000075],[102.32759130800008,17.591254536000065],[102.32682401500006,17.593336752000027],[102.32583444800008,17.598168804000068],[102.32548667600008,17.60318029700005],[102.32494322400004,17.60722499700006],[102.32403081000007,17.616433076000078],[102.32382429400008,17.62034147600002],[102.32393745400009,17.624574048000056],[102.32311854400007,17.630526830000065],[102.32231591200008,17.63477165300003],[102.32080673600007,17.64120385800004],[102.31961335500006,17.64501017400005],[102.31905015400008,17.647820890000048],[102.31869145000007,17.654362330000026],[102.31897309600004,17.657921730000055],[102.31858008500006,17.660361643000044],[102.31823723300005,17.668007463000038],[102.31832803400005,17.67065713900007],[102.31794234300008,17.679182723000054],[102.30500329500006,17.674861452000073],[102.30286711200006,17.674366837000036],[102.30195454900007,17.674920781000026],[102.30112675800007,17.677275387000066],[102.30110425100008,17.67860475200007],[102.30036641400005,17.67832647000006],[102.30011486200004,17.680202362000045],[102.30131634800006,17.679736410000032],[102.30102739600005,17.680942420000065],[102.30176470600009,17.681866418000027],[102.29996326400004,17.68171376400005],[102.29929401900006,17.68345838600004],[102.29792203300008,17.683181988000058],[102.29601730900004,17.686136908000037],[102.29374586500006,17.686282111000025],[102.29367708800004,17.687007100000073],[102.29159159800008,17.68794456200004],[102.29035537000004,17.687603420000073],[102.28955195600008,17.689347397000063],[102.28845910400008,17.68995021300003],[102.28848539700004,17.691325518000042],[102.28694650900007,17.691313575000038],[102.28717656600008,17.691956882000056],[102.28604130100007,17.692123570000035],[102.28532720700008,17.691291187000047],[102.28459340700005,17.691585357000065],[102.28368847100006,17.690784523000048],[102.28372808500006,17.68991109600006],[102.28211958100007,17.685992273000068],[102.28133312200004,17.68622380200003],[102.28079716600007,17.685384691000024],[102.27976424200006,17.686377996000033],[102.27855880500005,17.686049449000052],[102.27721146400006,17.68766271800007],[102.27579680900004,17.68860992900005],[102.27478610900005,17.68818085500004],[102.27364304300005,17.68879621800005],[102.27226269300007,17.688911047000033],[102.27214435300004,17.69014511900002],[102.27111940000003,17.68967927400007],[102.26791138400006,17.690375966000033],[102.26629889600008,17.690496705000044],[102.26452586600004,17.689483161000055],[102.26257253000006,17.689524232000053],[102.26206787300003,17.686080753000056],[102.26194776700004,17.68331201500007],[102.26249451300004,17.679048683000076],[102.26545276200005,17.671736061000047],[102.26679456200009,17.669455135000078],[102.26940727500005,17.662668223000026],[102.26422299200004,17.660970321000036],[102.25873005200003,17.65679939200004],[102.25376806000008,17.655254954000043],[102.24508205200004,17.65067217400002],[102.24071685400008,17.65108367600004],[102.23614712500006,17.652040585000066],[102.23412349800009,17.65222155400005],[102.23318077600004,17.651627302000065],[102.22929358800008,17.652398694000055],[102.22913310900009,17.651893698000038],[102.22718094000004,17.651936164000062],[102.22491464000007,17.651144739000074],[102.22321962700005,17.651332351000065],[102.22076120000008,17.65262145500003],[102.21840528600006,17.653533654000057],[102.21757766100006,17.654199473000062],[102.21607357700003,17.653111900000056],[102.21494008700006,17.653917868000065],[102.21182676800004,17.65516954000003],[102.20986969000006,17.655570306000072],[102.20764937900009,17.657096653000053],[102.20256272200004,17.65576728700006],[102.20091778500006,17.655183171000033],[102.19921927200005,17.65531237700003],[102.19369618200005,17.657830198000056],[102.18865329100004,17.657656823000025],[102.18671704100007,17.65720849300004],[102.18573796000004,17.657569317000025],[102.17696899300006,17.65937669400006],[102.17524562300008,17.66048254100002],[102.17416406400008,17.660300643000028],[102.17154389800004,17.661850599000047],[102.17030525700005,17.663650034000057],[102.16962190100008,17.663049512000043],[102.16820923800009,17.663918989000024],[102.16638093000006,17.663427886000022],[102.16492870200005,17.663929089000078],[102.16488773500004,17.66452815400004],[102.16300482300005,17.666133271000035],[102.16253632300004,17.665632566000056],[102.16088628800009,17.66560959800006],[102.15942487700005,17.66817029500004],[102.15779549700005,17.668371113000035],[102.15595507100005,17.667603874000065],[102.15259043100008,17.666885274000037],[102.15202655000007,17.666327891000037],[102.14947946200004,17.66595085000006],[102.15000357200006,17.663710837000053],[102.14776199900007,17.662062064000054],[102.14672275200007,17.66190808400006],[102.14603414100009,17.661068871000055],[102.14551719000008,17.661707130000025],[102.14411628100004,17.659166441000025],[102.14336045600004,17.659322323000026],[102.14255856000005,17.65837407600003],[102.14173388300009,17.65617388900006],[102.14203912300007,17.65519662400004],[102.14092645200009,17.65405253600005],[102.13915783200008,17.65331526800003],[102.13921421500004,17.652283983000075],[102.13841102900005,17.65214417900006],[102.13980579200006,17.650552730000072],[102.13800732600004,17.648577638000063],[102.13744213700005,17.648830988000043],[102.13666014500006,17.64773442300003],[102.13566779300004,17.648053101000073],[102.13443367000008,17.647332598000048],[102.13379677100005,17.647752163000064],[102.13223603500006,17.647160056000075],[102.13236631600006,17.64544415100005],[102.13376276000008,17.64432068700006],[102.13268202100005,17.64316072200006],[102.13338720600007,17.642824828000073],[102.13232251700003,17.641912085000058],[102.13320307600009,17.641421570000034],[102.13328566900009,17.640555378000045],[102.13174995100007,17.640406550000023],[102.13059412600006,17.639213950000055],[102.13127296900007,17.638557529000025],[102.13052174500007,17.637986824000052],[102.13022258300003,17.636311102000036],[102.12796457600007,17.635013150000077],[102.12778213500007,17.635401027000057],[102.12546851700006,17.634406538000064],[102.12418691900007,17.634566820000032],[102.12359908000008,17.63372064600003],[102.12266898600006,17.63394480100004],[102.12235849400008,17.633243488000062],[102.12115333700007,17.632892132000052],[102.12078470300008,17.63338274700004],[102.11963744400003,17.632768648000024],[102.11786366400008,17.634458855000048],[102.11835976500004,17.635478784000043],[102.11717177500009,17.636308908000046],[102.11485675600005,17.63610195800004],[102.11278422300006,17.638517559000036],[102.11043801700004,17.638230735000036],[102.10953397000009,17.639527586000042],[102.10857289000006,17.639949009000077],[102.10829094000007,17.641322784000067],[102.10664104300008,17.642869491000056],[102.10458162900005,17.64257414800005],[102.10550063200009,17.643864181000026],[102.10514179800003,17.64453541900002],[102.10610077700005,17.64621611900003],[102.10472102200004,17.647226493000062],[102.10368076000003,17.646393916000022],[102.10134616000005,17.646705938000025],[102.10141315600004,17.646137259000056],[102.09896007100008,17.645556216000045],[102.09800347400005,17.64387332700005],[102.09639402300007,17.643815416000052],[102.09527960200006,17.642377252000074],[102.09381155800008,17.642169013000057],[102.09275556700004,17.640961911000034],[102.09132249400005,17.640629653000076],[102.09146042400005,17.639433805000067],[102.09095709000007,17.638039719000062],[102.08922526700007,17.636962631000074],[102.08731562500009,17.63697023000003],[102.08607742900006,17.63409163600005],[102.08324058500006,17.63430202400002],[102.08619349800006,17.628891168000052],[102.08690934300006,17.628110322000055],[102.08969178100006,17.62698019800007],[102.09104120600006,17.62483324300007],[102.09586390800007,17.615181908000068],[102.09750385400008,17.613043014000027],[102.10029503800007,17.614054689000056],[102.10192037700006,17.611589695000077],[102.10441470700005,17.609919010000056],[102.10637934100004,17.607661052000026],[102.10644668100008,17.605700107000075],[102.10780741500008,17.60352487600005],[102.10874052000008,17.599477817000036],[102.11213535700006,17.592706495000073],[102.11396937900008,17.58771605900006],[102.11505088600006,17.58295055700006],[102.11529408000007,17.580956403000073],[102.11535841600005,17.577200539000046],[102.11681726300009,17.575458267000045],[102.11937540100007,17.57295872700007],[102.11965877800009,17.570367404000024],[102.11898801700005,17.56867438200004],[102.12503290000006,17.565441539000062],[102.13213589500003,17.559373513000025],[102.13435550900005,17.555687959000068],[102.13516014500004,17.55340446200006],[102.13570540900008,17.54887188500004],[102.13512672100006,17.54566806200006],[102.13356885000007,17.543829618000075],[102.13276981000007,17.54229187900006],[102.13294383600004,17.540635391000023],[102.13653485300006,17.533505467000055],[102.13745045500008,17.532980156000065],[102.13980977100005,17.532408718000056],[102.14007602400005,17.530050835000054],[102.13977439200005,17.527531167000063],[102.13863685200005,17.522039895000034],[102.13848072200005,17.519122740000057],[102.13654561000004,17.51757050300006],[102.13547635600008,17.513769250000053],[102.13547541500009,17.50907992200007],[102.13493251700004,17.508502818000068],[102.13086585400004,17.50821975200006],[102.12793250300007,17.509160261000034],[102.12552827600007,17.50917858400004],[102.12538930000005,17.50773742900003],[102.12595318900009,17.506316593000065],[102.12544844800004,17.504764486000056],[102.12446251600005,17.503120698000032],[102.12554843400005,17.500981546000048],[102.12799296500003,17.49759561700006],[102.12883218200005,17.498590970000066],[102.12917542900004,17.49785743700005],[102.12984949500009,17.497835509000026],[102.13225016800004,17.49655882600007],[102.13360815500005,17.496364838000034],[102.13458739600009,17.494437953000045],[102.13423618100006,17.493393022000078],[102.13506590600008,17.49206772900004],[102.13695990500008,17.492986097000028],[102.13751385600006,17.492266963000077],[102.13963704100007,17.49204018200004],[102.14015909900007,17.492550744000027],[102.14133060000006,17.492043650000028],[102.14121160600007,17.490967521000073],[102.14329282900007,17.491176153000026],[102.14324742800005,17.489922424000042],[102.14391404200006,17.48899814600003],[102.14484978900003,17.48918111100005],[102.14699939800005,17.488652168000044],[102.14912494300006,17.486487096000076],[102.15077899500005,17.486138138000058],[102.15053225300005,17.48693365500003],[102.15211692500009,17.48741207200004],[102.15485543300008,17.486749291000024],[102.15611355400006,17.487047329000063],[102.15706921000003,17.48799930900003],[102.15723409500004,17.49023429400006],[102.15841608800008,17.490985641000066],[102.15921089000005,17.492823266000073],[102.16332309300009,17.49438697100004],[102.16865053900005,17.49502257300003],[102.17564674000005,17.493607332000067],[102.17707032800007,17.49301117300007],[102.17939397900005,17.491095323000025],[102.18219283000008,17.48961263600006],[102.18718181800006,17.48611881200003],[102.19002358600005,17.48326664800004],[102.19114387600007,17.48171104900007],[102.19320465900006,17.479981431000056],[102.19547740000007,17.47729001400006],[102.19850434300008,17.474697467000055],[102.19908991200003,17.472778203000075],[102.20199216400005,17.473184463000052],[102.20467566100007,17.47185337600007],[102.20595700100006,17.472148566000044],[102.21200397200005,17.47103758000003],[102.21368104400005,17.469976170000052],[102.21500125800009,17.471161101000064],[102.21731150900007,17.47789692200007],[102.22022862900008,17.465405479000026],[102.22098630700003,17.46461832500006],[102.22388268800006,17.463589385000034],[102.22972549400004,17.46101357400005],[102.23632101900006,17.457590511000035],[102.24221182500008,17.45348530600006],[102.24218545100007,17.451520970000047],[102.24163507100008,17.449148094000066],[102.24074172500008,17.447574544000076],[102.23997967600008,17.445256123000036],[102.24024679700005,17.44487514800005],[102.24973856300005,17.44330619300007],[102.24994310300008,17.441945032000035],[102.25191800900006,17.44172934900007],[102.25469945300006,17.439265556000066],[102.25703002400007,17.43888561500006],[102.25831517300008,17.438238312000067],[102.25643071900004,17.43424029600004],[102.25808621500005,17.43320138000007],[102.26253801800004,17.42434800700005],[102.26661085700005,17.42152558500004],[102.26987540600004,17.420953566000037],[102.27140465900004,17.421706519000054],[102.28407153500007,17.42255016200005],[102.28658395800005,17.421673488000067],[102.28831916800004,17.420153834000075],[102.29454248900004,17.414108631000033],[102.29389886800004,17.412696009000058],[102.29394144800006,17.411648198000023],[102.29594759800005,17.411226587000044],[102.29858648800007,17.412204092000025],[102.30118907200006,17.41170449200007],[102.30414021600006,17.409327182000027],[102.31138780000003,17.41000019100005],[102.31219080600005,17.410551902000066],[102.31287088400006,17.411941814000045],[102.31341364000008,17.414463170000033],[102.31425081100008,17.414308989000062],[102.31564092200006,17.415644996000026],[102.31584275300008,17.41703785800007],[102.31465645700007,17.41844168800003],[102.31546192600007,17.42046023000006],[102.31430696200005,17.420541661000073],[102.31498524800008,17.421633550000024],[102.31505042300006,17.423548092000033],[102.31471069800006,17.424510568000073],[102.31608571600003,17.424560461000056],[102.31530840600004,17.42699708500004],[102.31617379000005,17.42716980700004],[102.31602906900008,17.42811052600007],[102.31734017000008,17.42872092600004],[102.31614516600007,17.430059284000038],[102.31607021400004,17.43200820800007],[102.32085765000005,17.43201429100003],[102.32568223400006,17.433517692000066],[102.32849940700004,17.434932841000034],[102.33250045800008,17.438261476000037],[102.33769090300007,17.44313633200005],[102.33913477500005,17.444716624000023],[102.34233231300004,17.448935731000063],[102.34264590400005,17.44817223900003],[102.34414384600007,17.447791651000045],[102.34469452700006,17.447133043000065],[102.34483484000003,17.44489122600004],[102.34583101400005,17.444098163000035],[102.34623468800004,17.444530559000043],[102.34788528400009,17.444342602000063],[102.34746578900007,17.442942310000035],[102.34840891900006,17.442539443000044],[102.34931732200005,17.44347612200005],[102.35068104400005,17.44343602600003],[102.35157672900004,17.442117902000064],[102.35310619800003,17.441205179000065],[102.35493071000008,17.44061972700007],[102.35613178900007,17.43889744100005],[102.35714818700006,17.438923311000053],[102.35822352000008,17.43733280600003],[102.35712612600008,17.435236171000042],[102.35747505000006,17.433815149000054],[102.35674380500006,17.433940896000024],[102.35412218800008,17.43234410200006],[102.35477641600005,17.42929530200007],[102.35546649400004,17.428659266000068],[102.35480666500007,17.428041820000033],[102.35525916800003,17.427373841000076],[102.35743842400007,17.42610899700003],[102.35744942700006,17.42514477800006],[102.36148429500008,17.42479223400005],[102.36279183600004,17.423742452000056],[102.36412521100004,17.42346088000005],[102.36525665800008,17.42109585000003],[102.36625816500003,17.420983931000023],[102.36629525800004,17.419957467000074],[102.36907790200007,17.419313982000062],[102.36912799600003,17.41843343000005],[102.37045475500008,17.417057199000055],[102.37361066300008,17.41579415800004],[102.37452747500004,17.41660102900005],[102.37633653900008,17.416889678000075],[102.37858922700008,17.415536919000033],[102.37961894000006,17.416438115000062],[102.38160676800004,17.415980717000025],[102.39860857800005,17.414633237000032]]]},"properties":{"Shape_Leng":1.35294057098,"Shape_Area":0.0476645208273,"ADM2_EN":"Suwannakhuha","ADM2_TH":"สุวรรณคูหา","ADM2_PCODE":"TH3905","ADM1_EN":"Nong Bua Lam Phu","ADM1_TH":"หนองบัวลำภู","ADM1_PCODE":"TH39","ADM0_EN":"Thailand","ADM0_TH":"ประเทศไทย","ADM0_PCODE":"TH"}},
{"type":"Feature","geometry":{"type":"Polygon","coordinates":[[[102.10505463100009,17.446807810000053],[102.10279728900008,17.453486174000034],[102.10011211100004,17.453975054000068],[102.09929250700009,17.45518071200007],[102.09723647000004,17.45573756300007],[102.09584710000007,17.45660885800004],[102.09576620600006,17.45716559300007],[102.09288007100008,17.459056691000058],[102.09206648800006,17.460292337000055],[102.09161296300005,17.462192395000045],[102.09009039700004,17.462334843000065],[102.08895202200006,17.462925537000046],[102.08719722700005,17.46526173700005],[102.08609127600005,17.465227795000033],[102.08530283800008,17.46450366600004],[102.08435913800008,17.46238862100006],[102.08334260500004,17.461262830000067],[102.08243282500007,17.46116033100003],[102.08101566600004,17.462446623000062],[102.07989583300008,17.462022078000075],[102.07782557300004,17.459016356000063],[102.07609710800006,17.458998032000068],[102.07264473900005,17.457899819000033],[102.06378494700004,17.454403583000044],[102.05983482100004,17.451894735000053],[102.05714175700007,17.45147385000007],[102.05273342100008,17.449159016000067],[102.05064775300008,17.44938098800003],[102.04890123800004,17.450727786000073],[102.04910847700006,17.45227806200006],[102.04746987100003,17.452642724000043],[102.04610367500004,17.454455764000045],[102.04609504900009,17.455793407000044],[102.04419147500005,17.455003747000035],[102.04118179000005,17.455135074000054],[102.03861788200004,17.45674482800007],[102.03678446500004,17.456298977000074],[102.03506641600006,17.456524022000053],[102.03401425800007,17.457806450000078],[102.03149423400004,17.457668951000073],[102.03130798900008,17.45830449300007],[102.02941180100004,17.458416103000047],[102.02820164700006,17.459234949000063],[102.02574683800003,17.459092438000027],[102.02491523100008,17.458213656000055],[102.02367057400005,17.45895945600006],[102.02225292600008,17.45863326700004],[102.02208996700006,17.45934802000005],[102.02076394100004,17.45903114600003],[102.01845277300004,17.45937661100004],[102.01781339800004,17.458608828000024],[102.01619888600004,17.458340188000022],[102.01510991600009,17.45875384900006],[102.00910050300007,17.457228679000025],[102.00751656800009,17.457384500000046],[102.00593356300004,17.458747777000042],[102.00429680700006,17.458370255000034],[102.00422497000005,17.459135917000026],[102.00091105700005,17.45886736600005],[102.00004586900008,17.456839116000026],[101.99921309200005,17.45648512500003],[101.99838536300007,17.457992182000055],[101.99641196900006,17.46044620600003],[101.99526426100005,17.459764324000048],[101.99227563900007,17.459403301000066],[101.99183018900004,17.457968856000036],[101.99102451800007,17.456972751000023],[101.99006600800004,17.45699948600003],[101.98839971100006,17.45570992300003],[101.98830259200008,17.454289802000062],[101.98749858300005,17.454091351000045],[101.98940024100006,17.45267240800007],[101.98898209600009,17.451538476000053],[101.98949292200007,17.450209444000052],[101.98887650300009,17.44734311800005],[101.98903024100008,17.445736176000025],[101.98984217500004,17.444728913000063],[101.99086635800006,17.444565431000058],[101.99080921700005,17.443110949000072],[101.98973805700007,17.442984624000076],[101.98918441000006,17.44036710000006],[101.98839935900008,17.439484956000058],[101.98728280800003,17.439175963000025],[101.98828642000007,17.43786456600003],[101.98864672700006,17.43573602500004],[101.98919212900006,17.43489594500005],[101.98891179700007,17.432707230000062],[101.99035140500007,17.432233821000068],[101.99019068100006,17.429064872000026],[101.99191098000006,17.427900544000067],[101.99279043900003,17.42776582500005],[101.99319695600008,17.425664460000064],[101.99158034100009,17.423812217000034],[101.99297222300004,17.42154682300003],[101.99271097000008,17.420122460000073],[101.99111650400005,17.41988382900007],[101.98971880800008,17.418592018000027],[101.98859059600005,17.41902510400007],[101.98710967100004,17.417894158000024],[101.98677750300004,17.417112554000028],[101.98531828600005,17.416794861000028],[101.98400399000008,17.41602472900007],[101.98384326800004,17.41537885400004],[101.98226670100007,17.414875820000077],[101.98169946000007,17.413772008000024],[101.98178853300004,17.411471437000046],[101.98380191500007,17.409154208000075],[101.98621635900008,17.407770309000057],[101.98735618600006,17.40680523000003],[101.99006435900009,17.40266545700007],[101.99464055100003,17.398253268000076],[101.99843539700004,17.39561658200006],[101.99860767000007,17.393782647000023],[102.00173789300004,17.390629319000027],[102.00430902700003,17.387259854000035],[102.00571285500007,17.386498611000036],[102.00711326100009,17.386801658000024],[102.00823456500007,17.384053255000026],[102.00994750600006,17.383859699000027],[102.01205565200007,17.381919391000054],[102.01568429300005,17.376619439000024],[102.01802537100008,17.37391334600005],[102.01889171400006,17.370578802000068],[102.01848214200004,17.366809706000026],[102.01781238100006,17.36573671000002],[102.01530991500005,17.364287974000035],[102.01396100100004,17.364111742000034],[102.01427331100007,17.35776644300006],[102.01560476600008,17.353583339000068],[102.01697832000008,17.35079724600007],[102.01931283800008,17.347960957000055],[102.02060785700007,17.34535474000006],[102.02017402500007,17.34267447600007],[102.02026137300004,17.341204650000066],[102.01141628900007,17.334231337000062],[102.00082562100005,17.333594377000054],[101.99615187200004,17.333908062000035],[101.99320805100007,17.334594410000022],[101.99040239900006,17.334110315000032],[101.99012575800003,17.33268363700006],[101.98806137400004,17.330457387000024],[101.98699445300008,17.328922214000045],[101.98795430700005,17.322700016000056],[101.98582181500007,17.322887147000074],[101.98522515600007,17.319382550000057],[101.98400831700008,17.317228623000062],[101.98378893600005,17.316050173000065],[101.99241097100008,17.305867613000032],[101.99768882100005,17.30184947400005],[102.00182111000004,17.297865211000044],[102.00225020600004,17.297088087000077],[102.00363755400008,17.296431823000034],[102.00312896600008,17.294440421000047],[102.00784774600004,17.292053947000056],[102.00743194100005,17.291597877000072],[102.00724096800008,17.28923115300006],[102.00886262700004,17.288550823000037],[102.01058823500006,17.288464669000064],[102.01246318100004,17.286997608000036],[102.01469262000006,17.287800272000027],[102.01464187000005,17.28526220300006],[102.01269349800003,17.282953943000052],[102.01245618900003,17.28225193000003],[102.01320058800007,17.28129497300006],[102.01342553800004,17.278370679000034],[102.01640645800006,17.278806408000037],[102.01849344000004,17.278841698000065],[102.02043143400005,17.28049156800006],[102.02398791400009,17.281400053000027],[102.02486725000006,17.280929988000025],[102.02644224800008,17.281244999000023],[102.02695017700006,17.279275357000074],[102.02708508300009,17.27737243400003],[102.02768944300004,17.276291076000064],[102.02859413100003,17.27597286500003],[102.03028768700005,17.27231273800004],[102.03181391500004,17.269851396000035],[102.03340636500008,17.26783187700005],[102.03360906800003,17.266598928000064],[102.03508532300003,17.265213712000048],[102.03427233200006,17.263985141000035],[102.03438325000008,17.26295433000007],[102.03601687300005,17.262108089000037],[102.03782152500008,17.263458625000055],[102.03874898500004,17.262841009000056],[102.03954837500004,17.26315166200004],[102.03994022300009,17.262420408000025],[102.04127253100006,17.262776618000032],[102.04167358900008,17.262293472000067],[102.04388219000003,17.261530788000073],[102.04466835500006,17.262789535000024],[102.04528444700009,17.262809322000066],[102.04605839100009,17.260582423000074],[102.04668851700006,17.26058303600007],[102.04555546200004,17.259295955000027],[102.04614033000007,17.258425143000068],[102.04734442800009,17.25856910600004],[102.04760393100008,17.256948107000028],[102.04821776300008,17.257208568000067],[102.04749286900005,17.255307413000025],[102.04846483700004,17.255086082000048],[102.04898661800007,17.253698193000048],[102.04975249200004,17.254198459000065],[102.05139145200008,17.252313382000068],[102.05247245200007,17.25195121400003],[102.05241553100007,17.25071549100005],[102.05353992100004,17.25109163600007],[102.05369037100007,17.250133851000044],[102.05667318200005,17.251696663000075],[102.05639975200006,17.253572888000065],[102.05791889600005,17.253218306000065],[102.05893658400004,17.254102055000033],[102.06032694900006,17.254576453000027],[102.06147570000007,17.252816967000058],[102.06161203100004,17.251879899000073],[102.06267574100008,17.251889017000053],[102.06417281200004,17.250442518000057],[102.06476764100006,17.249269188000028],[102.06489845900006,17.250891609000064],[102.06619267800005,17.250405713000077],[102.06722600400008,17.251308834000042],[102.06782455700005,17.249596156000052],[102.06871961100006,17.249436458000048],[102.06806357900007,17.24869265700005],[102.07007235300006,17.247537328000078],[102.07706919300006,17.248203948000025],[102.08605691200006,17.21529205400003],[102.08685863400007,17.211677890000033],[102.08807544000007,17.210595012000056],[102.08933168200008,17.210443851000036],[102.09087059600006,17.209662200000025],[102.09360739600004,17.205479285000024],[102.09523829200003,17.19507694400005],[102.09524030000006,17.19276473800005],[102.09608082000005,17.189325283000073],[102.09677992100006,17.177071660000024],[102.09424657900007,17.174783881000053],[102.08773689200007,17.172001116000047],[102.08415114700006,17.167941088000077],[102.08399200900004,17.169402357000024],[102.08319291200007,17.169942909000042],[102.08304703800007,17.17161688300007],[102.08345938700006,17.17255902000005],[102.08280768300006,17.173248018000038],[102.08297045700004,17.174363011000025],[102.08223765200006,17.176146493000033],[102.08130657200007,17.176779812000063],[102.08116385400007,17.177907412000025],[102.08015706400005,17.179268121000064],[102.07909442400006,17.179262867000034],[102.07768761000005,17.182835612000076],[102.07563996300007,17.183382134000055],[102.07437781300007,17.185534094000047],[102.07332363600005,17.18627951900004],[102.06818719000006,17.187025666000068],[102.06661814000006,17.19165753300007],[102.06535689800006,17.193148875000077],[102.06440729900004,17.193634161000034],[102.06038685400006,17.19720195000002],[102.05795441200007,17.199536816000034],[102.05523843500004,17.20325154300002],[102.03999112000008,17.213732269000047],[102.03995928200004,17.21587395800003],[102.03743364600007,17.21762880400007],[102.03749675100005,17.219059737000066],[102.03808184900004,17.220131628000047],[102.03536729700005,17.219347148000054],[102.03544008800009,17.217964359000064],[102.03382828700006,17.217578786000047],[102.03419208700006,17.216523788000075],[102.03348854400008,17.215750379000042],[102.03133375700008,17.215623521000055],[102.03053181500007,17.215953117000026],[102.03035695000005,17.21480075100004],[102.02922165300004,17.213613940000073],[102.02831223400005,17.213543340000058],[102.02770975300007,17.212460711000062],[102.02782587300004,17.21115674200007],[102.02483777700007,17.207491470000036],[102.02393119000004,17.206014241000048],[102.02360669500007,17.20410835200005],[102.02524592200007,17.202163486000074],[102.02527306000007,17.200940718000027],[102.03196225800008,17.196307300000058],[102.03122171300004,17.19242711800007],[102.03006692800005,17.18928079500006],[102.02944306400008,17.185767458000043],[102.03445858300006,17.174623331000078],[102.03708897100006,17.17119891400006],[102.04010944100008,17.16984455100004],[102.04265503500005,17.167222561000074],[102.04314643600009,17.167693325000073],[102.04936717400005,17.17072221500007],[102.05419896000006,17.171590996000077],[102.05517811500005,17.17048697000007],[102.05986397900006,17.166816992000065],[102.06164723700005,17.16582342600003],[102.06318267600005,17.16423922000007],[102.06481133300008,17.163076672000045],[102.06794666000008,17.16221494000007],[102.07109444200006,17.16182077800005],[102.07578510400003,17.163276659000076],[102.07842662100006,17.163906695000037],[102.08497498400004,17.164382083000078],[102.08708631300004,17.16797269400007],[102.08758160100007,17.169820741000024],[102.09195528900005,17.170806583000058],[102.09364146200005,17.17140084700003],[102.09464328900003,17.17239234400006],[102.09585173800008,17.172816862000047],[102.09747138200004,17.17261201100007],[102.09906654400004,17.174785563000057],[102.09961922700006,17.17632003400007],[102.09953372900009,17.17955844000005],[102.10182495400005,17.178167037000037],[102.10407180200008,17.177330511000036],[102.10518126000005,17.176195497000037],[102.10835709700007,17.176070197000058],[102.11362583500005,17.17679086800007],[102.11581986200008,17.17769129800007],[102.11888403900008,17.179943881000042],[102.12311286300007,17.18196352800004],[102.12314143600008,17.185390820000066],[102.12243591500004,17.187921493000033],[102.12132985700003,17.187969044000056],[102.12092059100007,17.188646645000063],[102.11830261500006,17.18991700500004],[102.11719870100006,17.19015702300004],[102.11706813700005,17.191185417000042],[102.11566879400004,17.19177353500004],[102.11497149400009,17.19420828600005],[102.11411500600008,17.19510173900005],[102.11394983300005,17.196346266000035],[102.11090571600005,17.19783439100007],[102.11013634700004,17.199326960000064],[102.11092165300005,17.19965587400003],[102.11181139600006,17.201950089000036],[102.11153042800004,17.20230491800004],[102.11227311900006,17.204100779000044],[102.11181671800006,17.204099546000066],[102.11183801300007,17.205866896000032],[102.11083265700006,17.207643854000025],[102.10916426600005,17.207423520000077],[102.10938618400007,17.209533261000047],[102.10687639900004,17.211067884000045],[102.10530609200003,17.21372187700007],[102.10525505800007,17.21524917100004],[102.10445133300004,17.215914342000076],[102.10402990600005,17.21955164600007],[102.10311629400007,17.221016591000023],[102.10248423900003,17.223111955000036],[102.10548656700007,17.22813047900007],[102.10575385400006,17.22933613400005],[102.10483012700007,17.230617349000056],[102.09629439500009,17.23392671700003],[102.09517967000005,17.237399277000065],[102.09411007900007,17.23918007900005],[102.09394413700005,17.24148236800005],[102.09420274200005,17.243736154000032],[102.09345020900008,17.247179637000045],[102.09267976200005,17.24820037300003],[102.09228516300004,17.249954651000053],[102.09310177200007,17.25079661700005],[102.09455806300008,17.24991867600005],[102.09672832600006,17.24964661000007],[102.09878602200007,17.249744985000063],[102.10113406300007,17.250303909000024],[102.10298925900008,17.250112242000057],[102.10476444000005,17.25052872400005],[102.10552539600008,17.251948107000032],[102.10703512500004,17.25297166300004],[102.11086576500009,17.254816281000046],[102.11305800800005,17.257694039000057],[102.11360360800006,17.257314157000053],[102.11548628500009,17.258389919000024],[102.11834648800004,17.26057296700003],[102.12012765900005,17.26228603900006],[102.12641486300004,17.264966569000023],[102.13162318100007,17.267334643000027],[102.13609410900006,17.269562862000043],[102.13878274700005,17.271201277000046],[102.13837335000005,17.27271426300007],[102.14078042100004,17.29760742600007],[102.14114813500004,17.30001861200003],[102.13998274100004,17.29921186000007],[102.14047526400009,17.300239111000053],[102.13904883500004,17.30111809500005],[102.13732949000007,17.299760691000074],[102.13616479400008,17.300123033000034],[102.13555204600004,17.299140916000056],[102.13501194900005,17.29994692400004],[102.13233504900006,17.30063955600002],[102.13230214700008,17.302061784000045],[102.13052101700004,17.302353346000075],[102.12985403000005,17.303817003000063],[102.12811093300007,17.30408380600005],[102.12724596100009,17.303145793000056],[102.12740975200006,17.304840170000034],[102.12597340000008,17.30428592100003],[102.12398743900008,17.304702083000052],[102.12231090300008,17.304274527000075],[102.12072742900006,17.304619889000037],[102.12044954100008,17.30547291700003],[102.12156420600007,17.30598347800003],[102.12103527500005,17.30745735100004],[102.12050985700006,17.306467377000047],[102.11904673300006,17.30622683400003],[102.11947909200006,17.307109551000053],[102.11905130700006,17.308205945000054],[102.12010978400008,17.309212093000042],[102.12100635100006,17.308784539000044],[102.12149906300004,17.310062235000032],[102.12103530500008,17.310889084000053],[102.12019733500006,17.31389239600003],[102.11890175000008,17.315687877000073],[102.11805204000007,17.318421138000076],[102.11741507200009,17.322059627000044],[102.11842034300008,17.322682988000054],[102.10713842300004,17.331623515000047],[102.10708945400006,17.332645330000048],[102.10783443800005,17.33304417000005],[102.11008765100007,17.332727870000042],[102.11086244000006,17.33393978400005],[102.11212531000007,17.334017655000025],[102.11388052500007,17.335094327000036],[102.11740200100007,17.33861508700005],[102.11674006700008,17.339986898000063],[102.11581714100004,17.34023342000006],[102.11540888400003,17.34170798300005],[102.11471430900008,17.341840369000067],[102.11433267800004,17.344820491000064],[102.11441923400008,17.346413390000066],[102.11381195900003,17.349502038000026],[102.11397600500004,17.352550075000067],[102.11509940800005,17.356850348000023],[102.11609477200005,17.357602671000052],[102.11612690900006,17.359861574000035],[102.11669418000008,17.361003682000046],[102.11681236000004,17.362499710000066],[102.11870375300003,17.361672960000078],[102.12148217200007,17.36402652000004],[102.12308978900006,17.363545028000033],[102.12543611400008,17.364229136000063],[102.12626600600004,17.366428855000038],[102.12912110600007,17.366991426000027],[102.13215674400004,17.36810828700004],[102.13140264000003,17.36930514200003],[102.11999317800007,17.37499546400005],[102.11817271400008,17.37531752800004],[102.11804202800005,17.376235204000068],[102.11950738900003,17.377856707000035],[102.12079673600005,17.37848292500007],[102.12222555800008,17.380575668000063],[102.12204654500005,17.38167091300005],[102.12272825000008,17.385849465000035],[102.12174954000005,17.390275639000038],[102.12210855300003,17.391852414000027],[102.12399786600008,17.392861502000073],[102.12520863200007,17.39309643000007],[102.12631975600004,17.395075200000065],[102.12507168400003,17.39566367200007],[102.12420857100005,17.397075229000052],[102.12271593100007,17.39771440000004],[102.12271411200004,17.398236832000066],[102.12097166800004,17.398313813000073],[102.12039861200009,17.399397615000055],[102.11895908200006,17.399918847000038],[102.11940166800008,17.400573294000026],[102.11673521300008,17.402137959000072],[102.11669266800004,17.402961876000063],[102.11535754500005,17.404552800000033],[102.11417403900003,17.404712604000053],[102.11065579300003,17.408583642000053],[102.11100367300008,17.409282665000035],[102.11050077900006,17.41029891000005],[102.10954690400007,17.410779473000048],[102.10847003300006,17.41254635200005],[102.10636323200004,17.41365353300006],[102.10540134500008,17.41675990600004],[102.10402133600007,17.41766980400007],[102.10228594300008,17.422583888000077],[102.10238718000005,17.42409308300006],[102.10175933900007,17.42674097500003],[102.10008194900007,17.428056815000048],[102.10011633400006,17.430540970000038],[102.09898775700003,17.430967429000077],[102.09855530200008,17.432657464000044],[102.09889480400005,17.43342403200006],[102.09674720300006,17.436754165000025],[102.10505463100009,17.446807810000053]]]},"properties":{"Shape_Leng":1.3606451307,"Shape_Area":0.0265634534448,"ADM2_EN":"Na Wang","ADM2_TH":"นาวัง","ADM2_PCODE":"TH3906","ADM1_EN":"Nong Bua Lam Phu","ADM1_TH":"หนองบัวลำภู","ADM1_PCODE":"TH39","ADM0_EN":"Thailand","ADM0_TH":"ประเทศไทย","ADM0_PCODE":"TH"}}
]}