{"type":"FeatureCollection", "features": [
{"type":"Feature","geometry":{"type":"Polygon","coordinates":[[[101.44086593500003,14.25509334800006],[101.43386562800004,14.25565337300003],[101.42912157700005,14.256843506000052],[101.42550263500004,14.255358299000022],[101.41452073700003,14.25374776800004],[101.41301013200007,14.253926575000037],[101.40567345300008,14.261515641000074],[101.40332260300005,14.265312644000062],[101.39894913000006,14.269516055000054],[101.39682742100007,14.27272034400005],[101.39285533900005,14.274484288000053],[101.38983297900006,14.273359265000067],[101.38549617100006,14.273144486000035],[101.38338418700005,14.273763707000057],[101.38101100300008,14.272158044000037],[101.38150797500003,14.26965285500006],[101.38342014600005,14.267534929000021],[101.38191408000006,14.26391919300005],[101.38251058100008,14.261855340000068],[101.38136494200006,14.259269991000053],[101.37879210900007,14.258431250000058],[101.37840431100005,14.256285215000048],[101.38173881300008,14.251487140000052],[101.38267573300004,14.249091042000032],[101.38242046900007,14.24645730800006],[101.37874353800004,14.23869650100005],[101.38018464400005,14.235965589000045],[101.38247887300008,14.234884649000037],[101.38401918600005,14.232623624000041],[101.38251407200005,14.22887550300004],[101.38433641500006,14.228336266000042],[101.38455267000006,14.22615567300005],[101.38627335600006,14.225339908000024],[101.38521673400004,14.223020252000026],[101.38646301900008,14.219516555000041],[101.38277430800008,14.215088915000024],[101.38164750900006,14.212409053000044],[101.38297748600007,14.210845554000059],[101.37928694500005,14.210512985000037],[101.37804463400005,14.21165644100006],[101.37451702700008,14.209914242000025],[101.37269485300004,14.204818329000034],[101.36785315900005,14.203445349000049],[101.36689628400006,14.201538389000063],[101.36406919100006,14.203002082000069],[101.36273360800004,14.201305254000033],[101.36146466100007,14.202967436000051],[101.35818019200008,14.20236510500007],[101.35437959700005,14.200372677000075],[101.35051700200006,14.199498522000056],[101.35045330700007,14.19737791800003],[101.34557888300009,14.196863428000029],[101.34565715700006,14.194069152000054],[101.34213130800003,14.191809099000068],[101.34030261700008,14.188294229000064],[101.33735548800007,14.187656184000048],[101.33504213400005,14.18582944600007],[101.33454568400003,14.18402891200003],[101.33032554500005,14.182079096000052],[101.32893971900006,14.179332067000075],[101.32823263800009,14.17474568700004],[101.32427371500006,14.176041163000036],[101.32021399300004,14.174111310000058],[101.31694338900007,14.173786954000036],[101.31743173700005,14.172690045000024],[101.31458857400008,14.172914140000046],[101.31118122400005,14.169071558000041],[101.31233436800005,14.16733503200004],[101.31141803100007,14.164399673000048],[101.30783630400003,14.164056578000043],[101.29873287300006,14.158541791000061],[101.29926519700007,14.157167337000033],[101.29618024800004,14.157992686000057],[101.29639416000003,14.15661411800005],[101.29243730000007,14.153777025000068],[101.29037517100005,14.153533838000044],[101.29051079500005,14.151670891000037],[101.28856823700005,14.149426267000024],[101.28948722700005,14.146023196000044],[101.28886258000006,14.142140254000026],[101.28719704200006,14.139743137000039],[101.28817912000005,14.136488062000069],[101.28638687300008,14.133679364000045],[101.28729433200004,14.131798940000067],[101.29019570900005,14.129243145000032],[101.29158837600005,14.126584900000069],[101.29378863700003,14.124605920000022],[101.30362471700005,14.120198893000065],[101.30441590600009,14.117763529000058],[101.30842434900006,14.112100788000078],[101.30843413000008,14.107091294000043],[101.30739708800007,14.100637164000034],[101.30887258300004,14.09564845500006],[101.31318696300008,14.091049798000029],[101.31640248000008,14.08590096100005],[101.31870395100003,14.084970242000054],[101.32123220600005,14.077255618000038],[101.27848321400006,14.05484004300007],[101.27824518000006,14.053410127000063],[101.28149405200008,14.053956605000053],[101.28303805200005,14.05099126400006],[101.28162350800005,14.04889072900005],[101.28364530400006,14.049000687000046],[101.28188907100008,14.04659007500004],[101.28233580300008,14.042538211000021],[101.28434047700006,14.04255143000006],[101.28450687300005,14.040511433000063],[101.28318600200004,14.038601235000044],[101.28562060100006,14.035478801000068],[101.28579257600006,14.032229846000064],[101.28304379800005,14.029931988000044],[101.28371731000004,14.02822939300006],[101.28305553800004,14.024836778000065],[101.28037598800006,14.024181633000069],[101.28305745400007,14.022303191000049],[101.28355978000008,14.020247636000022],[101.28283025700006,14.016699128000027],[101.28548835700008,14.018006126000046],[101.28382516900007,14.01507736800005],[101.28475951600007,14.011739784000042],[101.29070610600007,14.012278072000072],[101.29572134300008,14.012056445000042],[101.30185520300006,14.009696384000051],[101.30434058500003,14.00774950300007],[101.30659044200007,14.003964887000052],[101.30934037800006,14.001732395000033],[101.31192670800004,13.99680928600003],[101.31117729600004,13.99292379800005],[101.31284480300008,13.990897468000071],[101.31183810300007,13.989306808000038],[101.31341581100008,13.988475084000072],[101.31323353900007,13.985316778000026],[101.31613340500007,13.979100048000078],[101.32045784000007,13.978326252000045],[101.32211137500008,13.97683072600006],[101.32462045500006,13.978207905000033],[101.32727209400008,13.976766591000057],[101.33228708600006,13.97595775800005],[101.34024563800006,13.97749828700006],[101.34268185000008,13.979364286000077],[101.34590818500004,13.97436801400005],[101.34542602000005,13.971061912000039],[101.34721596500003,13.966813711000043],[101.35031594100008,13.96475140800004],[101.35162844200005,13.960307773000068],[101.35816958100008,13.958270489000029],[101.36371160000004,13.953618333000065],[101.36527094200005,13.953409695000062],[101.36496493300007,13.94911148600005],[101.36998012000004,13.946710669000026],[101.37421366000007,13.946126913000057],[101.37781903300004,13.947165268000049],[101.37836574000005,13.948398510000061],[101.38490866700005,13.948864879000041],[101.38793725100004,13.94782540600005],[101.38818672800005,13.958634761000042],[101.38894372600004,13.98988900200004],[101.38652960200005,13.996462435000069],[101.38990042700004,13.994532870000057],[101.39026797000008,13.998013133000029],[101.39254235100003,13.99862422700005],[101.39508124100007,13.996979443000043],[101.39510336900008,13.99466532100007],[101.39968665500004,13.992851809000058],[101.40291616300004,13.994095998000034],[101.40424749000005,13.992722224000033],[101.40746347100009,13.991919277000022],[101.40952202400007,13.99502188100007],[101.41407788300006,13.997531817000038],[101.41923277900008,13.999359692000041],[101.42730924100005,13.999055868000028],[101.42769267200003,13.999891577000028],[101.43197781000003,13.999817972000073],[101.43182692500005,14.00120705300003],[101.43544694900004,14.001920209000048],[101.43565487500007,14.003358004000063],[101.44085134100004,14.003651218000073],[101.44641790200006,14.003324820000046],[101.45026107800004,14.003661261000047],[101.45366402900004,13.999877844000025],[101.45876707800005,14.003901795000047],[101.45971146600004,14.007128071000068],[101.46337748500008,14.00862022800004],[101.46096895300008,14.009705628000063],[101.45391074500009,14.016371694000043],[101.45487148900008,14.018428700000072],[101.45373300500006,14.021088946000077],[101.45513647900003,14.023510482000063],[101.45210199500008,14.025024748000021],[101.45036888300007,14.027474146000031],[101.44812493900008,14.028911510000057],[101.44524070400007,14.033498627000029],[101.44545956800005,14.035784513000067],[101.44794020000006,14.037376445000064],[101.44865202300008,14.033914325000069],[101.45127250400009,14.035951301000068],[101.45395834700008,14.033227141000054],[101.45620542000006,14.032231090000039],[101.45754265800008,14.03328170900005],[101.45584504100003,14.03775586100005],[101.45307274800007,14.037417423000022],[101.45250146700005,14.038729330000024],[101.45700840600006,14.039618263000023],[101.45759990900007,14.042193458000042],[101.45463133900006,14.043433922000077],[101.45494550500007,14.044520574000046],[101.46008331100006,14.04449127600003],[101.45937810300006,14.046953466000048],[101.45752821000008,14.046487590000027],[101.45708159600008,14.051436575000025],[101.45840281900007,14.05356266800004],[101.46114577300006,14.053193442000065],[101.46242066000008,14.05647577600007],[101.46541471100005,14.05102185800007],[101.46720174000006,14.054115381000031],[101.47106899800008,14.055574670000055],[101.47358186300005,14.054573833000063],[101.47539375800005,14.055596343000047],[101.47503931300008,14.058697388000041],[101.47826109300007,14.057778140000039],[101.47878192000007,14.059218247000047],[101.48109774300008,14.05792682300006],[101.48277667700006,14.060780392000026],[101.48362314900004,14.059179972000038],[101.48784638400008,14.059492571000021],[101.48479415400004,14.061792192000041],[101.48718370100005,14.06458698800003],[101.48697891100005,14.067469694000067],[101.49061204800006,14.066103130000045],[101.49102001900008,14.072657286000037],[101.48848100400005,14.075703000000033],[101.48474113500004,14.078224504000048],[101.48428484800007,14.080644945000074],[101.48900479000008,14.085942468000042],[101.48945783900007,14.089905427000076],[101.49119057000007,14.093837248000057],[101.49417935500009,14.09731060300004],[101.49527060700007,14.10023850500005],[101.49262553300008,14.101576574000035],[101.49334110700005,14.106101591000026],[101.48909899700004,14.11226206400005],[101.49018369900006,14.115647214000035],[101.48903967600006,14.116102000000069],[101.48988416000009,14.119995857000049],[101.48827203600007,14.121070213000053],[101.48845504500008,14.12337982300005],[101.48579698000003,14.124994048000076],[101.48188437900006,14.124997263000068],[101.48259999400005,14.127888260000077],[101.47452324200003,14.13050935900003],[101.46906276400006,14.131041174000075],[101.47063599700004,14.137748479000038],[101.46960752000007,14.143739134000043],[101.46946687900004,14.15510590100007],[101.46985907000004,14.15959325800003],[101.46628405500007,14.161298933000069],[101.46707162500007,14.162904128000037],[101.46349978800004,14.165742367000064],[101.46195180900008,14.171688500000073],[101.46331032400008,14.173762174000046],[101.46094667700004,14.177395553000053],[101.45978623800005,14.181733617000077],[101.45771661700007,14.184001548000026],[101.45724949900006,14.186987389000024],[101.45376356800006,14.19130566900003],[101.45117652600004,14.195367506000025],[101.44677929200009,14.193965596000055],[101.44268111000008,14.196047848000035],[101.44186343100006,14.197201361000054],[101.43525395600005,14.198180688000036],[101.42665130700004,14.198829015000058],[101.42279041300009,14.199700053000072],[101.42122444100005,14.201143793000028],[101.42144803700006,14.205647752000061],[101.42473820400005,14.210072396000044],[101.42480309700005,14.214249479000046],[101.42638408200008,14.218849759000022],[101.43048963000007,14.219694942000046],[101.43170755800008,14.223158799000032],[101.43386481100003,14.223575187000051],[101.43714572700009,14.227027600000042],[101.43745202300005,14.231010685000058],[101.43625274300007,14.234617182000022],[101.43847886200007,14.241520399000024],[101.43652671300003,14.245293246000074],[101.43692252200003,14.248063657000046],[101.44066127000008,14.251422519000073],[101.44086593500003,14.25509334800006]]]},"properties":{"Shape_Leng":1.28613119837,"Shape_Area":0.039598283823,"ADM2_EN":"Mueang Prachin Buri","ADM2_TH":"เมืองปราจีนบุรี","ADM2_PCODE":"TH2501","ADM1_EN":"Prachin Buri","ADM1_TH":"ปราจีนบุรี","ADM1_PCODE":"TH25","ADM0_EN":"Thailand","ADM0_TH":"ประเทศไทย","ADM0_PCODE":"TH"}},
{"type":"Feature","geometry":{"type":"Polygon","coordinates":[[[101.96164810000005,14.023251278000032],[101.95746976000004,14.022306318000062],[101.95284198100006,14.022967784000059],[101.95080678400006,14.022538903000054],[101.94374266700004,14.024825700000065],[101.93154202100004,14.02224112700003],[101.92124272100006,14.019627724000031],[101.91592402200007,14.02015601100004],[101.91400774100003,14.019412465000073],[101.90501776500008,14.018112428000052],[101.89836378200005,14.017801046000045],[101.89589590200006,14.018216513000027],[101.88307253700003,14.014082393000024],[101.87707498900005,14.013670664000074],[101.86242730000004,14.011403467000036],[101.86259845800004,14.013149746000067],[101.86961370300008,14.014806364000037],[101.86957260900004,14.016727288000027],[101.87366422800005,14.01776052200006],[101.87730976400007,14.017654883000034],[101.88116306300009,14.016593886000067],[101.88648018800006,14.019317477000072],[101.88621812400004,14.025588735000042],[101.88500167000007,14.026424661000021],[101.88651430200008,14.030846136000036],[101.88632367300005,14.03321974000005],[101.88371608600005,14.034320696000066],[101.88281177600004,14.042197229000067],[101.88395744900004,14.044489225000063],[101.88660850800005,14.046405593000031],[101.88520338600006,14.049120181000035],[101.88715687000007,14.050067350000063],[101.89134300900008,14.048468678000063],[101.89370013400008,14.050405983000076],[101.89787141600004,14.051053196000055],[101.89654479400008,14.057285572000069],[101.89643968200005,14.06102308100003],[101.89439212000008,14.061451265000073],[101.89282319900008,14.063409680000063],[101.89344210800004,14.068676350000032],[101.89440050100006,14.070606732000044],[101.89371945600004,14.074206224000022],[101.89525491800003,14.076710400000024],[101.89780461100008,14.075958022000066],[101.89840945000009,14.078094964000059],[101.90366332600007,14.081336796000073],[101.90474374800004,14.08332432900005],[101.90398875400007,14.084931063000056],[101.90640207600006,14.085311886000056],[101.90733379300008,14.089441884000053],[101.90614381000006,14.09035990500007],[101.91078132200005,14.098429902000078],[101.89633734000006,14.109895275000042],[101.88204318400005,14.121928710000077],[101.87989712600006,14.124856607000027],[101.87756503300005,14.11946236500006],[101.87472544800005,14.115059786000074],[101.87370836600007,14.111679516000038],[101.86869046900006,14.111805827000069],[101.86648245000003,14.114617245000034],[101.86247609200007,14.114580344000046],[101.86213814600006,14.113017762000027],[101.86439830000006,14.109701231000031],[101.86468234200004,14.107437964000042],[101.86325724900007,14.10485869100006],[101.86542676800008,14.104097099000057],[101.86671979100004,14.10198697800007],[101.86478067900003,14.097206017000076],[101.86211737800005,14.102500401000043],[101.85977536200005,14.104210987000044],[101.85599525400005,14.108766141000046],[101.85487435600004,14.107766382000023],[101.85490934500007,14.101391632000059],[101.85330870600006,14.101099666000039],[101.85217329000005,14.103074462000052],[101.84647215900009,14.10363161500004],[101.84028559900008,14.105443455000056],[101.82820056600008,14.092075415000068],[101.82630214200009,14.089527875000044],[101.82429035600006,14.090086658000075],[101.82325780900004,14.093055787000026],[101.82043503400007,14.094180175000076],[101.82348888500007,14.099137545000076],[101.81828250600006,14.098498904000053],[101.81681714000007,14.099658204000036],[101.81266121100003,14.096904839000047],[101.80867928400005,14.097500726000021],[101.80654081900008,14.09413088100007],[101.80586962500007,14.091044887000066],[101.80275489100006,14.087686057000042],[101.80438124400007,14.085678813000072],[101.80339962900007,14.081641920000038],[101.80143170900004,14.07891154500004],[101.79820203100007,14.07695799000004],[101.79577064300008,14.077314497000032],[101.79318203100007,14.071610725000028],[101.79165956700007,14.070781456000077],[101.79145110400003,14.066756773000066],[101.79025856600003,14.061924797000074],[101.79155054300008,14.060359659000028],[101.79200265400004,14.055957555000077],[101.78800416900003,14.054308571000035],[101.78458080400009,14.050854528000059],[101.78261517400006,14.051270306000049],[101.78143379100004,14.04946325000003],[101.77831226300003,14.049234297000055],[101.77779395500005,14.051724509000053],[101.77601834200004,14.051795108000022],[101.77574485600007,14.048628430000065],[101.77432193300007,14.048542911000027],[101.77154275200007,14.045336074000033],[101.76842538200003,14.047216847000072],[101.76746762500005,14.046614010000042],[101.76606430500004,14.042477835000057],[101.76296350800004,14.040809072000059],[101.76148394600006,14.03770637200006],[101.76321886200009,14.035888441000054],[101.75968506900006,14.035730213000022],[101.75826621300007,14.033260117000054],[101.75809515800006,14.035055219000071],[101.75556263300007,14.035094549000064],[101.75343984700004,14.037529585000073],[101.75060572900009,14.039062483000066],[101.75272626900005,14.041075268000043],[101.75181975700008,14.045346412000072],[101.74596778900008,14.046126404000063],[101.74449531700009,14.04774709700007],[101.74475181100007,14.04981556000007],[101.74286926700006,14.05339912900007],[101.74329754900003,14.059308271000077],[101.74550553100005,14.059765343000038],[101.74741424700005,14.057952705000048],[101.74888466600004,14.060376346000055],[101.74672670200005,14.063264424000067],[101.74711139000004,14.06466720000003],[101.75357791300007,14.064820447000045],[101.75522061500004,14.067310946000077],[101.75469201600004,14.068940613000052],[101.75068394100003,14.072012210000025],[101.74656224000006,14.07402107400003],[101.74393252700008,14.07746127200005],[101.74331271400007,14.08043024500006],[101.74393058800007,14.082784877000051],[101.74804561500008,14.081257042000061],[101.75114006400008,14.08416396900003],[101.75195321100006,14.08682138200004],[101.75027939600005,14.087637549000021],[101.74557638400006,14.08721392600006],[101.74399093600005,14.088233191000029],[101.73919214900008,14.087237492000042],[101.73895958000008,14.08485517500003],[101.73586581400008,14.085398074000068],[101.73568322500006,14.082343693000041],[101.73204101100004,14.083191928000076],[101.72758229300007,14.08109666300004],[101.72266875900004,14.081663349000053],[101.71980540900006,14.083641658000033],[101.72055102900003,14.086445834000074],[101.71995593000008,14.088970981000045],[101.71706694000005,14.090252251000038],[101.71506231500007,14.092700844000035],[101.71207195000005,14.093564824000055],[101.70755987100006,14.093048536000026],[101.70365382100005,14.096437110000068],[101.70160874700008,14.102075097000068],[101.69805323700007,14.102324439000029],[101.69505312000007,14.100351214000057],[101.69030493600008,14.10043809900003],[101.68651167300004,14.099304722000056],[101.68552573000005,14.096842895000066],[101.68337698700009,14.094920178000052],[101.68174961600005,14.097857869000052],[101.67795127900007,14.100779529000022],[101.67576367000004,14.103788439000027],[101.66923279900004,14.105175735000046],[101.66798838000005,14.107635064000021],[101.66815467300006,14.110348285000043],[101.66495401000009,14.111987808000038],[101.66311234700004,14.116386503000058],[101.65928595000008,14.118486509000036],[101.65846872700007,14.115664596000045],[101.65604914900007,14.111771542000042],[101.65591129100005,14.10992576800004],[101.65345755100009,14.107927392000022],[101.65428158900005,14.107104765000031],[101.65304279800006,14.10302667700006],[101.65141189100007,14.101240059000077],[101.65064047200008,14.098090520000028],[101.64842807900004,14.096798398000033],[101.64580348700008,14.091109182000025],[101.64296200900009,14.090037130000042],[101.64331055800005,14.08719482400005],[101.64105891100007,14.08453774000003],[101.63860301900007,14.074470267000038],[101.63725651000004,14.072987570000066],[101.63308891600008,14.070742920000043],[101.62983506700004,14.066068845000075],[101.62439651900007,14.063003103000028],[101.62166305000005,14.056669570000054],[101.61911863200004,14.054803063000065],[101.61352093200009,14.054241234000074],[101.60913714900005,14.047258156000055],[101.60881093100005,14.042243816000052],[101.60644247000005,14.036914463000073],[101.60321424700004,14.03186887000004],[101.60281233300009,14.029734217000055],[101.59951260800005,14.02726891900005],[101.59986804700009,14.024024956000062],[101.59561828500006,14.019856206000043],[101.59460627400006,14.015422172000058],[101.59259891900007,14.010455672000035],[101.59776561000007,14.009506372000033],[101.59663693300007,14.004168851000031],[101.59572298700004,14.003846336000038],[101.59637542100006,14.000591715000041],[101.59962501700005,13.999576343000058],[101.60020889200007,14.000600837000036],[101.60374217200007,14.000682236000046],[101.60618497700005,13.99932676900005],[101.60685570200008,13.995856526000068],[101.60513349100006,13.994456120000052],[101.60262645800003,13.995048436000047],[101.59897165200005,13.991850213000077],[101.59860448100005,13.988902130000042],[101.59558955100005,13.98663840000006],[101.59645317100006,13.983983384000055],[101.59908889000008,13.981473402000063],[101.60305980600003,13.980620805000058],[101.60477273800007,13.978487635000022],[101.60754771700005,13.977481993000026],[101.61076038600004,13.977773648000039],[101.61115771000004,13.97225521100006],[101.61016233700008,13.970212151000055],[101.60756523600008,13.968757888000027],[101.60509491000005,13.969259905000058],[101.60310835300004,13.971014980000064],[101.59909962100005,13.968981503000066],[101.59474135800008,13.969829454000035],[101.59518960700007,13.968349291000038],[101.59999833100005,13.96774388600005],[101.59984693500007,13.966340493000075],[101.60272809100007,13.959358859000076],[101.59920979700007,13.957543903000044],[101.60028935900004,13.955626809000023],[101.59892683900006,13.952731932000063],[101.60018885800008,13.951589414000068],[101.59848971600007,13.944955711000034],[101.59742736400005,13.942705858000068],[101.59838541800008,13.93879419600006],[101.60044499900005,13.936335377000034],[101.60152794800007,13.930393267000056],[101.60297714500007,13.929345976000036],[101.60696286800004,13.929157502000066],[101.60878676200008,13.924870517000045],[101.60872323800004,13.92175295800007],[101.61517599600006,13.913033153000072],[101.61455610300004,13.91188463800006],[101.61930610300004,13.908759186000054],[101.62231649700004,13.90914340200004],[101.62611447000006,13.906523100000072],[101.62573196700004,13.90461891800004],[101.62296647900007,13.900424172000044],[101.62462252000006,13.897641142000055],[101.62382909400009,13.894045427000037],[101.62535688900005,13.888846132000026],[101.62680323700005,13.887008902000048],[101.62504386300009,13.884652085000027],[101.62486090400006,13.87881079500005],[101.62279398700008,13.876267106000057],[101.62388459300007,13.869782416000021],[101.62354776500007,13.863274201000024],[101.62234364700004,13.858909772000061],[101.62341950300004,13.858562931000051],[101.62540128100005,13.85354893400006],[101.62113697000007,13.850394943000026],[101.61559049600004,13.849894069000072],[101.61299718000004,13.849079411000048],[101.61009262500005,13.842314302000034],[101.60977018300008,13.840420392000055],[101.61124044200005,13.838296789000026],[101.61107154300004,13.831786687000033],[101.61356914600003,13.826095746000021],[101.61692686000004,13.82547872300006],[101.61905381200006,13.821690818000036],[101.62082023500005,13.821379938000064],[101.62222125900007,13.819228270000053],[101.62557850300004,13.816786967000041],[101.62498000900007,13.813015273000076],[101.62664023700006,13.810618791000024],[101.63075370300004,13.807683892000057],[101.63295691700006,13.807392975000027],[101.63419527600007,13.805508619000022],[101.63859835000005,13.80504355200003],[101.64212777900008,13.803945403000057],[101.65304728000007,13.798799650000035],[101.65688642600009,13.796317343000055],[101.65917182400005,13.796804735000023],[101.66513293000008,13.795468933000052],[101.66977573500009,13.796147638000036],[101.67931688300007,13.79488034600007],[101.68162941100007,13.793611540000029],[101.68236946800005,13.791749740000057],[101.68653069700008,13.788251046000028],[101.69138736900004,13.786250335000034],[101.69397908800005,13.782008396000037],[101.69416224300005,13.777437281000061],[101.69135283300005,13.776276817000053],[101.68917315300007,13.76081868600005],[101.68711480700006,13.75762701800005],[101.69227084200008,13.757396892000031],[101.69672048600006,13.75545571300006],[101.70026217300006,13.757305790000032],[101.71115139400007,13.756198310000059],[101.71789762000009,13.755001631000027],[101.72565751400003,13.755249751000065],[101.72743436200005,13.757249905000037],[101.73034678500005,13.76323392300003],[101.73109706700006,13.76621202900003],[101.73827953500006,13.768394958000044],[101.73904355800005,13.769595679000076],[101.75842343800008,13.772734377000063],[101.75964669400008,13.769848190000062],[101.76295963800004,13.768342361000066],[101.76623128900007,13.768061210000042],[101.76930688400006,13.75734446000007],[101.76715257200004,13.756170506000046],[101.76430159700004,13.756947652000065],[101.76265780200004,13.754173589000061],[101.76480893800004,13.750991337000073],[101.76756527500004,13.750793733000023],[101.77672186500007,13.743832583000028],[101.78019604400004,13.742143722000037],[101.78265755900009,13.741843237000069],[101.78660224600009,13.73818187300003],[101.79028339400008,13.736606794000068],[101.78945064700008,13.733866729000056],[101.79250485900008,13.733036386000038],[101.79272137800007,13.730419136000023],[101.79179419800005,13.725688448000028],[101.79048809800008,13.725163380000026],[101.78927256300005,13.720694112000047],[101.79119096100004,13.719924706000029],[101.79102804300004,13.717458719000035],[101.79323289800004,13.71742372600005],[101.79210083900006,13.715951138000037],[101.79286036900004,13.71028599400006],[101.79217663500003,13.709019572000045],[101.79350563000008,13.705072704000031],[101.79526839500005,13.704059440000037],[101.79900088300008,13.705449319000024],[101.80709535300008,13.703700076000075],[101.80965343600008,13.699778471000059],[101.81162103700007,13.698644434000073],[101.81274365700006,13.702239649000035],[101.81408061500008,13.703147172000058],[101.81712970200005,13.702963657000055],[101.81791563800004,13.705679032000035],[101.82134309300005,13.70450403700005],[101.82462811300007,13.70537064900003],[101.82826435700008,13.705237237000063],[101.83029861800009,13.704099936000034],[101.83344926000007,13.695369912000046],[101.83299583500008,13.693998696000051],[101.83640831300005,13.693028753000021],[101.83882096600007,13.68529576700007],[101.84031889500005,13.683368097000027],[101.83937680100007,13.682543365000072],[101.84127755200007,13.680413792000024],[101.84093430700005,13.679008517000057],[101.83828271000004,13.677483192000068],[101.83870126200009,13.676103631000046],[101.83574085500004,13.674273836000054],[101.83714625800008,13.67017469600006],[101.83874740900006,13.668653795000068],[101.83743503800008,13.667854448000071],[101.83718062200006,13.66489621200003],[101.83833186300006,13.663414569000054],[101.83751236900008,13.655822435000061],[101.83547589000005,13.655042063000053],[101.83473777800003,13.651527477000059],[101.83295347300003,13.647554243000059],[101.83491836100006,13.643636876000073],[101.83339018100008,13.641620502000023],[101.83196805300008,13.636139946000071],[101.83762800600005,13.636417971000071],[101.84444046400006,13.635655867000025],[101.84679385100009,13.636209203000021],[101.85942048400005,13.635901769000043],[101.86137971200009,13.633004822000032],[101.86292437000009,13.633448754000028],[101.86537807200006,13.630736996000053],[101.86475876200006,13.625282966000043],[101.86535319900008,13.62106404800005],[101.86846274600003,13.613682150000045],[101.87023812700005,13.611043925000047],[101.87123735600005,13.603725908000058],[101.87327844800006,13.601713809000046],[101.87707915300007,13.60117445700007],[101.87763948100007,13.602336973000035],[101.88076637500006,13.60094550100007],[101.88159991400005,13.598567160000073],[101.88362656400005,13.598619438000071],[101.88526450100005,13.597165327000027],[101.88580744400008,13.59378104700005],[101.88701300100007,13.592055560000063],[101.88692499300004,13.588764583000057],[101.88953339600005,13.583863520000023],[101.88937264800006,13.582400162000056],[101.89191066400008,13.583237589000078],[101.89237561200008,13.584823965000055],[101.89643629800008,13.58404465600006],[101.89726728000005,13.582879223000077],[101.90051033300006,13.585224159000063],[101.90382486500005,13.586615350000045],[101.90732258400004,13.587023969000029],[101.91327679100004,13.586827742000025],[101.91406157600005,13.585437355000067],[101.91664918000004,13.586115384000038],[101.91307138000008,13.587912041000038],[101.91345156300008,13.593277662000048],[101.91203866400008,13.596355084000038],[101.90883755500005,13.600104108000039],[101.90955413000006,13.605287284000042],[101.91362776100004,13.607285681000064],[101.91608395700007,13.607425340000077],[101.91978891300005,13.610616721000042],[101.92468018900007,13.61013654900006],[101.92526377700005,13.610970846000043],[101.93409884200008,13.610868807000031],[101.93577788700009,13.613549115000069],[101.94059875100004,13.616356118000056],[101.94234847800004,13.619105827000055],[101.93873310600009,13.626313319000076],[101.93707143300009,13.627139545000034],[101.93688458100007,13.632197551000047],[101.93970583100008,13.637503692000053],[101.93930252700005,13.641837805000023],[101.94089071300004,13.643427922000058],[101.93861686100007,13.646002544000055],[101.93943104800007,13.648258714000065],[101.94328560400004,13.649459511000032],[101.94566925700008,13.655092703000037],[101.94685640300008,13.66043353200007],[101.94616439300006,13.66148937500003],[101.94795942900004,13.663979400000073],[101.94819054300007,13.667242884000075],[101.94641970600009,13.669088209000051],[101.94800551800006,13.67126225100003],[101.94632992600003,13.67380445200007],[101.94650373700006,13.675344768000059],[101.94425349400007,13.677443175000064],[101.94533754400004,13.679804355000044],[101.94478979500008,13.688726497000061],[101.94257986900004,13.69208556500007],[101.94318157300006,13.693460508000044],[101.94245205500005,13.699212330000023],[101.94317859700004,13.702164463000031],[101.94162733800005,13.701541784000028],[101.94174555200004,13.706315740000036],[101.94000053500008,13.706034080000052],[101.94018605800005,13.708015814000078],[101.93905462700008,13.712795577000065],[101.93729964300007,13.714389477000054],[101.93980698700005,13.719493388000046],[101.93798832100003,13.722497761000056],[101.93976822800005,13.72755360900004],[101.93876225200006,13.72812887300006],[101.94012128900005,13.734934831000032],[101.94185356700007,13.738716280000062],[101.93948663800006,13.738696307000055],[101.93579130200004,13.740870142000063],[101.93818607200006,13.742959392000046],[101.94090145700005,13.749644234000073],[101.94085833700007,13.753463373000045],[101.94218779100004,13.754829119000021],[101.94134105000006,13.75725699700007],[101.94257705200005,13.76198179000005],[101.94215315800005,13.765211298000054],[101.94370574000004,13.769190425000033],[101.94367441400004,13.777036691000035],[101.94471282300003,13.784716931000048],[101.94389849500004,13.788761467000029],[101.94557020400003,13.792657126000051],[101.94773028800006,13.800192501000026],[101.94592762000008,13.801997649000043],[101.94685012200006,13.803526464000072],[101.94516881200008,13.807968293000044],[101.94140870200005,13.811849936000044],[101.93776180300006,13.81106567300003],[101.93449682600004,13.813145467000027],[101.93008431200008,13.81430836800007],[101.92733794400004,13.81435515000004],[101.92376238900005,13.815971533000038],[101.92691325700008,13.82196465800007],[101.92420331600005,13.82757790100004],[101.92032351800003,13.830947707000064],[101.92014786900006,13.83239588300006],[101.92250155700003,13.840285751000067],[101.92486970700008,13.84324196800003],[101.92451121800008,13.84579605700003],[101.92538061100004,13.850186963000056],[101.92699876800003,13.85184109100004],[101.92864726900007,13.855585738000059],[101.92632536700006,13.856034823000073],[101.92459082400006,13.859491092000042],[101.91876602200006,13.863652433000027],[101.91792989200007,13.866296972000043],[101.91610815300004,13.868125745000043],[101.91441373100008,13.87342714600004],[101.91028816400006,13.87844147100003],[101.90713273800009,13.880269204000058],[101.90456847600007,13.883143893000067],[101.90627369300006,13.886683722000043],[101.90594280300007,13.888270344000034],[101.90830548500008,13.88781758600004],[101.90980932000008,13.893243724000058],[101.91268974100007,13.895547978000025],[101.91190689800004,13.898249791000069],[101.91426463900007,13.899270714000068],[101.91340816000007,13.901414876000047],[101.91450903700007,13.903042292000066],[101.91090220500007,13.905428607000033],[101.91106766200005,13.90310751900006],[101.90940693200008,13.903121303000034],[101.90983333900004,13.909322651000025],[101.90731568900009,13.907470854000053],[101.90394251000004,13.90707074900007],[101.90643823700003,13.909887896000043],[101.90491536000007,13.912786108000034],[101.90558346100005,13.917169683000054],[101.90707167300008,13.917761951000045],[101.90880583000006,13.92297035200005],[101.90725237500004,13.925013412000055],[101.90951782700006,13.927125409000041],[101.90852783300005,13.927994990000059],[101.91216846900005,13.929938684000035],[101.91198173600009,13.932229138000025],[101.91052364200004,13.933613119000029],[101.91223038200008,13.935680606000062],[101.91398249100007,13.934917017000032],[101.91469114700004,13.937555552000049],[101.91924649300006,13.936403848000054],[101.92300968100005,13.938127199000064],[101.92399956400004,13.940188427000066],[101.92628315400003,13.939543713000035],[101.92588087100006,13.936749062000047],[101.92737319900004,13.935624415000063],[101.92868185500004,13.937145581000038],[101.92995160700008,13.93403427100003],[101.93663424800008,13.933719921000034],[101.93837083000005,13.936013656000057],[101.94162686600004,13.931013716000052],[101.94910819500006,13.933867557000042],[101.95114888900008,13.934116956000025],[101.95015448200007,13.937610836000033],[101.95072067300003,13.940269884000031],[101.94674011800004,13.939292803000058],[101.94499345000008,13.94046773100007],[101.94642635700006,13.941934251000077],[101.94543489600005,13.947676701000034],[101.94337999700008,13.950281989000075],[101.94179921100005,13.950494793000075],[101.93971750800006,13.954211164000071],[101.93940537500004,13.957883345000027],[101.93754262400006,13.95909354500003],[101.93721367600006,13.962102670000036],[101.93980897300008,13.963577232000034],[101.94143298700004,13.966761726000072],[101.94122980300006,13.970807807000028],[101.94015459900004,13.971521737000046],[101.94100825500004,13.973949556000036],[101.94397389200009,13.976359267000078],[101.94448510200004,13.982288237000034],[101.94603466000007,13.985205717000042],[101.94641852900008,13.990184984000052],[101.94795505500008,13.992274029000043],[101.94860047200007,13.996649321000064],[101.94801196500003,13.999609539000062],[101.94977411700006,14.000752999000042],[101.94899259400006,14.002821801000039],[101.94953330600003,14.006502021000074],[101.94864143800004,14.009428047000029],[101.95366404600009,14.010030475000065],[101.95680441900004,14.013771989000077],[101.95596879800007,14.018087711000021],[101.95785978000004,14.018602799000064],[101.96164810000005,14.023251278000032]]]},"properties":{"Shape_Leng":2.70590935578,"Shape_Area":0.117830718571,"ADM2_EN":"Kabin Buri","ADM2_TH":"กบินทร์บุรี","ADM2_PCODE":"TH2502","ADM1_EN":"Prachin Buri","ADM1_TH":"ปราจีนบุรี","ADM1_PCODE":"TH25","ADM0_EN":"Thailand","ADM0_TH":"ประเทศไทย","ADM0_PCODE":"TH"}},
{"type":"Feature","geometry":{"type":"Polygon","coordinates":[[[101.96164810000005,14.023251278000032],[101.96692999500004,14.025564054000029],[101.97197462100007,14.028485870000054],[101.97998143000007,14.029864153000062],[101.98470812500005,14.031101817000035],[101.98849665000006,14.031404639000073],[101.99220642000006,14.032775259000061],[101.99525397500008,14.033069047000026],[101.99802642600008,14.032148628000073],[102.00069383200008,14.032645970000033],[102.00761763700007,14.032397208000077],[102.01537748600003,14.033765257000027],[102.02486916000004,14.034900414000049],[102.03229398000008,14.035199190000071],[102.04061948300006,14.036384484000052],[102.04774106600007,14.034972117000052],[102.05630251800005,14.034191666000027],[102.06731284400007,14.035794122000027],[102.07596211400005,14.035542488000033],[102.07641448500004,14.040524279000067],[102.07811621100007,14.047119621000036],[102.08153136900006,14.049309309000023],[102.08367824000004,14.049100332000023],[102.08609128100005,14.051233578000051],[102.08887093000004,14.048644029000059],[102.09461058400007,14.049183761000052],[102.10002026100005,14.045825152000077],[102.10361378300007,14.046630336000021],[102.10787722300006,14.044658555000069],[102.11056621500006,14.042156306000038],[102.11229504300007,14.043873296000072],[102.11880409500009,14.044819504000031],[102.12213335600006,14.044125370000074],[102.12417944700007,14.046893688000068],[102.12046122800007,14.050362543000062],[102.11843854200004,14.053917230000025],[102.12039679000009,14.057946557000037],[102.12014889400007,14.06215011100005],[102.11829250100004,14.065167281000072],[102.11743936200008,14.070337808000033],[102.11848054900008,14.074657004000073],[102.11761497800006,14.07890989200007],[102.11836623300007,14.080586935000042],[102.12281859200004,14.082836178000036],[102.12232327500004,14.085033718000034],[102.12361383300004,14.086497031000022],[102.12322995900007,14.089412476000064],[102.12570154700006,14.091133313000057],[102.12502333700007,14.092961155000069],[102.12626159100006,14.095803455000066],[102.12466212300006,14.09828488100004],[102.12245475900005,14.098928690000037],[102.11742376700005,14.094270970000025],[102.11215810500005,14.090284221000047],[102.10431290400004,14.091476903000057],[102.10089392700007,14.094239636000054],[102.09605459900007,14.093706568000073],[102.09327607800009,14.094218538000064],[102.09094815800006,14.092965144000061],[102.09178691200003,14.097832026000049],[102.09841201200004,14.103997633000063],[102.09934624900006,14.106726043000037],[102.09975078600007,14.111488363000035],[102.09778628400005,14.115525457000047],[102.09723159500004,14.122136513000044],[102.09815097400008,14.128036403000067],[102.10058585600007,14.130936132000045],[102.10111456500005,14.134700942000052],[102.10372951500005,14.139660681000066],[102.10620592600009,14.151759132000052],[102.10170567200004,14.156584096000074],[102.09833497500006,14.157635708000043],[102.09379486400007,14.158046796000065],[102.08339465200004,14.162976571000058],[102.07785528300008,14.162306115000035],[102.07272068700007,14.163742225000021],[102.06893635200004,14.166008531000045],[102.06397166100004,14.170945637000045],[102.06121609700006,14.174907992000044],[102.05490850700005,14.179600808000032],[102.05279805300006,14.180397605000053],[102.05255828000008,14.181954577000056],[102.04847838900008,14.18468000100006],[102.04638789400008,14.184700957000075],[102.04068509100006,14.188321122000048],[102.03798201900008,14.192356114000063],[102.03630370700006,14.196799999000064],[102.03456271600004,14.198283734000029],[102.02883441400007,14.199070020000022],[102.02582049400007,14.200186883000072],[102.02243121700008,14.200190558000031],[102.01866091500005,14.201139261000037],[102.01551746800004,14.20030132900007],[102.01091930900009,14.203031187000022],[102.00745870800006,14.20311391000007],[102.00450730600005,14.20648114000005],[102.00172861300007,14.206508210000038],[101.99903044100006,14.209597970000061],[101.99677929300003,14.210652673000027],[101.99347830400006,14.21469395500003],[101.99024766100007,14.21605482700005],[101.98523160900004,14.219286583000041],[101.97950265600008,14.221251988000063],[101.97675016000005,14.223700826000027],[101.97430914900008,14.223950048000063],[101.96925639100004,14.226774546000058],[101.96678912000004,14.227386212000056],[101.96677552400007,14.228714381000032],[101.97136288500008,14.229924958000026],[101.97964398700009,14.234387623000032],[101.98214353000009,14.237704648000033],[101.98149763900005,14.238589865000051],[101.97581506900008,14.238821143000052],[101.97167891600009,14.239740416000075],[101.95854104800009,14.245166660000052],[101.94632139400005,14.246147938000036],[101.94341192100006,14.249966080000036],[101.94335427600004,14.252230456000063],[101.94160164900006,14.255779644000029],[101.93903876600007,14.257254354000054],[101.93986107500007,14.261752695000041],[101.93913672200006,14.264808156000072],[101.93681016600004,14.268109752000043],[101.93724857100005,14.269849263000026],[101.93635354600008,14.273170931000038],[101.93464688000006,14.275059514000077],[101.93370713800005,14.277919561000033],[101.93057482700004,14.282197848000067],[101.92860208400003,14.28341434500004],[101.92980898000008,14.291767588000027],[101.93313200100005,14.292043532000037],[101.93641820700009,14.294251558000042],[101.94330908100005,14.302152463000027],[101.93938366500004,14.308676929000057],[101.93797655800006,14.308920700000044],[101.93543964300005,14.311543974000074],[101.93521666600009,14.316713566000033],[101.93346843000006,14.321973461000027],[101.93042149500008,14.322991557000023],[101.93042532200008,14.326302144000067],[101.92688355700005,14.327771981000069],[101.92453882900008,14.326888349000058],[101.92290063300004,14.328122437000047],[101.92308736000007,14.330102287000045],[101.91875564800006,14.329743915000051],[101.91843726300004,14.331491593000067],[101.91627184400005,14.331908712000029],[101.91228707800008,14.327182182000058],[101.91009574100008,14.325888569000028],[101.90799019400004,14.32704624400003],[101.90254956200005,14.327037405000056],[101.89620506900008,14.33010835600004],[101.89387811100005,14.330426514000067],[101.89235613100004,14.326528794000069],[101.89224970400005,14.321124260000033],[101.88954531800005,14.320064374000026],[101.88739677000007,14.322797404000028],[101.88368852500008,14.32221316600004],[101.88171185700008,14.323414334000063],[101.87857484500006,14.32247445300004],[101.87660972500004,14.323127611000075],[101.87323376300009,14.327487800000029],[101.87099710500007,14.327972160000058],[101.86742656100006,14.333842338000068],[101.86034755500003,14.33990426500003],[101.85951683200005,14.341775129000041],[101.85620156800007,14.34291078700005],[101.84886200900007,14.347513173000038],[101.84167342400008,14.350488141000028],[101.83852297400006,14.352468843000054],[101.83901228000008,14.357940339000038],[101.84212208800005,14.364504364000027],[101.83896153700005,14.364781393000044],[101.83556216700003,14.362481256000024],[101.83155279700009,14.362791430000073],[101.82903108800008,14.360456186000022],[101.82821552200005,14.355406036000034],[101.82430437400006,14.350736895000068],[101.82203947000005,14.349610136000024],[101.81824264500005,14.350355616000058],[101.81557735100006,14.349815804000059],[101.81383342700008,14.348347389000025],[101.81090118300006,14.347585307000031],[101.80753799900003,14.34867964800003],[101.80439096400005,14.352548435000074],[101.80012918800008,14.355754232000038],[101.79554843300008,14.358417171000042],[101.79294191000008,14.357031222000046],[101.78897788900008,14.359634458000073],[101.78669514300009,14.35772301000003],[101.77960191300008,14.356737391000024],[101.78059515100006,14.352120312000068],[101.77399418200008,14.350865764000048],[101.77282982800006,14.350181758000076],[101.77351173000005,14.347447647000024],[101.77184196200005,14.34505229900003],[101.76674920300007,14.344500034000077],[101.76417790500005,14.344884222000076],[101.76188023200007,14.343344000000059],[101.75589817400004,14.343885881000062],[101.75221513300005,14.346086003000039],[101.74959644600006,14.348906972000066],[101.74702756200008,14.346790167000051],[101.74672996100009,14.340439673000049],[101.74747011900007,14.337039459000039],[101.74671442700009,14.332840870000041],[101.74716732100006,14.331161274000067],[101.75037397800008,14.326015206000022],[101.75037322300005,14.324147674000073],[101.74827454900009,14.320844754000063],[101.74783126800008,14.314270539000063],[101.74313658200003,14.309280271000034],[101.74154679000009,14.308390174000067],[101.73250546800006,14.316786285000035],[101.72816542500004,14.319155770000066],[101.72518544900004,14.321731341000032],[101.72022414600008,14.327854713000022],[101.71333683400007,14.332678532000045],[101.70933267200007,14.334248581000054],[101.70666024600007,14.338232061000042],[101.70083293300007,14.344233060000022],[101.69687638400006,14.349806203000071],[101.69535677500005,14.350860011000066],[101.69215753000009,14.356150122000031],[101.68927998500004,14.359587072000068],[101.68275179100004,14.365463644000044],[101.68044630900005,14.36619094100007],[101.67560152400006,14.37077804300003],[101.66989204200007,14.377183689000049],[101.66572951300009,14.380441870000027],[101.65932409800007,14.38807567300006],[101.65848922400005,14.390117499000041],[101.65441745300006,14.392797316000042],[101.64896708500004,14.392524232000028],[101.64783347700006,14.389769422000029],[101.64838982800006,14.38301307100005],[101.64568996800006,14.380657206000024],[101.64293141000007,14.379663804000074],[101.63931434400007,14.37526575000004],[101.63997607100004,14.372300684000038],[101.64283078300008,14.366081097000063],[101.64343255300008,14.362706227000047],[101.64200784900004,14.358329726000022],[101.64417196500006,14.357315843000038],[101.64589436500006,14.357891211000037],[101.65202077300006,14.355528683000045],[101.65193171500005,14.349303622000036],[101.65065944800006,14.343839843000069],[101.65080764500004,14.341720642000041],[101.64699432500004,14.336975731000052],[101.64734686200006,14.33483121300003],[101.64991967900005,14.334464901000047],[101.65185914300008,14.332770673000027],[101.65314829500005,14.329645145000029],[101.65638329100005,14.328718969000022],[101.65704731700004,14.323632496000073],[101.65537174300005,14.323670425000046],[101.65532308600007,14.321875661000036],[101.65699617900003,14.317618010000047],[101.65563643100006,14.316071911000051],[101.65235143100006,14.31540661300005],[101.65291070500007,14.309431326000038],[101.65569697000006,14.30683381700004],[101.65492970100007,14.304479331000039],[101.65758366800009,14.30268121000006],[101.65746402700006,14.30655703900004],[101.66037597800005,14.30695793800004],[101.66025225000004,14.309145912000076],[101.66296716000005,14.310181943000032],[101.66412980500007,14.309359480000069],[101.66899109700006,14.303165238000076],[101.67051052700003,14.305552630000022],[101.67218544700006,14.300991864000025],[101.67381263900006,14.298432536000064],[101.67712045000007,14.301022260000025],[101.67948330700005,14.299289353000063],[101.67905474000008,14.296409451000045],[101.67449249900005,14.293473780000056],[101.67840485800008,14.292209077000052],[101.67928685800007,14.288647613000023],[101.67837130100008,14.288118393000047],[101.68165417000006,14.286643241000036],[101.68075106600008,14.285231511000063],[101.68271829300005,14.283940877000077],[101.68289704500006,14.281765089000032],[101.68039836600008,14.27936373600005],[101.67538926000009,14.277993061000075],[101.67376508100006,14.275024270000074],[101.67364901300004,14.269634575000055],[101.67231046400008,14.268641984000055],[101.66848260400008,14.257582383000056],[101.66778668000006,14.253558996000038],[101.66475518000004,14.251407800000038],[101.66458027300007,14.248571022000021],[101.66114521100008,14.244972716000063],[101.66564226000008,14.243444315000033],[101.66736895300005,14.241727534000063],[101.66700035600007,14.239366044000064],[101.67007266500008,14.237328115000025],[101.66804611300006,14.233740511000065],[101.66902801400005,14.223607208000033],[101.66995881400004,14.221831628000075],[101.67183625400008,14.221627718000036],[101.67171270600005,14.218693235000046],[101.67347613100009,14.218362557000034],[101.67363765600004,14.21615199200005],[101.67187612800006,14.213599958000032],[101.67233171700008,14.209883879000074],[101.67409397700004,14.207864635000021],[101.67529988800004,14.204128849000028],[101.67493690900005,14.19884836500006],[101.67345777400004,14.194793106000077],[101.67178162200008,14.194076488000064],[101.67224345800008,14.19173087400003],[101.67113328000005,14.190590868000072],[101.66843924000005,14.19216887600004],[101.66342345800007,14.19337943100004],[101.65607415600005,14.191005373000053],[101.65635070600007,14.189799594000021],[101.65312253400003,14.186745723000058],[101.65107214800008,14.186668961000066],[101.64875618600007,14.183401979000053],[101.64613812200008,14.177723705000062],[101.64745888700008,14.17430673900003],[101.64565086100004,14.17140362200007],[101.64261929700007,14.16926944100004],[101.64251675100007,14.166105123000023],[101.63875702200005,14.161416216000077],[101.63894858600008,14.160249393000072],[101.63652505600004,14.154573926000069],[101.63728773800005,14.150228225000035],[101.64093753200007,14.14605978000003],[101.64146920600007,14.14391028700004],[101.63983007900003,14.14083430900007],[101.64010355700003,14.139152117000037],[101.64618000700005,14.134101275000035],[101.64808907800005,14.131380313000022],[101.64930005200006,14.127501177000056],[101.65107764600003,14.125615754000023],[101.65721465100006,14.120832402000076],[101.65928595000008,14.118486509000036],[101.66311234700004,14.116386503000058],[101.66495401000009,14.111987808000038],[101.66815467300006,14.110348285000043],[101.66798838000005,14.107635064000021],[101.66923279900004,14.105175735000046],[101.67576367000004,14.103788439000027],[101.67795127900007,14.100779529000022],[101.68174961600005,14.097857869000052],[101.68337698700009,14.094920178000052],[101.68552573000005,14.096842895000066],[101.68651167300004,14.099304722000056],[101.69030493600008,14.10043809900003],[101.69505312000007,14.100351214000057],[101.69805323700007,14.102324439000029],[101.70160874700008,14.102075097000068],[101.70365382100005,14.096437110000068],[101.70755987100006,14.093048536000026],[101.71207195000005,14.093564824000055],[101.71506231500007,14.092700844000035],[101.71706694000005,14.090252251000038],[101.71995593000008,14.088970981000045],[101.72055102900003,14.086445834000074],[101.71980540900006,14.083641658000033],[101.72266875900004,14.081663349000053],[101.72758229300007,14.08109666300004],[101.73204101100004,14.083191928000076],[101.73568322500006,14.082343693000041],[101.73586581400008,14.085398074000068],[101.73895958000008,14.08485517500003],[101.73919214900008,14.087237492000042],[101.74399093600005,14.088233191000029],[101.74557638400006,14.08721392600006],[101.75027939600005,14.087637549000021],[101.75195321100006,14.08682138200004],[101.75114006400008,14.08416396900003],[101.74804561500008,14.081257042000061],[101.74393058800007,14.082784877000051],[101.74331271400007,14.08043024500006],[101.74393252700008,14.07746127200005],[101.74656224000006,14.07402107400003],[101.75068394100003,14.072012210000025],[101.75469201600004,14.068940613000052],[101.75522061500004,14.067310946000077],[101.75357791300007,14.064820447000045],[101.74711139000004,14.06466720000003],[101.74672670200005,14.063264424000067],[101.74888466600004,14.060376346000055],[101.74741424700005,14.057952705000048],[101.74550553100005,14.059765343000038],[101.74329754900003,14.059308271000077],[101.74286926700006,14.05339912900007],[101.74475181100007,14.04981556000007],[101.74449531700009,14.04774709700007],[101.74596778900008,14.046126404000063],[101.75181975700008,14.045346412000072],[101.75272626900005,14.041075268000043],[101.75060572900009,14.039062483000066],[101.75343984700004,14.037529585000073],[101.75556263300007,14.035094549000064],[101.75809515800006,14.035055219000071],[101.75826621300007,14.033260117000054],[101.75968506900006,14.035730213000022],[101.76321886200009,14.035888441000054],[101.76148394600006,14.03770637200006],[101.76296350800004,14.040809072000059],[101.76606430500004,14.042477835000057],[101.76746762500005,14.046614010000042],[101.76842538200003,14.047216847000072],[101.77154275200007,14.045336074000033],[101.77432193300007,14.048542911000027],[101.77574485600007,14.048628430000065],[101.77601834200004,14.051795108000022],[101.77779395500005,14.051724509000053],[101.77831226300003,14.049234297000055],[101.78143379100004,14.04946325000003],[101.78261517400006,14.051270306000049],[101.78458080400009,14.050854528000059],[101.78800416900003,14.054308571000035],[101.79200265400004,14.055957555000077],[101.79155054300008,14.060359659000028],[101.79025856600003,14.061924797000074],[101.79145110400003,14.066756773000066],[101.79165956700007,14.070781456000077],[101.79318203100007,14.071610725000028],[101.79577064300008,14.077314497000032],[101.79820203100007,14.07695799000004],[101.80143170900004,14.07891154500004],[101.80339962900007,14.081641920000038],[101.80438124400007,14.085678813000072],[101.80275489100006,14.087686057000042],[101.80586962500007,14.091044887000066],[101.80654081900008,14.09413088100007],[101.80867928400005,14.097500726000021],[101.81266121100003,14.096904839000047],[101.81681714000007,14.099658204000036],[101.81828250600006,14.098498904000053],[101.82348888500007,14.099137545000076],[101.82043503400007,14.094180175000076],[101.82325780900004,14.093055787000026],[101.82429035600006,14.090086658000075],[101.82630214200009,14.089527875000044],[101.82820056600008,14.092075415000068],[101.84028559900008,14.105443455000056],[101.84647215900009,14.10363161500004],[101.85217329000005,14.103074462000052],[101.85330870600006,14.101099666000039],[101.85490934500007,14.101391632000059],[101.85487435600004,14.107766382000023],[101.85599525400005,14.108766141000046],[101.85977536200005,14.104210987000044],[101.86211737800005,14.102500401000043],[101.86478067900003,14.097206017000076],[101.86671979100004,14.10198697800007],[101.86542676800008,14.104097099000057],[101.86325724900007,14.10485869100006],[101.86468234200004,14.107437964000042],[101.86439830000006,14.109701231000031],[101.86213814600006,14.113017762000027],[101.86247609200007,14.114580344000046],[101.86648245000003,14.114617245000034],[101.86869046900006,14.111805827000069],[101.87370836600007,14.111679516000038],[101.87472544800005,14.115059786000074],[101.87756503300005,14.11946236500006],[101.87989712600006,14.124856607000027],[101.88204318400005,14.121928710000077],[101.89633734000006,14.109895275000042],[101.91078132200005,14.098429902000078],[101.90614381000006,14.09035990500007],[101.90733379300008,14.089441884000053],[101.90640207600006,14.085311886000056],[101.90398875400007,14.084931063000056],[101.90474374800004,14.08332432900005],[101.90366332600007,14.081336796000073],[101.89840945000009,14.078094964000059],[101.89780461100008,14.075958022000066],[101.89525491800003,14.076710400000024],[101.89371945600004,14.074206224000022],[101.89440050100006,14.070606732000044],[101.89344210800004,14.068676350000032],[101.89282319900008,14.063409680000063],[101.89439212000008,14.061451265000073],[101.89643968200005,14.06102308100003],[101.89654479400008,14.057285572000069],[101.89787141600004,14.051053196000055],[101.89370013400008,14.050405983000076],[101.89134300900008,14.048468678000063],[101.88715687000007,14.050067350000063],[101.88520338600006,14.049120181000035],[101.88660850800005,14.046405593000031],[101.88395744900004,14.044489225000063],[101.88281177600004,14.042197229000067],[101.88371608600005,14.034320696000066],[101.88632367300005,14.03321974000005],[101.88651430200008,14.030846136000036],[101.88500167000007,14.026424661000021],[101.88621812400004,14.025588735000042],[101.88648018800006,14.019317477000072],[101.88116306300009,14.016593886000067],[101.87730976400007,14.017654883000034],[101.87366422800005,14.01776052200006],[101.86957260900004,14.016727288000027],[101.86961370300008,14.014806364000037],[101.86259845800004,14.013149746000067],[101.86242730000004,14.011403467000036],[101.87707498900005,14.013670664000074],[101.88307253700003,14.014082393000024],[101.89589590200006,14.018216513000027],[101.89836378200005,14.017801046000045],[101.90501776500008,14.018112428000052],[101.91400774100003,14.019412465000073],[101.91592402200007,14.02015601100004],[101.92124272100006,14.019627724000031],[101.93154202100004,14.02224112700003],[101.94374266700004,14.024825700000065],[101.95080678400006,14.022538903000054],[101.95284198100006,14.022967784000059],[101.95746976000004,14.022306318000062],[101.96164810000005,14.023251278000032]]]},"properties":{"Shape_Leng":2.37175758402,"Shape_Area":0.102176068145,"ADM2_EN":"Na Di","ADM2_TH":"นาดี","ADM2_PCODE":"TH2503","ADM1_EN":"Prachin Buri","ADM1_TH":"ปราจีนบุรี","ADM1_PCODE":"TH25","ADM0_EN":"Thailand","ADM0_TH":"ประเทศไทย","ADM0_PCODE":"TH"}},
{"type":"Feature","geometry":{"type":"Polygon","coordinates":[[[101.27848321400006,14.05484004300007],[101.27609273100006,14.057918288000053],[101.27578475900003,14.060007105000068],[101.26540577500003,14.062052040000026],[101.25905958600003,14.062166317000049],[101.24018993200008,14.058609324000031],[101.23956788200007,14.057803087000025],[101.23034387500007,14.056521340000074],[101.22829454600009,14.055105827000034],[101.22976678300006,14.052984843000047],[101.22704156300006,14.051716586000055],[101.22567908300005,14.053340125000034],[101.22147957300007,14.05322781600006],[101.22012601600005,14.054609344000028],[101.21819410600006,14.054168924000066],[101.21400959300007,14.055741255000044],[101.21306525200004,14.052918007000073],[101.20906027700005,14.048750772000062],[101.20771680200005,14.046060703000023],[101.20390825400005,14.046301375000041],[101.20249581100006,14.045562310000037],[101.20348050800004,14.040534545000071],[101.20095041900004,14.03779432600004],[101.20055513000005,14.03354887200004],[101.19681320200004,14.029065272000025],[101.20039824600008,14.024379570000065],[101.19833421400006,14.023045554000078],[101.19534999900009,14.025299750000045],[101.19348663100004,14.023981439000067],[101.19514862700004,14.021155408000027],[101.19714668000006,14.015291991000026],[101.19617312000008,14.013468685000078],[101.19255927700004,14.015117731000032],[101.18654191300004,14.012504628000045],[101.18285070900004,14.011976381000068],[101.17788718200006,14.012122609000073],[101.17850161100006,14.008831488000055],[101.17734314800003,14.007306631000063],[101.17560051800007,14.007740455000032],[101.17334147800005,14.011485411000024],[101.17180870800007,14.011143718000028],[101.17022434100005,14.008565270000076],[101.17096252400006,14.005431065000039],[101.17018450000006,14.004120809000028],[101.16825833900003,14.004839504000074],[101.16721581400009,14.007838741000057],[101.16488718000005,14.008418111000026],[101.16383430900004,14.005094106000058],[101.16565129600008,14.002168511000036],[101.16220999100005,14.002576073000057],[101.15941986000007,14.001832730000046],[101.15571454900004,14.00407662200007],[101.15529789100003,14.001651820000063],[101.15321993900005,13.999959033000039],[101.14838045400006,13.997949852000033],[101.14634075700008,13.996301097000071],[101.14385616000004,13.997731011000042],[101.14409872600004,14.001382401000058],[101.14259951400004,14.002485008000065],[101.13923550200008,14.001490085000057],[101.14007206600007,13.995058710000023],[101.14044552900003,13.987820598000042],[101.14229695800009,13.981217506000064],[101.14310665100004,13.972879707000061],[101.14027860400006,13.970418407000068],[101.13743832400007,13.969100731000026],[101.13768750100007,13.966878746000077],[101.14100840800006,13.96354616800005],[101.14699915200003,13.962467165000021],[101.14844910300008,13.96140701400003],[101.14842308700008,13.958002773000032],[101.14934306900005,13.955014880000022],[101.15249936900005,13.950585036000064],[101.15457983100004,13.943975031000036],[101.15502101000004,13.939215541000067],[101.15450645200008,13.936067274000038],[101.15211587600004,13.931656387000032],[101.15436463300006,13.92991336600005],[101.15708595200005,13.93177795500003],[101.15879594800003,13.93423840500003],[101.16092869600004,13.93245119900007],[101.16013978600006,13.929628944000058],[101.16107412600007,13.925722902000075],[101.15869063600007,13.922072013000047],[101.15330345300004,13.915151839000032],[101.15231296500008,13.911338046000026],[101.15310595200003,13.907959991000041],[101.15211148300006,13.903709805000062],[101.15545547700003,13.898819350000053],[101.15547497600005,13.896764947000065],[101.15400220700008,13.895762114000036],[101.14927401400007,13.89672932700006],[101.14662382200004,13.895842166000023],[101.14565076700006,13.893059047000065],[101.14680483100005,13.890407733000075],[101.14928267400006,13.888482192000026],[101.15130386300007,13.888825578000024],[101.15467430300004,13.890978019000045],[101.15847628600005,13.895639820000042],[101.16088236200005,13.895949620000067],[101.16218946600009,13.892378892000067],[101.16109047700007,13.888490856000033],[101.15480571300009,13.881029237000064],[101.15278076100009,13.879436806000058],[101.15047747300008,13.879396886000052],[101.14750161700005,13.882432944000072],[101.14496062200004,13.88669920700005],[101.14268205900004,13.887682374000065],[101.13944017300008,13.884414954000022],[101.13949383000005,13.881028350000065],[101.14059435300004,13.877854417000037],[101.14350452000008,13.872692026000038],[101.14612818400008,13.870136242000058],[101.15517566100004,13.865365723000025],[101.15947505600008,13.864400318000037],[101.16088698600004,13.863103641000066],[101.16004604100004,13.859026568000047],[101.15743722700006,13.857230282000046],[101.14995725400007,13.855744351000055],[101.14786356800005,13.854371492000041],[101.14801422600004,13.852697696000064],[101.15059771700004,13.851431998000066],[101.15351009900007,13.851817848000053],[101.15769075800006,13.853440073000058],[101.16194798100008,13.853080839000029],[101.16598762500007,13.858331779000025],[101.17045040100004,13.859124419000068],[101.17202776900007,13.857755242000053],[101.17494659900007,13.858474013000034],[101.17490974300006,13.861870745000033],[101.17735833800003,13.862088494000034],[101.18126736100004,13.861049188000038],[101.18443552200006,13.86286229600006],[101.18548884900008,13.865451335000046],[101.18865936400005,13.867343185000038],[101.18926192800006,13.869747335000056],[101.19465024800007,13.87122942700006],[101.19448730100004,13.874056517000042],[101.19937900100007,13.874204423000037],[101.20088990600004,13.878110764000041],[101.20862243200008,13.878297461000045],[101.21000099000008,13.87623381800006],[101.21380263400005,13.876792383000065],[101.22028366000006,13.876312471000062],[101.22247198500008,13.877199510000025],[101.22217020200009,13.87956643700005],[101.22344210000006,13.883007887000076],[101.22075816500006,13.886261715000046],[101.22503595700005,13.886187389000042],[101.22879098400006,13.88433976500005],[101.23531213600006,13.882559883000056],[101.24106387900008,13.879514160000042],[101.24559547400008,13.876201028000025],[101.24681757500008,13.873311601000069],[101.24574992100008,13.870566654000072],[101.24666578400007,13.867399424000041],[101.24969343200007,13.866048281000076],[101.25158340100006,13.868155331000025],[101.25730035300006,13.86985210000006],[101.26210828400008,13.870183457000053],[101.26545942000007,13.874367411000037],[101.26965169100004,13.876375430000053],[101.27369344600004,13.875737754000056],[101.27824242700007,13.878572511000073],[101.28185933700007,13.876087378000022],[101.28652500600003,13.875917654000034],[101.28666532700004,13.874250560000064],[101.29333877000005,13.871928556000057],[101.29467305700007,13.872675426000058],[101.29689009100008,13.871344368000052],[101.30580438100009,13.874966142000062],[101.31264614200006,13.872315977000028],[101.31617577800006,13.868331290000071],[101.31782943100006,13.867757692000055],[101.33194653900006,13.866809444000069],[101.33350613900006,13.86713527300003],[101.33589972700008,13.870114707000027],[101.33689570600006,13.867907780000053],[101.33578284500004,13.864749202000041],[101.33618988900008,13.861118066000074],[101.33859692800007,13.859886438000046],[101.34273836200003,13.859120750000045],[101.34395118200007,13.860672204000025],[101.34622096100009,13.866405211000028],[101.34775579000006,13.868837601000052],[101.34964346700008,13.86987537400006],[101.35247860400005,13.869805249000024],[101.35578876000005,13.866722590000052],[101.35632002100004,13.863527737000027],[101.35819342700006,13.862926131000052],[101.36074296300006,13.859446263000052],[101.36496857800006,13.859318191000057],[101.36860067300006,13.855345906000025],[101.37492879100006,13.852716010000051],[101.38088706800005,13.849410072000069],[101.38204573100006,13.859970703000045],[101.38141634500005,13.867997192000075],[101.38274017000003,13.873953426000071],[101.38372781600003,13.87446600800007],[101.38492949300007,13.88069037300005],[101.38370563600006,13.883141761000047],[101.37835433500004,13.886177160000045],[101.37504996200005,13.890337192000061],[101.36778333600006,13.893524784000022],[101.36412803600007,13.894131590000029],[101.35833140800008,13.897411537000039],[101.35418433500007,13.902339076000032],[101.35210707400006,13.906461773000046],[101.34911461300004,13.914826602000062],[101.34874277100005,13.91853177400003],[101.34692565800003,13.923626909000063],[101.34543872400008,13.929517102000034],[101.34670043700004,13.931336846000022],[101.34583842500007,13.933858673000032],[101.34567963200004,13.939041922000058],[101.34644780700006,13.94553492800003],[101.34819757900004,13.950513353000076],[101.35162114100007,13.955270441000039],[101.35162844200005,13.960307773000068],[101.35031594100008,13.96475140800004],[101.34721596500003,13.966813711000043],[101.34542602000005,13.971061912000039],[101.34590818500004,13.97436801400005],[101.34268185000008,13.979364286000077],[101.34024563800006,13.97749828700006],[101.33228708600006,13.97595775800005],[101.32727209400008,13.976766591000057],[101.32462045500006,13.978207905000033],[101.32211137500008,13.97683072600006],[101.32045784000007,13.978326252000045],[101.31613340500007,13.979100048000078],[101.31323353900007,13.985316778000026],[101.31341581100008,13.988475084000072],[101.31183810300007,13.989306808000038],[101.31284480300008,13.990897468000071],[101.31117729600004,13.99292379800005],[101.31192670800004,13.99680928600003],[101.30934037800006,14.001732395000033],[101.30659044200007,14.003964887000052],[101.30434058500003,14.00774950300007],[101.30185520300006,14.009696384000051],[101.29572134300008,14.012056445000042],[101.29070610600007,14.012278072000072],[101.28475951600007,14.011739784000042],[101.28382516900007,14.01507736800005],[101.28548835700008,14.018006126000046],[101.28283025700006,14.016699128000027],[101.28355978000008,14.020247636000022],[101.28305745400007,14.022303191000049],[101.28037598800006,14.024181633000069],[101.28305553800004,14.024836778000065],[101.28371731000004,14.02822939300006],[101.28304379800005,14.029931988000044],[101.28579257600006,14.032229846000064],[101.28562060100006,14.035478801000068],[101.28318600200004,14.038601235000044],[101.28450687300005,14.040511433000063],[101.28434047700006,14.04255143000006],[101.28233580300008,14.042538211000021],[101.28188907100008,14.04659007500004],[101.28364530400006,14.049000687000046],[101.28162350800005,14.04889072900005],[101.28303805200005,14.05099126400006],[101.28149405200008,14.053956605000053],[101.27824518000006,14.053410127000063],[101.27848321400006,14.05484004300007]]]},"properties":{"Shape_Leng":1.14864282301,"Shape_Area":0.0315661800246,"ADM2_EN":"Ban Sang","ADM2_TH":"บ้านสร้าง","ADM2_PCODE":"TH2506","ADM1_EN":"Prachin Buri","ADM1_TH":"ปราจีนบุรี","ADM1_PCODE":"TH25","ADM0_EN":"Thailand","ADM0_TH":"ประเทศไทย","ADM0_PCODE":"TH"}},
{"type":"Feature","geometry":{"type":"Polygon","coordinates":[[[101.46337748500008,14.00862022800004],[101.46732968400005,14.009408832000076],[101.46991767900005,14.011310801000036],[101.47430035100007,14.011721640000076],[101.47179690300004,14.01690525600003],[101.47652201000005,14.019012947000022],[101.47841043200003,14.018896515000051],[101.47881713700008,14.016677850000065],[101.48069469200004,14.017313081000054],[101.48518490600009,14.016299230000072],[101.48718189300007,14.01839435900007],[101.49117385600005,14.014990394000051],[101.49485707700006,14.013960257000065],[101.49573912500006,14.012142254000025],[101.50048409100003,14.010715933000029],[101.50350529000008,14.01142225600006],[101.50249333000005,14.003922355000043],[101.50886228000007,13.998081766000041],[101.51097409500005,13.99919963900004],[101.51338857600007,13.99743756600003],[101.51512540000004,13.999139093000053],[101.51959125400003,13.999984682000047],[101.51786261600006,13.996304141000053],[101.52000423000004,13.99554759700004],[101.52262632400004,13.996123983000075],[101.52423952100008,13.995168665000051],[101.52400196100007,13.993277913000043],[101.52571356700008,13.992500117000077],[101.53059875800005,13.996221498000068],[101.53751296800004,13.996727468000074],[101.54149003500004,13.993294039000034],[101.54662692900007,13.992650371000025],[101.54888365100004,13.988126101000034],[101.54988043500003,13.98754142100006],[101.54859634700006,13.98436556400003],[101.55085758100006,13.98285011400003],[101.55461779400008,13.984154403000048],[101.55607140900008,13.986952533000022],[101.55813377100009,13.985416046000068],[101.56134164800005,13.986137247000045],[101.56456183000006,13.98496252800004],[101.56976155500007,13.985907290000057],[101.57192297300008,13.98485794000004],[101.57415973300004,13.985324416000026],[101.57853069700008,13.983030306000046],[101.57957076100007,13.980435856000042],[101.58353632500007,13.980768478000073],[101.58502493400005,13.983407258000057],[101.58855848400003,13.983964323000066],[101.59558955100005,13.98663840000006],[101.59860448100005,13.988902130000042],[101.59897165200005,13.991850213000077],[101.60262645800003,13.995048436000047],[101.60513349100006,13.994456120000052],[101.60685570200008,13.995856526000068],[101.60618497700005,13.99932676900005],[101.60374217200007,14.000682236000046],[101.60020889200007,14.000600837000036],[101.59962501700005,13.999576343000058],[101.59637542100006,14.000591715000041],[101.59572298700004,14.003846336000038],[101.59663693300007,14.004168851000031],[101.59776561000007,14.009506372000033],[101.59259891900007,14.010455672000035],[101.59460627400006,14.015422172000058],[101.59561828500006,14.019856206000043],[101.59986804700009,14.024024956000062],[101.59951260800005,14.02726891900005],[101.60281233300009,14.029734217000055],[101.60321424700004,14.03186887000004],[101.60644247000005,14.036914463000073],[101.60881093100005,14.042243816000052],[101.60913714900005,14.047258156000055],[101.61352093200009,14.054241234000074],[101.61911863200004,14.054803063000065],[101.62166305000005,14.056669570000054],[101.62439651900007,14.063003103000028],[101.62983506700004,14.066068845000075],[101.63308891600008,14.070742920000043],[101.63725651000004,14.072987570000066],[101.63860301900007,14.074470267000038],[101.64105891100007,14.08453774000003],[101.64331055800005,14.08719482400005],[101.64296200900009,14.090037130000042],[101.64580348700008,14.091109182000025],[101.64842807900004,14.096798398000033],[101.65064047200008,14.098090520000028],[101.65141189100007,14.101240059000077],[101.65304279800006,14.10302667700006],[101.65428158900005,14.107104765000031],[101.65345755100009,14.107927392000022],[101.65591129100005,14.10992576800004],[101.65604914900007,14.111771542000042],[101.65846872700007,14.115664596000045],[101.65928595000008,14.118486509000036],[101.65721465100006,14.120832402000076],[101.65107764600003,14.125615754000023],[101.64930005200006,14.127501177000056],[101.64808907800005,14.131380313000022],[101.64618000700005,14.134101275000035],[101.64010355700003,14.139152117000037],[101.63983007900003,14.14083430900007],[101.64146920600007,14.14391028700004],[101.64093753200007,14.14605978000003],[101.63728773800005,14.150228225000035],[101.63652505600004,14.154573926000069],[101.63894858600008,14.160249393000072],[101.63875702200005,14.161416216000077],[101.64251675100007,14.166105123000023],[101.64261929700007,14.16926944100004],[101.64565086100004,14.17140362200007],[101.64745888700008,14.17430673900003],[101.64613812200008,14.177723705000062],[101.64875618600007,14.183401979000053],[101.65107214800008,14.186668961000066],[101.65312253400003,14.186745723000058],[101.65635070600007,14.189799594000021],[101.65607415600005,14.191005373000053],[101.66342345800007,14.19337943100004],[101.66843924000005,14.19216887600004],[101.67113328000005,14.190590868000072],[101.67224345800008,14.19173087400003],[101.67178162200008,14.194076488000064],[101.67345777400004,14.194793106000077],[101.67493690900005,14.19884836500006],[101.67529988800004,14.204128849000028],[101.67409397700004,14.207864635000021],[101.67233171700008,14.209883879000074],[101.67187612800006,14.213599958000032],[101.67363765600004,14.21615199200005],[101.67347613100009,14.218362557000034],[101.67171270600005,14.218693235000046],[101.67183625400008,14.221627718000036],[101.66995881400004,14.221831628000075],[101.66902801400005,14.223607208000033],[101.66804611300006,14.233740511000065],[101.67007266500008,14.237328115000025],[101.66700035600007,14.239366044000064],[101.66736895300005,14.241727534000063],[101.66564226000008,14.243444315000033],[101.66114521100008,14.244972716000063],[101.66458027300007,14.248571022000021],[101.66475518000004,14.251407800000038],[101.66778668000006,14.253558996000038],[101.66848260400008,14.257582383000056],[101.67231046400008,14.268641984000055],[101.67364901300004,14.269634575000055],[101.67376508100006,14.275024270000074],[101.67538926000009,14.277993061000075],[101.68039836600008,14.27936373600005],[101.68289704500006,14.281765089000032],[101.68271829300005,14.283940877000077],[101.68075106600008,14.285231511000063],[101.68165417000006,14.286643241000036],[101.67837130100008,14.288118393000047],[101.67928685800007,14.288647613000023],[101.67840485800008,14.292209077000052],[101.67449249900005,14.293473780000056],[101.67905474000008,14.296409451000045],[101.67948330700005,14.299289353000063],[101.67712045000007,14.301022260000025],[101.67381263900006,14.298432536000064],[101.67218544700006,14.300991864000025],[101.67051052700003,14.305552630000022],[101.66899109700006,14.303165238000076],[101.66412980500007,14.309359480000069],[101.66296716000005,14.310181943000032],[101.66025225000004,14.309145912000076],[101.66037597800005,14.30695793800004],[101.65746402700006,14.30655703900004],[101.65758366800009,14.30268121000006],[101.65492970100007,14.304479331000039],[101.65569697000006,14.30683381700004],[101.65291070500007,14.309431326000038],[101.65235143100006,14.31540661300005],[101.65563643100006,14.316071911000051],[101.65699617900003,14.317618010000047],[101.65532308600007,14.321875661000036],[101.65537174300005,14.323670425000046],[101.65704731700004,14.323632496000073],[101.65638329100005,14.328718969000022],[101.65314829500005,14.329645145000029],[101.65185914300008,14.332770673000027],[101.64991967900005,14.334464901000047],[101.64734686200006,14.33483121300003],[101.64699432500004,14.336975731000052],[101.65080764500004,14.341720642000041],[101.65065944800006,14.343839843000069],[101.65193171500005,14.349303622000036],[101.65202077300006,14.355528683000045],[101.64589436500006,14.357891211000037],[101.64417196500006,14.357315843000038],[101.64200784900004,14.358329726000022],[101.64343255300008,14.362706227000047],[101.64283078300008,14.366081097000063],[101.63997607100004,14.372300684000038],[101.63931434400007,14.37526575000004],[101.64293141000007,14.379663804000074],[101.64568996800006,14.380657206000024],[101.64838982800006,14.38301307100005],[101.64783347700006,14.389769422000029],[101.64896708500004,14.392524232000028],[101.64791561300007,14.394039257000031],[101.64835014100004,14.399026805000062],[101.64979835400004,14.401830235000034],[101.64911818600007,14.403619994000053],[101.64403809700008,14.407180179000022],[101.64087507600004,14.40764280600007],[101.63526038200007,14.406228557000077],[101.63108755600007,14.406018758000073],[101.62989767100004,14.406811196000035],[101.62788072800004,14.412365264000073],[101.62663690700003,14.413724553000065],[101.62177610500004,14.41479886600007],[101.61847194400008,14.417435872000055],[101.61876210400004,14.420069085000023],[101.62278523200007,14.42772321800004],[101.61879680800007,14.431934076000061],[101.61370748600007,14.435954563000053],[101.61034687900008,14.438017215000059],[101.60494017800005,14.440305000000023],[101.60005426200007,14.441429550000066],[101.59493826300007,14.441841314000044],[101.58924026000005,14.441594771000041],[101.58403176600007,14.440349884000057],[101.57819203400004,14.436527443000045],[101.57519019000006,14.435816212000077],[101.56474053800008,14.434963109000023],[101.55944093600004,14.436343495000074],[101.55366962100004,14.435851641000056],[101.54731010000006,14.43619532300005],[101.54123370500008,14.428874076000056],[101.54109755600007,14.426195667000059],[101.53974621800006,14.425162319000037],[101.53161033100008,14.425833874000034],[101.52695241200007,14.427000458000066],[101.51800956100004,14.431167541000036],[101.51342751800007,14.432831265000061],[101.50852398300003,14.435700870000062],[101.50187960700003,14.440547308000077],[101.49711734200008,14.446627728000067],[101.49109161100006,14.453254019000042],[101.49026040400008,14.45618329000007],[101.48839281600004,14.457869434000031],[101.48774664500007,14.461586993000026],[101.48509495300004,14.462525522000021],[101.48160211100009,14.462339058000055],[101.47708865800007,14.460737391000066],[101.47416874700008,14.458156832000043],[101.46951273600007,14.459597273000043],[101.46605687700009,14.457967102000055],[101.45999723800008,14.45682794000004],[101.45396544200008,14.453403427000069],[101.45104518300008,14.452368702000058],[101.44338531400007,14.448359525000058],[101.43691023400004,14.446279134000065],[101.43633891800005,14.444786356000066],[101.43768733100006,14.441792167000074],[101.43592753600007,14.43960835100006],[101.43821451100007,14.434536168000022],[101.44072589400008,14.431099730000028],[101.44215846200007,14.427285077000022],[101.44567750800007,14.426563835000024],[101.44733667300005,14.422062045000075],[101.44701280100008,14.420158784000023],[101.44372938000004,14.418474175000028],[101.44208272500003,14.416544320000071],[101.44088270500004,14.411347079000052],[101.43910482200005,14.40620949600003],[101.43965842300008,14.402645635000056],[101.43660131900003,14.397668922000037],[101.43386891300008,14.394676007000044],[101.43230425900003,14.389491131000057],[101.43926485400004,14.386786924000035],[101.44208208500004,14.38498811900007],[101.44508808200004,14.384376361000022],[101.45280015800006,14.381144454000037],[101.45846553000007,14.37757849600007],[101.46762136100006,14.37079577000003],[101.47178259500004,14.368956462000028],[101.47689352200007,14.364182205000077],[101.47694348400006,14.359793790000026],[101.48127097300005,14.353558461000034],[101.48181314900006,14.348414353000067],[101.48320389900005,14.345867226000053],[101.48745208000008,14.341545952000047],[101.49305323100003,14.337587109000026],[101.49620330900007,14.334109838000074],[101.49605111200003,14.325823471000035],[101.49318320100008,14.323612024000056],[101.49283420200004,14.32214095300003],[101.49447166100003,14.316841454000041],[101.50100686200005,14.311702431000072],[101.50529863000008,14.309522638000033],[101.50537444000008,14.307320723000032],[101.50388745800007,14.304150999000058],[101.50045322700004,14.299939943000027],[101.50014940900007,14.297082167000042],[101.50174945100008,14.291343398000038],[101.50180625300004,14.28827536700004],[101.49989964400004,14.282691442000043],[101.50177978400006,14.269458128000053],[101.49452611300006,14.267115637000074],[101.49289421100008,14.267221200000051],[101.48847343200003,14.269479533000037],[101.48491494700005,14.270401531000061],[101.48051089800003,14.268677738000065],[101.47330913400003,14.262765109000043],[101.46882936000009,14.262398629000074],[101.46372996100007,14.263454250000052],[101.45173613400004,14.256204063000041],[101.44921937300006,14.25558102900004],[101.44529447800005,14.256181740000045],[101.44086593500003,14.25509334800006],[101.44066127000008,14.251422519000073],[101.43692252200003,14.248063657000046],[101.43652671300003,14.245293246000074],[101.43847886200007,14.241520399000024],[101.43625274300007,14.234617182000022],[101.43745202300005,14.231010685000058],[101.43714572700009,14.227027600000042],[101.43386481100003,14.223575187000051],[101.43170755800008,14.223158799000032],[101.43048963000007,14.219694942000046],[101.42638408200008,14.218849759000022],[101.42480309700005,14.214249479000046],[101.42473820400005,14.210072396000044],[101.42144803700006,14.205647752000061],[101.42122444100005,14.201143793000028],[101.42279041300009,14.199700053000072],[101.42665130700004,14.198829015000058],[101.43525395600005,14.198180688000036],[101.44186343100006,14.197201361000054],[101.44268111000008,14.196047848000035],[101.44677929200009,14.193965596000055],[101.45117652600004,14.195367506000025],[101.45376356800006,14.19130566900003],[101.45724949900006,14.186987389000024],[101.45771661700007,14.184001548000026],[101.45978623800005,14.181733617000077],[101.46094667700004,14.177395553000053],[101.46331032400008,14.173762174000046],[101.46195180900008,14.171688500000073],[101.46349978800004,14.165742367000064],[101.46707162500007,14.162904128000037],[101.46628405500007,14.161298933000069],[101.46985907000004,14.15959325800003],[101.46946687900004,14.15510590100007],[101.46960752000007,14.143739134000043],[101.47063599700004,14.137748479000038],[101.46906276400006,14.131041174000075],[101.47452324200003,14.13050935900003],[101.48259999400005,14.127888260000077],[101.48188437900006,14.124997263000068],[101.48579698000003,14.124994048000076],[101.48845504500008,14.12337982300005],[101.48827203600007,14.121070213000053],[101.48988416000009,14.119995857000049],[101.48903967600006,14.116102000000069],[101.49018369900006,14.115647214000035],[101.48909899700004,14.11226206400005],[101.49334110700005,14.106101591000026],[101.49262553300008,14.101576574000035],[101.49527060700007,14.10023850500005],[101.49417935500009,14.09731060300004],[101.49119057000007,14.093837248000057],[101.48945783900007,14.089905427000076],[101.48900479000008,14.085942468000042],[101.48428484800007,14.080644945000074],[101.48474113500004,14.078224504000048],[101.48848100400005,14.075703000000033],[101.49102001900008,14.072657286000037],[101.49061204800006,14.066103130000045],[101.48697891100005,14.067469694000067],[101.48718370100005,14.06458698800003],[101.48479415400004,14.061792192000041],[101.48784638400008,14.059492571000021],[101.48362314900004,14.059179972000038],[101.48277667700006,14.060780392000026],[101.48109774300008,14.05792682300006],[101.47878192000007,14.059218247000047],[101.47826109300007,14.057778140000039],[101.47503931300008,14.058697388000041],[101.47539375800005,14.055596343000047],[101.47358186300005,14.054573833000063],[101.47106899800008,14.055574670000055],[101.46720174000006,14.054115381000031],[101.46541471100005,14.05102185800007],[101.46242066000008,14.05647577600007],[101.46114577300006,14.053193442000065],[101.45840281900007,14.05356266800004],[101.45708159600008,14.051436575000025],[101.45752821000008,14.046487590000027],[101.45937810300006,14.046953466000048],[101.46008331100006,14.04449127600003],[101.45494550500007,14.044520574000046],[101.45463133900006,14.043433922000077],[101.45759990900007,14.042193458000042],[101.45700840600006,14.039618263000023],[101.45250146700005,14.038729330000024],[101.45307274800007,14.037417423000022],[101.45584504100003,14.03775586100005],[101.45754265800008,14.03328170900005],[101.45620542000006,14.032231090000039],[101.45395834700008,14.033227141000054],[101.45127250400009,14.035951301000068],[101.44865202300008,14.033914325000069],[101.44794020000006,14.037376445000064],[101.44545956800005,14.035784513000067],[101.44524070400007,14.033498627000029],[101.44812493900008,14.028911510000057],[101.45036888300007,14.027474146000031],[101.45210199500008,14.025024748000021],[101.45513647900003,14.023510482000063],[101.45373300500006,14.021088946000077],[101.45487148900008,14.018428700000072],[101.45391074500009,14.016371694000043],[101.46096895300008,14.009705628000063],[101.46337748500008,14.00862022800004]]]},"properties":{"Shape_Leng":1.85969192442,"Shape_Area":0.0795231372069,"ADM2_EN":"Prachantakham","ADM2_TH":"ประจันตคาม","ADM2_PCODE":"TH2507","ADM1_EN":"Prachin Buri","ADM1_TH":"ปราจีนบุรี","ADM1_PCODE":"TH25","ADM0_EN":"Thailand","ADM0_TH":"ประเทศไทย","ADM0_PCODE":"TH"}},
{"type":"Feature","geometry":{"type":"Polygon","coordinates":[[[101.38818672800005,13.958634761000042],[101.39048843000006,13.957980614000064],[101.39573687700005,13.960462003000032],[101.40008117700006,13.960102491000043],[101.39779691000007,13.95511527800005],[101.39830020800008,13.94860717000006],[101.40648275300003,13.950073885000052],[101.41565605500006,13.951071016000071],[101.42076720200004,13.951178834000075],[101.42074900900008,13.949473072000046],[101.42596566100008,13.949144803000024],[101.42818101900008,13.944761107000033],[101.43010854900007,13.943098039000063],[101.43302062900005,13.94442493400004],[101.43338188400008,13.930630050000048],[101.43301546500004,13.92511203500004],[101.43039967900006,13.919796065000071],[101.43111991500007,13.914478243000076],[101.42980007400007,13.903436437000039],[101.43072595500007,13.899700799000072],[101.43476608100008,13.895517636000022],[101.43616737700006,13.892193733000056],[101.44344799900006,13.878099705000068],[101.44821697700007,13.87395209500005],[101.45328695300009,13.872056400000076],[101.45766529200006,13.86853078200005],[101.46469233300007,13.864915230000065],[101.46689513400008,13.862789579000037],[101.47035841500008,13.860991867000052],[101.47485607900006,13.85976819700005],[101.48190698800005,13.856065216000047],[101.48933039100007,13.850098825000032],[101.49900513600005,13.844648272000029],[101.49964824500006,13.840081396000073],[101.50282216100004,13.83367252000005],[101.50894704800004,13.826676672000076],[101.51450335800007,13.818559745000073],[101.51879738600007,13.814194050000026],[101.52182720200005,13.80581131300005],[101.52361427100004,13.80422868100004],[101.52981782400008,13.80087723500003],[101.53189488500004,13.798522696000077],[101.53369732600004,13.794606717000022],[101.53507453800006,13.794022488000053],[101.53591929000004,13.790606871000023],[101.53891094800008,13.785488290000046],[101.54483345500006,13.785749405000047],[101.54696264700004,13.78782448800007],[101.54951290500009,13.793896063000034],[101.55361553600005,13.79288499100005],[101.55248643400006,13.788497260000042],[101.55316945400006,13.785151241000051],[101.55496469900004,13.784019793000027],[101.55605603000004,13.779708810000045],[101.55905671900007,13.773457059000066],[101.55975669300005,13.768297871000073],[101.56274682100008,13.765477804000056],[101.56572755900004,13.764483290000044],[101.56615620600007,13.762832696000032],[101.57223570700006,13.76110991400003],[101.57606497500007,13.754336809000051],[101.57932745100004,13.751959597000052],[101.58146549300005,13.751626008000073],[101.58217228200004,13.748403833000054],[101.58408158100008,13.74816340600006],[101.58710490900006,13.745418295000036],[101.58886377800007,13.742526890000022],[101.58811833900006,13.739461005000067],[101.59132403100006,13.736729442000069],[101.59496258700005,13.735391972000059],[101.59583026400009,13.739056633000075],[101.59859836300006,13.737398504000055],[101.59901277000006,13.738881959000025],[101.60272040900009,13.737847163000026],[101.60367776500004,13.740080231000036],[101.60663934200005,13.738984582000057],[101.60871457400003,13.739478130000066],[101.61020354800007,13.738349373000062],[101.61107380200008,13.735127319000071],[101.61560899800008,13.738429533000044],[101.62020521800008,13.740218004000042],[101.62422894700006,13.744267707000063],[101.62632863800007,13.743314997000027],[101.62886103600005,13.746111617000054],[101.63249133600004,13.74654872900004],[101.63255212500007,13.748377902000072],[101.63771135600007,13.747967816000028],[101.64287387600007,13.74671261800006],[101.64413129200005,13.744838597000069],[101.65141667900008,13.74092276400006],[101.65857658700008,13.737932339000054],[101.66125228700008,13.736039778000077],[101.66332402900008,13.733442227000069],[101.66469743800008,13.733612564000055],[101.66797595900005,13.738286566000056],[101.67046680600004,13.739707370000076],[101.67095097800006,13.742035033000036],[101.67459364900009,13.748776565000071],[101.67914911300005,13.754896006000024],[101.68160067200006,13.75607988400003],[101.68440105000008,13.756128721000039],[101.68711480700006,13.75762701800005],[101.68917315300007,13.76081868600005],[101.69135283300005,13.776276817000053],[101.69416224300005,13.777437281000061],[101.69397908800005,13.782008396000037],[101.69138736900004,13.786250335000034],[101.68653069700008,13.788251046000028],[101.68236946800005,13.791749740000057],[101.68162941100007,13.793611540000029],[101.67931688300007,13.79488034600007],[101.66977573500009,13.796147638000036],[101.66513293000008,13.795468933000052],[101.65917182400005,13.796804735000023],[101.65688642600009,13.796317343000055],[101.65304728000007,13.798799650000035],[101.64212777900008,13.803945403000057],[101.63859835000005,13.80504355200003],[101.63419527600007,13.805508619000022],[101.63295691700006,13.807392975000027],[101.63075370300004,13.807683892000057],[101.62664023700006,13.810618791000024],[101.62498000900007,13.813015273000076],[101.62557850300004,13.816786967000041],[101.62222125900007,13.819228270000053],[101.62082023500005,13.821379938000064],[101.61905381200006,13.821690818000036],[101.61692686000004,13.82547872300006],[101.61356914600003,13.826095746000021],[101.61107154300004,13.831786687000033],[101.61124044200005,13.838296789000026],[101.60977018300008,13.840420392000055],[101.61009262500005,13.842314302000034],[101.61299718000004,13.849079411000048],[101.61559049600004,13.849894069000072],[101.62113697000007,13.850394943000026],[101.62540128100005,13.85354893400006],[101.62341950300004,13.858562931000051],[101.62234364700004,13.858909772000061],[101.62354776500007,13.863274201000024],[101.62388459300007,13.869782416000021],[101.62279398700008,13.876267106000057],[101.62486090400006,13.87881079500005],[101.62504386300009,13.884652085000027],[101.62680323700005,13.887008902000048],[101.62535688900005,13.888846132000026],[101.62382909400009,13.894045427000037],[101.62462252000006,13.897641142000055],[101.62296647900007,13.900424172000044],[101.62573196700004,13.90461891800004],[101.62611447000006,13.906523100000072],[101.62231649700004,13.90914340200004],[101.61930610300004,13.908759186000054],[101.61455610300004,13.91188463800006],[101.61517599600006,13.913033153000072],[101.60872323800004,13.92175295800007],[101.60878676200008,13.924870517000045],[101.60696286800004,13.929157502000066],[101.60297714500007,13.929345976000036],[101.60152794800007,13.930393267000056],[101.60044499900005,13.936335377000034],[101.59838541800008,13.93879419600006],[101.59742736400005,13.942705858000068],[101.59848971600007,13.944955711000034],[101.60018885800008,13.951589414000068],[101.59892683900006,13.952731932000063],[101.60028935900004,13.955626809000023],[101.59920979700007,13.957543903000044],[101.60272809100007,13.959358859000076],[101.59984693500007,13.966340493000075],[101.59999833100005,13.96774388600005],[101.59518960700007,13.968349291000038],[101.59474135800008,13.969829454000035],[101.59909962100005,13.968981503000066],[101.60310835300004,13.971014980000064],[101.60509491000005,13.969259905000058],[101.60756523600008,13.968757888000027],[101.61016233700008,13.970212151000055],[101.61115771000004,13.97225521100006],[101.61076038600004,13.977773648000039],[101.60754771700005,13.977481993000026],[101.60477273800007,13.978487635000022],[101.60305980600003,13.980620805000058],[101.59908889000008,13.981473402000063],[101.59645317100006,13.983983384000055],[101.59558955100005,13.98663840000006],[101.58855848400003,13.983964323000066],[101.58502493400005,13.983407258000057],[101.58353632500007,13.980768478000073],[101.57957076100007,13.980435856000042],[101.57853069700008,13.983030306000046],[101.57415973300004,13.985324416000026],[101.57192297300008,13.98485794000004],[101.56976155500007,13.985907290000057],[101.56456183000006,13.98496252800004],[101.56134164800005,13.986137247000045],[101.55813377100009,13.985416046000068],[101.55607140900008,13.986952533000022],[101.55461779400008,13.984154403000048],[101.55085758100006,13.98285011400003],[101.54859634700006,13.98436556400003],[101.54988043500003,13.98754142100006],[101.54888365100004,13.988126101000034],[101.54662692900007,13.992650371000025],[101.54149003500004,13.993294039000034],[101.53751296800004,13.996727468000074],[101.53059875800005,13.996221498000068],[101.52571356700008,13.992500117000077],[101.52400196100007,13.993277913000043],[101.52423952100008,13.995168665000051],[101.52262632400004,13.996123983000075],[101.52000423000004,13.99554759700004],[101.51786261600006,13.996304141000053],[101.51959125400003,13.999984682000047],[101.51512540000004,13.999139093000053],[101.51338857600007,13.99743756600003],[101.51097409500005,13.99919963900004],[101.50886228000007,13.998081766000041],[101.50249333000005,14.003922355000043],[101.50350529000008,14.01142225600006],[101.50048409100003,14.010715933000029],[101.49573912500006,14.012142254000025],[101.49485707700006,14.013960257000065],[101.49117385600005,14.014990394000051],[101.48718189300007,14.01839435900007],[101.48518490600009,14.016299230000072],[101.48069469200004,14.017313081000054],[101.47881713700008,14.016677850000065],[101.47841043200003,14.018896515000051],[101.47652201000005,14.019012947000022],[101.47179690300004,14.01690525600003],[101.47430035100007,14.011721640000076],[101.46991767900005,14.011310801000036],[101.46732968400005,14.009408832000076],[101.46337748500008,14.00862022800004],[101.45971146600004,14.007128071000068],[101.45876707800005,14.003901795000047],[101.45366402900004,13.999877844000025],[101.45026107800004,14.003661261000047],[101.44641790200006,14.003324820000046],[101.44085134100004,14.003651218000073],[101.43565487500007,14.003358004000063],[101.43544694900004,14.001920209000048],[101.43182692500005,14.00120705300003],[101.43197781000003,13.999817972000073],[101.42769267200003,13.999891577000028],[101.42730924100005,13.999055868000028],[101.41923277900008,13.999359692000041],[101.41407788300006,13.997531817000038],[101.40952202400007,13.99502188100007],[101.40746347100009,13.991919277000022],[101.40424749000005,13.992722224000033],[101.40291616300004,13.994095998000034],[101.39968665500004,13.992851809000058],[101.39510336900008,13.99466532100007],[101.39508124100007,13.996979443000043],[101.39254235100003,13.99862422700005],[101.39026797000008,13.998013133000029],[101.38990042700004,13.994532870000057],[101.38652960200005,13.996462435000069],[101.38894372600004,13.98988900200004],[101.38818672800005,13.958634761000042]]]},"properties":{"Shape_Leng":1.28700616384,"Shape_Area":0.0402565150996,"ADM2_EN":"Si Maha Phot","ADM2_TH":"ศรีมหาโพธิ","ADM2_PCODE":"TH2508","ADM1_EN":"Prachin Buri","ADM1_TH":"ปราจีนบุรี","ADM1_PCODE":"TH25","ADM0_EN":"Thailand","ADM0_TH":"ประเทศไทย","ADM0_PCODE":"TH"}},
{"type":"Feature","geometry":{"type":"Polygon","coordinates":[[[101.35162844200005,13.960307773000068],[101.35162114100007,13.955270441000039],[101.34819757900004,13.950513353000076],[101.34644780700006,13.94553492800003],[101.34567963200004,13.939041922000058],[101.34583842500007,13.933858673000032],[101.34670043700004,13.931336846000022],[101.34543872400008,13.929517102000034],[101.34692565800003,13.923626909000063],[101.34874277100005,13.91853177400003],[101.34911461300004,13.914826602000062],[101.35210707400006,13.906461773000046],[101.35418433500007,13.902339076000032],[101.35833140800008,13.897411537000039],[101.36412803600007,13.894131590000029],[101.36778333600006,13.893524784000022],[101.37504996200005,13.890337192000061],[101.37835433500004,13.886177160000045],[101.38370563600006,13.883141761000047],[101.38492949300007,13.88069037300005],[101.38372781600003,13.87446600800007],[101.38274017000003,13.873953426000071],[101.38141634500005,13.867997192000075],[101.38204573100006,13.859970703000045],[101.38088706800005,13.849410072000069],[101.38681820900007,13.846263565000072],[101.39651534700005,13.841831090000028],[101.40470539200004,13.839336604000039],[101.41861694600004,13.836169900000073],[101.42182582100008,13.836813186000029],[101.42245978800008,13.835429537000039],[101.42593763900004,13.833887153000035],[101.42585388700007,13.831818026000064],[101.43063209100006,13.831358572000056],[101.43346596000004,13.830117518000066],[101.43399826900009,13.827845597000021],[101.43881499800005,13.826829795000037],[101.44126989500006,13.827960390000044],[101.44364104800007,13.827553742000077],[101.45199812200008,13.827435155000046],[101.45777293700007,13.826342630000056],[101.47500856200008,13.821424871000033],[101.48612073700008,13.814909683000053],[101.49171651200004,13.808231412000055],[101.50160083500003,13.79829810700005],[101.50677953200005,13.797410182000021],[101.51579960000004,13.792597639000064],[101.51696150000004,13.791073066000024],[101.52325350000007,13.788122978000047],[101.52425421600009,13.786928274000047],[101.52857090200007,13.786939767000035],[101.53262039300006,13.785480818000053],[101.53891094800008,13.785488290000046],[101.53591929000004,13.790606871000023],[101.53507453800006,13.794022488000053],[101.53369732600004,13.794606717000022],[101.53189488500004,13.798522696000077],[101.52981782400008,13.80087723500003],[101.52361427100004,13.80422868100004],[101.52182720200005,13.80581131300005],[101.51879738600007,13.814194050000026],[101.51450335800007,13.818559745000073],[101.50894704800004,13.826676672000076],[101.50282216100004,13.83367252000005],[101.49964824500006,13.840081396000073],[101.49900513600005,13.844648272000029],[101.48933039100007,13.850098825000032],[101.48190698800005,13.856065216000047],[101.47485607900006,13.85976819700005],[101.47035841500008,13.860991867000052],[101.46689513400008,13.862789579000037],[101.46469233300007,13.864915230000065],[101.45766529200006,13.86853078200005],[101.45328695300009,13.872056400000076],[101.44821697700007,13.87395209500005],[101.44344799900006,13.878099705000068],[101.43616737700006,13.892193733000056],[101.43476608100008,13.895517636000022],[101.43072595500007,13.899700799000072],[101.42980007400007,13.903436437000039],[101.43111991500007,13.914478243000076],[101.43039967900006,13.919796065000071],[101.43301546500004,13.92511203500004],[101.43338188400008,13.930630050000048],[101.43302062900005,13.94442493400004],[101.43010854900007,13.943098039000063],[101.42818101900008,13.944761107000033],[101.42596566100008,13.949144803000024],[101.42074900900008,13.949473072000046],[101.42076720200004,13.951178834000075],[101.41565605500006,13.951071016000071],[101.40648275300003,13.950073885000052],[101.39830020800008,13.94860717000006],[101.39779691000007,13.95511527800005],[101.40008117700006,13.960102491000043],[101.39573687700005,13.960462003000032],[101.39048843000006,13.957980614000064],[101.38818672800005,13.958634761000042],[101.38793725100004,13.94782540600005],[101.38490866700005,13.948864879000041],[101.37836574000005,13.948398510000061],[101.37781903300004,13.947165268000049],[101.37421366000007,13.946126913000057],[101.36998012000004,13.946710669000026],[101.36496493300007,13.94911148600005],[101.36527094200005,13.953409695000062],[101.36371160000004,13.953618333000065],[101.35816958100008,13.958270489000029],[101.35162844200005,13.960307773000068]]]},"properties":{"Shape_Leng":0.651424562699,"Shape_Area":0.0113807446949,"ADM2_EN":"Si Mahosot","ADM2_TH":"ศรีมโหสถ","ADM2_PCODE":"TH2509","ADM1_EN":"Prachin Buri","ADM1_TH":"ปราจีนบุรี","ADM1_PCODE":"TH25","ADM0_EN":"Thailand","ADM0_TH":"ประเทศไทย","ADM0_PCODE":"TH"}}
]}