{"type":"FeatureCollection", "features": [
{"type":"Feature","geometry":{"type":"MultiPolygon","coordinates":[[[[101.44213828100004,12.516181871000072],[101.44274401300004,12.512953175000064],[101.44308643500005,12.516041662000077],[101.44213828100004,12.516181871000072]]],[[[101.45140379100008,12.582689833000074],[101.44998466200008,12.582740346000037],[101.44734494900007,12.580282064000073],[101.44558254100008,12.579710399000021],[101.44684292300008,12.577016356000058],[101.44664954400008,12.572728587000029],[101.44863947800008,12.571791198000028],[101.44946905200004,12.56931998500005],[101.44905626400003,12.568079383000054],[101.44670572800004,12.567530141000077],[101.44783694500006,12.565639370000042],[101.44719163600007,12.564038280000034],[101.44851617500007,12.561406176000048],[101.44689729000004,12.55910880600004],[101.44737280700008,12.556276669000056],[101.44673370000004,12.555463001000021],[101.44613488000005,12.550566489000062],[101.44637856900005,12.548738404000062],[101.44546241300009,12.545413907000068],[101.44600135700006,12.543845751000049],[101.44526456800008,12.540638459000036],[101.44555168300008,12.535989847000053],[101.44468724800004,12.532064613000045],[101.44297107300008,12.530960938000021],[101.44304990100005,12.528515294000044],[101.44196651300007,12.527693509000073],[101.44342809400007,12.524747545000025],[101.44263046400005,12.522835329000031],[101.44309010500007,12.521677785000065],[101.44504870000009,12.522131702000024],[101.44470937600005,12.52396587100003],[101.44551950400006,12.52996603500003],[101.44613415700007,12.53109640100007],[101.44829697200004,12.531692719000034],[101.44905947400008,12.533855936000066],[101.44798600900003,12.538358622000032],[101.45032503900006,12.54115740800006],[101.44752246300004,12.545918882000024],[101.44969212000007,12.549657311000033],[101.45088362700005,12.549731216000055],[101.45137026100008,12.551303525000037],[101.44985559000008,12.55295065100006],[101.45129044400005,12.555022940000072],[101.45255812600004,12.555237402000046],[101.45489740800008,12.557436993000067],[101.45504584600008,12.559131064000042],[101.45616595300004,12.55955599300006],[101.45578039700007,12.561362319000068],[101.45734950800005,12.56224945100007],[101.45728623600007,12.563480835000064],[101.45912994900004,12.565085772000032],[101.46840010900007,12.567964387000075],[101.46899663900007,12.566439463000052],[101.47023051000008,12.567666154000051],[101.46834089100008,12.571097629000064],[101.46871796800008,12.571919526000045],[101.46572899000006,12.572884997000074],[101.46456545900008,12.574365122000074],[101.46171182900008,12.574847841000064],[101.46078855200005,12.57414975200004],[101.45811416100008,12.574737086000027],[101.45595212700005,12.576989208000043],[101.45515953000006,12.576646333000042],[101.45321469800007,12.578314912000053],[101.45140379100008,12.582689833000074]]],[[[101.50994875200007,12.584993033000046],[101.50882825200006,12.585998200000063],[101.50845885200005,12.584298721000039],[101.50974628100005,12.58362857700007],[101.51059222000004,12.581741823000073],[101.51129407000008,12.583965664000061],[101.50994875200007,12.584993033000046]]],[[[101.50912553600006,12.59531811200003],[101.50854658200006,12.59373395800003],[101.51028610800006,12.595012069000063],[101.50912553600006,12.59531811200003]]],[[[101.51469666000008,12.601226616000076],[101.51559333600005,12.60319536000003],[101.51392076000008,12.601588784000057],[101.51469666000008,12.601226616000076]]],[[[101.17191590800007,12.647865839000076],[101.17172878000008,12.650969036000049],[101.16969059300004,12.648503042000073],[101.17191590800007,12.647865839000076]]],[[[101.50614350200004,12.848644683000032],[101.50666780300008,12.851452767000069],[101.50649580100009,12.857331012000031],[101.50509741900004,12.86014513400005],[101.50282973700007,12.862866544000042],[101.50335240900006,12.86656888500005],[101.50118729900004,12.869352286000037],[101.49791663600007,12.869829970000069],[101.49602605500007,12.867784210000025],[101.49367455300006,12.867599039000027],[101.48733737000003,12.866136692000055],[101.48596677400008,12.864953685000046],[101.48249066800008,12.866151126000034],[101.48163779900005,12.867564241000025],[101.47918915100007,12.864580286000034],[101.47796078300007,12.861580153000034],[101.47712544500007,12.858071202000076],[101.47759042100006,12.857387062000043],[101.47646160800008,12.853754767000055],[101.47250882300006,12.854702515000042],[101.46822211200003,12.858382259000052],[101.46605330200003,12.859136396000054],[101.46692148200003,12.864549491000048],[101.46099827300009,12.861749992000057],[101.46010115300004,12.856200627000021],[101.45918842100008,12.852991168000074],[101.45658416800006,12.847335788000066],[101.45118029900004,12.829565123000066],[101.44755917200007,12.830601826000077],[101.44575319000006,12.829136902000073],[101.44594589500008,12.827600952000068],[101.44383729100008,12.822918923000032],[101.43793555400003,12.818841169000052],[101.42918350800005,12.81146558200004],[101.42570239700007,12.809568438000042],[101.42412513400006,12.808025833000045],[101.42145356500004,12.804116230000034],[101.41664141100006,12.802017485000022],[101.41581853000008,12.800687942000025],[101.41742351300007,12.799699017000023],[101.41613273300004,12.79786849800007],[101.41439630200006,12.793598427000063],[101.41560548200005,12.789508716000057],[101.41498179900003,12.785589409000067],[101.41402190300005,12.782492890000071],[101.41283492000008,12.781010217000073],[101.41508257200007,12.776403863000041],[101.41380726100004,12.774386144000061],[101.41130832600004,12.77282585100005],[101.40357910000006,12.770202633000054],[101.40026150500006,12.768414402000076],[101.39701172400004,12.768787570000029],[101.39166341200007,12.770050660000038],[101.38805090800008,12.768978121000032],[101.38331316700004,12.768896780000034],[101.38226401400004,12.768178306000038],[101.38159201000008,12.765496764000034],[101.37681773700007,12.764540973000067],[101.37557674100003,12.762430737000045],[101.37401394900007,12.76165043800006],[101.37084908500003,12.763392237000062],[101.36619698000004,12.763712447000046],[101.36344787700006,12.762070039000037],[101.36313827500004,12.758876029000021],[101.36157003800008,12.758888607000074],[101.36068520100008,12.756625210000038],[101.35880226100005,12.756375142000024],[101.35630779300004,12.750993941000047],[101.35358055300009,12.750107280000066],[101.35133804500003,12.747633661000066],[101.34975198500007,12.746857743000021],[101.35061153600009,12.744341942000062],[101.34925790500006,12.741966178000041],[101.34636164000005,12.740486563000047],[101.34497773400005,12.738325553000038],[101.34197960900008,12.735981303000074],[101.33940604300005,12.73596549900003],[101.33805814900006,12.733448830000043],[101.33655631400006,12.732287897000049],[101.33674236600007,12.730188712000029],[101.33308285500004,12.728830820000042],[101.33008984500003,12.729532069000072],[101.32659304300006,12.727688645000057],[101.32756543900007,12.724452554000038],[101.32529357400006,12.720494264000024],[101.32310763300006,12.720654055000068],[101.32116754100008,12.715641357000038],[101.31891412100003,12.71347309600003],[101.32031915800007,12.712785833000055],[101.31762290400007,12.710937536000074],[101.31706377400008,12.707279295000035],[101.31549950000004,12.705053837000037],[101.31470967800004,12.70198214900006],[101.31528532500005,12.700366037000038],[101.31316357000009,12.697214202000055],[101.31003740800008,12.697920159000034],[101.30983974100008,12.700998649000041],[101.30716797700006,12.70091913500005],[101.30373507600007,12.698117404000072],[101.30277478700003,12.702121847000058],[101.30281368400006,12.70628406700007],[101.30120483300004,12.705929347000051],[101.29847457300008,12.70936339800005],[101.29840773500007,12.712103152000054],[101.29679997300008,12.712944272000072],[101.29623653400006,12.716146713000057],[101.29459031900006,12.716552823000029],[101.29182036400005,12.718804471000055],[101.28785956200005,12.719076503000053],[101.28317830400005,12.718283100000065],[101.28189816800005,12.719994366000037],[101.27927098400005,12.721539599000039],[101.27838145300007,12.721316629000057],[101.27884116700005,12.724704533000022],[101.27962475700008,12.726131179000049],[101.27996075200008,12.729276345000073],[101.28112004800005,12.730420146000029],[101.27820872200004,12.731029310000054],[101.27632076000003,12.732636503000037],[101.27670277200008,12.733481656000038],[101.27323734500004,12.73601616600007],[101.27155352900007,12.734982341000034],[101.26979849900005,12.735129981000057],[101.26814754100008,12.73093265700004],[101.26568546000004,12.729629823000039],[101.26413690900006,12.730211155000063],[101.26277280200009,12.72836256100004],[101.26073311700009,12.730270166000025],[101.26061510600005,12.732090177000032],[101.25480113000003,12.734372449000034],[101.25298402800007,12.737191450000068],[101.24659764400008,12.742265590000045],[101.24351618100007,12.748333383000045],[101.23756228000008,12.751239393000048],[101.23703353700006,12.74922323900006],[101.23400938400005,12.746058236000067],[101.23295417800006,12.745826540000053],[101.23071437400006,12.747259488000054],[101.22622287400009,12.747124403000043],[101.22385543400009,12.747629563000032],[101.22350561200005,12.745807867000053],[101.22056893900003,12.745153354000024],[101.21893832600006,12.747314376000077],[101.21696169200004,12.743922438000027],[101.21390467700007,12.740273131000038],[101.21205243000009,12.741323451000028],[101.20726596100008,12.742692293000061],[101.20498214000008,12.744223485000077],[101.19942897900006,12.744660321000026],[101.19275929300005,12.751952355000071],[101.18284532200005,12.761942862000069],[101.17968395800006,12.757410251000067],[101.16684626300008,12.75694930900005],[101.16321964300005,12.758829656000046],[101.16068077000006,12.763585157000023],[101.16059085500007,12.766415176000066],[101.16255452800004,12.771791710000059],[101.16006929600007,12.773323683000058],[101.15723292100006,12.777146666000021],[101.15202715500004,12.780998474000057],[101.14983004700008,12.781826317000025],[101.14861524600008,12.78143699900005],[101.14870217400005,12.783440949000067],[101.14747633400003,12.786919382000065],[101.14690785500005,12.786932596000042],[101.14618656400006,12.79266913400005],[101.14358988700008,12.793870746000039],[101.14353292600003,12.795412269000053],[101.14105660500007,12.796754669000052],[101.14503700400007,12.801159944000062],[101.14313805900008,12.80279014100006],[101.14244130300006,12.80464444100005],[101.14069636100004,12.804537908000043],[101.13884584700008,12.806532117000074],[101.13663814800003,12.805919619000065],[101.13504210200006,12.806418387000065],[101.13123186200005,12.805710267000052],[101.13160840000006,12.809008683000059],[101.12799541600003,12.81046167900007],[101.12469887000003,12.813935590000028],[101.12188047800004,12.813806518000035],[101.11832000200008,12.811488030000021],[101.11751098500008,12.809641227000043],[101.11377949800004,12.806670346000033],[101.11041692600008,12.803229044000034],[101.10803577300004,12.80276361500006],[101.10718579700006,12.803574579000042],[101.10718602200006,12.806936921000045],[101.10551208100009,12.80690991800003],[101.10293161600003,12.805099523000024],[101.09932435100006,12.80353961700007],[101.09729342000009,12.803475013000025],[101.09415460400004,12.804274004000035],[101.09534099900009,12.802703806000068],[101.09550350300003,12.799893231000055],[101.09483617500007,12.797937551000075],[101.09495605200004,12.795170205000034],[101.09301545800008,12.792410472000029],[101.08948691700004,12.791790645000049],[101.08944288300006,12.790775474000043],[101.09201382500004,12.789932167000075],[101.09314811900003,12.787944658000072],[101.09332916600005,12.785019242000033],[101.09170918900008,12.781707848000053],[101.09361505000004,12.779477029000077],[101.09162075800003,12.778604100000052],[101.09408187800005,12.775078963000055],[101.09441765900004,12.772329824000053],[101.09012683100008,12.770518450000054],[101.08959799400009,12.767370327000037],[101.08992373300003,12.765026887000033],[101.08901101900005,12.763473537000039],[101.08624988000008,12.763318695000066],[101.08694710200007,12.760545367000077],[101.08894607900004,12.76104484900003],[101.09135473400005,12.760289672000056],[101.09322837100007,12.756491177000044],[101.09785627500008,12.750775026000042],[101.10012044200005,12.747014845000024],[101.10287208500006,12.737121864000073],[101.10276360100005,12.73469570900005],[101.10420311500008,12.732233131000044],[101.10431247600008,12.729998253000076],[101.10345909500006,12.724536048000061],[101.10193258900006,12.722252526000034],[101.10570956600009,12.715397672000051],[101.10624707400007,12.708766131000061],[101.09790959000009,12.698300803000052],[101.09587166200004,12.69612855400004],[101.09533203500007,12.691286475000027],[101.09522280300007,12.680255385000066],[101.09711737300006,12.679382847000056],[101.09742720300005,12.678038595000032],[101.10095453800005,12.678669770000056],[101.10486252500004,12.67860889800005],[101.10683670900005,12.67927951300004],[101.11661269500007,12.678333512000052],[101.11975558700004,12.677256972000066],[101.12031872600005,12.67799143600007],[101.12597088500007,12.677332813000021],[101.13207886700008,12.675397196000063],[101.13254505000003,12.670604519000051],[101.13248951300005,12.66532393600005],[101.14642483700004,12.651422228000058],[101.14671366600004,12.651526755000077],[101.14012325400006,12.658405918000028],[101.14176981300005,12.660249442000065],[101.13879974400004,12.66320793400007],[101.13712205300004,12.661678385000073],[101.13519203800007,12.663553754000077],[101.13571023300005,12.666220696000039],[101.13818656300003,12.666305530000045],[101.13729279400007,12.669735144000072],[101.13913760500009,12.669748877000075],[101.13947880600006,12.673406869000075],[101.15078884500008,12.673306103000073],[101.15151885500006,12.673528993000048],[101.15134116800004,12.658134450000034],[101.15723385000007,12.658102836000069],[101.15708246300005,12.640079997000043],[101.16640106700004,12.640004407000049],[101.16655329200006,12.661500162000038],[101.15799160000006,12.661626929000022],[101.15788799100005,12.670083585000043],[101.16188508700009,12.672043509000048],[101.17191142000007,12.670569993000072],[101.17942415200008,12.669221575000051],[101.18417585900005,12.669716415000039],[101.19244454000005,12.669778228000041],[101.20512651200005,12.668561655000076],[101.20708319000005,12.667987229000062],[101.21182845200008,12.66785386600003],[101.22469893800007,12.666755121000051],[101.22838075300007,12.665830503000052],[101.23203718200006,12.665827627000056],[101.23550838800008,12.664806825000028],[101.24021916100008,12.664311009000073],[101.24613474600005,12.662557359000061],[101.24660711900003,12.662863662000063],[101.25230758300006,12.661650876000067],[101.25422157700007,12.66075102900004],[101.25610509700005,12.660979324000039],[101.25976618800007,12.659777414000075],[101.26322280400007,12.659466629000065],[101.26500767200008,12.658568177000063],[101.27152580800004,12.657258701000046],[101.27651955400006,12.655348754000045],[101.28386509100005,12.655018918000053],[101.29002919700008,12.65283071500005],[101.29297740700008,12.651432666000062],[101.30061910000006,12.648421327000051],[101.30101210800007,12.647865026000034],[101.32167472200007,12.640615355000023],[101.33792428800007,12.633311399000036],[101.34248610400005,12.631508827000062],[101.35329354300006,12.626704894000056],[101.36281223800006,12.62217890200003],[101.36952637300004,12.619418712000027],[101.38578569800006,12.610308674000066],[101.39226335400008,12.606989868000028],[101.40183905500004,12.601461372000074],[101.40603589700004,12.598821495000038],[101.41338139500004,12.593551041000069],[101.41560652300006,12.590747749000059],[101.41527163800004,12.588148630000035],[101.41421686400008,12.58846318600007],[101.41312207000004,12.586576267000055],[101.41408266500008,12.585564356000077],[101.41748697900005,12.58430647800003],[101.41850103100006,12.583142743000053],[101.41865647300006,12.585194957000056],[101.42016370800008,12.58739205300003],[101.42117883400005,12.590163683000071],[101.42379139100007,12.590178068000057],[101.42202686800005,12.592797217000054],[101.42318805100007,12.596109257000023],[101.42299768000004,12.598414036000065],[101.42484257900009,12.60083426500006],[101.42372616800009,12.603884897000057],[101.42489041200008,12.606314654000073],[101.42521755500007,12.610772195000038],[101.42264545100005,12.610945548000075],[101.42348162500008,12.614617018000047],[101.42650842200004,12.618993830000022],[101.42746207200008,12.618708901000048],[101.42969170600009,12.620097500000043],[101.42930967800004,12.620747427000026],[101.43175432800007,12.621685745000036],[101.43603760600007,12.625442860000021],[101.43662702400007,12.626724589000048],[101.44170722900009,12.627310211000065],[101.44593122200007,12.628740883000035],[101.44858580800008,12.630600512000058],[101.45227435400005,12.631449949000057],[101.45550061600005,12.631496865000031],[101.46005776900006,12.632438814000068],[101.46802920500005,12.63320690300003],[101.47389189700004,12.63350028700006],[101.47896720900007,12.632919968000067],[101.48696176800007,12.632770162000043],[101.49296633800009,12.631411137000043],[101.49715294400005,12.629730989000052],[101.49741589300004,12.627642284000046],[101.49846739400004,12.630312960000026],[101.50407054900006,12.631670201000077],[101.51170888500008,12.63136757500007],[101.51451717000003,12.637891658000058],[101.51500970400008,12.643139455000039],[101.51574186400006,12.644676610000033],[101.51476559500009,12.652233717000058],[101.51356418700004,12.653971709000075],[101.51458287400004,12.655830820000062],[101.51508184400006,12.659191029000056],[101.51657610300003,12.661265521000075],[101.51968675700004,12.662267589000066],[101.52128476000007,12.664878216000034],[101.52013704200004,12.667994888000067],[101.51771502600008,12.671377968000058],[101.51778093900003,12.673630569000068],[101.51589437300004,12.674265321000064],[101.51366740400005,12.674024728000063],[101.51314792600004,12.675895406000052],[101.51385708200007,12.678576644000032],[101.51264343500009,12.682602449000058],[101.51422012600005,12.687223429000028],[101.51578938200004,12.68783503900005],[101.51591310200007,12.690684310000051],[101.51886864000005,12.695190366000077],[101.51929323800005,12.697809677000066],[101.51801209000007,12.700468236000063],[101.51806017100006,12.702756819000058],[101.51951484700004,12.70819156500005],[101.51881191200005,12.711282536000056],[101.52359778800007,12.715575071000046],[101.52582133000004,12.715715081000042],[101.52787135200003,12.717124832000025],[101.53028340200007,12.72029073300007],[101.52194550500008,12.725607829000069],[101.52116234000005,12.729297744000064],[101.52181159900005,12.734454042000038],[101.52176009100003,12.739907006000067],[101.52437624100008,12.74270142100005],[101.52523333900007,12.746494280000036],[101.52198533100005,12.747828338000033],[101.52120352900005,12.750730075000035],[101.52321144400008,12.751769637000052],[101.52385633200004,12.753666057000032],[101.52233805300006,12.755023701000027],[101.52155677400003,12.75704186300004],[101.52146208300007,12.760127323000063],[101.52623084100009,12.766338980000057],[101.52528575700006,12.769674088000045],[101.52199648100009,12.771362751000026],[101.52002643700007,12.77877920900005],[101.52243564000008,12.780604144000051],[101.52292348000009,12.782165638000038],[101.52156334600005,12.786788848000072],[101.51958230400004,12.787964800000054],[101.51678889600004,12.788085457000022],[101.51408890900007,12.789180136000027],[101.50994557600006,12.793822572000067],[101.50806794000005,12.797713073000068],[101.50745093000006,12.80166213900003],[101.50800779000008,12.804056665000076],[101.50712879400004,12.805704825000078],[101.50744677700004,12.807892628000047],[101.50591278000007,12.809756426000035],[101.50552540200005,12.812785900000051],[101.50452389700007,12.81544223700007],[101.50308500100004,12.817332530000044],[101.50310864900007,12.819409862000043],[101.50467989000003,12.821925554000074],[101.50708916900004,12.824144421000028],[101.50704830400008,12.830230662000076],[101.50569221500007,12.834224815000027],[101.50496110000006,12.834464624000077],[101.50481581700006,12.83825156100005],[101.50532986300004,12.842325208000034],[101.50481734600004,12.845584404000022],[101.50614350200004,12.848644683000032]]]]},"properties":{"Shape_Leng":2.07402704629,"Shape_Area":0.0554069487046,"ADM2_EN":"Mueang Rayong","ADM2_TH":"เมืองระยอง","ADM2_PCODE":"TH2101","ADM1_EN":"Rayong","ADM1_TH":"ระยอง","ADM1_PCODE":"TH21","ADM0_EN":"Thailand","ADM0_TH":"ประเทศไทย","ADM0_PCODE":"TH"}},
{"type":"Feature","geometry":{"type":"Polygon","coordinates":[[[101.09415460400004,12.804274004000035],[101.08960317800006,12.806251533000022],[101.08660941200009,12.808258688000024],[101.08414244400007,12.808644052000034],[101.07638930800005,12.812415916000077],[101.07576452300003,12.813708602000077],[101.07116283200008,12.816021902000045],[101.06782230600004,12.819648484000027],[101.06462873300006,12.819977405000031],[101.06102569500007,12.81762240200004],[101.05578039400007,12.817674520000025],[101.05343508100003,12.817278779000048],[101.05110741800007,12.81487770700005],[101.05001184200006,12.815118239000071],[101.04851004500006,12.813881043000038],[101.04441392200005,12.811890035000033],[101.04134126000008,12.812495561000048],[101.03942842900005,12.811411187000033],[101.03830908300006,12.812510424000038],[101.03642032500005,12.812308820000055],[101.03384725000006,12.809592563000024],[101.03199514200008,12.808869078000043],[101.03095117700008,12.805018949000043],[101.02950459100003,12.801957681000033],[101.02697228500006,12.801097973000026],[101.02602258800005,12.801973794000048],[101.02211382500008,12.799713621000024],[101.01963049300008,12.799123394000048],[101.01721477900008,12.797264729000062],[101.01718157200008,12.795331907000048],[101.01596720600008,12.794466496000041],[101.01575807600005,12.792433837000033],[101.01304575200004,12.785766688000024],[101.01354513700005,12.780069788000048],[101.01433397700004,12.774914833000025],[101.01361727300008,12.77311474000004],[101.01181662800008,12.77253031400005],[101.01144886300006,12.770654904000025],[101.01225777500008,12.768536758000039],[101.01164617600006,12.765840943000057],[101.01262570800009,12.76452236800003],[101.01318994800005,12.76140747200003],[101.01436052200006,12.761437497000031],[101.01542044800004,12.758954122000034],[101.01427032000004,12.75852571400003],[101.01198218600007,12.755592958000022],[101.01208488700007,12.753822368000044],[101.01028007600007,12.75343796900006],[101.00855931100006,12.75182112300007],[101.00884438700007,12.749783247000039],[101.00760999000005,12.744996670000035],[101.00493705900004,12.740718885000035],[101.00361082800003,12.73999010700004],[101.00303175400006,12.73771133300005],[101.00372082400008,12.734481351000056],[100.99907760600007,12.730713253000033],[100.99534392800007,12.730023135000067],[100.99551912100009,12.729142483000032],[100.99317253600003,12.72738640800003],[100.99196781000006,12.727582763000044],[100.99073262300004,12.725792488000025],[100.99125975800007,12.722702440000035],[100.99271934400008,12.721219036000036],[100.99291589700005,12.719428223000023],[100.99479582900005,12.714359653000031],[100.99192946500006,12.712297890000059],[100.99169768000007,12.71002128400005],[100.98968969300006,12.708622423000065],[100.99043782200005,12.706953850000048],[100.98992090100006,12.70513933500007],[100.98797019600005,12.704087543000071],[100.98745727800008,12.700670222000042],[100.98612764500007,12.700904690000073],[100.98610274500004,12.699120853000068],[100.98767644800006,12.698203447000026],[100.98549919300007,12.696366179000051],[100.98447278600008,12.691948929000034],[100.98707962100008,12.689682381000068],[100.98799141800004,12.685241648000044],[100.98952344600008,12.684703373000048],[100.98919669200006,12.682902231000071],[100.99025861200005,12.682152061000068],[100.99023300200008,12.679407226000023],[100.99251277900004,12.675662095000064],[100.99011633400005,12.671730725000032],[100.98926465600005,12.669500171000038],[100.99032934600007,12.669636892000028],[100.99030516700009,12.667797738000047],[100.99140039300005,12.667745736000029],[100.99284382600007,12.664481609000063],[100.99169997200005,12.663149375000046],[100.99307496600005,12.661071909000043],[100.99189922200009,12.660125486000027],[100.99315468300006,12.658375560000025],[100.99225785100003,12.656245697000031],[100.99846131300006,12.65813243100007],[101.00809587800006,12.660027554000067],[101.01054617200003,12.660248354000032],[101.02322392300005,12.662442656000053],[101.02795180300006,12.663056168000026],[101.03748544200005,12.663860709000062],[101.04374253800006,12.665601698000046],[101.04482169000005,12.665593404000049],[101.04632888300006,12.668327970000064],[101.04871732400005,12.669517398000039],[101.05402634800004,12.670228517000055],[101.05697202600004,12.669989265000027],[101.06119132200007,12.671148086000073],[101.06262591900008,12.673417941000025],[101.06486481800005,12.674520106000045],[101.07378455900005,12.675419195000075],[101.08244196800007,12.675480453000034],[101.08866919500008,12.674903865000033],[101.09300123500009,12.675339320000035],[101.09385461000005,12.676793127000053],[101.09742720300005,12.678038595000032],[101.09711737300006,12.679382847000056],[101.09522280300007,12.680255385000066],[101.09533203500007,12.691286475000027],[101.09587166200004,12.69612855400004],[101.09790959000009,12.698300803000052],[101.10624707400007,12.708766131000061],[101.10570956600009,12.715397672000051],[101.10193258900006,12.722252526000034],[101.10345909500006,12.724536048000061],[101.10431247600008,12.729998253000076],[101.10420311500008,12.732233131000044],[101.10276360100005,12.73469570900005],[101.10287208500006,12.737121864000073],[101.10012044200005,12.747014845000024],[101.09785627500008,12.750775026000042],[101.09322837100007,12.756491177000044],[101.09135473400005,12.760289672000056],[101.08894607900004,12.76104484900003],[101.08694710200007,12.760545367000077],[101.08624988000008,12.763318695000066],[101.08901101900005,12.763473537000039],[101.08992373300003,12.765026887000033],[101.08959799400009,12.767370327000037],[101.09012683100008,12.770518450000054],[101.09441765900004,12.772329824000053],[101.09408187800005,12.775078963000055],[101.09162075800003,12.778604100000052],[101.09361505000004,12.779477029000077],[101.09170918900008,12.781707848000053],[101.09332916600005,12.785019242000033],[101.09314811900003,12.787944658000072],[101.09201382500004,12.789932167000075],[101.08944288300006,12.790775474000043],[101.08948691700004,12.791790645000049],[101.09301545800008,12.792410472000029],[101.09495605200004,12.795170205000034],[101.09483617500007,12.797937551000075],[101.09550350300003,12.799893231000055],[101.09534099900009,12.802703806000068],[101.09415460400004,12.804274004000035]]]},"properties":{"Shape_Leng":0.581033028709,"Shape_Area":0.013617492124,"ADM2_EN":"Ban Chang","ADM2_TH":"บ้านฉาง","ADM2_PCODE":"TH2102","ADM1_EN":"Rayong","ADM1_TH":"ระยอง","ADM1_PCODE":"TH21","ADM0_EN":"Thailand","ADM0_TH":"ประเทศไทย","ADM0_PCODE":"TH"}},
{"type":"Feature","geometry":{"type":"MultiPolygon","coordinates":[[[[101.51170888500008,12.63136757500007],[101.52852758400007,12.630872514000032],[101.54724012700007,12.629181901000038],[101.55188397200004,12.628581172000054],[101.55635003200007,12.627315666000072],[101.55970751900009,12.628500428000052],[101.56095310600006,12.630922300000066],[101.56463788100007,12.63177373600007],[101.56586380900006,12.633440791000055],[101.56360320400006,12.635723966000057],[101.56399521500003,12.63834528700005],[101.56547104000003,12.641952888000048],[101.56394024700006,12.644690255000057],[101.56532004500008,12.646945366000068],[101.56757316700003,12.648585160000039],[101.57204956100009,12.650686050000047],[101.57717302400005,12.651986701000055],[101.58252561700004,12.652595405000056],[101.59286303500005,12.652460168000061],[101.59337545700004,12.653532996000024],[101.60123892000007,12.653042371000026],[101.60742421600008,12.652196237000055],[101.61655011900007,12.650165485000059],[101.62315857700008,12.64837364400006],[101.62842723000006,12.646560128000033],[101.63491095400008,12.643288557000062],[101.63710057700007,12.643606070000033],[101.63874617000005,12.642963957000063],[101.64129189500005,12.643784752000045],[101.64585009000007,12.642343019000066],[101.64685176400008,12.644575547000045],[101.64501658100005,12.644489455000041],[101.64430442300005,12.646959239000068],[101.64698774500005,12.647952401000055],[101.64773123900005,12.649671799000032],[101.65096733100006,12.65162130400006],[101.65342898200004,12.657426052000062],[101.65594505100006,12.661994563000064],[101.65692874100006,12.662032501000056],[101.65824496200008,12.664337158000023],[101.66103452000004,12.66593001700005],[101.66041819200007,12.667334355000037],[101.66174150600006,12.668045419000066],[101.66128841500006,12.669307335000042],[101.65955257400009,12.669788259000029],[101.66021950600003,12.67175392300004],[101.66332418200005,12.671687512000062],[101.66631658300008,12.674659573000042],[101.66776534900004,12.679071595000039],[101.67089134400004,12.682195271000069],[101.67165211800005,12.683859351000024],[101.67588105500005,12.685806312000068],[101.67793654700006,12.687445546000049],[101.68407703600008,12.691009498000028],[101.68751385900003,12.69261259700005],[101.68713176600005,12.693782894000037],[101.68886732600004,12.693629072000022],[101.69140495900007,12.694596562000072],[101.70125982800005,12.69572415700003],[101.70153644800007,12.696822096000062],[101.70415437500009,12.698250537000035],[101.70486920100007,12.695931483000038],[101.70782839800006,12.695435290000034],[101.70511262600007,12.696901901000047],[101.70458611700008,12.698297124000021],[101.70756627000009,12.69934412400005],[101.71240143600005,12.700114425000038],[101.71602945000006,12.701460617000066],[101.71667680100006,12.702222491000043],[101.72079471600006,12.704242425000075],[101.72480139500004,12.705610189000026],[101.73025856900006,12.705976720000024],[101.73196398900006,12.705638940000028],[101.73883760900009,12.706707926000036],[101.74505026100007,12.706963878000067],[101.75008534900007,12.708115680000049],[101.75343967000003,12.70704338400003],[101.76119055500004,12.70598939000007],[101.76374686700007,12.703516422000064],[101.76746357400003,12.703400809000073],[101.77000092200007,12.70159404900005],[101.77004159500007,12.700530591000074],[101.77375004600003,12.697251464000033],[101.77822452400005,12.694848015000048],[101.78187582300006,12.69352897300007],[101.78435838500008,12.69319157600006],[101.78595729900007,12.695861666000042],[101.78970572500003,12.698685840000053],[101.79059480300003,12.700801543000068],[101.78945713000007,12.70315084300006],[101.78690920700006,12.705169463000061],[101.78513649000007,12.708826240000064],[101.78577183500005,12.711143582000034],[101.78956380600005,12.712922543000047],[101.79324502100008,12.715619694000054],[101.79751785400003,12.720024709000029],[101.79921768200006,12.722499804000051],[101.79962117900004,12.724516209000058],[101.79922586100008,12.731047267000065],[101.79801322400004,12.732697562000055],[101.79509217100008,12.734416858000031],[101.79510114100003,12.736730761000047],[101.79917901500005,12.73709440400006],[101.80264324700005,12.73966133500005],[101.80296637900005,12.74201346500007],[101.79887906100004,12.746758981000028],[101.79931753700004,12.749800247000053],[101.80130918500004,12.751359917000059],[101.80437487900008,12.752359390000038],[101.80506246900006,12.755200947000048],[101.80634088000005,12.756231754000055],[101.80829886400005,12.756293458000073],[101.81123811900005,12.75443524700006],[101.81086059000006,12.751390585000024],[101.81177471700005,12.75020883600007],[101.81472295100008,12.750850134000075],[101.81945665500007,12.753871159000028],[101.81926224100005,12.755063384000039],[101.81735903200007,12.75667568700004],[101.81779713300006,12.761516803000063],[101.82020723500005,12.764792121000028],[101.81697122700007,12.76698553500006],[101.81772081800005,12.770647939000071],[101.81756136400008,12.774287073000039],[101.81843926800008,12.775325886000076],[101.81854111100006,12.778130963000024],[101.82020448500003,12.777771304000055],[101.82130996000006,12.781308394000064],[101.81958885000006,12.783317325000041],[101.82058531200005,12.78436006100003],[101.81941249400006,12.78526981500005],[101.81972415400008,12.78706263600003],[101.82224509200006,12.790990644000033],[101.82097915000008,12.792432443000052],[101.82104577700005,12.795085175000054],[101.81882418000004,12.797413582000047],[101.81862817900009,12.799506860000065],[101.82217300800005,12.801170912000032],[101.82074460200005,12.802763119000076],[101.82324084400005,12.806617075000077],[101.82481884900005,12.806492453000033],[101.82491285600008,12.808949093000024],[101.82664689000006,12.808757399000058],[101.82659767600006,12.810669435000023],[101.82773918400005,12.810411016000046],[101.82704676000009,12.814387615000044],[101.82859823400008,12.816454436000072],[101.82733818200006,12.817045134000068],[101.82866827900006,12.81896753600006],[101.82882884400004,12.821150671000055],[101.82761777800005,12.82133723800007],[101.82932172800008,12.823003978000031],[101.82928886000008,12.824335380000036],[101.83105490500009,12.824909865000052],[101.82913225100003,12.825829503000023],[101.82770837300006,12.829287857000054],[101.82975123600005,12.830258505000074],[101.82803316600007,12.831764238000062],[101.82882041800008,12.833843451000064],[101.82768068800004,12.83535336500006],[101.82882660900003,12.83613583500005],[101.82877457900008,12.839019738000047],[101.82696218600006,12.839265743000055],[101.82695474200005,12.841361258000063],[101.82563934800004,12.840694338000048],[101.82449647000004,12.841926621000027],[101.82574171700008,12.844471199000054],[101.82701670100005,12.844929496000077],[101.82616524900004,12.846127411000055],[101.82669094300007,12.848851530000047],[101.82757068100005,12.84923251600003],[101.82740704400004,12.851203951000059],[101.82618892700003,12.852511684000035],[101.82700497300004,12.85510077500004],[101.82549111200007,12.856219070000066],[101.82446558900006,12.860514822000027],[101.82050225100005,12.864661719000026],[101.81934470600004,12.866333218000022],[101.81899826000006,12.868728340000075],[101.81808283800007,12.86895858400004],[101.81722508000007,12.871501502000058],[101.81597205800006,12.87270546600007],[101.81700129600006,12.875377337000032],[101.81772147900006,12.874767402000032],[101.81841902000008,12.877354326000045],[101.81981462600004,12.879407899000057],[101.81800189600006,12.884657935000064],[101.81682311900005,12.89152217800006],[101.81902033700004,12.894802711000068],[101.81807248600006,12.896633653000038],[101.81815401200004,12.899793812000041],[101.81749039800007,12.900772793000044],[101.81529460600007,12.901032086000043],[101.81322516700004,12.89872280000003],[101.81363224300009,12.895134665000057],[101.81271465600008,12.89278796900004],[101.81355614800003,12.891030018000038],[101.81276456900008,12.886715540000068],[101.81194438700004,12.885571167000023],[101.80987500700007,12.88486354500003],[101.80736875500008,12.881812684000067],[101.80529723100005,12.880808134000063],[101.79971100000006,12.882446955000034],[101.79847920900005,12.880893490000062],[101.79547092000007,12.879803985000024],[101.79052223400004,12.87922373500004],[101.78795773900003,12.878286669000033],[101.78066434000004,12.874016924000045],[101.77234413300005,12.86880314900003],[101.76573105300008,12.86618584300004],[101.76049922300007,12.862849200000028],[101.75767038100008,12.862627863000057],[101.75634800000006,12.861847342000033],[101.75636399300004,12.860164612000062],[101.75264552300007,12.858903354000063],[101.75223674600005,12.860294170000031],[101.74917626200005,12.859448852000071],[101.74941781900009,12.856163147000075],[101.74797281700006,12.855717654000046],[101.74838223800003,12.85378098700005],[101.74670748600005,12.852792763000025],[101.74682700700004,12.851116132000072],[101.74473630800009,12.84997667600004],[101.74476158700008,12.848596265000026],[101.74333613800007,12.848491022000076],[101.74385674500007,12.845244681000054],[101.74578012300009,12.84432027400004],[101.74524549800009,12.841973447000044],[101.74347206700008,12.840679819000059],[101.74385577600003,12.839812624000047],[101.74009766200004,12.839877164000029],[101.74023379500005,12.837423726000054],[101.73881065100005,12.834252991000028],[101.73903266300005,12.833330571000033],[101.73597989500007,12.832911822000028],[101.73638812200005,12.830585171000052],[101.73359392000003,12.830385020000051],[101.73491625400004,12.834224004000077],[101.73302743200009,12.835214359000076],[101.73258357900005,12.837376968000058],[101.73101024100004,12.839874534000046],[101.72900318100005,12.838983592000034],[101.72673023300007,12.839096131000076],[101.72630193900005,12.840055079000024],[101.72309763700008,12.842471554000042],[101.72070449200004,12.843071835000046],[101.72287275700006,12.836993521000068],[101.71731516500006,12.837153994000062],[101.71563620800003,12.840048840000065],[101.71063723600008,12.850902093000059],[101.70842761700004,12.852439964000041],[101.70688661600008,12.85448163600006],[101.70874503300007,12.862296177000076],[101.70641727900005,12.864066065000031],[101.70412995400005,12.864532075000056],[101.70659440400004,12.87006115500003],[101.70303402100006,12.872474026000077],[101.70219846300006,12.875869186000045],[101.69967283400007,12.87878650700003],[101.69592425900004,12.881690681000066],[101.69362162200008,12.886773325000036],[101.69069919400005,12.88908361700004],[101.69139181200006,12.890725739000061],[101.68769184600006,12.893386344000021],[101.68688468900007,12.896741466000037],[101.68480898500007,12.89783041000004],[101.68478249200007,12.899297147000027],[101.68258482900006,12.899186643000064],[101.68068825000006,12.897899708000068],[101.67889757300009,12.89791198000006],[101.67457712500004,12.899454148000075],[101.67148422400004,12.897713772000031],[101.67001334000008,12.898342915000057],[101.66763760400005,12.895858514000054],[101.66581627800008,12.895616951000022],[101.66482849500005,12.886891639000055],[101.66483422100004,12.88332682400005],[101.66036775900005,12.885775683000077],[101.65929412500009,12.885433241000044],[101.65452008400007,12.886647172000039],[101.65255268200008,12.88787910800005],[101.65311124600004,12.889253091000057],[101.65060715500005,12.891164411000034],[101.64765409600005,12.889674902000024],[101.64629228500007,12.889827824000065],[101.64271416500009,12.885334457000056],[101.64268157300006,12.88177504600003],[101.64414893500003,12.880543588000023],[101.64251263900007,12.87941076800007],[101.63966043200008,12.879583411000056],[101.63815827300004,12.881102131000034],[101.63753001700007,12.883280822000074],[101.63425488600006,12.883237915000052],[101.63406039900008,12.884982189000027],[101.63182479700004,12.885874262000073],[101.63195182300007,12.887542578000023],[101.62753745100008,12.890687661000072],[101.62527179100005,12.889580479000074],[101.62504227200009,12.89168032300006],[101.62210696800008,12.894568325000023],[101.62267100700006,12.895905523000067],[101.61984057900008,12.896077245000072],[101.61949708700007,12.899411465000071],[101.61835880800004,12.899473464000039],[101.61955518700006,12.901483134000046],[101.61680684700008,12.904181617000063],[101.61612307000007,12.90641461100006],[101.61450479300004,12.907438479000064],[101.61356226400005,12.909796328000027],[101.61209796300005,12.910957777000021],[101.61027651300009,12.91477056900004],[101.60879865200008,12.914422741000067],[101.60941309600008,12.91626751900003],[101.60751724800008,12.917888618000063],[101.61018354100008,12.920287185000063],[101.60900713100006,12.92161920600006],[101.60939424400004,12.92309311300005],[101.60799655600005,12.923227248000046],[101.60909539100004,12.926853786000038],[101.60818029600006,12.929488492000075],[101.60941022900005,12.930160474000047],[101.60846054000007,12.93142546100006],[101.61084057800008,12.933012606000034],[101.61051180000004,12.934992634000025],[101.61158102300004,12.936088287000075],[101.61082047400004,12.937586456000076],[101.61390491400005,12.939481297000043],[101.61379535600008,12.940917214000024],[101.61537963200004,12.941953725000076],[101.61647224500007,12.944396570000038],[101.61541934500008,12.945760533000055],[101.61546439300008,12.948223383000027],[101.61648189500005,12.949101700000028],[101.61687938900008,12.952278811000042],[101.61795276200007,12.953953435000074],[101.61805610100004,12.955974582000067],[101.61916124800007,12.95790975400007],[101.61823427100006,12.96091176300007],[101.61524633600004,12.963977452000051],[101.61575380200009,12.966464109000071],[101.61217245100005,12.97096502900007],[101.61143115800007,12.977306847000023],[101.61222452800007,12.979651128000057],[101.61180439000003,12.981717566000043],[101.60520141400008,12.98027726500004],[101.59726095900004,12.978988495000067],[101.58736584200005,12.97685666500007],[101.58571833100007,12.97681314600004],[101.58290148200007,12.977826435000054],[101.58017159000008,12.979824061000045],[101.57652003400005,12.98033601800006],[101.56852229600008,12.978845657000022],[101.56578367700007,12.978361650000068],[101.56657097200008,12.976111703000072],[101.56416602400009,12.975614601000075],[101.56440094100009,12.97360306400003],[101.56555994800004,12.972648037000056],[101.56549046500004,12.97063950100005],[101.56651027800007,12.969980038000074],[101.56600593300004,12.967385231000037],[101.56732697400008,12.965116728000055],[101.56939429100004,12.964335781000045],[101.57123015600007,12.96005950700004],[101.57506090100009,12.959640283000056],[101.57604674900006,12.956333417000053],[101.57567675400009,12.953844093000043],[101.57679270000006,12.953251210000076],[101.57416088800005,12.949022179000053],[101.57643609500008,12.948162877000073],[101.57586572900004,12.946279894000043],[101.57602698600004,12.942945592000058],[101.57695146500004,12.942390204000048],[101.57618055700004,12.939727596000068],[101.57903771800005,12.939295467000022],[101.57905852500005,12.938438118000022],[101.58246090900008,12.936585550000075],[101.58378033300005,12.936990877000028],[101.58470811000007,12.934747302000062],[101.58256908200008,12.933568494000042],[101.58394602000004,12.93208173100004],[101.58633225300008,12.932528786000034],[101.58703491100005,12.929139741000029],[101.58808918800008,12.929114756000047],[101.58689784400008,12.927336746000037],[101.58954996700004,12.924274128000036],[101.58601825700003,12.924190021000072],[101.58409930700009,12.92310410400006],[101.58325580200005,12.91979206700006],[101.58430196700004,12.91891004300004],[101.58383902600008,12.916234237000026],[101.58522206800006,12.915888221000046],[101.58722646700005,12.913500334000048],[101.58687047600006,12.911144542000045],[101.58799600300006,12.910566809000045],[101.58798373900004,12.908512698000038],[101.58900464900006,12.907224987000063],[101.58745791000007,12.90687286800005],[101.58818032000005,12.903390658000035],[101.59029781300006,12.90346265900007],[101.59166455100006,12.902344998000046],[101.59091244900009,12.89987304400006],[101.58944784200008,12.899922423000021],[101.59172272000006,12.896490689000075],[101.59400150800008,12.894976579000058],[101.59449825400009,12.893363909000072],[101.59566971100008,12.893611849000024],[101.59668982300008,12.89028939700006],[101.59593557300008,12.887469017000058],[101.59687642700004,12.884259498000063],[101.59795882400005,12.88468264900007],[101.59794079600005,12.88216856200006],[101.59983387200003,12.880410314000073],[101.60195663100006,12.881012947000045],[101.60155852100007,12.879552514000068],[101.60281965800004,12.87728463700006],[101.60234557700005,12.872909953000033],[101.59861409300004,12.868345154000053],[101.59579122300005,12.863619553000035],[101.59093255000005,12.861070458000029],[101.58450997900007,12.855927053000073],[101.58364199400006,12.851724710000042],[101.58374525000005,12.845146156000055],[101.58325204000005,12.844025647000024],[101.58592237400006,12.84078401000005],[101.58370575700008,12.840194824000037],[101.58155473100004,12.838623719000054],[101.57996826300007,12.83607948100007],[101.57703994900004,12.834264086000076],[101.57542120000005,12.835642101000076],[101.57103240400005,12.84071633700006],[101.56645402900006,12.839742483000066],[101.56389739800005,12.841016699000022],[101.56205883800004,12.840680384000052],[101.56059715200007,12.841414197000063],[101.55816725200003,12.840910786000052],[101.55123220100006,12.841792382000051],[101.55225948700007,12.837982127000032],[101.55186400100007,12.831123848000061],[101.54979547700003,12.832380492000027],[101.54559310500008,12.832321884000066],[101.53648101500005,12.835738678000041],[101.53239398100004,12.837836346000074],[101.52698657900004,12.839557911000043],[101.52441425500007,12.838445641000021],[101.52168502400008,12.83913859100005],[101.52075035600006,12.840136710000024],[101.52019991300006,12.842681751000043],[101.51722918100006,12.843785530000048],[101.51549058900008,12.846296018000032],[101.51350754400005,12.847328265000044],[101.50861384900008,12.847131740000066],[101.50614350200004,12.848644683000032],[101.50481734600004,12.845584404000022],[101.50532986300004,12.842325208000034],[101.50481581700006,12.83825156100005],[101.50496110000006,12.834464624000077],[101.50569221500007,12.834224815000027],[101.50704830400008,12.830230662000076],[101.50708916900004,12.824144421000028],[101.50467989000003,12.821925554000074],[101.50310864900007,12.819409862000043],[101.50308500100004,12.817332530000044],[101.50452389700007,12.81544223700007],[101.50552540200005,12.812785900000051],[101.50591278000007,12.809756426000035],[101.50744677700004,12.807892628000047],[101.50712879400004,12.805704825000078],[101.50800779000008,12.804056665000076],[101.50745093000006,12.80166213900003],[101.50806794000005,12.797713073000068],[101.50994557600006,12.793822572000067],[101.51408890900007,12.789180136000027],[101.51678889600004,12.788085457000022],[101.51958230400004,12.787964800000054],[101.52156334600005,12.786788848000072],[101.52292348000009,12.782165638000038],[101.52243564000008,12.780604144000051],[101.52002643700007,12.77877920900005],[101.52199648100009,12.771362751000026],[101.52528575700006,12.769674088000045],[101.52623084100009,12.766338980000057],[101.52146208300007,12.760127323000063],[101.52155677400003,12.75704186300004],[101.52233805300006,12.755023701000027],[101.52385633200004,12.753666057000032],[101.52321144400008,12.751769637000052],[101.52120352900005,12.750730075000035],[101.52198533100005,12.747828338000033],[101.52523333900007,12.746494280000036],[101.52437624100008,12.74270142100005],[101.52176009100003,12.739907006000067],[101.52181159900005,12.734454042000038],[101.52116234000005,12.729297744000064],[101.52194550500008,12.725607829000069],[101.53028340200007,12.72029073300007],[101.52787135200003,12.717124832000025],[101.52582133000004,12.715715081000042],[101.52359778800007,12.715575071000046],[101.51881191200005,12.711282536000056],[101.51951484700004,12.70819156500005],[101.51806017100006,12.702756819000058],[101.51801209000007,12.700468236000063],[101.51929323800005,12.697809677000066],[101.51886864000005,12.695190366000077],[101.51591310200007,12.690684310000051],[101.51578938200004,12.68783503900005],[101.51422012600005,12.687223429000028],[101.51264343500009,12.682602449000058],[101.51385708200007,12.678576644000032],[101.51314792600004,12.675895406000052],[101.51366740400005,12.674024728000063],[101.51589437300004,12.674265321000064],[101.51778093900003,12.673630569000068],[101.51771502600008,12.671377968000058],[101.52013704200004,12.667994888000067],[101.52128476000007,12.664878216000034],[101.51968675700004,12.662267589000066],[101.51657610300003,12.661265521000075],[101.51508184400006,12.659191029000056],[101.51458287400004,12.655830820000062],[101.51356418700004,12.653971709000075],[101.51476559500009,12.652233717000058],[101.51574186400006,12.644676610000033],[101.51500970400008,12.643139455000039],[101.51451717000003,12.637891658000058],[101.51170888500008,12.63136757500007]]],[[[101.56941476900005,12.554811358000052],[101.57018746100005,12.556819649000033],[101.56840059100006,12.559269130000075],[101.56674827600006,12.558339040000021],[101.56831235700008,12.554615467000076],[101.56941476900005,12.554811358000052]]],[[[101.70064485400007,12.566221583000072],[101.70229691300005,12.567156616000034],[101.70302481000004,12.569231389000038],[101.70270913800005,12.57155113600004],[101.70168127500006,12.572687289000044],[101.69991807000008,12.57242652900004],[101.69852261600005,12.571175537000045],[101.69752358100004,12.568284093000045],[101.69843440700004,12.565980254000067],[101.70064485400007,12.566221583000072]]],[[[101.69087992700008,12.595346970000037],[101.69351005700008,12.597133425000038],[101.69442941900007,12.600065154000049],[101.69394948900003,12.603857026000071],[101.69281895300009,12.604271299000061],[101.69204906000004,12.602560119000032],[101.68874357200008,12.599337605000073],[101.68847608800007,12.596902096000065],[101.69087992700008,12.595346970000037]]],[[[101.69153679300007,12.607720766000057],[101.69383861700004,12.608581690000051],[101.69386364200005,12.611709904000065],[101.69466063700008,12.612140152000052],[101.69303262200003,12.615383285000064],[101.69089362200003,12.616855744000077],[101.68972276200009,12.618938082000057],[101.68783558900009,12.618004949000067],[101.68796030900006,12.614474709000035],[101.68597919900009,12.613383812000052],[101.68512979500008,12.611616524000056],[101.68778302000004,12.607070908000026],[101.69153679300007,12.607720766000057]]]]},"properties":{"Shape_Leng":1.99783727593,"Shape_Area":0.0612128859844,"ADM2_EN":"Klaeng","ADM2_TH":"แกลง","ADM2_PCODE":"TH2103","ADM1_EN":"Rayong","ADM1_TH":"ระยอง","ADM1_PCODE":"TH21","ADM0_EN":"Thailand","ADM0_TH":"ประเทศไทย","ADM0_PCODE":"TH"}},
{"type":"Feature","geometry":{"type":"Polygon","coordinates":[[[101.50614350200004,12.848644683000032],[101.50861384900008,12.847131740000066],[101.51350754400005,12.847328265000044],[101.51549058900008,12.846296018000032],[101.51722918100006,12.843785530000048],[101.52019991300006,12.842681751000043],[101.52075035600006,12.840136710000024],[101.52168502400008,12.83913859100005],[101.52441425500007,12.838445641000021],[101.52698657900004,12.839557911000043],[101.53239398100004,12.837836346000074],[101.53648101500005,12.835738678000041],[101.54559310500008,12.832321884000066],[101.54979547700003,12.832380492000027],[101.55186400100007,12.831123848000061],[101.55225948700007,12.837982127000032],[101.55123220100006,12.841792382000051],[101.55816725200003,12.840910786000052],[101.56059715200007,12.841414197000063],[101.56205883800004,12.840680384000052],[101.56389739800005,12.841016699000022],[101.56645402900006,12.839742483000066],[101.57103240400005,12.84071633700006],[101.57542120000005,12.835642101000076],[101.57703994900004,12.834264086000076],[101.57996826300007,12.83607948100007],[101.58155473100004,12.838623719000054],[101.58370575700008,12.840194824000037],[101.58592237400006,12.84078401000005],[101.58325204000005,12.844025647000024],[101.58374525000005,12.845146156000055],[101.58364199400006,12.851724710000042],[101.58450997900007,12.855927053000073],[101.59093255000005,12.861070458000029],[101.59579122300005,12.863619553000035],[101.59861409300004,12.868345154000053],[101.60234557700005,12.872909953000033],[101.60281965800004,12.87728463700006],[101.60155852100007,12.879552514000068],[101.60195663100006,12.881012947000045],[101.59983387200003,12.880410314000073],[101.59794079600005,12.88216856200006],[101.59795882400005,12.88468264900007],[101.59687642700004,12.884259498000063],[101.59593557300008,12.887469017000058],[101.59668982300008,12.89028939700006],[101.59566971100008,12.893611849000024],[101.59449825400009,12.893363909000072],[101.59400150800008,12.894976579000058],[101.59172272000006,12.896490689000075],[101.58944784200008,12.899922423000021],[101.59091244900009,12.89987304400006],[101.59166455100006,12.902344998000046],[101.59029781300006,12.90346265900007],[101.58818032000005,12.903390658000035],[101.58745791000007,12.90687286800005],[101.58900464900006,12.907224987000063],[101.58798373900004,12.908512698000038],[101.58799600300006,12.910566809000045],[101.58687047600006,12.911144542000045],[101.58722646700005,12.913500334000048],[101.58522206800006,12.915888221000046],[101.58383902600008,12.916234237000026],[101.58430196700004,12.91891004300004],[101.58325580200005,12.91979206700006],[101.58409930700009,12.92310410400006],[101.58601825700003,12.924190021000072],[101.58954996700004,12.924274128000036],[101.58689784400008,12.927336746000037],[101.58808918800008,12.929114756000047],[101.58703491100005,12.929139741000029],[101.58633225300008,12.932528786000034],[101.58394602000004,12.93208173100004],[101.58256908200008,12.933568494000042],[101.58470811000007,12.934747302000062],[101.58378033300005,12.936990877000028],[101.58246090900008,12.936585550000075],[101.57905852500005,12.938438118000022],[101.57903771800005,12.939295467000022],[101.57618055700004,12.939727596000068],[101.57695146500004,12.942390204000048],[101.57602698600004,12.942945592000058],[101.57586572900004,12.946279894000043],[101.57643609500008,12.948162877000073],[101.57416088800005,12.949022179000053],[101.57679270000006,12.953251210000076],[101.57567675400009,12.953844093000043],[101.57604674900006,12.956333417000053],[101.57506090100009,12.959640283000056],[101.57123015600007,12.96005950700004],[101.56939429100004,12.964335781000045],[101.56732697400008,12.965116728000055],[101.56600593300004,12.967385231000037],[101.56651027800007,12.969980038000074],[101.56549046500004,12.97063950100005],[101.56555994800004,12.972648037000056],[101.56440094100009,12.97360306400003],[101.56416602400009,12.975614601000075],[101.56657097200008,12.976111703000072],[101.56578367700007,12.978361650000068],[101.56852229600008,12.978845657000022],[101.56825574300007,12.980653824000058],[101.56994861000004,12.980358973000023],[101.56976565300005,12.983573497000066],[101.57174089900008,12.984076811000023],[101.57164291900006,12.986252055000023],[101.56995669500009,12.987795067000036],[101.57134742300008,12.988026127000069],[101.57338427800005,12.989887246000023],[101.57208870500006,12.99180068100003],[101.57275365700008,12.99325719500007],[101.57470553300004,12.994557119000035],[101.57605574100006,12.992946276000055],[101.57862750500004,12.995204155000067],[101.58142722800005,12.995291722000047],[101.58397726200008,12.999106452000035],[101.58372442500007,13.000467806000074],[101.58492119400006,13.001721411000062],[101.58266848800008,13.00466394700004],[101.58167960100008,13.005095315000062],[101.58202485200007,13.010269404000042],[101.58654921900006,13.010754577000057],[101.59090519500006,13.01031899700007],[101.59237922300008,13.013111590000051],[101.59222604600006,13.014957052000057],[101.59319139500008,13.01601928100007],[101.59273833700007,13.017886993000047],[101.59496049800003,13.019302238000023],[101.59482678800003,13.022733928000036],[101.59573547500008,13.022866614000066],[101.59619447800009,13.024924290000058],[101.59850903000006,13.025353252000059],[101.60142895200005,13.029114948000029],[101.60126639500004,13.032358823000038],[101.60256077300005,13.033886723000023],[101.60228567400009,13.03671423000003],[101.59942070400007,13.038485957000034],[101.60107267300003,13.041833040000029],[101.60078693500009,13.044063105000077],[101.60165627900005,13.044990856000027],[101.60002187100008,13.048239014000046],[101.60031204500007,13.051661530000047],[101.59830442800006,13.053852901000027],[101.59927870000007,13.056585661000042],[101.59776782500006,13.057106953000073],[101.59416070100008,13.055040284000029],[101.59232066000004,13.055234847000065],[101.58989779600006,13.05663473800007],[101.58803460900003,13.060864380000055],[101.58524207000005,13.060835353000073],[101.58315335600008,13.061933596000074],[101.58416431100005,13.063632747000042],[101.58400347400004,13.067977430000042],[101.58721896900005,13.068211051000048],[101.58959929700006,13.071894031000056],[101.58932510200003,13.073815719000038],[101.58978192200004,13.078475378000064],[101.59086258100007,13.080487609000045],[101.59017246500008,13.081966891000036],[101.59129098400007,13.083109566000076],[101.59051942700006,13.08578551200003],[101.59204000900007,13.091847401000052],[101.59001657800007,13.094697462000056],[101.58756832800003,13.09433333100003],[101.58203853500004,13.097516891000055],[101.58070946900006,13.101024797000036],[101.58041731800006,13.10594831800006],[101.57810664400006,13.109208266000053],[101.57744728800009,13.107405263000032],[101.57712134000008,13.10261513000006],[101.57612246500008,13.10075464700003],[101.57735427600005,13.095418950000067],[101.57435107300006,13.093352207000066],[101.57449961400005,13.09013114000004],[101.57372239100005,13.086925576000056],[101.57206222400004,13.086550733000024],[101.56990422000007,13.087961461000077],[101.56772976500008,13.08802479600007],[101.56645155400008,13.084136877000049],[101.56145712600005,13.078779434000069],[101.55838611400009,13.076400482000054],[101.55729243900004,13.076683994000064],[101.55405842600004,13.073989491000077],[101.54947916400005,13.072806849000074],[101.54886282500007,13.071888495000053],[101.54703306700009,13.072574657000075],[101.54442397500009,13.070972464000022],[101.54385953100007,13.072221961000025],[101.54014798900005,13.07224707000006],[101.53617041300004,13.071091208000041],[101.53567506100006,13.07245471300007],[101.53392177400008,13.071637100000032],[101.53019602800003,13.071211783000024],[101.52859243900008,13.073808901000064],[101.52522554500007,13.074804570000026],[101.52230967600008,13.077008602000035],[101.52007796800007,13.074966202000041],[101.52113031500005,13.07386327000006],[101.52115294300006,13.071902931000068],[101.51669750800005,13.068558582000037],[101.51467760900005,13.069138429000077],[101.51246834200003,13.066850414000044],[101.51384698300006,13.064452635000066],[101.51325920100004,13.062788323000063],[101.51373289000009,13.06102192000003],[101.51540927300005,13.060326817000032],[101.51448684500008,13.059159751000038],[101.50257361300004,13.058197642000039],[101.49099697700007,13.057903213000031],[101.48495456300009,13.058367615000066],[101.48635089400005,13.052544068000032],[101.48885026600004,13.050973996000039],[101.48293659200004,13.050729303000026],[101.47946678400007,13.048490808000054],[101.47769680200008,13.049536722000028],[101.47703490600009,13.047925144000033],[101.47493596900006,13.048950066000032],[101.47387044100009,13.04844706800003],[101.46893939800003,13.051813870000046],[101.46690998700007,13.04918718500005],[101.46435492100005,13.042269221000026],[101.46976581800004,13.03535861000006],[101.47268274100009,13.032281368000042],[101.47200991400007,13.03097998100003],[101.47307523900008,13.030067557000052],[101.47268857200004,13.028002194000067],[101.47049026400003,13.026118819000033],[101.46758300600004,13.028082457000039],[101.46628248500008,13.029624672000068],[101.46552026100005,13.028760090000048],[101.46258388400008,13.032386020000047],[101.45871293000005,13.034094570000036],[101.45632590800005,13.036512410000057],[101.45484908000009,13.035823393000044],[101.45238269600009,13.04003056700003],[101.45117267300009,13.040242807000027],[101.44998663800004,13.043334859000026],[101.44779205400005,13.045088474000067],[101.44667993300004,13.047106537000047],[101.44484520800006,13.047423755000068],[101.44436472600006,13.049393549000058],[101.44296475000004,13.05032307700003],[101.44061664100008,13.049878763000038],[101.43842672800008,13.050877680000042],[101.43514485000009,13.051478239000062],[101.43464185200008,13.049189675000036],[101.43273745100004,13.046676629000046],[101.42937984900004,13.04548155200007],[101.42712761300004,13.04539787300007],[101.42536372400008,13.042510329000038],[101.42239206100004,13.039584748000038],[101.42009860200005,13.039137595000057],[101.41874087600007,13.035968729000047],[101.41940200600004,13.032817993000037],[101.41816327400005,13.031823498000051],[101.41701520000004,13.027570211000068],[101.41163150000006,13.025564941000027],[101.40815956700004,13.02340747900007],[101.40631529200004,13.023441048000052],[101.40412902600008,13.024633476000076],[101.40280468000009,13.027342505000036],[101.40161077200008,13.028209425000057],[101.39937684000006,13.025404191000064],[101.39409159900003,13.024810699000057],[101.39504256200007,13.023612932000049],[101.39850346900005,13.021637437000038],[101.39877918500008,13.01953310700003],[101.40044500000005,13.018356878000077],[101.40163574800005,13.015347081000073],[101.40292275700006,13.013954488000024],[101.40434747400008,13.010671411000033],[101.40437107800005,13.00918252100007],[101.40562768500007,13.007312347000038],[101.40495910400006,13.004890128000056],[101.40559655900006,13.004084057000057],[101.40554825800007,13.001042010000049],[101.40755279700005,12.99736686500006],[101.40654429900007,12.99609687800006],[101.40757080100008,12.991822971000033],[101.41080822000004,12.988778054000022],[101.41472767800008,12.98728767700004],[101.41610618100003,12.986139801000036],[101.41460226300006,12.984553277000032],[101.41347542000005,12.97958954400002],[101.41431992200006,12.977514424000049],[101.41711151500004,12.973256076000041],[101.41730439100007,12.97187363300003],[101.41593846100005,12.96896208000004],[101.41814139000007,12.968431924000072],[101.42151142200004,12.966379446000076],[101.42532739200004,12.966521211000043],[101.42661899300003,12.962904541000057],[101.42786091900007,12.962132694000047],[101.42774265600008,12.960622947000047],[101.42988641800008,12.958095884000045],[101.43712596900008,12.952605943000037],[101.43769913400007,12.951447579000046],[101.44261456000004,12.952098361000026],[101.44257325800004,12.951235694000047],[101.44929554900006,12.948575363000032],[101.45133965400004,12.94907106100004],[101.45315482100006,12.946372852000025],[101.45493784800004,12.944759541000053],[101.45707321800006,12.944290127000045],[101.45880083300005,12.942957276000072],[101.45864671500004,12.944823076000034],[101.46048585300008,12.946508368000025],[101.46302259000004,12.944558098000073],[101.46693996100004,12.944748176000076],[101.46679718100006,12.945895611000026],[101.46876954700008,12.945759280000061],[101.46907317100005,12.943456013000059],[101.47407530900006,12.942056427000068],[101.47536640200008,12.942941115000053],[101.48011054000006,12.938831621000077],[101.48128415400004,12.939281057000073],[101.48629610500006,12.938188620000062],[101.48799884100004,12.938706311000033],[101.49123659600008,12.937517985000056],[101.49247373900005,12.936273905000064],[101.49145884900008,12.934613874000036],[101.48642064800003,12.93141575900006],[101.48682934700008,12.930247315000031],[101.48383143100006,12.927582710000024],[101.48272727300008,12.924143953000055],[101.48162765800004,12.924922491000075],[101.47936741400008,12.92363993600003],[101.47699062600009,12.923330717000056],[101.47515512400008,12.920917549000023],[101.47092739900006,12.91920370400004],[101.47000521200005,12.916991861000042],[101.46784697600003,12.916204050000033],[101.46746263800009,12.915105021000045],[101.46555384100009,12.914545544000077],[101.46434810500006,12.915810620000059],[101.46033704900003,12.914177823000045],[101.46061520500007,12.912955503000035],[101.45690827500005,12.912245229000064],[101.45669055000008,12.91106601100006],[101.45226035900004,12.90605785200006],[101.44791828800004,12.902624213000024],[101.44765370400006,12.89880714800006],[101.44849959000004,12.894776602000036],[101.45072210000006,12.893233605000034],[101.45274993600003,12.892868398000076],[101.45810666900007,12.889926873000036],[101.46094815100008,12.889578714000038],[101.46229079900007,12.888397112000064],[101.46434140000008,12.884951149000074],[101.46605088200005,12.884723067000039],[101.46795673700007,12.883413871000073],[101.47008127600009,12.883975228000054],[101.47092965700006,12.88506886700003],[101.47326313500008,12.885598344000073],[101.47477870900008,12.88418133700003],[101.47958401500006,12.88364464500006],[101.48283297300009,12.882422860000077],[101.48708463800006,12.88287053700003],[101.48889503400005,12.885012027000073],[101.48953184600003,12.880617140000027],[101.48587314300005,12.876052559000073],[101.48554530400008,12.87469425300003],[101.48361312500003,12.874262630000032],[101.48265677400008,12.871993208000049],[101.48309873800008,12.871003227000074],[101.48163779900005,12.867564241000025],[101.48249066800008,12.866151126000034],[101.48596677400008,12.864953685000046],[101.48733737000003,12.866136692000055],[101.49367455300006,12.867599039000027],[101.49602605500007,12.867784210000025],[101.49791663600007,12.869829970000069],[101.50118729900004,12.869352286000037],[101.50335240900006,12.86656888500005],[101.50282973700007,12.862866544000042],[101.50509741900004,12.86014513400005],[101.50649580100009,12.857331012000031],[101.50666780300008,12.851452767000069],[101.50614350200004,12.848644683000032]]]},"properties":{"Shape_Leng":1.32044721939,"Shape_Area":0.0311874208071,"ADM2_EN":"Wang Chan","ADM2_TH":"วังจันทร์","ADM2_PCODE":"TH2104","ADM1_EN":"Rayong","ADM1_TH":"ระยอง","ADM1_PCODE":"TH21","ADM0_EN":"Thailand","ADM0_TH":"ประเทศไทย","ADM0_PCODE":"TH"}},
{"type":"Feature","geometry":{"type":"Polygon","coordinates":[[[101.48163779900005,12.867564241000025],[101.48309873800008,12.871003227000074],[101.48265677400008,12.871993208000049],[101.48361312500003,12.874262630000032],[101.48554530400008,12.87469425300003],[101.48587314300005,12.876052559000073],[101.48953184600003,12.880617140000027],[101.48889503400005,12.885012027000073],[101.48708463800006,12.88287053700003],[101.48283297300009,12.882422860000077],[101.47958401500006,12.88364464500006],[101.47477870900008,12.88418133700003],[101.47326313500008,12.885598344000073],[101.47092965700006,12.88506886700003],[101.47008127600009,12.883975228000054],[101.46795673700007,12.883413871000073],[101.46605088200005,12.884723067000039],[101.46434140000008,12.884951149000074],[101.46229079900007,12.888397112000064],[101.46094815100008,12.889578714000038],[101.45810666900007,12.889926873000036],[101.45274993600003,12.892868398000076],[101.45072210000006,12.893233605000034],[101.44849959000004,12.894776602000036],[101.44765370400006,12.89880714800006],[101.44791828800004,12.902624213000024],[101.45226035900004,12.90605785200006],[101.45669055000008,12.91106601100006],[101.45690827500005,12.912245229000064],[101.46061520500007,12.912955503000035],[101.46033704900003,12.914177823000045],[101.46434810500006,12.915810620000059],[101.46555384100009,12.914545544000077],[101.46746263800009,12.915105021000045],[101.46784697600003,12.916204050000033],[101.47000521200005,12.916991861000042],[101.47092739900006,12.91920370400004],[101.47515512400008,12.920917549000023],[101.47699062600009,12.923330717000056],[101.47936741400008,12.92363993600003],[101.48162765800004,12.924922491000075],[101.48272727300008,12.924143953000055],[101.48383143100006,12.927582710000024],[101.48682934700008,12.930247315000031],[101.48642064800003,12.93141575900006],[101.49145884900008,12.934613874000036],[101.49247373900005,12.936273905000064],[101.49123659600008,12.937517985000056],[101.48799884100004,12.938706311000033],[101.48629610500006,12.938188620000062],[101.48128415400004,12.939281057000073],[101.48011054000006,12.938831621000077],[101.47536640200008,12.942941115000053],[101.47407530900006,12.942056427000068],[101.46907317100005,12.943456013000059],[101.46876954700008,12.945759280000061],[101.46679718100006,12.945895611000026],[101.46693996100004,12.944748176000076],[101.46302259000004,12.944558098000073],[101.46048585300008,12.946508368000025],[101.45864671500004,12.944823076000034],[101.45880083300005,12.942957276000072],[101.45707321800006,12.944290127000045],[101.45493784800004,12.944759541000053],[101.45315482100006,12.946372852000025],[101.45133965400004,12.94907106100004],[101.44929554900006,12.948575363000032],[101.44257325800004,12.951235694000047],[101.44261456000004,12.952098361000026],[101.43769913400007,12.951447579000046],[101.43712596900008,12.952605943000037],[101.42988641800008,12.958095884000045],[101.42774265600008,12.960622947000047],[101.42786091900007,12.962132694000047],[101.42661899300003,12.962904541000057],[101.42532739200004,12.966521211000043],[101.42151142200004,12.966379446000076],[101.41814139000007,12.968431924000072],[101.41593846100005,12.96896208000004],[101.41484845200006,12.96886057000006],[101.41564717800009,12.96560674400007],[101.41520426200003,12.96372357000007],[101.41902124600006,12.960489617000064],[101.42024489100004,12.958900120000067],[101.42042761300007,12.956813185000044],[101.41755541000003,12.954329156000028],[101.41700211700004,12.95140884600005],[101.41426255600004,12.949029666000058],[101.41271682200005,12.948734909000052],[101.41302745400009,12.945646688000068],[101.41211471200006,12.942970614000046],[101.40667241300008,12.940459588000067],[101.40793492600005,12.937056005000045],[101.40513887000009,12.938375620000045],[101.40571613200007,12.940020137000033],[101.40245310500006,12.94253774300006],[101.40035057200004,12.94265787300003],[101.39836265000008,12.939100234000023],[101.39614929800007,12.937924620000047],[101.39566101000008,12.934737891000054],[101.39464816200007,12.932462089000069],[101.39122500700006,12.931068820000064],[101.39085867100005,12.929010042000073],[101.38776257200004,12.928596803000062],[101.38613055600007,12.931399474000045],[101.38417183800004,12.932469896000043],[101.38261956300005,12.931268813000031],[101.37961820100008,12.93135294900003],[101.37789236300006,12.933428641000035],[101.37932506100003,12.93568807400004],[101.37996091500008,12.938028109000072],[101.37759546600006,12.93901958300006],[101.37636237200007,12.940817521000042],[101.37170247800003,12.940988301000061],[101.37149334200006,12.943968117000054],[101.37253392900004,12.945311794000077],[101.37136174200003,12.948622648000025],[101.37422543500008,12.951176692000047],[101.37378887000006,12.953197527000043],[101.37200809700005,12.95357987400007],[101.37109428300005,12.955343748000075],[101.36893550100007,12.956564258000071],[101.36682990800006,12.960079826000026],[101.35876163200004,12.963933798000028],[101.35700703900005,12.959404337000024],[101.35517844600008,12.95786561600005],[101.35543395100007,12.955915018000042],[101.35418671000008,12.954431357000033],[101.34829520900007,12.95228522800005],[101.34607710400007,12.948991122000052],[101.34506280200009,12.948307322000062],[101.34219025200008,12.948699530000056],[101.34034643500007,12.947441121000054],[101.33786668100004,12.948012156000061],[101.33353230900008,12.944851569000036],[101.33168405000004,12.944101612000054],[101.32978708000007,12.941785182000046],[101.33044271300008,12.940421840000056],[101.32949287300005,12.935564073000023],[101.32832352200006,12.93484916400007],[101.32847463600007,12.932938946000036],[101.32275708500003,12.933688783000036],[101.32105224900005,12.932999301000052],[101.32156003600005,12.930789962000063],[101.32109320100005,12.926901401000066],[101.32207075300005,12.925348314000075],[101.32333571300006,12.925294058000077],[101.32240077400007,12.92166996800006],[101.32267980300009,12.918773807000036],[101.32112589400003,12.918996660000062],[101.32013734800006,12.917364366000072],[101.32131630800006,12.914906533000021],[101.31888381800007,12.912367079000035],[101.31575463600007,12.913950210000053],[101.31334243600008,12.915854527000022],[101.31052465900007,12.916736998000033],[101.30704042600007,12.917035284000065],[101.30666914000005,12.918732771000066],[101.30081208300004,12.920905730000072],[101.30030235600003,12.91961658200006],[101.29765381800007,12.92059464700003],[101.29734863400006,12.918665284000042],[101.29309521800008,12.91824777000005],[101.29176455100009,12.914103616000034],[101.29295762100008,12.912450845000023],[101.29632253900007,12.909942909000051],[101.29708901500004,12.901121401000069],[101.29718090100005,12.897274264000032],[101.29329918600007,12.895561367000028],[101.29299701400004,12.892948802000035],[101.29146854200008,12.89118400700005],[101.28954063800006,12.892152622000026],[101.28765579700007,12.888207678000072],[101.28957257600007,12.887013272000047],[101.28789633600007,12.883834903000036],[101.28588816000007,12.881690604000028],[101.28485253200006,12.882193828000027],[101.28150792000008,12.880763427000034],[101.28190094500007,12.87676745400006],[101.28005639800006,12.876175260000025],[101.27725545900006,12.876456719000032],[101.27264156900009,12.878645884000036],[101.27058525200005,12.875537199000064],[101.26841324300005,12.874192349000054],[101.26729606100008,12.872161213000027],[101.26632419900005,12.868333054000061],[101.26470521300007,12.868277423000052],[101.26440489000004,12.866600662000053],[101.25734059100006,12.867067786000064],[101.25677847300005,12.867616905000034],[101.25299300600005,12.867918796000026],[101.25142992000008,12.870776989000035],[101.24123028800005,12.872534279000035],[101.23963099100007,12.874122727000042],[101.23997505100004,12.87540423400003],[101.23742553200003,12.877343644000064],[101.23692332400009,12.876649791000034],[101.23234042100006,12.878996187000041],[101.22395117900004,12.86375711200003],[101.22026747900009,12.857372486000031],[101.22535187300008,12.85624802500007],[101.21614079100004,12.839423666000073],[101.21187311700004,12.831335147000061],[101.21130441700006,12.83104739600003],[101.20983551600006,12.826745323000068],[101.20855541300006,12.821128323000039],[101.21061209300007,12.820378299000026],[101.20858578100007,12.817148358000054],[101.21003929200003,12.816455656000073],[101.20849431000005,12.813457523000068],[101.21112201000005,12.812660999000059],[101.21158159300006,12.813383934000058],[101.21587414000004,12.811824123000065],[101.21811679100006,12.811537991000023],[101.21843430100006,12.810393248000025],[101.22262537900008,12.810823882000022],[101.22197750400005,12.806931409000072],[101.22524386600008,12.802917125000022],[101.22221438300005,12.796783288000029],[101.22519602800008,12.795843664000074],[101.22594214800006,12.793230618000052],[101.22438935000008,12.790163581000058],[101.22428306600005,12.785289424000041],[101.22319329200008,12.77972357300007],[101.22733650100008,12.779639018000069],[101.22967325000008,12.777214076000064],[101.22810966400004,12.774968061000038],[101.23224433500008,12.772791148000067],[101.23555327200006,12.77163076200003],[101.23377688400006,12.764351029000068],[101.23487596700005,12.763803419000055],[101.23579729300008,12.761668694000036],[101.23493388600008,12.758032151000066],[101.23801600400009,12.75632900000005],[101.23917692300006,12.754157779000025],[101.23756228000008,12.751239393000048],[101.24351618100007,12.748333383000045],[101.24659764400008,12.742265590000045],[101.25298402800007,12.737191450000068],[101.25480113000003,12.734372449000034],[101.26061510600005,12.732090177000032],[101.26073311700009,12.730270166000025],[101.26277280200009,12.72836256100004],[101.26413690900006,12.730211155000063],[101.26568546000004,12.729629823000039],[101.26814754100008,12.73093265700004],[101.26979849900005,12.735129981000057],[101.27155352900007,12.734982341000034],[101.27323734500004,12.73601616600007],[101.27670277200008,12.733481656000038],[101.27632076000003,12.732636503000037],[101.27820872200004,12.731029310000054],[101.28112004800005,12.730420146000029],[101.27996075200008,12.729276345000073],[101.27962475700008,12.726131179000049],[101.27884116700005,12.724704533000022],[101.27838145300007,12.721316629000057],[101.27927098400005,12.721539599000039],[101.28189816800005,12.719994366000037],[101.28317830400005,12.718283100000065],[101.28785956200005,12.719076503000053],[101.29182036400005,12.718804471000055],[101.29459031900006,12.716552823000029],[101.29623653400006,12.716146713000057],[101.29679997300008,12.712944272000072],[101.29840773500007,12.712103152000054],[101.29847457300008,12.70936339800005],[101.30120483300004,12.705929347000051],[101.30281368400006,12.70628406700007],[101.30277478700003,12.702121847000058],[101.30373507600007,12.698117404000072],[101.30716797700006,12.70091913500005],[101.30983974100008,12.700998649000041],[101.31003740800008,12.697920159000034],[101.31316357000009,12.697214202000055],[101.31528532500005,12.700366037000038],[101.31470967800004,12.70198214900006],[101.31549950000004,12.705053837000037],[101.31706377400008,12.707279295000035],[101.31762290400007,12.710937536000074],[101.32031915800007,12.712785833000055],[101.31891412100003,12.71347309600003],[101.32116754100008,12.715641357000038],[101.32310763300006,12.720654055000068],[101.32529357400006,12.720494264000024],[101.32756543900007,12.724452554000038],[101.32659304300006,12.727688645000057],[101.33008984500003,12.729532069000072],[101.33308285500004,12.728830820000042],[101.33674236600007,12.730188712000029],[101.33655631400006,12.732287897000049],[101.33805814900006,12.733448830000043],[101.33940604300005,12.73596549900003],[101.34197960900008,12.735981303000074],[101.34497773400005,12.738325553000038],[101.34636164000005,12.740486563000047],[101.34925790500006,12.741966178000041],[101.35061153600009,12.744341942000062],[101.34975198500007,12.746857743000021],[101.35133804500003,12.747633661000066],[101.35358055300009,12.750107280000066],[101.35630779300004,12.750993941000047],[101.35880226100005,12.756375142000024],[101.36068520100008,12.756625210000038],[101.36157003800008,12.758888607000074],[101.36313827500004,12.758876029000021],[101.36344787700006,12.762070039000037],[101.36619698000004,12.763712447000046],[101.37084908500003,12.763392237000062],[101.37401394900007,12.76165043800006],[101.37557674100003,12.762430737000045],[101.37681773700007,12.764540973000067],[101.38159201000008,12.765496764000034],[101.38226401400004,12.768178306000038],[101.38331316700004,12.768896780000034],[101.38805090800008,12.768978121000032],[101.39166341200007,12.770050660000038],[101.39701172400004,12.768787570000029],[101.40026150500006,12.768414402000076],[101.40357910000006,12.770202633000054],[101.41130832600004,12.77282585100005],[101.41380726100004,12.774386144000061],[101.41508257200007,12.776403863000041],[101.41283492000008,12.781010217000073],[101.41402190300005,12.782492890000071],[101.41498179900003,12.785589409000067],[101.41560548200005,12.789508716000057],[101.41439630200006,12.793598427000063],[101.41613273300004,12.79786849800007],[101.41742351300007,12.799699017000023],[101.41581853000008,12.800687942000025],[101.41664141100006,12.802017485000022],[101.42145356500004,12.804116230000034],[101.42412513400006,12.808025833000045],[101.42570239700007,12.809568438000042],[101.42918350800005,12.81146558200004],[101.43793555400003,12.818841169000052],[101.44383729100008,12.822918923000032],[101.44594589500008,12.827600952000068],[101.44575319000006,12.829136902000073],[101.44755917200007,12.830601826000077],[101.45118029900004,12.829565123000066],[101.45658416800006,12.847335788000066],[101.45918842100008,12.852991168000074],[101.46010115300004,12.856200627000021],[101.46099827300009,12.861749992000057],[101.46692148200003,12.864549491000048],[101.46605330200003,12.859136396000054],[101.46822211200003,12.858382259000052],[101.47250882300006,12.854702515000042],[101.47646160800008,12.853754767000055],[101.47759042100006,12.857387062000043],[101.47712544500007,12.858071202000076],[101.47796078300007,12.861580153000034],[101.47918915100007,12.864580286000034],[101.48163779900005,12.867564241000025]]]},"properties":{"Shape_Leng":1.31465277433,"Shape_Area":0.0404166094775,"ADM2_EN":"Ban Khai","ADM2_TH":"บ้านค่าย","ADM2_PCODE":"TH2105","ADM1_EN":"Rayong","ADM1_TH":"ระยอง","ADM1_PCODE":"TH21","ADM0_EN":"Thailand","ADM0_TH":"ประเทศไทย","ADM0_PCODE":"TH"}},
{"type":"Feature","geometry":{"type":"Polygon","coordinates":[[[101.39409159900003,13.024810699000057],[101.39175352900008,13.029079926000065],[101.38764609900005,13.03206450600004],[101.38527699400004,13.033253342000023],[101.38274302800005,13.03587327200006],[101.38065003100007,13.039051458000074],[101.37681381700008,13.040264283000056],[101.37212787000004,13.043338413000072],[101.36942164200008,13.042937970000025],[101.36438593600008,13.045112021000023],[101.36338930600004,13.04634231700004],[101.36168651600008,13.051286233000042],[101.35848635800005,13.056272895000063],[101.35657227200005,13.05771506900004],[101.35350333000008,13.057786644000032],[101.35064364800007,13.059600841000076],[101.34797848300008,13.065407752000056],[101.34408041800003,13.068797027000073],[101.34302792300008,13.072617819000072],[101.34043821400007,13.075343815000053],[101.33527987800005,13.07554297300004],[101.33382025100008,13.076678756000035],[101.33303571600004,13.07894489000006],[101.33088719600005,13.081999453000037],[101.32669249500003,13.083963729000061],[101.32471891300008,13.08435793700005],[101.31743524700005,13.081289037000033],[101.31406009900007,13.07867219600007],[101.31210334600007,13.076541533000068],[101.31149530100004,13.073772516000076],[101.30807329400005,13.073310766000077],[101.30568163900006,13.074864666000053],[101.30427129600008,13.073322763000021],[101.30066758800007,13.07221639100004],[101.29831551900008,13.067719304000036],[101.29453512900005,13.06694763400003],[101.29248235700004,13.065240635000066],[101.29220398200005,13.061316904000023],[101.29302422700005,13.058998505000034],[101.29192156400006,13.056859661000033],[101.28957237900005,13.058789167000043],[101.28623037900007,13.05923156600005],[101.27813420700005,13.059242126000072],[101.27106212100006,13.061648345000037],[101.26843248700004,13.063175234000028],[101.26416540000008,13.067312872000059],[101.26355528100004,13.071150885000066],[101.26144025600007,13.073892056000034],[101.25970138900004,13.07471946000004],[101.25519596600009,13.074750252000058],[101.25279814400005,13.075594144000036],[101.24502396000008,13.06936687600006],[101.24181752700008,13.066007611000032],[101.23988255800003,13.065049093000027],[101.23764666600005,13.06516016200004],[101.23538194200006,13.066273748000071],[101.22940580700003,13.071447865000039],[101.22250456400008,13.075356007000039],[101.21886099500006,13.077958703000036],[101.21681571100004,13.078147881000064],[101.21580118800006,13.07723521500003],[101.21281973800006,13.078097330000048],[101.21075708000006,13.077241541000035],[101.20993542300005,13.075348315000042],[101.20950222700009,13.077212915000075],[101.21046495900003,13.080157255000074],[101.20808983100005,13.080444815000021],[101.20543910500004,13.082901440000057],[101.19855018900006,13.086244746000034],[101.19495345300004,13.08886934800006],[101.19294711600008,13.087755371000071],[101.18663818600004,13.08717868900004],[101.18245787500007,13.085074356000064],[101.17966752800004,13.084593700000028],[101.17511149700005,13.078669728000023],[101.17466237100007,13.076041874000055],[101.17369130400004,13.075083576000054],[101.17311511800006,13.071741909000025],[101.17411001900007,13.069327088000023],[101.17482404900005,13.065633670000068],[101.17446818600007,13.062442321000049],[101.17335466100008,13.062149396000052],[101.17191372100007,13.058495223000023],[101.17426021900008,13.057200526000031],[101.17749925800007,13.056729663000056],[101.17791188900009,13.054828986000075],[101.18117220200008,13.055716577000055],[101.18420813700004,13.05569299800004],[101.18643396600004,13.057073530000025],[101.18843332200004,13.057027413000071],[101.19420180000009,13.054619763000062],[101.19515570300007,13.044269230000054],[101.19144071200009,13.042831639000042],[101.18821434700004,13.03965011400004],[101.18575150500004,13.034303317000024],[101.18394308500007,13.026728404000039],[101.17395707600008,13.027891986000043],[101.17450224400005,13.019972788000075],[101.17344794000007,13.021309389000066],[101.16759730200005,13.024387196000077],[101.16649251100006,13.02562948700006],[101.16319660400006,13.025384555000073],[101.15875670800006,13.026110767000034],[101.15574491100006,13.029924194000046],[101.15308578800006,13.030507311000065],[101.15035453600007,13.02860630500004],[101.14349152000005,13.021345454000027],[101.13518028400006,13.016526121000027],[101.13439250500005,13.016759281000077],[101.13171156800007,13.022513054000058],[101.12811917900007,13.026833182000075],[101.12558146500004,13.027080988000023],[101.12247360000003,13.029801243000065],[101.12146918000008,13.031636842000069],[101.11843907600007,13.033102786000029],[101.11512518200004,13.03369480400005],[101.11193965500007,13.032441057000028],[101.11063811900004,13.032529486000044],[101.10777902600006,13.030592799000033],[101.10472622500004,13.027523400000064],[101.10022548000006,13.030250863000049],[101.09684892900003,13.03327007200005],[101.09459844900005,13.03385296700003],[101.09198732600004,13.028771956000071],[101.09148150700008,13.02380504000007],[101.08988649700007,13.021210929000063],[101.08937226000006,13.01804504200004],[101.08606643300004,13.01288100000005],[101.08490141000004,13.009136255000044],[101.08505621500007,13.005554927000048],[101.08279373800008,13.004156126000055],[101.08486174600006,13.002940077000062],[101.09067722300006,12.99781299600005],[101.09118041400006,12.993720878000033],[101.09254750500008,12.991044086000045],[101.09414690900007,12.98961050400004],[101.09462361300007,12.987732057000073],[101.09452191200006,12.98402641000007],[101.09313798200009,12.981641614000068],[101.09418021800008,12.977990815000055],[101.09645979800007,12.97475283500006],[101.10225248000006,12.973858152000048],[101.10358160200008,12.972921083000074],[101.10276178600009,12.970548980000046],[101.09987747400004,12.96697514400006],[101.09875852600004,12.963993009000035],[101.09554119300009,12.96116978200007],[101.09396473300006,12.961768461000077],[101.09337993200006,12.960513689000038],[101.09145995300008,12.959717871000066],[101.09036594800006,12.953588779000029],[101.09096372100004,12.951625456000045],[101.08984283100006,12.94950889200004],[101.08899563600005,12.949717798000052],[101.08896917400006,12.947495768000067],[101.09165400100005,12.942160823000052],[101.08992613000004,12.940857552000068],[101.08925686900005,12.93872211300004],[101.08972955800004,12.93606294500006],[101.08872934300007,12.932170003000067],[101.08655554900008,12.930926947000046],[101.08862762800004,12.92462166000007],[101.08816921300007,12.920569181000076],[101.09085923000004,12.920455464000042],[101.09379311400005,12.922729698000069],[101.09646123400006,12.921326675000046],[101.09983776400009,12.922310240000058],[101.10266936300008,12.919721937000077],[101.10598007800007,12.922040834000029],[101.10754530000008,12.922379793000061],[101.10880384600006,12.923962784000025],[101.10889376600005,12.928875179000045],[101.11132788500004,12.93189009200006],[101.11471478900006,12.931502831000046],[101.12030534100006,12.932170908000046],[101.12302197000008,12.936198009000066],[101.12329870200006,12.937770946000057],[101.12496969400007,12.939956313000039],[101.12926338600005,12.937132906000045],[101.12910000400007,12.935324365000042],[101.13217581200007,12.935101183000029],[101.13426614200006,12.934095639000077],[101.13845973400004,12.934499113000072],[101.14173875300008,12.933519526000055],[101.14471399500007,12.933408577000023],[101.14718018200006,12.931424169000024],[101.14931361400005,12.930453922000027],[101.15162230500005,12.930779447000077],[101.15201456400007,12.926958490000061],[101.15310439200005,12.921843771000056],[101.15294162000004,12.912993313000072],[101.15561134600006,12.913152965000052],[101.15750102000004,12.914383000000043],[101.15997789700003,12.914154019000023],[101.16281567800007,12.911020575000066],[101.17032916200009,12.911492182000075],[101.17239802200004,12.910180411000056],[101.17224357000003,12.908615790000056],[101.17415482800004,12.908120934000067],[101.17528379900006,12.905435668000052],[101.17682289400005,12.906632620000039],[101.17817655700009,12.906370112000047],[101.17937875700005,12.903898358000049],[101.18012514200007,12.904941586000064],[101.18241468300005,12.905421800000056],[101.18876605300005,12.904507848000037],[101.18822530800009,12.903677095000035],[101.18485659400005,12.902218592000054],[101.18131999500008,12.897736442000053],[101.18121758600006,12.894949100000076],[101.18522199700004,12.892387069000051],[101.19108124400003,12.890244299000074],[101.18803281700008,12.88729965300007],[101.18543523600005,12.885951753000029],[101.18332456300004,12.885651121000024],[101.17886178100008,12.886958435000054],[101.17883838500006,12.885831654000071],[101.18084025400003,12.884900359000028],[101.18544784600005,12.884042688000022],[101.19208448400008,12.88621951500005],[101.19299333600009,12.885993541000062],[101.19128112000004,12.883396001000051],[101.19051461300006,12.88109645700007],[101.18696201200004,12.87923285200003],[101.18929524400005,12.877978787000075],[101.18971901200007,12.874128368000072],[101.19179940700008,12.871903907000046],[101.19213848000004,12.869642389000035],[101.19571680800004,12.867765276000057],[101.19731298300007,12.864271618000032],[101.19981018600004,12.863506235000045],[101.20098436500007,12.865014200000076],[101.20288408300007,12.86470410100003],[101.20744567000008,12.867368980000037],[101.21143925700005,12.867442327000049],[101.21565497800003,12.866890269000066],[101.21642576400006,12.868324202000053],[101.22395117900004,12.86375711200003],[101.23234042100006,12.878996187000041],[101.23692332400009,12.876649791000034],[101.23742553200003,12.877343644000064],[101.23997505100004,12.87540423400003],[101.23963099100007,12.874122727000042],[101.24123028800005,12.872534279000035],[101.25142992000008,12.870776989000035],[101.25299300600005,12.867918796000026],[101.25677847300005,12.867616905000034],[101.25734059100006,12.867067786000064],[101.26440489000004,12.866600662000053],[101.26470521300007,12.868277423000052],[101.26632419900005,12.868333054000061],[101.26729606100008,12.872161213000027],[101.26841324300005,12.874192349000054],[101.27058525200005,12.875537199000064],[101.27264156900009,12.878645884000036],[101.27725545900006,12.876456719000032],[101.28005639800006,12.876175260000025],[101.28190094500007,12.87676745400006],[101.28150792000008,12.880763427000034],[101.28485253200006,12.882193828000027],[101.28588816000007,12.881690604000028],[101.28789633600007,12.883834903000036],[101.28957257600007,12.887013272000047],[101.28765579700007,12.888207678000072],[101.28954063800006,12.892152622000026],[101.29146854200008,12.89118400700005],[101.29299701400004,12.892948802000035],[101.29329918600007,12.895561367000028],[101.29718090100005,12.897274264000032],[101.29708901500004,12.901121401000069],[101.29632253900007,12.909942909000051],[101.29295762100008,12.912450845000023],[101.29176455100009,12.914103616000034],[101.29309521800008,12.91824777000005],[101.29734863400006,12.918665284000042],[101.29765381800007,12.92059464700003],[101.30030235600003,12.91961658200006],[101.30081208300004,12.920905730000072],[101.30666914000005,12.918732771000066],[101.30704042600007,12.917035284000065],[101.31052465900007,12.916736998000033],[101.31334243600008,12.915854527000022],[101.31575463600007,12.913950210000053],[101.31888381800007,12.912367079000035],[101.32131630800006,12.914906533000021],[101.32013734800006,12.917364366000072],[101.32112589400003,12.918996660000062],[101.32267980300009,12.918773807000036],[101.32240077400007,12.92166996800006],[101.32333571300006,12.925294058000077],[101.32207075300005,12.925348314000075],[101.32109320100005,12.926901401000066],[101.32156003600005,12.930789962000063],[101.32105224900005,12.932999301000052],[101.32275708500003,12.933688783000036],[101.32847463600007,12.932938946000036],[101.32832352200006,12.93484916400007],[101.32949287300005,12.935564073000023],[101.33044271300008,12.940421840000056],[101.32978708000007,12.941785182000046],[101.33168405000004,12.944101612000054],[101.33353230900008,12.944851569000036],[101.33786668100004,12.948012156000061],[101.34034643500007,12.947441121000054],[101.34219025200008,12.948699530000056],[101.34506280200009,12.948307322000062],[101.34607710400007,12.948991122000052],[101.34829520900007,12.95228522800005],[101.35418671000008,12.954431357000033],[101.35543395100007,12.955915018000042],[101.35517844600008,12.95786561600005],[101.35700703900005,12.959404337000024],[101.35876163200004,12.963933798000028],[101.36682990800006,12.960079826000026],[101.36893550100007,12.956564258000071],[101.37109428300005,12.955343748000075],[101.37200809700005,12.95357987400007],[101.37378887000006,12.953197527000043],[101.37422543500008,12.951176692000047],[101.37136174200003,12.948622648000025],[101.37253392900004,12.945311794000077],[101.37149334200006,12.943968117000054],[101.37170247800003,12.940988301000061],[101.37636237200007,12.940817521000042],[101.37759546600006,12.93901958300006],[101.37996091500008,12.938028109000072],[101.37932506100003,12.93568807400004],[101.37789236300006,12.933428641000035],[101.37961820100008,12.93135294900003],[101.38261956300005,12.931268813000031],[101.38417183800004,12.932469896000043],[101.38613055600007,12.931399474000045],[101.38776257200004,12.928596803000062],[101.39085867100005,12.929010042000073],[101.39122500700006,12.931068820000064],[101.39464816200007,12.932462089000069],[101.39566101000008,12.934737891000054],[101.39614929800007,12.937924620000047],[101.39836265000008,12.939100234000023],[101.40035057200004,12.94265787300003],[101.40245310500006,12.94253774300006],[101.40571613200007,12.940020137000033],[101.40513887000009,12.938375620000045],[101.40793492600005,12.937056005000045],[101.40667241300008,12.940459588000067],[101.41211471200006,12.942970614000046],[101.41302745400009,12.945646688000068],[101.41271682200005,12.948734909000052],[101.41426255600004,12.949029666000058],[101.41700211700004,12.95140884600005],[101.41755541000003,12.954329156000028],[101.42042761300007,12.956813185000044],[101.42024489100004,12.958900120000067],[101.41902124600006,12.960489617000064],[101.41520426200003,12.96372357000007],[101.41564717800009,12.96560674400007],[101.41484845200006,12.96886057000006],[101.41593846100005,12.96896208000004],[101.41730439100007,12.97187363300003],[101.41711151500004,12.973256076000041],[101.41431992200006,12.977514424000049],[101.41347542000005,12.97958954400002],[101.41460226300006,12.984553277000032],[101.41610618100003,12.986139801000036],[101.41472767800008,12.98728767700004],[101.41080822000004,12.988778054000022],[101.40757080100008,12.991822971000033],[101.40654429900007,12.99609687800006],[101.40755279700005,12.99736686500006],[101.40554825800007,13.001042010000049],[101.40559655900006,13.004084057000057],[101.40495910400006,13.004890128000056],[101.40562768500007,13.007312347000038],[101.40437107800005,13.00918252100007],[101.40434747400008,13.010671411000033],[101.40292275700006,13.013954488000024],[101.40163574800005,13.015347081000073],[101.40044500000005,13.018356878000077],[101.39877918500008,13.01953310700003],[101.39850346900005,13.021637437000038],[101.39504256200007,13.023612932000049],[101.39409159900003,13.024810699000057]]]},"properties":{"Shape_Leng":1.43372682681,"Shape_Area":0.045470257418,"ADM2_EN":"Pluak Daeng","ADM2_TH":"ปลวกแดง","ADM2_PCODE":"TH2106","ADM1_EN":"Rayong","ADM1_TH":"ระยอง","ADM1_PCODE":"TH21","ADM0_EN":"Thailand","ADM0_TH":"ประเทศไทย","ADM0_PCODE":"TH"}},
{"type":"Feature","geometry":{"type":"Polygon","coordinates":[[[101.80987500700007,12.88486354500003],[101.80844201600007,12.885387808000075],[101.80677022000003,12.887375020000036],[101.80661686600007,12.88966987300006],[101.80729317400005,12.894510559000025],[101.80636510700003,12.895692017000044],[101.80697754300007,12.90076767100004],[101.80588063100004,12.902777205000064],[101.80445585800004,12.903411856000048],[101.80423734700008,12.906388049000043],[101.80304625000008,12.907187211000064],[101.80211910100007,12.911071476000075],[101.80264612700006,12.914172266000037],[101.80221628200007,12.918642971000054],[101.80082285100008,12.922107821000054],[101.80065317900005,12.924503928000036],[101.79928941100007,12.926747727000077],[101.79408875500008,12.927092445000028],[101.79238852300006,12.928101390000052],[101.79092929500007,12.93069801300004],[101.79115521500006,12.934209759000055],[101.79216292600006,12.935003362000032],[101.79212336100005,12.93739697500007],[101.79121409300006,12.94220000100006],[101.79033526100005,12.943986357000028],[101.78375124000007,12.947117178000042],[101.78307345700006,12.94955952600003],[101.78138855700007,12.949994385000025],[101.77919153000005,12.95338263900004],[101.77744671300007,12.953371386000072],[101.77625761000007,12.952120867000076],[101.77395932000007,12.951764745000048],[101.77207842100006,12.950558759000046],[101.76766823100007,12.944487801000037],[101.76194346300008,12.942067287000043],[101.75875617000008,12.940342471000065],[101.75651632900008,12.940280934000043],[101.75458990300007,12.94169135900006],[101.75249089600004,12.94538134100003],[101.75355245100008,12.947673950000024],[101.75268342000004,12.951163585000074],[101.75141538400004,12.951493318000075],[101.74805844600007,12.948969883000075],[101.74663767100009,12.949235667000039],[101.74558795300004,12.952564813000038],[101.74430482200006,12.95404248400007],[101.74193741400006,12.954962194000075],[101.74229187600008,12.958743682000033],[101.73884233100006,12.959068308000042],[101.73870227200007,12.961625059000028],[101.73991939000007,12.965056694000054],[101.73932567300005,12.967533213000024],[101.74097917800003,12.971934430000033],[101.74109683400007,12.975386337000032],[101.74176167100006,12.977779996000038],[101.73937369700008,12.97920556500003],[101.73777288400004,12.981240397000022],[101.73861928300005,12.984014872000046],[101.74149309300009,12.987255051000034],[101.74255985700006,12.990705619000039],[101.74418534000006,12.991723524000065],[101.74499368300008,12.993445897000072],[101.74868819900007,12.996285863000026],[101.74991199600004,12.99787333100005],[101.75142413700007,13.001475686000049],[101.75226292800005,13.005146050000064],[101.75556886200008,13.006511333000049],[101.75604188400007,13.007576158000063],[101.75594694600005,13.012229140000045],[101.75393461400006,13.014538669000046],[101.75405179400008,13.020976592000068],[101.75260067400006,13.024402940000073],[101.75332724600008,13.026953406000075],[101.75274502100007,13.029117272000065],[101.75586404500007,13.031138397000063],[101.75651800400004,13.03323395600006],[101.76024553800005,13.035112171000037],[101.76088239500007,13.035954271000037],[101.76031913800006,13.04103030400006],[101.75840725000006,13.042840802000057],[101.75814557500007,13.044160915000077],[101.75933234000007,13.047310208000056],[101.75769839300006,13.049373984000056],[101.75264251300007,13.04958203800004],[101.75008188700008,13.048382236000066],[101.74879634200005,13.046347633000039],[101.74697515900004,13.045440192000058],[101.74516473400007,13.041908017000026],[101.74470811500004,13.038117627000076],[101.74124778000004,13.03651276200003],[101.73787238600005,13.033711630000028],[101.73528853900007,13.03350529000005],[101.73241868000008,13.034018464000042],[101.73094607000007,13.032289441000046],[101.72901324500003,13.032052799000041],[101.72626981300004,13.030329341000026],[101.72462258000007,13.030058515000064],[101.71934437600004,13.032614033000073],[101.71635919400006,13.035667233000026],[101.71618874300003,13.038742601000024],[101.71505582000003,13.040704367000046],[101.71516695900004,13.043608241000072],[101.71379374000009,13.045889055000032],[101.71385797200008,13.047407106000037],[101.71121039500008,13.048657634000051],[101.71029668300008,13.05010027000003],[101.71113585100005,13.055539408000072],[101.71060554700006,13.056909826000037],[101.70751056200004,13.059685260000037],[101.70677457200009,13.064399760000072],[101.70321110700007,13.070646215000068],[101.70291679500008,13.073029616000042],[101.70411321500006,13.074827887000026],[101.70652033100004,13.07631408800006],[101.70638356800004,13.07879805400006],[101.70298014300005,13.078798989000063],[101.69857833100008,13.080796406000047],[101.69725879800006,13.08374929100006],[101.69440945600007,13.088404518000061],[101.69296465700006,13.093406438000045],[101.69262612100005,13.097977348000029],[101.69500908600008,13.098594984000044],[101.69577971900009,13.103224472000022],[101.69707732200004,13.104571295000028],[101.70023296000005,13.106339449000075],[101.70054311100006,13.107733464000034],[101.69943262000004,13.109576011000058],[101.69316007200007,13.109111681000059],[101.69073447500006,13.10966514100005],[101.68704712300007,13.111733515000026],[101.68564321900004,13.114165012000058],[101.68622632800003,13.115989031000026],[101.68568278300006,13.120354108000072],[101.68471780500005,13.122722318000058],[101.68522255000005,13.12391014700006],[101.68776055500007,13.125760102000072],[101.68874090800006,13.129537793000054],[101.69233020600007,13.13336249200006],[101.69535473800005,13.133958766000035],[101.69667622800006,13.137856998000075],[101.69683355100005,13.139908148000075],[101.69542765800009,13.145366181000043],[101.69577208800007,13.14659670900005],[101.69228928100006,13.14633335600007],[101.68968864000004,13.147782303000042],[101.68133517600006,13.14845346800007],[101.67929922800005,13.149419072000057],[101.67667306200008,13.152820388000066],[101.67355732900006,13.155550840000046],[101.66900939000004,13.153273942000055],[101.66741570900007,13.153645398000037],[101.66631957800007,13.155375610000021],[101.66509402900004,13.155645808000031],[101.66101973000008,13.154484207000053],[101.66053683200005,13.157112678000033],[101.65948278900004,13.15880068100006],[101.65738274500006,13.158975524000027],[101.65632520400004,13.161658671000055],[101.65302197700004,13.160231487000033],[101.64957583900008,13.161359636000043],[101.64826369700006,13.163488681000047],[101.64339566700005,13.162488091000057],[101.64038265200008,13.160306179000031],[101.63528107900004,13.159705175000056],[101.63415607800005,13.154036924000025],[101.62823345300006,13.149263820000044],[101.62642873300007,13.146701203000077],[101.62416315300004,13.14599047300004],[101.62256146300007,13.14413084000006],[101.62234757400006,13.140780547000077],[101.61794893500007,13.141032880000068],[101.61594939700007,13.137405905000037],[101.61314825300008,13.135938332000023],[101.60867645800005,13.135646504000022],[101.60628996000008,13.136093995000067],[101.60437695500008,13.134444529000064],[101.59774303600005,13.134243036000044],[101.59520849500007,13.135762241000066],[101.58581805600005,13.131064423000055],[101.58241080200008,13.128947115000074],[101.58224996700005,13.12828831400003],[101.58452777800005,13.12480079900007],[101.58482888600008,13.122704352000028],[101.57949661200007,13.116868105000037],[101.58031904600006,13.116229873000066],[101.58015162000004,13.113389312000038],[101.57810664400006,13.109208266000053],[101.58041731800006,13.10594831800006],[101.58070946900006,13.101024797000036],[101.58203853500004,13.097516891000055],[101.58756832800003,13.09433333100003],[101.59001657800007,13.094697462000056],[101.59204000900007,13.091847401000052],[101.59051942700006,13.08578551200003],[101.59129098400007,13.083109566000076],[101.59017246500008,13.081966891000036],[101.59086258100007,13.080487609000045],[101.58978192200004,13.078475378000064],[101.58932510200003,13.073815719000038],[101.58959929700006,13.071894031000056],[101.58721896900005,13.068211051000048],[101.58400347400004,13.067977430000042],[101.58416431100005,13.063632747000042],[101.58315335600008,13.061933596000074],[101.58524207000005,13.060835353000073],[101.58803460900003,13.060864380000055],[101.58989779600006,13.05663473800007],[101.59232066000004,13.055234847000065],[101.59416070100008,13.055040284000029],[101.59776782500006,13.057106953000073],[101.59927870000007,13.056585661000042],[101.59830442800006,13.053852901000027],[101.60031204500007,13.051661530000047],[101.60002187100008,13.048239014000046],[101.60165627900005,13.044990856000027],[101.60078693500009,13.044063105000077],[101.60107267300003,13.041833040000029],[101.59942070400007,13.038485957000034],[101.60228567400009,13.03671423000003],[101.60256077300005,13.033886723000023],[101.60126639500004,13.032358823000038],[101.60142895200005,13.029114948000029],[101.59850903000006,13.025353252000059],[101.59619447800009,13.024924290000058],[101.59573547500008,13.022866614000066],[101.59482678800003,13.022733928000036],[101.59496049800003,13.019302238000023],[101.59273833700007,13.017886993000047],[101.59319139500008,13.01601928100007],[101.59222604600006,13.014957052000057],[101.59237922300008,13.013111590000051],[101.59090519500006,13.01031899700007],[101.58654921900006,13.010754577000057],[101.58202485200007,13.010269404000042],[101.58167960100008,13.005095315000062],[101.58266848800008,13.00466394700004],[101.58492119400006,13.001721411000062],[101.58372442500007,13.000467806000074],[101.58397726200008,12.999106452000035],[101.58142722800005,12.995291722000047],[101.57862750500004,12.995204155000067],[101.57605574100006,12.992946276000055],[101.57470553300004,12.994557119000035],[101.57275365700008,12.99325719500007],[101.57208870500006,12.99180068100003],[101.57338427800005,12.989887246000023],[101.57134742300008,12.988026127000069],[101.56995669500009,12.987795067000036],[101.57164291900006,12.986252055000023],[101.57174089900008,12.984076811000023],[101.56976565300005,12.983573497000066],[101.56994861000004,12.980358973000023],[101.56825574300007,12.980653824000058],[101.56852229600008,12.978845657000022],[101.57652003400005,12.98033601800006],[101.58017159000008,12.979824061000045],[101.58290148200007,12.977826435000054],[101.58571833100007,12.97681314600004],[101.58736584200005,12.97685666500007],[101.59726095900004,12.978988495000067],[101.60520141400008,12.98027726500004],[101.61180439000003,12.981717566000043],[101.61222452800007,12.979651128000057],[101.61143115800007,12.977306847000023],[101.61217245100005,12.97096502900007],[101.61575380200009,12.966464109000071],[101.61524633600004,12.963977452000051],[101.61823427100006,12.96091176300007],[101.61916124800007,12.95790975400007],[101.61805610100004,12.955974582000067],[101.61795276200007,12.953953435000074],[101.61687938900008,12.952278811000042],[101.61648189500005,12.949101700000028],[101.61546439300008,12.948223383000027],[101.61541934500008,12.945760533000055],[101.61647224500007,12.944396570000038],[101.61537963200004,12.941953725000076],[101.61379535600008,12.940917214000024],[101.61390491400005,12.939481297000043],[101.61082047400004,12.937586456000076],[101.61158102300004,12.936088287000075],[101.61051180000004,12.934992634000025],[101.61084057800008,12.933012606000034],[101.60846054000007,12.93142546100006],[101.60941022900005,12.930160474000047],[101.60818029600006,12.929488492000075],[101.60909539100004,12.926853786000038],[101.60799655600005,12.923227248000046],[101.60939424400004,12.92309311300005],[101.60900713100006,12.92161920600006],[101.61018354100008,12.920287185000063],[101.60751724800008,12.917888618000063],[101.60941309600008,12.91626751900003],[101.60879865200008,12.914422741000067],[101.61027651300009,12.91477056900004],[101.61209796300005,12.910957777000021],[101.61356226400005,12.909796328000027],[101.61450479300004,12.907438479000064],[101.61612307000007,12.90641461100006],[101.61680684700008,12.904181617000063],[101.61955518700006,12.901483134000046],[101.61835880800004,12.899473464000039],[101.61949708700007,12.899411465000071],[101.61984057900008,12.896077245000072],[101.62267100700006,12.895905523000067],[101.62210696800008,12.894568325000023],[101.62504227200009,12.89168032300006],[101.62527179100005,12.889580479000074],[101.62753745100008,12.890687661000072],[101.63195182300007,12.887542578000023],[101.63182479700004,12.885874262000073],[101.63406039900008,12.884982189000027],[101.63425488600006,12.883237915000052],[101.63753001700007,12.883280822000074],[101.63815827300004,12.881102131000034],[101.63966043200008,12.879583411000056],[101.64251263900007,12.87941076800007],[101.64414893500003,12.880543588000023],[101.64268157300006,12.88177504600003],[101.64271416500009,12.885334457000056],[101.64629228500007,12.889827824000065],[101.64765409600005,12.889674902000024],[101.65060715500005,12.891164411000034],[101.65311124600004,12.889253091000057],[101.65255268200008,12.88787910800005],[101.65452008400007,12.886647172000039],[101.65929412500009,12.885433241000044],[101.66036775900005,12.885775683000077],[101.66483422100004,12.88332682400005],[101.66482849500005,12.886891639000055],[101.66581627800008,12.895616951000022],[101.66763760400005,12.895858514000054],[101.67001334000008,12.898342915000057],[101.67148422400004,12.897713772000031],[101.67457712500004,12.899454148000075],[101.67889757300009,12.89791198000006],[101.68068825000006,12.897899708000068],[101.68258482900006,12.899186643000064],[101.68478249200007,12.899297147000027],[101.68480898500007,12.89783041000004],[101.68688468900007,12.896741466000037],[101.68769184600006,12.893386344000021],[101.69139181200006,12.890725739000061],[101.69069919400005,12.88908361700004],[101.69362162200008,12.886773325000036],[101.69592425900004,12.881690681000066],[101.69967283400007,12.87878650700003],[101.70219846300006,12.875869186000045],[101.70303402100006,12.872474026000077],[101.70659440400004,12.87006115500003],[101.70412995400005,12.864532075000056],[101.70641727900005,12.864066065000031],[101.70874503300007,12.862296177000076],[101.70688661600008,12.85448163600006],[101.70842761700004,12.852439964000041],[101.71063723600008,12.850902093000059],[101.71563620800003,12.840048840000065],[101.71731516500006,12.837153994000062],[101.72287275700006,12.836993521000068],[101.72070449200004,12.843071835000046],[101.72309763700008,12.842471554000042],[101.72630193900005,12.840055079000024],[101.72673023300007,12.839096131000076],[101.72900318100005,12.838983592000034],[101.73101024100004,12.839874534000046],[101.73258357900005,12.837376968000058],[101.73302743200009,12.835214359000076],[101.73491625400004,12.834224004000077],[101.73359392000003,12.830385020000051],[101.73638812200005,12.830585171000052],[101.73597989500007,12.832911822000028],[101.73903266300005,12.833330571000033],[101.73881065100005,12.834252991000028],[101.74023379500005,12.837423726000054],[101.74009766200004,12.839877164000029],[101.74385577600003,12.839812624000047],[101.74347206700008,12.840679819000059],[101.74524549800009,12.841973447000044],[101.74578012300009,12.84432027400004],[101.74385674500007,12.845244681000054],[101.74333613800007,12.848491022000076],[101.74476158700008,12.848596265000026],[101.74473630800009,12.84997667600004],[101.74682700700004,12.851116132000072],[101.74670748600005,12.852792763000025],[101.74838223800003,12.85378098700005],[101.74797281700006,12.855717654000046],[101.74941781900009,12.856163147000075],[101.74917626200005,12.859448852000071],[101.75223674600005,12.860294170000031],[101.75264552300007,12.858903354000063],[101.75636399300004,12.860164612000062],[101.75634800000006,12.861847342000033],[101.75767038100008,12.862627863000057],[101.76049922300007,12.862849200000028],[101.76573105300008,12.86618584300004],[101.77234413300005,12.86880314900003],[101.78066434000004,12.874016924000045],[101.78795773900003,12.878286669000033],[101.79052223400004,12.87922373500004],[101.79547092000007,12.879803985000024],[101.79847920900005,12.880893490000062],[101.79971100000006,12.882446955000034],[101.80529723100005,12.880808134000063],[101.80736875500008,12.881812684000067],[101.80987500700007,12.88486354500003]]]},"properties":{"Shape_Leng":1.45358676112,"Shape_Area":0.0397663453426,"ADM2_EN":"Khao Chamao","ADM2_TH":"เขาชะเมา","ADM2_PCODE":"TH2107","ADM1_EN":"Rayong","ADM1_TH":"ระยอง","ADM1_PCODE":"TH21","ADM0_EN":"Thailand","ADM0_TH":"ประเทศไทย","ADM0_PCODE":"TH"}},
{"type":"Feature","geometry":{"type":"Polygon","coordinates":[[[101.23756228000008,12.751239393000048],[101.23917692300006,12.754157779000025],[101.23801600400009,12.75632900000005],[101.23493388600008,12.758032151000066],[101.23579729300008,12.761668694000036],[101.23487596700005,12.763803419000055],[101.23377688400006,12.764351029000068],[101.23555327200006,12.77163076200003],[101.23224433500008,12.772791148000067],[101.22810966400004,12.774968061000038],[101.22967325000008,12.777214076000064],[101.22733650100008,12.779639018000069],[101.22319329200008,12.77972357300007],[101.22428306600005,12.785289424000041],[101.22438935000008,12.790163581000058],[101.22594214800006,12.793230618000052],[101.22519602800008,12.795843664000074],[101.22221438300005,12.796783288000029],[101.22524386600008,12.802917125000022],[101.22197750400005,12.806931409000072],[101.22262537900008,12.810823882000022],[101.21843430100006,12.810393248000025],[101.21811679100006,12.811537991000023],[101.21587414000004,12.811824123000065],[101.21158159300006,12.813383934000058],[101.21112201000005,12.812660999000059],[101.20849431000005,12.813457523000068],[101.21003929200003,12.816455656000073],[101.20858578100007,12.817148358000054],[101.21061209300007,12.820378299000026],[101.20855541300006,12.821128323000039],[101.20983551600006,12.826745323000068],[101.21130441700006,12.83104739600003],[101.21187311700004,12.831335147000061],[101.21614079100004,12.839423666000073],[101.22535187300008,12.85624802500007],[101.22026747900009,12.857372486000031],[101.22395117900004,12.86375711200003],[101.21642576400006,12.868324202000053],[101.21565497800003,12.866890269000066],[101.21143925700005,12.867442327000049],[101.20744567000008,12.867368980000037],[101.20288408300007,12.86470410100003],[101.20098436500007,12.865014200000076],[101.19981018600004,12.863506235000045],[101.19731298300007,12.864271618000032],[101.19571680800004,12.867765276000057],[101.19213848000004,12.869642389000035],[101.19179940700008,12.871903907000046],[101.18971901200007,12.874128368000072],[101.18929524400005,12.877978787000075],[101.18696201200004,12.87923285200003],[101.19051461300006,12.88109645700007],[101.19128112000004,12.883396001000051],[101.19299333600009,12.885993541000062],[101.19208448400008,12.88621951500005],[101.18544784600005,12.884042688000022],[101.18084025400003,12.884900359000028],[101.17883838500006,12.885831654000071],[101.17886178100008,12.886958435000054],[101.18332456300004,12.885651121000024],[101.18543523600005,12.885951753000029],[101.18803281700008,12.88729965300007],[101.19108124400003,12.890244299000074],[101.18522199700004,12.892387069000051],[101.18121758600006,12.894949100000076],[101.18131999500008,12.897736442000053],[101.18485659400005,12.902218592000054],[101.18822530800009,12.903677095000035],[101.18876605300005,12.904507848000037],[101.18241468300005,12.905421800000056],[101.18012514200007,12.904941586000064],[101.17937875700005,12.903898358000049],[101.17817655700009,12.906370112000047],[101.17682289400005,12.906632620000039],[101.17528379900006,12.905435668000052],[101.17415482800004,12.908120934000067],[101.17224357000003,12.908615790000056],[101.17239802200004,12.910180411000056],[101.17032916200009,12.911492182000075],[101.16281567800007,12.911020575000066],[101.15997789700003,12.914154019000023],[101.15750102000004,12.914383000000043],[101.15561134600006,12.913152965000052],[101.15294162000004,12.912993313000072],[101.15310439200005,12.921843771000056],[101.15201456400007,12.926958490000061],[101.15162230500005,12.930779447000077],[101.14931361400005,12.930453922000027],[101.14718018200006,12.931424169000024],[101.14471399500007,12.933408577000023],[101.14173875300008,12.933519526000055],[101.13845973400004,12.934499113000072],[101.13426614200006,12.934095639000077],[101.13217581200007,12.935101183000029],[101.12910000400007,12.935324365000042],[101.12926338600005,12.937132906000045],[101.12496969400007,12.939956313000039],[101.12329870200006,12.937770946000057],[101.12302197000008,12.936198009000066],[101.12030534100006,12.932170908000046],[101.11471478900006,12.931502831000046],[101.11132788500004,12.93189009200006],[101.10889376600005,12.928875179000045],[101.10880384600006,12.923962784000025],[101.10754530000008,12.922379793000061],[101.10598007800007,12.922040834000029],[101.10266936300008,12.919721937000077],[101.09983776400009,12.922310240000058],[101.09646123400006,12.921326675000046],[101.09379311400005,12.922729698000069],[101.09085923000004,12.920455464000042],[101.08816921300007,12.920569181000076],[101.08884836300007,12.917354660000058],[101.08861399000006,12.915351800000053],[101.08430113400004,12.909290597000052],[101.08158930400003,12.907801799000026],[101.07912889200009,12.907295856000076],[101.07655871800006,12.904974799000058],[101.07609147400007,12.90376324400006],[101.08067783800004,12.899878711000042],[101.07893974500007,12.89836692700004],[101.07982768300008,12.895497893000027],[101.07678143000004,12.893587058000037],[101.07440895200006,12.892787012000042],[101.07209601300008,12.887732846000063],[101.07406236100007,12.885280049000073],[101.07201617200008,12.883418578000033],[101.07447194500008,12.880139278000058],[101.07083180100005,12.875150524000048],[101.07118274300007,12.874511420000033],[101.06868179600008,12.871636430000024],[101.06711941400005,12.86817280200006],[101.06546721400008,12.861892025000031],[101.06191412600003,12.858768284000064],[101.06141140300008,12.855696622000039],[101.06185525100005,12.853782443000057],[101.06481843000006,12.85237778100003],[101.06365996500006,12.84801112100007],[101.06361262200005,12.845138642000052],[101.06215139900007,12.841092351000043],[101.06369176500004,12.83890927300007],[101.06374337200003,12.83580377900006],[101.06300727800004,12.83383241000007],[101.05780522100008,12.827892635000069],[101.05751395400006,12.825262589000033],[101.05441549600005,12.82434012400006],[101.05225058600007,12.821997173000057],[101.05197333500007,12.819994760000043],[101.04943209000004,12.817576797000072],[101.05001184200006,12.815118239000071],[101.05110741800007,12.81487770700005],[101.05343508100003,12.817278779000048],[101.05578039400007,12.817674520000025],[101.06102569500007,12.81762240200004],[101.06462873300006,12.819977405000031],[101.06782230600004,12.819648484000027],[101.07116283200008,12.816021902000045],[101.07576452300003,12.813708602000077],[101.07638930800005,12.812415916000077],[101.08414244400007,12.808644052000034],[101.08660941200009,12.808258688000024],[101.08960317800006,12.806251533000022],[101.09415460400004,12.804274004000035],[101.09729342000009,12.803475013000025],[101.09932435100006,12.80353961700007],[101.10293161600003,12.805099523000024],[101.10551208100009,12.80690991800003],[101.10718602200006,12.806936921000045],[101.10718579700006,12.803574579000042],[101.10803577300004,12.80276361500006],[101.11041692600008,12.803229044000034],[101.11377949800004,12.806670346000033],[101.11751098500008,12.809641227000043],[101.11832000200008,12.811488030000021],[101.12188047800004,12.813806518000035],[101.12469887000003,12.813935590000028],[101.12799541600003,12.81046167900007],[101.13160840000006,12.809008683000059],[101.13123186200005,12.805710267000052],[101.13504210200006,12.806418387000065],[101.13663814800003,12.805919619000065],[101.13884584700008,12.806532117000074],[101.14069636100004,12.804537908000043],[101.14244130300006,12.80464444100005],[101.14313805900008,12.80279014100006],[101.14503700400007,12.801159944000062],[101.14105660500007,12.796754669000052],[101.14353292600003,12.795412269000053],[101.14358988700008,12.793870746000039],[101.14618656400006,12.79266913400005],[101.14690785500005,12.786932596000042],[101.14747633400003,12.786919382000065],[101.14870217400005,12.783440949000067],[101.14861524600008,12.78143699900005],[101.14983004700008,12.781826317000025],[101.15202715500004,12.780998474000057],[101.15723292100006,12.777146666000021],[101.16006929600007,12.773323683000058],[101.16255452800004,12.771791710000059],[101.16059085500007,12.766415176000066],[101.16068077000006,12.763585157000023],[101.16321964300005,12.758829656000046],[101.16684626300008,12.75694930900005],[101.17968395800006,12.757410251000067],[101.18284532200005,12.761942862000069],[101.19275929300005,12.751952355000071],[101.19942897900006,12.744660321000026],[101.20498214000008,12.744223485000077],[101.20726596100008,12.742692293000061],[101.21205243000009,12.741323451000028],[101.21390467700007,12.740273131000038],[101.21696169200004,12.743922438000027],[101.21893832600006,12.747314376000077],[101.22056893900003,12.745153354000024],[101.22350561200005,12.745807867000053],[101.22385543400009,12.747629563000032],[101.22622287400009,12.747124403000043],[101.23071437400006,12.747259488000054],[101.23295417800006,12.745826540000053],[101.23400938400005,12.746058236000067],[101.23703353700006,12.74922323900006],[101.23756228000008,12.751239393000048]]]},"properties":{"Shape_Leng":0.856487996474,"Shape_Area":0.0195490461853,"ADM2_EN":"Nikhom Phatthana","ADM2_TH":"นิคมพัฒนา","ADM2_PCODE":"TH2108","ADM1_EN":"Rayong","ADM1_TH":"ระยอง","ADM1_PCODE":"TH21","ADM0_EN":"Thailand","ADM0_TH":"ประเทศไทย","ADM0_PCODE":"TH"}}
]}