{"type":"FeatureCollection", "features": [
{"type":"Feature","geometry":{"type":"Polygon","coordinates":[[[102.32595634700004,14.128397520000021],[102.32283744300008,14.127650285000072],[102.32118588400004,14.126161492000051],[102.31822630100004,14.125158068000076],[102.31714767200003,14.123939930000063],[102.31247460500003,14.121638124000071],[102.30837441500006,14.120232343000055],[102.30657631600008,14.120504091000043],[102.30441055000006,14.121956605000037],[102.30066545100004,14.123411042000043],[102.30080526700004,14.126029348000031],[102.29898310700008,14.129609239000047],[102.29384898000006,14.132092366000052],[102.28952449700006,14.135064386000067],[102.28723296100009,14.134828994000031],[102.28471023600008,14.131889551000029],[102.28291762000003,14.131143397000073],[102.27965245300004,14.131494289000045],[102.27724090400005,14.129946345000064],[102.27304785200005,14.128700388000027],[102.27169514800005,14.129126777000067],[102.27191338400007,14.131643298000029],[102.27296335600005,14.133260663000044],[102.27329802400004,14.136426302000075],[102.27161720300006,14.13995674000006],[102.27001210200007,14.146177894000061],[102.26860451600004,14.14727995800007],[102.26582459700006,14.147204136000028],[102.26287282700008,14.14561744100007],[102.25934555300006,14.145934563000026],[102.25373840100008,14.14249570000004],[102.25135828600008,14.141735040000071],[102.24941098300008,14.140336905000026],[102.24638412900003,14.14038961700004],[102.24133711300004,14.143004361000067],[102.24000220000005,14.144726799000068],[102.23541642500004,14.145337047000055],[102.23164236000008,14.145391079000035],[102.22960109300004,14.144347393000032],[102.22709813600005,14.144070672000055],[102.22120751000006,14.145320671000036],[102.21914452000004,14.144429432000038],[102.21558053300004,14.145795153000051],[102.21304176500007,14.148830812000028],[102.21060160500008,14.153658996000047],[102.21095668600009,14.15730770700003],[102.21327856700003,14.163093977000074],[102.21389556600008,14.167610068000045],[102.21370600700004,14.16936934100005],[102.21146458800007,14.17458595000005],[102.20946249600007,14.175491154000042],[102.20466935000007,14.176311350000049],[102.20281383200006,14.177232870000068],[102.20086644600008,14.179726671000026],[102.20035109200006,14.183053572000063],[102.19745977300005,14.184322387000066],[102.19574049200008,14.188465723000036],[102.19613984100005,14.191483979000054],[102.19287195300006,14.194617897000057],[102.19079900600008,14.195757171000025],[102.18601753200005,14.196591622000028],[102.18211313300009,14.196050722000052],[102.17901582400003,14.193468462000055],[102.17806069100004,14.191976745000034],[102.17446079000007,14.189297319000048],[102.17358705300006,14.186011058000076],[102.17392976800005,14.183894405000046],[102.17332127400005,14.182197970000061],[102.16900268000006,14.179164799000034],[102.16798471700008,14.176421401000027],[102.16805544600004,14.174404690000074],[102.16601305500006,14.171726696000064],[102.16564166400008,14.166793455000061],[102.16680731900004,14.163830946000076],[102.16846969500006,14.162119284000028],[102.17149233200007,14.160463733000029],[102.17110103500005,14.15744525100007],[102.16869364500008,14.15253397500004],[102.16780409700004,14.147699699000043],[102.16764331700006,14.14311295500005],[102.16478322900008,14.140548056000057],[102.16052937500007,14.13994568000004],[102.15084318500004,14.13704840500003],[102.14638525500004,14.137122648000059],[102.14300607100006,14.137964513000043],[102.13702260200006,14.13715036700006],[102.13520086100004,14.138263972000061],[102.13225070700008,14.13793920300003],[102.12814161100005,14.139856516000066],[102.12784043000005,14.141503070000056],[102.12592010900005,14.14369982200003],[102.12329773500005,14.14545556400003],[102.12011557800008,14.148892782000075],[102.11734077900007,14.149568530000067],[102.11368335500003,14.14902371900007],[102.11125954600004,14.15051616900007],[102.10920813900003,14.150234760000046],[102.10620592600009,14.151759132000052],[102.10484713300008,14.14414533300004],[102.10372951500005,14.139660681000066],[102.10111456500005,14.134700942000052],[102.10058585600007,14.130936132000045],[102.09815097400008,14.128036403000067],[102.09723159500004,14.122136513000044],[102.09778628400005,14.115525457000047],[102.09975078600007,14.111488363000035],[102.09934624900006,14.106726043000037],[102.09841201200004,14.103997633000063],[102.09522076100006,14.101326491000066],[102.09178691200003,14.097832026000049],[102.09078770900004,14.094567605000066],[102.09094815800006,14.092965144000061],[102.09327607800009,14.094218538000064],[102.09605459900007,14.093706568000073],[102.09930559500003,14.094557745000031],[102.10089392700007,14.094239636000054],[102.10431290400004,14.091476903000057],[102.10560444000004,14.091764527000066],[102.10778656900004,14.090757396000072],[102.10926863100008,14.091102085000045],[102.11215810500005,14.090284221000047],[102.11457351800004,14.09248879200004],[102.11742376700005,14.094270970000025],[102.12063605500003,14.097755008000036],[102.12245475900005,14.098928690000037],[102.12466212300006,14.09828488100004],[102.12626159100006,14.095803455000066],[102.12502333700007,14.092961155000069],[102.12570154700006,14.091133313000057],[102.12322995900007,14.089412476000064],[102.12361383300004,14.086497031000022],[102.12232327500004,14.085033718000034],[102.12281859200004,14.082836178000036],[102.11836623300007,14.080586935000042],[102.11761497800006,14.07890989200007],[102.11848054900008,14.074657004000073],[102.11743936200008,14.070337808000033],[102.11820084600004,14.068401423000068],[102.11829250100004,14.065167281000072],[102.12014889400007,14.06215011100005],[102.12039679000009,14.057946557000037],[102.11843854200004,14.053917230000025],[102.12046122800007,14.050362543000062],[102.12417944700007,14.046893688000068],[102.12213335600006,14.044125370000074],[102.11880409500009,14.044819504000031],[102.11419542300007,14.043800290000036],[102.11229504300007,14.043873296000072],[102.11056621500006,14.042156306000038],[102.10887031800007,14.042785365000043],[102.10787722300006,14.044658555000069],[102.10612553600004,14.045901522000065],[102.10361378300007,14.046630336000021],[102.10002026100005,14.045825152000077],[102.09836399600005,14.04623336700007],[102.09781907500007,14.047657264000065],[102.09461058400007,14.049183761000052],[102.08887093000004,14.048644029000059],[102.08766669000005,14.050475222000046],[102.08609128100005,14.051233578000051],[102.08367824000004,14.049100332000023],[102.08153136900006,14.049309309000023],[102.07811621100007,14.047119621000036],[102.07756491400005,14.04345543200003],[102.07641448500004,14.040524279000067],[102.07596211400005,14.035542488000033],[102.07526888500007,14.035061603000031],[102.07168357600005,14.035780815000066],[102.06731284400007,14.035794122000027],[102.05630251800005,14.034191666000027],[102.04774106600007,14.034972117000052],[102.04061948300006,14.036384484000052],[102.03843888900008,14.03582122000006],[102.03229398000008,14.035199190000071],[102.02486916000004,14.034900414000049],[102.01537748600003,14.033765257000027],[102.00761763700007,14.032397208000077],[102.00347221100009,14.032183520000046],[102.00069383200008,14.032645970000033],[101.99802642600008,14.032148628000073],[101.99525397500008,14.033069047000026],[101.99220642000006,14.032775259000061],[101.98849665000006,14.031404639000073],[101.98470812500005,14.031101817000035],[101.97998143000007,14.029864153000062],[101.97546226000009,14.02939537800006],[101.97197462100007,14.028485870000054],[101.96692999500004,14.025564054000029],[101.96164810000005,14.023251278000032],[101.95785978000004,14.018602799000064],[101.95596879800007,14.018087711000021],[101.95680441900004,14.013771989000077],[101.95525841000006,14.012664422000057],[101.95366404600009,14.010030475000065],[101.94864143800004,14.009428047000029],[101.94953330600003,14.006502021000074],[101.94899259400006,14.002821801000039],[101.94977411700006,14.000752999000042],[101.94801196500003,13.999609539000062],[101.94860047200007,13.996649321000064],[101.94795505500008,13.992274029000043],[101.94641852900008,13.990184984000052],[101.94603466000007,13.985205717000042],[101.94448510200004,13.982288237000034],[101.94458502600008,13.97845707700003],[101.94397389200009,13.976359267000078],[101.94100825500004,13.973949556000036],[101.94015459900004,13.971521737000046],[101.94122980300006,13.970807807000028],[101.94143298700004,13.966761726000072],[101.93980897300008,13.963577232000034],[101.93721367600006,13.962102670000036],[101.93754262400006,13.95909354500003],[101.93940537500004,13.957883345000027],[101.93971750800006,13.954211164000071],[101.94131243700008,13.952351971000041],[101.94179921100005,13.950494793000075],[101.94337999700008,13.950281989000075],[101.94543489600005,13.947676701000034],[101.94642635700006,13.941934251000077],[101.94499345000008,13.94046773100007],[101.94674011800004,13.939292803000058],[101.95072067300003,13.940269884000031],[101.95015448200007,13.937610836000033],[101.95142182200004,13.936089528000025],[101.95114888900008,13.934116956000025],[101.94910819500006,13.933867557000042],[101.94461682900004,13.93178419700007],[101.94162686600004,13.931013716000052],[101.94020693200008,13.932301220000056],[101.93837083000005,13.936013656000057],[101.93663424800008,13.933719921000034],[101.93212449100008,13.934234115000038],[101.92995160700008,13.93403427100003],[101.93043593200008,13.935107853000034],[101.92868185500004,13.937145581000038],[101.92737319900004,13.935624415000063],[101.92588087100006,13.936749062000047],[101.92628315400003,13.939543713000035],[101.92399956400004,13.940188427000066],[101.92300968100005,13.938127199000064],[101.91924649300006,13.936403848000054],[101.91469114700004,13.937555552000049],[101.91516748000004,13.93582656700005],[101.91398249100007,13.934917017000032],[101.91223038200008,13.935680606000062],[101.91052364200004,13.933613119000029],[101.91198173600009,13.932229138000025],[101.91216846900005,13.929938684000035],[101.90852783300005,13.927994990000059],[101.90951782700006,13.927125409000041],[101.90725237500004,13.925013412000055],[101.90880583000006,13.92297035200005],[101.90707167300008,13.917761951000045],[101.90558346100005,13.917169683000054],[101.90597517700007,13.915345616000025],[101.90491536000007,13.912786108000034],[101.90643823700003,13.909887896000043],[101.90594844000003,13.908244109000066],[101.90394251000004,13.90707074900007],[101.90731568900009,13.907470854000053],[101.90701955600008,13.908231340000043],[101.90932346300008,13.909778088000053],[101.90983333900004,13.909322651000025],[101.90940693200008,13.903121303000034],[101.91106766200005,13.90310751900006],[101.91090220500007,13.905428607000033],[101.91327252700006,13.904637319000074],[101.91450903700007,13.903042292000066],[101.91340816000007,13.901414876000047],[101.91456526800005,13.900827181000068],[101.91426463900007,13.899270714000068],[101.91190689800004,13.898249791000069],[101.91268974100007,13.895547978000025],[101.90980932000008,13.893243724000058],[101.90929372300008,13.889663122000059],[101.90830548500008,13.88781758600004],[101.90594280300007,13.888270344000034],[101.90627369300006,13.886683722000043],[101.90456847600007,13.883143893000067],[101.90713273800009,13.880269204000058],[101.91028816400006,13.87844147100003],[101.91441373100008,13.87342714600004],[101.91610815300004,13.868125745000043],[101.91792989200007,13.866296972000043],[101.91876602200006,13.863652433000027],[101.92188557500003,13.861745418000055],[101.92297183300008,13.86014977800005],[101.92459082400006,13.859491092000042],[101.92632536700006,13.856034823000073],[101.92864726900007,13.855585738000059],[101.92699876800003,13.85184109100004],[101.92538061100004,13.850186963000056],[101.92451121800008,13.84579605700003],[101.92486970700008,13.84324196800003],[101.92250155700003,13.840285751000067],[101.92014786900006,13.83239588300006],[101.92032351800003,13.830947707000064],[101.92420331600005,13.82757790100004],[101.92669091300007,13.823347428000034],[101.92691325700008,13.82196465800007],[101.92376238900005,13.815971533000038],[101.92539466000005,13.814879770000061],[101.92711892100004,13.815353641000058],[101.92733794400004,13.81435515000004],[101.93008431200008,13.81430836800007],[101.93449682600004,13.813145467000027],[101.93487566800007,13.812333978000026],[101.93776180300006,13.81106567300003],[101.94140870200005,13.811849936000044],[101.94338580100003,13.810223973000063],[101.94341198400008,13.808698376000052],[101.94516881200008,13.807968293000044],[101.94563811200004,13.805186212000024],[101.94685012200006,13.803526464000072],[101.94592762000008,13.801997649000043],[101.94773028800006,13.800192501000026],[101.94557020400003,13.792657126000051],[101.94532741200004,13.790844936000042],[101.94389849500004,13.788761467000029],[101.94471282300003,13.784716931000048],[101.94367441400004,13.777036691000035],[101.94405697400003,13.773315988000036],[101.94370574000004,13.769190425000033],[101.94215315800005,13.765211298000054],[101.94257705200005,13.76198179000005],[101.94134105000006,13.75725699700007],[101.94218779100004,13.754829119000021],[101.94085833700007,13.753463373000045],[101.94090145700005,13.749644234000073],[101.93984607200008,13.746116979000021],[101.93818607200006,13.742959392000046],[101.93579130200004,13.740870142000063],[101.93948663800006,13.738696307000055],[101.94087124300006,13.73948501600006],[101.94185356700007,13.738716280000062],[101.94012128900005,13.734934831000032],[101.93876225200006,13.72812887300006],[101.93976822800005,13.72755360900004],[101.93847923600003,13.725898040000061],[101.93930221600004,13.72522288600004],[101.93798832100003,13.722497761000056],[101.93980698700005,13.719493388000046],[101.93851896700005,13.719153368000036],[101.93921355900005,13.717175528000041],[101.93729964300007,13.714389477000054],[101.93951861100004,13.713788080000029],[101.93905462700008,13.712795577000065],[101.94015081500004,13.709906424000053],[101.94018605800005,13.708015814000078],[101.93889680700005,13.707571458000075],[101.94000053500008,13.706034080000052],[101.94174555200004,13.706315740000036],[101.94136986700005,13.703967311000042],[101.94221658000004,13.703155795000043],[101.94162733800005,13.701541784000028],[101.94317859700004,13.702164463000031],[101.94245205500005,13.699212330000023],[101.94340023400008,13.697359247000065],[101.94262874200007,13.69650953300004],[101.94288304500009,13.692339021000066],[101.94908705700004,13.691189070000064],[101.95593053200008,13.691298526000026],[101.95596941800005,13.687967912000033],[101.95793697700009,13.686685112000077],[101.96012177800009,13.686453786000072],[101.96273143000008,13.687322042000062],[101.96755952700005,13.685300777000066],[101.97060074500007,13.683541782000077],[101.97534101400004,13.683639995000021],[101.97850810100005,13.681291744000077],[101.98520915700004,13.680415733000075],[101.98657226300008,13.68507390600007],[101.98665175200006,13.690154947000053],[101.98801649100005,13.692839865000053],[101.98934859700006,13.699003106000077],[101.99198250800004,13.702377209000076],[101.99567771100004,13.704314262000025],[101.99730940000006,13.706390720000059],[101.99913347800003,13.711419546000059],[101.99933249400004,13.714412160000052],[102.00999110900005,13.709755253000026],[102.00988959600005,13.708527237000055],[102.01213657100004,13.702932261000058],[102.01334902600007,13.703025414000024],[102.01543504300008,13.705731292000053],[102.01804902000003,13.70508288800005],[102.02023934200008,13.703169543000058],[102.02156422700006,13.70354235900004],[102.02324396300008,13.70217040600005],[102.02504805900008,13.703477629000076],[102.02535536900007,13.705492508000077],[102.02719994900008,13.705342034000068],[102.03182117000006,13.703433102000076],[102.03369759300006,13.703145867000046],[102.03695820800004,13.706584088000056],[102.03931534400004,13.712821122000037],[102.03946458900003,13.714588164000077],[102.03684941100005,13.715311154000062],[102.03552196200008,13.717701441000031],[102.03546587800008,13.720046275000072],[102.03682534100005,13.721578257000033],[102.03537275800005,13.723178532000077],[102.03606402400004,13.725134789000037],[102.03943286100008,13.724551079000037],[102.03942274100007,13.728471653000042],[102.03882583700005,13.730193428000064],[102.04037289700005,13.734351730000071],[102.04069366800007,13.736494509000067],[102.04317937300004,13.73740504400007],[102.04406481200004,13.739828223000075],[102.04420877100006,13.744905463000066],[102.04803210400007,13.744892788000072],[102.04842404500005,13.747059367000077],[102.05349489800005,13.747757441000033],[102.05455211900005,13.749189472000069],[102.05781161900006,13.747790369000029],[102.06039828800004,13.748679675000062],[102.06225762500009,13.746495061000076],[102.06561055700007,13.744904495000071],[102.06541232700005,13.742868437000027],[102.07015467500008,13.741833330000077],[102.07120356000007,13.740877696000041],[102.07374879900004,13.74112619500005],[102.07483516000008,13.743414126000062],[102.07670843200003,13.74454353300007],[102.07947478900007,13.744948574000034],[102.07962013800005,13.746204055000021],[102.07746816700006,13.746129495000048],[102.07769664500006,13.747971097000061],[102.07970310800005,13.750623549000068],[102.07981080400003,13.752332980000062],[102.07822792700006,13.753392216000066],[102.07855495100006,13.755568681000057],[102.08124641700005,13.757705728000076],[102.08294226200007,13.76040279700004],[102.08662281600004,13.760192730000028],[102.08966063200006,13.758842768000022],[102.09018347400007,13.75970103800006],[102.08811217400006,13.762793191000071],[102.09102967600006,13.762042165000025],[102.09486528600007,13.762525555000025],[102.09482219300008,13.760596873000054],[102.09621296000006,13.760141601000043],[102.09831297600005,13.75702997600007],[102.09937800400007,13.758404744000075],[102.10180152000004,13.75774043000007],[102.10123501200007,13.756513983000048],[102.10468609800006,13.756303543000058],[102.10695881400005,13.755001108000044],[102.10758009100005,13.753187737000076],[102.10942988500005,13.751238279000063],[102.11155500800004,13.750500364000061],[102.11099517000008,13.749301685000034],[102.11400485100006,13.747532335000074],[102.11512474100005,13.745641543000033],[102.11854079200003,13.742562342000042],[102.11997295600008,13.740135826000028],[102.12464772600003,13.738499888000035],[102.12529942200007,13.737084933000062],[102.12930450600004,13.736442588000045],[102.13291401300006,13.73460244100005],[102.13685143700008,13.733232558000054],[102.14130516000006,13.730607144000032],[102.14359529800004,13.728246696000042],[102.14210177800004,13.72481814200006],[102.14281684000008,13.723325773000056],[102.14178437200007,13.720643762000066],[102.14171628200006,13.717425240000068],[102.14367753100004,13.717613050000068],[102.14412705900008,13.716315257000076],[102.14664177000009,13.714273946000048],[102.14701980400008,13.713023301000021],[102.14638856800008,13.706792677000067],[102.14814669400005,13.703978483000071],[102.14864874900007,13.700334655000063],[102.14646300400005,13.698661682000022],[102.14621450600004,13.695368045000066],[102.14726108300005,13.693430399000022],[102.14788963900008,13.68940462200004],[102.15335990400007,13.688724342000057],[102.15383838700006,13.68498233400004],[102.16066021500006,13.688863421000065],[102.16145931500006,13.68991851900006],[102.16638644100004,13.692488973000025],[102.16732382700008,13.693760620000035],[102.17436855700004,13.695613914000035],[102.17814454000006,13.697019278000027],[102.18048229100003,13.699191819000077],[102.18346920800008,13.699878480000052],[102.18563389200006,13.701617032000058],[102.18650621900008,13.705692029000033],[102.18945425300006,13.705706331000044],[102.19272791300006,13.70472893300007],[102.19344839500008,13.707601734000036],[102.19455083900004,13.708369065000056],[102.19751301500008,13.708372616000077],[102.20055908300009,13.709299680000072],[102.20429670800007,13.70927957200007],[102.20436276300006,13.710202481000067],[102.20864470200007,13.710351011000057],[102.21092915500009,13.715267675000064],[102.21239056700006,13.715395210000054],[102.21574349600007,13.718404583000051],[102.21695594600004,13.72121151600004],[102.21979266200003,13.720644177000054],[102.22027587700006,13.722054467000078],[102.22287752500006,13.722306617000072],[102.22387853000004,13.724519610000073],[102.22516802000007,13.724077087000069],[102.22615673100006,13.726171597000075],[102.22776653000005,13.725923751000039],[102.22933637300008,13.729892585000073],[102.22866391700006,13.731569185000069],[102.22879420100008,13.734690821000072],[102.23133574300005,13.73647541300005],[102.23252934100009,13.739332556000022],[102.23258546500006,13.741959286000053],[102.23104128800009,13.743385508000074],[102.23128597100003,13.745536937000054],[102.23004236000008,13.746354647000032],[102.23345478800007,13.749299288000032],[102.23339511400007,13.752555406000056],[102.23125811800008,13.754823198000054],[102.22981031400008,13.755288102000065],[102.22943133900009,13.756758239000021],[102.23059367300004,13.75796243600007],[102.22786776200007,13.757996094000077],[102.22560912600005,13.760205530000064],[102.22724579300007,13.761639040000034],[102.22550660600007,13.76327119800004],[102.22571563000008,13.766676572000051],[102.22367537900004,13.767979024000056],[102.21987638700006,13.768175968000037],[102.22062721300006,13.767286223000042],[102.21895211500004,13.76593101900005],[102.21795505500006,13.767486375000033],[102.21284104200004,13.768701683000074],[102.21160738600008,13.770261747000063],[102.21015945100004,13.770346069000027],[102.20749688800004,13.767502223000065],[102.20579123000005,13.768227334000073],[102.20380922100009,13.770799995000061],[102.20022308700004,13.770294181000054],[102.19725707700007,13.772401005000063],[102.19737919200008,13.774611521000054],[102.19582181800007,13.773912117000066],[102.19349940500007,13.776943557000038],[102.19074131700006,13.779156595000075],[102.19190708600007,13.780436377000058],[102.19084403000005,13.782559304000074],[102.19139469200007,13.783771170000023],[102.18722838100007,13.785603158000072],[102.18767012500007,13.788672573000042],[102.18678075500009,13.78920621900005],[102.18349012000004,13.789004787000067],[102.18317815400007,13.790078348000065],[102.18121212500006,13.790006061000042],[102.18094218500005,13.791576461000034],[102.17918420600006,13.791662472000041],[102.18036036800004,13.793834220000065],[102.17938464300005,13.79560557700006],[102.18049228900009,13.797640052000077],[102.18011714400006,13.800624643000049],[102.18140433800005,13.801502824000067],[102.18062895400004,13.803710136000063],[102.18056507700004,13.806320078000056],[102.17919906700007,13.806790600000056],[102.17818441100007,13.809578896000062],[102.17837948100004,13.81110949500004],[102.17999877100004,13.812390913000058],[102.18072995300008,13.814240160000054],[102.17989208800009,13.817047734000028],[102.17875077600007,13.81749594300004],[102.17927490100004,13.822782849000077],[102.17791945000005,13.82485106200005],[102.17724309800008,13.824279787000023],[102.17426153700006,13.828567818000067],[102.17209505700004,13.828914270000041],[102.17119018600005,13.830901814000072],[102.16925918400005,13.830650063000064],[102.16940190500009,13.832868060000067],[102.16624880900008,13.834795408000048],[102.16434231700003,13.83860807900004],[102.16200248600006,13.840331460000073],[102.16382800700006,13.84176960600007],[102.16522537100008,13.841781985000068],[102.16503167900004,13.844598113000075],[102.16602989300009,13.847580641000036],[102.16162385800004,13.85070246600003],[102.16040014300006,13.852244314000075],[102.15883415500008,13.855859758000065],[102.16136494300008,13.854669379000029],[102.16169421500007,13.856346150000036],[102.16725238900005,13.858607998000025],[102.16966784300007,13.861263645000065],[102.17101857500006,13.860653753000065],[102.17442004800006,13.864476830000058],[102.17779472200004,13.86546265800007],[102.17967924100009,13.864611065000076],[102.18098111800003,13.866125355000065],[102.18286112100009,13.866201473000046],[102.18717008500005,13.867676127000038],[102.18879036800007,13.870162316000062],[102.18860751400007,13.872128084000053],[102.18946106800007,13.873476786000026],[102.19565106600004,13.887794791000033],[102.19565404400004,13.891920519000053],[102.19692413200005,13.892879660000062],[102.19959564400006,13.893132794000053],[102.20314848500004,13.898049513000046],[102.20481763500004,13.903009901000075],[102.20650175800006,13.904964179000046],[102.20802862300008,13.905618210000057],[102.20718178300007,13.909109200000046],[102.20764576900007,13.909940518000042],[102.20553190600003,13.916343701000073],[102.19955709800007,13.919000013000073],[102.19772995700004,13.921080336000045],[102.19629946700007,13.920999572000028],[102.19537605800008,13.922300498000027],[102.19679500900008,13.92335378000007],[102.19677991900005,13.925614941000049],[102.20201620800003,13.927802599000074],[102.20349945500004,13.929788836000057],[102.20250674000005,13.930835395000031],[102.20467228300004,13.93114564800004],[102.20749766600005,13.935958192000044],[102.20730094100009,13.937036383000077],[102.21169299100006,13.939788007000061],[102.21559749300008,13.940336057000025],[102.21604323900004,13.94177925400004],[102.21966303100004,13.941650355000036],[102.22128611200009,13.943065339000043],[102.22599580400004,13.941393632000029],[102.22683165600006,13.942257389000076],[102.22922645200003,13.941629548000037],[102.23250794100005,13.944941087000075],[102.23721877200006,13.944806695000068],[102.23707799800007,13.94570720400003],[102.23905769100008,13.94641914400006],[102.24093257600003,13.945657965000066],[102.24301798900007,13.947134193000068],[102.24429583200003,13.949395345000028],[102.24445444900005,13.951314936000074],[102.24831608100004,13.953749600000037],[102.25002014300009,13.956157055000062],[102.24807652900006,13.956562742000074],[102.24942002200004,13.958991726000022],[102.25209690900004,13.958642965000024],[102.25310397300007,13.96077364000007],[102.25508353000004,13.961487441000031],[102.25624512800005,13.96346486400006],[102.26090981400006,13.96519918100006],[102.26375967200005,13.968272083000045],[102.26233266900005,13.970118820000039],[102.26471025000006,13.970311331000062],[102.26521534500006,13.97446207400003],[102.26207457600003,13.97754608300005],[102.26205616500005,13.978618708000056],[102.26382021200004,13.98116310100005],[102.27031955200005,13.98423953300005],[102.27143931100005,13.986313778000067],[102.27192461900006,13.989369315000033],[102.27417011100005,13.993097520000049],[102.27530084200004,13.993859273000055],[102.27641091700008,13.99654156300005],[102.27603514500004,13.998100702000045],[102.27613982400004,14.002883764000046],[102.27834036000007,14.003220920000047],[102.28032959000006,14.004762423000045],[102.28402112000003,14.005798798000058],[102.28398704600005,14.00702953900003],[102.28561842500005,14.00775565300006],[102.28628068500007,14.009310602000028],[102.28810430900006,14.010598859000027],[102.29155593000007,14.010435052000048],[102.29309513200008,14.011799077000035],[102.29420709400006,14.014203123000073],[102.29625163700007,14.014831800000024],[102.29634855100005,14.016458245000024],[102.29807569100007,14.019366496000032],[102.30209353000004,14.020786576000035],[102.30400103500006,14.022775004000039],[102.30916308100007,14.024332192000031],[102.31115552400007,14.02581576600005],[102.31079635800006,14.031014191000054],[102.31002661700006,14.035909779000065],[102.31101033300007,14.038212925000039],[102.30874958300006,14.04524770300003],[102.31029365300009,14.048437446000037],[102.31119736900007,14.052856835000057],[102.30952692800008,14.053541636000034],[102.31141970700008,14.057551770000032],[102.31029285400007,14.058114003000071],[102.31152061500006,14.059953328000063],[102.30888681700009,14.061298846000057],[102.30846742700004,14.063909004000038],[102.30635779000005,14.064808451000033],[102.30590300800009,14.06700900100003],[102.30796802300006,14.069664232000036],[102.31021889900006,14.083166113000061],[102.31154690300008,14.083766594000053],[102.31135810000006,14.086517460000039],[102.31247595500008,14.088387036000029],[102.31651664600008,14.08900051300003],[102.31860253200006,14.09052577500006],[102.32238019900007,14.092315451000047],[102.32386695600007,14.094201441000052],[102.32530756600005,14.102052161000074],[102.32446520000008,14.10386486300007],[102.32322133800005,14.109109197000066],[102.32156328900004,14.110575466000057],[102.32183696500005,14.112291587000072],[102.32467236400004,14.114748790000021],[102.32564195600008,14.119650582000077],[102.32513796400008,14.12598913000005],[102.32595634700004,14.128397520000021]]]},"properties":{"Shape_Leng":2.60322476091,"Shape_Area":0.114401344353,"ADM2_EN":"Mueang Sa Kaeo","ADM2_TH":"เมืองสระแก้ว","ADM2_PCODE":"TH2701","ADM1_EN":"Sa Kaeo","ADM1_TH":"สระแก้ว","ADM1_PCODE":"TH27","ADM0_EN":"Thailand","ADM0_TH":"ประเทศไทย","ADM0_PCODE":"TH"}},
{"type":"Feature","geometry":{"type":"Polygon","coordinates":[[[102.33526487200004,13.642002310000066],[102.32889096000008,13.641117654000027],[102.32681805900006,13.638729498000032],[102.32084487400004,13.63906922700005],[102.31806656100008,13.641396181000061],[102.31314891600005,13.644327511000029],[102.31104466100004,13.64471334700005],[102.30729761600008,13.643943300000046],[102.30432147400006,13.643943926000077],[102.30394484700008,13.643101417000025],[102.30048302700004,13.642411480000021],[102.29897146100006,13.643507028000045],[102.29865527400005,13.642499215000043],[102.29383813300007,13.643363348000037],[102.29372749300006,13.640526696000052],[102.29093054600008,13.639264625000067],[102.28917381400004,13.637774055000023],[102.28689278900004,13.639181524000037],[102.28607657700007,13.638498132000052],[102.28611528600004,13.634154910000063],[102.28299327200006,13.634734294000054],[102.28263124600005,13.631435342000032],[102.27948421900004,13.63144068500003],[102.27926870600004,13.629871109000021],[102.27655161400008,13.630665306000026],[102.27605697100006,13.62890425200004],[102.27306105700006,13.626841611000032],[102.27127487800004,13.624233272000026],[102.26588705400007,13.623820146000071],[102.26315142800007,13.620233899000027],[102.26173118800006,13.619603493000056],[102.26110661300004,13.617980977000059],[102.25820238000006,13.616360748000034],[102.25788434200007,13.617613420000055],[102.25465635200004,13.618761814000038],[102.25411134600006,13.620997721000037],[102.25288665400006,13.621815183000024],[102.24708570000007,13.622752106000064],[102.24450455600004,13.623878142000024],[102.23972299300004,13.62330634400007],[102.23575423400007,13.62427873100006],[102.23094552200007,13.624742038000022],[102.22801391100006,13.62554516800003],[102.22593275600008,13.62489329300007],[102.22259303400006,13.629063118000033],[102.21623699300005,13.628801086000067],[102.21430303100004,13.626766179000072],[102.21169847800007,13.626170211000044],[102.20912212500008,13.623011957000074],[102.20359509200006,13.62100801400004],[102.20189833900008,13.619186600000035],[102.20067884300005,13.61955670900005],[102.19718986000004,13.617943676000039],[102.19430549700007,13.615605865000077],[102.19358432600006,13.614180969000074],[102.18626789100006,13.61578718100003],[102.18487605500007,13.614486182000064],[102.18247747000004,13.615740771000048],[102.17892951400006,13.613600657000063],[102.17842523700006,13.609680117000039],[102.17632586000008,13.608721115000037],[102.17624848000008,13.607006080000076],[102.17495360400005,13.606305646000067],[102.17427364400004,13.603542538000056],[102.17237325600007,13.604697220000048],[102.16950979500007,13.604682799000045],[102.16749475500006,13.605309333000037],[102.16716144100008,13.606603578000033],[102.16543226900006,13.607066905000067],[102.16193229100008,13.609620429000074],[102.15894711900006,13.608875344000069],[102.15867571400008,13.61017703300007],[102.15622775600008,13.611052212000061],[102.15542774200009,13.612563184000066],[102.15353060600006,13.612438908000058],[102.15560268100006,13.60991965900007],[102.15536295400005,13.60645220500004],[102.15773583300006,13.605342905000043],[102.15822154600005,13.606465267000033],[102.15947882100005,13.605341313000054],[102.15912275800008,13.600259966000067],[102.16134002800004,13.59875170500004],[102.16333243600008,13.594684959000062],[102.16415024300005,13.596027166000056],[102.16653731700006,13.594672928000023],[102.16573616100004,13.593679620000046],[102.16776791500007,13.593491567000058],[102.17029867900004,13.594424555000046],[102.17120393400006,13.591888351000023],[102.17381822400006,13.590922755000065],[102.17425018300008,13.589534933000039],[102.17623490600005,13.589145579000046],[102.17740529200006,13.587336309000023],[102.17665463900005,13.585669884000026],[102.17788794900008,13.584197290000077],[102.18079781300008,13.583152194000036],[102.18009652100005,13.58175503900003],[102.18157599600005,13.581633280000062],[102.18159070700005,13.579524475000028],[102.17932943500006,13.574621132000061],[102.18178499900006,13.572717355000066],[102.18096599200004,13.571543724000037],[102.18243012000005,13.567088721000061],[102.18415544000004,13.566193075000058],[102.18593881500004,13.566535859000055],[102.18793235000004,13.563265128000069],[102.18789125000006,13.561858335000068],[102.18954611000004,13.559950549000064],[102.19236220800008,13.559371303000034],[102.19296937300004,13.556880716000023],[102.19385694900006,13.556724454000062],[102.19458942100005,13.553382905000035],[102.19421389900003,13.552301217000036],[102.19697343800004,13.54723305500005],[102.19733001300006,13.543692233000058],[102.19594054100008,13.542437254000049],[102.19311261000007,13.541500627000062],[102.19143281600009,13.540244388000076],[102.18749856600004,13.539530726000066],[102.18599632000007,13.535829806000038],[102.18637757300007,13.53527686800004],[102.18345112700007,13.527939063000076],[102.18394533200006,13.526929100000075],[102.18529475300005,13.527934854000023],[102.19069792500005,13.52593220600005],[102.19033756500005,13.525104600000077],[102.19355825500008,13.524171178000074],[102.19338279500005,13.521322841000028],[102.19172263900003,13.520543848000045],[102.19381697200004,13.516618872000038],[102.19334631800007,13.51531850200007],[102.19433834500006,13.513430629000027],[102.19703506700006,13.51389996100005],[102.19725295000006,13.512082274000022],[102.20022397800005,13.51161761700007],[102.20084543500008,13.509393386000056],[102.20401030700003,13.506638621000036],[102.20324698600007,13.50545571300006],[102.20454033300007,13.50487560700003],[102.20477482300004,13.502633324000044],[102.20706360600008,13.496388564000029],[102.20792748900004,13.496197548000055],[102.20792224600007,13.493423842000027],[102.20620343800005,13.492453122000029],[102.20767482100007,13.488308291000067],[102.20993405700005,13.486247018000029],[102.21255773500008,13.484918649000065],[102.21243162500008,13.483689432000062],[102.21531578700007,13.482823551000024],[102.21676690800007,13.483327876000033],[102.21746214800004,13.481403070000056],[102.21863834900006,13.480772759000047],[102.22014045200007,13.482399975000021],[102.22357866700008,13.482879624000077],[102.22359355600008,13.480971641000053],[102.22723012800009,13.479947798000069],[102.22816868900009,13.478172401000052],[102.23143023800009,13.478898421000054],[102.23401638900003,13.476398109000058],[102.23684683300007,13.47535054900004],[102.23719321700008,13.472168646000057],[102.24133796900009,13.470479516000069],[102.24187415600005,13.469172023000056],[102.23863854800004,13.465509292000036],[102.23480103800006,13.467286710000053],[102.23437273500008,13.459078909000027],[102.23640358300008,13.457204956000055],[102.23532592400005,13.453839806000076],[102.23615229400008,13.45207681100004],[102.23496900200007,13.44998269100006],[102.23451754300004,13.446077004000074],[102.23518129300004,13.445357597000054],[102.23459183900007,13.441039024000077],[102.23665970800005,13.437021316000028],[102.23436885500007,13.433645543000068],[102.23650235100007,13.431061713000076],[102.23617176300007,13.429484520000074],[102.23445376400008,13.428953690000071],[102.23407186200006,13.425538055000061],[102.23330000800007,13.42466481200006],[102.23266218000003,13.420994266000037],[102.23384132200005,13.419269729000064],[102.23402431700003,13.416926810000064],[102.23244744500005,13.414561759000037],[102.23076811200008,13.413844796000035],[102.22585675500005,13.413641846000075],[102.22402511500007,13.407540622000056],[102.22448210600004,13.404098272000056],[102.22417507100005,13.400685385000031],[102.22536324600009,13.399806056000045],[102.22515700400004,13.396482498000069],[102.22605755800004,13.393674688000033],[102.22593111100008,13.387041662000058],[102.22601647100004,13.37635165200004],[102.22432969400006,13.368745357000023],[102.22432091100006,13.367204303000051],[102.22203390800007,13.365181321000023],[102.22209384400009,13.361484978000021],[102.22273762400005,13.361102093000056],[102.22265306100007,13.358029371000043],[102.22379490200007,13.358916849000025],[102.22847729500006,13.355383778000032],[102.22786415800005,13.353603403000022],[102.22982124400005,13.35238441100006],[102.23032828800007,13.350544386000024],[102.23390105500005,13.351200727000048],[102.23515181300007,13.346959516000027],[102.24026994300004,13.346696312000063],[102.24042345500004,13.344535969000049],[102.24215824500004,13.34439502500004],[102.24316978800005,13.341821668000023],[102.24585816300004,13.341780819000064],[102.24491934100007,13.33953269500006],[102.24619567200006,13.339720747000058],[102.24944817500005,13.337801398000067],[102.25157585700003,13.33773201300005],[102.25296140000006,13.338941269000031],[102.25264079900006,13.340171600000076],[102.25572838200009,13.339856328000053],[102.26075039700004,13.337931557000047],[102.26198009500007,13.334371700000077],[102.26473521400004,13.335472761000062],[102.26689569300004,13.335131353000065],[102.26602456400008,13.334266804000038],[102.26902635500005,13.330548252000028],[102.27012282000004,13.332065621000027],[102.27352693800003,13.33073937100005],[102.27327927800008,13.327463317000024],[102.27509188200008,13.326444827000046],[102.27478434900007,13.324496673000056],[102.27210267700008,13.324929625000038],[102.27086377600006,13.323116695000067],[102.27314010600008,13.32277033400004],[102.27345517200007,13.317623952000076],[102.27639231000006,13.317490182000029],[102.28081056400003,13.318176574000063],[102.27971930300004,13.314909630000045],[102.28091796200005,13.312459225000055],[102.28260134200008,13.311520753000025],[102.28214979500007,13.30968011300007],[102.28565968300006,13.307722543000068],[102.28377013500005,13.306255841000052],[102.28377653500007,13.303635412000062],[102.28708830700003,13.30427461000005],[102.28814119900005,13.302752245000022],[102.28660096600004,13.300796066000032],[102.28799854600004,13.298738282000045],[102.29011419100004,13.300577735000047],[102.29176235800008,13.300531771000067],[102.29588276100009,13.298999349000042],[102.29589132400008,13.29756900700005],[102.29794856500007,13.296140897000043],[102.29615012900007,13.29241603500003],[102.29677751500009,13.290203322000025],[102.29978704900009,13.290501087000052],[102.30182289600003,13.289112486000022],[102.30336894600003,13.290352174000077],[102.30739702500006,13.287728427000047],[102.30899270300006,13.288370727000029],[102.31053554000005,13.28696741400006],[102.31236150900008,13.288704851000034],[102.31518400000004,13.289134097000044],[102.31516681300008,13.29063125600004],[102.31809982500005,13.294742302000031],[102.32327524200008,13.294648411000026],[102.32265453500008,13.295778466000058],[102.32297522100004,13.300289839000072],[102.32201083900009,13.300436731000048],[102.32143108900004,13.30265754800007],[102.32392431100004,13.304463870000063],[102.32742087500009,13.304887009000026],[102.32508332900005,13.308049653000069],[102.33094485200007,13.308635201000072],[102.33049398400004,13.316209531000027],[102.33261501800007,13.316739143000063],[102.33499116200005,13.315652424000064],[102.33863431600008,13.311606877000031],[102.34180716800006,13.308882487000062],[102.34406322300003,13.30773767900007],[102.34632533400008,13.304265893000036],[102.35048248700008,13.302259435000053],[102.35357461600006,13.298943492000035],[102.35443119100006,13.301219071000048],[102.35785868200009,13.306159645000037],[102.35960401200003,13.311788618000037],[102.35971566600006,13.31394945900007],[102.35851120300003,13.320216268000024],[102.35735437000005,13.321629039000072],[102.35718153700009,13.324888394000027],[102.35571639200003,13.32636251200006],[102.35380398600006,13.33004550100003],[102.35153894000007,13.331810100000041],[102.35233932600005,13.333521722000057],[102.35070712400005,13.335758713000075],[102.35205511600009,13.340573430000063],[102.35040061400008,13.34269241100003],[102.34956962000007,13.342579181000076],[102.34839000900007,13.344782943000041],[102.34540977800003,13.346618729000056],[102.34533670500008,13.348396982000054],[102.34713635600008,13.352233528000056],[102.34669574600008,13.356834798000023],[102.34870188000008,13.359371382000063],[102.34931630700004,13.362379920000024],[102.34895883200005,13.364454270000067],[102.35067058900006,13.366673129000048],[102.35021983800004,13.369588566000061],[102.35169380200006,13.371312357000022],[102.35084075900005,13.372102706000021],[102.35232953300005,13.37523397900003],[102.35555147800005,13.377854263000074],[102.35486144700008,13.379930227000045],[102.35628585300009,13.380372843000032],[102.35669581200005,13.382423646000063],[102.35519004500009,13.383937909000053],[102.35485965200007,13.388628117000053],[102.35691517500004,13.391738936000024],[102.35675230800007,13.39530323200006],[102.35786577300007,13.396236329000033],[102.35722393500004,13.398038780000036],[102.35980887200009,13.399105674000054],[102.36045360800006,13.40195407400006],[102.35995625600003,13.402686893000066],[102.36085268500005,13.406086128000027],[102.35901426300006,13.40896716800006],[102.36069824200007,13.409719143000075],[102.35980674900009,13.410469748000025],[102.35984887900008,13.413108020000038],[102.36060002600004,13.415988618000029],[102.35992944100008,13.418898730000024],[102.36225026900007,13.421057162000068],[102.36069214400004,13.423707510000042],[102.36256078300005,13.424724240000046],[102.36216144600007,13.427175944000055],[102.36067412700004,13.427146867000033],[102.36156257900006,13.430409695000037],[102.35904008300008,13.431546084000047],[102.35845155700008,13.433351017000064],[102.35912410400005,13.43477460400004],[102.35798722700008,13.435984876000077],[102.35826056100007,13.438613158000067],[102.36047722500007,13.442911711000022],[102.35907246200009,13.444463128000052],[102.35845449700008,13.446966348000046],[102.35701265900008,13.44647918000004],[102.35537748200005,13.44725647200005],[102.35697798400008,13.44887551200003],[102.35576093800006,13.45150927800006],[102.35583872800004,13.45656722900003],[102.35674609800009,13.458254718000035],[102.35542704700003,13.46099104700005],[102.35616395600005,13.462629163000031],[102.35692003900004,13.469605740000077],[102.35835766700006,13.470822299000076],[102.35741906200008,13.472996984000076],[102.35807821000009,13.474566601000049],[102.35661171700008,13.474377676000074],[102.35807194500006,13.476371855000025],[102.35717901900006,13.479270996000025],[102.35899510400009,13.481447703000072],[102.35317235400004,13.48227405700004],[102.35369098100006,13.48444199000005],[102.35045601300004,13.48478536600004],[102.34229158200009,13.484975655000028],[102.32544697300006,13.484999705000064],[102.32334066200008,13.467504703000031],[102.31539085500003,13.469914060000065],[102.31398278600005,13.466712662000077],[102.31020720900005,13.468536940000035],[102.31080848300007,13.470289468000033],[102.30746218900003,13.472373212000036],[102.30686498800009,13.473728305000066],[102.30701802900006,13.476952557000061],[102.30980296100006,13.479255755000054],[102.31465153600004,13.48014898200006],[102.31390430300007,13.481727256000056],[102.31400438500003,13.484249601000045],[102.31574801300007,13.488778732000071],[102.31561747100005,13.48996242800007],[102.31254539800005,13.494174431000033],[102.31264511300009,13.497422375000042],[102.31121012300008,13.500032429000044],[102.30966869600007,13.50112503400004],[102.30815892900006,13.503828210000052],[102.31044674300006,13.507655889000034],[102.31136956100005,13.511997852000036],[102.30978591800005,13.51517453100007],[102.31015692800008,13.52009748300003],[102.31158245400007,13.520755382000061],[102.31117203500008,13.523575662000042],[102.31313141900006,13.525809056000071],[102.31319044200006,13.528088187000037],[102.31535624300005,13.528642392000052],[102.31588970100006,13.530251220000025],[102.32060701300009,13.530743020000045],[102.32157229600006,13.53202264500004],[102.32034792500008,13.539929169000061],[102.32041045200003,13.543609245000027],[102.32318281500005,13.549356645000046],[102.32257861400007,13.561427712000068],[102.32518701600009,13.566423413000052],[102.32716334600008,13.569080454000073],[102.32723218700005,13.571477369000036],[102.32583973700008,13.572219439000037],[102.32190082300008,13.577744856000038],[102.32168944400007,13.58025785500007],[102.31928569600007,13.581428973000072],[102.32000799500008,13.583835410000063],[102.32270259100005,13.585128233000034],[102.32341640600004,13.586534421000067],[102.32676315300006,13.587908155000036],[102.32717882900005,13.59047376600006],[102.32853795300008,13.592047368000067],[102.32607877000004,13.594999083000062],[102.32844697300004,13.599131725000063],[102.33024592100008,13.599310789000072],[102.32983888800004,13.60087091500003],[102.33126245200003,13.603621173000022],[102.32967768600008,13.60720554900007],[102.33127563600004,13.611049680000065],[102.33332397800007,13.61178579400007],[102.33400862200006,13.615894574000038],[102.33522261200005,13.616048241000044],[102.33526164100005,13.618656896000061],[102.33449131300006,13.619612801000073],[102.33577568300007,13.621863619000067],[102.33675435600009,13.621850477000066],[102.33562302900003,13.626333239000076],[102.33721392100006,13.629038712000067],[102.33635484600006,13.630030950000048],[102.33735952000006,13.632076351000023],[102.33579546600004,13.633882844000027],[102.33659206800007,13.634245157000066],[102.33616356400006,13.637067757000068],[102.33463963700007,13.637731012000074],[102.33647217700008,13.638571282000044],[102.33526487200004,13.642002310000066]]]},"properties":{"Shape_Leng":1.55923951504,"Shape_Area":0.0405435792127,"ADM2_EN":"Khlong Hat","ADM2_TH":"คลองหาด","ADM2_PCODE":"TH2702","ADM1_EN":"Sa Kaeo","ADM1_TH":"สระแก้ว","ADM1_PCODE":"TH27","ADM0_EN":"Thailand","ADM0_TH":"ประเทศไทย","ADM0_PCODE":"TH"}},
{"type":"Feature","geometry":{"type":"Polygon","coordinates":[[[102.76691925000006,13.856680745000062],[102.76822771500008,13.862427370000034],[102.77657607700007,13.901404083000045],[102.78325152400004,13.932903563000025],[102.79024877800003,13.936070345000076],[102.79438753200009,13.938736063000022],[102.80326869800007,13.943287057000077],[102.80752756800007,13.948269825000068],[102.81218323100006,13.955408097000031],[102.81369528500005,13.959046369000077],[102.81579757900005,13.965558575000045],[102.82641012800008,13.972327576000055],[102.84890953800004,13.985938992000058],[102.85339760000005,13.990427932000046],[102.85744584100007,13.995145773000047],[102.86694579200008,14.003662004000034],[102.87012214700007,14.004690409000034],[102.87238328500007,14.003049840000074],[102.87682449700009,14.003102923000029],[102.87963368400005,14.003777575000072],[102.88307344700007,14.006472383000073],[102.88301420000005,14.008838745000048],[102.88601081400009,14.01022314200003],[102.88773878300003,14.010033036000038],[102.89333362200006,14.007154540000045],[102.89451082100004,14.007364801000051],[102.89654213700004,14.010082454000042],[102.89935674600008,14.011689228000023],[102.89953708000007,14.013099690000047],[102.90136708900008,14.015066345000037],[102.90492764400005,14.015762331000076],[102.90975724300006,14.015952451000032],[102.91163393900007,14.017612406000069],[102.91226173200005,14.020615706000058],[102.90859740200005,14.021631029000048],[102.90821448000008,14.025336066000023],[102.90712343700005,14.029058977000034],[102.90492619400004,14.030421901000068],[102.90373487200009,14.032370529000048],[102.90266996000008,14.036409323000044],[102.90370541700008,14.039189158000056],[102.90278083100009,14.041772976000061],[102.89991791100005,14.043690975000061],[102.90027779500008,14.047610116000044],[102.89785674200004,14.051364079000052],[102.89786616400005,14.054228860000023],[102.89943810700004,14.056934689000059],[102.89868346700007,14.060890938000057],[102.90015113400005,14.06473224900003],[102.90223517200008,14.066687475000037],[102.90282951200004,14.068272659000058],[102.90123009100006,14.070294442000034],[102.90197001100006,14.071810423000045],[102.90113807500006,14.076971190000052],[102.90162939800007,14.081126916000073],[102.90122954700007,14.082928737000032],[102.90533984200005,14.088171750000072],[102.90516409000008,14.090070198000035],[102.90739109000003,14.092569508000054],[102.90779045800008,14.09529512000006],[102.91067849600006,14.094934643000045],[102.91341563500004,14.096444268000027],[102.91493990300006,14.098615876000054],[102.91679793600008,14.099229437000076],[102.92034746100006,14.103924741000071],[102.92368479100008,14.105922032000024],[102.92506537900005,14.109977128000025],[102.92464254100008,14.110996275000048],[102.92466227500006,14.116143123000029],[102.92398749400007,14.11755626400003],[102.92449961500006,14.121493483000052],[102.92429150600009,14.127419708000048],[102.92535862900007,14.132179017000055],[102.93031305700003,14.137176728000043],[102.93335667900004,14.139225069000076],[102.93555122200007,14.14249006700004],[102.93720230200006,14.143191828000056],[102.93818911100004,14.145371974000057],[102.94035180600008,14.147074433000057],[102.94154271800005,14.155468303000077],[102.93919748900004,14.15933128200004],[102.93875084300004,14.163148345000025],[102.93581930900007,14.16728555800006],[102.93396229000007,14.172216563000063],[102.93035676000005,14.175651232000064],[102.92681727800004,14.172897587000023],[102.92411398700006,14.172515221000026],[102.91570757900007,14.168954911000071],[102.91282094000007,14.16850428600003],[102.90665595400009,14.166009234000057],[102.90467322000006,14.164591306000034],[102.90260094500007,14.164612285000032],[102.89889578200007,14.163517912000032],[102.89691445500006,14.16366628700007],[102.89335171900007,14.166472974000044],[102.89204066100007,14.171023949000073],[102.88966054500008,14.173385531000065],[102.88618291800009,14.174216303000037],[102.88244273500004,14.175941744000056],[102.87911118400007,14.176034461000029],[102.87331942000009,14.169120663000058],[102.87296395200008,14.166880889000026],[102.87383841900004,14.162298283000041],[102.87393227500007,14.156140945000061],[102.87327018600007,14.147517992000076],[102.87095323500006,14.146587499000077],[102.86581255100003,14.147599592000063],[102.86372601700003,14.148562405000064],[102.86039805800004,14.148848292000025],[102.85509306700004,14.154237801000022],[102.85096070300006,14.156240051000054],[102.84821859000004,14.158336080000026],[102.84615586800004,14.158369188000052],[102.84188794400006,14.157043816000055],[102.83981557600003,14.16121977000006],[102.83638136100006,14.164643180000041],[102.83261146600006,14.16698784600004],[102.83012070700005,14.167531014000076],[102.82904380100007,14.164837993000049],[102.83245929700007,14.160292156000025],[102.83247556500004,14.158898064000027],[102.83114311500003,14.157525532000022],[102.82936193200004,14.157786294000061],[102.82629763600005,14.159616245000052],[102.82090432900009,14.164617891000034],[102.81687389200005,14.167073808000055],[102.81505340400008,14.170192715000042],[102.81297833100007,14.161725465000075],[102.81160066600006,14.160343043000069],[102.80970995900009,14.160345565000057],[102.80625626000005,14.158004788000028],[102.80336710500006,14.157362241000044],[102.79982102400004,14.157941673000039],[102.79694304000009,14.159667002000049],[102.79396618100009,14.160540239000056],[102.79187382100008,14.160297986000046],[102.78858403700008,14.157623877000049],[102.78516550100005,14.15398794400005],[102.78124705500005,14.152535242000056],[102.77973364200005,14.154872209000075],[102.77807544800004,14.155283859000065],[102.77539472300003,14.153591253000059],[102.77224058900003,14.14940309700006],[102.76994029100007,14.144549219000055],[102.76739319000006,14.141391086000056],[102.76250321400005,14.13847597800003],[102.75539606800004,14.137019144000021],[102.74668387100007,14.138321207000047],[102.74431682800008,14.139140140000052],[102.73630048500007,14.138966066000023],[102.72634176900004,14.138200880000056],[102.72403551800005,14.13697165900004],[102.71936248300005,14.13658410100004],[102.71667477000005,14.135084695000046],[102.71490341100008,14.134859104000043],[102.71108096700004,14.133147177000069],[102.70753565500007,14.132534925000073],[102.70317765400006,14.131222127000058],[102.69750200200008,14.13004453800005],[102.69592660800004,14.130275796000035],[102.69011137500007,14.132619328000033],[102.68850587600008,14.133909054000071],[102.68813459500007,14.135731847000045],[102.69089796400004,14.141922666000028],[102.69009066900009,14.146009426000035],[102.68653816900007,14.14887757400004],[102.68095386400006,14.152351914000064],[102.67163493600003,14.15677230700004],[102.66805984200005,14.15883229800005],[102.66735940100006,14.15871678800005],[102.66269537800008,14.154500433000067],[102.66051661900008,14.15414256400004],[102.65804800500007,14.156095982000068],[102.65554522000008,14.159978468000077],[102.65476385400007,14.163947775000054],[102.65360409200008,14.165394524000021],[102.65111383500005,14.164662986000053],[102.64607379100005,14.16192628400006],[102.64293012600007,14.157956381000076],[102.64099642800005,14.152986617000067],[102.63922907400007,14.150559874000066],[102.63570894400004,14.148589050000055],[102.63168023600008,14.149679281000033],[102.62779562700007,14.151994729000023],[102.62190132600006,14.158624916000065],[102.61651920200006,14.165868701000022],[102.61196354200007,14.170287289000044],[102.60899857900006,14.171443975000045],[102.60591184300006,14.171261521000076],[102.60123866300006,14.170218379000062],[102.59621109600005,14.168624105000049],[102.59267045200005,14.166707706000068],[102.59088666700006,14.164893376000066],[102.58879324700007,14.16012936800007],[102.58660464900004,14.157678804000057],[102.58306222200008,14.15563379300005],[102.57131144400006,14.150585485000022],[102.56852367600004,14.14908557700005],[102.56027347600008,14.143385058000035],[102.55159361200003,14.135421200000053],[102.55022445200007,14.134842006000042],[102.54649981400007,14.135153958000046],[102.53985927800005,14.137007477000054],[102.53320072900004,14.13770501700003],[102.53075803300004,14.138640138000028],[102.52720843700007,14.141775235000068],[102.52406904000009,14.143063090000055],[102.52135312300004,14.143359868000061],[102.51857750000005,14.142629845000044],[102.51614362000004,14.141295312000068],[102.51253760400004,14.137922596000067],[102.50798988600008,14.133102025000028],[102.50574687800008,14.13224542100005],[102.50220041900008,14.13237285300005],[102.50328963500004,14.129363114000057],[102.50302673700008,14.127588100000025],[102.50005291100007,14.123072465000064],[102.49748406200007,14.121250004000046],[102.49723898300005,14.117362167000067],[102.49806855200006,14.112810122000042],[102.49757765200007,14.108820939000054],[102.49833646600007,14.10539538200004],[102.50506312200008,14.099860986000067],[102.50834895500009,14.095549771000037],[102.50872354100005,14.093207575000065],[102.51046264900003,14.091913718000058],[102.51404512600004,14.092309736000061],[102.51930410600005,14.091794194000045],[102.52171238100004,14.092722274000039],[102.52792728800006,14.095912188000057],[102.53247138900008,14.097199868000075],[102.53316376500004,14.096474403000059],[102.53364034500004,14.09014527000005],[102.53452276100006,14.087485681000032],[102.53270907900009,14.083921433000057],[102.53504138600005,14.082141873000069],[102.53320535400007,14.079897414000072],[102.53315586300005,14.077216904000068],[102.53429936100008,14.075184307000029],[102.53722461400008,14.07482755500007],[102.53873181400007,14.073542427000064],[102.53546242300007,14.069427974000064],[102.53486875100003,14.06591897100003],[102.53551281300008,14.063772191000055],[102.53506355900004,14.061718685000073],[102.53552104000005,14.05773128800007],[102.53553349500004,14.051676735000058],[102.53476877400004,14.047304516000054],[102.53618210400003,14.043913288000056],[102.53804976800006,14.042627000000039],[102.54151543800003,14.041580509000028],[102.54685507000005,14.038904196000033],[102.54748385100004,14.034822752000025],[102.54575955300004,14.03084952000006],[102.54573882300008,14.029025798000077],[102.54763462800008,14.02367614700006],[102.54960903600005,14.020343382000021],[102.55230601800008,14.018265195000026],[102.55410014700004,14.017621903000077],[102.55803335400009,14.017921744000034],[102.55873616900004,14.017178226000055],[102.55805462000006,14.014550599000074],[102.55944009600006,14.011758459000077],[102.55907295400004,14.009921976000044],[102.55898779400007,14.000239933000046],[102.55871341200009,13.994911664000028],[102.56029708900007,13.991615934000038],[102.56226924000003,13.989467896000065],[102.56463920500005,13.984618252000075],[102.56833412100008,13.981975454000064],[102.57675676800005,13.979108717000031],[102.58092276900004,13.978635686000075],[102.58394264000003,13.981417548000024],[102.58730249900003,13.980880033000062],[102.58986517800008,13.979501188000029],[102.59061592600005,13.975361677000024],[102.58920122300003,13.969705605000058],[102.58966988700007,13.967548657000066],[102.58463642600009,13.96400525000007],[102.58646125600006,13.961877782000045],[102.59134373900008,13.960586030000059],[102.59025272500008,13.955232155000033],[102.58839412200007,13.952679594000074],[102.58880569300004,13.949577993000048],[102.58190256400007,13.946941933000062],[102.58167971800003,13.946299639000074],[102.58840959000008,13.946199987000057],[102.59303210700006,13.946765651000021],[102.59751961900008,13.945414253000024],[102.60025959500007,13.943369061000055],[102.60371664500008,13.93780085700007],[102.60530936800006,13.936440840000046],[102.61036283300007,13.935406413000067],[102.61714370100003,13.93491160800005],[102.62328406000006,13.933843634000027],[102.62745428400007,13.932427970000049],[102.63592567500007,13.931462895000038],[102.64088654000005,13.927758856000025],[102.64376759500004,13.927201324000066],[102.64579683100004,13.92313482000003],[102.64632357200009,13.918840211000031],[102.64724874700005,13.916702778000058],[102.64781126700007,13.907804356000042],[102.64929438000007,13.905288574000053],[102.65201480300004,13.907564097000034],[102.65704047100007,13.91062812000007],[102.65966781800006,13.91388438000007],[102.66226701600004,13.916259712000056],[102.66781930300004,13.918303779000041],[102.67143539600005,13.921007630000076],[102.67274488900006,13.924609814000064],[102.67770193200005,13.926522885000054],[102.67955810300003,13.92832190200005],[102.67930801300008,13.925872625000068],[102.67719074600006,13.920862815000078],[102.67479871900008,13.916428193000058],[102.67231690500006,13.912647544000038],[102.67063954300005,13.908621287000074],[102.67354084000004,13.905715152000028],[102.67478768000007,13.900375348000068],[102.67364927700004,13.899275674000023],[102.67608001500008,13.896976950000067],[102.67697661600005,13.897412380000048],[102.68068911400007,13.896353126000065],[102.68267736100006,13.895221054000046],[102.68529308400008,13.895591660000036],[102.68712044200004,13.896766481000043],[102.69324582600007,13.897255123000036],[102.69643479900009,13.900588284000037],[102.69949546500004,13.901428163000048],[102.70563241200006,13.900371582000048],[102.71005323100007,13.897452772000065],[102.71360411700005,13.896261954000067],[102.71951589800005,13.892857893000041],[102.72172168800006,13.890194278000024],[102.72630178500003,13.88061605300004],[102.72996284600003,13.875858992000076],[102.73182167100003,13.874327762000064],[102.73998273700005,13.869819713000027],[102.74619610000008,13.869300648000035],[102.75017400800004,13.866503747000024],[102.75461655000004,13.86133951200003],[102.75975568900009,13.86025866700004],[102.76691925000006,13.856680745000062]]]},"properties":{"Shape_Leng":1.59334697954,"Shape_Area":0.080506232254,"ADM2_EN":"Ta Phraya","ADM2_TH":"ตาพระยา","ADM2_PCODE":"TH2703","ADM1_EN":"Sa Kaeo","ADM1_TH":"สระแก้ว","ADM1_PCODE":"TH27","ADM0_EN":"Thailand","ADM0_TH":"ประเทศไทย","ADM0_PCODE":"TH"}},
{"type":"Feature","geometry":{"type":"Polygon","coordinates":[[[102.15353060600006,13.612438908000058],[102.15100579800009,13.613842410000075],[102.14919239000005,13.613194579000037],[102.14674847400005,13.613999536000051],[102.14559207300005,13.61516025000003],[102.14426453400006,13.614508948000037],[102.14340785100006,13.616708751000033],[102.14215356300008,13.61613798600007],[102.14162731900007,13.617499845000054],[102.13954776600008,13.61835717300005],[102.13873279100005,13.61762060600006],[102.13859297500005,13.619860234000043],[102.13692782300006,13.62013926700007],[102.13664700300006,13.62144365000006],[102.13514261500006,13.621280673000058],[102.13529023800004,13.622788829000058],[102.13385365000005,13.623135570000045],[102.13260564300003,13.625992107000059],[102.13515552100006,13.625416767000047],[102.13714528400004,13.62574470800007],[102.13846885400005,13.626929246000032],[102.14137045000007,13.627919229000042],[102.14340867300007,13.634878211000057],[102.14243448600007,13.63581087800003],[102.14431998300006,13.640153568000073],[102.14756398300005,13.64186856300006],[102.14874921600006,13.646002543000066],[102.15086445700007,13.64798492600005],[102.15305501700004,13.651773024000022],[102.15298528200003,13.65327056700005],[102.14759007400005,13.65374814300003],[102.14811603800007,13.65746772700004],[102.14286744200007,13.657936948000042],[102.14253880200005,13.659185573000059],[102.13976366000009,13.661487882000074],[102.13693858200008,13.660561440000038],[102.13425652200004,13.661338803000035],[102.13041340700005,13.660559197000055],[102.12782795700008,13.661804198000027],[102.12329797500007,13.660717549000026],[102.12045578800007,13.660582562000059],[102.11680681700005,13.661588018000032],[102.11273078500005,13.658492120000062],[102.11175748600004,13.656830642000045],[102.10864006500009,13.655970051000054],[102.10799798400006,13.654389381000044],[102.10465665700008,13.650521720000029],[102.10286793100005,13.649589994000053],[102.10108472000007,13.647051150000038],[102.09890067600008,13.645051866000074],[102.09573906400004,13.644577773000037],[102.09459592700006,13.641595636000034],[102.09046731100005,13.639813503000028],[102.08941513200006,13.643217245000073],[102.08861199700004,13.641485962000047],[102.08662735800004,13.644056197000054],[102.08414207600003,13.641634122000028],[102.08490982200004,13.640720353000063],[102.08465958100004,13.637935991000063],[102.08294439500008,13.633607445000052],[102.08297613100007,13.632220227000062],[102.08510182900005,13.631155859000046],[102.08662714700006,13.62765496000003],[102.08875848500008,13.627680160000068],[102.09103456700007,13.626352327000063],[102.09081149500008,13.624967705000074],[102.09392293400003,13.62125760300006],[102.09502083700005,13.618512053000075],[102.09449611400004,13.616771419000031],[102.09220088900008,13.61502697000003],[102.09112124100005,13.611080690000051],[102.08802479400003,13.611932444000047],[102.08610602300007,13.61149793100003],[102.08520336900006,13.609705431000066],[102.07923360200004,13.606440121000048],[102.08075072000008,13.60423752500003],[102.08102040000006,13.60235883100006],[102.07779027700008,13.600461622000068],[102.07966486300006,13.599597387000074],[102.08145218900006,13.600064889000066],[102.08152966600005,13.597461640000063],[102.08318762500005,13.596924134000062],[102.08401877900008,13.594803596000077],[102.08505659300005,13.59513127100007],[102.08669769000005,13.592737800000066],[102.08890978700003,13.591120638000064],[102.09059205600005,13.590811503000054],[102.09220335200007,13.589185895000071],[102.09258782900008,13.58736599100007],[102.09524681100004,13.586382396000033],[102.09724379700003,13.58129235000007],[102.09559260600008,13.578210012000056],[102.09404891100007,13.577393296000025],[102.09292033400004,13.578365101000031],[102.09112640800004,13.578187392000075],[102.09099656500007,13.576518700000065],[102.08768290800003,13.57474047200003],[102.08365946600009,13.575916065000058],[102.08253196200008,13.574580230000038],[102.07625731500008,13.569335543000022],[102.06737362000007,13.57238231100007],[102.06377788100008,13.571624578000069],[102.05850723300006,13.571722541000042],[102.05703706200006,13.569877297000062],[102.05428982600006,13.57057676900007],[102.05126568400004,13.570119601000044],[102.05057334100007,13.571184681000034],[102.04605023300007,13.571267315000057],[102.04481840000005,13.571836654000037],[102.04338723400008,13.574802782000063],[102.04214410600008,13.573751877000063],[102.04013808100007,13.574167277000072],[102.03911797700005,13.572903526000061],[102.04024690900007,13.570266307000054],[102.03849718100008,13.56824249300007],[102.03841168600007,13.56593669700004],[102.03617194300006,13.565369492000059],[102.03707395300006,13.562156721000065],[102.03555400300007,13.56027546200005],[102.03679199700008,13.558942200000047],[102.03387034300005,13.55722951100006],[102.03222408800008,13.557412356000043],[102.03245507200006,13.562665180000067],[102.02630771200006,13.56454627900007],[102.02520467400007,13.559652510000035],[102.02311465100007,13.558768136000026],[102.01806603400007,13.55803978800003],[102.01639512200006,13.557333267000047],[102.00475612100007,13.557358629000078],[101.99998200400006,13.557635646000051],[101.99896939400008,13.554024626000057],[101.99892913000008,13.54847355000004],[101.99689405200007,13.541443745000038],[101.99473650500005,13.542120729000032],[101.99362425800007,13.539641046000042],[101.99110563400006,13.539951175000056],[101.98967895400006,13.538740122000036],[101.98773663200006,13.53840808600006],[101.98813753400003,13.53430951300004],[101.98758341200005,13.531335209000076],[101.98433716800008,13.528827673000023],[101.98283894600007,13.52634714100003],[101.98315401400004,13.524133258000063],[101.98163177700008,13.52335955600006],[101.97267410600006,13.522723166000048],[101.96864294800008,13.52329611700003],[101.96723604100004,13.52173938900006],[101.96749940100005,13.52030314600006],[101.96445752000005,13.516362730000026],[101.96214878100005,13.514484544000027],[101.96253664000005,13.512935936000076],[101.96103819900009,13.510245491000035],[101.96095502200006,13.505399656000066],[101.95857017800006,13.505193597000073],[101.95601499400004,13.50596551500007],[101.95472684500004,13.504106820000061],[101.95611415200005,13.500541373000033],[101.95582338600008,13.498334899000042],[101.95691729400005,13.496920770000031],[101.95594597200005,13.494898209000041],[101.95365424000005,13.493420158000049],[101.95126457900005,13.49404988200007],[101.94705787400005,13.494233963000056],[101.94376631500006,13.492517716000066],[101.93827206500004,13.48456288500006],[101.93881883200004,13.482784740000056],[101.93853060000004,13.47952551700007],[101.93717280700008,13.47798655500003],[101.93585091400007,13.47121340600006],[101.93792871400007,13.470662220000065],[101.93898843900007,13.468389139000067],[101.94092717400008,13.467101378000052],[101.94146748700007,13.464505415000076],[101.94307030200008,13.463557498000057],[101.94349275600007,13.460638216000063],[101.94180656700007,13.459333021000077],[101.94134307000007,13.456901935000076],[101.93926500300006,13.454102652000074],[101.93807532700004,13.45084218900007],[101.93812808500007,13.447675219000075],[101.93757422800007,13.446254719000024],[101.93851585600004,13.443431395000061],[101.94077840800009,13.439863113000058],[101.94822177800006,13.432730892000052],[101.95198809600004,13.432540079000034],[101.95393433200007,13.436595036000028],[101.95630860100005,13.437980613000036],[101.95633564200006,13.438912420000065],[101.95983504600008,13.439749913000071],[101.96114146300005,13.437442456000042],[101.96591800600004,13.434946098000069],[101.97308666900005,13.433944698000062],[101.97783564100007,13.431343132000052],[101.97920659900007,13.431257078000044],[101.98039416000006,13.43270756100003],[101.98128583800008,13.430920211000057],[101.98387300600007,13.430107941000074],[101.98397912100006,13.429369380000026],[101.98735980900005,13.42919583400004],[101.98691574100008,13.43147646400007],[101.99070671300007,13.433975751000048],[101.99421222000007,13.433616799000049],[101.99491927600008,13.434372883000037],[102.00281612200007,13.43451521000003],[102.00699220800004,13.434930922000035],[102.00875204100004,13.436439245000031],[102.01294691100009,13.436407193000036],[102.01322064100003,13.43558504200007],[102.02223237800007,13.436017368000023],[102.02446577200004,13.437177166000026],[102.02939466300006,13.438574158000051],[102.02913486700004,13.439693142000067],[102.03190943700008,13.440056737000077],[102.03329208100007,13.439285002000076],[102.03553013100009,13.439494124000078],[102.03771257500006,13.442492710000067],[102.04286511500004,13.441060582000034],[102.04401794700004,13.439719430000025],[102.04713394900006,13.439667691000068],[102.04944657900006,13.438921318000041],[102.05059568600007,13.437152228000059],[102.05218397300007,13.437115437000045],[102.05314552300007,13.435889667000026],[102.05512236900006,13.435278935000042],[102.05903256200008,13.437151569000036],[102.06217451200007,13.435971426000037],[102.06629581500005,13.438922739000077],[102.06798928500007,13.440818930000034],[102.06745163900007,13.442108826000037],[102.06783609800004,13.444771433000028],[102.07494747500004,13.445302712000057],[102.07414019200007,13.450539559000049],[102.07498667000004,13.450049911000065],[102.07621569500009,13.452914231000022],[102.07742234200003,13.452421241000025],[102.07733119600005,13.447693676000029],[102.08204079500007,13.447701207000023],[102.08519166400004,13.447103721000076],[102.08937162500007,13.444341413000075],[102.09392077300004,13.442430606000073],[102.09649067900006,13.442343744000027],[102.10049692600006,13.447046771000032],[102.10350858800007,13.450099065000074],[102.10523927200006,13.449581098000067],[102.10828165600009,13.450575578000041],[102.11251864200005,13.44954668400004],[102.11559050200003,13.449307993000048],[102.11695698900007,13.450352243000054],[102.12291386700008,13.449872578000054],[102.13178099900006,13.45004764500004],[102.13487115700008,13.45156967500003],[102.13598359100007,13.448840451000024],[102.14058320500004,13.451186274000065],[102.14297145500007,13.44918569300006],[102.14401176700005,13.44931536300004],[102.14417138000005,13.451422317000038],[102.14783037900008,13.451849147000075],[102.14842260200004,13.453941752000048],[102.15536859200006,13.461857876000067],[102.15764274400004,13.465400647000024],[102.16324500000007,13.471556476000046],[102.16410937000006,13.46791599900007],[102.16775755100008,13.465769426000065],[102.16900459600004,13.466668232000075],[102.17095043900008,13.466083513000058],[102.17300769600007,13.467083521000063],[102.17402050300007,13.466604885000038],[102.18260000100008,13.467478098000072],[102.18493554000008,13.466908917000069],[102.18571223600009,13.465406107000035],[102.18910199700008,13.464713774000074],[102.19139245700006,13.466033596000045],[102.19335122000007,13.465622691000021],[102.20054849100006,13.468050171000073],[102.19982510000006,13.469513462000066],[102.20225166100005,13.470696536000048],[102.21863834900006,13.480772759000047],[102.21746214800004,13.481403070000056],[102.21676690800007,13.483327876000033],[102.21531578700007,13.482823551000024],[102.21243162500008,13.483689432000062],[102.21255773500008,13.484918649000065],[102.20993405700005,13.486247018000029],[102.20767482100007,13.488308291000067],[102.20620343800005,13.492453122000029],[102.20792224600007,13.493423842000027],[102.20792748900004,13.496197548000055],[102.20706360600008,13.496388564000029],[102.20477482300004,13.502633324000044],[102.20454033300007,13.50487560700003],[102.20324698600007,13.50545571300006],[102.20401030700003,13.506638621000036],[102.20084543500008,13.509393386000056],[102.20022397800005,13.51161761700007],[102.19725295000006,13.512082274000022],[102.19703506700006,13.51389996100005],[102.19433834500006,13.513430629000027],[102.19334631800007,13.51531850200007],[102.19381697200004,13.516618872000038],[102.19172263900003,13.520543848000045],[102.19338279500005,13.521322841000028],[102.19355825500008,13.524171178000074],[102.19033756500005,13.525104600000077],[102.19069792500005,13.52593220600005],[102.18529475300005,13.527934854000023],[102.18394533200006,13.526929100000075],[102.18345112700007,13.527939063000076],[102.18637757300007,13.53527686800004],[102.18599632000007,13.535829806000038],[102.18749856600004,13.539530726000066],[102.19143281600009,13.540244388000076],[102.19311261000007,13.541500627000062],[102.19594054100008,13.542437254000049],[102.19733001300006,13.543692233000058],[102.19697343800004,13.54723305500005],[102.19421389900003,13.552301217000036],[102.19458942100005,13.553382905000035],[102.19385694900006,13.556724454000062],[102.19296937300004,13.556880716000023],[102.19236220800008,13.559371303000034],[102.18954611000004,13.559950549000064],[102.18789125000006,13.561858335000068],[102.18793235000004,13.563265128000069],[102.18593881500004,13.566535859000055],[102.18415544000004,13.566193075000058],[102.18243012000005,13.567088721000061],[102.18096599200004,13.571543724000037],[102.18178499900006,13.572717355000066],[102.17932943500006,13.574621132000061],[102.18159070700005,13.579524475000028],[102.18157599600005,13.581633280000062],[102.18009652100005,13.58175503900003],[102.18079781300008,13.583152194000036],[102.17788794900008,13.584197290000077],[102.17665463900005,13.585669884000026],[102.17740529200006,13.587336309000023],[102.17623490600005,13.589145579000046],[102.17425018300008,13.589534933000039],[102.17381822400006,13.590922755000065],[102.17120393400006,13.591888351000023],[102.17029867900004,13.594424555000046],[102.16776791500007,13.593491567000058],[102.16573616100004,13.593679620000046],[102.16653731700006,13.594672928000023],[102.16415024300005,13.596027166000056],[102.16333243600008,13.594684959000062],[102.16134002800004,13.59875170500004],[102.15912275800008,13.600259966000067],[102.15947882100005,13.605341313000054],[102.15822154600005,13.606465267000033],[102.15773583300006,13.605342905000043],[102.15536295400005,13.60645220500004],[102.15560268100006,13.60991965900007],[102.15353060600006,13.612438908000058]]]},"properties":{"Shape_Leng":1.24370572416,"Shape_Area":0.0345228562628,"ADM2_EN":"Wang Nam Yen","ADM2_TH":"วังน้ำเย็น","ADM2_PCODE":"TH2704","ADM1_EN":"Sa Kaeo","ADM1_TH":"สระแก้ว","ADM1_PCODE":"TH27","ADM0_EN":"Thailand","ADM0_TH":"ประเทศไทย","ADM0_PCODE":"TH"}},
{"type":"Feature","geometry":{"type":"Polygon","coordinates":[[[102.15383838700006,13.68498233400004],[102.15219604100008,13.683542557000067],[102.14881589500004,13.68171678400006],[102.14482683700004,13.681204988000047],[102.14387773200008,13.678823406000049],[102.14107512900006,13.678593109000076],[102.13540665600004,13.675935855000034],[102.13621748300005,13.673598580000032],[102.14180815300006,13.67317437500003],[102.14815420600007,13.670210874000077],[102.14949571700004,13.67073102300003],[102.15326409300008,13.665110886000036],[102.15735747700006,13.663532934000045],[102.15763900100006,13.658893180000064],[102.15680336100007,13.652835702000061],[102.15305501700004,13.651773024000022],[102.15086445700007,13.64798492600005],[102.14874921600006,13.646002543000066],[102.14756398300005,13.64186856300006],[102.14431998300006,13.640153568000073],[102.14243448600007,13.63581087800003],[102.14340867300007,13.634878211000057],[102.14137045000007,13.627919229000042],[102.13846885400005,13.626929246000032],[102.13714528400004,13.62574470800007],[102.13515552100006,13.625416767000047],[102.13260564300003,13.625992107000059],[102.13385365000005,13.623135570000045],[102.13529023800004,13.622788829000058],[102.13514261500006,13.621280673000058],[102.13664700300006,13.62144365000006],[102.13692782300006,13.62013926700007],[102.13859297500005,13.619860234000043],[102.13873279100005,13.61762060600006],[102.13954776600008,13.61835717300005],[102.14162731900007,13.617499845000054],[102.14215356300008,13.61613798600007],[102.14340785100006,13.616708751000033],[102.14426453400006,13.614508948000037],[102.14559207300005,13.61516025000003],[102.14674847400005,13.613999536000051],[102.14919239000005,13.613194579000037],[102.15100579800009,13.613842410000075],[102.15353060600006,13.612438908000058],[102.15542774200009,13.612563184000066],[102.15622775600008,13.611052212000061],[102.15867571400008,13.61017703300007],[102.15894711900006,13.608875344000069],[102.16193229100008,13.609620429000074],[102.16543226900006,13.607066905000067],[102.16716144100008,13.606603578000033],[102.16749475500006,13.605309333000037],[102.16950979500007,13.604682799000045],[102.17237325600007,13.604697220000048],[102.17427364400004,13.603542538000056],[102.17495360400005,13.606305646000067],[102.17624848000008,13.607006080000076],[102.17632586000008,13.608721115000037],[102.17842523700006,13.609680117000039],[102.17892951400006,13.613600657000063],[102.18247747000004,13.615740771000048],[102.18487605500007,13.614486182000064],[102.18626789100006,13.61578718100003],[102.19358432600006,13.614180969000074],[102.19430549700007,13.615605865000077],[102.19718986000004,13.617943676000039],[102.20067884300005,13.61955670900005],[102.20189833900008,13.619186600000035],[102.20359509200006,13.62100801400004],[102.20912212500008,13.623011957000074],[102.21169847800007,13.626170211000044],[102.21430303100004,13.626766179000072],[102.21623699300005,13.628801086000067],[102.22259303400006,13.629063118000033],[102.22593275600008,13.62489329300007],[102.22801391100006,13.62554516800003],[102.23094552200007,13.624742038000022],[102.23575423400007,13.62427873100006],[102.23972299300004,13.62330634400007],[102.24450455600004,13.623878142000024],[102.24708570000007,13.622752106000064],[102.25288665400006,13.621815183000024],[102.25411134600006,13.620997721000037],[102.25465635200004,13.618761814000038],[102.25788434200007,13.617613420000055],[102.25820238000006,13.616360748000034],[102.26110661300004,13.617980977000059],[102.26173118800006,13.619603493000056],[102.26315142800007,13.620233899000027],[102.26588705400007,13.623820146000071],[102.27127487800004,13.624233272000026],[102.27306105700006,13.626841611000032],[102.27605697100006,13.62890425200004],[102.27655161400008,13.630665306000026],[102.27926870600004,13.629871109000021],[102.27948421900004,13.63144068500003],[102.28263124600005,13.631435342000032],[102.28299327200006,13.634734294000054],[102.28611528600004,13.634154910000063],[102.28607657700007,13.638498132000052],[102.28689278900004,13.639181524000037],[102.28917381400004,13.637774055000023],[102.29093054600008,13.639264625000067],[102.29372749300006,13.640526696000052],[102.29383813300007,13.643363348000037],[102.29865527400005,13.642499215000043],[102.29897146100006,13.643507028000045],[102.30048302700004,13.642411480000021],[102.30394484700008,13.643101417000025],[102.30432147400006,13.643943926000077],[102.30729761600008,13.643943300000046],[102.31104466100004,13.64471334700005],[102.31314891600005,13.644327511000029],[102.31806656100008,13.641396181000061],[102.32084487400004,13.63906922700005],[102.32681805900006,13.638729498000032],[102.32889096000008,13.641117654000027],[102.33526487200004,13.642002310000066],[102.33648188000006,13.644216793000055],[102.33947337800004,13.644318018000035],[102.34004110800004,13.645443734000025],[102.33826003900003,13.646818662000044],[102.33961283900004,13.646863827000061],[102.34069302200004,13.649433682000051],[102.34246540900006,13.650642230000074],[102.34373892200006,13.653375223000069],[102.34264964500005,13.654338016000054],[102.34537303700006,13.655988872000023],[102.34501318600007,13.661296519000075],[102.34719566500007,13.661023026000066],[102.34944301700006,13.661681343000055],[102.34947419700006,13.663181609000048],[102.35133219600004,13.664714468000057],[102.35422517100005,13.664935810000031],[102.35393423500005,13.665971519000038],[102.35761223200006,13.665764111000044],[102.35895825300008,13.663812292000046],[102.36030195900008,13.663748816000066],[102.35961445300006,13.662103244000036],[102.36125229000004,13.660726686000032],[102.36433466500006,13.661313695000047],[102.36628053800007,13.660665426000037],[102.37005094300008,13.662971257000038],[102.37200218800007,13.66314896700004],[102.37698718300004,13.66617799200003],[102.37873405100004,13.669300981000049],[102.38018438200004,13.668721804000029],[102.38131208700008,13.670183525000027],[102.38404942800008,13.670303846000024],[102.38419713100006,13.672087937000072],[102.38543790800009,13.671901639000055],[102.38373926300005,13.67430087100007],[102.38605542800008,13.676686514000039],[102.38803744700004,13.676554924000072],[102.39065966400005,13.679255904000058],[102.39129913400006,13.681139724000047],[102.38841258000008,13.681686575000072],[102.38679356700004,13.685801526000034],[102.38990204400005,13.68684058100007],[102.39169840400007,13.688067318000037],[102.39168324600007,13.689099705000046],[102.39456015500008,13.69051074400005],[102.39623168100007,13.694806441000026],[102.40209065700009,13.699668516000031],[102.40572241700005,13.69977756700007],[102.40687888300005,13.701274719000025],[102.40947379700003,13.702448137000033],[102.41212487400009,13.702062272000035],[102.41298084000005,13.703733753000051],[102.41457802900004,13.703775990000054],[102.41464933600008,13.705051035000054],[102.42151777300006,13.70662453500006],[102.42390067000008,13.70608598800004],[102.42741515900008,13.709391132000064],[102.43065235600005,13.709677765000038],[102.43132249200005,13.712894856000048],[102.43272266800005,13.713826721000032],[102.43280823300006,13.715497387000028],[102.43774043500008,13.717662655000026],[102.43756825100007,13.72144645000003],[102.44090414100003,13.721645077000062],[102.44202695900003,13.720090559000027],[102.44867551400006,13.722010972000021],[102.44944344800007,13.72104212000005],[102.45244004600005,13.722832202000063],[102.45336705900007,13.725412013000039],[102.45599323200008,13.726774705000025],[102.45744432700008,13.726385354000058],[102.46054377200005,13.72823293700003],[102.46009498700005,13.73001688200003],[102.45781926300003,13.730160140000066],[102.45805771800008,13.73193128500003],[102.45951096100003,13.731659600000057],[102.46003321900008,13.733182885000076],[102.45880078300007,13.73546260300003],[102.45583652800008,13.735241476000056],[102.45365153200004,13.737963904000026],[102.45124310800009,13.737857845000065],[102.45103699100008,13.739614282000048],[102.44951678500007,13.738506784000037],[102.44805705500005,13.740174898000078],[102.44906266100008,13.74093173600005],[102.44776354300006,13.743256675000055],[102.44579273800008,13.743358797000042],[102.44607183800008,13.742000955000037],[102.44316892600006,13.742617110000026],[102.44378716200004,13.745149899000069],[102.44008826100008,13.744549999000071],[102.43903811900009,13.74699742000007],[102.43677371200005,13.745901587000048],[102.43549557700004,13.748868565000066],[102.43402112300004,13.750018692000026],[102.43114340200003,13.748011733000055],[102.43006059300006,13.747995378000041],[102.42925923500007,13.749824408000052],[102.42732620900006,13.748559940000064],[102.42616531100003,13.752552670000057],[102.42513681700007,13.753956746000028],[102.42307290700006,13.754068759000063],[102.42245494400004,13.755819268000039],[102.42104585300007,13.756162864000032],[102.42034953800004,13.75817623100005],[102.42083045800007,13.760096174000068],[102.41946057200005,13.760542332000057],[102.42066653500007,13.762239289000036],[102.41895937600003,13.764062944000045],[102.41644914500006,13.764430917000027],[102.41688231500007,13.765182043000038],[102.41397118400005,13.767783576000056],[102.41369861700008,13.77064120500006],[102.41220111300004,13.774389162000034],[102.41064101900008,13.776423000000023],[102.41102859200004,13.778894544000025],[102.41015268100006,13.779358925000054],[102.40933579000006,13.783375786000022],[102.40787206500005,13.784487744000046],[102.40645500100004,13.787569881000024],[102.40631812400005,13.78966617900005],[102.40530670800007,13.791544568000063],[102.40492593400006,13.79508977100005],[102.40278625600007,13.795670278000046],[102.40225417400006,13.797312817000034],[102.39982391600006,13.797514026000044],[102.39945172300008,13.799117890000048],[102.39629688600007,13.800588941000058],[102.39467744700005,13.80227334500006],[102.39634907400006,13.802909014000022],[102.39538153000007,13.804407825000055],[102.39771748300006,13.810019741000076],[102.39920128000006,13.810597291000022],[102.40028827000003,13.812449182000023],[102.40035388700005,13.815219425000066],[102.40172983900004,13.817226610000034],[102.40275921900007,13.821207342000037],[102.40393224600007,13.82167088500006],[102.40576847500006,13.824976246000062],[102.40541952000007,13.826552083000024],[102.40886380600006,13.826790535000043],[102.41188691200006,13.833653129000027],[102.41555641600007,13.833196569000052],[102.41674792100008,13.834317561000034],[102.41803203700005,13.83766031600004],[102.42213466900006,13.839911150000034],[102.42441250200005,13.842315351000025],[102.42486761000004,13.846175131000052],[102.42603238300006,13.850121986000033],[102.42878605600004,13.851273818000038],[102.43047832100007,13.853660120000029],[102.43203979000003,13.853945459000045],[102.43322224600007,13.857782557000064],[102.43443449700004,13.85997767400005],[102.43760595500004,13.862616338000066],[102.44016714300005,13.862249660000032],[102.44161678600005,13.866928556000062],[102.44400340100003,13.86812389000005],[102.44691849500003,13.867393425000046],[102.45427451900008,13.864505364000024],[102.45806168000007,13.863375645000076],[102.46321941500008,13.863061100000039],[102.46428217800008,13.87088092700003],[102.46679543200008,13.87297690400004],[102.46929336600004,13.873412150000036],[102.47112616700008,13.875052931000027],[102.47485463200007,13.874577573000067],[102.48002498000005,13.87033211000005],[102.48496732300003,13.871285511000053],[102.48559290400004,13.867909998000073],[102.49367144000007,13.866149697000026],[102.49588734100007,13.866208765000067],[102.50235396300008,13.864074944000038],[102.50174566900006,13.861095077000073],[102.50393574500004,13.860459159000072],[102.50804530300007,13.858305873000063],[102.51128904300003,13.857525897000073],[102.51406272400004,13.856003095000062],[102.51831884200004,13.855151515000045],[102.52038264200007,13.854006668000068],[102.52456214500006,13.853085830000055],[102.52876097700005,13.853490329000067],[102.53561054700003,13.853028958000039],[102.53517882000006,13.85867795200005],[102.53429236400007,13.86129962900003],[102.53588834200008,13.863294666000058],[102.54167291300007,13.862214163000033],[102.54498639200006,13.867935627000065],[102.54359774000005,13.868920083000035],[102.54071425700005,13.872737204000032],[102.53864800200006,13.87421499100003],[102.53905614200005,13.877708037000048],[102.53959526700004,13.889329865000036],[102.53421107300005,13.891822817000048],[102.53705980200004,13.898031401000026],[102.53894571900008,13.897738147000041],[102.54016011800007,13.899789999000063],[102.54461466200007,13.903650765000066],[102.54539798700006,13.90546540500003],[102.54361206300007,13.90957975300006],[102.54491419500005,13.91067352600004],[102.54422028100004,13.912658847000046],[102.54255833200006,13.913344427000027],[102.53661899200006,13.917317169000057],[102.53655148900003,13.91999959800006],[102.53845963500004,13.924554126000032],[102.53799177600007,13.92642748000003],[102.53521170400006,13.928086604000043],[102.53546755100007,13.928672199000061],[102.53185151200006,13.93043792800006],[102.52984614900004,13.929979659000026],[102.53279106000008,13.939703628000075],[102.53955789200006,13.939773647000038],[102.54309610700005,13.939219170000058],[102.54502049800004,13.938363620000075],[102.54741444700005,13.941381769000031],[102.56670753000009,13.937537422000048],[102.57098407900008,13.937292354000022],[102.57368444100007,13.936680609000064],[102.57523847000004,13.937656176000075],[102.57476646000003,13.939884409000058],[102.57884478700004,13.941115288000049],[102.58023875400005,13.942174668000064],[102.58249693000005,13.94242007500003],[102.58253823300004,13.943623970000033],[102.58421028000004,13.944361264000065],[102.58167971800003,13.946299639000074],[102.58190256400007,13.946941933000062],[102.58880569300004,13.949577993000048],[102.58839412200007,13.952679594000074],[102.59025272500008,13.955232155000033],[102.59134373900008,13.960586030000059],[102.58646125600006,13.961877782000045],[102.58463642600009,13.96400525000007],[102.58966988700007,13.967548657000066],[102.58920122300003,13.969705605000058],[102.59061592600005,13.975361677000024],[102.58986517800008,13.979501188000029],[102.58730249900003,13.980880033000062],[102.58394264000003,13.981417548000024],[102.58092276900004,13.978635686000075],[102.57675676800005,13.979108717000031],[102.56833412100008,13.981975454000064],[102.56463920500005,13.984618252000075],[102.56226924000003,13.989467896000065],[102.56029708900007,13.991615934000038],[102.55871341200009,13.994911664000028],[102.55898779400007,14.000239933000046],[102.55907295400004,14.009921976000044],[102.55944009600006,14.011758459000077],[102.55805462000006,14.014550599000074],[102.55873616900004,14.017178226000055],[102.55803335400009,14.017921744000034],[102.55410014700004,14.017621903000077],[102.55230601800008,14.018265195000026],[102.54960903600005,14.020343382000021],[102.54763462800008,14.02367614700006],[102.54573882300008,14.029025798000077],[102.54575955300004,14.03084952000006],[102.54748385100004,14.034822752000025],[102.54685507000005,14.038904196000033],[102.54151543800003,14.041580509000028],[102.53804976800006,14.042627000000039],[102.53618210400003,14.043913288000056],[102.53476877400004,14.047304516000054],[102.53553349500004,14.051676735000058],[102.53552104000005,14.05773128800007],[102.53506355900004,14.061718685000073],[102.53551281300008,14.063772191000055],[102.53486875100003,14.06591897100003],[102.53546242300007,14.069427974000064],[102.53873181400007,14.073542427000064],[102.53722461400008,14.07482755500007],[102.53429936100008,14.075184307000029],[102.53315586300005,14.077216904000068],[102.53320535400007,14.079897414000072],[102.53504138600005,14.082141873000069],[102.53270907900009,14.083921433000057],[102.53452276100006,14.087485681000032],[102.53364034500004,14.09014527000005],[102.53316376500004,14.096474403000059],[102.53247138900008,14.097199868000075],[102.52792728800006,14.095912188000057],[102.52171238100004,14.092722274000039],[102.51930410600005,14.091794194000045],[102.51404512600004,14.092309736000061],[102.51046264900003,14.091913718000058],[102.50872354100005,14.093207575000065],[102.50834895500009,14.095549771000037],[102.50506312200008,14.099860986000067],[102.49833646600007,14.10539538200004],[102.49757765200007,14.108820939000054],[102.49806855200006,14.112810122000042],[102.49723898300005,14.117362167000067],[102.49748406200007,14.121250004000046],[102.50005291100007,14.123072465000064],[102.50302673700008,14.127588100000025],[102.50328963500004,14.129363114000057],[102.50220041900008,14.13237285300005],[102.49950262300007,14.136007480000046],[102.49811781000005,14.136746722000055],[102.49243846700006,14.135618347000047],[102.49129419200005,14.136075752000067],[102.48909253200009,14.139875309000047],[102.48783626200009,14.140909276000059],[102.48420868300008,14.142249722000031],[102.48229795500004,14.14225803100004],[102.48045423800005,14.138119884000048],[102.47735010800005,14.135748239000065],[102.47650495700003,14.132444553000028],[102.47539468500008,14.131374693000055],[102.47255581300004,14.131327334000048],[102.46906424800005,14.132392030000062],[102.46659787300007,14.134328641000025],[102.46447093500007,14.134738481000056],[102.46008700500005,14.136654461000035],[102.45699825800006,14.135997901000053],[102.45579709700007,14.136551717000032],[102.45457359300008,14.142303688000027],[102.45247943500004,14.143820661000063],[102.44936657600005,14.14203178300005],[102.44657160100007,14.141984992000062],[102.44397691800003,14.143405380000047],[102.43742791100004,14.143633633000036],[102.43277319000003,14.147573093000062],[102.43270192200004,14.151454848000071],[102.43452948800007,14.154589859000055],[102.43286496300004,14.15462371700005],[102.43019106200006,14.153147581000042],[102.42760096300003,14.153144489000056],[102.42587988700006,14.15690088100007],[102.42358255000005,14.158113989000071],[102.41938509200008,14.157069457000034],[102.41893903000005,14.15497655300004],[102.41721813800007,14.154874622000023],[102.40997031500007,14.156689248000077],[102.40637762500006,14.154480841000066],[102.40219350500007,14.147365536000052],[102.40052010300008,14.14575945200005],[102.39693924400007,14.14613466000003],[102.39299894300007,14.144798321000053],[102.38950178300007,14.144413169000075],[102.38479503900004,14.145948458000078],[102.37934443800003,14.149588807000043],[102.37570554400008,14.151673862000052],[102.37371395800005,14.153727016000062],[102.36677101000004,14.163107227000069],[102.36405317300006,14.16603464900004],[102.36194435300007,14.166427498000076],[102.35926664400006,14.165854786000068],[102.35865370900007,14.163373196000066],[102.36018126700009,14.158161378000045],[102.36117320100004,14.153439623000054],[102.36095266000007,14.148287624000034],[102.35986912400006,14.144612207000023],[102.35695837100008,14.141475881000076],[102.35684341400008,14.138562025000056],[102.35800022100005,14.134243451000032],[102.35662001900005,14.131837763000021],[102.35318990000007,14.13054715000004],[102.35099245000004,14.127674757000023],[102.34838100400003,14.125112328000057],[102.34474389600007,14.124884851000047],[102.34041458700005,14.126048929000035],[102.33845687000007,14.125554630000067],[102.33557721400007,14.121135459000072],[102.33289866700005,14.121054911000044],[102.33050757100006,14.123324356000069],[102.32846359000007,14.12798792500007],[102.32595634700004,14.128397520000021],[102.32513796400008,14.12598913000005],[102.32564195600008,14.119650582000077],[102.32467236400004,14.114748790000021],[102.32183696500005,14.112291587000072],[102.32156328900004,14.110575466000057],[102.32322133800005,14.109109197000066],[102.32446520000008,14.10386486300007],[102.32530756600005,14.102052161000074],[102.32386695600007,14.094201441000052],[102.32238019900007,14.092315451000047],[102.31860253200006,14.09052577500006],[102.31651664600008,14.08900051300003],[102.31247595500008,14.088387036000029],[102.31135810000006,14.086517460000039],[102.31154690300008,14.083766594000053],[102.31021889900006,14.083166113000061],[102.30796802300006,14.069664232000036],[102.30590300800009,14.06700900100003],[102.30635779000005,14.064808451000033],[102.30846742700004,14.063909004000038],[102.30888681700009,14.061298846000057],[102.31152061500006,14.059953328000063],[102.31029285400007,14.058114003000071],[102.31141970700008,14.057551770000032],[102.30952692800008,14.053541636000034],[102.31119736900007,14.052856835000057],[102.31029365300009,14.048437446000037],[102.30874958300006,14.04524770300003],[102.31101033300007,14.038212925000039],[102.31002661700006,14.035909779000065],[102.31079635800006,14.031014191000054],[102.31115552400007,14.02581576600005],[102.30916308100007,14.024332192000031],[102.30400103500006,14.022775004000039],[102.30209353000004,14.020786576000035],[102.29807569100007,14.019366496000032],[102.29634855100005,14.016458245000024],[102.29625163700007,14.014831800000024],[102.29420709400006,14.014203123000073],[102.29309513200008,14.011799077000035],[102.29155593000007,14.010435052000048],[102.28810430900006,14.010598859000027],[102.28628068500007,14.009310602000028],[102.28561842500005,14.00775565300006],[102.28398704600005,14.00702953900003],[102.28402112000003,14.005798798000058],[102.28032959000006,14.004762423000045],[102.27834036000007,14.003220920000047],[102.27613982400004,14.002883764000046],[102.27603514500004,13.998100702000045],[102.27641091700008,13.99654156300005],[102.27530084200004,13.993859273000055],[102.27417011100005,13.993097520000049],[102.27192461900006,13.989369315000033],[102.27143931100005,13.986313778000067],[102.27031955200005,13.98423953300005],[102.26382021200004,13.98116310100005],[102.26205616500005,13.978618708000056],[102.26207457600003,13.97754608300005],[102.26521534500006,13.97446207400003],[102.26471025000006,13.970311331000062],[102.26233266900005,13.970118820000039],[102.26375967200005,13.968272083000045],[102.26090981400006,13.96519918100006],[102.25624512800005,13.96346486400006],[102.25508353000004,13.961487441000031],[102.25310397300007,13.96077364000007],[102.25209690900004,13.958642965000024],[102.24942002200004,13.958991726000022],[102.24807652900006,13.956562742000074],[102.25002014300009,13.956157055000062],[102.24831608100004,13.953749600000037],[102.24445444900005,13.951314936000074],[102.24429583200003,13.949395345000028],[102.24301798900007,13.947134193000068],[102.24093257600003,13.945657965000066],[102.23905769100008,13.94641914400006],[102.23707799800007,13.94570720400003],[102.23721877200006,13.944806695000068],[102.23250794100005,13.944941087000075],[102.22922645200003,13.941629548000037],[102.22683165600006,13.942257389000076],[102.22599580400004,13.941393632000029],[102.22128611200009,13.943065339000043],[102.21966303100004,13.941650355000036],[102.21604323900004,13.94177925400004],[102.21559749300008,13.940336057000025],[102.21169299100006,13.939788007000061],[102.20730094100009,13.937036383000077],[102.20749766600005,13.935958192000044],[102.20467228300004,13.93114564800004],[102.20250674000005,13.930835395000031],[102.20349945500004,13.929788836000057],[102.20201620800003,13.927802599000074],[102.19677991900005,13.925614941000049],[102.19679500900008,13.92335378000007],[102.19537605800008,13.922300498000027],[102.19629946700007,13.920999572000028],[102.19772995700004,13.921080336000045],[102.19955709800007,13.919000013000073],[102.20553190600003,13.916343701000073],[102.20764576900007,13.909940518000042],[102.20718178300007,13.909109200000046],[102.20802862300008,13.905618210000057],[102.20650175800006,13.904964179000046],[102.20481763500004,13.903009901000075],[102.20314848500004,13.898049513000046],[102.19959564400006,13.893132794000053],[102.19692413200005,13.892879660000062],[102.19565404400004,13.891920519000053],[102.19565106600004,13.887794791000033],[102.18946106800007,13.873476786000026],[102.18860751400007,13.872128084000053],[102.18879036800007,13.870162316000062],[102.18717008500005,13.867676127000038],[102.18286112100009,13.866201473000046],[102.18098111800003,13.866125355000065],[102.17967924100009,13.864611065000076],[102.17779472200004,13.86546265800007],[102.17442004800006,13.864476830000058],[102.17101857500006,13.860653753000065],[102.16966784300007,13.861263645000065],[102.16725238900005,13.858607998000025],[102.16169421500007,13.856346150000036],[102.16136494300008,13.854669379000029],[102.15883415500008,13.855859758000065],[102.16040014300006,13.852244314000075],[102.16162385800004,13.85070246600003],[102.16602989300009,13.847580641000036],[102.16503167900004,13.844598113000075],[102.16522537100008,13.841781985000068],[102.16382800700006,13.84176960600007],[102.16200248600006,13.840331460000073],[102.16434231700003,13.83860807900004],[102.16624880900008,13.834795408000048],[102.16940190500009,13.832868060000067],[102.16925918400005,13.830650063000064],[102.17119018600005,13.830901814000072],[102.17209505700004,13.828914270000041],[102.17426153700006,13.828567818000067],[102.17724309800008,13.824279787000023],[102.17791945000005,13.82485106200005],[102.17927490100004,13.822782849000077],[102.17875077600007,13.81749594300004],[102.17989208800009,13.817047734000028],[102.18072995300008,13.814240160000054],[102.17999877100004,13.812390913000058],[102.17837948100004,13.81110949500004],[102.17818441100007,13.809578896000062],[102.17919906700007,13.806790600000056],[102.18056507700004,13.806320078000056],[102.18062895400004,13.803710136000063],[102.18140433800005,13.801502824000067],[102.18011714400006,13.800624643000049],[102.18049228900009,13.797640052000077],[102.17938464300005,13.79560557700006],[102.18036036800004,13.793834220000065],[102.17918420600006,13.791662472000041],[102.18094218500005,13.791576461000034],[102.18121212500006,13.790006061000042],[102.18317815400007,13.790078348000065],[102.18349012000004,13.789004787000067],[102.18678075500009,13.78920621900005],[102.18767012500007,13.788672573000042],[102.18722838100007,13.785603158000072],[102.19139469200007,13.783771170000023],[102.19084403000005,13.782559304000074],[102.19190708600007,13.780436377000058],[102.19074131700006,13.779156595000075],[102.19349940500007,13.776943557000038],[102.19582181800007,13.773912117000066],[102.19737919200008,13.774611521000054],[102.19725707700007,13.772401005000063],[102.20022308700004,13.770294181000054],[102.20380922100009,13.770799995000061],[102.20579123000005,13.768227334000073],[102.20749688800004,13.767502223000065],[102.21015945100004,13.770346069000027],[102.21160738600008,13.770261747000063],[102.21284104200004,13.768701683000074],[102.21795505500006,13.767486375000033],[102.21895211500004,13.76593101900005],[102.22062721300006,13.767286223000042],[102.21987638700006,13.768175968000037],[102.22367537900004,13.767979024000056],[102.22571563000008,13.766676572000051],[102.22550660600007,13.76327119800004],[102.22724579300007,13.761639040000034],[102.22560912600005,13.760205530000064],[102.22786776200007,13.757996094000077],[102.23059367300004,13.75796243600007],[102.22943133900009,13.756758239000021],[102.22981031400008,13.755288102000065],[102.23125811800008,13.754823198000054],[102.23339511400007,13.752555406000056],[102.23345478800007,13.749299288000032],[102.23004236000008,13.746354647000032],[102.23128597100003,13.745536937000054],[102.23104128800009,13.743385508000074],[102.23258546500006,13.741959286000053],[102.23252934100009,13.739332556000022],[102.23133574300005,13.73647541300005],[102.22879420100008,13.734690821000072],[102.22866391700006,13.731569185000069],[102.22933637300008,13.729892585000073],[102.22776653000005,13.725923751000039],[102.22615673100006,13.726171597000075],[102.22516802000007,13.724077087000069],[102.22387853000004,13.724519610000073],[102.22287752500006,13.722306617000072],[102.22027587700006,13.722054467000078],[102.21979266200003,13.720644177000054],[102.21695594600004,13.72121151600004],[102.21574349600007,13.718404583000051],[102.21239056700006,13.715395210000054],[102.21092915500009,13.715267675000064],[102.20864470200007,13.710351011000057],[102.20436276300006,13.710202481000067],[102.20429670800007,13.70927957200007],[102.20055908300009,13.709299680000072],[102.19751301500008,13.708372616000077],[102.19455083900004,13.708369065000056],[102.19344839500008,13.707601734000036],[102.19272791300006,13.70472893300007],[102.18945425300006,13.705706331000044],[102.18650621900008,13.705692029000033],[102.18563389200006,13.701617032000058],[102.18346920800008,13.699878480000052],[102.18048229100003,13.699191819000077],[102.17814454000006,13.697019278000027],[102.17436855700004,13.695613914000035],[102.16732382700008,13.693760620000035],[102.16638644100004,13.692488973000025],[102.16145931500006,13.68991851900006],[102.16066021500006,13.688863421000065],[102.15383838700006,13.68498233400004]]]},"properties":{"Shape_Leng":2.69303369158,"Shape_Area":0.128955156049,"ADM2_EN":"Watthana Nakhon","ADM2_TH":"วัฒนานคร","ADM2_PCODE":"TH2705","ADM1_EN":"Sa Kaeo","ADM1_TH":"สระแก้ว","ADM1_PCODE":"TH27","ADM0_EN":"Thailand","ADM0_TH":"ประเทศไทย","ADM0_PCODE":"TH"}},
{"type":"Feature","geometry":{"type":"Polygon","coordinates":[[[102.35899510400009,13.481447703000072],[102.35901336500007,13.482753655000067],[102.36093342200007,13.483454757000061],[102.36137629200005,13.485765757000024],[102.36103513000006,13.488457413000049],[102.36267004900009,13.489890227000046],[102.36301120400009,13.49212708300007],[102.36099638300004,13.492484192000063],[102.36179444500004,13.495367545000022],[102.36118650600008,13.496830508000073],[102.36254845600007,13.497740934000035],[102.36241514100004,13.499378011000033],[102.36117181600008,13.500110178000057],[102.36210514600003,13.504743932000054],[102.36306832300005,13.506956869000021],[102.36144007000007,13.508178267000062],[102.36046904800008,13.507408959000031],[102.35988059300007,13.511585745000048],[102.35748071000006,13.513799283000026],[102.35740225400008,13.514749705000042],[102.35319318300009,13.518895945000054],[102.35097099200004,13.52016066300007],[102.34984514600006,13.523292679000065],[102.35038737600007,13.52456193300003],[102.34822257000008,13.524618239000063],[102.34797092300005,13.527096019000055],[102.34704818600005,13.526950742000054],[102.34731568300003,13.528997119000053],[102.34590825300006,13.529869427000051],[102.34515689500006,13.531808307000063],[102.34499231000007,13.535011140000051],[102.34297840700003,13.53790463200005],[102.33953393300004,13.541858969000032],[102.33697154700008,13.543642491000071],[102.33710717800005,13.54654338000006],[102.33872749200003,13.548123157000077],[102.33930450900004,13.55211545900005],[102.33826416400007,13.553613895000069],[102.33933773900009,13.555191806000039],[102.33832195700006,13.555627225000023],[102.33940510300005,13.557275763000064],[102.34308710100004,13.560645041000043],[102.34534481600008,13.56065542500005],[102.34841870900004,13.561983123000061],[102.35013380800007,13.562128278000046],[102.35340939600007,13.56356379400006],[102.35586242300008,13.563652195000031],[102.35637622600007,13.565396187000033],[102.35723009500003,13.564464078000071],[102.35838183200008,13.565689361000068],[102.35899187700005,13.564607092000074],[102.35996798500008,13.566266850000034],[102.35932868600008,13.568731865000075],[102.36005903000006,13.569187886000066],[102.36117802100006,13.572845432000065],[102.36301092200006,13.573239401000023],[102.36477887900008,13.575229207000064],[102.36410762200006,13.576074194000057],[102.36507573900008,13.577603965000037],[102.36885434700008,13.577683874000058],[102.36959749200008,13.57635282900003],[102.37185036800008,13.57660134400004],[102.37130584600004,13.574993969000047],[102.37310438600008,13.575225795000051],[102.37414313700003,13.573955685000044],[102.37605940800006,13.574208484000053],[102.38068307200007,13.573028600000043],[102.38272734800006,13.572042335000049],[102.38538959000005,13.572685979000028],[102.38660250800007,13.57155474600006],[102.39023274900006,13.569910570000047],[102.39137684700006,13.56741850800006],[102.39382217100007,13.567319195000039],[102.39552474000004,13.566379366000035],[102.39745449900005,13.567111063000027],[102.40004338100005,13.566704067000046],[102.40173315500004,13.567605119000063],[102.40524205700007,13.566241534000028],[102.40668084500004,13.567032163000022],[102.40949992000009,13.566491472000052],[102.41191764800004,13.566848829000037],[102.41286747400005,13.56868025600005],[102.41533319600006,13.56890364000003],[102.41571319200006,13.569999189000043],[102.41910999900006,13.57122535800005],[102.42119725500004,13.570828299000027],[102.42573677000007,13.568838517000074],[102.42685970300005,13.566507898000054],[102.42882539100003,13.56643682300006],[102.42870659400006,13.56506597200007],[102.43148909100006,13.561666825000032],[102.43275965000004,13.562479415000041],[102.43356447900004,13.56104730100003],[102.43595843700007,13.561799516000065],[102.43915685200005,13.56001389100004],[102.44192234800005,13.56276444100007],[102.44325153100004,13.562969628000076],[102.44387924000006,13.561465742000053],[102.44603993400005,13.560554983000031],[102.44664871900005,13.561520987000051],[102.44802104400009,13.560437385000057],[102.44811317600005,13.561708261000035],[102.45140644300005,13.560174041000039],[102.45301978000003,13.562366689000044],[102.45475081400008,13.562175807000074],[102.45621533200006,13.563369438000052],[102.45604235900004,13.56156696100004],[102.45820118900008,13.560986678000063],[102.46142139400007,13.564221967000037],[102.46291963400006,13.563934644000028],[102.46381780000007,13.565135659000077],[102.46760979200008,13.566224834000025],[102.46945308200009,13.567340570000056],[102.46970488000005,13.565440523000063],[102.47212316100007,13.564832582000065],[102.47401046900006,13.567688755000063],[102.47717413900006,13.568395166000073],[102.47866768700004,13.570794836000061],[102.48161378900005,13.572023727000044],[102.48385236900003,13.570663729000046],[102.48937948400004,13.572492323000063],[102.49282257700008,13.572046424000064],[102.49534320900005,13.570261410000057],[102.49647629700007,13.570563740000068],[102.49759332900004,13.569061945000044],[102.49963925100008,13.570689746000028],[102.50336118500007,13.569647863000057],[102.50406601300006,13.568239883000047],[102.50810427600004,13.567064860000073],[102.51105247200007,13.567814313000042],[102.51084777800008,13.568806916000028],[102.51280794600007,13.568714044000046],[102.51564564000006,13.56719559000004],[102.51795882800008,13.567181961000074],[102.51917283600005,13.566371773000071],[102.52178721800004,13.566640688000064],[102.52427973100004,13.564622891000056],[102.52574064400005,13.565333445000022],[102.52688943700008,13.564241836000065],[102.52793911900005,13.566611042000034],[102.52933056800003,13.565798320000056],[102.53135022700008,13.566354353000065],[102.53702942600006,13.56619747600007],[102.53881575900004,13.567986073000043],[102.54104477300007,13.568618410000056],[102.54050927700007,13.56987123600004],[102.54492992800004,13.573222816000055],[102.54515008400006,13.575190958000064],[102.54632481100003,13.574181278000026],[102.54919884800006,13.57685045900007],[102.55316603200004,13.574814993000075],[102.55434846800006,13.576955554000051],[102.55650439400006,13.578317179000067],[102.56279516700005,13.57862222700004],[102.56419346000007,13.582500615000072],[102.56588224300003,13.582778854000026],[102.56973304000007,13.584858491000034],[102.56989254800004,13.588313193000033],[102.57118327300009,13.589402501000052],[102.57305319200003,13.593614866000053],[102.57217873800005,13.595950022000068],[102.57359790100008,13.59740417300003],[102.57263618300004,13.601270120000038],[102.57499315600006,13.600453303000052],[102.57480663200005,13.602665140000056],[102.57566255400008,13.602348333000066],[102.58194590200009,13.605768082000054],[102.58500614700006,13.60581350700005],[102.58539440200008,13.606451503000073],[102.59333239000006,13.606511827000077],[102.59560588500005,13.607706697000026],[102.59815358700007,13.607696709000038],[102.59831547000005,13.60661241500003],[102.60637701700006,13.606186312000034],[102.60797510900005,13.605142415000046],[102.61328484600006,13.605666395000071],[102.61352387200009,13.608060794000039],[102.61509844700004,13.608462656000029],[102.61539221900006,13.605821198000058],[102.61695672500008,13.607678375000035],[102.61941830200004,13.608339533000049],[102.62061010500008,13.607612422000045],[102.62179745700007,13.608739700000058],[102.62462089100006,13.60812771600007],[102.62456444600008,13.610639537000054],[102.62293568000007,13.610979864000058],[102.62188793000007,13.612724162000063],[102.61837721600006,13.613711458000068],[102.61619447700008,13.613357419000067],[102.61361890900008,13.614869700000042],[102.61322135000006,13.616986630000042],[102.61236122700006,13.616301792000058],[102.61068320800007,13.617711324000027],[102.61021512200006,13.615395276000072],[102.60675902900005,13.616707980000058],[102.60487362600009,13.619580904000031],[102.60312715900005,13.619234830000039],[102.60193115400006,13.620059108000078],[102.60129319100008,13.62260492300004],[102.59658438900004,13.623829048000061],[102.59448837800005,13.622799014000066],[102.59411936100008,13.62487733100005],[102.59244814200008,13.627394826000057],[102.59193310200004,13.624985385000059],[102.58986416700009,13.625101279000035],[102.58932389800003,13.626838172000078],[102.58642552500004,13.630242700000053],[102.58510008000007,13.629144143000076],[102.58332339800006,13.630507213000044],[102.58149067100004,13.62815495600006],[102.57879124700008,13.628388855000026],[102.57808688300008,13.630439444000046],[102.57545934200004,13.629789477000031],[102.57402838300004,13.631535408000047],[102.57406960500003,13.632895564000023],[102.57270206500004,13.63309803900006],[102.57267290400006,13.63568100200007],[102.57144293700009,13.635675168000034],[102.57053582700007,13.643018950000055],[102.56906777400008,13.644136805000073],[102.56646801900007,13.644328304000055],[102.56571451400004,13.646216036000055],[102.56433650600007,13.645728089000045],[102.56353555500004,13.647709676000034],[102.56149219700006,13.647170344000074],[102.56059046700005,13.649356466000029],[102.55957945600005,13.648391282000034],[102.55769129100008,13.648684525000021],[102.55762860800007,13.65223446400006],[102.55496535300006,13.652104054000063],[102.55486086500008,13.65348149700003],[102.55321464200006,13.654229519000069],[102.55232652800004,13.656138996000038],[102.55031327200004,13.65830605900004],[102.54842803300005,13.658662582000034],[102.55064799900003,13.661972892000051],[102.55119006200005,13.665080750000072],[102.55310327500007,13.667746434000037],[102.55617285100004,13.670324596000057],[102.55856948400009,13.674855213000058],[102.55964342100003,13.67767395900006],[102.56383746600005,13.684553669000024],[102.56700156700003,13.68646185600005],[102.56950220000004,13.69111874500004],[102.57327775000005,13.692043401000035],[102.57474823200005,13.691873155000053],[102.57740307200004,13.693062355000052],[102.57872954400005,13.694782690000068],[102.57817734800005,13.696223635000024],[102.57892055200006,13.69771748200003],[102.58187171000009,13.700648091000062],[102.58378724300007,13.701324852000027],[102.58722957100008,13.703615394000053],[102.58949612800006,13.704083972000035],[102.59103336800007,13.70664626000007],[102.59438310400009,13.707261489000075],[102.59734618900006,13.70656639300006],[102.60081582000004,13.707955293000055],[102.62211251200006,13.718880124000066],[102.63620086600008,13.726398502000052],[102.65559819200007,13.736479140000029],[102.65362623600004,13.740491108000072],[102.65062321500005,13.74210271000004],[102.64959629100008,13.743624460000035],[102.64866767800004,13.74300579900006],[102.64666830700008,13.744333341000072],[102.64165110700009,13.745830516000069],[102.63969229900005,13.74879287500005],[102.63878268200006,13.748297956000044],[102.63582441200003,13.752461788000062],[102.63685340500007,13.754218484000035],[102.63512640500005,13.757094001000041],[102.63260213700005,13.757851112000026],[102.63093948500006,13.759521651000057],[102.62941541200007,13.758807411000078],[102.62600960500004,13.762218285000074],[102.62682421700003,13.76728496800007],[102.62604793800006,13.768704287000048],[102.62312645800006,13.769309130000067],[102.62084957800005,13.77226453000003],[102.61938766600008,13.772069223000074],[102.61863559600005,13.774333918000025],[102.61735980000009,13.774347915000021],[102.61535004000007,13.776005578000024],[102.61367358400008,13.779180350000047],[102.61170968900007,13.778702685000042],[102.60639507200005,13.781269099000042],[102.60640878300006,13.782802608000054],[102.60462521300008,13.783328956000048],[102.60396366200007,13.785637018000045],[102.60208323900008,13.785991909000074],[102.60220242400004,13.787142925000069],[102.59977871100006,13.790423984000029],[102.59571899600007,13.792592727000056],[102.59442040200008,13.792111564000038],[102.59295951600006,13.79403622500007],[102.59058538500005,13.795325425000044],[102.58752696800008,13.801552006000065],[102.58250217000005,13.808476305000056],[102.57695236500007,13.816730656000061],[102.57379856500006,13.82067048600004],[102.56401154300005,13.830896648000078],[102.55646529500007,13.837766130000034],[102.54972651200006,13.84310212400004],[102.54462294200005,13.845957990000045],[102.54207048400008,13.848249331000034],[102.53966248300009,13.84859278500005],[102.53926649400006,13.852422357000023],[102.53561054700003,13.853028958000039],[102.52876097700005,13.853490329000067],[102.52456214500006,13.853085830000055],[102.52038264200007,13.854006668000068],[102.51831884200004,13.855151515000045],[102.51406272400004,13.856003095000062],[102.51128904300003,13.857525897000073],[102.50804530300007,13.858305873000063],[102.50393574500004,13.860459159000072],[102.50174566900006,13.861095077000073],[102.50235396300008,13.864074944000038],[102.49588734100007,13.866208765000067],[102.49367144000007,13.866149697000026],[102.48559290400004,13.867909998000073],[102.48496732300003,13.871285511000053],[102.48002498000005,13.87033211000005],[102.47485463200007,13.874577573000067],[102.47112616700008,13.875052931000027],[102.46929336600004,13.873412150000036],[102.46679543200008,13.87297690400004],[102.46428217800008,13.87088092700003],[102.46321941500008,13.863061100000039],[102.45806168000007,13.863375645000076],[102.45427451900008,13.864505364000024],[102.44691849500003,13.867393425000046],[102.44400340100003,13.86812389000005],[102.44161678600005,13.866928556000062],[102.44016714300005,13.862249660000032],[102.43760595500004,13.862616338000066],[102.43443449700004,13.85997767400005],[102.43322224600007,13.857782557000064],[102.43203979000003,13.853945459000045],[102.43047832100007,13.853660120000029],[102.42878605600004,13.851273818000038],[102.42603238300006,13.850121986000033],[102.42486761000004,13.846175131000052],[102.42441250200005,13.842315351000025],[102.42213466900006,13.839911150000034],[102.41803203700005,13.83766031600004],[102.41674792100008,13.834317561000034],[102.41555641600007,13.833196569000052],[102.41188691200006,13.833653129000027],[102.40886380600006,13.826790535000043],[102.40541952000007,13.826552083000024],[102.40576847500006,13.824976246000062],[102.40393224600007,13.82167088500006],[102.40275921900007,13.821207342000037],[102.40172983900004,13.817226610000034],[102.40035388700005,13.815219425000066],[102.40028827000003,13.812449182000023],[102.39920128000006,13.810597291000022],[102.39771748300006,13.810019741000076],[102.39538153000007,13.804407825000055],[102.39634907400006,13.802909014000022],[102.39467744700005,13.80227334500006],[102.39629688600007,13.800588941000058],[102.39945172300008,13.799117890000048],[102.39982391600006,13.797514026000044],[102.40225417400006,13.797312817000034],[102.40278625600007,13.795670278000046],[102.40492593400006,13.79508977100005],[102.40530670800007,13.791544568000063],[102.40631812400005,13.78966617900005],[102.40645500100004,13.787569881000024],[102.40787206500005,13.784487744000046],[102.40933579000006,13.783375786000022],[102.41015268100006,13.779358925000054],[102.41102859200004,13.778894544000025],[102.41064101900008,13.776423000000023],[102.41220111300004,13.774389162000034],[102.41369861700008,13.77064120500006],[102.41397118400005,13.767783576000056],[102.41688231500007,13.765182043000038],[102.41644914500006,13.764430917000027],[102.41895937600003,13.764062944000045],[102.42066653500007,13.762239289000036],[102.41946057200005,13.760542332000057],[102.42083045800007,13.760096174000068],[102.42034953800004,13.75817623100005],[102.42104585300007,13.756162864000032],[102.42245494400004,13.755819268000039],[102.42307290700006,13.754068759000063],[102.42513681700007,13.753956746000028],[102.42616531100003,13.752552670000057],[102.42732620900006,13.748559940000064],[102.42925923500007,13.749824408000052],[102.43006059300006,13.747995378000041],[102.43114340200003,13.748011733000055],[102.43402112300004,13.750018692000026],[102.43549557700004,13.748868565000066],[102.43677371200005,13.745901587000048],[102.43903811900009,13.74699742000007],[102.44008826100008,13.744549999000071],[102.44378716200004,13.745149899000069],[102.44316892600006,13.742617110000026],[102.44607183800008,13.742000955000037],[102.44579273800008,13.743358797000042],[102.44776354300006,13.743256675000055],[102.44906266100008,13.74093173600005],[102.44805705500005,13.740174898000078],[102.44951678500007,13.738506784000037],[102.45103699100008,13.739614282000048],[102.45124310800009,13.737857845000065],[102.45365153200004,13.737963904000026],[102.45583652800008,13.735241476000056],[102.45880078300007,13.73546260300003],[102.46003321900008,13.733182885000076],[102.45951096100003,13.731659600000057],[102.45805771800008,13.73193128500003],[102.45781926300003,13.730160140000066],[102.46009498700005,13.73001688200003],[102.46054377200005,13.72823293700003],[102.45744432700008,13.726385354000058],[102.45599323200008,13.726774705000025],[102.45336705900007,13.725412013000039],[102.45244004600005,13.722832202000063],[102.44944344800007,13.72104212000005],[102.44867551400006,13.722010972000021],[102.44202695900003,13.720090559000027],[102.44090414100003,13.721645077000062],[102.43756825100007,13.72144645000003],[102.43774043500008,13.717662655000026],[102.43280823300006,13.715497387000028],[102.43272266800005,13.713826721000032],[102.43132249200005,13.712894856000048],[102.43065235600005,13.709677765000038],[102.42741515900008,13.709391132000064],[102.42390067000008,13.70608598800004],[102.42151777300006,13.70662453500006],[102.41464933600008,13.705051035000054],[102.41457802900004,13.703775990000054],[102.41298084000005,13.703733753000051],[102.41212487400009,13.702062272000035],[102.40947379700003,13.702448137000033],[102.40687888300005,13.701274719000025],[102.40572241700005,13.69977756700007],[102.40209065700009,13.699668516000031],[102.39623168100007,13.694806441000026],[102.39456015500008,13.69051074400005],[102.39168324600007,13.689099705000046],[102.39169840400007,13.688067318000037],[102.38990204400005,13.68684058100007],[102.38679356700004,13.685801526000034],[102.38841258000008,13.681686575000072],[102.39129913400006,13.681139724000047],[102.39065966400005,13.679255904000058],[102.38803744700004,13.676554924000072],[102.38605542800008,13.676686514000039],[102.38373926300005,13.67430087100007],[102.38543790800009,13.671901639000055],[102.38419713100006,13.672087937000072],[102.38404942800008,13.670303846000024],[102.38131208700008,13.670183525000027],[102.38018438200004,13.668721804000029],[102.37873405100004,13.669300981000049],[102.37698718300004,13.66617799200003],[102.37200218800007,13.66314896700004],[102.37005094300008,13.662971257000038],[102.36628053800007,13.660665426000037],[102.36433466500006,13.661313695000047],[102.36125229000004,13.660726686000032],[102.35961445300006,13.662103244000036],[102.36030195900008,13.663748816000066],[102.35895825300008,13.663812292000046],[102.35761223200006,13.665764111000044],[102.35393423500005,13.665971519000038],[102.35422517100005,13.664935810000031],[102.35133219600004,13.664714468000057],[102.34947419700006,13.663181609000048],[102.34944301700006,13.661681343000055],[102.34719566500007,13.661023026000066],[102.34501318600007,13.661296519000075],[102.34537303700006,13.655988872000023],[102.34264964500005,13.654338016000054],[102.34373892200006,13.653375223000069],[102.34246540900006,13.650642230000074],[102.34069302200004,13.649433682000051],[102.33961283900004,13.646863827000061],[102.33826003900003,13.646818662000044],[102.34004110800004,13.645443734000025],[102.33947337800004,13.644318018000035],[102.33648188000006,13.644216793000055],[102.33526487200004,13.642002310000066],[102.33647217700008,13.638571282000044],[102.33463963700007,13.637731012000074],[102.33616356400006,13.637067757000068],[102.33659206800007,13.634245157000066],[102.33579546600004,13.633882844000027],[102.33735952000006,13.632076351000023],[102.33635484600006,13.630030950000048],[102.33721392100006,13.629038712000067],[102.33562302900003,13.626333239000076],[102.33675435600009,13.621850477000066],[102.33577568300007,13.621863619000067],[102.33449131300006,13.619612801000073],[102.33526164100005,13.618656896000061],[102.33522261200005,13.616048241000044],[102.33400862200006,13.615894574000038],[102.33332397800007,13.61178579400007],[102.33127563600004,13.611049680000065],[102.32967768600008,13.60720554900007],[102.33126245200003,13.603621173000022],[102.32983888800004,13.60087091500003],[102.33024592100008,13.599310789000072],[102.32844697300004,13.599131725000063],[102.32607877000004,13.594999083000062],[102.32853795300008,13.592047368000067],[102.32717882900005,13.59047376600006],[102.32676315300006,13.587908155000036],[102.32341640600004,13.586534421000067],[102.32270259100005,13.585128233000034],[102.32000799500008,13.583835410000063],[102.31928569600007,13.581428973000072],[102.32168944400007,13.58025785500007],[102.32190082300008,13.577744856000038],[102.32583973700008,13.572219439000037],[102.32723218700005,13.571477369000036],[102.32716334600008,13.569080454000073],[102.32518701600009,13.566423413000052],[102.32257861400007,13.561427712000068],[102.32318281500005,13.549356645000046],[102.32041045200003,13.543609245000027],[102.32034792500008,13.539929169000061],[102.32157229600006,13.53202264500004],[102.32060701300009,13.530743020000045],[102.31588970100006,13.530251220000025],[102.31535624300005,13.528642392000052],[102.31319044200006,13.528088187000037],[102.31313141900006,13.525809056000071],[102.31117203500008,13.523575662000042],[102.31158245400007,13.520755382000061],[102.31015692800008,13.52009748300003],[102.30978591800005,13.51517453100007],[102.31136956100005,13.511997852000036],[102.31044674300006,13.507655889000034],[102.30815892900006,13.503828210000052],[102.30966869600007,13.50112503400004],[102.31121012300008,13.500032429000044],[102.31264511300009,13.497422375000042],[102.31254539800005,13.494174431000033],[102.31561747100005,13.48996242800007],[102.31574801300007,13.488778732000071],[102.31400438500003,13.484249601000045],[102.31390430300007,13.481727256000056],[102.31465153600004,13.48014898200006],[102.30980296100006,13.479255755000054],[102.30701802900006,13.476952557000061],[102.30686498800009,13.473728305000066],[102.30746218900003,13.472373212000036],[102.31080848300007,13.470289468000033],[102.31020720900005,13.468536940000035],[102.31398278600005,13.466712662000077],[102.31539085500003,13.469914060000065],[102.32334066200008,13.467504703000031],[102.32544697300006,13.484999705000064],[102.34229158200009,13.484975655000028],[102.35045601300004,13.48478536600004],[102.35369098100006,13.48444199000005],[102.35317235400004,13.48227405700004],[102.35899510400009,13.481447703000072]]]},"properties":{"Shape_Leng":2.02241148492,"Shape_Area":0.061415988993,"ADM2_EN":"Aranyaprathet","ADM2_TH":"อรัญประเทศ","ADM2_PCODE":"TH2706","ADM1_EN":"Sa Kaeo","ADM1_TH":"สระแก้ว","ADM1_PCODE":"TH27","ADM0_EN":"Thailand","ADM0_TH":"ประเทศไทย","ADM0_PCODE":"TH"}},
{"type":"Feature","geometry":{"type":"Polygon","coordinates":[[[101.94288304500009,13.692339021000066],[101.94478979500008,13.688726497000061],[101.94529660500007,13.68521228000003],[101.94425614400006,13.684120793000034],[101.94520931600005,13.682920902000035],[101.94533754400004,13.679804355000044],[101.94425349400007,13.677443175000064],[101.94650373700006,13.675344768000059],[101.94632992600003,13.67380445200007],[101.94800551800006,13.67126225100003],[101.94641970600009,13.669088209000051],[101.94819054300007,13.667242884000075],[101.94795942900004,13.663979400000073],[101.94616439300006,13.66148937500003],[101.94685640300008,13.66043353200007],[101.94580898200007,13.657378136000034],[101.94492134300003,13.657342959000061],[101.94566925700008,13.655092703000037],[101.94328560400004,13.649459511000032],[101.93943104800007,13.648258714000065],[101.93861686100007,13.646002544000055],[101.94089071300004,13.643427922000058],[101.93930252700005,13.641837805000023],[101.93970583100008,13.637503692000053],[101.93839150000008,13.635787005000054],[101.93688458100007,13.632197551000047],[101.93707143300009,13.627139545000034],[101.93873310600009,13.626313319000076],[101.94024800200003,13.623861920000024],[101.94234847800004,13.619105827000055],[101.94127272300005,13.618237667000074],[101.94186151500008,13.61632576200003],[101.94059875100004,13.616356118000056],[101.93694290200006,13.613681760000077],[101.93577788700009,13.613549115000069],[101.93409884200008,13.610868807000031],[101.92912721800008,13.610664274000044],[101.92526377700005,13.610970846000043],[101.92468018900007,13.61013654900006],[101.92185194300004,13.610433185000034],[101.92059807000004,13.609483541000031],[101.91978891300005,13.610616721000042],[101.91725533500005,13.609124982000026],[101.91608395700007,13.607425340000077],[101.91362776100004,13.607285681000064],[101.90955413000006,13.605287284000042],[101.90861908600004,13.601880249000033],[101.90883755500005,13.600104108000039],[101.91203866400008,13.596355084000038],[101.91345156300008,13.593277662000048],[101.91272567300007,13.590671588000077],[101.91307138000008,13.587912041000038],[101.91628993300009,13.586979367000026],[101.91357065100004,13.58256962300004],[101.91344432800008,13.580796001000067],[101.91204458900006,13.578599999000062],[101.91041477600004,13.57746166000004],[101.91007900000005,13.575430668000024],[101.90886578000004,13.574335494000024],[101.90875436500005,13.571566866000069],[101.90714589100008,13.57129853400005],[101.90709193100008,13.568804060000048],[101.90427941100006,13.566645212000026],[101.90530761500008,13.565425292000043],[101.90382335200007,13.561775430000068],[101.90365115900005,13.559741874000053],[101.90142763900008,13.554492598000024],[101.89838834000005,13.549395710000056],[101.89657509000006,13.547561028000075],[101.89425186100004,13.546517492000078],[101.89228814800003,13.54325611300004],[101.89278274700007,13.540407044000062],[101.89067919200005,13.539791063000052],[101.88827511900007,13.537899542000048],[101.88606321000003,13.538416263000045],[101.88469226100005,13.536707300000046],[101.88290814300007,13.536232919000042],[101.88219400300005,13.53412800700005],[101.87888512800004,13.53471963800007],[101.87683163500009,13.531662070000039],[101.87728793600007,13.530774433000033],[101.87472229800005,13.528770262000023],[101.87521770200004,13.526925548000065],[101.87342699000004,13.52427326000003],[101.87593268600006,13.52343791900006],[101.87867136000006,13.523804454000071],[101.88173954000007,13.524893611000039],[101.88510784700009,13.525358008000069],[101.88861891600004,13.522225842000068],[101.89002672900006,13.521836449000034],[101.88971472700007,13.520285183000055],[101.89209429600004,13.519892179000067],[101.89254306700008,13.518145092000054],[101.89660066400006,13.514854225000022],[101.89620647000004,13.51145494800005],[101.89848821400005,13.510974152000074],[101.89377781200005,13.50662353000007],[101.89182072300008,13.505468563000022],[101.89257109800008,13.504896642000062],[101.89142133600006,13.502993519000029],[101.88764415600008,13.49936989500003],[101.88591043600007,13.495836229000076],[101.88442139500006,13.496254423000039],[101.88206412900007,13.491331810000077],[101.88206624700007,13.489346820000037],[101.88298588500004,13.48773710000006],[101.88232995000004,13.485312082000064],[101.88368886900008,13.48443005200005],[101.88712332600005,13.480762556000059],[101.88913078000007,13.476585089000025],[101.89182067100006,13.474523463000025],[101.89198276200005,13.472905547000039],[101.89377360600008,13.47157345000005],[101.89909448500003,13.471190551000063],[101.89958591800007,13.472513250000077],[101.90340100900005,13.472722990000022],[101.90565321600008,13.47380531500005],[101.91009875600008,13.473246165000035],[101.91169423100007,13.474352967000073],[101.91387643100006,13.47464916000007],[101.91857633800004,13.47368079100005],[101.92121087600003,13.474118666000038],[101.92536721600004,13.47306766500003],[101.92692058700004,13.47497226400003],[101.93338457900006,13.475179935000028],[101.93717280700008,13.47798655500003],[101.93853060000004,13.47952551700007],[101.93881883200004,13.482784740000056],[101.93827206500004,13.48456288500006],[101.94376631500006,13.492517716000066],[101.94705787400005,13.494233963000056],[101.95126457900005,13.49404988200007],[101.95365424000005,13.493420158000049],[101.95594597200005,13.494898209000041],[101.95691729400005,13.496920770000031],[101.95582338600008,13.498334899000042],[101.95611415200005,13.500541373000033],[101.95472684500004,13.504106820000061],[101.95601499400004,13.50596551500007],[101.95857017800006,13.505193597000073],[101.96095502200006,13.505399656000066],[101.96103819900009,13.510245491000035],[101.96253664000005,13.512935936000076],[101.96214878100005,13.514484544000027],[101.96445752000005,13.516362730000026],[101.96749940100005,13.52030314600006],[101.96723604100004,13.52173938900006],[101.96864294800008,13.52329611700003],[101.97267410600006,13.522723166000048],[101.98163177700008,13.52335955600006],[101.98315401400004,13.524133258000063],[101.98283894600007,13.52634714100003],[101.98433716800008,13.528827673000023],[101.98758341200005,13.531335209000076],[101.98813753400003,13.53430951300004],[101.98773663200006,13.53840808600006],[101.98967895400006,13.538740122000036],[101.99110563400006,13.539951175000056],[101.99362425800007,13.539641046000042],[101.99473650500005,13.542120729000032],[101.99689405200007,13.541443745000038],[101.99892913000008,13.54847355000004],[101.99896939400008,13.554024626000057],[101.99998200400006,13.557635646000051],[102.00475612100007,13.557358629000078],[102.01639512200006,13.557333267000047],[102.01806603400007,13.55803978800003],[102.02311465100007,13.558768136000026],[102.02520467400007,13.559652510000035],[102.02630771200006,13.56454627900007],[102.03245507200006,13.562665180000067],[102.03222408800008,13.557412356000043],[102.03387034300005,13.55722951100006],[102.03679199700008,13.558942200000047],[102.03555400300007,13.56027546200005],[102.03707395300006,13.562156721000065],[102.03617194300006,13.565369492000059],[102.03841168600007,13.56593669700004],[102.03849718100008,13.56824249300007],[102.04024690900007,13.570266307000054],[102.03911797700005,13.572903526000061],[102.04013808100007,13.574167277000072],[102.04214410600008,13.573751877000063],[102.04338723400008,13.574802782000063],[102.04481840000005,13.571836654000037],[102.04605023300007,13.571267315000057],[102.05057334100007,13.571184681000034],[102.05126568400004,13.570119601000044],[102.05428982600006,13.57057676900007],[102.05703706200006,13.569877297000062],[102.05850723300006,13.571722541000042],[102.06377788100008,13.571624578000069],[102.06737362000007,13.57238231100007],[102.07625731500008,13.569335543000022],[102.08253196200008,13.574580230000038],[102.08365946600009,13.575916065000058],[102.08768290800003,13.57474047200003],[102.09099656500007,13.576518700000065],[102.09112640800004,13.578187392000075],[102.09292033400004,13.578365101000031],[102.09404891100007,13.577393296000025],[102.09559260600008,13.578210012000056],[102.09724379700003,13.58129235000007],[102.09524681100004,13.586382396000033],[102.09258782900008,13.58736599100007],[102.09220335200007,13.589185895000071],[102.09059205600005,13.590811503000054],[102.08890978700003,13.591120638000064],[102.08669769000005,13.592737800000066],[102.08505659300005,13.59513127100007],[102.08401877900008,13.594803596000077],[102.08318762500005,13.596924134000062],[102.08152966600005,13.597461640000063],[102.08145218900006,13.600064889000066],[102.07966486300006,13.599597387000074],[102.07779027700008,13.600461622000068],[102.08102040000006,13.60235883100006],[102.08075072000008,13.60423752500003],[102.07923360200004,13.606440121000048],[102.08520336900006,13.609705431000066],[102.08610602300007,13.61149793100003],[102.08802479400003,13.611932444000047],[102.09112124100005,13.611080690000051],[102.09220088900008,13.61502697000003],[102.09449611400004,13.616771419000031],[102.09502083700005,13.618512053000075],[102.09392293400003,13.62125760300006],[102.09081149500008,13.624967705000074],[102.09103456700007,13.626352327000063],[102.08875848500008,13.627680160000068],[102.08662714700006,13.62765496000003],[102.08510182900005,13.631155859000046],[102.08297613100007,13.632220227000062],[102.08294439500008,13.633607445000052],[102.08465958100004,13.637935991000063],[102.08490982200004,13.640720353000063],[102.08414207600003,13.641634122000028],[102.08662735800004,13.644056197000054],[102.08861199700004,13.641485962000047],[102.08941513200006,13.643217245000073],[102.09046731100005,13.639813503000028],[102.09459592700006,13.641595636000034],[102.09573906400004,13.644577773000037],[102.09890067600008,13.645051866000074],[102.10108472000007,13.647051150000038],[102.10286793100005,13.649589994000053],[102.10465665700008,13.650521720000029],[102.10799798400006,13.654389381000044],[102.10864006500009,13.655970051000054],[102.11175748600004,13.656830642000045],[102.11273078500005,13.658492120000062],[102.11680681700005,13.661588018000032],[102.12045578800007,13.660582562000059],[102.12329797500007,13.660717549000026],[102.12782795700008,13.661804198000027],[102.13041340700005,13.660559197000055],[102.13425652200004,13.661338803000035],[102.13693858200008,13.660561440000038],[102.13976366000009,13.661487882000074],[102.14253880200005,13.659185573000059],[102.14286744200007,13.657936948000042],[102.14811603800007,13.65746772700004],[102.14759007400005,13.65374814300003],[102.15298528200003,13.65327056700005],[102.15305501700004,13.651773024000022],[102.15680336100007,13.652835702000061],[102.15763900100006,13.658893180000064],[102.15735747700006,13.663532934000045],[102.15326409300008,13.665110886000036],[102.14949571700004,13.67073102300003],[102.14815420600007,13.670210874000077],[102.14180815300006,13.67317437500003],[102.13621748300005,13.673598580000032],[102.13540665600004,13.675935855000034],[102.14107512900006,13.678593109000076],[102.14387773200008,13.678823406000049],[102.14482683700004,13.681204988000047],[102.14881589500004,13.68171678400006],[102.15219604100008,13.683542557000067],[102.15383838700006,13.68498233400004],[102.15335990400007,13.688724342000057],[102.14788963900008,13.68940462200004],[102.14726108300005,13.693430399000022],[102.14621450600004,13.695368045000066],[102.14646300400005,13.698661682000022],[102.14864874900007,13.700334655000063],[102.14814669400005,13.703978483000071],[102.14638856800008,13.706792677000067],[102.14701980400008,13.713023301000021],[102.14664177000009,13.714273946000048],[102.14412705900008,13.716315257000076],[102.14367753100004,13.717613050000068],[102.14171628200006,13.717425240000068],[102.14178437200007,13.720643762000066],[102.14281684000008,13.723325773000056],[102.14210177800004,13.72481814200006],[102.14359529800004,13.728246696000042],[102.14130516000006,13.730607144000032],[102.13685143700008,13.733232558000054],[102.13291401300006,13.73460244100005],[102.12930450600004,13.736442588000045],[102.12529942200007,13.737084933000062],[102.12464772600003,13.738499888000035],[102.11997295600008,13.740135826000028],[102.11854079200003,13.742562342000042],[102.11512474100005,13.745641543000033],[102.11400485100006,13.747532335000074],[102.11099517000008,13.749301685000034],[102.11155500800004,13.750500364000061],[102.10942988500005,13.751238279000063],[102.10758009100005,13.753187737000076],[102.10695881400005,13.755001108000044],[102.10468609800006,13.756303543000058],[102.10123501200007,13.756513983000048],[102.10180152000004,13.75774043000007],[102.09937800400007,13.758404744000075],[102.09831297600005,13.75702997600007],[102.09621296000006,13.760141601000043],[102.09482219300008,13.760596873000054],[102.09486528600007,13.762525555000025],[102.09102967600006,13.762042165000025],[102.08811217400006,13.762793191000071],[102.09018347400007,13.75970103800006],[102.08966063200006,13.758842768000022],[102.08662281600004,13.760192730000028],[102.08294226200007,13.76040279700004],[102.08124641700005,13.757705728000076],[102.07855495100006,13.755568681000057],[102.07822792700006,13.753392216000066],[102.07981080400003,13.752332980000062],[102.07970310800005,13.750623549000068],[102.07769664500006,13.747971097000061],[102.07746816700006,13.746129495000048],[102.07962013800005,13.746204055000021],[102.07947478900007,13.744948574000034],[102.07670843200003,13.74454353300007],[102.07483516000008,13.743414126000062],[102.07374879900004,13.74112619500005],[102.07120356000007,13.740877696000041],[102.07015467500008,13.741833330000077],[102.06541232700005,13.742868437000027],[102.06561055700007,13.744904495000071],[102.06225762500009,13.746495061000076],[102.06039828800004,13.748679675000062],[102.05781161900006,13.747790369000029],[102.05455211900005,13.749189472000069],[102.05349489800005,13.747757441000033],[102.04842404500005,13.747059367000077],[102.04803210400007,13.744892788000072],[102.04420877100006,13.744905463000066],[102.04406481200004,13.739828223000075],[102.04317937300004,13.73740504400007],[102.04069366800007,13.736494509000067],[102.04037289700005,13.734351730000071],[102.03882583700005,13.730193428000064],[102.03942274100007,13.728471653000042],[102.03943286100008,13.724551079000037],[102.03606402400004,13.725134789000037],[102.03537275800005,13.723178532000077],[102.03682534100005,13.721578257000033],[102.03546587800008,13.720046275000072],[102.03552196200008,13.717701441000031],[102.03684941100005,13.715311154000062],[102.03946458900003,13.714588164000077],[102.03931534400004,13.712821122000037],[102.03695820800004,13.706584088000056],[102.03369759300006,13.703145867000046],[102.03182117000006,13.703433102000076],[102.02719994900008,13.705342034000068],[102.02535536900007,13.705492508000077],[102.02504805900008,13.703477629000076],[102.02324396300008,13.70217040600005],[102.02156422700006,13.70354235900004],[102.02023934200008,13.703169543000058],[102.01804902000003,13.70508288800005],[102.01543504300008,13.705731292000053],[102.01334902600007,13.703025414000024],[102.01213657100004,13.702932261000058],[102.00988959600005,13.708527237000055],[102.00999110900005,13.709755253000026],[101.99933249400004,13.714412160000052],[101.99913347800003,13.711419546000059],[101.99730940000006,13.706390720000059],[101.99567771100004,13.704314262000025],[101.99198250800004,13.702377209000076],[101.98934859700006,13.699003106000077],[101.98801649100005,13.692839865000053],[101.98665175200006,13.690154947000053],[101.98657226300008,13.68507390600007],[101.98520915700004,13.680415733000075],[101.97850810100005,13.681291744000077],[101.97534101400004,13.683639995000021],[101.97060074500007,13.683541782000077],[101.96755952700005,13.685300777000066],[101.96273143000008,13.687322042000062],[101.96012177800009,13.686453786000072],[101.95793697700009,13.686685112000077],[101.95596941800005,13.687967912000033],[101.95593053200008,13.691298526000026],[101.94908705700004,13.691189070000064],[101.94288304500009,13.692339021000066]]]},"properties":{"Shape_Leng":1.43509519831,"Shape_Area":0.035727750745,"ADM2_EN":"Khao Chakan","ADM2_TH":"เขาฉกรรจ์","ADM2_PCODE":"TH2707","ADM1_EN":"Sa Kaeo","ADM1_TH":"สระแก้ว","ADM1_PCODE":"TH27","ADM0_EN":"Thailand","ADM0_TH":"ประเทศไทย","ADM0_PCODE":"TH"}},
{"type":"Feature","geometry":{"type":"Polygon","coordinates":[[[102.58167971800003,13.946299639000074],[102.58421028000004,13.944361264000065],[102.58253823300004,13.943623970000033],[102.58249693000005,13.94242007500003],[102.58023875400005,13.942174668000064],[102.57884478700004,13.941115288000049],[102.57476646000003,13.939884409000058],[102.57523847000004,13.937656176000075],[102.57368444100007,13.936680609000064],[102.57098407900008,13.937292354000022],[102.56670753000009,13.937537422000048],[102.54741444700005,13.941381769000031],[102.54502049800004,13.938363620000075],[102.54309610700005,13.939219170000058],[102.53955789200006,13.939773647000038],[102.53279106000008,13.939703628000075],[102.52984614900004,13.929979659000026],[102.53185151200006,13.93043792800006],[102.53546755100007,13.928672199000061],[102.53521170400006,13.928086604000043],[102.53799177600007,13.92642748000003],[102.53845963500004,13.924554126000032],[102.53655148900003,13.91999959800006],[102.53661899200006,13.917317169000057],[102.54255833200006,13.913344427000027],[102.54422028100004,13.912658847000046],[102.54491419500005,13.91067352600004],[102.54361206300007,13.90957975300006],[102.54539798700006,13.90546540500003],[102.54461466200007,13.903650765000066],[102.54016011800007,13.899789999000063],[102.53894571900008,13.897738147000041],[102.53705980200004,13.898031401000026],[102.53421107300005,13.891822817000048],[102.53959526700004,13.889329865000036],[102.53905614200005,13.877708037000048],[102.53864800200006,13.87421499100003],[102.54071425700005,13.872737204000032],[102.54359774000005,13.868920083000035],[102.54498639200006,13.867935627000065],[102.54167291300007,13.862214163000033],[102.53588834200008,13.863294666000058],[102.53429236400007,13.86129962900003],[102.53517882000006,13.85867795200005],[102.53561054700003,13.853028958000039],[102.53926649400006,13.852422357000023],[102.53966248300009,13.84859278500005],[102.54207048400008,13.848249331000034],[102.54462294200005,13.845957990000045],[102.54972651200006,13.84310212400004],[102.55646529500007,13.837766130000034],[102.56401154300005,13.830896648000078],[102.57379856500006,13.82067048600004],[102.57695236500007,13.816730656000061],[102.58250217000005,13.808476305000056],[102.58752696800008,13.801552006000065],[102.59058538500005,13.795325425000044],[102.59295951600006,13.79403622500007],[102.59442040200008,13.792111564000038],[102.59571899600007,13.792592727000056],[102.59977871100006,13.790423984000029],[102.60220242400004,13.787142925000069],[102.60208323900008,13.785991909000074],[102.60396366200007,13.785637018000045],[102.60462521300008,13.783328956000048],[102.60640878300006,13.782802608000054],[102.60639507200005,13.781269099000042],[102.61170968900007,13.778702685000042],[102.61367358400008,13.779180350000047],[102.61535004000007,13.776005578000024],[102.61735980000009,13.774347915000021],[102.61863559600005,13.774333918000025],[102.61938766600008,13.772069223000074],[102.62084957800005,13.77226453000003],[102.62312645800006,13.769309130000067],[102.62604793800006,13.768704287000048],[102.62682421700003,13.76728496800007],[102.62600960500004,13.762218285000074],[102.62941541200007,13.758807411000078],[102.63093948500006,13.759521651000057],[102.63260213700005,13.757851112000026],[102.63512640500005,13.757094001000041],[102.63685340500007,13.754218484000035],[102.63582441200003,13.752461788000062],[102.63878268200006,13.748297956000044],[102.63969229900005,13.74879287500005],[102.64165110700009,13.745830516000069],[102.64666830700008,13.744333341000072],[102.64866767800004,13.74300579900006],[102.64959629100008,13.743624460000035],[102.65062321500005,13.74210271000004],[102.65362623600004,13.740491108000072],[102.65559819200007,13.736479140000029],[102.66269950800006,13.740072128000065],[102.67300877000008,13.745578306000027],[102.68078755600004,13.749366590000022],[102.68771809300006,13.750456903000043],[102.69025163400005,13.752799999000047],[102.71222751900007,13.769610456000066],[102.73082395600005,13.772077306000028],[102.73231917500004,13.773682913000073],[102.73265062400009,13.77972600000004],[102.73343659200003,13.782292964000021],[102.73226941600007,13.785713428000065],[102.72611362400005,13.788463559000036],[102.72379071100005,13.791047724000066],[102.72360005400009,13.792889298000034],[102.72582889100005,13.79784619000003],[102.73169386000006,13.807117590000075],[102.73836146600007,13.818418114000053],[102.74220407600006,13.824161959000037],[102.74670599300003,13.831388017000052],[102.74991276900005,13.837833841000077],[102.75384939300005,13.843474797000056],[102.75675258700005,13.847146222000049],[102.76691925000006,13.856680745000062],[102.75975568900009,13.86025866700004],[102.75461655000004,13.86133951200003],[102.75017400800004,13.866503747000024],[102.74619610000008,13.869300648000035],[102.73998273700005,13.869819713000027],[102.73182167100003,13.874327762000064],[102.72996284600003,13.875858992000076],[102.72630178500003,13.88061605300004],[102.72172168800006,13.890194278000024],[102.71951589800005,13.892857893000041],[102.71360411700005,13.896261954000067],[102.71005323100007,13.897452772000065],[102.70563241200006,13.900371582000048],[102.69949546500004,13.901428163000048],[102.69643479900009,13.900588284000037],[102.69324582600007,13.897255123000036],[102.68712044200004,13.896766481000043],[102.68529308400008,13.895591660000036],[102.68267736100006,13.895221054000046],[102.68068911400007,13.896353126000065],[102.67697661600005,13.897412380000048],[102.67608001500008,13.896976950000067],[102.67364927700004,13.899275674000023],[102.67478768000007,13.900375348000068],[102.67354084000004,13.905715152000028],[102.67063954300005,13.908621287000074],[102.67231690500006,13.912647544000038],[102.67479871900008,13.916428193000058],[102.67719074600006,13.920862815000078],[102.67930801300008,13.925872625000068],[102.67955810300003,13.92832190200005],[102.67770193200005,13.926522885000054],[102.67274488900006,13.924609814000064],[102.67143539600005,13.921007630000076],[102.66781930300004,13.918303779000041],[102.66226701600004,13.916259712000056],[102.65966781800006,13.91388438000007],[102.65704047100007,13.91062812000007],[102.65201480300004,13.907564097000034],[102.64929438000007,13.905288574000053],[102.64781126700007,13.907804356000042],[102.64724874700005,13.916702778000058],[102.64632357200009,13.918840211000031],[102.64579683100004,13.92313482000003],[102.64376759500004,13.927201324000066],[102.64088654000005,13.927758856000025],[102.63592567500007,13.931462895000038],[102.62745428400007,13.932427970000049],[102.62328406000006,13.933843634000027],[102.61714370100003,13.93491160800005],[102.61036283300007,13.935406413000067],[102.60530936800006,13.936440840000046],[102.60371664500008,13.93780085700007],[102.60025959500007,13.943369061000055],[102.59751961900008,13.945414253000024],[102.59303210700006,13.946765651000021],[102.58840959000008,13.946199987000057],[102.58167971800003,13.946299639000074]]]},"properties":{"Shape_Leng":0.873769685891,"Shape_Area":0.0285126405962,"ADM2_EN":"Khok Sung","ADM2_TH":"โคกสูง","ADM2_PCODE":"TH2708","ADM1_EN":"Sa Kaeo","ADM1_TH":"สระแก้ว","ADM1_PCODE":"TH27","ADM0_EN":"Thailand","ADM0_TH":"ประเทศไทย","ADM0_PCODE":"TH"}},
{"type":"Feature","geometry":{"type":"Polygon","coordinates":[[[102.21863834900006,13.480772759000047],[102.20225166100005,13.470696536000048],[102.19982510000006,13.469513462000066],[102.20054849100006,13.468050171000073],[102.19335122000007,13.465622691000021],[102.19139245700006,13.466033596000045],[102.18910199700008,13.464713774000074],[102.18571223600009,13.465406107000035],[102.18493554000008,13.466908917000069],[102.18260000100008,13.467478098000072],[102.17402050300007,13.466604885000038],[102.17300769600007,13.467083521000063],[102.17095043900008,13.466083513000058],[102.16900459600004,13.466668232000075],[102.16775755100008,13.465769426000065],[102.16410937000006,13.46791599900007],[102.16324500000007,13.471556476000046],[102.15764274400004,13.465400647000024],[102.15536859200006,13.461857876000067],[102.14842260200004,13.453941752000048],[102.14783037900008,13.451849147000075],[102.14417138000005,13.451422317000038],[102.14401176700005,13.44931536300004],[102.14297145500007,13.44918569300006],[102.14058320500004,13.451186274000065],[102.13598359100007,13.448840451000024],[102.13487115700008,13.45156967500003],[102.13178099900006,13.45004764500004],[102.12291386700008,13.449872578000054],[102.11695698900007,13.450352243000054],[102.11559050200003,13.449307993000048],[102.11251864200005,13.44954668400004],[102.10828165600009,13.450575578000041],[102.10523927200006,13.449581098000067],[102.10350858800007,13.450099065000074],[102.10049692600006,13.447046771000032],[102.09649067900006,13.442343744000027],[102.09392077300004,13.442430606000073],[102.08937162500007,13.444341413000075],[102.08519166400004,13.447103721000076],[102.08204079500007,13.447701207000023],[102.07733119600005,13.447693676000029],[102.07742234200003,13.452421241000025],[102.07621569500009,13.452914231000022],[102.07498667000004,13.450049911000065],[102.07414019200007,13.450539559000049],[102.07494747500004,13.445302712000057],[102.06783609800004,13.444771433000028],[102.06745163900007,13.442108826000037],[102.06798928500007,13.440818930000034],[102.06629581500005,13.438922739000077],[102.06217451200007,13.435971426000037],[102.05903256200008,13.437151569000036],[102.05512236900006,13.435278935000042],[102.05314552300007,13.435889667000026],[102.05218397300007,13.437115437000045],[102.05059568600007,13.437152228000059],[102.04944657900006,13.438921318000041],[102.04713394900006,13.439667691000068],[102.04401794700004,13.439719430000025],[102.04286511500004,13.441060582000034],[102.03771257500006,13.442492710000067],[102.03553013100009,13.439494124000078],[102.03329208100007,13.439285002000076],[102.03190943700008,13.440056737000077],[102.02913486700004,13.439693142000067],[102.02939466300006,13.438574158000051],[102.02446577200004,13.437177166000026],[102.02223237800007,13.436017368000023],[102.01322064100003,13.43558504200007],[102.01294691100009,13.436407193000036],[102.00875204100004,13.436439245000031],[102.00699220800004,13.434930922000035],[102.00281612200007,13.43451521000003],[101.99491927600008,13.434372883000037],[101.99421222000007,13.433616799000049],[101.99070671300007,13.433975751000048],[101.98691574100008,13.43147646400007],[101.98735980900005,13.42919583400004],[101.98397912100006,13.429369380000026],[101.98387300600007,13.430107941000074],[101.98128583800008,13.430920211000057],[101.98039416000006,13.43270756100003],[101.97920659900007,13.431257078000044],[101.97783564100007,13.431343132000052],[101.97308666900005,13.433944698000062],[101.96591800600004,13.434946098000069],[101.96114146300005,13.437442456000042],[101.95983504600008,13.439749913000071],[101.95633564200006,13.438912420000065],[101.95630860100005,13.437980613000036],[101.95393433200007,13.436595036000028],[101.95198809600004,13.432540079000034],[101.95584755600004,13.431364608000024],[101.96165379700005,13.428329354000027],[101.96332619300006,13.426648173000046],[101.96496299100005,13.41813526900006],[101.96625547400004,13.414295580000044],[101.96804971300008,13.41229411200004],[101.97305216000007,13.410791371000073],[101.97683103600008,13.408545680000032],[101.97741808100005,13.406073556000024],[101.97734338400005,13.400630996000075],[101.97689718700008,13.399236206000069],[101.97307892000003,13.395352699000057],[101.97281332700004,13.390435986000057],[101.97410658100006,13.387359783000022],[101.97585489600004,13.386419889000024],[101.97770826900006,13.38302016700004],[101.97953056000006,13.382364343000063],[101.98212530400008,13.38041959700007],[101.98239959000006,13.375034406000054],[101.98307870700006,13.371643509000023],[101.98265559500004,13.369579824000027],[101.98086826300005,13.36672640300003],[101.98059051500007,13.363353541000038],[101.98178549200009,13.358115044000044],[101.98297082800008,13.354791197000054],[101.98571348300004,13.352553946000057],[101.99006613300008,13.352371112000071],[101.98982416700005,13.34886941600007],[101.98856093100005,13.345868517000042],[101.98464370000005,13.342602836000026],[101.98438372500004,13.341025354000067],[101.98685655600008,13.334492064000074],[101.98890313500004,13.333254906000036],[101.99305167600005,13.32416197200007],[101.99496610400007,13.320698436000043],[101.99645349800005,13.319297583000036],[101.99977932700006,13.318822247000071],[102.00160749000008,13.316614639000022],[102.00526369900007,13.309864978000064],[102.00651163900005,13.304337725000039],[102.01170661300006,13.290403200000071],[102.01322468500007,13.289944999000056],[102.01374978900009,13.291442329000063],[102.01532888700007,13.291273256000068],[102.01702139600008,13.289103090000026],[102.01954475900004,13.28708844700003],[102.02118186800004,13.286648010000022],[102.02545080700008,13.28799555300003],[102.02810632800004,13.28797897100003],[102.03281523200008,13.28643435600003],[102.03544719700005,13.283187486000031],[102.03619253500005,13.280431560000068],[102.03592833700009,13.274820829000078],[102.03444838100006,13.272589699000036],[102.03189412500006,13.271627284000033],[102.02823332400004,13.266024191000042],[102.02994572300008,13.262830751000024],[102.02993335100007,13.260454217000074],[102.02860292800005,13.257039660000032],[102.02971405500006,13.255011667000076],[102.02975950600006,13.249382195000067],[102.02786679300004,13.246649407000064],[102.02856023200007,13.242737662000025],[102.02628886600007,13.239027209000028],[102.02829049400003,13.236708263000025],[102.03201927700007,13.238346919000037],[102.03630781400005,13.238493220000066],[102.03968552400005,13.239484523000044],[102.04337639600004,13.242413768000063],[102.04439127000006,13.242309980000073],[102.04687750300008,13.240105996000068],[102.05049137300006,13.239342411000052],[102.05067258900004,13.241086701000029],[102.05255493800007,13.242389102000061],[102.05560288400005,13.241809173000036],[102.05695485100006,13.240863015000059],[102.05754375300006,13.241982391000022],[102.05755366600005,13.245578168000065],[102.06085186100006,13.245549718000063],[102.06105960000008,13.247559699000021],[102.06024760000008,13.249897457000031],[102.06155420600004,13.251871067000025],[102.06493946500007,13.250912409000023],[102.06945315700005,13.250808371000062],[102.07023324000005,13.254518372000064],[102.07135568200005,13.255079223000052],[102.07520042600004,13.253026847000058],[102.07641198300007,13.253236021000077],[102.07930481600005,13.258450895000067],[102.08316780400008,13.25780273600003],[102.08793573300005,13.260247139000057],[102.09536553000004,13.259868096000048],[102.09818705200007,13.260547123000038],[102.09901392400008,13.261454202000039],[102.10344996800006,13.261590357000046],[102.10577881200004,13.263312386000052],[102.10906069400005,13.26492418600003],[102.11025294000007,13.267488984000067],[102.11113883600007,13.267128123000077],[102.11162107100006,13.26911472100005],[102.11298947800009,13.270042846000024],[102.11229347900007,13.27166731400007],[102.11292348700005,13.273167301000058],[102.11425149000007,13.272904532000041],[102.11416201500003,13.275176955000063],[102.11614657900009,13.27504988800007],[102.11619553900005,13.276879531000077],[102.11810785100005,13.277871213000026],[102.11718576400006,13.27953251200006],[102.11825326300004,13.280195207000077],[102.11768828300006,13.282449519000068],[102.11913745600003,13.283176853000043],[102.11740166700008,13.284010461000037],[102.11904066100004,13.284763318000046],[102.11850227600007,13.290845619000038],[102.11940867000004,13.291501844000038],[102.11974730700007,13.295335673000068],[102.11803006500008,13.295831500000077],[102.11859086900006,13.29721259200005],[102.11833537600006,13.300973180000028],[102.11976931000004,13.302002815000037],[102.11858698100008,13.303116350000039],[102.12404633800008,13.310650155000076],[102.12237292900005,13.311507104000043],[102.12384261400007,13.313702699000032],[102.12526673100007,13.313700095000058],[102.12601712200006,13.316247310000051],[102.12531320200009,13.31838053000007],[102.12730540500007,13.318856277000066],[102.12799416100006,13.320093247000045],[102.12712542800006,13.321633898000073],[102.12912272500006,13.325080692000029],[102.12908896700009,13.32639116200005],[102.12642064500005,13.327178226000058],[102.12777743100008,13.33006513600003],[102.12680770700007,13.330300970000053],[102.12682005000005,13.332618019000051],[102.12768805200005,13.334740160000024],[102.12948136300008,13.336036655000044],[102.13142311900003,13.336088321000034],[102.13317442500005,13.334051016000046],[102.13634685800008,13.332595034000065],[102.13797010500008,13.332474137000077],[102.13703172100008,13.33090418200004],[102.13855234100004,13.32973153100005],[102.13891345400003,13.328127147000032],[102.14135850100007,13.327451986000028],[102.14340534800004,13.323836064000034],[102.14707259200009,13.322296357000027],[102.14701030700007,13.321485592000045],[102.15020794100008,13.31906102000005],[102.15482638700007,13.320723523000026],[102.15610670700005,13.32214637100003],[102.15757548400006,13.321620190000033],[102.16129567200005,13.32367791400003],[102.16416427100006,13.32418473100006],[102.16921040700004,13.323051943000053],[102.17032311500009,13.320068891000062],[102.17290519400007,13.318361734000064],[102.18088833900003,13.31457729300007],[102.18186876200008,13.31272034400007],[102.18138540200005,13.31011522800003],[102.18408777500008,13.30408439300004],[102.18955395600005,13.300919297000064],[102.19020695700004,13.299356481000075],[102.18987437400006,13.295681610000031],[102.18865892300005,13.293062450000036],[102.19002094100006,13.291878518000033],[102.19140858900005,13.292298668000058],[102.19287906600005,13.295133473000021],[102.19555292000007,13.296657310000057],[102.19667091400004,13.296031265000067],[102.19940367700008,13.297449509000046],[102.20089867700005,13.299311267000064],[102.20220631300003,13.29886730000004],[102.20624276800004,13.300281982000058],[102.20787401500007,13.30281909100006],[102.21237728100004,13.303612969000028],[102.21260756300006,13.305919739000046],[102.21466878500007,13.307693012000072],[102.21621540700005,13.31111506600007],[102.21715949800006,13.31006044000003],[102.21652464500005,13.308044962000054],[102.21738227100008,13.307366499000068],[102.21866240000008,13.30395194600004],[102.22314935500003,13.303807978000066],[102.22458672800008,13.30225619600003],[102.22870311300005,13.301553419000072],[102.22901356500006,13.30018520300007],[102.23166312800004,13.296202811000057],[102.23197055600008,13.292773381000075],[102.23640726500008,13.291988361000051],[102.23844359100008,13.291164352000067],[102.24256292000007,13.286902044000044],[102.24480464600003,13.285576967000054],[102.25026115400004,13.285035906000076],[102.25473681700004,13.28523565100005],[102.25604614700006,13.284757263000074],[102.25915158900006,13.287188365000077],[102.26134543300009,13.288001708000024],[102.26300014500003,13.287232972000027],[102.26756448800006,13.289245107000056],[102.27275447200009,13.288430487000028],[102.27493800400003,13.28979165100003],[102.27804228200006,13.290324832000067],[102.27817117800004,13.292156485000021],[102.28012175700007,13.294023476000064],[102.27991855000005,13.296775704000027],[102.28224509600005,13.301551102000076],[102.28326640500006,13.301197853000076],[102.28377653500007,13.303635412000062],[102.28377013500005,13.306255841000052],[102.28565968300006,13.307722543000068],[102.28214979500007,13.30968011300007],[102.28260134200008,13.311520753000025],[102.28091796200005,13.312459225000055],[102.27971930300004,13.314909630000045],[102.28081056400003,13.318176574000063],[102.27639231000006,13.317490182000029],[102.27345517200007,13.317623952000076],[102.27314010600008,13.32277033400004],[102.27086377600006,13.323116695000067],[102.27210267700008,13.324929625000038],[102.27478434900007,13.324496673000056],[102.27509188200008,13.326444827000046],[102.27327927800008,13.327463317000024],[102.27352693800003,13.33073937100005],[102.27012282000004,13.332065621000027],[102.26902635500005,13.330548252000028],[102.26602456400008,13.334266804000038],[102.26689569300004,13.335131353000065],[102.26473521400004,13.335472761000062],[102.26198009500007,13.334371700000077],[102.26075039700004,13.337931557000047],[102.25572838200009,13.339856328000053],[102.25264079900006,13.340171600000076],[102.25296140000006,13.338941269000031],[102.25157585700003,13.33773201300005],[102.24944817500005,13.337801398000067],[102.24619567200006,13.339720747000058],[102.24491934100007,13.33953269500006],[102.24585816300004,13.341780819000064],[102.24316978800005,13.341821668000023],[102.24215824500004,13.34439502500004],[102.24042345500004,13.344535969000049],[102.24026994300004,13.346696312000063],[102.23515181300007,13.346959516000027],[102.23390105500005,13.351200727000048],[102.23032828800007,13.350544386000024],[102.22982124400005,13.35238441100006],[102.22786415800005,13.353603403000022],[102.22847729500006,13.355383778000032],[102.22379490200007,13.358916849000025],[102.22265306100007,13.358029371000043],[102.22273762400005,13.361102093000056],[102.22209384400009,13.361484978000021],[102.22203390800007,13.365181321000023],[102.22432091100006,13.367204303000051],[102.22432969400006,13.368745357000023],[102.22601647100004,13.37635165200004],[102.22593111100008,13.387041662000058],[102.22605755800004,13.393674688000033],[102.22515700400004,13.396482498000069],[102.22536324600009,13.399806056000045],[102.22417507100005,13.400685385000031],[102.22448210600004,13.404098272000056],[102.22402511500007,13.407540622000056],[102.22585675500005,13.413641846000075],[102.23076811200008,13.413844796000035],[102.23244744500005,13.414561759000037],[102.23402431700003,13.416926810000064],[102.23384132200005,13.419269729000064],[102.23266218000003,13.420994266000037],[102.23330000800007,13.42466481200006],[102.23407186200006,13.425538055000061],[102.23445376400008,13.428953690000071],[102.23617176300007,13.429484520000074],[102.23650235100007,13.431061713000076],[102.23436885500007,13.433645543000068],[102.23665970800005,13.437021316000028],[102.23459183900007,13.441039024000077],[102.23518129300004,13.445357597000054],[102.23451754300004,13.446077004000074],[102.23496900200007,13.44998269100006],[102.23615229400008,13.45207681100004],[102.23532592400005,13.453839806000076],[102.23640358300008,13.457204956000055],[102.23437273500008,13.459078909000027],[102.23480103800006,13.467286710000053],[102.23863854800004,13.465509292000036],[102.24187415600005,13.469172023000056],[102.24133796900009,13.470479516000069],[102.23719321700008,13.472168646000057],[102.23684683300007,13.47535054900004],[102.23401638900003,13.476398109000058],[102.23143023800009,13.478898421000054],[102.22816868900009,13.478172401000052],[102.22723012800009,13.479947798000069],[102.22359355600008,13.480971641000053],[102.22357866700008,13.482879624000077],[102.22014045200007,13.482399975000021],[102.21863834900006,13.480772759000047]]]},"properties":{"Shape_Leng":1.42557434453,"Shape_Area":0.0428870316127,"ADM2_EN":"Wang Sombun","ADM2_TH":"วังสมบูรณ์","ADM2_PCODE":"TH2709","ADM1_EN":"Sa Kaeo","ADM1_TH":"สระแก้ว","ADM1_PCODE":"TH27","ADM0_EN":"Thailand","ADM0_TH":"ประเทศไทย","ADM0_PCODE":"TH"}}
]}