{"type":"FeatureCollection", "features": [
{"type":"Feature","geometry":{"type":"Polygon","coordinates":[[[102.96221879500007,17.47059822500006],[102.96083568600005,17.471490954000046],[102.95854066800007,17.473145458000033],[102.95758761600007,17.473620142000073],[102.95706992900006,17.474320315000057],[102.95660472500003,17.47439442900003],[102.95582746700006,17.473691703000043],[102.95498575500005,17.471758774000023],[102.95333864900005,17.470817316000023],[102.95265181500008,17.470838908000076],[102.95155436200008,17.47175942000007],[102.95031366300009,17.47223390100004],[102.94914826800004,17.473214030000065],[102.94866189400005,17.474006850000023],[102.94823303900006,17.474186539000073],[102.94611053400007,17.47445075400003],[102.94559796300007,17.47436812600006],[102.94490353600008,17.47380675100004],[102.94295848100006,17.47153241600006],[102.94151085600004,17.470230827000023],[102.94106119500003,17.470196517000034],[102.93931553300007,17.471920501000056],[102.93840140200007,17.472534901000074],[102.93587565800004,17.471703309000077],[102.93206457800005,17.470138057000042],[102.93154399800005,17.470196974000032],[102.93070048600003,17.471021391000022],[102.92815495800005,17.473205305000022],[102.92765297400007,17.473543195000047],[102.92732174400004,17.475903334000066],[102.92675429200006,17.476313253000058],[102.92466843900007,17.476534566000055],[102.92382352900006,17.47713002200004],[102.92255289300005,17.47880779700006],[102.92188840200004,17.479380389000028],[102.91936611600005,17.481070996000028],[102.91590896700006,17.483744357000035],[102.91500774600007,17.484669275000044],[102.91404434100008,17.486160502000075],[102.91401974500008,17.48720084000007],[102.91425523500004,17.488010291000023],[102.91541937800008,17.48917356800007],[102.91750012900008,17.490273630000047],[102.92095427700008,17.493204954000078],[102.92335860100007,17.495308040000054],[102.92465414000009,17.497165753000047],[102.92499449100006,17.499940223000067],[102.92531373900005,17.500638527000035],[102.92579497000008,17.500937875000034],[102.92741992600008,17.501113773000043],[102.92729196500005,17.50233121900004],[102.92672202400007,17.502996905000032],[102.92697951600007,17.504008674000033],[102.92650058600009,17.50426948100005],[102.92614937300004,17.505138431000034],[102.92600699300004,17.506202106000046],[102.92683007100004,17.506447368000067],[102.92713018100005,17.50697549100005],[102.92691264600006,17.50860220900006],[102.92738271100006,17.50898505400005],[102.92740305400008,17.510007122000047],[102.92768750000005,17.510767575000045],[102.92724573200007,17.510988163000036],[102.92758153800008,17.51236878800006],[102.92693378400008,17.513986935000048],[102.92622232600007,17.514254083000026],[102.92523544600004,17.513978226000063],[102.92344204200003,17.514542748000054],[102.92274918800007,17.51456563000005],[102.92110188800007,17.51548791500005],[102.91955575400004,17.517342530000064],[102.91911958200006,17.51737062500007],[102.91839536600008,17.51832272300004],[102.91786598000004,17.51851182000007],[102.91800759000006,17.52049219400004],[102.91728355000004,17.52136236700005],[102.91716550800004,17.52215109900004],[102.91601198300003,17.524111573000027],[102.91499634100006,17.525318338000034],[102.91413671200007,17.52599559600003],[102.91140843900007,17.527288700000042],[102.91002697400006,17.528426189000072],[102.90783270600008,17.53059844200004],[102.90527908600006,17.53398846500005],[102.90397041600005,17.536572068000055],[102.90251586900007,17.539872351000042],[102.90100652000007,17.544089756000062],[102.90007370100005,17.546856294000065],[102.89867263900004,17.55056340400006],[102.89865250500009,17.555450456000074],[102.89701418900006,17.555582569000023],[102.89596776100007,17.558403831000078],[102.90019206300008,17.559644726000045],[102.89908713200003,17.562756746000048],[102.89749919400003,17.562814974000048],[102.89722299000005,17.563013209000076],[102.89672177600005,17.56418006100006],[102.89305289100008,17.56470924200005],[102.88893915600005,17.565493460000027],[102.88058567100006,17.56702983400004],[102.87372683000007,17.568227836000062],[102.86777726100007,17.569304911000074],[102.85724615400005,17.57105449100004],[102.84844172500004,17.572444017000066],[102.84619453400006,17.572727918000055],[102.84127847400003,17.572806419000074],[102.82461525400004,17.572975349000046],[102.81865794300006,17.572867607000035],[102.81699693500008,17.57296831900004],[102.81530808200006,17.573446923000063],[102.81082680800006,17.57550602400005],[102.80686734400007,17.57686885800007],[102.80525028100004,17.577363155000057],[102.80069485100006,17.577903449000075],[102.79974051300007,17.577949791000037],[102.79607706200005,17.577784577000045],[102.79225270400008,17.578028696000047],[102.78925672600008,17.577718453000045],[102.78913168300005,17.57718346000007],[102.78951780500006,17.576578141000027],[102.78944833700007,17.575104702000033],[102.78976704800004,17.574760496000067],[102.78909490200004,17.574368313000036],[102.78916353200003,17.573725892000027],[102.78885630500008,17.573291623000046],[102.78900313200006,17.572334815000033],[102.78850487600005,17.571408619000067],[102.78790688000004,17.570784384000035],[102.78696807500006,17.57066880700006],[102.78639373900006,17.570091235000064],[102.78624652300005,17.569556677000037],[102.78540178300005,17.568710002000046],[102.78485360600007,17.56869507600004],[102.78442260400004,17.568196466000074],[102.78446746700007,17.567464975000064],[102.78386021500006,17.56656458200007],[102.78342814500007,17.56643893300003],[102.78335058200008,17.565853876000062],[102.78256258100004,17.565863876000037],[102.78211327800005,17.565450062000025],[102.78111714100004,17.56544766600007],[102.78083329400005,17.563916204000066],[102.78028588300003,17.563370276000057],[102.77918399800006,17.563338857000076],[102.77853380800008,17.56300183700006],[102.77751317900004,17.56380740900005],[102.77709647500006,17.563314089000073],[102.77635550900004,17.563122598000064],[102.77546663900006,17.56333666100005],[102.77320701800005,17.56314416300006],[102.76981707400006,17.562346061000028],[102.76566137900005,17.560521751000067],[102.76186335200003,17.56020711700006],[102.76097997500005,17.559477505000075],[102.75813512100007,17.559736547000057],[102.75682469200007,17.561552724000023],[102.75646652100005,17.56143211600005],[102.75544450700005,17.560353027000076],[102.75444128600009,17.560560069000076],[102.75333041800008,17.559801813000036],[102.75141165100007,17.560002170000075],[102.75043913500008,17.56022490500004],[102.74991442100008,17.560771311000053],[102.74867371300007,17.560963069000024],[102.74843886500008,17.561420718000022],[102.74762321300005,17.561744323000028],[102.74659985900007,17.561802346000036],[102.74561850700007,17.561510232000046],[102.74461024400006,17.56147525800003],[102.74316610100004,17.561739508000073],[102.74278569000006,17.562125234000064],[102.74243495700006,17.56186579000007],[102.74133499500005,17.561679756000046],[102.74126933500008,17.561184886000035],[102.74045717500007,17.56080885600005],[102.74005338100005,17.560294396000074],[102.73940327300005,17.560396723000053],[102.73847613800007,17.559636038000065],[102.73744906600007,17.559663087000047],[102.73655543300004,17.559293921000062],[102.73601529900009,17.558477082000024],[102.73545280700006,17.558895132000032],[102.73465211700005,17.558791233000022],[102.73451129100005,17.558207938000066],[102.73399995200003,17.558173346000046],[102.73377478600008,17.558673525000074],[102.73269898000007,17.558263529000044],[102.73166110200003,17.558461651000073],[102.73136874900007,17.55778050300006],[102.73083895000008,17.557698946000073],[102.72924556600009,17.556483842000034],[102.72756777400008,17.556039388000045],[102.72692871700008,17.556448180000075],[102.72668170200006,17.55704335300004],[102.72242273100005,17.558950113000037],[102.72140104200008,17.559470910000073],[102.71734774500004,17.561881382000024],[102.71278185800008,17.565130931000056],[102.70766285800005,17.567039172000023],[102.69452513500005,17.57168342500006],[102.69326517500008,17.57184200000006],[102.69293472200007,17.570963965000033],[102.69220604400005,17.57055795800005],[102.69258011600004,17.570172094000043],[102.69212540200004,17.569972439000026],[102.69166943800008,17.57039793000007],[102.69147136900006,17.569930612000064],[102.69100009400006,17.570113882000044],[102.69048248200005,17.569682923000073],[102.69027139600007,17.568934143000035],[102.68937968800009,17.568238532000066],[102.68932429300008,17.567731365000043],[102.68846186000007,17.567118900000025],[102.68740302000003,17.56551617300005],[102.68726229200007,17.564792888000056],[102.68773580900006,17.56439628100003],[102.68839176700004,17.564577792000023],[102.68828801600006,17.562525914000048],[102.68803181300007,17.56221123100005],[102.68793410300003,17.560852831000034],[102.68805086200007,17.55976724900006],[102.68872307700008,17.559231301000068],[102.68878864100009,17.55848260500005],[102.68833635300007,17.55803336500003],[102.68791141200006,17.55610781100006],[102.68790922400007,17.554965761000062],[102.68820059200004,17.554461871000058],[102.68776379500008,17.553877967000062],[102.68771824000004,17.55329245100006],[102.68695093800005,17.553198817000066],[102.68690167800008,17.55240334900003],[102.68585771900007,17.55111449900005],[102.68534378800007,17.550851029000057],[102.68519441000007,17.550225116000036],[102.68446609900008,17.549211659000036],[102.68347245100006,17.549225879000062],[102.68244113900005,17.548366612000052],[102.68150597100004,17.548226465000027],[102.68148017800007,17.54584198200007],[102.68131321400006,17.54520087000003],[102.68074699600004,17.54478634700007],[102.68055134100007,17.54409582100004],[102.67900752200006,17.54262612200006],[102.67855400300004,17.541793607000045],[102.67863331900008,17.54145104400004],[102.67794485000007,17.539513201000034],[102.67718845800005,17.537780546000022],[102.67499647400007,17.534327451000024],[102.67166988400004,17.531287589000044],[102.67174226900005,17.528602000000035],[102.67219196700006,17.526792275000048],[102.67362300100007,17.523990765000065],[102.67542955400006,17.521449784000026],[102.67764158200004,17.51872000800006],[102.67931257900005,17.517317243000036],[102.68008369400007,17.51691207700003],[102.68201814600008,17.516230390000032],[102.68336936900005,17.51561051300007],[102.68525740200005,17.514385881000067],[102.68803742700004,17.512291539000046],[102.68950511800006,17.51008766500007],[102.69115974200008,17.508437195000056],[102.69257131400008,17.507407511000054],[102.69321800800009,17.506326854000065],[102.69294730500008,17.503927960000055],[102.69233526900007,17.502175272000045],[102.69225046300005,17.500848443000052],[102.69264915800005,17.49933737500004],[102.69320470000008,17.498491270000045],[102.69551649900006,17.49589299200005],[102.69725931700003,17.494586997000056],[102.69927065200005,17.493894210000065],[102.70126116600005,17.492469072000063],[102.70230421800005,17.491566328000033],[102.70376931600003,17.489858308000066],[102.70399649500007,17.48917678300006],[102.70547889900007,17.482242110000072],[102.70556417500006,17.48146486400003],[102.70508816300008,17.479962197000077],[102.70557451300004,17.479632516000038],[102.70526120700004,17.477855635000026],[102.70440573000008,17.47534837200004],[102.70402594400008,17.475054356000044],[102.70441768900008,17.47445605400003],[102.70337919500008,17.47451547000003],[102.70345369800003,17.473662027000046],[102.70320357800006,17.472848270000043],[102.70237664200005,17.472311138000066],[102.70298767800006,17.471498944000075],[102.70260672700005,17.47108111500006],[102.70200622400006,17.471326305000048],[102.70099358600004,17.47048584500004],[102.70119882800009,17.469627153000033],[102.70054425300003,17.46919956100004],[102.70067851500005,17.468549775000042],[102.69951728600006,17.469336791000046],[102.69860542800006,17.46955811500004],[102.69766308000004,17.46925290300004],[102.69716259700004,17.468774901000074],[102.69598209400004,17.468795354000065],[102.69556480000006,17.469183068000063],[102.69438616200006,17.469321457000035],[102.69373691500004,17.469968662000042],[102.69271108200007,17.469798127000047],[102.69309206200006,17.470711191000078],[102.69276248800008,17.47139426900003],[102.69157580000007,17.47104719500004],[102.69173401800003,17.470561520000047],[102.69132372200005,17.469377912000027],[102.69064898500005,17.46912216100003],[102.69000906400004,17.46942793100004],[102.69016606400004,17.468961621000062],[102.68906993000007,17.46843320200003],[102.68836507700007,17.468643962000044],[102.68768601200009,17.467266988000063],[102.68675047200009,17.46705803800006],[102.68631564300006,17.466187164000075],[102.68490671500007,17.46550539800006],[102.68481898900006,17.46415548500005],[102.68432714800008,17.463550198000064],[102.68391370400008,17.463509029000022],[102.68349393200003,17.463978548000057],[102.68256464900008,17.464363607000053],[102.68177422900004,17.46308790100005],[102.68189651400007,17.46179518100007],[102.68123709100007,17.46113573300005],[102.68117641600008,17.460577886000067],[102.67962974400007,17.460516940000048],[102.67846305200004,17.460722173000022],[102.67820024200006,17.460547145000078],[102.67726242900005,17.45906964900007],[102.67694122200004,17.459861731000046],[102.67629206600009,17.460308826000073],[102.67627196700005,17.459417476000056],[102.67576729700005,17.45912708800006],[102.67534795300008,17.457900584000072],[102.67577065100005,17.457152593000046],[102.67535774700008,17.456360989000075],[102.67425443100007,17.456644778000054],[102.67327126200007,17.455635318000077],[102.67226127500004,17.45605210100007],[102.67166051000004,17.45664558200002],[102.67102198500004,17.456658281000045],[102.67041277500005,17.45617274500006],[102.67030075900004,17.454976773000055],[102.66986992600005,17.45480119800004],[102.66880970700004,17.455945600000064],[102.66788147400007,17.456357140000023],[102.66775985500004,17.456963090000045],[102.66906033500004,17.45730827500006],[102.66893483100006,17.45770285900005],[102.66810838000004,17.457512166000072],[102.66782807400006,17.45814434400006],[102.66625662700005,17.45735091800003],[102.66589315800007,17.457477655000048],[102.66492325600007,17.458965576000026],[102.66494844600004,17.458217641000033],[102.66402506900005,17.458387661000074],[102.66313776900006,17.456980497000075],[102.66205653600008,17.45726518600003],[102.66257937400007,17.458059314000025],[102.66219826500009,17.45820195400006],[102.66116060200005,17.45771626000004],[102.66057136300009,17.458394317000057],[102.65986621900004,17.458509384000024],[102.65876418600004,17.45992362900006],[102.65870913700007,17.45895942900006],[102.65824227300004,17.458882293000045],[102.65729264000004,17.459208808000028],[102.65751778800006,17.45849084300005],[102.65735253800005,17.45797556800005],[102.65677397700006,17.457624563000024],[102.65579016000004,17.457533719000025],[102.65585573500005,17.45705781600003],[102.65446138100003,17.455921285000045],[102.65378869000006,17.456312679000064],[102.65315447300009,17.455985817000055],[102.65249128100004,17.456121722000034],[102.65197827000009,17.455596808000053],[102.65126853600003,17.455898991000026],[102.65088499200004,17.456427020000035],[102.65050903100007,17.456080989000043],[102.64946953100008,17.456049267000026],[102.64906398600004,17.456421699000032],[102.64862488700004,17.455935972000077],[102.64707190800004,17.455486457000063],[102.64654671900007,17.454906356000038],[102.64602275800007,17.45498830100007],[102.64518682300007,17.45378097200006],[102.64451272700006,17.453738783000063],[102.64455412300003,17.454656235000073],[102.64347161500007,17.454551425000034],[102.64243568200004,17.453174196000077],[102.64130794400006,17.453529802000048],[102.64118571900008,17.45424703200007],[102.63975691300004,17.45459310800004],[102.63852912200008,17.454325717000074],[102.63640301300006,17.454461751000053],[102.63571712300006,17.453351274000056],[102.63443514700003,17.452480464000075],[102.63386351800006,17.451244321000047],[102.63391137300005,17.450700594000068],[102.63339589500004,17.449703148000026],[102.63284965300005,17.449441896000053],[102.63297975600005,17.44859732200007],[102.63163620900008,17.447685044000025],[102.63165347800003,17.447046224000076],[102.63057441300003,17.445974102000037],[102.63061013200007,17.444985375000044],[102.63112660700006,17.44396573800003],[102.63073920400007,17.44298801700006],[102.62973802800008,17.442828617000032],[102.62842263700009,17.44318816400005],[102.62794062600005,17.443624466000074],[102.62720786200003,17.44345572000003],[102.62679316500004,17.44424715300005],[102.62520398900006,17.44381701100002],[102.62489765800007,17.443093317000034],[102.62432322800004,17.44257900100007],[102.62432762800006,17.441615846000047],[102.62378314600005,17.441359996000074],[102.62157780400008,17.441067263000036],[102.62132689900005,17.44005426600006],[102.62183102900008,17.439761630000078],[102.62114928000005,17.438666434000027],[102.62161094100009,17.438088829000037],[102.62084636000009,17.43682578000005],[102.62138242900005,17.436283640000056],[102.62094159700007,17.43599640900004],[102.62046716100008,17.43619896200005],[102.61959315200005,17.436104644000068],[102.61880691000005,17.436418238000044],[102.61868619800003,17.435521766000022],[102.61745955200007,17.435125627000048],[102.61639950000006,17.435414275000028],[102.61579418000008,17.435207693000052],[102.61532443000004,17.435799232000022],[102.61535866100007,17.43670561500005],[102.61474709200007,17.436816840000063],[102.61398822800004,17.436114459000066],[102.61399398300006,17.43563772600004],[102.61291359100005,17.43486590400005],[102.61319541200004,17.43380440800007],[102.61382869400006,17.433755879000046],[102.61386223600005,17.432587821000027],[102.61444994600004,17.431662274000075],[102.61418850300004,17.431138830000066],[102.61513216200007,17.43014017300004],[102.61533119300009,17.429036034000035],[102.61565438700006,17.428723543000046],[102.61616789200008,17.42903132200007],[102.61647477700006,17.42814531700003],[102.61693164900004,17.427958026000056],[102.61641046900007,17.42762463300005],[102.61687912200006,17.427099079000072],[102.61687204900005,17.42640984600007],[102.61762285400005,17.424822955000025],[102.61842053100008,17.42460204400004],[102.61847491400005,17.42344687600007],[102.61895338500005,17.422630663000064],[102.61937892900005,17.422551404000046],[102.61881337900007,17.421969251000064],[102.61887037300005,17.42004785300003],[102.61936861200007,17.418430385000022],[102.61883861100006,17.41762374500007],[102.61832592400003,17.417513341000074],[102.61846976900006,17.416799054000023],[102.61756420600005,17.416205294000065],[102.61746091000003,17.415592391000075],[102.61692627700006,17.415272440000024],[102.61708608100008,17.414357650000056],[102.61674518200005,17.414455523000072],[102.61651558500006,17.41314092600004],[102.61665598200005,17.412955982000028],[102.61808428100005,17.41287538000006],[102.61788359600007,17.41239753900004],[102.61854265900007,17.411634840000033],[102.61801846400004,17.411454022000044],[102.61801970100004,17.410657515000025],[102.61765475900006,17.410269511000024],[102.61784558200009,17.40978703600007],[102.61728398700006,17.40936695700003],[102.61636973000009,17.409243193000066],[102.61686888800006,17.408794538000052],[102.61701615700008,17.40658981200005],[102.61756104600005,17.405972249000058],[102.61800702800008,17.405857764000075],[102.61801532300007,17.404896850000057],[102.61984108800004,17.404176403000065],[102.61998911700005,17.403802076000034],[102.62067906300007,17.403556759000026],[102.62086124100006,17.402441590000024],[102.62161683300008,17.402160407000054],[102.62177662500005,17.401671410000063],[102.62243250300008,17.401126394000073],[102.62311053000008,17.401005466000072],[102.62382130000009,17.400459407000028],[102.62420133500007,17.399521307000043],[102.62410692900005,17.398442613000043],[102.62245942200008,17.396716731000026],[102.62018139900005,17.395452872000078],[102.61385373300004,17.392264917000034],[102.60888804300004,17.38989916500003],[102.60646951500007,17.38807439900006],[102.60538022400004,17.38779783900003],[102.60314793900005,17.387572935000037],[102.60005314900008,17.386080096000057],[102.59819506700006,17.38539488400005],[102.59604335600005,17.38473205200006],[102.59534482300006,17.384354606000045],[102.59545667300006,17.383777991000045],[102.59495111000007,17.382949852000024],[102.59495937000008,17.381779257000062],[102.59417505900007,17.38102875800007],[102.59461415700008,17.37862369000004],[102.59503908800008,17.376902614000073],[102.59465290500003,17.376015257000063],[102.59574349500008,17.375928600000066],[102.59681224600007,17.376108987000066],[102.59767700700007,17.375834949000023],[102.59859431000007,17.374847343000056],[102.60269383000008,17.368841728000064],[102.60370742200007,17.366729699000075],[102.60366243800007,17.366028266000058],[102.60300679400007,17.36379317600006],[102.60395482200005,17.36315149400002],[102.60643897900007,17.36169647500003],[102.60557394500006,17.359406893000028],[102.60521697500008,17.357925115000057],[102.60530814600008,17.355995306000068],[102.60588061000004,17.355496290000076],[102.60515517200008,17.352395004000073],[102.60653433000004,17.351674341000034],[102.60882773400004,17.35139543100007],[102.60997756400008,17.351060225000026],[102.61243025200008,17.348602458000073],[102.61376354200007,17.34767742400004],[102.61673313300008,17.34612512700005],[102.61805139200004,17.345619586000055],[102.61920233700005,17.34534452500003],[102.62131848100006,17.344136604000028],[102.62351551600005,17.342081347000033],[102.62382889100007,17.341286271000058],[102.62602415400005,17.339181283000073],[102.62732416900008,17.33734716600003],[102.62813053900004,17.336582519000046],[102.62929644900004,17.335828174000028],[102.62711461900005,17.333381773000042],[102.62910318300004,17.332071072000076],[102.62940627600005,17.331317696000042],[102.63231618700007,17.328980779000062],[102.63222156100005,17.328689766000025],[102.62929690400006,17.325346059000026],[102.62965866400003,17.324991755000042],[102.63386715100006,17.32154259300006],[102.63545435300006,17.320914832000028],[102.64480740800008,17.31350826000005],[102.64773637700006,17.311128796000048],[102.64918310700006,17.31005141000003],[102.65243791600005,17.307470487000046],[102.65720104700006,17.303610887000048],[102.65805311300005,17.302825684000027],[102.65736504600005,17.301562570000044],[102.65756294900007,17.300694630000066],[102.65906598700008,17.29780664900005],[102.65939936600006,17.296622854000077],[102.66003835700008,17.29584931000005],[102.66331426100004,17.29553289100005],[102.66405206100006,17.295378710000023],[102.66514247700007,17.295443512000077],[102.66504116900006,17.29419519000004],[102.66425062000008,17.293897849000075],[102.66368543900006,17.291689942000062],[102.66382499500008,17.29102040600003],[102.66321510200004,17.289107363000028],[102.66225218900007,17.287998349000077],[102.66252920600004,17.286655159000077],[102.66347359400004,17.286010029000067],[102.66287959700009,17.28550656300007],[102.66239882500008,17.284284092000064],[102.66194534300007,17.28361996700005],[102.65994563600003,17.28246530900003],[102.65904242600004,17.281071418000067],[102.65952855200004,17.279549411000062],[102.65996970700007,17.27938276200007],[102.65975802700007,17.27831057900005],[102.66036570200004,17.277189280000073],[102.66100797600006,17.27671110400007],[102.66181810900008,17.277045645000044],[102.66263777000006,17.276498751000076],[102.66300376700008,17.275012830000037],[102.66247832400006,17.274415635000025],[102.66137332200009,17.27478717100007],[102.66085155500008,17.27447109600007],[102.66107973400005,17.273296837000032],[102.66044148500004,17.27158587400004],[102.66042674100004,17.27096883300004],[102.66103770400008,17.270657566000068],[102.66119384100006,17.27020576700005],[102.66127147400005,17.26849727800004],[102.66074835100005,17.267206658000077],[102.66067734800004,17.266568850000056],[102.65967833200006,17.265221046000022],[102.65931615100004,17.263722579000046],[102.65861505900006,17.263309356000036],[102.65790154700005,17.262370386000043],[102.65496903800005,17.26133696900007],[102.64958459200005,17.258234627000036],[102.64918585300006,17.257946080000067],[102.65061586500008,17.257721334000053],[102.65071492700008,17.25649329600003],[102.65136516600006,17.255873507000047],[102.65109749200008,17.25532825700003],[102.65016097200004,17.25516204400003],[102.64956430500007,17.25407504100002],[102.64979901300006,17.253441983000073],[102.64932950900004,17.252798949000066],[102.64943034800007,17.251660104000052],[102.65000797900007,17.250906550000025],[102.65048507800009,17.24981972100005],[102.65065214700007,17.248793543000033],[102.65168403500007,17.24721636000004],[102.65235588900003,17.246734280000055],[102.65239266200007,17.246212934000027],[102.65377765800008,17.24502975400003],[102.65421934200003,17.244201145000034],[102.65423810200008,17.243687184000066],[102.65518761900006,17.24218404900006],[102.65615432500005,17.241644464000046],[102.65729486600009,17.24135863400005],[102.65770702000003,17.241035794000027],[102.65848076700007,17.239755783000078],[102.65996944700004,17.238258775000077],[102.66112865300005,17.236818275000076],[102.66635847500004,17.228245033000064],[102.66755997700005,17.225401158000068],[102.66801013400004,17.22338063500007],[102.66846007100008,17.219450701000028],[102.66881202600007,17.21453402000003],[102.66995394700007,17.20580932300004],[102.67049242700006,17.205465395000033],[102.67100974700008,17.204041155000027],[102.67208173200004,17.20377965800003],[102.67305355700006,17.20396898000007],[102.67434987200005,17.20366248600004],[102.67766311900004,17.20583326900004],[102.67838768200005,17.20662268500007],[102.67819283700004,17.20734458000004],[102.67781213200004,17.20763501600004],[102.67629540000007,17.207547324000075],[102.67615729500005,17.208115065000072],[102.67707460200006,17.208716957000036],[102.67727504800007,17.209383409000054],[102.67733773100008,17.211439575000043],[102.67792893000006,17.211913933000062],[102.67829123300004,17.211828815000047],[102.67928388900003,17.212259138000036],[102.68088268000008,17.212599871000066],[102.68265477100005,17.213834061000057],[102.68537764600006,17.21523757500006],[102.68685161700006,17.215580257000056],[102.68768755200006,17.21511322300006],[102.68736017300006,17.21436135500005],[102.68721851200007,17.213293185000055],[102.68742634500006,17.212660731000028],[102.68795947000007,17.212168391000034],[102.68856503000006,17.21222238300004],[102.69068762700005,17.213226881000026],[102.69134540800007,17.213135100000045],[102.69202908700004,17.213390840000045],[102.69270752500006,17.21396650300005],[102.69347297300004,17.215031062000037],[102.69406222000003,17.214836080000055],[102.69487865800005,17.215234648000035],[102.69613289300008,17.21548770000004],[102.69645370800004,17.215892281000038],[102.69635829000003,17.216856891000077],[102.69654098300003,17.217399312000055],[102.69623311300006,17.21771743100004],[102.69648070100004,17.218290747000026],[102.69610690000007,17.218910790000052],[102.69628980500005,17.219713334000062],[102.69737863100005,17.21974595000006],[102.69771602300005,17.22047019000007],[102.69885955600006,17.22084340200007],[102.69991604600006,17.22074034700006],[102.70056410900008,17.220305662000044],[102.70044667600007,17.220936004000066],[102.70130126600009,17.220764590000044],[102.70250723900006,17.221003589000077],[102.70278479900009,17.221543879000023],[102.70398684000008,17.220788346000063],[102.70453588700008,17.220184790000076],[102.70427911600007,17.219400535000034],[102.70610210100006,17.22113552600007],[102.70734588700009,17.221078783000053],[102.70793201900005,17.22133612700003],[102.70958309200006,17.22140341900007],[102.71039010700008,17.22176777900006],[102.71156281900005,17.221767030000024],[102.71140682100008,17.222294547000047],[102.71080624300004,17.22226429500006],[102.71031362100007,17.222712912000077],[102.71161996600006,17.222892357000035],[102.71167709200006,17.22351599800004],[102.71268855800008,17.223112038000068],[102.71340669500006,17.22327854400004],[102.71347452300006,17.22373671500003],[102.71471587600007,17.22414264300005],[102.71523881800005,17.22360725300007],[102.71607134200008,17.22411468000007],[102.71839849300005,17.222098807000066],[102.71891155300005,17.222490339000046],[102.72027064900004,17.222802880000074],[102.72052927300007,17.22217454200006],[102.72027254600005,17.221172301000024],[102.72086729300008,17.221344010000053],[102.72202660000005,17.221009095000056],[102.72193705700005,17.22155110800003],[102.72298609700005,17.221011216000022],[102.72358427300009,17.221827619000067],[102.72439858100006,17.222378406000075],[102.72550683700007,17.222446192000064],[102.72639357900005,17.223417738000023],[102.72670981400006,17.223020081000072],[102.72810999400008,17.223075349000055],[102.72907946600009,17.223475919000066],[102.73004513400008,17.223352559000034],[102.73038573100007,17.22280044300004],[102.73048650800007,17.221640887000035],[102.73104907900006,17.221581736000076],[102.73133934500004,17.220702077000055],[102.73184952900004,17.220875357000068],[102.73281618200008,17.220759831000066],[102.73292369300003,17.221148473000028],[102.73366517100004,17.221120797000026],[102.73373749000007,17.22157630600003],[102.73492755300003,17.221188936000033],[102.73500559600006,17.22067700100007],[102.73586298200007,17.22115685600005],[102.73576648000005,17.220744677000027],[102.73667913000008,17.220732557000076],[102.73729058500004,17.220188759000052],[102.73806239300006,17.21994819200006],[102.73894662000004,17.220242429000052],[102.73961763100004,17.22009457400003],[102.73989404300005,17.220373033000044],[102.73965718100004,17.22101101900006],[102.74028411400008,17.221252324000034],[102.74022063800004,17.220768580000026],[102.74082069800005,17.220760919000043],[102.74128893600005,17.221172358000047],[102.74118355700006,17.221728394000024],[102.74218490100009,17.22197322900007],[102.74204446200008,17.22119594000003],[102.74303600100006,17.22036694600007],[102.74457399300007,17.220440722000035],[102.74540531000008,17.220835761000046],[102.74603369400006,17.22060698100006],[102.74770040600004,17.220553191000022],[102.74883039200006,17.22037848800005],[102.74874059700005,17.219390067000063],[102.74996306900005,17.21917773200005],[102.75101521400006,17.219766743000037],[102.75534151500005,17.223950255000034],[102.75622215100009,17.224515549000046],[102.75774503100007,17.224872969000046],[102.76135249900005,17.224284554000064],[102.76580322700005,17.22332614000004],[102.76810728100008,17.222646534000035],[102.76944139300008,17.22208272900002],[102.77104606500006,17.22100868900003],[102.77494075400006,17.216163437000034],[102.77670638300003,17.215617997000038],[102.78440581800004,17.21538961500005],[102.78490357900006,17.21552661900006],[102.78623523300007,17.21662874200007],[102.78645243100004,17.217554949000032],[102.78685417800006,17.217859453000074],[102.78657485500008,17.218343291000053],[102.78692660800004,17.218973924000068],[102.78662198200004,17.219468592000055],[102.78705067600004,17.219865249000065],[102.78787116200004,17.21987405300007],[102.78719112200008,17.220667132000074],[102.78757032000004,17.221314935000066],[102.78807588700005,17.22155809000003],[102.78728687600005,17.22278379000005],[102.78607375700005,17.223532333000037],[102.78629860100006,17.224140591000037],[102.78741529900009,17.224893506000058],[102.78776930800007,17.225589355000068],[102.78689175200009,17.225614505000067],[102.78607699700007,17.22652451500005],[102.78605534700006,17.226909225000043],[102.78729437200008,17.22837786300005],[102.78714942400006,17.22935902100005],[102.78805272400007,17.228695531000028],[102.78840451100007,17.229669710000053],[102.78924846300004,17.22994009400003],[102.78883682000009,17.230317754000055],[102.78927267400007,17.23091235100003],[102.78890813100008,17.23223521600005],[102.78953662000004,17.23233999200005],[102.79036778300008,17.232936748000043],[102.79111553500007,17.23378894700005],[102.79156139800006,17.233553694000022],[102.79238087300007,17.234432062000053],[102.79296618400008,17.235550872000033],[102.79243913300007,17.23622593600004],[102.79242490000007,17.236955703000035],[102.79358615100006,17.23854089400004],[102.79443454400007,17.238531273000035],[102.79443469900008,17.239068110000062],[102.79551634400008,17.240078604000075],[102.79622442900006,17.239681964000056],[102.79662884600003,17.239853673000027],[102.79692487900007,17.23922897400007],[102.79747848700003,17.239825207000024],[102.79880194900005,17.24059023800004],[102.79936293100008,17.241378417000078],[102.79969551300007,17.241115570000034],[102.80032103600007,17.24213386100007],[102.80070836700008,17.242348408000055],[102.80092309200006,17.243696155000066],[102.80001315800007,17.243821445000037],[102.79967238600005,17.244512352000072],[102.79910234400006,17.245186067000077],[102.79941939900004,17.245751017000032],[102.79924433100007,17.246479265000062],[102.79960962900009,17.246679649000043],[102.80071027800005,17.246400014000073],[102.80081278700004,17.24674494800007],[102.80165182600007,17.246941115000027],[102.80181716400006,17.248084154000026],[102.80137661300006,17.248357487000078],[102.80164117800007,17.248805893000053],[102.80259069800007,17.249312134000036],[102.80297316800005,17.249238451000053],[102.80359576500007,17.250281528000073],[102.80504517500003,17.25029579900007],[102.80566651700008,17.25089739200007],[102.80690507700007,17.251098140000067],[102.80645116800008,17.25275286300007],[102.80687387700004,17.252875420000066],[102.80693202800006,17.25385728200007],[102.80743649000004,17.253963174000035],[102.80763622600006,17.25348694400003],[102.80899077400005,17.253252099000065],[102.80903837000005,17.254017490000024],[102.80957635600004,17.253789187000052],[102.81016620500009,17.25435372000004],[102.80985234500008,17.254975083000033],[102.80946113100003,17.254914693000046],[102.80906394300007,17.255771579000054],[102.80928351100005,17.257250190000036],[102.80992312600006,17.257437623000044],[102.81141275200008,17.257223968000062],[102.81248924500005,17.258122017000062],[102.81312931500008,17.25806147700007],[102.81417698800004,17.258633621000058],[102.81464157900007,17.258019124000043],[102.81522485200009,17.258492244000024],[102.81581049500005,17.258334631000025],[102.81627873500008,17.25892837600003],[102.81685715400005,17.25881049700007],[102.81697820000005,17.25832893300003],[102.81791051000005,17.258368037000025],[102.81788454300005,17.257799822000038],[102.81833502400008,17.257258016000037],[102.81938752100007,17.257347809000066],[102.81968207900007,17.257878867000045],[102.81938870900007,17.258401508000077],[102.81978616100008,17.259244181000042],[102.82029347000008,17.259409212000037],[102.82021190900008,17.25985775600003],[102.82168592000005,17.26044248100004],[102.82126196200005,17.261316328000078],[102.82180986400004,17.261779740000065],[102.82249432600008,17.26162750900005],[102.82282268000006,17.262414344000035],[102.82363010000006,17.263358078000067],[102.82494654900006,17.26282864800004],[102.82515954800004,17.262152380000032],[102.82575759200006,17.262128631000053],[102.82746763900008,17.26034937000003],[102.82744421400008,17.259882780000055],[102.82790708100003,17.259261191000064],[102.82883197100006,17.259885156000053],[102.82989643500008,17.25922632000004],[102.82957874800007,17.258662526000023],[102.83025394200007,17.25871576700007],[102.83036737700007,17.258120769000072],[102.83081504600005,17.25786709500005],[102.83057217000004,17.257453647000034],[102.83097555600006,17.256772237000064],[102.83193193500006,17.25682252000007],[102.83221780000008,17.257136762000073],[102.83362832200004,17.25645957000006],[102.83425706500009,17.256379047000053],[102.83536121300006,17.25659223400004],[102.83605775100006,17.257197511000072],[102.83663629500006,17.25726644100007],[102.83724955000008,17.256763179000075],[102.83719128500007,17.256286172000046],[102.83760149100004,17.25557614400003],[102.83872535400008,17.254816382000058],[102.83861019200003,17.254206516000067],[102.83947998000008,17.253585189000034],[102.83971604800007,17.25253101900006],[102.84052821400007,17.252098946000046],[102.84057475400004,17.251093113000024],[102.84083726000006,17.25052443000004],[102.84144945400004,17.25019689900006],[102.84198192000008,17.249167942000042],[102.84150066000007,17.249087643000053],[102.84128876900007,17.248562695000032],[102.84177389400008,17.248429503000068],[102.84252344000004,17.24753227100007],[102.84291876400005,17.24737938100003],[102.84209283000007,17.24517786800004],[102.84262878000004,17.244464916000027],[102.84346730400006,17.243912584000043],[102.84390993200009,17.24398928900007],[102.84474956300005,17.243520817000046],[102.84541288500009,17.24276109500005],[102.84614905200004,17.242572929000062],[102.84643789200004,17.24282316600005],[102.84869652000003,17.241612978000035],[102.84817418900008,17.237829909000027],[102.84919185000007,17.237583720000032],[102.84989729000006,17.236232143000052],[102.85065126500007,17.235597737000035],[102.85189152700008,17.234180138000056],[102.85399699800007,17.234516273000054],[102.85481260400007,17.234034550000047],[102.85594013500008,17.233846434000043],[102.85629953500006,17.233505489000038],[102.85688483800004,17.233711482000047],[102.85759033300008,17.232930494000072],[102.85813379400008,17.23298726300004],[102.85929988100008,17.232352890000072],[102.86043446000008,17.231055061000063],[102.86088954300004,17.230743218000043],[102.86220426900007,17.230760676000045],[102.86438494400005,17.230495846000053],[102.86533341300009,17.230537816000037],[102.86597443900007,17.23082370800006],[102.86625876500005,17.23054901300003],[102.86606545800004,17.22988070300005],[102.86664110900006,17.229745171000047],[102.86733370700006,17.229086609000035],[102.86828602100007,17.229448200000036],[102.86897976800009,17.229312143000072],[102.86911106500008,17.228086407000035],[102.87041529900006,17.227154728000073],[102.87087297800008,17.226392048000037],[102.87096019000006,17.225293238000063],[102.87174007900006,17.22515091500003],[102.87172744200006,17.22451346300005],[102.87205632800004,17.224258048000024],[102.87190726700004,17.22314736000004],[102.87223877100007,17.222400850000042],[102.87210047600007,17.221212292000075],[102.87260352400006,17.220884286000057],[102.87326109800006,17.220972077000056],[102.87402691100004,17.220253726000067],[102.87486760600007,17.220343488000026],[102.87534908100008,17.220854460000055],[102.87565139900005,17.220681023000054],[102.87650577000005,17.221416159000057],[102.87704743900008,17.222360388000027],[102.87715654500005,17.223199521000026],[102.87759912300004,17.223311169000056],[102.87782981100008,17.222170774000062],[102.87886072600008,17.221570839000037],[102.87903373700004,17.22102526900005],[102.88091026500007,17.220497891000036],[102.88085569600008,17.219829316000073],[102.88133162900004,17.219440509000037],[102.88147239500006,17.21869176000007],[102.88283245900004,17.218447952000076],[102.88308103600008,17.217540921000023],[102.88347086700009,17.217441417000032],[102.88304911600005,17.216089471000032],[102.88404975700007,17.21577082600004],[102.88396542600003,17.216366083000025],[102.88495687800008,17.21548426100003],[102.88559349400003,17.215321095000036],[102.88629211700004,17.214347243000077],[102.88672260200008,17.214165475000073],[102.88738494200004,17.214572693000036],[102.88753703300006,17.214181736000057],[102.88723974900006,17.213131369000052],[102.88801186500007,17.213289548000034],[102.88906345800007,17.212791869000057],[102.88949388400005,17.212213442000063],[102.89180384900004,17.21249693900006],[102.89234459100004,17.21125561200006],[102.89318091700005,17.21171644100002],[102.89377775500009,17.210938128000066],[102.89390344800006,17.21151697600004],[102.89430237600004,17.21160373600003],[102.89423488300008,17.21095391800003],[102.89462004300003,17.21072022100003],[102.89515130700005,17.21109745700005],[102.89489496300007,17.211522329000047],[102.89510936900007,17.212540422000075],[102.89561681800006,17.212113056000078],[102.89623393500005,17.212653016000047],[102.89631358000008,17.21326100500005],[102.89706504900005,17.212957138000036],[102.89823071800004,17.21344569100006],[102.89905923700007,17.21281897800003],[102.89876630500004,17.212194172000068],[102.89940842600004,17.212138691000064],[102.89984276200005,17.211509770000077],[102.90093494000007,17.210941699000045],[102.90195787500005,17.210897062000072],[102.90200569700005,17.210474137000062],[102.90320337600008,17.20990605700007],[102.90358794200006,17.210246779000045],[102.90312633800005,17.210724201000062],[102.90321884300005,17.211488771000063],[102.90372517300005,17.210840886000028],[102.90455519800008,17.210491105000074],[102.90446104300008,17.210080919000063],[102.90494958100004,17.209938200000067],[102.90495709800007,17.209368806000043],[102.90547445500005,17.209571550000078],[102.90706855100007,17.209550354000044],[102.90678704000004,17.20904569000004],[102.90752381700008,17.208958137000025],[102.90792117500007,17.208225454000058],[102.90928430500009,17.207991066000034],[102.90928987200004,17.208901624000077],[102.91012741700007,17.20892221500003],[102.90983333100007,17.208439616000078],[102.91089122900007,17.208106500000042],[102.91131816200004,17.208548121000035],[102.91205644300004,17.208228263000024],[102.91230728200009,17.209153333000074],[102.91305571400005,17.209416100000055],[102.91330452600005,17.210052633000032],[102.91426968800005,17.210387255000057],[102.91470392900004,17.21092942200005],[102.91536942100004,17.211107954000056],[102.91567128100007,17.210275642000056],[102.91664120000007,17.209815723000077],[102.91700408400004,17.210041407000062],[102.91855617500005,17.208402730000046],[102.91997880600007,17.207681050000076],[102.92042428400003,17.207673190000037],[102.92048034600003,17.206988958000068],[102.92124043000007,17.207107479000058],[102.92202114300005,17.20690931400003],[102.92279715800004,17.20730431000004],[102.92347221400007,17.206428603000063],[102.92439120300008,17.206073402000072],[102.92419802300009,17.205366850000075],[102.92453316800004,17.20483377100004],[102.92518111400005,17.204892012000073],[102.92667428400006,17.20408913800003],[102.92713354900008,17.203405932000067],[102.92863488700004,17.20383582100004],[102.92887302500009,17.20268416400006],[102.92951257200008,17.202595426000073],[102.92975942000004,17.203413141000055],[102.93139795100006,17.202993957000047],[102.93177389900006,17.20345062800004],[102.93191208300004,17.202819176000048],[102.93244976300008,17.20213521200003],[102.93267781100008,17.202631162000046],[102.93337188300006,17.202460409000025],[102.93346371700005,17.201907735000077],[102.93432483900006,17.20403958600002],[102.93321765300004,17.20424410000004],[102.93318640100006,17.20472655900005],[102.93267651100007,17.204653196000038],[102.93296546600004,17.20626991000006],[102.93213945500008,17.207167826000045],[102.93057682800008,17.206748424000068],[102.92992947200008,17.206965335000064],[102.92986254400006,17.207809370000064],[102.92947338700009,17.209289356000056],[102.92890747500007,17.209823719000042],[102.92776963000006,17.209449884000037],[102.92648720900007,17.209872868000048],[102.92609123900007,17.21025499900003],[102.92442719200005,17.210596974000055],[102.92414159600008,17.210888815000033],[102.92216372200005,17.211878985000055],[102.92116416800008,17.21140828600005],[102.92016109900004,17.212151384000038],[102.91950263400008,17.212041412000076],[102.91842857900008,17.21253032000004],[102.91743116400005,17.212559705000047],[102.91755634100008,17.213582848000044],[102.91618593100009,17.214266704000067],[102.91619476400007,17.215013314000032],[102.91567671600006,17.215667293000024],[102.91615039200008,17.21585721300005],[102.91560353700004,17.21645533000003],[102.91641166800008,17.21694740500004],[102.91613952800009,17.218290274000026],[102.91659307000003,17.21833422000003],[102.91700264100007,17.218882136000047],[102.91761670400007,17.21905522800006],[102.91703144600007,17.219634969000026],[102.91736474800007,17.219821484000022],[102.91736032500006,17.221027580000055],[102.91700696000004,17.221059419000028],[102.91704007000004,17.221682462000047],[102.91643335600008,17.221800852000058],[102.91622545100006,17.221420590000037],[102.91568012100004,17.22205246900006],[102.91504971800003,17.22228053500004],[102.91475592300009,17.222961122000072],[102.91501303000007,17.223434259000044],[102.91471181400004,17.223763603000066],[102.91502036200006,17.22572294300005],[102.91452669000006,17.22580816100003],[102.91458721100008,17.22712132500004],[102.91405454200009,17.227657943000054],[102.91452709200007,17.227812906000054],[102.91433535500005,17.228266821000034],[102.91369772200005,17.22809473800004],[102.91241357600006,17.22903074000004],[102.91245297300009,17.229796109000063],[102.91191267400006,17.230324171000063],[102.91199725200005,17.230951926000046],[102.91265935000007,17.231410956000047],[102.91237001000007,17.23167821000004],[102.91248075300007,17.232398028000034],[102.91179158600005,17.232619999000065],[102.91172071900007,17.233317159000023],[102.91225426200003,17.23421577700003],[102.91169291700004,17.234382654000058],[102.91126192500008,17.23359389500007],[102.91092624800007,17.233865568000056],[102.91056111900008,17.23342316000003],[102.91025241100004,17.233932851000077],[102.90967181500008,17.233904191000022],[102.90964355300008,17.234378079000066],[102.90910499500006,17.234770928000046],[102.90884713300005,17.235461730000054],[102.90825800700009,17.235686500000043],[102.90761000200007,17.235439495000037],[102.90692181800006,17.23579779100004],[102.90644689200008,17.236395652000056],[102.90534155600005,17.23645835900004],[102.90457245400006,17.237402368000062],[102.90388349400007,17.237268533000076],[102.90428754300007,17.237930370000072],[102.90418706300005,17.238360201000035],[102.90279779400004,17.239562775000024],[102.90237835400006,17.240256497000075],[102.90179349100003,17.240633762000073],[102.90239761400005,17.241716672000052],[102.90140103700008,17.24284178100004],[102.90166000700003,17.243320778000054],[102.90055851500006,17.243738509000025],[102.90120137400004,17.24418460800007],[102.90139345100005,17.244847915000037],[102.90194647700008,17.245037841000055],[102.90235041100004,17.247586760000047],[102.90285201800003,17.24879019100007],[102.90338893900008,17.248881209000047],[102.90412236200007,17.249601856000027],[102.90458864200008,17.24974439300007],[102.90451475400005,17.25079299500004],[102.90501127100003,17.251817709000022],[102.90433604000003,17.25249962500004],[102.90384661200005,17.25357640200002],[102.90504314000003,17.254612661000067],[102.90521242400007,17.25553350000007],[102.90495402100004,17.25579271500004],[102.90497740700005,17.256904838000025],[102.90445710400007,17.257769477000068],[102.90502914600006,17.258293793000064],[102.90531588700009,17.259003758000063],[102.90638897900004,17.260075090000043],[102.90609121500006,17.261255150000068],[102.90665387400009,17.261822387000052],[102.90721065000008,17.26188954400004],[102.90774264100008,17.262528804000056],[102.90761421100007,17.26340659600004],[102.90820513000006,17.26480007600003],[102.90823123800004,17.266137274000073],[102.90923682700009,17.266332756000054],[102.90958293000006,17.267206225000052],[102.90989052900005,17.268708942000046],[102.91030514800008,17.26971251200007],[102.91168881800007,17.270898215000045],[102.91243246000005,17.27115751300005],[102.91329989800005,17.272365523000076],[102.91377073700005,17.273609502000056],[102.91482310400005,17.275034728000037],[102.91523154300006,17.275936837000074],[102.91555270900005,17.277251931000023],[102.91771109100006,17.28057545200005],[102.91845497900005,17.281131720000076],[102.91836790500008,17.281902754000043],[102.91998184500005,17.282709643000032],[102.92173843900008,17.284680594000065],[102.92347370900006,17.286754779000034],[102.92396601700005,17.287557546000073],[102.92624096000009,17.289855248000038],[102.92769255700006,17.291134870000064],[102.92994064700008,17.292702217000055],[102.93099684400005,17.293843538000033],[102.93057412600007,17.294201472000054],[102.93190360300008,17.296715422000034],[102.93272447000004,17.29786340000004],[102.93327041000003,17.297862964000046],[102.93382883900006,17.298750776000077],[102.93501800200005,17.300205351000045],[102.93863500300006,17.303743073000078],[102.93938648100004,17.30434838000002],[102.94133709700009,17.30661860600003],[102.94257514100008,17.308786401000077],[102.94376885400004,17.311683518000052],[102.94471533300003,17.31491103700006],[102.94541639400006,17.31540370600004],[102.94661763100004,17.31752418700006],[102.94757153800003,17.319758989000036],[102.94770354500008,17.32046588000003],[102.94142968400007,17.327929144000052],[102.93706439600004,17.332663198000034],[102.93396645900003,17.336494584000036],[102.93307840600005,17.33752043000004],[102.93307601900005,17.337882343000047],[102.93367993600003,17.33945452300003],[102.93481089700003,17.341573439000058],[102.93576608400008,17.342497326000057],[102.93798603800008,17.344025328000043],[102.93872098200006,17.345268705000024],[102.93955688400007,17.34726944600004],[102.93934668600008,17.348385286000052],[102.93911715500008,17.351912323000022],[102.93855626000004,17.35505987700003],[102.93857465000008,17.357481841000038],[102.93892768300009,17.359105362000037],[102.93956578900008,17.360575100000062],[102.93982694400006,17.36229466800006],[102.94083867400008,17.363166770000078],[102.94114659400009,17.363680287000022],[102.94124203000007,17.36545327700003],[102.94118981000008,17.36749080800007],[102.94132883400005,17.368432748000032],[102.94170177800004,17.36928520200007],[102.94178047300005,17.370726605000073],[102.94161022600008,17.372010354000054],[102.94159602600007,17.37371696200006],[102.94201330000004,17.376052479000066],[102.94232035900006,17.37701564200006],[102.94281764800007,17.37748686300006],[102.94365914800005,17.381684500000063],[102.94418645800005,17.383767927000065],[102.94454986300008,17.384331109000073],[102.94478492400003,17.387011288000053],[102.94391041700004,17.391573685000026],[102.94388383500007,17.393839023000055],[102.94476052600004,17.394367180000074],[102.94607660200006,17.395683013000053],[102.94699520100005,17.39595692300003],[102.94861081800008,17.398043047000044],[102.94953240100006,17.399530440000035],[102.94973840200004,17.400639075000072],[102.94937970700005,17.401374857000064],[102.95027254100006,17.40240968300003],[102.95050244100008,17.402950434000047],[102.95010886300008,17.40321779900006],[102.95051290200007,17.404032158000064],[102.94969303300007,17.404601494000076],[102.94960576300008,17.405264379000073],[102.94896808200008,17.40612440700005],[102.94938024300006,17.406749320000074],[102.94928224800009,17.40761501700007],[102.94885868500006,17.407747916000062],[102.94905034800007,17.408754973000043],[102.94833516800009,17.410293143000047],[102.94838911000005,17.411062754000056],[102.94805219800008,17.411601907000033],[102.94832080800006,17.412145140000064],[102.94816328000007,17.41271030400003],[102.94865042600009,17.41381309700006],[102.94921521100008,17.414042538000047],[102.94915444500003,17.415779212000075],[102.94876586100008,17.416068953000035],[102.94857682900005,17.416866626000058],[102.94925373900008,17.41784188500003],[102.94972469100009,17.41909396400007],[102.95094186600005,17.420792196000036],[102.95145187500003,17.420890112000052],[102.95201843500007,17.422417736000057],[102.95283412300006,17.42260353000006],[102.95302827700004,17.42227570600005],[102.95352791500005,17.42271733900003],[102.95333752000005,17.42362346400006],[102.95378026600008,17.424106100000074],[102.95358721600007,17.42461673500003],[102.95256988900007,17.42458492700007],[102.95248750900004,17.425231734000022],[102.95198099900006,17.42601818600002],[102.95114968300004,17.42619249300003],[102.95127001400004,17.42681493200007],[102.95075946000009,17.427490675000058],[102.95006453800005,17.427986790000034],[102.94895977500005,17.42774354000005],[102.94861252300007,17.428384048000055],[102.94794013600006,17.428382858000077],[102.94780896800006,17.42930628000005],[102.94846091200009,17.429329847000076],[102.94807973000007,17.429802562000077],[102.94807302600009,17.430685426000025],[102.94927000900009,17.431894757000066],[102.94861831300005,17.432883426000046],[102.94923270500004,17.433225821000065],[102.94884966600006,17.433602723000035],[102.94759669300004,17.434184001000062],[102.94729261900005,17.434615492000034],[102.94802394100009,17.43554719100007],[102.94790396400003,17.436073804000046],[102.94889029300003,17.43567034700004],[102.94989150200007,17.436184223000055],[102.95011929300006,17.436980359000074],[102.95056303900009,17.437379691000046],[102.95021622400009,17.438463527000067],[102.95043196000006,17.43891665900003],[102.95126748000007,17.438720018000026],[102.95151940500006,17.43952563600004],[102.95085020400006,17.440626902000076],[102.95094722500005,17.441398949000074],[102.95027022000005,17.441561028000024],[102.95062470200008,17.442108491000056],[102.95031299000004,17.442416681000054],[102.95075914200004,17.442672739000045],[102.95102368100004,17.443394847000036],[102.95059519800009,17.44361383200004],[102.95086758800005,17.445120458000076],[102.95234714900005,17.445448957000053],[102.95186759800004,17.446249957000077],[102.95202290400005,17.44739783400007],[102.95251844200004,17.447757483000032],[102.95255005800004,17.44830147600004],[102.95303135100005,17.449038159000054],[102.95345480100008,17.449046512000052],[102.95423960100004,17.450061984000058],[102.95371881900007,17.450001221000036],[102.95315364500004,17.451244831000054],[102.95373012000005,17.452281327000037],[102.95377004900007,17.45442706700004],[102.95463228700004,17.454068404000054],[102.95554791400008,17.45430114000004],[102.95557190800008,17.454600266000057],[102.95485179600007,17.45489520600006],[102.95582848600009,17.456232847000024],[102.95554874400005,17.45704845000006],[102.95480699000007,17.45719851900003],[102.95523917400004,17.45816030800006],[102.95494091900008,17.458527633000074],[102.95543075800003,17.458877049000023],[102.95528447500004,17.45930776800003],[102.95588920600005,17.45966108700003],[102.95621392700008,17.460335782000072],[102.95607167600008,17.461047063000024],[102.95688340000004,17.460869182000067],[102.95677280100006,17.461461179000025],[102.95738409600006,17.461110398000073],[102.95772678900005,17.462011086000075],[102.95803895900008,17.461679262000075],[102.95839619500003,17.46307352300005],[102.95836592000006,17.465444338000054],[102.96017039700007,17.46543239500005],[102.96070647200008,17.465753084000028],[102.96083922800005,17.46656372600006],[102.96008585500005,17.466791943000032],[102.96018493100007,17.467567623000036],[102.96103174400008,17.467888644000027],[102.96085032400003,17.468485017000035],[102.96003299600005,17.46803231900003],[102.96073695800004,17.468958349000047],[102.96136085400008,17.46922610000007],[102.96050135400009,17.469877607000058],[102.96121716400006,17.470619141000043],[102.96171065500005,17.47031515900005],[102.96221879500007,17.47059822500006]]]},"properties":{"Shape_Leng":1.89969737991,"Shape_Area":0.0950545653291,"ADM2_EN":"Mueang Udon Thani","ADM2_TH":"เมืองอุดรธานี","ADM2_PCODE":"TH4101","ADM1_EN":"Udon Thani","ADM1_TH":"อุดรธานี","ADM1_PCODE":"TH41","ADM0_EN":"Thailand","ADM0_TH":"ประเทศไทย","ADM0_PCODE":"TH"}},
{"type":"Feature","geometry":{"type":"Polygon","coordinates":[[[102.67166988400004,17.531287589000044],[102.66977628700005,17.529765704000056],[102.66606852200005,17.527644275000057],[102.66305634700007,17.52581401900005],[102.65937804200007,17.523889307000047],[102.65848291300006,17.52364014400007],[102.65689876400006,17.523555531000056],[102.65614965700007,17.523683230000074],[102.65315131900007,17.52508602000006],[102.65203030400005,17.525410351000062],[102.64741009400007,17.525837108000076],[102.64539273600008,17.526842154000065],[102.64446634900008,17.52799791900003],[102.64311206400004,17.53050902500007],[102.64195934100007,17.53221932300005],[102.64168617200005,17.532440735000023],[102.63964150700008,17.53313877000005],[102.63743844100009,17.53366889700004],[102.63557042300005,17.534234618000028],[102.63332288700008,17.534617498000046],[102.62659896500008,17.534721814000022],[102.62590909700003,17.534848327000077],[102.62258631300006,17.53587708400005],[102.61928506000004,17.536332471000037],[102.61735377100007,17.536354153000048],[102.61593027400005,17.53625144500006],[102.61156678400005,17.535678088000054],[102.60970279700007,17.53500862100003],[102.60732495900004,17.534033925000074],[102.60409479100008,17.53084816100005],[102.60155399900003,17.526675021000074],[102.60135996700006,17.525986137000075],[102.60074712400007,17.52236212300005],[102.60041523300004,17.520909157000062],[102.59955564800003,17.51942974900004],[102.59891585000008,17.51862807200007],[102.59897777100008,17.518186404000062],[102.59810827200005,17.518074177000074],[102.59740371900006,17.51756394800003],[102.59697380700004,17.517815322000047],[102.59554989900005,17.516466595000054],[102.59530945500006,17.516475195000055],[102.59489914100004,17.515480830000058],[102.59375509900008,17.513812402000042],[102.59326571400004,17.513538572000073],[102.59245688800007,17.513834442000075],[102.59194955600009,17.513551879000033],[102.59080851500005,17.51419773600003],[102.59014796900004,17.51416611600007],[102.58923504900008,17.516771955000024],[102.58864707800006,17.516580687000044],[102.58788119600007,17.51731331600007],[102.58643370600004,17.518190316000073],[102.58643291800007,17.517518795000058],[102.58585049800007,17.517760202000034],[102.58579147800003,17.517170080000028],[102.58487539500004,17.517088253000054],[102.58495217100005,17.517450353000072],[102.58386096900006,17.51714295100004],[102.58268401200007,17.518444171000056],[102.58296329600006,17.518688960000077],[102.58230039000006,17.519154470000046],[102.58118083400007,17.51910883200003],[102.58070425200003,17.520377231000055],[102.57931506800008,17.520578730000068],[102.57874833600005,17.520467435000057],[102.57845915100006,17.52106066700003],[102.57782345100009,17.521175328000027],[102.57743228700008,17.520474442000022],[102.57664199800007,17.52046837000006],[102.57647511700009,17.521512905000066],[102.57580804200006,17.521394619000034],[102.57471776800008,17.521799818000034],[102.57410331500006,17.521742043000074],[102.57342935300005,17.522366701000067],[102.57350047800008,17.522812384000076],[102.57270270600009,17.523019328000032],[102.57203951500009,17.523804409000036],[102.57110214700003,17.524325652000073],[102.57050947700009,17.524087158000043],[102.57062818500003,17.52478608200005],[102.56893762000004,17.525383976000057],[102.56800927400008,17.524958671000036],[102.56761497600007,17.525088107000045],[102.56675670000004,17.52388671800003],[102.56644278200008,17.52410697700003],[102.56581877900004,17.523682361000056],[102.56518599400005,17.524085892000073],[102.56465373600008,17.523938095000062],[102.56452472800004,17.52447570100003],[102.56384682400005,17.524117690000026],[102.56300148000008,17.524187245000064],[102.56315388400009,17.523707545000036],[102.56228733800003,17.52327202300006],[102.56164781400008,17.523723437000058],[102.56056499700009,17.523264018000077],[102.55988483600004,17.52252635700006],[102.55999153300007,17.52176474500004],[102.55904504100005,17.521942956000032],[102.55784931000005,17.521817414000054],[102.55731818400005,17.52230410800007],[102.55623393500008,17.521564713000032],[102.55541415900007,17.521650598000065],[102.55555458900005,17.521243484000024],[102.55497822000007,17.521099844000048],[102.55410120200008,17.521294780000062],[102.55321271700006,17.52301252700005],[102.55216740500003,17.523319995000065],[102.55168704100004,17.52377543500006],[102.55073363100007,17.52421170200006],[102.55008534000007,17.523988286000076],[102.54949906800005,17.524622067000053],[102.54916810200007,17.525344129000075],[102.54862097500006,17.525348120000046],[102.54831176700009,17.52582374800005],[102.54781460400005,17.525655606000043],[102.54745204700004,17.526132270000062],[102.54691933600009,17.526151964000064],[102.54683548100007,17.526753390000067],[102.54626145900005,17.52743619900002],[102.54569729300005,17.527614807000077],[102.54572076900007,17.528601138000056],[102.54492261600006,17.530219955000064],[102.54465449700007,17.530122319000043],[102.54416881000009,17.53148281400007],[102.54374968800005,17.532015552000075],[102.54243773800005,17.532958079000025],[102.54090502500009,17.53339465700003],[102.54050926700006,17.533218692000048],[102.53950738100008,17.533318818000055],[102.53875561100006,17.532937807000053],[102.53809033800007,17.533021251000037],[102.53708210300005,17.53242582200005],[102.53595863200007,17.532140514000048],[102.53468493600008,17.531454901000075],[102.53315335600007,17.531602187000033],[102.53152241400005,17.53116949500003],[102.52963222800008,17.531487471000048],[102.52897068300007,17.53138455100003],[102.52812108900008,17.530716448000078],[102.52300866000007,17.524819610000065],[102.52214516600009,17.524017919000073],[102.52055062600004,17.522871114000054],[102.51912003500007,17.522154063000073],[102.51745629100009,17.52168211700007],[102.51485334100005,17.520795230000033],[102.51148295300004,17.51938751800003],[102.50874680100009,17.518449219000047],[102.50712748300003,17.518000221000023],[102.50520786000004,17.51716314600003],[102.50137712700007,17.515166117000035],[102.49790742400006,17.51349506300005],[102.49675949300007,17.513515320000067],[102.49537691000006,17.512450857000033],[102.49496967400006,17.51250252400007],[102.49426334500004,17.51201760600003],[102.49418502000003,17.511400695000077],[102.49306200300003,17.510993821000056],[102.49222391600006,17.510367476000056],[102.49174525100005,17.50936573900003],[102.49072561300005,17.509173747000034],[102.48928162100003,17.50849342500004],[102.48875131200003,17.507567347000077],[102.48884296900007,17.506665809000026],[102.48785805900008,17.50614002900005],[102.48749277100006,17.505542432000027],[102.48749814800004,17.504545007000047],[102.48720414600007,17.504246468000076],[102.48668192600007,17.501356548000047],[102.48499779200006,17.50126865200002],[102.48496187100005,17.500577452000073],[102.48437053500004,17.500930354000047],[102.48389090300009,17.500622371000077],[102.48359751400005,17.501085962000047],[102.48301940700009,17.501114158000064],[102.48253360500007,17.500300098000025],[102.48168553600004,17.499946669000053],[102.48061055200009,17.500432998000065],[102.47996078000006,17.500390948000074],[102.47960766100005,17.50071518900006],[102.47980586100005,17.50141023300006],[102.47871567800007,17.50195041300003],[102.47865847200006,17.502360401000033],[102.47688267800004,17.50212896100004],[102.47619092400004,17.502363993000074],[102.47553764700007,17.502208704000054],[102.47444898200007,17.500043663000042],[102.47423319700005,17.500127814000052],[102.47331136100007,17.49870697600005],[102.47231698900003,17.498683051000057],[102.47139734800004,17.499236745000076],[102.46934121200007,17.49740106300004],[102.46498829500007,17.496320269000023],[102.46461212400004,17.49611807100007],[102.46463516800009,17.495076277000067],[102.46382289400003,17.494373992000078],[102.46398611300003,17.493820465000056],[102.46190672900008,17.493952979000028],[102.46092636400004,17.493884794000053],[102.45931228800004,17.494216768000058],[102.45736858600009,17.49687062600003],[102.45704612300005,17.49637880800003],[102.45606903700008,17.495920545000047],[102.45442256200005,17.494466768000052],[102.45359467200007,17.492657914000063],[102.45238509100005,17.492017779000037],[102.45106320100007,17.492598464000025],[102.44989949000006,17.491996546000053],[102.44911333100004,17.49114471300004],[102.44885219800005,17.490349498000057],[102.44830172600007,17.490102318000027],[102.44818949700004,17.489090661000034],[102.44767387900004,17.48889398500006],[102.44732130600005,17.48767031500006],[102.44654113400009,17.486990062000075],[102.44571303900005,17.487217722000025],[102.44402570000005,17.48692993700007],[102.44450355800006,17.485460898000042],[102.44400785600004,17.484341375000042],[102.44397825100003,17.483157706000043],[102.44327155000008,17.48324003700003],[102.44257438100004,17.482997846000046],[102.44144776400009,17.48184727200004],[102.44093057700007,17.481012414000077],[102.43907633900005,17.48113801100004],[102.43893675700008,17.481831147000037],[102.43911761100009,17.482893226000044],[102.43720353900005,17.483861948000026],[102.43533802700006,17.485446916000058],[102.43596517500004,17.486581174000037],[102.43559273000005,17.488266585000076],[102.43549751200004,17.489365634000023],[102.43448246200006,17.48962564900006],[102.43197603500005,17.49072850700003],[102.43094968200006,17.491051860000027],[102.42872011200006,17.49134902000003],[102.42550606900005,17.491912548000073],[102.42517212200005,17.490401520000034],[102.42548490700005,17.489293728000064],[102.42533232600005,17.48914529800004],[102.42308236900004,17.48880010700003],[102.42210213600003,17.48850764900004],[102.42040777200003,17.488644530000045],[102.42021801500005,17.487913346000028],[102.41838917200005,17.484846551000032],[102.41805190800005,17.484058383000047],[102.41709599400008,17.48421465200005],[102.41565070000007,17.483971565000047],[102.41514384800007,17.481598809000047],[102.41502609200006,17.477701715000023],[102.41536658400008,17.477620186000024],[102.41779977300007,17.476044525000077],[102.41833322300005,17.47427086500005],[102.41742545200003,17.47193147400003],[102.41681584100007,17.470695337000052],[102.41615021300004,17.47013069700006],[102.41581737200005,17.469377864000023],[102.41677216600004,17.469032851000065],[102.41591696800003,17.466175061000058],[102.41571853900007,17.46586649300002],[102.41637427900008,17.464823529000057],[102.41583432600004,17.464100002000066],[102.41579123800005,17.46282379300004],[102.41556433900007,17.461729889000026],[102.41498765500006,17.46119595500005],[102.41373293300006,17.460670445000062],[102.41202407600008,17.460133856000027],[102.40526341900005,17.45950859900006],[102.40331664400009,17.45953191500007],[102.40217428100004,17.459338656000057],[102.40103150000004,17.456789869000033],[102.39989856200003,17.456092614000056],[102.39832431800005,17.455710512000053],[102.39639859100004,17.455662662000066],[102.39565229600004,17.455531248000057],[102.39117763100006,17.453128037000056],[102.39050624800007,17.45286701400005],[102.38746906000006,17.452376172000072],[102.38490303400005,17.45218862100006],[102.39860857800005,17.414633237000032],[102.40595005300008,17.401085786000067],[102.42118316300008,17.375820901000054],[102.42373178500009,17.372074132000023],[102.42623480300006,17.36889996000002],[102.42758743600007,17.36649105200007],[102.42902507900004,17.362329858000066],[102.42961007500008,17.35974075300004],[102.43024847300006,17.357674933000055],[102.43068963500008,17.355570562000025],[102.43120408500005,17.353884295000057],[102.43204240900008,17.352003749000062],[102.43280278400005,17.350627775000078],[102.43641975700007,17.343205890000036],[102.43711962200007,17.340929333000076],[102.43773393600009,17.338332094000066],[102.43917237200009,17.33927598400004],[102.44154293200006,17.34185410300006],[102.44606839100004,17.34597081800007],[102.44660508800007,17.346912169000063],[102.44807697500005,17.35080776700005],[102.44834908800004,17.351147080000032],[102.45160258700008,17.352111824000076],[102.45220768700005,17.35202524700003],[102.45301494100005,17.349168915000064],[102.45342642200006,17.348928771000033],[102.45665840300006,17.34794607500004],[102.45762604700008,17.34735806300006],[102.45893217400004,17.34601018500007],[102.45936326400005,17.34510861600006],[102.45956524400003,17.344172982000032],[102.45953964000006,17.34280850500005],[102.45984776000006,17.34260342700003],[102.46211053200005,17.342995261000056],[102.46470127500004,17.343551984000044],[102.46698691400007,17.343847723000067],[102.46871557800006,17.343828056000063],[102.47018548400007,17.34442725300005],[102.47104521100005,17.344467759000054],[102.47231247500008,17.34395991300005],[102.47312315000005,17.343212407000067],[102.47414851600007,17.342713511000056],[102.47482792800008,17.34275120600006],[102.47553563200006,17.34246662100003],[102.47913014400007,17.344896825000035],[102.47944396600008,17.345731785000055],[102.48033596400006,17.345685829000047],[102.48061272900009,17.346084090000033],[102.48130946300006,17.346146739000062],[102.48216120400008,17.346554629000025],[102.48222055700006,17.347136971000054],[102.48386110800004,17.347985815000072],[102.48488657900003,17.347704429000032],[102.48756297700004,17.347983121000027],[102.48794147000007,17.34901336000007],[102.48836721200007,17.34898311200004],[102.48994519200005,17.349753261000046],[102.49075372700008,17.349613351000073],[102.49193695500009,17.349038800000073],[102.49222380300006,17.348240946000033],[102.49281045100008,17.348285928000053],[102.49323248100006,17.348713085000043],[102.49386869100005,17.348439858000063],[102.49416355500006,17.348895422000055],[102.49523948200004,17.348638116000075],[102.49572594100005,17.348992758000065],[102.49609808800005,17.348591733000035],[102.49689507000005,17.34876091500007],[102.49789716600009,17.34943553100004],[102.49772453400004,17.349682895000058],[102.49852996400006,17.349974264000025],[102.50016117900009,17.349560949000022],[102.50091179800006,17.349876107000057],[102.50117280700005,17.350531732000036],[102.50366113600006,17.34820932300005],[102.50426859200007,17.348250833000066],[102.50458202000004,17.348781707000057],[102.50555106200005,17.34870508800003],[102.51332297500005,17.348767403000068],[102.51502935900004,17.349111238000035],[102.51598399100004,17.349428843000055],[102.51747727900005,17.350164423000024],[102.51933425000004,17.35057852600005],[102.52634541000003,17.35102773400007],[102.52851402800007,17.351207117000058],[102.52979775100005,17.35220979500002],[102.53151899700003,17.353009968000038],[102.53265186800007,17.353401579000035],[102.53163529800008,17.355654344000072],[102.53116256600003,17.35626971100004],[102.52855525100006,17.359048938000058],[102.52800539500004,17.360108370000034],[102.52813692600006,17.361370316000034],[102.52868225600008,17.36327334500004],[102.53440756300006,17.36261775500003],[102.53539891200006,17.362644120000027],[102.53842849100005,17.363498040000025],[102.53989797200006,17.363550068000052],[102.54087711500006,17.363205782000023],[102.54252395300006,17.362176284000043],[102.54365442700004,17.361890824000056],[102.54344904100009,17.36060820000006],[102.54369292100006,17.359022931000027],[102.54326227000007,17.357503301000065],[102.54360943400007,17.356004030000065],[102.54417519000003,17.35594144500004],[102.54605839900006,17.356653664000078],[102.54925608700006,17.356932823000022],[102.55003832500006,17.356575818000067],[102.55131839100005,17.356579916000044],[102.55306683400005,17.35736878800003],[102.55408226600008,17.358183033000046],[102.55587835800009,17.358487640000078],[102.55801525700008,17.35786176000005],[102.55919394900008,17.35784051400003],[102.56123566000008,17.358271698000067],[102.56270575700006,17.35885956100003],[102.56297053100008,17.35966974300004],[102.56359698500006,17.360773859000062],[102.57181702400004,17.359600369000077],[102.57437797500006,17.359191219000024],[102.57604061300003,17.35922529000004],[102.57784506300004,17.359702863000052],[102.57896991300004,17.360338284000022],[102.58063441300004,17.361553917000037],[102.59859431000007,17.374847343000056],[102.59767700700007,17.375834949000023],[102.59681224600007,17.376108987000066],[102.59574349500008,17.375928600000066],[102.59465290500003,17.376015257000063],[102.59503908800008,17.376902614000073],[102.59461415700008,17.37862369000004],[102.59417505900007,17.38102875800007],[102.59495937000008,17.381779257000062],[102.59495111000007,17.382949852000024],[102.59545667300006,17.383777991000045],[102.59534482300006,17.384354606000045],[102.59604335600005,17.38473205200006],[102.59819506700006,17.38539488400005],[102.60005314900008,17.386080096000057],[102.60314793900005,17.387572935000037],[102.60538022400004,17.38779783900003],[102.60646951500007,17.38807439900006],[102.60888804300004,17.38989916500003],[102.61385373300004,17.392264917000034],[102.62018139900005,17.395452872000078],[102.62245942200008,17.396716731000026],[102.62410692900005,17.398442613000043],[102.62420133500007,17.399521307000043],[102.62382130000009,17.400459407000028],[102.62311053000008,17.401005466000072],[102.62243250300008,17.401126394000073],[102.62177662500005,17.401671410000063],[102.62161683300008,17.402160407000054],[102.62086124100006,17.402441590000024],[102.62067906300007,17.403556759000026],[102.61998911700005,17.403802076000034],[102.61984108800004,17.404176403000065],[102.61801532300007,17.404896850000057],[102.61800702800008,17.405857764000075],[102.61756104600005,17.405972249000058],[102.61701615700008,17.40658981200005],[102.61686888800006,17.408794538000052],[102.61636973000009,17.409243193000066],[102.61728398700006,17.40936695700003],[102.61784558200009,17.40978703600007],[102.61765475900006,17.410269511000024],[102.61801970100004,17.410657515000025],[102.61801846400004,17.411454022000044],[102.61854265900007,17.411634840000033],[102.61788359600007,17.41239753900004],[102.61808428100005,17.41287538000006],[102.61665598200005,17.412955982000028],[102.61651558500006,17.41314092600004],[102.61674518200005,17.414455523000072],[102.61708608100008,17.414357650000056],[102.61692627700006,17.415272440000024],[102.61746091000003,17.415592391000075],[102.61756420600005,17.416205294000065],[102.61846976900006,17.416799054000023],[102.61832592400003,17.417513341000074],[102.61883861100006,17.41762374500007],[102.61936861200007,17.418430385000022],[102.61887037300005,17.42004785300003],[102.61881337900007,17.421969251000064],[102.61937892900005,17.422551404000046],[102.61895338500005,17.422630663000064],[102.61847491400005,17.42344687600007],[102.61842053100008,17.42460204400004],[102.61762285400005,17.424822955000025],[102.61687204900005,17.42640984600007],[102.61687912200006,17.427099079000072],[102.61641046900007,17.42762463300005],[102.61693164900004,17.427958026000056],[102.61647477700006,17.42814531700003],[102.61616789200008,17.42903132200007],[102.61565438700006,17.428723543000046],[102.61533119300009,17.429036034000035],[102.61513216200007,17.43014017300004],[102.61418850300004,17.431138830000066],[102.61444994600004,17.431662274000075],[102.61386223600005,17.432587821000027],[102.61382869400006,17.433755879000046],[102.61319541200004,17.43380440800007],[102.61291359100005,17.43486590400005],[102.61399398300006,17.43563772600004],[102.61398822800004,17.436114459000066],[102.61474709200007,17.436816840000063],[102.61535866100007,17.43670561500005],[102.61532443000004,17.435799232000022],[102.61579418000008,17.435207693000052],[102.61639950000006,17.435414275000028],[102.61745955200007,17.435125627000048],[102.61868619800003,17.435521766000022],[102.61880691000005,17.436418238000044],[102.61959315200005,17.436104644000068],[102.62046716100008,17.43619896200005],[102.62094159700007,17.43599640900004],[102.62138242900005,17.436283640000056],[102.62084636000009,17.43682578000005],[102.62161094100009,17.438088829000037],[102.62114928000005,17.438666434000027],[102.62183102900008,17.439761630000078],[102.62132689900005,17.44005426600006],[102.62157780400008,17.441067263000036],[102.62378314600005,17.441359996000074],[102.62432762800006,17.441615846000047],[102.62432322800004,17.44257900100007],[102.62489765800007,17.443093317000034],[102.62520398900006,17.44381701100002],[102.62679316500004,17.44424715300005],[102.62720786200003,17.44345572000003],[102.62794062600005,17.443624466000074],[102.62842263700009,17.44318816400005],[102.62973802800008,17.442828617000032],[102.63073920400007,17.44298801700006],[102.63112660700006,17.44396573800003],[102.63061013200007,17.444985375000044],[102.63057441300003,17.445974102000037],[102.63165347800003,17.447046224000076],[102.63163620900008,17.447685044000025],[102.63297975600005,17.44859732200007],[102.63284965300005,17.449441896000053],[102.63339589500004,17.449703148000026],[102.63391137300005,17.450700594000068],[102.63386351800006,17.451244321000047],[102.63443514700003,17.452480464000075],[102.63571712300006,17.453351274000056],[102.63640301300006,17.454461751000053],[102.63852912200008,17.454325717000074],[102.63975691300004,17.45459310800004],[102.64118571900008,17.45424703200007],[102.64130794400006,17.453529802000048],[102.64243568200004,17.453174196000077],[102.64347161500007,17.454551425000034],[102.64455412300003,17.454656235000073],[102.64451272700006,17.453738783000063],[102.64518682300007,17.45378097200006],[102.64602275800007,17.45498830100007],[102.64654671900007,17.454906356000038],[102.64707190800004,17.455486457000063],[102.64862488700004,17.455935972000077],[102.64906398600004,17.456421699000032],[102.64946953100008,17.456049267000026],[102.65050903100007,17.456080989000043],[102.65088499200004,17.456427020000035],[102.65126853600003,17.455898991000026],[102.65197827000009,17.455596808000053],[102.65249128100004,17.456121722000034],[102.65315447300009,17.455985817000055],[102.65378869000006,17.456312679000064],[102.65446138100003,17.455921285000045],[102.65585573500005,17.45705781600003],[102.65579016000004,17.457533719000025],[102.65677397700006,17.457624563000024],[102.65735253800005,17.45797556800005],[102.65751778800006,17.45849084300005],[102.65729264000004,17.459208808000028],[102.65824227300004,17.458882293000045],[102.65870913700007,17.45895942900006],[102.65876418600004,17.45992362900006],[102.65986621900004,17.458509384000024],[102.66057136300009,17.458394317000057],[102.66116060200005,17.45771626000004],[102.66219826500009,17.45820195400006],[102.66257937400007,17.458059314000025],[102.66205653600008,17.45726518600003],[102.66313776900006,17.456980497000075],[102.66402506900005,17.458387661000074],[102.66494844600004,17.458217641000033],[102.66492325600007,17.458965576000026],[102.66589315800007,17.457477655000048],[102.66625662700005,17.45735091800003],[102.66782807400006,17.45814434400006],[102.66810838000004,17.457512166000072],[102.66893483100006,17.45770285900005],[102.66906033500004,17.45730827500006],[102.66775985500004,17.456963090000045],[102.66788147400007,17.456357140000023],[102.66880970700004,17.455945600000064],[102.66986992600005,17.45480119800004],[102.67030075900004,17.454976773000055],[102.67041277500005,17.45617274500006],[102.67102198500004,17.456658281000045],[102.67166051000004,17.45664558200002],[102.67226127500004,17.45605210100007],[102.67327126200007,17.455635318000077],[102.67425443100007,17.456644778000054],[102.67535774700008,17.456360989000075],[102.67577065100005,17.457152593000046],[102.67534795300008,17.457900584000072],[102.67576729700005,17.45912708800006],[102.67627196700005,17.459417476000056],[102.67629206600009,17.460308826000073],[102.67694122200004,17.459861731000046],[102.67726242900005,17.45906964900007],[102.67820024200006,17.460547145000078],[102.67846305200004,17.460722173000022],[102.67962974400007,17.460516940000048],[102.68117641600008,17.460577886000067],[102.68123709100007,17.46113573300005],[102.68189651400007,17.46179518100007],[102.68177422900004,17.46308790100005],[102.68256464900008,17.464363607000053],[102.68349393200003,17.463978548000057],[102.68391370400008,17.463509029000022],[102.68432714800008,17.463550198000064],[102.68481898900006,17.46415548500005],[102.68490671500007,17.46550539800006],[102.68631564300006,17.466187164000075],[102.68675047200009,17.46705803800006],[102.68768601200009,17.467266988000063],[102.68836507700007,17.468643962000044],[102.68906993000007,17.46843320200003],[102.69016606400004,17.468961621000062],[102.69000906400004,17.46942793100004],[102.69064898500005,17.46912216100003],[102.69132372200005,17.469377912000027],[102.69173401800003,17.470561520000047],[102.69157580000007,17.47104719500004],[102.69276248800008,17.47139426900003],[102.69309206200006,17.470711191000078],[102.69271108200007,17.469798127000047],[102.69373691500004,17.469968662000042],[102.69438616200006,17.469321457000035],[102.69556480000006,17.469183068000063],[102.69598209400004,17.468795354000065],[102.69716259700004,17.468774901000074],[102.69766308000004,17.46925290300004],[102.69860542800006,17.46955811500004],[102.69951728600006,17.469336791000046],[102.70067851500005,17.468549775000042],[102.70054425300003,17.46919956100004],[102.70119882800009,17.469627153000033],[102.70099358600004,17.47048584500004],[102.70200622400006,17.471326305000048],[102.70260672700005,17.47108111500006],[102.70298767800006,17.471498944000075],[102.70237664200005,17.472311138000066],[102.70320357800006,17.472848270000043],[102.70345369800003,17.473662027000046],[102.70337919500008,17.47451547000003],[102.70441768900008,17.47445605400003],[102.70402594400008,17.475054356000044],[102.70440573000008,17.47534837200004],[102.70526120700004,17.477855635000026],[102.70557451300004,17.479632516000038],[102.70508816300008,17.479962197000077],[102.70556417500006,17.48146486400003],[102.70547889900007,17.482242110000072],[102.70399649500007,17.48917678300006],[102.70376931600003,17.489858308000066],[102.70230421800005,17.491566328000033],[102.70126116600005,17.492469072000063],[102.69927065200005,17.493894210000065],[102.69725931700003,17.494586997000056],[102.69551649900006,17.49589299200005],[102.69320470000008,17.498491270000045],[102.69264915800005,17.49933737500004],[102.69225046300005,17.500848443000052],[102.69233526900007,17.502175272000045],[102.69294730500008,17.503927960000055],[102.69321800800009,17.506326854000065],[102.69257131400008,17.507407511000054],[102.69115974200008,17.508437195000056],[102.68950511800006,17.51008766500007],[102.68803742700004,17.512291539000046],[102.68525740200005,17.514385881000067],[102.68336936900005,17.51561051300007],[102.68201814600008,17.516230390000032],[102.68008369400007,17.51691207700003],[102.67931257900005,17.517317243000036],[102.67764158200004,17.51872000800006],[102.67542955400006,17.521449784000026],[102.67362300100007,17.523990765000065],[102.67219196700006,17.526792275000048],[102.67174226900005,17.528602000000035],[102.67166988400004,17.531287589000044]]]},"properties":{"Shape_Leng":1.1011870155,"Shape_Area":0.0380410861241,"ADM2_EN":"Kut Chap","ADM2_TH":"กุดจับ","ADM2_PCODE":"TH4102","ADM1_EN":"Udon Thani","ADM1_TH":"อุดรธานี","ADM1_PCODE":"TH41","ADM0_EN":"Thailand","ADM0_TH":"ประเทศไทย","ADM0_PCODE":"TH"}},
{"type":"Feature","geometry":{"type":"Polygon","coordinates":[[[102.59859431000007,17.374847343000056],[102.58063441300004,17.361553917000037],[102.57896991300004,17.360338284000022],[102.57784506300004,17.359702863000052],[102.57604061300003,17.35922529000004],[102.57437797500006,17.359191219000024],[102.57181702400004,17.359600369000077],[102.56359698500006,17.360773859000062],[102.56297053100008,17.35966974300004],[102.56270575700006,17.35885956100003],[102.56123566000008,17.358271698000067],[102.55919394900008,17.35784051400003],[102.55801525700008,17.35786176000005],[102.55587835800009,17.358487640000078],[102.55408226600008,17.358183033000046],[102.55306683400005,17.35736878800003],[102.55131839100005,17.356579916000044],[102.55003832500006,17.356575818000067],[102.54925608700006,17.356932823000022],[102.54605839900006,17.356653664000078],[102.54417519000003,17.35594144500004],[102.54360943400007,17.356004030000065],[102.54326227000007,17.357503301000065],[102.54369292100006,17.359022931000027],[102.54344904100009,17.36060820000006],[102.54365442700004,17.361890824000056],[102.54252395300006,17.362176284000043],[102.54087711500006,17.363205782000023],[102.53989797200006,17.363550068000052],[102.53842849100005,17.363498040000025],[102.53539891200006,17.362644120000027],[102.53440756300006,17.36261775500003],[102.52868225600008,17.36327334500004],[102.52813692600006,17.361370316000034],[102.52800539500004,17.360108370000034],[102.52855525100006,17.359048938000058],[102.53116256600003,17.35626971100004],[102.53163529800008,17.355654344000072],[102.53265186800007,17.353401579000035],[102.53151899700003,17.353009968000038],[102.52979775100005,17.35220979500002],[102.52851402800007,17.351207117000058],[102.52634541000003,17.35102773400007],[102.51933425000004,17.35057852600005],[102.51747727900005,17.350164423000024],[102.51598399100004,17.349428843000055],[102.51502935900004,17.349111238000035],[102.51332297500005,17.348767403000068],[102.50555106200005,17.34870508800003],[102.50458202000004,17.348781707000057],[102.50426859200007,17.348250833000066],[102.50366113600006,17.34820932300005],[102.50117280700005,17.350531732000036],[102.50091179800006,17.349876107000057],[102.50016117900009,17.349560949000022],[102.49852996400006,17.349974264000025],[102.49772453400004,17.349682895000058],[102.49789716600009,17.34943553100004],[102.49689507000005,17.34876091500007],[102.49609808800005,17.348591733000035],[102.49572594100005,17.348992758000065],[102.49523948200004,17.348638116000075],[102.49416355500006,17.348895422000055],[102.49386869100005,17.348439858000063],[102.49323248100006,17.348713085000043],[102.49281045100008,17.348285928000053],[102.49222380300006,17.348240946000033],[102.49193695500009,17.349038800000073],[102.49075372700008,17.349613351000073],[102.48994519200005,17.349753261000046],[102.48836721200007,17.34898311200004],[102.48794147000007,17.34901336000007],[102.48756297700004,17.347983121000027],[102.48488657900003,17.347704429000032],[102.48386110800004,17.347985815000072],[102.48222055700006,17.347136971000054],[102.48216120400008,17.346554629000025],[102.48130946300006,17.346146739000062],[102.48061272900009,17.346084090000033],[102.48033596400006,17.345685829000047],[102.47944396600008,17.345731785000055],[102.47913014400007,17.344896825000035],[102.47553563200006,17.34246662100003],[102.47482792800008,17.34275120600006],[102.47414851600007,17.342713511000056],[102.47312315000005,17.343212407000067],[102.47231247500008,17.34395991300005],[102.47104521100005,17.344467759000054],[102.47018548400007,17.34442725300005],[102.46871557800006,17.343828056000063],[102.46698691400007,17.343847723000067],[102.46470127500004,17.343551984000044],[102.46211053200005,17.342995261000056],[102.45984776000006,17.34260342700003],[102.45953964000006,17.34280850500005],[102.45956524400003,17.344172982000032],[102.45936326400005,17.34510861600006],[102.45893217400004,17.34601018500007],[102.45762604700008,17.34735806300006],[102.45665840300006,17.34794607500004],[102.45342642200006,17.348928771000033],[102.45301494100005,17.349168915000064],[102.45220768700005,17.35202524700003],[102.45160258700008,17.352111824000076],[102.44834908800004,17.351147080000032],[102.44807697500005,17.35080776700005],[102.44660508800007,17.346912169000063],[102.44606839100004,17.34597081800007],[102.44154293200006,17.34185410300006],[102.43917237200009,17.33927598400004],[102.43773393600009,17.338332094000066],[102.43783131800006,17.33660299400003],[102.43906719600005,17.331119835000038],[102.44018918000006,17.32775378100007],[102.44098737800005,17.325918234000028],[102.44110173600006,17.322644883000066],[102.44091904500004,17.32034555200005],[102.44103738500007,17.319192281000028],[102.44097595100004,17.316967614000077],[102.44022939900003,17.311205075000032],[102.44025501400006,17.30936265400004],[102.43978958200006,17.305820999000048],[102.43975248000004,17.304900645000032],[102.44004942400005,17.30153776900005],[102.43950019400006,17.29844836700005],[102.43956773200006,17.29631389800005],[102.43888348700006,17.293888854000045],[102.43862675700007,17.290823283000066],[102.43845240700006,17.28789061300006],[102.43815078200004,17.286706172000038],[102.43772983100007,17.28423882100003],[102.43775010700006,17.28230654300006],[102.43875716500008,17.281623074000038],[102.44139833600008,17.282331225000064],[102.44459901700009,17.283339071000057],[102.44643831900004,17.283992581000064],[102.44873865600005,17.284545987000058],[102.45062127900007,17.28488000300007],[102.45478518000004,17.286020128000075],[102.45783119200007,17.286488855000073],[102.46039717700006,17.28711187700003],[102.46250042200006,17.28699556500004],[102.46330080700005,17.286641168000074],[102.46492098600004,17.286488501000065],[102.46950175900008,17.285618208000074],[102.47373727900003,17.284734013000048],[102.47671142000007,17.28386271000005],[102.47713269300004,17.284050293000064],[102.47810879400004,17.283847141000024],[102.47837372900005,17.284465425000064],[102.47883925300005,17.284673049000048],[102.48017676900008,17.28457976900006],[102.48097096000004,17.284112322000055],[102.48198297600004,17.28412511700003],[102.48210130000007,17.28344039800004],[102.48265914400008,17.28318936100004],[102.48351076900008,17.283189564000054],[102.48470116100003,17.28251897900003],[102.48636959600009,17.28268429800005],[102.48705393400007,17.283089261000043],[102.48754457100006,17.282630420000032],[102.48830961300007,17.282402655000055],[102.48955042300008,17.280504131000043],[102.49409221000008,17.277104095000027],[102.49813940200005,17.27371581700004],[102.50030735400009,17.272151547000078],[102.50195725800006,17.271946868000043],[102.50227031200006,17.272455902000047],[102.50334064200007,17.272285387000068],[102.50435707000008,17.27268895700007],[102.50560759600006,17.27410827600005],[102.50827565500003,17.27430210400007],[102.51081947700004,17.27522176800005],[102.51382732700006,17.274525186000062],[102.51542463600003,17.273193105000075],[102.51680239200005,17.27270625400007],[102.51889647400009,17.273925062000046],[102.52015008100005,17.27390970500005],[102.52316350200005,17.272068041000068],[102.52617355300004,17.271256621000077],[102.52815084000008,17.271844160000057],[102.52924114000007,17.27202141500004],[102.52996075900006,17.272401331000026],[102.53154121000006,17.27278615000006],[102.53414249400004,17.27393651600005],[102.53576829400004,17.274556741000026],[102.53813840400005,17.275972443000057],[102.53956566900007,17.27635727100005],[102.54109198300006,17.276257488000056],[102.54295634000005,17.275763835000078],[102.54356207400008,17.27539867100006],[102.54543020800008,17.275653688000034],[102.54633091500006,17.27612345600005],[102.54701298000003,17.276020844000072],[102.54754338500004,17.276765427000043],[102.54794374600004,17.276916640000024],[102.54917010300005,17.276797314000078],[102.55005573000005,17.276345821000064],[102.55014373500006,17.275996787000054],[102.55148194500003,17.274326014000053],[102.55337201200007,17.273331151000036],[102.55934113800004,17.26950868600005],[102.56104265200008,17.268887839000058],[102.56189416100005,17.26881161700004],[102.56501968500004,17.26919279300006],[102.56752445100005,17.268998380000028],[102.56830085000007,17.269024056000035],[102.57026987100005,17.26943066000007],[102.57334046400007,17.270298124000078],[102.57518626700005,17.270053191000045],[102.57827150000008,17.26916906100007],[102.57742858900008,17.268308427000022],[102.57741895200007,17.267571847000056],[102.57691114300007,17.267607543000054],[102.57677085700004,17.266785279000032],[102.57626569900003,17.265755499000022],[102.57661926900005,17.264815947000045],[102.57865761900007,17.264968906000036],[102.58008245900004,17.264497566000045],[102.58126205700006,17.264403268000024],[102.58505903300005,17.265112938000073],[102.58712528400008,17.265666880000026],[102.58937483400007,17.264972191000027],[102.59269452700005,17.265869052000028],[102.59288882700008,17.26538061900004],[102.59377143500006,17.265108101000067],[102.59368036000006,17.26410266700003],[102.59461695000005,17.263850959000024],[102.59393258400007,17.263437105000037],[102.59410566300005,17.26280108700007],[102.59277231500005,17.26249972100004],[102.59315132700004,17.26114140800007],[102.59259379500008,17.26128340400004],[102.59219995500007,17.26095830400004],[102.59186983100005,17.259927145000063],[102.59113715100005,17.259341841000037],[102.59163771700008,17.258090192000054],[102.59082356400006,17.258015267000076],[102.59067768600005,17.256911806000062],[102.59133547900007,17.256467878000024],[102.59085512200005,17.25506106100005],[102.59129575000009,17.254804768000042],[102.59157775700004,17.254035558000055],[102.59004599600007,17.25218428200003],[102.59062777800006,17.25184882800005],[102.58981036800009,17.251253508000048],[102.58945152000007,17.250253432000022],[102.58889744300006,17.249445870000045],[102.58783156300007,17.249767361000067],[102.58847298500007,17.248913220000077],[102.58815632100004,17.248554612000078],[102.58752374300008,17.248710050000057],[102.58756644100004,17.247948604000044],[102.58613483000005,17.248240373000044],[102.58550327200004,17.24617862200006],[102.58442426600004,17.245538401000033],[102.58480130300006,17.244415239000034],[102.58527450700007,17.243995373000075],[102.58494499100004,17.243276140000035],[102.58533930600004,17.24265120700005],[102.58491072500004,17.241423389000033],[102.58416621100008,17.241568219000044],[102.58269304300006,17.241232944000046],[102.58185948500005,17.240676766000036],[102.58087839700005,17.240994025000077],[102.57941643400005,17.24074879400007],[102.57818945100007,17.240160652000043],[102.57764252500004,17.23961759200006],[102.57719633000005,17.23823449500003],[102.57573627100004,17.23656698600007],[102.57520913100007,17.23469162200007],[102.57442056100007,17.233638559000042],[102.57336642000007,17.233975798000074],[102.57293397800004,17.234494477000055],[102.57183741000006,17.234199962000048],[102.57092256600004,17.23533880800005],[102.56978078500003,17.236513665000075],[102.56891957800008,17.23578550900004],[102.56829670500008,17.233816837000063],[102.56734629900006,17.232716925000034],[102.53851371500008,17.225542334000068],[102.53807926700006,17.22557665200003],[102.53678671700004,17.226753192000047],[102.53556300300005,17.228574878000074],[102.53374779600006,17.22867095600003],[102.53221510200007,17.22721308900003],[102.52940015300004,17.226881177000053],[102.52752709200007,17.225255080000068],[102.52287944300008,17.22503858300007],[102.52097420900009,17.225362761000042],[102.51829387000004,17.225500556000043],[102.51579051400006,17.22683554500003],[102.51354027400004,17.226901404000046],[102.51024548500004,17.227862291000065],[102.50891107500007,17.228716655000028],[102.50460477700005,17.230386950000025],[102.50341499000007,17.230382769000073],[102.50139588800005,17.229786470000022],[102.49994494700007,17.228768113000058],[102.49789101400006,17.22632707200006],[102.49739823500005,17.225065302000075],[102.49656355400003,17.22368222600005],[102.49541022300008,17.222398850000047],[102.49407038900006,17.221669383000062],[102.49270544200004,17.221133982000026],[102.49153622500006,17.220377418000055],[102.49070246400004,17.219130431000053],[102.49020272600006,17.217022962000044],[102.48981879600007,17.212466574000075],[102.48994322900006,17.210415100000034],[102.49022663700003,17.209603309000045],[102.49102021500005,17.208153152000023],[102.49114812000005,17.20754573100004],[102.49055176300004,17.207691688000068],[102.48932945700005,17.207121619000077],[102.48880821900008,17.206657782000036],[102.48771846700004,17.206601014000057],[102.48666974800005,17.206144266000024],[102.48615039900005,17.20663429900003],[102.48439213300009,17.20607042200004],[102.48224092900006,17.205098234000047],[102.48043044300005,17.203669113000046],[102.47905458800005,17.20353904600006],[102.47817396100004,17.204592733000027],[102.47543009500004,17.20450700500004],[102.47104071600006,17.20213707100004],[102.46919309200007,17.20270453200004],[102.46974707300006,17.201414503000024],[102.47122919400005,17.199299987000074],[102.47211449400004,17.197744272000023],[102.47482279900004,17.193549714000028],[102.47540888500004,17.192330026000036],[102.47633222200005,17.189407922000044],[102.47707025600005,17.188250957000037],[102.47839577100007,17.185700473000054],[102.47882567500005,17.184139978000076],[102.47938873000004,17.183270785000047],[102.48002448600005,17.18181888500004],[102.48079977400005,17.180678097000055],[102.48151094200006,17.179196424000054],[102.48280037300003,17.177004012000054],[102.48465365300007,17.174159419000034],[102.48587002600004,17.172469723000063],[102.48676655600008,17.17168900200005],[102.48800496100006,17.17019157200002],[102.49007362500004,17.168029214000057],[102.49089933700009,17.166891685000053],[102.49266819800005,17.163955130000033],[102.49309537100004,17.163092617000075],[102.49433081900008,17.161391060000028],[102.49562177400009,17.16007369600004],[102.49639224400005,17.158756550000078],[102.49849810300009,17.155432932000053],[102.49998719900003,17.153260845000034],[102.50086806900003,17.151673609000056],[102.50420456000006,17.14626809200007],[102.50557314700006,17.143197273000055],[102.50640989100003,17.140917006000052],[102.50713100800004,17.137928265000028],[102.50801701900008,17.135494082000037],[102.50846810000007,17.13367401900007],[102.50859055600006,17.13247743000005],[102.50904543000007,17.130239862000053],[102.51029431200004,17.12508197300002],[102.51138790800007,17.12157912600003],[102.51497247400005,17.11176854000007],[102.51617609500005,17.10751920200005],[102.51775125000006,17.10326072500004],[102.51925168400004,17.100184295000076],[102.52185973400003,17.096129356000063],[102.52384838500006,17.093359606000035],[102.52866865900006,17.087325484000075],[102.53334006100005,17.081535511000027],[102.53594125500007,17.07754089100007],[102.53886932000006,17.072776674000067],[102.54014225200007,17.07079129300007],[102.54329371400007,17.066932147000045],[102.54514235400006,17.065158205000046],[102.54962777100008,17.061298584000042],[102.55319941200008,17.05951733300003],[102.55392801700003,17.05899277900005],[102.55578786200005,17.056981775000054],[102.55682819600008,17.056146202000036],[102.56256959600006,17.05279904300005],[102.56433540300009,17.05169862300005],[102.56588725700004,17.050204751000024],[102.56761954400008,17.047760518000075],[102.56880149300008,17.04686130300007],[102.57196833700004,17.044697351000025],[102.57395539900006,17.043547146000037],[102.57721502100009,17.04209187400005],[102.58295613800004,17.038774825000075],[102.58611538200006,17.03706150100004],[102.59239017500005,17.03468196600005],[102.59422932900009,17.034114730000056],[102.59644757800004,17.03321599900005],[102.59706927000008,17.032812688000035],[102.59831802600007,17.032438262000028],[102.60080479000004,17.031278987000064],[102.60475991200008,17.029268692000073],[102.60592549500006,17.02877442500005],[102.60808673700006,17.027620854000077],[102.60908404600008,17.027428862000022],[102.61389372500008,17.024552389000064],[102.62538504800006,17.016852517000075],[102.62821300600007,17.014471557000036],[102.62974058000003,17.013318540000057],[102.63193195400004,17.011462409000046],[102.63405547100007,17.00981484600004],[102.63539695700007,17.008595998000033],[102.63803129300004,17.00683064800006],[102.63987220300004,17.005434967000042],[102.64240671700009,17.00381948200004],[102.64836961600008,17.000118170000064],[102.65124068400007,16.998931051000056],[102.65367831600008,16.998679911000067],[102.65500757900008,16.99842890800005],[102.65601651200006,16.998065162000046],[102.65872176000005,16.99768023000007],[102.66136252400008,16.99743961100006],[102.66383162200003,16.996815839000078],[102.66673306700005,16.994972965000045],[102.66933576500008,16.99373491700004],[102.66932662800008,16.994962944000065],[102.67052285500006,16.995672761000037],[102.67128440300007,16.997479386000066],[102.67161346600005,16.99789603000005],[102.67315218700008,16.998843443000055],[102.67472435600007,17.000165908000042],[102.67657737100006,17.00299811900004],[102.67715064200007,17.004260835000025],[102.68097874100005,17.013537792000022],[102.68178647800005,17.016241759000025],[102.68195378700005,17.017185982000058],[102.68177402300006,17.018634992000045],[102.68084395100004,17.01984349600002],[102.67999162600006,17.022467187000075],[102.67937491400005,17.02393773500006],[102.67916960100007,17.024990768000066],[102.67940952600009,17.02612659400006],[102.68191205000005,17.027507585000023],[102.68184363300008,17.028191673000038],[102.68130304300007,17.028850802000022],[102.67950306700004,17.030554344000052],[102.67770954500008,17.031975854000052],[102.67765818700008,17.033005759000048],[102.67792180000004,17.033455640000057],[102.67819033400008,17.03602810900003],[102.67836006000005,17.036330324000062],[102.67952705600004,17.03694031200007],[102.67971902300008,17.03781970700004],[102.67912011800007,17.03920512700006],[102.67911657000008,17.040382645000022],[102.67872517400008,17.042779246000066],[102.67876390800006,17.043642446000035],[102.67929474900006,17.044575597000062],[102.67937037800004,17.04773358800003],[102.67972505000006,17.048781904000066],[102.67934439300006,17.05005592300006],[102.67934794200005,17.05125394500004],[102.67953879300006,17.05152154500007],[102.68070572000005,17.051548972000035],[102.68275339800005,17.052625748000025],[102.68421829000005,17.054492844000038],[102.68548192200006,17.056920552000065],[102.68624138200005,17.059227450000037],[102.68674416400006,17.060257985000078],[102.68871009700007,17.062395176000052],[102.69075270900004,17.06474869300007],[102.69152724300005,17.06514151600004],[102.69515091100004,17.065202654000075],[102.69615030800009,17.066796552000028],[102.69648062800007,17.068284868000035],[102.69800411800009,17.070809053000062],[102.69849645300008,17.072400858000037],[102.69818480100008,17.074593380000067],[102.69837538500008,17.077343211000027],[102.69886190300008,17.07973801000003],[102.69986019000004,17.082735300000024],[102.70004704800004,17.086895766000055],[102.69986810800003,17.088633294000033],[102.70025210800009,17.089789968000048],[102.70086765700006,17.09095302000003],[102.70187135000003,17.093560772000046],[102.70194274600004,17.094440935000023],[102.70126942000007,17.096577610000054],[102.70033996300003,17.09818948700007],[102.69911947900005,17.09985800100003],[102.69849828500008,17.10142955200007],[102.69775695200008,17.101916544000062],[102.69599639600006,17.102697871000032],[102.69531068100008,17.103573020000056],[102.69429918900005,17.105923348000033],[102.69412687700009,17.108215879000056],[102.69466317100006,17.11477420500006],[102.69434729600005,17.115096194000046],[102.69468719800005,17.115739020000035],[102.69486198000004,17.117374897000047],[102.69475114500005,17.118454688000043],[102.69440973100006,17.119331552000062],[102.69247282400005,17.123325828000077],[102.69193988500007,17.125750321000055],[102.69221272600004,17.127453734000028],[102.69355149900008,17.128748615000063],[102.69449170600006,17.130033138000044],[102.69553441600004,17.132278796000037],[102.69557673800006,17.132793114000037],[102.69518645200009,17.13364499900007],[102.69216799500003,17.138129981000077],[102.69000230500006,17.140229933000057],[102.68908511500007,17.140988426000035],[102.68775202000006,17.141847232000032],[102.68593895100008,17.14281780600004],[102.68560053800007,17.143586326000047],[102.68604945500005,17.14407262000003],[102.68724395600003,17.144874956000024],[102.68830471500007,17.145957877000058],[102.68894253800005,17.147326672000077],[102.68956350800005,17.14946840500005],[102.68991662900004,17.151069035000035],[102.69035515400009,17.15211180500006],[102.69104329200007,17.154396527000074],[102.69108856500009,17.155601011000044],[102.69078340600004,17.156966434000026],[102.69016823900006,17.158044876000076],[102.68943511000003,17.158551018000026],[102.68832513300003,17.15827889800005],[102.68720061400006,17.15868344100005],[102.68670627300008,17.15774712800004],[102.68574968700005,17.157076957000072],[102.68516073500007,17.155712686000072],[102.68344294500008,17.153900194000073],[102.68081114200004,17.15372984100003],[102.67846520700004,17.154068994000056],[102.67677033900009,17.154513249000047],[102.67426025400005,17.155580688000043],[102.67324018200009,17.15651178300004],[102.67253684600007,17.157654199000035],[102.67113125100008,17.15815124900007],[102.66958098000003,17.157790899000076],[102.66886161500008,17.157039920000045],[102.66886828700007,17.155729504000078],[102.66823816200008,17.15545238200002],[102.66671706900007,17.156072787000028],[102.66550382600008,17.156017330000054],[102.66506324100004,17.154806294000025],[102.66342339600004,17.15475904500005],[102.66195410100005,17.15434962300003],[102.66029487400004,17.153644781000025],[102.66000675000004,17.152817395000056],[102.65939452100008,17.152592929000036],[102.65840715500008,17.151544693000062],[102.65743838800006,17.151297310000075],[102.65643071700003,17.151683225000056],[102.65499185000004,17.153609870000025],[102.65353137300008,17.155184260000055],[102.65176787500008,17.158134441000072],[102.65087044300009,17.159185024000067],[102.65073087800005,17.159754425000074],[102.64807098400007,17.161227620000034],[102.64786861100004,17.161966557000028],[102.64645432900005,17.16272334200005],[102.64600276500005,17.16241033400007],[102.64523356600006,17.16289918500007],[102.64392128100008,17.16344893300004],[102.64323176200008,17.164479037000035],[102.64172610400004,17.165524665000078],[102.64112566700004,17.166541154000072],[102.64051935300006,17.16672218700006],[102.64049674100005,17.167115027000023],[102.64127343500007,17.167988299000058],[102.64114348600003,17.168862235000063],[102.64061050800007,17.169550892000075],[102.64120707400008,17.17070258900003],[102.64179763000004,17.171073904000025],[102.64207337800008,17.17187175400005],[102.64254703600005,17.172395454000025],[102.64216085600003,17.173336781000046],[102.64272995000005,17.17342411800007],[102.64281368600007,17.17288858300003],[102.64361057600007,17.173703258000046],[102.64489123400006,17.172625389000075],[102.64545960000004,17.172400594000067],[102.64562205600004,17.17289492900005],[102.64647687200005,17.173422323000068],[102.64661564100004,17.174367136000058],[102.64717847800006,17.175637331000075],[102.64764105700004,17.175750840000035],[102.64834975300005,17.176529068000036],[102.64921637600008,17.17796508200007],[102.64979106000004,17.178189678000024],[102.65000869500005,17.179625522000038],[102.65092880900005,17.180559318000064],[102.65090060700004,17.18093036500005],[102.65022895200008,17.18150102000004],[102.65039299700004,17.182228602000066],[102.65083687400005,17.181931070000076],[102.65137038800003,17.182405034000055],[102.65048037100007,17.182684435000056],[102.64996495300005,17.183459495000022],[102.65084608400008,17.183811070000047],[102.65115713000006,17.18317500300003],[102.65196511400006,17.183026468000037],[102.65302864800009,17.18378464400007],[102.65319522600004,17.184286100000065],[102.65378764800005,17.18474569400007],[102.65449109300005,17.186795287000052],[102.65539173900004,17.187283498000056],[102.65572265600008,17.188019919000055],[102.65618121100005,17.18821000400004],[102.65632725700004,17.18878858200003],[102.65684355500008,17.18905690300005],[102.65797236300006,17.191061311000055],[102.65814010600008,17.191908513000044],[102.65878951300004,17.192354841000054],[102.65931009900004,17.19233262700004],[102.65971476400006,17.193337408000048],[102.65979216000005,17.194178709000028],[102.66058336700007,17.194002513000044],[102.66110489500005,17.19478029000004],[102.66083839300006,17.196336528000074],[102.66057630000006,17.19697865300003],[102.66144377300009,17.197929053000053],[102.66295993900007,17.19760233200003],[102.66360962700008,17.198811539000076],[102.66303897800009,17.199910577000026],[102.66328979800005,17.20032402000004],[102.66390418300006,17.20034419700005],[102.66420986900005,17.201087167000026],[102.66395072200004,17.201987392000035],[102.66393385000003,17.202991820000022],[102.66568720500004,17.203597045000038],[102.66553145600005,17.203103854000062],[102.66623257000003,17.203145423000024],[102.66699743700008,17.204340908000063],[102.66749391100007,17.20475764500003],[102.66824957700004,17.20479601900007],[102.66995394700007,17.20580932300004],[102.66881202600007,17.21453402000003],[102.66846007100008,17.219450701000028],[102.66801013400004,17.22338063500007],[102.66755997700005,17.225401158000068],[102.66635847500004,17.228245033000064],[102.66112865300005,17.236818275000076],[102.65996944700004,17.238258775000077],[102.65848076700007,17.239755783000078],[102.65770702000003,17.241035794000027],[102.65729486600009,17.24135863400005],[102.65615432500005,17.241644464000046],[102.65518761900006,17.24218404900006],[102.65423810200008,17.243687184000066],[102.65421934200003,17.244201145000034],[102.65377765800008,17.24502975400003],[102.65239266200007,17.246212934000027],[102.65235588900003,17.246734280000055],[102.65168403500007,17.24721636000004],[102.65065214700007,17.248793543000033],[102.65048507800009,17.24981972100005],[102.65000797900007,17.250906550000025],[102.64943034800007,17.251660104000052],[102.64932950900004,17.252798949000066],[102.64979901300006,17.253441983000073],[102.64956430500007,17.25407504100002],[102.65016097200004,17.25516204400003],[102.65109749200008,17.25532825700003],[102.65136516600006,17.255873507000047],[102.65071492700008,17.25649329600003],[102.65061586500008,17.257721334000053],[102.64918585300006,17.257946080000067],[102.64958459200005,17.258234627000036],[102.65496903800005,17.26133696900007],[102.65790154700005,17.262370386000043],[102.65861505900006,17.263309356000036],[102.65931615100004,17.263722579000046],[102.65967833200006,17.265221046000022],[102.66067734800004,17.266568850000056],[102.66074835100005,17.267206658000077],[102.66127147400005,17.26849727800004],[102.66119384100006,17.27020576700005],[102.66103770400008,17.270657566000068],[102.66042674100004,17.27096883300004],[102.66044148500004,17.27158587400004],[102.66107973400005,17.273296837000032],[102.66085155500008,17.27447109600007],[102.66137332200009,17.27478717100007],[102.66247832400006,17.274415635000025],[102.66300376700008,17.275012830000037],[102.66263777000006,17.276498751000076],[102.66181810900008,17.277045645000044],[102.66100797600006,17.27671110400007],[102.66036570200004,17.277189280000073],[102.65975802700007,17.27831057900005],[102.65996970700007,17.27938276200007],[102.65952855200004,17.279549411000062],[102.65904242600004,17.281071418000067],[102.65994563600003,17.28246530900003],[102.66194534300007,17.28361996700005],[102.66239882500008,17.284284092000064],[102.66287959700009,17.28550656300007],[102.66347359400004,17.286010029000067],[102.66252920600004,17.286655159000077],[102.66225218900007,17.287998349000077],[102.66321510200004,17.289107363000028],[102.66382499500008,17.29102040600003],[102.66368543900006,17.291689942000062],[102.66425062000008,17.293897849000075],[102.66504116900006,17.29419519000004],[102.66514247700007,17.295443512000077],[102.66405206100006,17.295378710000023],[102.66331426100004,17.29553289100005],[102.66003835700008,17.29584931000005],[102.65939936600006,17.296622854000077],[102.65906598700008,17.29780664900005],[102.65756294900007,17.300694630000066],[102.65736504600005,17.301562570000044],[102.65805311300005,17.302825684000027],[102.65720104700006,17.303610887000048],[102.65243791600005,17.307470487000046],[102.64918310700006,17.31005141000003],[102.64773637700006,17.311128796000048],[102.64480740800008,17.31350826000005],[102.63545435300006,17.320914832000028],[102.63386715100006,17.32154259300006],[102.62965866400003,17.324991755000042],[102.62929690400006,17.325346059000026],[102.63222156100005,17.328689766000025],[102.63231618700007,17.328980779000062],[102.62940627600005,17.331317696000042],[102.62910318300004,17.332071072000076],[102.62711461900005,17.333381773000042],[102.62929644900004,17.335828174000028],[102.62813053900004,17.336582519000046],[102.62732416900008,17.33734716600003],[102.62602415400005,17.339181283000073],[102.62382889100007,17.341286271000058],[102.62351551600005,17.342081347000033],[102.62131848100006,17.344136604000028],[102.61920233700005,17.34534452500003],[102.61805139200004,17.345619586000055],[102.61673313300008,17.34612512700005],[102.61376354200007,17.34767742400004],[102.61243025200008,17.348602458000073],[102.60997756400008,17.351060225000026],[102.60882773400004,17.35139543100007],[102.60653433000004,17.351674341000034],[102.60515517200008,17.352395004000073],[102.60588061000004,17.355496290000076],[102.60530814600008,17.355995306000068],[102.60521697500008,17.357925115000057],[102.60557394500006,17.359406893000028],[102.60643897900007,17.36169647500003],[102.60395482200005,17.36315149400002],[102.60300679400007,17.36379317600006],[102.60366243800007,17.366028266000058],[102.60370742200007,17.366729699000075],[102.60269383000008,17.368841728000064],[102.59859431000007,17.374847343000056]]]},"properties":{"Shape_Leng":1.51585946089,"Shape_Area":0.0532835241405,"ADM2_EN":"Nong Wua So","ADM2_TH":"หนองวัวซอ","ADM2_PCODE":"TH4103","ADM1_EN":"Udon Thani","ADM1_TH":"อุดรธานี","ADM1_PCODE":"TH41","ADM0_EN":"Thailand","ADM0_TH":"ประเทศไทย","ADM0_PCODE":"TH"}},
{"type":"Feature","geometry":{"type":"Polygon","coordinates":[[[102.79967238600005,17.244512352000072],[102.80181125500008,17.24480226700007],[102.80409593300004,17.244541640000023],[102.80580623800006,17.243974407000053],[102.81010448000006,17.24179575100004],[102.81141804200007,17.241319598000075],[102.81315099600005,17.240856612000073],[102.81670367900006,17.240768278000075],[102.81973128600004,17.240767034000044],[102.82309074100004,17.240878450000025],[102.82530253300007,17.240746056000035],[102.82633194700009,17.240392861000032],[102.82762693200004,17.239487637000025],[102.82828728500004,17.23880699800003],[102.82966405800005,17.236779564000074],[102.82914494000005,17.235729047000063],[102.82946165300007,17.23526389600005],[102.83098968800005,17.234737474000042],[102.83187791700004,17.233931549000033],[102.83173258400006,17.23293394700005],[102.83288219100007,17.23019879800006],[102.83316770500005,17.229038659000025],[102.83175020200008,17.22694377700003],[102.83407971100007,17.225032283000075],[102.83407039500008,17.224581171000068],[102.83468740100005,17.22404477300006],[102.83603409100004,17.22340893100005],[102.83690658900008,17.22207592600006],[102.83898699500008,17.22027829800004],[102.83931175700008,17.219324603000075],[102.83986799100006,17.218730406000077],[102.84149430900004,17.21788274100004],[102.84201186400009,17.217375985000047],[102.84233729300007,17.214493520000076],[102.84294478200007,17.212155580000058],[102.84282339700007,17.209793854000054],[102.84327702700006,17.20756675800004],[102.84293555600004,17.206698681000034],[102.84383929000006,17.20552457900004],[102.84426141400007,17.204489162000073],[102.84484938800006,17.202036813000063],[102.84541805000003,17.20064534000005],[102.84661364300007,17.198920177000048],[102.84798199900007,17.196483303000036],[102.84847167900006,17.19531727800006],[102.84833359200007,17.19399937000003],[102.84878712600005,17.19098567700007],[102.84846186200008,17.190595547000044],[102.84765595900006,17.190416662000075],[102.84857188900008,17.187779415000023],[102.85030083900006,17.183552486000053],[102.85254889100008,17.18043497000002],[102.85347512100009,17.179278787000044],[102.85398818800007,17.178051766000067],[102.85439037300006,17.17543190400005],[102.85559217500008,17.17243226100004],[102.85608292200004,17.170856081000068],[102.85598100900006,17.169742949000067],[102.85639243100007,17.168921125000054],[102.85731625900007,17.168087945000025],[102.85687987100005,17.167643618000056],[102.85782205800007,17.167134770000075],[102.85826661700008,17.167177523000078],[102.86010444700008,17.16787305200006],[102.86064811200004,17.16735329900007],[102.86086722400006,17.166750105000062],[102.86154150600004,17.167305992000024],[102.86170124300008,17.166704363000065],[102.86232243000006,17.16646746500004],[102.86207353900005,17.166089235000072],[102.86243168500005,17.165117571000053],[102.86339388100004,17.164908766000053],[102.86429673500004,17.16531380500004],[102.86468386500007,17.16495475800002],[102.86517922400009,17.165154089000055],[102.86489938100004,17.165535977000047],[102.86518312300007,17.165977783000073],[102.86586021000005,17.165945864000037],[102.86707718300005,17.16556319700004],[102.86798431800008,17.165054849000057],[102.86851189700008,17.165058396000063],[102.86912338100007,17.164442054000062],[102.86884235700006,17.16399606600004],[102.86931351500004,17.162506294000025],[102.86998025300005,17.162120966000032],[102.87064594500004,17.160664948000033],[102.87098490200003,17.160460819000036],[102.87202904300005,17.160874552000053],[102.87201436000004,17.160240001000034],[102.87297735800007,17.16038517000004],[102.87343907900004,17.161505179000073],[102.87428521900006,17.160781249000024],[102.87522807800008,17.161775807000026],[102.87569144400004,17.16134525800004],[102.87703268100006,17.161342846000025],[102.87754640100007,17.16076167400007],[102.87738738300004,17.159980873000052],[102.87817251400008,17.159859235000056],[102.87951002700004,17.160430501000064],[102.87982864800006,17.159485794000034],[102.88037147500006,17.159084921000044],[102.88124991800004,17.158882108000057],[102.88183132500006,17.158084416000065],[102.88145287400005,17.157695184000033],[102.88218443200009,17.157535952000046],[102.88288718700005,17.15792893200006],[102.88354870800003,17.15749224600006],[102.88382256700004,17.15659203900003],[102.88440142800005,17.15621399400004],[102.88497615900008,17.15535862100006],[102.88420205200003,17.154302490000077],[102.88329641100006,17.15402318100007],[102.88234521400005,17.15323237100006],[102.88231646900005,17.152709481000045],[102.88148418600008,17.152380337000068],[102.88086834200004,17.151775432000022],[102.88051144100007,17.151063693000026],[102.87922503800007,17.150584566000077],[102.87892160100006,17.150961333000055],[102.87819934800007,17.151072033000048],[102.87676812400008,17.150600978000057],[102.87567206400007,17.150695262000056],[102.87539069200005,17.150173091000056],[102.87418530900004,17.148863815000027],[102.87397485100007,17.14741775500005],[102.87414817500007,17.145863117000033],[102.87459329700005,17.144535575000077],[102.87505784200005,17.143832153000062],[102.87619928200007,17.142919333000066],[102.87566314000009,17.140709663000052],[102.87634284000006,17.139906636000035],[102.87655665500006,17.139161229000024],[102.87620064000004,17.13847191800005],[102.87649851100008,17.13783047100003],[102.87703637300007,17.137585571000045],[102.87662168100007,17.13677767100006],[102.87601244600006,17.136129738000022],[102.87689913700007,17.135115635000034],[102.87703207800007,17.134029816000066],[102.87740683600003,17.13378014400007],[102.87740978000005,17.13249405600004],[102.87721642800005,17.131305703000066],[102.87633378000004,17.12965037400005],[102.87619266100006,17.12881968000005],[102.87705223300009,17.123065514000075],[102.87770237200004,17.120041796000066],[102.87824121600005,17.118098428000053],[102.87868511500005,17.117097913000066],[102.88057571800005,17.113732492000054],[102.88169903100004,17.113152832000026],[102.88393908400008,17.112767649000034],[102.88655322500006,17.112175560000026],[102.88888276600005,17.11049981700006],[102.88954279700005,17.11013127600006],[102.88997521000005,17.108330614000067],[102.88988100700004,17.107307983000055],[102.88875772400007,17.105123626000022],[102.88818603700008,17.104314437000028],[102.88668081600008,17.104709730000025],[102.88641031000009,17.104622049000056],[102.88609127500007,17.102222796000035],[102.88606600200006,17.101190880000047],[102.88474275300007,17.098694368000054],[102.88552794400005,17.09744837100004],[102.88558993200007,17.096161420000044],[102.88581746300008,17.095523310000033],[102.88575382100004,17.093373472000053],[102.88586887200006,17.092505964000054],[102.88675453300004,17.08999665400006],[102.88678332500007,17.088941900000066],[102.88726763700004,17.087549341000056],[102.88738965000005,17.086712168000076],[102.88718493400006,17.08570194200007],[102.88616593300009,17.085754585000075],[102.88532586900004,17.085575711000047],[102.88521115400005,17.08462730100007],[102.88433290800003,17.08410103800003],[102.88447048700004,17.08331841000006],[102.88328151000007,17.08341985000004],[102.88134258500008,17.08429599300007],[102.87838298600008,17.084972615000027],[102.87698894100004,17.084870022000075],[102.87674026900004,17.082192915000064],[102.87477642200008,17.081487908000042],[102.87369130600007,17.080735640000057],[102.87406329300006,17.08026407600005],[102.87313525500008,17.077410688000043],[102.87466841800006,17.076571814000033],[102.87446700800007,17.073258340000052],[102.87400250200005,17.072081592000075],[102.87461967800004,17.07070681700003],[102.87540026500005,17.069350201000077],[102.87575787000009,17.067794522000042],[102.87609462700004,17.06726283200004],[102.87606405800005,17.066650552000056],[102.87652042600007,17.066186840000057],[102.87660299600009,17.06506657700004],[102.87604209300008,17.064878865000026],[102.87697495900005,17.064066815000047],[102.87720958300008,17.063194129000067],[102.87635444400007,17.061729945000025],[102.87617550500005,17.059360146000074],[102.87586503600005,17.059184703000028],[102.87577703400007,17.05839400700006],[102.87601624500007,17.05809666700003],[102.87615491200006,17.056991664000066],[102.87656852700007,17.05671787700004],[102.87818750300005,17.056310505000056],[102.87824436300008,17.055906118000053],[102.87771168300009,17.055527944000062],[102.87709971300006,17.05567109200007],[102.87680516200004,17.056145746000027],[102.87579044600005,17.056036686000027],[102.87535183000006,17.055701518000035],[102.87493901500005,17.056014123000068],[102.87475124500008,17.055644285000028],[102.87363947600005,17.057753728000023],[102.87322275200006,17.057576470000072],[102.87196966100004,17.058708737000075],[102.87152346900007,17.05875908200005],[102.87091064800006,17.059463865000055],[102.86960679100008,17.059512624000035],[102.86933417100005,17.058366157000023],[102.86953589000007,17.05660718300004],[102.86727988900009,17.053945979000048],[102.86550037400008,17.051347548000024],[102.86512135900006,17.05144640800006],[102.86385035400008,17.048872075000077],[102.86346164200006,17.04723262400006],[102.86233459100004,17.04583087900005],[102.86103123500004,17.044700221000028],[102.85895273600005,17.04237594400007],[102.85815589800006,17.040738313000077],[102.85830510800008,17.040129584000056],[102.85733470300005,17.039953972000035],[102.85608281900005,17.038959868000063],[102.85544312000007,17.038888695000026],[102.85516552900003,17.03846856800004],[102.85514324600007,17.037605032000045],[102.85422835000008,17.037543516000028],[102.85160689500003,17.034777676000033],[102.84980750700004,17.033146232000036],[102.85034082800007,17.03099744900004],[102.85044273800008,17.02892868600003],[102.85135985400007,17.026573991000078],[102.85166739300007,17.024308248000068],[102.85094208200007,17.02348456900006],[102.84851913000006,17.02299031000007],[102.84725169600006,17.022379685000033],[102.84618416000006,17.02131637900004],[102.84535787700008,17.020248500000037],[102.84492169800006,17.019374457000026],[102.84337289900009,17.01680330000005],[102.84229893900005,17.013504176000026],[102.84226821400006,17.013083704000053],[102.84382410000006,17.01166054600003],[102.84554502900005,17.010358237000048],[102.84643952600004,17.009348627000065],[102.84774669700005,17.008453793000058],[102.84848021500005,17.008238825000035],[102.85138674700005,17.00616304500005],[102.85256143900006,17.005932186000052],[102.85357479600003,17.00658431200003],[102.85571183600007,17.006092094000053],[102.85767594700008,17.004429192000032],[102.86051074100004,17.00393875700007],[102.86257182000008,17.00341183300003],[102.86613844200008,17.003303397000025],[102.86926577700007,17.002466294000044],[102.86843297000007,17.00047365200004],[102.87035369200004,17.000073459000077],[102.87208062000008,16.999463732000038],[102.87339381300006,16.997758519000058],[102.87414759200004,16.996356984000045],[102.87610566200004,16.99224223500005],[102.87690751000008,16.99358331600007],[102.87759943500004,16.993800001000068],[102.87970115400009,16.995653641000047],[102.88159946500008,16.99776765000007],[102.88322066600006,17.000281304000055],[102.88460638400005,17.000036540000053],[102.88649120400004,16.99938509900005],[102.88727153100007,16.99833034900007],[102.88761988900006,16.997467506000078],[102.88868981900004,16.996440934000077],[102.88952660700005,16.99593119000002],[102.89350261900006,16.995695053000077],[102.89541522500008,16.995897479000064],[102.89665734800008,16.995895417000042],[102.89878781500005,16.99492924900005],[102.90260442300007,16.994082453000033],[102.90405194700008,16.993996194000033],[102.90560438200004,16.994911100000024],[102.90688411500008,16.995300394000026],[102.90855238900008,16.99715238700003],[102.90996815000005,16.99835402100007],[102.91148057400005,16.997993266000037],[102.91311564700004,16.997775964000027],[102.91361380500007,16.999078053000062],[102.91416967800006,17.000027466000063],[102.91538685600005,17.001136517000077],[102.91709402700008,17.003412452000077],[102.91851141900008,17.004386065000062],[102.91926299200009,17.00389450800003],[102.92135745600007,17.003187033000074],[102.92138637900007,17.002525712000022],[102.92314002700004,17.00140280200003],[102.92310836500008,17.000727788000063],[102.92417972500004,17.000295555000037],[102.92701244700004,17.000094881000052],[102.92867637300009,17.000543053000058],[102.92967116900007,16.999538237000024],[102.93201363100007,16.996022615000072],[102.93257859400006,16.99567227800003],[102.93353326200008,16.995806470000048],[102.93508523700007,16.996406773000047],[102.93680911300004,16.996584710000036],[102.93778779500008,16.997005965000028],[102.93964058300008,16.996785200000033],[102.94084645000004,16.99713160600004],[102.94168885900007,16.997181080000075],[102.94403295000006,16.996174919000055],[102.94572968200004,16.995707349000043],[102.94710664300004,16.995622454000056],[102.95039700700005,16.997143465000022],[102.95344309500007,16.99753664700006],[102.95575159600008,16.998135667000042],[102.95869836100007,16.998600573000033],[102.96112825000006,16.99930846600006],[102.96181523300004,17.00000460700005],[102.96223146000005,17.001598927000032],[102.96408050400004,17.002617800000053],[102.96850089700007,17.003336257000058],[102.97082542100009,17.003824157000054],[102.97259553500004,17.004304148000074],[102.97412625800007,17.004498772000034],[102.97555465100004,17.004452128000025],[102.98002075600004,17.003672409000046],[102.98128828000006,17.00337627300007],[102.98370113000004,17.002524409000046],[102.98467629100008,17.002083119000076],[102.98623493000008,17.001645592000045],[102.98776945100008,17.00144709600005],[102.99084650600008,17.00177264100006],[102.99204093800006,17.001700076000077],[102.99318238000006,17.001903291000076],[102.99437350700003,17.00183460200003],[102.99504273300005,17.001572030000034],[102.99586688900007,17.003859797000075],[102.99639034900008,17.004479891000074],[102.99833337800004,17.005773549000025],[102.99965750000007,17.00646585100003],[103.00079567800009,17.006867577000037],[103.00237976800008,17.007667482000045],[103.00390202900007,17.008089707000067],[103.00440961200007,17.009436034000032],[103.00543117900008,17.011119312000062],[103.00537911400005,17.011783426000022],[103.00696508000004,17.01156205700005],[103.00786213900005,17.011860236000075],[103.01104002400007,17.014004672000056],[103.01231710000008,17.01372374700003],[103.01501738500008,17.012709278000045],[103.01666583500008,17.011794936000058],[103.01824589800003,17.010712917000035],[103.02009418200004,17.008872567000026],[103.02332489100007,17.00583295200005],[103.02503765800009,17.004125225000053],[103.02568101900005,17.00246670200005],[103.02585302800009,17.000474283000074],[103.02525130000004,17.00010693400003],[103.02361796700006,16.999598767000066],[103.02222077000005,16.99942175600006],[103.02248095700008,16.99883675500007],[103.02217208500008,16.998610665000058],[103.02229240900004,16.997769294000022],[103.02276734800006,16.997922981000045],[103.02323720500004,16.99751593700006],[103.02307401400009,16.996626266000078],[103.02317769900009,16.995269370000074],[103.02195222700004,16.995271471000024],[103.02151524800007,16.994668364000063],[103.02186323600006,16.993151381000075],[103.02128095100005,16.99275635400005],[103.02115952400004,16.99217141200006],[103.02159153100007,16.991869491000045],[103.02144766900005,16.991195369000025],[103.02073525400004,16.990542111000025],[103.01935478900003,16.990532278000046],[103.01894996600004,16.990925099000037],[103.01835574300009,16.990723329000048],[103.01843174500004,16.989863970000044],[103.01776774000007,16.989006440000026],[103.01802051800007,16.988212628000042],[103.01852742800008,16.987498174000052],[103.01810921900005,16.98701422000005],[103.01784505700005,16.985869533000027],[103.01793206600007,16.984115040000063],[103.01930924200008,16.97790730500003],[103.02193838400007,16.971339470000032],[103.02290497400008,16.969471919000057],[103.02301916800008,16.96823157500006],[103.02359500100005,16.96680613500007],[103.02476189800007,16.96515147200006],[103.02698679000008,16.963240538000036],[103.02914509700008,16.96158406400002],[103.03165109100007,16.959048409000047],[103.03305682000007,16.957241175000036],[103.03388382400004,16.956330867000077],[103.03318851200004,16.954751000000044],[103.03265352300008,16.952818441000034],[103.03262420800007,16.949217487000055],[103.03310940000006,16.945009105000054],[103.03211836300005,16.944125803000077],[103.03072987800005,16.943224099000076],[103.02673720600006,16.941075186000035],[103.02543528700005,16.94049527800007],[103.02365428600007,16.94005658100002],[103.02218617300008,16.93905056400007],[103.02217645000007,16.937627661000022],[103.02188246800006,16.935934573000054],[103.02128050700009,16.93053386200006],[103.02225321100008,16.928213240000048],[103.02292346900003,16.927123721000044],[103.02443731400007,16.92529961200006],[103.02642801700006,16.921552100000042],[103.02814580500007,16.917963905000022],[103.02844674800008,16.917036018000033],[103.02910889800006,16.914162007000073],[103.02921061900008,16.913187381000057],[103.02899670400006,16.912032644000078],[103.02755378100005,16.908961201000068],[103.02631119100005,16.90789607000005],[103.02547746700009,16.906122380000056],[103.02528476000003,16.904439749000062],[103.02612000700009,16.90135271500003],[103.02650429000005,16.898813674000053],[103.02727496800009,16.89612638500006],[103.02824238400007,16.89467751600006],[103.03047219200005,16.891914593000024],[103.03262544700004,16.88898909100004],[103.03412753600009,16.886830211000074],[103.03591189200006,16.883807902000058],[103.03762472400007,16.885642829000062],[103.03882622300006,16.886213595000072],[103.03970410800008,16.886365359000024],[103.04157268800009,16.887300940000046],[103.04268092000007,16.888243602000045],[103.04355837600008,16.888438437000048],[103.04643978800004,16.888007050000056],[103.04697904500006,16.887754108000024],[103.04755399000004,16.886927883000055],[103.04876278300009,16.886341574000028],[103.05009008100006,16.885970204000046],[103.05252735400006,16.88564147900007],[103.05342467800006,16.887126943000055],[103.05348006000008,16.887576809000052],[103.05450648500005,16.888831181000057],[103.05481679400003,16.888978988000076],[103.05695236200006,16.888902692000045],[103.05761323100006,16.88841582300006],[103.05838556800006,16.88902086400003],[103.05980719800004,16.889849235000042],[103.06042576200008,16.89086124100004],[103.06191961900004,16.89133462600006],[103.06328308600007,16.89357313100004],[103.06356396800004,16.895039575000055],[103.06541793000008,16.896056660000056],[103.06674005300005,16.89748885700004],[103.06792086900003,16.898306879000074],[103.06866572900009,16.89939838600003],[103.07038158100005,16.900202739000065],[103.07195849000004,16.900706162000063],[103.07198231100006,16.901612922000027],[103.07296151300005,16.901546186000076],[103.07367818000006,16.902197759000046],[103.07461708200003,16.901501366000048],[103.07496779500008,16.900723153000058],[103.07542099500006,16.900475484000026],[103.07685183600006,16.900161424000032],[103.07775201200008,16.899644430000023],[103.07882157200004,16.898027309000042],[103.07946155600007,16.897996927000065],[103.08056125800005,16.898646013000075],[103.08386908600005,16.899272686000074],[103.08436885100008,16.901113836000036],[103.08447526200007,16.901933815000064],[103.08591771700009,16.90350876800005],[103.08670683600008,16.90514661800006],[103.08811890200008,16.906507782000062],[103.08909641500009,16.906421919000024],[103.09011396200003,16.90802284700004],[103.09211476800004,16.910261086000048],[103.09273624300005,16.910207349000075],[103.09428084000007,16.91061252800006],[103.09644296100004,16.91034366200006],[103.09689062100006,16.911117336000075],[103.09759430900004,16.91178704300006],[103.09811585400007,16.912621710000053],[103.09771199500005,16.91295318600004],[103.09806290300008,16.913451733000045],[103.09810817000005,16.914153159000023],[103.09729606100007,16.91426002700007],[103.09678191800003,16.914593300000035],[103.09679231000007,16.91522805900007],[103.09814453900003,16.915786037000032],[103.09859926200005,16.916251982000063],[103.09827255700009,16.916705189000027],[103.09758065300008,16.915968788000043],[103.09721750800009,16.916326112000036],[103.09748695100006,16.91672402200004],[103.09684936600007,16.916933525000047],[103.09685153300006,16.917699622000043],[103.09756809900006,16.918037441000024],[103.09691402300007,16.918581244000052],[103.09748087100007,16.918800996000073],[103.09766720200008,16.919423437000034],[103.09813006000007,16.919744723000065],[103.09775963700008,16.920352869000055],[103.09799532500006,16.92095032000003],[103.09884368400009,16.920798268000055],[103.09898092700007,16.92182467400005],[103.09783610000005,16.922522290000074],[103.09723476100004,16.923615958000028],[103.09707962900006,16.925192331000062],[103.09777220400008,16.92524123100003],[103.09745126100006,16.92612572400003],[103.09830543000004,16.927544117000025],[103.09871206900004,16.927276825000035],[103.10015745500004,16.928193945000032],[103.09859650000004,16.928903167000044],[103.09866154500008,16.929517685000064],[103.09818236000007,16.93006680800005],[103.09843061700008,16.93093404800004],[103.09913793100009,16.930515095000032],[103.09923085000008,16.931338801000038],[103.09986806900008,16.93184857800003],[103.10099332900006,16.93208568500006],[103.10096054200005,16.932471973000077],[103.10014534300007,16.932695756000044],[103.09964292700005,16.93234315600006],[103.09941946000004,16.933117080000045],[103.10041437800004,16.93468249800003],[103.10076308100008,16.93445315300005],[103.10119058900005,16.93489962700005],[103.10236052800008,16.93448089900005],[103.10182964600006,16.935646045000055],[103.10202155100006,16.936719939000056],[103.10187524300005,16.937289574000033],[103.10239699200008,16.937499063000075],[103.10179294400007,16.93851059600007],[103.10221108200005,16.93862389700007],[103.10220735100006,16.93913686800005],[103.10310892400008,16.93844650400007],[103.10373209300008,16.93966513400005],[103.10481867100003,16.939608332000034],[103.10576304500006,16.939277282000035],[103.10572742400007,16.93885612400004],[103.10695608500004,16.938350263000075],[103.10707970400006,16.93929037600003],[103.10791488200005,16.939344419000065],[103.10825046000008,16.93996416600004],[103.10810393300005,16.940601508000043],[103.10763455000006,16.940582350000057],[103.10723744100005,16.94106891900003],[103.10843505100007,16.941415891000076],[103.10905725000003,16.94244413100006],[103.10931007000005,16.94170295400005],[103.10964971300007,16.94186846200006],[103.11070715300008,16.94144808300007],[103.11085983100008,16.942049808000036],[103.11029826500004,16.942911234000064],[103.10953518600007,16.943084138000074],[103.10905032200009,16.943660110000053],[103.10919335300008,16.944557875000044],[103.10991716700005,16.94517750400007],[103.10954176700005,16.946252180000045],[103.10994589200004,16.94736250400007],[103.10995611800007,16.94831901400005],[103.11050147000009,16.94901023400007],[103.11101016800006,16.949265813000068],[103.11160230100006,16.949137276000044],[103.11216150000007,16.949765074000027],[103.11214127000005,16.95097194500005],[103.11163880500004,16.95126642400004],[103.11270389900005,16.952576828000076],[103.11247666700007,16.953168165000022],[103.11302382800005,16.95418660100006],[103.11257372200004,16.95464557300005],[103.11308724800006,16.955296066000074],[103.11318801300007,16.955861601000038],[103.11400884500006,16.955699045000074],[103.11452435400008,16.956161098000052],[103.11444317100006,16.955236438000043],[103.11516183900005,16.955559779000055],[103.11519513800005,16.956542850000062],[103.11495401600007,16.957032240000046],[103.11444522800008,16.95715079200005],[103.11444085100004,16.95757254800003],[103.11370515900006,16.95778494800004],[103.11352885600007,16.958340328000077],[103.11397104400004,16.958301119000055],[103.11421519400005,16.959185195000032],[103.11522776300006,16.959667667000076],[103.11600429700007,16.959309234000045],[103.11559519200006,16.96090250000003],[103.11591530200008,16.960466445000066],[103.11672778800005,16.960334603000035],[103.11729689700007,16.961118657000043],[103.11630042800005,16.961211528000035],[103.11584541400003,16.96190365600006],[103.11573220700006,16.963129860000038],[103.11509716700004,16.96359337100006],[103.11437370500005,16.963350046000073],[103.11504550900008,16.962422340000046],[103.11506264300004,16.96134825300004],[103.11362350100006,16.961190128000055],[103.11271461900009,16.960842549000063],[103.11240216100003,16.961025891000077],[103.11225191400007,16.961930496000036],[103.11257206700009,16.963536893000025],[103.11319721800004,16.96423259000005],[103.11330350800006,16.965964416000077],[103.11243169400007,16.96683285900002],[103.11156361500008,16.966439180000066],[103.11158022000006,16.965815318000068],[103.11229147000006,16.965005991000055],[103.11217089700006,16.964511843000025],[103.11134296500006,16.96473583100004],[103.11054585300008,16.963283008000076],[103.10955038600008,16.96280710600007],[103.10872142400007,16.962895263000064],[103.10881082300006,16.963335904000076],[103.10961135100007,16.963385224000035],[103.10988804000004,16.963848546000065],[103.10878687800005,16.964675469000042],[103.10762441200006,16.965264540000078],[103.10659634800004,16.96531737300006],[103.10563045500004,16.964758352000047],[103.10497150700007,16.964024232000043],[103.10393702300007,16.963619075000054],[103.10372647600008,16.962540227000034],[103.10246965000005,16.96176764300003],[103.10239873700004,16.961127308000073],[103.10120082700007,16.960547684000062],[103.10092867600008,16.959611218000077],[103.10008333500008,16.95878969900002],[103.10011990800007,16.957800071000065],[103.09980324100007,16.95750785000007],[103.09802210800007,16.95741989000004],[103.09682159100004,16.957761987000026],[103.09596802100003,16.959271772000022],[103.09550120500006,16.95951130900005],[103.09410492300003,16.95934636000004],[103.09343354200007,16.958454687000028],[103.09272119800005,16.958504253000058],[103.09119319900009,16.959362218000024],[103.09079069200004,16.95926570900002],[103.09066019500005,16.958454464000056],[103.08957693000008,16.95895317000003],[103.08871942800005,16.958727276000047],[103.08787573200004,16.959470985000053],[103.08718500800006,16.95955958600007],[103.08714078300005,16.958602057000064],[103.08581785300004,16.958503364000023],[103.08447387200005,16.95874785600006],[103.08420755500003,16.959133030000032],[103.08384168700007,16.96059697100003],[103.08264831800005,16.96127927200007],[103.08233177400007,16.961648831000048],[103.08099324500006,16.96249780900007],[103.08091891400005,16.963050189000057],[103.08128096200005,16.963431654000033],[103.08265888700004,16.96585673100003],[103.08193864100008,16.966763508000042],[103.08078900300006,16.966972764000047],[103.08014711300007,16.967553741000074],[103.07911421600005,16.967849736000062],[103.07883318500006,16.96689946200007],[103.07827943000007,16.96655708000003],[103.07721313000008,16.96754491400003],[103.07706468400005,16.970032584000023],[103.07821694300009,16.970917907000057],[103.07832952300004,16.971804087000066],[103.07782284400008,16.97216602800006],[103.07782169400008,16.973148096000045],[103.07723726600005,16.97372030500003],[103.07790162000003,16.97405384500007],[103.07873775700006,16.97499645700003],[103.07876109400007,16.975298937000048],[103.07803186100006,16.975224361000073],[103.07710228000008,16.975696502000062],[103.07701642600006,16.976230687000054],[103.07753655500005,16.976572157000078],[103.07777417400007,16.977610885000047],[103.07714272800007,16.97767761600005],[103.07562251400009,16.97734458800005],[103.07482538600004,16.977703159000043],[103.07476815900009,16.978258839000034],[103.07616929400007,16.978921866000064],[103.07619709500005,16.97936934300003],[103.07554387200008,16.98014705500003],[103.07444866900005,16.979577793000033],[103.07412995700008,16.979788280000037],[103.07447253500004,16.981502085000045],[103.07413853900005,16.98196920500004],[103.07333466100005,16.981406280000044],[103.07303978600004,16.981487024000046],[103.07297170600003,16.982920171000046],[103.07308673300008,16.98398232900007],[103.07256243900008,16.984541766000063],[103.07191079600005,16.98432998900006],[103.07186954800005,16.98386854900002],[103.07249767800005,16.983628143000033],[103.07233911900005,16.983158092000053],[103.07146839800004,16.98257505500004],[103.07065450500005,16.984037070000056],[103.06996865700006,16.984299133000036],[103.06892381500006,16.984208760000058],[103.06855168800007,16.985029611000073],[103.06924274600004,16.985401961000036],[103.06934196300006,16.986170380000033],[103.06969898500006,16.98680723800004],[103.06937455800005,16.987939553000047],[103.06855655400005,16.988373529000057],[103.06803728700004,16.989096766000046],[103.06636891100004,16.990078724000057],[103.06724469500006,16.991877017000036],[103.06703213300005,16.992483931000038],[103.06577334200006,16.992714613000032],[103.06536978500009,16.993726218000063],[103.06543654200004,16.994663325000033],[103.06572342100009,16.99531716900003],[103.06618858200005,16.995291844000064],[103.06622483900009,16.99457336200004],[103.06731504700008,16.994801035000023],[103.06776025400006,16.995344729000067],[103.06737046600006,16.996556697000074],[103.06667178100008,16.997695692000036],[103.06686115100007,16.99818841800004],[103.06819046400005,16.999007147000043],[103.06859052000004,16.999674136000067],[103.06856836300005,17.000617582000075],[103.06751547300007,17.001549084000033],[103.06707789500007,17.002146104000076],[103.06708445800007,17.00280992200004],[103.06813932400007,17.005352498000036],[103.06845040600007,17.007590261000075],[103.06842707300007,17.008321559000024],[103.06806066900003,17.00876312400004],[103.06699757300004,17.009079067000073],[103.06531388700006,17.01023379000003],[103.06461344200005,17.011076056000036],[103.06446490100006,17.013424259000033],[103.06465380700007,17.014103874000057],[103.06428917000005,17.01445447800006],[103.06297188300005,17.013187138000035],[103.06201052100005,17.013996852000048],[103.06024291500006,17.013376381000057],[103.05961537400003,17.013345198000025],[103.05936613500006,17.013773488000027],[103.06021483000006,17.013958776000038],[103.05936773500008,17.014653165000027],[103.05881195200004,17.01586636600007],[103.05935406500004,17.016493712000056],[103.05986268800007,17.01754625700005],[103.05975216200005,17.01799667800003],[103.05910936100008,17.018215906000023],[103.05903953100005,17.01892564600007],[103.05948294700005,17.019465342000046],[103.05862582800006,17.01958287900004],[103.05883581900008,17.02001334600004],[103.05781238800006,17.020278967000024],[103.05872023700005,17.02072346800003],[103.05782852800007,17.021645301000035],[103.05746035600004,17.021468280000022],[103.05703872600009,17.02025131700003],[103.05591215500004,17.020604198000058],[103.05530308300007,17.02108895200007],[103.05530906800004,17.02012652700006],[103.05414131600008,17.02046696900004],[103.05417675200005,17.02186122200004],[103.05347406800007,17.021708970000077],[103.05284314100004,17.02206685500005],[103.05331061600003,17.02247919200005],[103.05240940300007,17.022981750000042],[103.05178882400008,17.022901553000054],[103.05139575100009,17.023609184000065],[103.05185320200007,17.02359862800006],[103.05259391200008,17.025190800000075],[103.05353176100004,17.025474678000023],[103.05308691300007,17.025944623000044],[103.05372773300007,17.026167220000048],[103.05380280600008,17.02700141400004],[103.05243653200006,17.028290757000036],[103.05276886900003,17.029214371000023],[103.05212966100004,17.029474185000026],[103.05258582600004,17.03029864800004],[103.05200301900004,17.03059020300003],[103.05275352700005,17.03074379000003],[103.05204640600004,17.032362937000073],[103.05275535400006,17.03273603200006],[103.05215880700007,17.03343000900003],[103.05149528100009,17.034623476000036],[103.05123249800005,17.03803501300007],[103.05083073100008,17.038346688000047],[103.04928296100007,17.038801224000053],[103.04859940700004,17.039590261000058],[103.04856709700005,17.040277359000072],[103.04890756300006,17.040769216000058],[103.05160479100005,17.041860539000027],[103.05204954400006,17.042788044000076],[103.05145621300005,17.043901900000037],[103.05390080400008,17.045188008000025],[103.05533228100006,17.04576703500004],[103.06034085600004,17.047565940000027],[103.06136887400004,17.048156719000076],[103.06448863800006,17.05092040200003],[103.06668696000008,17.052664010000058],[103.06847866100009,17.05380811400005],[103.07081504600006,17.054738711000027],[103.07478471700006,17.055839001000038],[103.07675319000003,17.056319234000057],[103.07889134700008,17.056669949000025],[103.08118222000007,17.057663344000048],[103.08340175400008,17.05846598000005],[103.08686664300006,17.05902554200003],[103.08798038300006,17.05947947900006],[103.08899378900009,17.060272490000045],[103.08980774400004,17.05992238400006],[103.09093682200006,17.059992485000066],[103.09230785600005,17.060506991000068],[103.09619583900007,17.060937866000074],[103.09870701900007,17.060929679000026],[103.10093752400007,17.06133122600005],[103.10182227500007,17.063159085000052],[103.10506964400008,17.064293477000035],[103.11221460500008,17.06636430700007],[103.11780002000006,17.068788631000075],[103.12115744300007,17.070521343000053],[103.12473831200003,17.072615264000035],[103.12804106100003,17.074758259000077],[103.12897430200007,17.07582902400003],[103.13007652000005,17.07752181500007],[103.13059439200003,17.07809580600002],[103.13180074600007,17.078876528000023],[103.13202420800008,17.08043796800007],[103.13237888600008,17.080922215000044],[103.13235551600008,17.082011394000062],[103.13294601000007,17.082340527000042],[103.13260475200008,17.08344880100003],[103.13300629200006,17.084375498000043],[103.13337801200004,17.08459921900004],[103.13318614900004,17.085118989000023],[103.13358790700005,17.08523041600006],[103.13380797600007,17.086159015000078],[103.13348688000008,17.08793031500005],[103.13361377600006,17.088429233000056],[103.13488273400009,17.089319009000064],[103.13820333200005,17.090718390000063],[103.14069966500006,17.092087965000076],[103.14172477300008,17.09244966400007],[103.14503035700005,17.092948738000075],[103.14655598900003,17.093628641000066],[103.14820266400005,17.094594122000046],[103.15075199700004,17.09626707500007],[103.15150333300005,17.096617980000076],[103.15335103000007,17.097141985000064],[103.15581974700007,17.099583261000078],[103.15513272200008,17.101446821000025],[103.15185497400006,17.10329831100006],[103.15064170200009,17.103646894000065],[103.14973485200005,17.104398696000032],[103.14907953800008,17.10535236100003],[103.14816327400007,17.10559064100005],[103.14697636100004,17.106449057000077],[103.14648453000007,17.107470827000043],[103.14530250900003,17.110919800000033],[103.14555169400006,17.112219782000068],[103.14546626700007,17.113892785000075],[103.14494419400006,17.115004413000065],[103.14283935200007,17.114183402000037],[103.14214254200004,17.114021671000046],[103.13855880900007,17.11373784400007],[103.13406142000008,17.113703801000042],[103.13169518600006,17.11402427400003],[103.13183858300005,17.115571380000063],[103.13253100700007,17.119972652000058],[103.13252488100005,17.123205676000055],[103.13120995200006,17.127659083000026],[103.13082829500007,17.129319560000056],[103.12982065100005,17.13079712600006],[103.12845562000007,17.132477707000078],[103.12673150900008,17.134285227000078],[103.12576144400003,17.135076973000025],[103.12455837200008,17.135766586000045],[103.12281425800006,17.136125305000064],[103.12103721400007,17.13707627100007],[103.11956778100006,17.138135669000064],[103.11794111500006,17.139748961000066],[103.11690567300008,17.140998727000067],[103.11347345300004,17.144909597000037],[103.11277044800005,17.14558749500003],[103.10880651700006,17.147617186000048],[103.10815471900008,17.14862347600007],[103.10800768700005,17.149391776000073],[103.10732513000005,17.149139322000053],[103.10675187400005,17.149425302000054],[103.10681250700009,17.15009551600002],[103.10629428100003,17.15077658900003],[103.10595452700005,17.15165740900005],[103.10529584700004,17.15139757700007],[103.10505071600005,17.152948498000057],[103.10509778600004,17.15387120200006],[103.10427579500004,17.154185738000024],[103.10489418800006,17.155912853000075],[103.10444566800004,17.15645094000007],[103.10461591800004,17.15704794100003],[103.10511936100005,17.15729978300004],[103.10505701500006,17.15832972100003],[103.10390052400004,17.158903456000075],[103.10327626500003,17.159940884000036],[103.10355296800009,17.16054317000004],[103.10170330200003,17.162014715000055],[103.10195655200005,17.162930449000044],[103.10079617200006,17.163381677000075],[103.10030942100008,17.164851316000068],[103.10133244700006,17.16637337700007],[103.10141699600007,17.167243577000022],[103.10082070900006,17.169219345000045],[103.10093681200004,17.17016867700005],[103.10054624900005,17.17441577200003],[103.10000083200003,17.176229096000043],[103.09699071100005,17.18130694000007],[103.09456025200006,17.185841897000046],[103.09301740300003,17.188307504000022],[103.09130377800005,17.190531926000062],[103.09044313500004,17.191288496000027],[103.08968718300008,17.19248575100005],[103.08956669000008,17.193090256000062],[103.08965689500008,17.19442698000006],[103.09114530300008,17.197102100000052],[103.09141350300007,17.198073031000035],[103.09131422500008,17.19917005600007],[103.09066123100007,17.200940849000062],[103.08856333600005,17.203280102000065],[103.08519973800009,17.20040615100004],[103.08468082300004,17.19963061900006],[103.08438330300004,17.19788350300007],[103.08383816000008,17.19720109800005],[103.08100087900004,17.19545369100007],[103.08050568100003,17.19549745300003],[103.07964879400004,17.196099137000033],[103.07804777100006,17.196323300000074],[103.07666184500005,17.196293568000044],[103.07450025200006,17.196724690000053],[103.07001061000005,17.197788091000064],[103.06890624800008,17.19782638600003],[103.06612429200004,17.19717569200003],[103.06383843900005,17.196198681000055],[103.05995594000007,17.193895816000065],[103.05901962200005,17.193561232000036],[103.05703659600005,17.193154728000025],[103.05604832900008,17.19310022700006],[103.04589364600008,17.193397584000024],[103.04346857700006,17.19467637200006],[103.04319252500005,17.19503310500005],[103.04231694800006,17.19911911400004],[103.04123366300007,17.20739145700003],[103.04100757000003,17.20954738200004],[103.04047617300006,17.212190732000067],[103.03943928500007,17.214219659000037],[103.03911716800008,17.21513368600006],[103.03844609100008,17.21843270900007],[103.03830130400007,17.219637602000034],[103.03785741400009,17.220576137000023],[103.03553073800003,17.221080175000054],[103.03544676900003,17.221635671000058],[103.03571189700006,17.222754442000053],[103.03365765100006,17.22286314400003],[103.03369361300008,17.224898431000042],[103.03325034500006,17.227218118000053],[103.03440377900006,17.227426250000065],[103.03450286800006,17.229259799000033],[103.03410981900004,17.230367054000055],[103.03417914700003,17.230904440000074],[103.03479216400007,17.231738472000075],[103.02919941300007,17.231627627000023],[103.02829893800003,17.23167102000002],[103.02837200100004,17.233675246000075],[103.02781203900008,17.23752919900005],[103.02795768400006,17.239056778000077],[103.02365749100005,17.24035857000007],[103.02400682900009,17.241404913000054],[103.02584752100006,17.245099983000046],[103.02298388700007,17.245978231000038],[103.02242804800005,17.24633470400005],[103.02082520000005,17.246876349000047],[103.01913838200005,17.247087302000068],[103.01775752700007,17.246740248000037],[103.01703000600008,17.24687841900004],[103.01642563000007,17.24633866000005],[103.01397586500008,17.245360590000075],[103.01390050300006,17.24493667400003],[103.01423782600006,17.243907024000066],[103.01312079500008,17.241896437000037],[103.01310549900006,17.241498057000058],[103.01187592300005,17.241045817000042],[103.01139445400008,17.24035212800004],[103.01207642500003,17.239042290000043],[103.01244798800008,17.238937667000073],[103.01306453800004,17.236697852000077],[103.01354006900004,17.235831235000035],[103.01337842500004,17.234379639000053],[103.01375827800007,17.233417657000075],[103.01375352100007,17.232500638000033],[103.01339523100006,17.23190978300005],[103.01400281400004,17.230702877000056],[103.01430701800007,17.230476364000026],[103.01355092300008,17.229734547000078],[103.00910574000005,17.227740078000068],[103.00817522900007,17.227201082000022],[103.00503472500009,17.223723457000062],[103.00359288100009,17.222465035000027],[103.00431000400005,17.221844624000028],[103.00529467500007,17.220554184000036],[103.00419699900004,17.218409549000057],[103.00390310800009,17.216275358000075],[103.00348114400003,17.214652484000055],[103.00369204200007,17.21308485700007],[103.00286625300004,17.21077970400006],[103.00272429000006,17.209494720000066],[102.99567794100005,17.200692708000076],[102.99378851000006,17.200947401000064],[102.99366802000009,17.202623353000035],[102.99295720500004,17.203135787000065],[102.99188351200007,17.20333394900007],[102.99140936500004,17.204705446000048],[102.99115252000007,17.204921528000057],[102.98822770500004,17.209668746000034],[102.98768899800007,17.210178487000064],[102.98716448000005,17.209859385000073],[102.97851128900004,17.20551442200002],[102.97756386500004,17.20541079800006],[102.97095263600005,17.206267256000046],[102.97041924500007,17.20522365200003],[102.96887362200005,17.204418948000068],[102.96815736900004,17.204202605000035],[102.96816148900007,17.20333903900007],[102.96886654800005,17.200988645000052],[102.96855860100004,17.19977211500003],[102.96789657800008,17.199482140000043],[102.96922997100006,17.198177178000037],[102.96851207300006,17.198174761000075],[102.96805861200005,17.198577444000023],[102.96750797300007,17.198064729000066],[102.96802706900007,17.197552958000074],[102.96665718800006,17.197214633000044],[102.96584860200005,17.19735354900007],[102.96542145700005,17.196847443000024],[102.96489799400007,17.196784929000046],[102.96489006700006,17.197503761000064],[102.96398920000007,17.19726008600003],[102.96381487700006,17.19631073200003],[102.96284160900007,17.19712676100005],[102.96187088400006,17.196109573000058],[102.96087376400004,17.19699709400004],[102.96021164500007,17.196594084000026],[102.96005901200004,17.197796023000024],[102.95937592400008,17.19766808600002],[102.95902674700005,17.19664503300004],[102.95845318600004,17.19583550400006],[102.95772046500008,17.19590569500002],[102.95819279500006,17.196815213000036],[102.95721575200008,17.196723612000028],[102.95664525100005,17.19740380500002],[102.95614540000008,17.197378392000076],[102.95573264900008,17.19810452400003],[102.95343167500005,17.19779254200006],[102.95290236200003,17.19796043100007],[102.95238649400005,17.198765781000077],[102.95243200800007,17.199276014000077],[102.95179767700006,17.19947256300003],[102.95149423900006,17.19903164400006],[102.94966369000008,17.199176960000045],[102.94901859400005,17.20036874300007],[102.94862979400006,17.20052806900003],[102.94780479200006,17.199983347000057],[102.94799654200006,17.199217264000026],[102.94757443700007,17.198995945000036],[102.94676083800005,17.199485668000023],[102.94705617100004,17.20078016800005],[102.94656838900005,17.201453013000048],[102.94532926300008,17.201843869000072],[102.94416093700005,17.20252347400003],[102.94352898700004,17.203316849000032],[102.94298983700008,17.203414374000033],[102.94199264800005,17.202749680000068],[102.94071499200004,17.202833759000043],[102.94004086900009,17.20255621000007],[102.93889687900008,17.203033291000054],[102.93809773200007,17.201987977000044],[102.93761540300005,17.20102268900007],[102.93709192500006,17.200928144000045],[102.93686706600005,17.201628266000057],[102.93633072500006,17.201310206000073],[102.93553663900008,17.20132661100007],[102.93537668100004,17.201666514000067],[102.93577352500006,17.20223210300003],[102.93522397200007,17.202688736000027],[102.93484443300008,17.202513632000034],[102.93458887400004,17.203869137000027],[102.93432483900006,17.20403958600002],[102.93346371700005,17.201907735000077],[102.93337188300006,17.202460409000025],[102.93267781100008,17.202631162000046],[102.93244976300008,17.20213521200003],[102.93191208300004,17.202819176000048],[102.93177389900006,17.20345062800004],[102.93139795100006,17.202993957000047],[102.92975942000004,17.203413141000055],[102.92951257200008,17.202595426000073],[102.92887302500009,17.20268416400006],[102.92863488700004,17.20383582100004],[102.92713354900008,17.203405932000067],[102.92667428400006,17.20408913800003],[102.92518111400005,17.204892012000073],[102.92453316800004,17.20483377100004],[102.92419802300009,17.205366850000075],[102.92439120300008,17.206073402000072],[102.92347221400007,17.206428603000063],[102.92279715800004,17.20730431000004],[102.92202114300005,17.20690931400003],[102.92124043000007,17.207107479000058],[102.92048034600003,17.206988958000068],[102.92042428400003,17.207673190000037],[102.91997880600007,17.207681050000076],[102.91855617500005,17.208402730000046],[102.91700408400004,17.210041407000062],[102.91664120000007,17.209815723000077],[102.91567128100007,17.210275642000056],[102.91536942100004,17.211107954000056],[102.91470392900004,17.21092942200005],[102.91426968800005,17.210387255000057],[102.91330452600005,17.210052633000032],[102.91305571400005,17.209416100000055],[102.91230728200009,17.209153333000074],[102.91205644300004,17.208228263000024],[102.91131816200004,17.208548121000035],[102.91089122900007,17.208106500000042],[102.90983333100007,17.208439616000078],[102.91012741700007,17.20892221500003],[102.90928987200004,17.208901624000077],[102.90928430500009,17.207991066000034],[102.90792117500007,17.208225454000058],[102.90752381700008,17.208958137000025],[102.90678704000004,17.20904569000004],[102.90706855100007,17.209550354000044],[102.90547445500005,17.209571550000078],[102.90495709800007,17.209368806000043],[102.90494958100004,17.209938200000067],[102.90446104300008,17.210080919000063],[102.90455519800008,17.210491105000074],[102.90372517300005,17.210840886000028],[102.90321884300005,17.211488771000063],[102.90312633800005,17.210724201000062],[102.90358794200006,17.210246779000045],[102.90320337600008,17.20990605700007],[102.90200569700005,17.210474137000062],[102.90195787500005,17.210897062000072],[102.90093494000007,17.210941699000045],[102.89984276200005,17.211509770000077],[102.89940842600004,17.212138691000064],[102.89876630500004,17.212194172000068],[102.89905923700007,17.21281897800003],[102.89823071800004,17.21344569100006],[102.89706504900005,17.212957138000036],[102.89631358000008,17.21326100500005],[102.89623393500005,17.212653016000047],[102.89561681800006,17.212113056000078],[102.89510936900007,17.212540422000075],[102.89489496300007,17.211522329000047],[102.89515130700005,17.21109745700005],[102.89462004300003,17.21072022100003],[102.89423488300008,17.21095391800003],[102.89430237600004,17.21160373600003],[102.89390344800006,17.21151697600004],[102.89377775500009,17.210938128000066],[102.89318091700005,17.21171644100002],[102.89234459100004,17.21125561200006],[102.89180384900004,17.21249693900006],[102.88949388400005,17.212213442000063],[102.88906345800007,17.212791869000057],[102.88801186500007,17.213289548000034],[102.88723974900006,17.213131369000052],[102.88753703300006,17.214181736000057],[102.88738494200004,17.214572693000036],[102.88672260200008,17.214165475000073],[102.88629211700004,17.214347243000077],[102.88559349400003,17.215321095000036],[102.88495687800008,17.21548426100003],[102.88396542600003,17.216366083000025],[102.88404975700007,17.21577082600004],[102.88304911600005,17.216089471000032],[102.88347086700009,17.217441417000032],[102.88308103600008,17.217540921000023],[102.88283245900004,17.218447952000076],[102.88147239500006,17.21869176000007],[102.88133162900004,17.219440509000037],[102.88085569600008,17.219829316000073],[102.88091026500007,17.220497891000036],[102.87903373700004,17.22102526900005],[102.87886072600008,17.221570839000037],[102.87782981100008,17.222170774000062],[102.87759912300004,17.223311169000056],[102.87715654500005,17.223199521000026],[102.87704743900008,17.222360388000027],[102.87650577000005,17.221416159000057],[102.87565139900005,17.220681023000054],[102.87534908100008,17.220854460000055],[102.87486760600007,17.220343488000026],[102.87402691100004,17.220253726000067],[102.87326109800006,17.220972077000056],[102.87260352400006,17.220884286000057],[102.87210047600007,17.221212292000075],[102.87223877100007,17.222400850000042],[102.87190726700004,17.22314736000004],[102.87205632800004,17.224258048000024],[102.87172744200006,17.22451346300005],[102.87174007900006,17.22515091500003],[102.87096019000006,17.225293238000063],[102.87087297800008,17.226392048000037],[102.87041529900006,17.227154728000073],[102.86911106500008,17.228086407000035],[102.86897976800009,17.229312143000072],[102.86828602100007,17.229448200000036],[102.86733370700006,17.229086609000035],[102.86664110900006,17.229745171000047],[102.86606545800004,17.22988070300005],[102.86625876500005,17.23054901300003],[102.86597443900007,17.23082370800006],[102.86533341300009,17.230537816000037],[102.86438494400005,17.230495846000053],[102.86220426900007,17.230760676000045],[102.86088954300004,17.230743218000043],[102.86043446000008,17.231055061000063],[102.85929988100008,17.232352890000072],[102.85813379400008,17.23298726300004],[102.85759033300008,17.232930494000072],[102.85688483800004,17.233711482000047],[102.85629953500006,17.233505489000038],[102.85594013500008,17.233846434000043],[102.85481260400007,17.234034550000047],[102.85399699800007,17.234516273000054],[102.85189152700008,17.234180138000056],[102.85065126500007,17.235597737000035],[102.84989729000006,17.236232143000052],[102.84919185000007,17.237583720000032],[102.84817418900008,17.237829909000027],[102.84869652000003,17.241612978000035],[102.84643789200004,17.24282316600005],[102.84614905200004,17.242572929000062],[102.84541288500009,17.24276109500005],[102.84474956300005,17.243520817000046],[102.84390993200009,17.24398928900007],[102.84346730400006,17.243912584000043],[102.84262878000004,17.244464916000027],[102.84209283000007,17.24517786800004],[102.84291876400005,17.24737938100003],[102.84252344000004,17.24753227100007],[102.84177389400008,17.248429503000068],[102.84128876900007,17.248562695000032],[102.84150066000007,17.249087643000053],[102.84198192000008,17.249167942000042],[102.84144945400004,17.25019689900006],[102.84083726000006,17.25052443000004],[102.84057475400004,17.251093113000024],[102.84052821400007,17.252098946000046],[102.83971604800007,17.25253101900006],[102.83947998000008,17.253585189000034],[102.83861019200003,17.254206516000067],[102.83872535400008,17.254816382000058],[102.83760149100004,17.25557614400003],[102.83719128500007,17.256286172000046],[102.83724955000008,17.256763179000075],[102.83663629500006,17.25726644100007],[102.83605775100006,17.257197511000072],[102.83536121300006,17.25659223400004],[102.83425706500009,17.256379047000053],[102.83362832200004,17.25645957000006],[102.83221780000008,17.257136762000073],[102.83193193500006,17.25682252000007],[102.83097555600006,17.256772237000064],[102.83057217000004,17.257453647000034],[102.83081504600005,17.25786709500005],[102.83036737700007,17.258120769000072],[102.83025394200007,17.25871576700007],[102.82957874800007,17.258662526000023],[102.82989643500008,17.25922632000004],[102.82883197100006,17.259885156000053],[102.82790708100003,17.259261191000064],[102.82744421400008,17.259882780000055],[102.82746763900008,17.26034937000003],[102.82575759200006,17.262128631000053],[102.82515954800004,17.262152380000032],[102.82494654900006,17.26282864800004],[102.82363010000006,17.263358078000067],[102.82282268000006,17.262414344000035],[102.82249432600008,17.26162750900005],[102.82180986400004,17.261779740000065],[102.82126196200005,17.261316328000078],[102.82168592000005,17.26044248100004],[102.82021190900008,17.25985775600003],[102.82029347000008,17.259409212000037],[102.81978616100008,17.259244181000042],[102.81938870900007,17.258401508000077],[102.81968207900007,17.257878867000045],[102.81938752100007,17.257347809000066],[102.81833502400008,17.257258016000037],[102.81788454300005,17.257799822000038],[102.81791051000005,17.258368037000025],[102.81697820000005,17.25832893300003],[102.81685715400005,17.25881049700007],[102.81627873500008,17.25892837600003],[102.81581049500005,17.258334631000025],[102.81522485200009,17.258492244000024],[102.81464157900007,17.258019124000043],[102.81417698800004,17.258633621000058],[102.81312931500008,17.25806147700007],[102.81248924500005,17.258122017000062],[102.81141275200008,17.257223968000062],[102.80992312600006,17.257437623000044],[102.80928351100005,17.257250190000036],[102.80906394300007,17.255771579000054],[102.80946113100003,17.254914693000046],[102.80985234500008,17.254975083000033],[102.81016620500009,17.25435372000004],[102.80957635600004,17.253789187000052],[102.80903837000005,17.254017490000024],[102.80899077400005,17.253252099000065],[102.80763622600006,17.25348694400003],[102.80743649000004,17.253963174000035],[102.80693202800006,17.25385728200007],[102.80687387700004,17.252875420000066],[102.80645116800008,17.25275286300007],[102.80690507700007,17.251098140000067],[102.80566651700008,17.25089739200007],[102.80504517500003,17.25029579900007],[102.80359576500007,17.250281528000073],[102.80297316800005,17.249238451000053],[102.80259069800007,17.249312134000036],[102.80164117800007,17.248805893000053],[102.80137661300006,17.248357487000078],[102.80181716400006,17.248084154000026],[102.80165182600007,17.246941115000027],[102.80081278700004,17.24674494800007],[102.80071027800005,17.246400014000073],[102.79960962900009,17.246679649000043],[102.79924433100007,17.246479265000062],[102.79941939900004,17.245751017000032],[102.79910234400006,17.245186067000077],[102.79967238600005,17.244512352000072]]]},"properties":{"Shape_Leng":1.9769076846,"Shape_Area":0.0573808630095,"ADM2_EN":"Kumphawapi","ADM2_TH":"กุมภวาปี","ADM2_PCODE":"TH4104","ADM1_EN":"Udon Thani","ADM1_TH":"อุดรธานี","ADM1_PCODE":"TH41","ADM0_EN":"Thailand","ADM0_TH":"ประเทศไทย","ADM0_PCODE":"TH"}},
{"type":"Feature","geometry":{"type":"Polygon","coordinates":[[[102.84980750700004,17.033146232000036],[102.84384262500004,17.034673205000047],[102.84166197500008,17.03513134700006],[102.84075801600005,17.03502452300006],[102.83969276300007,17.034188417000053],[102.83869502200008,17.033790424000074],[102.83633575600004,17.03381812400005],[102.83416677700006,17.03370136700005],[102.83288385400004,17.034249490000036],[102.83181956400006,17.03489488100007],[102.83113012400008,17.03554446100003],[102.82597487300006,17.037162696000053],[102.82421271400005,17.037184640000078],[102.82230754300008,17.03692354700007],[102.82163647500005,17.037051788000042],[102.81906420000007,17.03823873400006],[102.81689955300004,17.038878500000067],[102.81583544400007,17.039378442000043],[102.81384663700004,17.040967742000078],[102.81252205900006,17.042271294000045],[102.81248539900008,17.042797463000056],[102.81171669400004,17.04373981400005],[102.81037282900007,17.045725193000067],[102.80925946800005,17.04794625200003],[102.80870142600008,17.048551062000058],[102.80874295600006,17.049253082000064],[102.80794427800004,17.04955318100002],[102.80370040700006,17.051679870000044],[102.80324876500003,17.05197516800007],[102.79682396500004,17.05780461300003],[102.79464802700005,17.059816341000044],[102.79353611900007,17.060281794000048],[102.79041852000006,17.060484488000043],[102.79068090900006,17.062054766000074],[102.79017633000007,17.062586313000054],[102.78831992100004,17.06396163000005],[102.78818414400007,17.064841414000057],[102.78585865900004,17.070917371000064],[102.78539165000007,17.071459138000023],[102.78165535200009,17.074050733000036],[102.78037505200007,17.075760728000034],[102.77280556200009,17.076274652000052],[102.76787423800005,17.078549100000032],[102.76527752500004,17.080623608000053],[102.76265476000003,17.082325844000025],[102.76158382600005,17.082769363000068],[102.75923663600008,17.08398727900004],[102.75814778900008,17.08525811800007],[102.75816018400008,17.085733708000078],[102.75866829200004,17.08580568000002],[102.75962096200004,17.085266786000034],[102.76047557500004,17.085602223000024],[102.76000308900007,17.086776357000076],[102.76081840600006,17.08863930600006],[102.76124167200004,17.08838098900003],[102.76201707200005,17.088422598000022],[102.76258892400006,17.088928975000044],[102.76301560600007,17.088907523000046],[102.76320194800007,17.089973805000056],[102.76372895600008,17.09049510500006],[102.76376639300008,17.090995749000058],[102.76470606300006,17.09096797500007],[102.76482538700009,17.091634205000048],[102.76544753800005,17.092406795000045],[102.76480594800006,17.09286104800003],[102.76527395300008,17.094161273000054],[102.76515657900006,17.094583244000034],[102.76539518700008,17.09599085700006],[102.76601838300007,17.097209711000062],[102.76568093400004,17.097297258000026],[102.76573752200005,17.098137809000036],[102.76500679000009,17.09944478600005],[102.76414571600009,17.099234239000054],[102.76353356400006,17.098737550000067],[102.76226977300007,17.09904317400003],[102.76232088500007,17.098449523000056],[102.76138963600005,17.098656153000036],[102.76055119000006,17.09842303000005],[102.76019508600007,17.098630099000047],[102.75998405200005,17.09811680300004],[102.75967689000004,17.098518469000055],[102.75852117300008,17.098504055000035],[102.75705137100005,17.099315845000035],[102.75636412900008,17.099051432000067],[102.75492843700005,17.09906323200005],[102.75523312200005,17.098409195000045],[102.75437660600005,17.09862183300004],[102.75428055200007,17.098131141000067],[102.75372996500005,17.09852122800004],[102.75318853700009,17.098341954000034],[102.75197298900008,17.097461211000052],[102.75141344500008,17.09746910900003],[102.75108539900003,17.09811367700007],[102.75121530400008,17.09862478200006],[102.74859340500007,17.098386809000033],[102.74833536300008,17.09897796300004],[102.74766520300005,17.099121748000073],[102.74738647300006,17.099678036000057],[102.74630952300004,17.099973539000075],[102.74569880200005,17.100423825000064],[102.74458264700007,17.10075850000004],[102.74404410600005,17.101152972000023],[102.74287977200004,17.101578250000046],[102.74180331200006,17.101232881000044],[102.74072967300003,17.10136167400003],[102.74005827800005,17.10111134300007],[102.73911728900003,17.101208841000073],[102.73842610400004,17.100968480000063],[102.73791611900003,17.101125296000077],[102.73701058100005,17.102330797000036],[102.73588376400005,17.102466965000076],[102.73527973200004,17.10275368200007],[102.73426316200005,17.10240396200004],[102.73246464300007,17.100604317000034],[102.73158758400007,17.10039940100006],[102.72986972400008,17.09896672700006],[102.72827290700008,17.098089349000077],[102.72731509800008,17.096600184000067],[102.72624934000004,17.096167109000078],[102.72427691600006,17.094030546000056],[102.72378798800008,17.093982148000066],[102.72363845200005,17.093280162000042],[102.72320608400008,17.092700686000057],[102.72308809100008,17.09143673500006],[102.72189248100005,17.090428787000064],[102.72146294200007,17.090630840000074],[102.71995198000008,17.090399066000032],[102.71789693400007,17.09052630700006],[102.71546626600008,17.08885415000003],[102.71342025700005,17.08795690900007],[102.71246757300008,17.087796069000035],[102.71149938000008,17.087986727000043],[102.71069197200006,17.087785392000058],[102.71033846000006,17.08724072600006],[102.70970462200006,17.087009188000025],[102.70971419300008,17.08651065600003],[102.71024573300008,17.086359660000028],[102.71007588100008,17.08491654900007],[102.71002502200008,17.083053672000062],[102.70927859700004,17.08241632100004],[102.70897575400005,17.080367978000027],[102.70940624100007,17.07943814600003],[102.71032217900006,17.07822959200007],[102.71097759900005,17.078033196000035],[102.71276238600007,17.07678173000005],[102.71312506000004,17.076118362000045],[102.71328536700008,17.07493962500007],[102.71461687600004,17.073739595000063],[102.71523566800005,17.072152258000074],[102.71518888200006,17.071232811000073],[102.71542027400005,17.07047824700004],[102.71517433500009,17.069865132000075],[102.71544835700007,17.06949332800002],[102.71552764400008,17.068154694000043],[102.71623803500006,17.066924509000046],[102.71648311600006,17.066016964000028],[102.71724152800005,17.065660911000066],[102.71685933800006,17.063030425000022],[102.71720703500006,17.06210031200004],[102.71679097300006,17.061242631000027],[102.71580071000005,17.059748951000074],[102.71564433000003,17.058381777000022],[102.71594348500008,17.05758252800007],[102.71684576300004,17.056339465000065],[102.71777223500004,17.05550894600003],[102.71794956500008,17.053822979000074],[102.72000693400008,17.052687380000066],[102.72115555200008,17.05139099300004],[102.72317309400006,17.049576966000075],[102.72662570000006,17.049151894000033],[102.72776325300003,17.04917834500003],[102.72837307400005,17.048742927000035],[102.72911288100005,17.048916329000065],[102.72955327800008,17.048612508000076],[102.73061545700006,17.048498980000033],[102.73234148700004,17.04707977000004],[102.73464933500009,17.046779688000072],[102.73620640200005,17.047240486000078],[102.73773087700005,17.047140272000036],[102.73794073400006,17.046920009000075],[102.73793062600004,17.04587428800005],[102.73877210700005,17.045235149000064],[102.74015017300007,17.045492420000073],[102.74061351900008,17.04515308300006],[102.74062815800005,17.044306580000068],[102.74160917400008,17.04428125100003],[102.74171406500005,17.043331178000074],[102.74286514200008,17.04264962800005],[102.74329190100008,17.043081734000054],[102.74365288000007,17.04282452600006],[102.74400056000007,17.041881814000078],[102.74470800800003,17.041389991000074],[102.74619639700006,17.041931759000022],[102.74680311800006,17.041926684000032],[102.74668536400009,17.04143952800007],[102.74742605100005,17.040873047000048],[102.74876088000008,17.04094232800003],[102.74948492600004,17.041481833000034],[102.75044351700006,17.041830550000043],[102.75080096500005,17.041376398000068],[102.75119776800005,17.040173630000027],[102.75241706500009,17.039716353000074],[102.75380465300003,17.03886225100007],[102.75407038300006,17.038179868000043],[102.75580564400008,17.037021605000064],[102.75624453300009,17.03610892200004],[102.75694544400005,17.035309145000042],[102.75840496600006,17.03536542200004],[102.75856954100004,17.034674849000055],[102.75950184800007,17.034113210000044],[102.75986221000005,17.032499176000044],[102.75973989900007,17.03216056800005],[102.76045623600004,17.030533811000055],[102.76154667700007,17.030318543000078],[102.76162565000004,17.029837736000047],[102.76123938100005,17.02918479300007],[102.76163754200007,17.02805856200007],[102.76315455900004,17.02689735900003],[102.76337786600004,17.026262797000072],[102.76465097700009,17.026211690000025],[102.76441055900005,17.025508028000047],[102.76522286200009,17.025388743000065],[102.76560226200007,17.02577429300004],[102.76590044500006,17.025102208000078],[102.76647689800006,17.02507601700006],[102.76733040400006,17.024492783000028],[102.76819136500006,17.02531237200003],[102.76892877100005,17.024788706000038],[102.76942845200006,17.025112025000055],[102.76980458900005,17.023976533000052],[102.77092845900006,17.02395314900002],[102.77115077700006,17.02353980600003],[102.77169919300007,17.023856556000055],[102.77221235800005,17.023461041000076],[102.77251743200009,17.02378904400007],[102.77335114200008,17.02374317300007],[102.77379825400004,17.023159444000044],[102.77449513000005,17.023418981000077],[102.77434040400004,17.02272645000005],[102.77558166800009,17.02305442900007],[102.77640488100008,17.022940557000027],[102.77665130900004,17.02243883600005],[102.77629968100007,17.02202539900003],[102.77701166300005,17.02211285100003],[102.77770691900008,17.02129754400005],[102.77770704400007,17.01948423600004],[102.77837315500005,17.01899172800006],[102.77910282600004,17.019451826000022],[102.77890983000003,17.01839125400005],[102.78000799000006,17.01835423700004],[102.77991204600005,17.017592394000076],[102.78043732500004,17.016924845000062],[102.78098601300007,17.01722582900004],[102.78114061200006,17.016471651000074],[102.78239270000006,17.016657571000053],[102.78327313800008,17.016531491000023],[102.78355157100003,17.015740828000048],[102.78425375400008,17.016422111000054],[102.78447171900007,17.016207551000036],[102.78561278800004,17.016067313000065],[102.78653465800005,17.015565954000067],[102.78692257200004,17.01599439000006],[102.78735362000003,17.015646467000067],[102.78743534200004,17.014960332000044],[102.78885398000006,17.013730026000076],[102.78870872400006,17.01324493900006],[102.78906421900007,17.012473869000075],[102.78999683700005,17.012713956000027],[102.79008768100005,17.011741094000058],[102.79067615600007,17.01194906300003],[102.79093564000004,17.010769649000054],[102.79169728200009,17.01035771100004],[102.79241989400003,17.010354539000048],[102.79269537700009,17.00978291000007],[102.79218020500008,17.00969562000006],[102.79263395300006,17.00921789800003],[102.79263438100008,17.00862588900003],[102.79358671300008,17.008061008000027],[102.79386062300006,17.008473175000063],[102.79496838400007,17.00815410100006],[102.79490261300003,17.007374054000024],[102.79531413000007,17.006262760000027],[102.79471943100003,17.00578734900006],[102.79432829800004,17.00472419600004],[102.79472457500003,17.002932455000064],[102.79540224600004,17.00293901200007],[102.79521076500004,17.002369233000024],[102.79560946900006,17.002206027000057],[102.79553032900009,17.001364052000042],[102.79592805000004,17.001401702000067],[102.79640078800008,17.00074819300005],[102.79572535600005,16.99927771800003],[102.79603645500003,16.998835721000034],[102.79720518800008,16.998934640000073],[102.79793285400007,16.998563760000025],[102.79746988900007,16.99715605800003],[102.79790724600008,16.996987662000038],[102.79812308800007,16.996392315000037],[102.79766022300004,16.995443072000057],[102.79837686600007,16.994332159000066],[102.79766837900007,16.99431336400005],[102.79809718800004,16.993305887000076],[102.79904589000006,16.992716580000035],[102.79943656200004,16.991624010000066],[102.80025740300005,16.99148946400004],[102.80117940400004,16.990755524000065],[102.80101441700003,16.990212239000073],[102.80157847800007,16.988527901000054],[102.80109407700007,16.987924973000077],[102.80158170200008,16.98750446200006],[102.80278321400004,16.987436726000055],[102.80375636600007,16.987044980000064],[102.80479018100004,16.987196101000052],[102.80479983800006,16.986740249000036],[102.80638784800004,16.98622128900007],[102.80762256500009,16.985095886000067],[102.80830161900008,16.98503064500005],[102.80973870300005,16.98420230000005],[102.81007899000008,16.983317430000056],[102.81089008000004,16.983304131000068],[102.81207105800007,16.982492303000072],[102.81196062100008,16.981804176000026],[102.81229744300003,16.98104145900004],[102.81447224800007,16.980514264000078],[102.81536146900004,16.980820820000076],[102.81624856900004,16.980669395000064],[102.81723358800008,16.979712454000037],[102.81725662000008,16.978751772000066],[102.81671683800005,16.978032857000073],[102.81697538500003,16.97612993200005],[102.81890067100005,16.97404752500006],[102.82032612600005,16.973981082000023],[102.82099485700007,16.973117113000058],[102.82160076800005,16.972954625000057],[102.82205631800008,16.97321667400007],[102.82270086200003,16.97293878200003],[102.82286383100006,16.972236760000044],[102.82232567600005,16.97129065400003],[102.82156952300005,16.971116006000045],[102.82059392400004,16.970033330000035],[102.81970118800007,16.97013660700003],[102.81897802400005,16.969832953000036],[102.81898553600007,16.968670647000067],[102.81841354600004,16.968268743000067],[102.81793358400006,16.968486131000077],[102.81713228400008,16.967799614000057],[102.81643078900004,16.967833091000045],[102.81607734300007,16.966825794000044],[102.81561616900007,16.966708018000077],[102.81489449200006,16.965264921000028],[102.81493216100006,16.96489942200003],[102.81295338600006,16.964635977000057],[102.81327715600008,16.964125841000055],[102.81201427000008,16.964059381000027],[102.81173009700007,16.963281195000036],[102.81033184200004,16.963343558000076],[102.81046939300006,16.962944624000045],[102.80959178600006,16.962930262000043],[102.80947729400003,16.961894133000044],[102.80919668000007,16.961668979000024],[102.80952198900007,16.961125263000042],[102.80861505900003,16.960745732000078],[102.80841991300008,16.96107667600006],[102.80740882200007,16.960501840000063],[102.80693386700005,16.96048385200004],[102.80685710900008,16.95990901400006],[102.80612347900006,16.959852885000032],[102.80664280700006,16.959602435000022],[102.80641443300004,16.958919266000066],[102.80560530400004,16.959023654000077],[102.80501568600005,16.958522337000034],[102.80442168900004,16.95743703900007],[102.80464829500005,16.956849805000047],[102.80426465000005,16.95526733400004],[102.80449193400005,16.95461676000002],[102.80435207400006,16.95403481900007],[102.80483868100004,16.95317416900002],[102.80433862300004,16.95209186900007],[102.80496389500007,16.951404490000073],[102.80565607100004,16.951413984000055],[102.80599815000005,16.950687622000032],[102.80641747200008,16.950847900000042],[102.80656433400009,16.95021456300003],[102.80706608600008,16.949927307000053],[102.80686769900007,16.94914910700004],[102.80788255300007,16.948846652000043],[102.80907116000009,16.94775572800006],[102.80875217500005,16.94689162000003],[102.80907622000007,16.94659753800005],[102.80957132600008,16.94688344700006],[102.81018714900006,16.94637169400005],[102.81141242600006,16.946507568000072],[102.81139208100006,16.94589409400004],[102.81210633900008,16.94595660400006],[102.81247224300006,16.94557582400006],[102.81359516800006,16.94568092700007],[102.81417852600003,16.945175723000034],[102.81452914900007,16.943762099000026],[102.81589509400004,16.942776524000067],[102.81638215600009,16.94208791400007],[102.81636149400003,16.940859686000067],[102.81741721600008,16.940927842000065],[102.81795111500008,16.940539166000065],[102.81854263600007,16.939089895000052],[102.81959008700005,16.939406219000034],[102.82026788500008,16.93790399100004],[102.82072879800006,16.93776119000006],[102.82007525100005,16.93713241200004],[102.82039492000007,16.936700495000025],[102.81944478700007,16.936119290000022],[102.81939450700008,16.93564363200005],[102.81870192700006,16.934590597000067],[102.81776999900006,16.934175074000052],[102.81782091500008,16.932048516000066],[102.81745527600003,16.931444162000048],[102.81680325100007,16.93124295800004],[102.81735376000006,16.930348928000058],[102.81677370900007,16.928055939000046],[102.81704154400006,16.926814011000033],[102.81673244800004,16.92607144400006],[102.81617628400005,16.92628071000007],[102.81591905800008,16.925370217000022],[102.81529396900004,16.924701323000022],[102.81414468100007,16.924170254000046],[102.81333363600004,16.92458405800005],[102.81240835400007,16.924140359000035],[102.81290006100005,16.923477852000076],[102.81264722500003,16.923151591000078],[102.81192830600008,16.923354636000056],[102.81230073300009,16.922767054000076],[102.81229896000008,16.921120662000078],[102.81316403300008,16.92038923800004],[102.81283749500005,16.91977498800003],[102.81218286800004,16.91973620400006],[102.81175602600007,16.91916849200004],[102.81204721100005,16.91892047600004],[102.81193956600004,16.91800202400003],[102.81120621300005,16.917910801000062],[102.81118423200007,16.917279806000067],[102.81069237800006,16.917201895000062],[102.81075132200004,16.91601412400007],[102.81014117700005,16.915913799000066],[102.80987736100008,16.91637154400007],[102.80925075600004,16.916478924000046],[102.80934035600006,16.915771633000077],[102.80908623800008,16.91506471200006],[102.80967775500005,16.914860865000037],[102.80894542500005,16.914504298000054],[102.80985950100006,16.914611361000027],[102.80952364300003,16.913705159000074],[102.81010079600009,16.914054356000065],[102.80971747000007,16.91343630700004],[102.80980039500008,16.912997672000074],[102.81030199500003,16.912905653000053],[102.81061168000008,16.912044942000023],[102.80995567900004,16.91212172300004],[102.80964788400007,16.909391974000073],[102.80909601900004,16.908715302000076],[102.81038136300003,16.906568451000055],[102.81090906200006,16.906548131000022],[102.81140928200006,16.905486978000056],[102.81185862500007,16.905287014000066],[102.81190440500006,16.90477380300007],[102.81244519700005,16.904117004000057],[102.81132281400005,16.902630728000076],[102.81141678000006,16.901513770000065],[102.81227329900008,16.901056045000075],[102.81251073200008,16.89988575800004],[102.81202769500004,16.898838238000053],[102.81256147300007,16.898832114000072],[102.81196132800005,16.898295647000054],[102.81194468600006,16.89761519600006],[102.81235367900007,16.897221011000056],[102.81178883300004,16.896999126000026],[102.81174374000005,16.896458935000055],[102.81086739500006,16.895841379000046],[102.81110042800003,16.89517885400005],[102.81053869900006,16.894729863000066],[102.81087068000005,16.89447762100002],[102.81024756400006,16.894091380000077],[102.81083487300003,16.893065673000024],[102.81031488800005,16.892454314000076],[102.81029206800008,16.89148130500007],[102.81115574700004,16.891869128000053],[102.81171103300005,16.891130548000035],[102.81175833300006,16.890538625000033],[102.81120679100007,16.890327757000023],[102.81230821400004,16.890329886000075],[102.81179088400006,16.88939473000005],[102.81234335600004,16.888672236000048],[102.81337272200005,16.88874417900007],[102.81383910900007,16.888186589000043],[102.81318650300005,16.888141803000053],[102.81298747500006,16.887630784000066],[102.81355696000008,16.887567356000034],[102.81339018400007,16.886661873000037],[102.81437218800005,16.886678140000072],[102.81498180000006,16.88621629900007],[102.81439773000005,16.885686950000036],[102.81451919300008,16.88472219500005],[102.81521661100004,16.88504481900003],[102.81514193100008,16.88420036100007],[102.81570470800006,16.884409875000074],[102.81539018900008,16.883838037000032],[102.81547741300005,16.882710142000064],[102.81687327400005,16.882499648000078],[102.81688450700005,16.88202680200004],[102.81749995100006,16.882030574000055],[102.81770287700004,16.88085339500003],[102.81814323300006,16.88092028500006],[102.81850855300007,16.88007824400006],[102.81919769600006,16.881105389000027],[102.81956100400004,16.880234846000064],[102.81920454500005,16.879702402000078],[102.81849983800004,16.87962993900004],[102.81822251600005,16.879044306000026],[102.81917052600005,16.878664988000025],[102.81878055100003,16.878201241000056],[102.81931645700007,16.878069770000025],[102.81910016900008,16.87710905600005],[102.82003043900005,16.877247198000077],[102.82012199300004,16.87687752900007],[102.81970251200005,16.876192227000047],[102.82070897800008,16.876177235000057],[102.82123484200008,16.87585694200004],[102.82104881600009,16.87529545500007],[102.82226960500009,16.875354412000036],[102.82250758600009,16.875044798000033],[102.82195570400006,16.873951160000047],[102.82253708400003,16.873651425000048],[102.82254172800003,16.873008258000027],[102.82209359500007,16.872587031000023],[102.82183421400003,16.87129960900006],[102.82130881100005,16.87104387900007],[102.82118652000008,16.871436377000066],[102.82006355900006,16.87140067100006],[102.82072495200003,16.870127629000024],[102.82042691300006,16.869824925000046],[102.81978175200004,16.870113067000034],[102.81959933100006,16.869778695000036],[102.82021201800006,16.869531808000033],[102.82047371400006,16.86798058000005],[102.82042747300005,16.867227809000042],[102.82111946700007,16.86639470700004],[102.82124346300009,16.865880239000035],[102.82190274600003,16.865297354000063],[102.82216449600008,16.86579396700006],[102.82316906900007,16.86557777300004],[102.82299482100007,16.865037522000023],[102.82351266600006,16.865150312000026],[102.82345517500005,16.864352067000027],[102.82395721600005,16.864486770000042],[102.82384089200008,16.86374438300004],[102.82324482100006,16.86337417900006],[102.82369688700004,16.863279026000043],[102.82399080500005,16.86264181000007],[102.82507353600005,16.86243568200007],[102.82487626800008,16.863021739000033],[102.82537110400006,16.86363878000003],[102.82592352500006,16.86362168900007],[102.82658847800008,16.863137924000057],[102.82841254700008,16.86389747100003],[102.82810264800008,16.865031955000063],[102.82872787800005,16.866605908000054],[102.82951348800003,16.86638543500004],[102.83009519600006,16.866975427000057],[102.83054550500003,16.86706685400003],[102.83138974200006,16.868263596000077],[102.83181549200003,16.86849812400004],[102.83357116200006,16.86875511100004],[102.83365807900009,16.869356915000026],[102.83512459800005,16.869857144000036],[102.83528555200007,16.870171296000024],[102.83628806000007,16.870429298000033],[102.83795329000009,16.870318206000036],[102.83809437000008,16.869563542000037],[102.83861585700004,16.868968116000076],[102.83947022200005,16.869279453000047],[102.84027848100004,16.868324006000023],[102.84095341700004,16.869020153000065],[102.84226437700005,16.86928731200004],[102.84174932500008,16.870261175000053],[102.84131371500007,16.870529761000057],[102.84153828200004,16.871470567000074],[102.84118860800004,16.87203084500004],[102.84136449000005,16.872570411000027],[102.84225020600007,16.872915805000048],[102.84241705300008,16.872461346000023],[102.84335493200007,16.872625172000028],[102.84462767400004,16.873534181000025],[102.84546319200007,16.873712058000024],[102.84613565700005,16.87312827900007],[102.84769635100008,16.873208113000032],[102.84772635500008,16.87359789900006],[102.84844381400006,16.87333942500004],[102.84869447300008,16.87433068100006],[102.84914305500007,16.87417569200005],[102.84898563500008,16.876084495000043],[102.84873131700004,16.877530001000025],[102.84968328300005,16.877702621000026],[102.85039027900007,16.878355742000053],[102.85083610700008,16.878285472000073],[102.85141823100008,16.878915706000043],[102.85119029000003,16.879290644000037],[102.85190236100004,16.880775520000043],[102.85242668200004,16.88139675900004],[102.85314011500009,16.881281966000074],[102.85319079200008,16.881736285000045],[102.85383477400006,16.88264710900006],[102.85468379000008,16.88306509000006],[102.85514903300003,16.88275808900005],[102.85727885700004,16.882240127000046],[102.85793226900006,16.881802554000046],[102.85837892900008,16.881937562000076],[102.85792605400007,16.882364323000047],[102.85822023900005,16.883307262000073],[102.85909053900008,16.883785673000034],[102.86012857000009,16.883542576000025],[102.86003269300005,16.882912197000053],[102.86059591600008,16.882213790000037],[102.86148220200005,16.88231806600004],[102.86160658300008,16.881758328000046],[102.86232658700004,16.88100380700007],[102.86227333200009,16.880157246000067],[102.86273842600008,16.879743236000024],[102.86425638700007,16.87976574700002],[102.86517214200006,16.880110815000023],[102.86613970800005,16.87903588200004],[102.86643739200008,16.878937629000063],[102.86727730600006,16.879805505000036],[102.86775888100004,16.880920615000036],[102.86948206200009,16.881494797000073],[102.87007682300003,16.881195391000063],[102.87004778400006,16.88037470200004],[102.87098136800006,16.880341272000067],[102.87154373100009,16.88091406500007],[102.87245526200007,16.880625675000033],[102.87254850200009,16.88123205100004],[102.87323772100007,16.881178486000067],[102.87421915800007,16.879728046000025],[102.87405347700007,16.87902502000003],[102.87415208400006,16.877839274000053],[102.87471837200007,16.877569065000046],[102.87523236300007,16.875984507000055],[102.87506366100007,16.875190575000033],[102.87571938000008,16.873498684000026],[102.87567304900006,16.87301469500005],[102.87709360700006,16.872279481000078],[102.87774691800007,16.87240031700003],[102.87896885300006,16.873084047000077],[102.88024338600007,16.87324753300004],[102.88081985400004,16.874520736000022],[102.88123743900007,16.874935374000074],[102.88274078900008,16.875557160000028],[102.88354259100004,16.874864433000027],[102.88344537000006,16.87407560400004],[102.88409056600005,16.873763277000023],[102.88491383900003,16.87273926000006],[102.88447879600005,16.872099356000035],[102.88474425200008,16.87106888200003],[102.88519107000008,16.871566656000027],[102.88565624000006,16.87156221200007],[102.88586768000005,16.871083275000046],[102.88536410400008,16.870832816000075],[102.88614362600003,16.869909523000047],[102.88649260500006,16.870141614000033],[102.88704920900005,16.869507803000033],[102.88694760100009,16.868443765000052],[102.88656254900008,16.86754773000007],[102.88737655400007,16.866964204000055],[102.88770864100007,16.867420154000058],[102.88842938800008,16.867423177000035],[102.88801362400005,16.866665846000046],[102.88831431600005,16.86626694200004],[102.88811671500008,16.86542972600006],[102.88862476300005,16.864536787000077],[102.88964207000004,16.864956327000073],[102.89051499200008,16.864563788000055],[102.89118198100005,16.86339292400004],[102.89264095600004,16.863048365000054],[102.89394679000009,16.861986453000043],[102.89678065300006,16.858902899000043],[102.89737644700006,16.85808165800006],[102.89902521100004,16.85443070200006],[102.90051644500005,16.852417717000037],[102.90195221200008,16.850979348000067],[102.90399734100004,16.84924716300003],[102.90523843900007,16.848320459000035],[102.90609928200007,16.84742921800006],[102.90884851500005,16.844864705000077],[102.90980005800009,16.843455595000023],[102.91096689800008,16.84110574700003],[102.91253243100005,16.838586233000058],[102.91378681100008,16.838421872000026],[102.91427182400008,16.838543894000054],[102.91526118400009,16.838114004000033],[102.91647219300006,16.83792711500007],[102.91635063100006,16.83653541900003],[102.91756262400008,16.835498766000057],[102.91870021500006,16.835241970000027],[102.91942087200005,16.835284654000077],[102.91957835700003,16.83647545100007],[102.92166433800008,16.837516251000068],[102.92242928400003,16.83751911400003],[102.92302910200004,16.83779839500005],[102.92389151500004,16.837690034000047],[102.92435936700008,16.837992369000062],[102.92580778800004,16.838036284000054],[102.92625626000006,16.83834517500003],[102.92714053100008,16.838108211000076],[102.92856387800003,16.83805333600003],[102.93134119400008,16.83709624000005],[102.93261155700009,16.836964495000075],[102.93447230400005,16.837071990000027],[102.93594662700008,16.836640986000077],[102.93688575300007,16.83694512900007],[102.93781855600008,16.836667694000027],[102.93994123400006,16.836859600000025],[102.94120650500008,16.836313923000034],[102.94185756800005,16.83639927400003],[102.94486396000008,16.838649559000032],[102.94692233700005,16.839529146000075],[102.94877488800006,16.840755097000056],[102.94989720400008,16.841619469000022],[102.95070815400004,16.841818104000026],[102.95294702200005,16.841308840000067],[102.95348560900004,16.84045165400005],[102.95469120400008,16.840478478000023],[102.95558085500005,16.841211860000044],[102.95668464100004,16.841272933000027],[102.95762038800007,16.842165588000057],[102.95922971300007,16.842541810000057],[102.95957409000005,16.844158179000033],[102.96068211200009,16.84426700000006],[102.96229406000003,16.844643120000057],[102.96335753500006,16.846551758000032],[102.96546870900005,16.846132970000042],[102.96733109000007,16.84659848800004],[102.96809191800008,16.847359125000025],[102.97050838400008,16.848478181000075],[102.97367984600004,16.85004913800003],[102.97452005000008,16.85001015000006],[102.97588934700008,16.85122681400003],[102.97617334200004,16.851699247000056],[102.97841350800007,16.853577724000047],[102.97943277500008,16.855362978000073],[102.98064894100008,16.855768987000033],[102.98137808900003,16.856419019000043],[102.98205720100003,16.85670559600004],[102.98391549200005,16.85709100300005],[102.98514585800007,16.85674414700003],[102.98627446800003,16.856909440000038],[102.98760299800006,16.856908184000076],[102.98881104300006,16.857472694000023],[102.99050428300006,16.857958695000036],[102.99141764400008,16.858075488000054],[102.99339458000009,16.85903476200002],[102.99564766800006,16.859682754000062],[102.99627408500004,16.86020684300007],[102.99656113700007,16.861013784000022],[102.99774983200007,16.86174362400004],[103.00002671300007,16.862493200000074],[103.00131550100008,16.86306591700003],[103.00172359100009,16.864858835000064],[103.00258399500007,16.86451799500003],[103.00435006200007,16.864634384000055],[103.00679593200005,16.864452732000075],[103.00727228500006,16.86461606200004],[103.00808238400003,16.865618835000078],[103.00880840400004,16.86720377900002],[103.00928588400006,16.87003865300005],[103.00957727900004,16.87017931300005],[103.01134529400008,16.869802352000022],[103.01232018600007,16.870078832000047],[103.01375598100009,16.869876586000032],[103.01636313700004,16.87002414500006],[103.01753082000005,16.870823597000026],[103.01876243900006,16.871191417000034],[103.02045059900007,16.872129398000027],[103.02190295800006,16.87274522100006],[103.02454067200006,16.872638506000044],[103.02588474300006,16.872328968000033],[103.02624422100007,16.872777231000043],[103.02631140400007,16.87438409500004],[103.02694921500006,16.87585255500005],[103.02773124500004,16.876794219000033],[103.02811263400008,16.878092008000067],[103.02947981300008,16.87890027800006],[103.03016176500006,16.878906836000056],[103.03141315800008,16.87949500900004],[103.03212989200006,16.880812365000054],[103.03290149000009,16.881092222000063],[103.03333478400003,16.881663495000055],[103.03499438800009,16.882708053000044],[103.03591189200006,16.883807902000058],[103.03412753600009,16.886830211000074],[103.03262544700004,16.88898909100004],[103.03047219200005,16.891914593000024],[103.02824238400007,16.89467751600006],[103.02727496800009,16.89612638500006],[103.02650429000005,16.898813674000053],[103.02612000700009,16.90135271500003],[103.02528476000003,16.904439749000062],[103.02547746700009,16.906122380000056],[103.02631119100005,16.90789607000005],[103.02755378100005,16.908961201000068],[103.02899670400006,16.912032644000078],[103.02921061900008,16.913187381000057],[103.02910889800006,16.914162007000073],[103.02844674800008,16.917036018000033],[103.02814580500007,16.917963905000022],[103.02642801700006,16.921552100000042],[103.02443731400007,16.92529961200006],[103.02292346900003,16.927123721000044],[103.02225321100008,16.928213240000048],[103.02128050700009,16.93053386200006],[103.02188246800006,16.935934573000054],[103.02217645000007,16.937627661000022],[103.02218617300008,16.93905056400007],[103.02365428600007,16.94005658100002],[103.02543528700005,16.94049527800007],[103.02673720600006,16.941075186000035],[103.03072987800005,16.943224099000076],[103.03211836300005,16.944125803000077],[103.03310940000006,16.945009105000054],[103.03262420800007,16.949217487000055],[103.03265352300008,16.952818441000034],[103.03318851200004,16.954751000000044],[103.03388382400004,16.956330867000077],[103.03305682000007,16.957241175000036],[103.03165109100007,16.959048409000047],[103.02914509700008,16.96158406400002],[103.02698679000008,16.963240538000036],[103.02476189800007,16.96515147200006],[103.02359500100005,16.96680613500007],[103.02301916800008,16.96823157500006],[103.02290497400008,16.969471919000057],[103.02193838400007,16.971339470000032],[103.01930924200008,16.97790730500003],[103.01793206600007,16.984115040000063],[103.01784505700005,16.985869533000027],[103.01810921900005,16.98701422000005],[103.01852742800008,16.987498174000052],[103.01802051800007,16.988212628000042],[103.01776774000007,16.989006440000026],[103.01843174500004,16.989863970000044],[103.01835574300009,16.990723329000048],[103.01894996600004,16.990925099000037],[103.01935478900003,16.990532278000046],[103.02073525400004,16.990542111000025],[103.02144766900005,16.991195369000025],[103.02159153100007,16.991869491000045],[103.02115952400004,16.99217141200006],[103.02128095100005,16.99275635400005],[103.02186323600006,16.993151381000075],[103.02151524800007,16.994668364000063],[103.02195222700004,16.995271471000024],[103.02317769900009,16.995269370000074],[103.02307401400009,16.996626266000078],[103.02323720500004,16.99751593700006],[103.02276734800006,16.997922981000045],[103.02229240900004,16.997769294000022],[103.02217208500008,16.998610665000058],[103.02248095700008,16.99883675500007],[103.02222077000005,16.99942175600006],[103.02361796700006,16.999598767000066],[103.02525130000004,17.00010693400003],[103.02585302800009,17.000474283000074],[103.02568101900005,17.00246670200005],[103.02503765800009,17.004125225000053],[103.02332489100007,17.00583295200005],[103.02009418200004,17.008872567000026],[103.01824589800003,17.010712917000035],[103.01666583500008,17.011794936000058],[103.01501738500008,17.012709278000045],[103.01231710000008,17.01372374700003],[103.01104002400007,17.014004672000056],[103.00786213900005,17.011860236000075],[103.00696508000004,17.01156205700005],[103.00537911400005,17.011783426000022],[103.00543117900008,17.011119312000062],[103.00440961200007,17.009436034000032],[103.00390202900007,17.008089707000067],[103.00237976800008,17.007667482000045],[103.00079567800009,17.006867577000037],[102.99965750000007,17.00646585100003],[102.99833337800004,17.005773549000025],[102.99639034900008,17.004479891000074],[102.99586688900007,17.003859797000075],[102.99504273300005,17.001572030000034],[102.99437350700003,17.00183460200003],[102.99318238000006,17.001903291000076],[102.99204093800006,17.001700076000077],[102.99084650600008,17.00177264100006],[102.98776945100008,17.00144709600005],[102.98623493000008,17.001645592000045],[102.98467629100008,17.002083119000076],[102.98370113000004,17.002524409000046],[102.98128828000006,17.00337627300007],[102.98002075600004,17.003672409000046],[102.97555465100004,17.004452128000025],[102.97412625800007,17.004498772000034],[102.97259553500004,17.004304148000074],[102.97082542100009,17.003824157000054],[102.96850089700007,17.003336257000058],[102.96408050400004,17.002617800000053],[102.96223146000005,17.001598927000032],[102.96181523300004,17.00000460700005],[102.96112825000006,16.99930846600006],[102.95869836100007,16.998600573000033],[102.95575159600008,16.998135667000042],[102.95344309500007,16.99753664700006],[102.95039700700005,16.997143465000022],[102.94710664300004,16.995622454000056],[102.94572968200004,16.995707349000043],[102.94403295000006,16.996174919000055],[102.94168885900007,16.997181080000075],[102.94084645000004,16.99713160600004],[102.93964058300008,16.996785200000033],[102.93778779500008,16.997005965000028],[102.93680911300004,16.996584710000036],[102.93508523700007,16.996406773000047],[102.93353326200008,16.995806470000048],[102.93257859400006,16.99567227800003],[102.93201363100007,16.996022615000072],[102.92967116900007,16.999538237000024],[102.92867637300009,17.000543053000058],[102.92701244700004,17.000094881000052],[102.92417972500004,17.000295555000037],[102.92310836500008,17.000727788000063],[102.92314002700004,17.00140280200003],[102.92138637900007,17.002525712000022],[102.92135745600007,17.003187033000074],[102.91926299200009,17.00389450800003],[102.91851141900008,17.004386065000062],[102.91709402700008,17.003412452000077],[102.91538685600005,17.001136517000077],[102.91416967800006,17.000027466000063],[102.91361380500007,16.999078053000062],[102.91311564700004,16.997775964000027],[102.91148057400005,16.997993266000037],[102.90996815000005,16.99835402100007],[102.90855238900008,16.99715238700003],[102.90688411500008,16.995300394000026],[102.90560438200004,16.994911100000024],[102.90405194700008,16.993996194000033],[102.90260442300007,16.994082453000033],[102.89878781500005,16.99492924900005],[102.89665734800008,16.995895417000042],[102.89541522500008,16.995897479000064],[102.89350261900006,16.995695053000077],[102.88952660700005,16.99593119000002],[102.88868981900004,16.996440934000077],[102.88761988900006,16.997467506000078],[102.88727153100007,16.99833034900007],[102.88649120400004,16.99938509900005],[102.88460638400005,17.000036540000053],[102.88322066600006,17.000281304000055],[102.88159946500008,16.99776765000007],[102.87970115400009,16.995653641000047],[102.87759943500004,16.993800001000068],[102.87690751000008,16.99358331600007],[102.87610566200004,16.99224223500005],[102.87414759200004,16.996356984000045],[102.87339381300006,16.997758519000058],[102.87208062000008,16.999463732000038],[102.87035369200004,17.000073459000077],[102.86843297000007,17.00047365200004],[102.86926577700007,17.002466294000044],[102.86613844200008,17.003303397000025],[102.86257182000008,17.00341183300003],[102.86051074100004,17.00393875700007],[102.85767594700008,17.004429192000032],[102.85571183600007,17.006092094000053],[102.85357479600003,17.00658431200003],[102.85256143900006,17.005932186000052],[102.85138674700005,17.00616304500005],[102.84848021500005,17.008238825000035],[102.84774669700005,17.008453793000058],[102.84643952600004,17.009348627000065],[102.84554502900005,17.010358237000048],[102.84382410000006,17.01166054600003],[102.84226821400006,17.013083704000053],[102.84229893900005,17.013504176000026],[102.84337289900009,17.01680330000005],[102.84492169800006,17.019374457000026],[102.84535787700008,17.020248500000037],[102.84618416000006,17.02131637900004],[102.84725169600006,17.022379685000033],[102.84851913000006,17.02299031000007],[102.85094208200007,17.02348456900006],[102.85166739300007,17.024308248000068],[102.85135985400007,17.026573991000078],[102.85044273800008,17.02892868600003],[102.85034082800007,17.03099744900004],[102.84980750700004,17.033146232000036]]]},"properties":{"Shape_Leng":1.36604179595,"Shape_Area":0.0368903669242,"ADM2_EN":"Non Sa-At","ADM2_TH":"โนนสะอาด","ADM2_PCODE":"TH4105","ADM1_EN":"Udon Thani","ADM1_TH":"อุดรธานี","ADM1_PCODE":"TH41","ADM0_EN":"Thailand","ADM0_TH":"ประเทศไทย","ADM0_PCODE":"TH"}},
{"type":"Feature","geometry":{"type":"Polygon","coordinates":[[[102.94770354500008,17.32046588000003],[102.95074869300004,17.31680281900003],[102.95334426300008,17.312583999000026],[102.95612142100003,17.307878628000026],[102.95671180100004,17.307035147000022],[102.95860917800007,17.305043325000042],[102.95905874500005,17.303653014000076],[102.96129200600006,17.301446007000038],[102.96416918000006,17.298712742000077],[102.96647519500004,17.297541267000042],[102.96796744800008,17.29710337800003],[102.96901722800004,17.296222691000025],[102.97190842800006,17.29512686100003],[102.97367830800005,17.29487573600005],[102.97499667900007,17.294542601000046],[102.97572207800005,17.29415300900007],[102.97722345300008,17.29297488800006],[102.97868663200006,17.29167245700006],[102.98123984000006,17.290427945000033],[102.98507133400005,17.28919209000003],[102.98642536400007,17.28886955200005],[102.98943601100007,17.288536759000067],[102.99164885200008,17.288526794000063],[102.99269750200006,17.288312622000035],[102.99353793100005,17.287772887000074],[102.99408904800003,17.286988789000077],[102.99667446700005,17.28395850000004],[103.00123716000007,17.281525402000057],[103.00437046700006,17.27806574400006],[103.00686675000009,17.275700676000042],[103.00805177200004,17.27478398900007],[103.01029326600008,17.273503670000025],[103.01188634500005,17.27222675300004],[103.01383549200006,17.270037942000044],[103.01575735400007,17.268180409000024],[103.01780149700005,17.26551527400005],[103.01857646300004,17.26464396500006],[103.02020139500007,17.263681210000072],[103.02316767900004,17.26346088200006],[103.02455208200007,17.263014528000042],[103.02693803600005,17.26254805900004],[103.02791117800007,17.26255642900003],[103.03044479800008,17.263538052000058],[103.03287319100008,17.264354319000063],[103.03514557000005,17.26534112400003],[103.03756252000005,17.26629708300004],[103.03965010400003,17.266799200000037],[103.04070496300005,17.267224438000028],[103.04223528200004,17.268142382000065],[103.04449607900006,17.269924591000063],[103.04609608400006,17.27137128800007],[103.04699618400008,17.272022846000027],[103.04951761500007,17.273102099000027],[103.05352135400005,17.273711841000022],[103.05502678900007,17.27407826700005],[103.05731672900004,17.274900092000053],[103.06019206200006,17.275337963000027],[103.06143183200004,17.275362459000064],[103.06419975900008,17.27514238200007],[103.06792934100008,17.275684084000034],[103.07054431900008,17.275631004000047],[103.07113489700004,17.27535443900007],[103.07153226800006,17.27464083500007],[103.07229985200007,17.27197949400005],[103.07270526800005,17.269545986000026],[103.07309487100008,17.26847977500006],[103.07480831800007,17.26500549800005],[103.07720495700005,17.261296859000026],[103.07769694100006,17.26071361700002],[103.07923331000006,17.259624088000066],[103.08013036300008,17.258679844000028],[103.08069854500008,17.257389515000057],[103.08098080700006,17.25561995700002],[103.08136817500008,17.24820403700005],[103.08256469800006,17.24002204800007],[103.08294354400005,17.238471009000023],[103.08524246500008,17.232427296000026],[103.08585280000005,17.228887257000054],[103.08596128200008,17.22756219200005],[103.08584917700006,17.226638467000043],[103.08502623800007,17.223058235000053],[103.08393861900004,17.22088525500004],[103.08648693200007,17.219711009000036],[103.08675669400009,17.219959577000054],[103.08886457400007,17.21856510300006],[103.08911409800004,17.218281997000076],[103.09108005600007,17.217852356000037],[103.09209289800003,17.217361958000026],[103.09473828000006,17.21534537200006],[103.09592783800008,17.214865991000067],[103.09685022700006,17.214717892000067],[103.09815882800007,17.214805716000058],[103.09870973600005,17.214428386000066],[103.10042924300006,17.213762476000056],[103.10147326900005,17.213581470000065],[103.10210441600009,17.212988327000062],[103.10271317000007,17.213599385000066],[103.10261934300007,17.215074651000066],[103.10351879700005,17.215710071000046],[103.10412466100007,17.216726148000078],[103.10508026100007,17.21678466900005],[103.10658352600007,17.215761090000058],[103.10729503500005,17.215636864000032],[103.10793016000008,17.216132135000066],[103.10948457800004,17.216030516000046],[103.11088420500005,17.214971474000038],[103.11181329800007,17.21487152700007],[103.11290260500004,17.215619592000053],[103.11397957100007,17.215001062000056],[103.11449079000005,17.21506756100007],[103.11611283400003,17.21586724900004],[103.11678604800005,17.21585718800003],[103.11712121900007,17.216592598000034],[103.11854668600006,17.215985255000078],[103.11894038300005,17.216197693000026],[103.11919467300004,17.217061279000063],[103.11965638500004,17.217534364000073],[103.12052052100006,17.21726815200003],[103.12106437900007,17.217585020000058],[103.12251216500005,17.217779445000076],[103.12302139700006,17.218653330000052],[103.12377621000007,17.21815390300003],[103.12423338200006,17.21820606400007],[103.12468452700006,17.218880523000053],[103.12628109700006,17.218712629000038],[103.12690321900004,17.219160483000053],[103.12731595200006,17.220014181000067],[103.12827878100006,17.21973041700005],[103.12833083000004,17.22030879400006],[103.12898865400007,17.22063378200005],[103.12861092000009,17.221191094000062],[103.12951881800007,17.221677387000057],[103.13010995900004,17.22133299500007],[103.13086355300004,17.221370912000054],[103.13175402500008,17.220322603000056],[103.13252864300006,17.220452504000036],[103.13305681500003,17.219810018000032],[103.13351518200005,17.220861091000074],[103.13463658100005,17.221184021000056],[103.13492621500006,17.220876088000068],[103.13581365000005,17.220939299000065],[103.13685428300005,17.220526075000066],[103.13663150100007,17.219842732000075],[103.13700114200009,17.219149084000037],[103.13782641000006,17.219308599000044],[103.13832308800005,17.218340736000073],[103.13962296800008,17.218021450000037],[103.13967601300004,17.217412618000026],[103.14247397000008,17.216202468000063],[103.14268820900008,17.214635378000025],[103.14347925900006,17.215074937000054],[103.14459067400009,17.21443223600005],[103.14484710500005,17.215085738000028],[103.14539356200004,17.21511342900004],[103.14569146900004,17.214522354000053],[103.14630665600004,17.21441260900002],[103.14679196600008,17.21395704500003],[103.14709112400004,17.212769894000076],[103.14737626200008,17.21247489600006],[103.14879334000005,17.212233144000038],[103.14917110100004,17.213280866000048],[103.15003988200004,17.21352518200007],[103.15054028000009,17.214167703000044],[103.15102916200004,17.21380408500005],[103.15094148400004,17.213041275000023],[103.15126229400005,17.212887876000025],[103.15301858100008,17.21362928800005],[103.15313746900006,17.214445239000042],[103.15405140400009,17.21505982800005],[103.15512850800008,17.21499953800003],[103.15532749500005,17.21569469900004],[103.15637650600007,17.215759511000044],[103.15702903600004,17.215545615000053],[103.15740754900008,17.216189289000056],[103.15779034000008,17.215549888000055],[103.15882407500004,17.215519589000053],[103.15893759800008,17.215982161000056],[103.15975156400003,17.215825663000032],[103.15991528500007,17.215177736000044],[103.16090763800008,17.214870791000067],[103.16166543200006,17.215022958000077],[103.16157094200008,17.21451352200006],[103.16205274800006,17.214400908000073],[103.16206520600008,17.214862862000075],[103.16279134800004,17.215754797000045],[103.16283080400007,17.216283247000035],[103.16405253200008,17.21730858600006],[103.16460218800006,17.218011486000023],[103.16474726700005,17.21873393100003],[103.16516554000003,17.218947137000043],[103.16507252900004,17.219799566000063],[103.16550858600004,17.220132614000022],[103.16632372800007,17.219946696000022],[103.16605314900005,17.220763213000055],[103.16712714000005,17.221487014000047],[103.16701028000006,17.222195904000046],[103.16755099700003,17.222266270000034],[103.16755991500008,17.22350167700006],[103.16813433200008,17.223789745000033],[103.16785914500008,17.224126797000054],[103.16789658900007,17.224861426000075],[103.16822646100007,17.225312036000048],[103.16803237600004,17.225783628000045],[103.16856262500005,17.226242419000073],[103.16865944900007,17.228043684000056],[103.16841850900005,17.22859662600007],[103.16771209000007,17.228687927000067],[103.16796828600008,17.229712911000036],[103.16856656700008,17.229978318000065],[103.16861782400008,17.231370406000053],[103.16804889400004,17.231401521000066],[103.16761364200005,17.23206058100004],[103.16810323800007,17.232334223000066],[103.16837800800005,17.232976889000042],[103.16921560200007,17.233212937000076],[103.16943037600004,17.233774209000046],[103.16894447600004,17.234441855000057],[103.16928238500009,17.235406561000048],[103.16968676700009,17.235002906000034],[103.17020672300004,17.23526447300003],[103.17058821300009,17.23623160300002],[103.17056992900007,17.236813234000067],[103.17092571500007,17.237743930000022],[103.17077915800007,17.240943393000066],[103.17075985800005,17.243323609000072],[103.17057435400005,17.245870597000078],[103.16986842800009,17.250108271000045],[103.16917916100005,17.251849126000025],[103.16775058100006,17.25266582100005],[103.16605435300005,17.25379885800004],[103.16462213300008,17.255910482000047],[103.16366655600007,17.257548453000027],[103.16315406200005,17.258830486000022],[103.16220130600004,17.263271252000038],[103.16186331300008,17.26428960900006],[103.15981234600008,17.265743781000026],[103.15835159800008,17.267282797000064],[103.15752072300006,17.267832937000037],[103.15593990300005,17.269700327000066],[103.15532249300009,17.271248463000063],[103.15555071600005,17.273089802000072],[103.15695521200007,17.277847417000032],[103.15753411100007,17.278912637000076],[103.15938511700006,17.28120236600006],[103.16071818300009,17.282450509000057],[103.16565849900007,17.28669068100004],[103.16971985200007,17.28945343500004],[103.17008183400009,17.292931880000026],[103.17004672800005,17.294996452000078],[103.17022967400004,17.29586369200007],[103.17129447700006,17.29599061500005],[103.17390646300004,17.297709673000043],[103.17488925800006,17.29818356000004],[103.17542684400007,17.298714331000042],[103.17557126900005,17.300228738000044],[103.17525988400007,17.300937073000057],[103.17543687200003,17.302211260000036],[103.17640328200008,17.303017917000034],[103.17665422000005,17.304380765000076],[103.17776441100006,17.30663450700007],[103.17765873400003,17.30725898700007],[103.17825441200006,17.30878271800003],[103.17896575900005,17.30952688900004],[103.17986327000006,17.309972722000055],[103.18126302400003,17.312888453000028],[103.18186035700006,17.31375281000004],[103.18269989900006,17.314484721000042],[103.18282972000009,17.314860278000026],[103.18432131200007,17.31641202900005],[103.18478578700007,17.31714177400005],[103.18531653100007,17.318604203000064],[103.18577036100004,17.318891274000066],[103.18754741700008,17.32065334300006],[103.18894544000005,17.321203405000063],[103.18916194600007,17.322238372000072],[103.18963587300004,17.32246680000003],[103.19059304300004,17.322271288000024],[103.19081928500003,17.32312728100004],[103.19204256800003,17.323267162000036],[103.19366103700008,17.32396153800005],[103.19440604700009,17.324591458000043],[103.19709896200004,17.32566175900007],[103.19802347200005,17.326757152000027],[103.19994572000007,17.32850656100004],[103.20054586000003,17.32867602600004],[103.20038853500006,17.32934890000007],[103.20081799400003,17.33033374100006],[103.20272008500007,17.337952452000025],[103.20320671500008,17.33954649700007],[103.20469917200006,17.34257019200004],[103.20620456400007,17.343612671000074],[103.20729007200003,17.34407806400003],[103.20975038900008,17.344319187000053],[103.21241955400006,17.344165264000026],[103.21406572300003,17.34373994300006],[103.21576134100007,17.34293691000005],[103.21802857000006,17.341089499000077],[103.22149419000004,17.33747541200006],[103.22289167600007,17.335920687000055],[103.22765624500005,17.332564971000068],[103.23040729200005,17.330925782000065],[103.23321025500007,17.329958865000037],[103.23544311900008,17.32943159000007],[103.23644717000008,17.328741759000025],[103.23732833200006,17.328822475000038],[103.23822227000005,17.32768909500004],[103.23837992900008,17.327028103000032],[103.23821433700004,17.326377498000056],[103.23736177300003,17.325228293000066],[103.23992779700006,17.323930964000056],[103.24069130000004,17.323439046000033],[103.24253882900007,17.323993777000055],[103.24415249500004,17.323453658000062],[103.24532269500008,17.32198999600007],[103.24585903000008,17.322162411000022],[103.24646198500005,17.321326258000056],[103.24716566500007,17.319417472000055],[103.24679210700003,17.31834789800007],[103.24916043200005,17.318153601000063],[103.25016319100007,17.317362650000064],[103.25037791400007,17.317819876000044],[103.25171375700006,17.31880939800004],[103.25192246600005,17.319229506000056],[103.25277725300003,17.319196437000073],[103.25322136400007,17.318727687000035],[103.25320618400008,17.31815318300005],[103.25379723900005,17.31794883200007],[103.25450855200006,17.318581282000025],[103.25422141000007,17.318896481000024],[103.25450208100006,17.319549575000053],[103.25490662300007,17.319057457000042],[103.25559883400007,17.320091411000078],[103.25548322200007,17.320464645000072],[103.25611381800007,17.32042573900003],[103.25603078100005,17.32106347200005],[103.25523410000005,17.320825180000043],[103.25482881600004,17.32135786300006],[103.25503636300004,17.322237579000046],[103.25605642400006,17.321996556000045],[103.25601092000005,17.322517814000037],[103.25646621100009,17.32286341100007],[103.25603982900009,17.323067009000056],[103.25619853800004,17.323591933000046],[103.25608183600008,17.324590641000043],[103.25549250400007,17.324906963000046],[103.25632494700005,17.32560230100006],[103.25743201200004,17.32584921600005],[103.25746246300008,17.32634631800005],[103.25666789100006,17.32683823800005],[103.25689577800006,17.327686664000055],[103.25754242200009,17.327396004000036],[103.25794213700004,17.327831031000073],[103.25787567000003,17.327126732000067],[103.25923362100008,17.32766592200005],[103.25913937400009,17.328215697000076],[103.25972066700007,17.327969780000046],[103.26026593200004,17.328157642000065],[103.26024545000007,17.328646304000074],[103.26073846200006,17.328204361000076],[103.26207794600003,17.327873655000076],[103.26269293000007,17.32794251200005],[103.26319973300008,17.32761518500007],[103.26476823500008,17.328029343000026],[103.26554986500008,17.32850550200004],[103.26694393100007,17.328418681000073],[103.26739922300004,17.328973296000072],[103.26695587200004,17.32990135400007],[103.26713450000005,17.330535866000048],[103.26825732400005,17.330769326000052],[103.26844841100007,17.331480407000072],[103.26918107100005,17.33106212000007],[103.26926473600008,17.33183434500006],[103.26966561600005,17.332014241000024],[103.27037110400005,17.331791550000048],[103.26962864300003,17.332414220000032],[103.26997865600003,17.332704853000052],[103.27062031500009,17.332355489000065],[103.27117109700004,17.33273103600004],[103.27027418000006,17.333012265000036],[103.26993109100005,17.333867161000057],[103.26983523200005,17.334733180000057],[103.26893597800006,17.335109077000027],[103.26907055700008,17.335443309000027],[103.27011717700009,17.33597958300004],[103.27001482000009,17.336487216000023],[103.27123030100006,17.336655248000056],[103.27082256200003,17.337302151000074],[103.27129624300005,17.338250526000024],[103.27167842100005,17.337789341000075],[103.27254324600005,17.337466531000075],[103.27314064000007,17.33829922700005],[103.27235168400006,17.338449414000024],[103.27265224400008,17.339410653000073],[103.27207190300004,17.339267148000033],[103.27185968300006,17.339681651000035],[103.27258743900006,17.340260229000023],[103.27161306400006,17.34114502400007],[103.27176154500006,17.34177113900006],[103.27235359700006,17.34192388100007],[103.27219736700005,17.342792178000025],[103.27270025800004,17.343240353000056],[103.27163186200005,17.34352059400004],[103.27169052600004,17.344336566000038],[103.27228817500009,17.34488029000005],[103.27171714000008,17.345178623000038],[103.27201549000006,17.34606530800005],[103.27268720800004,17.345684650000067],[103.27286347500007,17.346157473000062],[103.27204613700007,17.34671891000005],[103.27268482900007,17.347161030000052],[103.27245829800006,17.347826492000024],[103.27304186800006,17.34880475400007],[103.27244571200004,17.349349120000056],[103.27344862500007,17.349153122000075],[103.27355059500007,17.349866887000076],[103.27445754700005,17.349868190000052],[103.27557319300007,17.350640768000062],[103.27629428900008,17.350601549000032],[103.27634841900004,17.35093507700003],[103.27534930300004,17.351269280000054],[103.27589722200008,17.35180772900003],[103.27521013200004,17.35242389000007],[103.27514303300006,17.35375470100007],[103.27600625900004,17.353812767000022],[103.27592516900006,17.35417208800004],[103.27650492900005,17.35470543300005],[103.27657035100003,17.35405186500003],[103.27719365300004,17.354517318000035],[103.27712954600008,17.354979166000078],[103.27799732300008,17.355299168000045],[103.27868212800007,17.355190579000066],[103.27886545300004,17.35560559000004],[103.27847853900005,17.35637659500003],[103.27900303200005,17.356169933000047],[103.27918086600005,17.356542535000074],[103.27869578600007,17.35684922300004],[103.27958460200006,17.357245227000078],[103.27916906700005,17.35780062200007],[103.27987361300006,17.358329280000078],[103.28013304900009,17.358164074000058],[103.28028881600005,17.358959405000064],[103.28066554700007,17.35912027100005],[103.28130751000003,17.360029256000075],[103.28233507800007,17.360320603000048],[103.28172031400004,17.360940349000032],[103.28193656500008,17.361587408000048],[103.28135888000008,17.361964242000056],[103.28209013200006,17.362106158000074],[103.28242566500006,17.36327405800006],[103.28208712600008,17.363566109000033],[103.28253218700007,17.363857211000038],[103.28232797200008,17.364514130000032],[103.28278797400009,17.364896068000064],[103.28238073900008,17.365152344000023],[103.28345044500008,17.365637571000036],[103.28324084800005,17.366760620000036],[103.28295597700009,17.367154321000044],[103.28353784000006,17.367448831000047],[103.28290993900004,17.367665427000077],[103.28280513900006,17.368063749000044],[103.28369470900009,17.368942267000023],[103.28372969900005,17.369525083000042],[103.28474098300006,17.370392743000025],[103.28554192600006,17.370350002000066],[103.28537848600007,17.370928305000064],[103.28662801900003,17.37042626400006],[103.28690750100009,17.37088733400003],[103.28747281600005,17.370926475000033],[103.28811848700008,17.37152786000007],[103.28750438900005,17.371914892000063],[103.28781602200007,17.372502589000078],[103.28748922200003,17.373353703000078],[103.28766323000008,17.374010440000063],[103.28815047400008,17.374278454000034],[103.28818167500003,17.374830897000038],[103.28927012000008,17.374232016000065],[103.29011751000007,17.374566982000033],[103.29077094300004,17.374102539000035],[103.29124224200007,17.375288323000063],[103.29196235700005,17.375745189000043],[103.29204267200004,17.376839575000076],[103.29119165600008,17.377336349000075],[103.29129623600005,17.377847039000073],[103.29190026100008,17.37871894500006],[103.29192133400005,17.379215695000028],[103.29252065500003,17.379345778000072],[103.29269563100007,17.380013392000023],[103.29239506800008,17.380374004000032],[103.29308390100005,17.380523486000072],[103.29320084100004,17.380989569000064],[103.29374901900007,17.381044661000033],[103.29396758500008,17.382156059000067],[103.29370500900006,17.382715284000028],[103.29385270100005,17.383297837000043],[103.29433474900009,17.383465821000073],[103.29420169500008,17.383932350000066],[103.29448525000004,17.384831865000024],[103.29538272000008,17.38484764900005],[103.29559046100007,17.38667761100004],[103.29655243800005,17.38654185000007],[103.29697488600004,17.388519280000025],[103.29796032100006,17.38919230500005],[103.29883799700008,17.388947812000026],[103.29921214500007,17.389110428000038],[103.29940258700009,17.38978694800005],[103.30109534300004,17.389585875000023],[103.30148830800005,17.38982334600007],[103.30156254900004,17.390943637000078],[103.30130062900008,17.391543709000075],[103.30150078600008,17.392306887000075],[103.30217562400009,17.393249354000034],[103.30209424300006,17.39402894500006],[103.30144533900005,17.394717030000038],[103.30139356100005,17.395262398000057],[103.30020193900003,17.395892384000035],[103.29988940100009,17.396295031000022],[103.29896435800003,17.396570516000054],[103.29802408400008,17.396366405000038],[103.29761946800005,17.39716260700004],[103.29671287900004,17.39692737200005],[103.29606778000004,17.397294041000066],[103.29636932200003,17.397906371000033],[103.29491892200008,17.39847869500005],[103.29542181300008,17.399255335000078],[103.29509236200005,17.39991275600005],[103.29434670000006,17.400423911000075],[103.29426669200006,17.401503881000053],[103.29265809200007,17.40238441400004],[103.29311282800006,17.403279406000024],[103.29221655600008,17.403905730000076],[103.29225897200007,17.40436610300003],[103.29087213300005,17.405065284000045],[103.29018070100005,17.406656721000047],[103.28960859400007,17.40683129000007],[103.28915245400003,17.40648989600004],[103.28844270400003,17.407205772000054],[103.28866123900008,17.40828326600007],[103.28804997700007,17.408480157000042],[103.28827610000008,17.409128399000053],[103.28746968700005,17.409540132000075],[103.28762610600006,17.410056590000067],[103.28711720000007,17.410347815000023],[103.28726419000009,17.410819115000038],[103.28805764000003,17.41069109700004],[103.28775926600008,17.41152644700003],[103.28788769000005,17.412157215000036],[103.28643383400004,17.412633994000032],[103.28617109800007,17.41292358800007],[103.28515644400005,17.41257820800007],[103.28518500200005,17.41358649800003],[103.28551431200003,17.41457687700006],[103.28485577300006,17.414571657000067],[103.28447776300004,17.414919766000025],[103.28510181900003,17.41508444300007],[103.28514096900005,17.415500291000058],[103.28453475700007,17.415810238000063],[103.28322381200007,17.41608640900006],[103.28168923900006,17.415545574000078],[103.28137460700003,17.41562325900003],[103.28106879500007,17.416633844000046],[103.28133888800005,17.416926252000053],[103.28245937400004,17.41734223000003],[103.28281673600009,17.417760335000025],[103.28283207300007,17.41839015100004],[103.28222136300008,17.418710625000074],[103.28176859400008,17.419409914000028],[103.28125506400005,17.42075074400003],[103.28201887900008,17.420664542000054],[103.28209465200007,17.421793715000035],[103.28135937800005,17.422490079000056],[103.28159022500006,17.42289620300005],[103.28251584800006,17.422833395000055],[103.28282191100004,17.423257283000055],[103.28201706500005,17.423642464000068],[103.28186717100004,17.424199299000065],[103.28225932500004,17.424478349000026],[103.28289968000007,17.424391849000074],[103.28273432200007,17.425402715000075],[103.28348853100005,17.425748187000067],[103.28358748000005,17.42625803900006],[103.28297010400007,17.426619016000075],[103.28269385300007,17.426099701000055],[103.28250158800006,17.426583137000023],[103.28170438900008,17.42672318700005],[103.28130661200004,17.42712713000003],[103.28133656700004,17.427704705000053],[103.28046909000005,17.42782163800007],[103.28068663600004,17.429229513000053],[103.28129728800008,17.43003637000004],[103.28070260400006,17.430571986000075],[103.28039388500008,17.43160193700004],[103.28100227500005,17.43182777800007],[103.28021166700006,17.432398274000036],[103.27875251500006,17.43282076500003],[103.27799434000008,17.433803502000046],[103.27747621400005,17.433529263000025],[103.27724694600005,17.434608102000027],[103.27661830400007,17.434692260000077],[103.27648263900005,17.435996101000057],[103.27616605000009,17.43676797100005],[103.27556944900005,17.436807731000044],[103.27517193100005,17.43556647400004],[103.27414815800006,17.43489793200007],[103.27408861400005,17.434435851000046],[103.27281224300003,17.433874213000024],[103.27256156400006,17.434399949000067],[103.27213729200008,17.434433901000034],[103.27203530600008,17.433863405000068],[103.27141206900006,17.43351542000005],[103.26968999900004,17.433702980000078],[103.27039831500008,17.432768020000026],[103.27055061300007,17.43187812900004],[103.27007252300007,17.431243297000037],[103.27009487200007,17.430773101000057],[103.26937320700006,17.43024689200007],[103.26710388700008,17.430878543000063],[103.26689261900003,17.431716969000036],[103.26595348800004,17.43290642100004],[103.26580095800006,17.43408329500005],[103.26529991800004,17.43396807700003],[103.26433672200005,17.434481249000044],[103.26496707800004,17.435255355000038],[103.26378966500005,17.436547233000056],[103.26262447200008,17.43637579800003],[103.26215699800008,17.436703542000032],[103.26082815200004,17.438157732000036],[103.26030921800003,17.43913143700007],[103.25867115200003,17.43936057800005],[103.25732316200003,17.43941925200005],[103.25702880500006,17.439104824000026],[103.25538672000005,17.440371765000066],[103.25435497500007,17.44039545000004],[103.25308290300006,17.440915897000025],[103.25225974100005,17.441695995000032],[103.25150705100003,17.44166875700006],[103.25122215500005,17.442069599000035],[103.25040461000003,17.442307174000064],[103.24828817700006,17.44358050200003],[103.24632328700005,17.444233172000054],[103.24489218600007,17.44450183600003],[103.24365057900008,17.444257406000077],[103.24077670700007,17.44456444900004],[103.23918537900005,17.442994772000077],[103.23935931200003,17.441959261000022],[103.23919294100006,17.441618686000027],[103.23774446400006,17.44098340100004],[103.23621384500007,17.44083560100006],[103.23395102900008,17.44153784300005],[103.22890555300006,17.442817993000062],[103.22548985300006,17.443454459000066],[103.22111175900005,17.444133863000047],[103.21641585700007,17.444278647000033],[103.21441497600006,17.44411810300005],[103.21256102400008,17.442820719000053],[103.21281461100006,17.44233489800007],[103.21252226500008,17.441729800000076],[103.21077860300005,17.440548457000034],[103.21006188500007,17.439728742000057],[103.20861525100008,17.438789074000056],[103.20789936500006,17.438556019000032],[103.20855453900003,17.436618554000063],[103.20830449200008,17.436290453000026],[103.20669682300007,17.43588414900006],[103.20387753400007,17.436088256000062],[103.20324376100007,17.43586601800007],[103.20245989300008,17.43521693200006],[103.20168138000008,17.434227962000023],[103.20116768700007,17.430574696000065],[103.20017486300009,17.42938735200005],[103.19960851000008,17.428369864000047],[103.19842376000008,17.42740068100005],[103.19727364900007,17.425818196000023],[103.19490201400004,17.425013062000062],[103.19450863800006,17.42518683000003],[103.19337300700005,17.424706972000024],[103.19288054000003,17.42386263000003],[103.19179865200005,17.423374530000046],[103.19226204800003,17.422683042000074],[103.19056260000008,17.421663513000055],[103.19077562300004,17.421139588000074],[103.19064452600009,17.42019842600007],[103.18979223500008,17.418579154000042],[103.18934964300007,17.418677856000045],[103.18882087100008,17.418060815000047],[103.18780111100006,17.417911821000075],[103.18722884200008,17.418174457000077],[103.18634707000007,17.417891891000068],[103.18585267700007,17.41810092000003],[103.18470085500007,17.41749449300005],[103.18365384800006,17.416704413000048],[103.18281102300006,17.416642672000023],[103.18175056600006,17.416866897000034],[103.17942595400007,17.41760762800004],[103.17829696200005,17.41754856700004],[103.17793606100008,17.417297924000025],[103.17592636100005,17.417482453000048],[103.17392976600007,17.41839501100003],[103.17103100200006,17.41891263900004],[103.16983623600004,17.418973551000022],[103.16889430500004,17.41882167600005],[103.16683636200008,17.418858154000077],[103.16586818500008,17.419199551000077],[103.16365716700005,17.419696465000072],[103.16228371000005,17.41980204200007],[103.16061016300006,17.418360763000067],[103.15937216400005,17.417815696000048],[103.15810603000006,17.417892463000044],[103.15765527200006,17.417312206000076],[103.15657849300004,17.417592565000064],[103.15566050600006,17.417483589000028],[103.15493869300008,17.418146705000026],[103.15415609300004,17.418384841000034],[103.15402505500003,17.41923506200004],[103.15338310200008,17.419537069000057],[103.15343377600004,17.420132195000065],[103.15293282200008,17.42028754000006],[103.15281318600006,17.421704693000038],[103.15335205500008,17.421972290000042],[103.15316284600004,17.422561334000022],[103.15269463700008,17.422547146000056],[103.15229406800006,17.42304105100004],[103.15283591200006,17.42379513000003],[103.15274944700008,17.42434453900006],[103.15314319900006,17.424823079000078],[103.15282501200005,17.425448779000078],[103.15325333300007,17.42603220600006],[103.15116965500005,17.42567284000006],[103.15074395800008,17.425096720000056],[103.14983090300007,17.425219068000047],[103.14952502500006,17.42499787500003],[103.14768721500008,17.42656610800003],[103.14704275300005,17.428435198000045],[103.14676693600006,17.42973502500007],[103.14604335100006,17.43485316400006],[103.14613064700006,17.436462835000043],[103.14725826500006,17.438569572000063],[103.14858126800004,17.439053423000075],[103.15017762900004,17.439907769000058],[103.14998711600003,17.440788566000037],[103.15042277400005,17.441757686000074],[103.15017655900004,17.442294282000034],[103.14571358800004,17.44305444200006],[103.14228908000007,17.443824257000074],[103.13770753400007,17.444558921000066],[103.13690532000004,17.444573251000065],[103.13513084100003,17.444939305000048],[103.13458982400005,17.444333227000072],[103.13168425500004,17.44445878600004],[103.13176075300004,17.445705417000056],[103.13212917800007,17.44744481600003],[103.13261214400006,17.449047328000063],[103.13500532400008,17.45284053200004],[103.13601444700004,17.454058281000073],[103.13807879600006,17.45712430900005],[103.13968332100006,17.458343670000033],[103.14105144900009,17.459946966000075],[103.14215071100006,17.461057064000045],[103.14268512400008,17.461967689000062],[103.14509988500004,17.465307421000034],[103.14508140400005,17.465590220000024],[103.14585064700003,17.467748658000062],[103.14611434200003,17.46945097300005],[103.14642563400008,17.47016562500005],[103.14725628700006,17.47081708500002],[103.14825994400007,17.472392098000057],[103.14858043300006,17.473642770000026],[103.14909599800006,17.47488898000006],[103.14959959500004,17.47560810300007],[103.14987544100006,17.47672501900007],[103.15041429800004,17.47691738900005],[103.15100890400004,17.479101679000053],[103.15029752200007,17.479306507000047],[103.14973647200009,17.479808009000067],[103.14791291600005,17.48060920100005],[103.14372307000008,17.482231882000065],[103.14261473500005,17.482849472000055],[103.14025664800005,17.486004528000024],[103.13891044000007,17.487229037000077],[103.13743152700005,17.488212146000023],[103.13591079400004,17.488950120000027],[103.13493872500004,17.489088105000064],[103.13201179400005,17.491197314000033],[103.13040836400006,17.492437280000047],[103.12974556600005,17.49356019000004],[103.13004435200008,17.49571559000003],[103.12991880400006,17.496914635000053],[103.12944090600007,17.497600895000062],[103.12792822900008,17.497358054000074],[103.12514883800009,17.496650552000062],[103.12193856500005,17.496098077000056],[103.12133965400005,17.49610817000007],[103.11949553700003,17.496680855000022],[103.11888993100007,17.497593921000032],[103.11724196000006,17.49910016000007],[103.11637712700008,17.499251791000063],[103.11624560600006,17.500344150000046],[103.11568537000005,17.50079596300003],[103.11559020100003,17.501484857000037],[103.11427178800005,17.502760000000023],[103.11146601900003,17.502991931000054],[103.11094715500008,17.502748765000035],[103.11018063700004,17.502859999000066],[103.10997232800008,17.503329111000028],[103.10889348700005,17.504558633000045],[103.10746272200004,17.504993023000054],[103.10704921100006,17.50475705300005],[103.10620450600004,17.505334693000066],[103.10436903000004,17.505704337000054],[103.10330890100005,17.506505014000027],[103.10318515600005,17.506887995000056],[103.10210450100004,17.507196055000065],[103.10199592100008,17.50674309900006],[103.10067633800008,17.50654709400004],[103.10040550300005,17.506103849000056],[103.09911215100004,17.506124369000077],[103.09819005000008,17.505246561000035],[103.09730914200009,17.50593336000003],[103.09676796700006,17.505719656000053],[103.09559694400008,17.506588758000078],[103.09522712600005,17.50631037900007],[103.09662869800007,17.50485022400005],[103.09679122400007,17.503894053000067],[103.09616550600003,17.503481303000058],[103.09456340700007,17.50301253600003],[103.09418500800007,17.502594267000063],[103.09406402500008,17.500791357000026],[103.09382653800009,17.50036539000007],[103.09263111100006,17.50055255500007],[103.09238288200004,17.500195302000066],[103.09291636700004,17.499908728000037],[103.09236867100009,17.499319139000022],[103.09265474100005,17.498649796000052],[103.09226688800004,17.498155749000034],[103.09128402700009,17.49872805700005],[103.09069553000006,17.498626770000044],[103.09036766100007,17.497017121000056],[103.08945884000008,17.496182800000042],[103.08987771400007,17.49560832800006],[103.08761347100005,17.49438570700005],[103.08649802500008,17.494638853000026],[103.08562764200008,17.494053278000024],[103.08638796100007,17.493469769000058],[103.08633223500004,17.49286899300006],[103.08563957600006,17.492122306000056],[103.08605415600005,17.491535184000043],[103.08662475200003,17.491576682000073],[103.08689921000007,17.49074994800003],[103.08602449000006,17.491064682000058],[103.08565262600007,17.48993790000003],[103.08483242000005,17.490229234000026],[103.08428650500008,17.489817575000075],[103.08374302700008,17.48981832100003],[103.08386464000006,17.488980278000042],[103.08309662200008,17.487837871000067],[103.08196712900008,17.487053424000067],[103.08201646000003,17.486700607000046],[103.08322956700005,17.487076428000023],[103.08401812200003,17.48706555600006],[103.08465517600007,17.487415473000055],[103.08477991800004,17.487021578000054],[103.08441243500005,17.486481192000042],[103.08507704100003,17.485549708000065],[103.08490170100004,17.485117099000036],[103.08528950500005,17.484177852000073],[103.08740841200006,17.483908490000033],[103.08822577400008,17.48456070800006],[103.08866477000004,17.484344806000024],[103.08830008200005,17.483737680000047],[103.08768522700007,17.483406124000055],[103.08822895400004,17.482024507000062],[103.08915386600006,17.481804022000063],[103.08949842700008,17.480601527000033],[103.09144840100004,17.479472302000033],[103.09151315900004,17.47892773500007],[103.09069115300008,17.47859744300007],[103.08971079600008,17.476201735000075],[103.08983934300005,17.47343445100006],[103.08968068100006,17.472747919000028],[103.08928350700006,17.472367099000053],[103.08833892900009,17.472102634000066],[103.08762289200007,17.472273794000046],[103.08664711400007,17.47292884600006],[103.08607318900005,17.472622602000058],[103.08602763400006,17.47186461800004],[103.08564705100008,17.47141051600005],[103.08449048400007,17.47109232500003],[103.08391966600004,17.470326646000046],[103.08391223600006,17.469127687000025],[103.08247087100006,17.468219632000057],[103.07874189600005,17.467873342000075],[103.07582616400003,17.467400636000036],[103.07452969700006,17.467082635000054],[103.07313846500006,17.466442605000054],[103.07110951300007,17.46521043000007],[103.06773972200006,17.46339977200006],[103.06584242300005,17.462483103000068],[103.06250708900006,17.46074995400005],[103.05976291100006,17.459176969000055],[103.05318966700008,17.45641327000004],[103.05165068800005,17.45545779400004],[103.05071459300007,17.455194920000054],[103.04726106600003,17.45474837200004],[103.04585119900008,17.454463795000038],[103.04081286200005,17.453939740000067],[103.03908295800005,17.453943586000037],[103.03694106600005,17.453767807000077],[103.03492726900004,17.453479752000078],[103.03258237200004,17.452979085000038],[103.02881545500009,17.452381909000053],[103.01735743500006,17.451776708000068],[103.01208604600004,17.45108020400005],[103.00873227800008,17.45074638500006],[103.00622797000005,17.45016844500003],[103.00263864200008,17.44987418100004],[102.99713067100004,17.450002495000035],[102.99414581100007,17.449905396000077],[102.98805787500004,17.449294460000033],[102.98498324400003,17.449251394000044],[102.98111817700004,17.449329440000042],[102.97797495900005,17.44882091900007],[102.97243727700004,17.447714216000065],[102.96833941300008,17.447348840000075],[102.96754698700005,17.44781189300005],[102.96533133000008,17.450688593000052],[102.96410760500004,17.45155778700007],[102.96042454200006,17.453618935000065],[102.95811406900003,17.454683798000076],[102.95672732500009,17.45503605600004],[102.95485179600007,17.45489520600006],[102.95557190800008,17.454600266000057],[102.95554791400008,17.45430114000004],[102.95463228700004,17.454068404000054],[102.95377004900007,17.45442706700004],[102.95373012000005,17.452281327000037],[102.95315364500004,17.451244831000054],[102.95371881900007,17.450001221000036],[102.95423960100004,17.450061984000058],[102.95345480100008,17.449046512000052],[102.95303135100005,17.449038159000054],[102.95255005800004,17.44830147600004],[102.95251844200004,17.447757483000032],[102.95202290400005,17.44739783400007],[102.95186759800004,17.446249957000077],[102.95234714900005,17.445448957000053],[102.95086758800005,17.445120458000076],[102.95059519800009,17.44361383200004],[102.95102368100004,17.443394847000036],[102.95075914200004,17.442672739000045],[102.95031299000004,17.442416681000054],[102.95062470200008,17.442108491000056],[102.95027022000005,17.441561028000024],[102.95094722500005,17.441398949000074],[102.95085020400006,17.440626902000076],[102.95151940500006,17.43952563600004],[102.95126748000007,17.438720018000026],[102.95043196000006,17.43891665900003],[102.95021622400009,17.438463527000067],[102.95056303900009,17.437379691000046],[102.95011929300006,17.436980359000074],[102.94989150200007,17.436184223000055],[102.94889029300003,17.43567034700004],[102.94790396400003,17.436073804000046],[102.94802394100009,17.43554719100007],[102.94729261900005,17.434615492000034],[102.94759669300004,17.434184001000062],[102.94884966600006,17.433602723000035],[102.94923270500004,17.433225821000065],[102.94861831300005,17.432883426000046],[102.94927000900009,17.431894757000066],[102.94807302600009,17.430685426000025],[102.94807973000007,17.429802562000077],[102.94846091200009,17.429329847000076],[102.94780896800006,17.42930628000005],[102.94794013600006,17.428382858000077],[102.94861252300007,17.428384048000055],[102.94895977500005,17.42774354000005],[102.95006453800005,17.427986790000034],[102.95075946000009,17.427490675000058],[102.95127001400004,17.42681493200007],[102.95114968300004,17.42619249300003],[102.95198099900006,17.42601818600002],[102.95248750900004,17.425231734000022],[102.95256988900007,17.42458492700007],[102.95358721600007,17.42461673500003],[102.95378026600008,17.424106100000074],[102.95333752000005,17.42362346400006],[102.95352791500005,17.42271733900003],[102.95302827700004,17.42227570600005],[102.95283412300006,17.42260353000006],[102.95201843500007,17.422417736000057],[102.95145187500003,17.420890112000052],[102.95094186600005,17.420792196000036],[102.94972469100009,17.41909396400007],[102.94925373900008,17.41784188500003],[102.94857682900005,17.416866626000058],[102.94876586100008,17.416068953000035],[102.94915444500003,17.415779212000075],[102.94921521100008,17.414042538000047],[102.94865042600009,17.41381309700006],[102.94816328000007,17.41271030400003],[102.94832080800006,17.412145140000064],[102.94805219800008,17.411601907000033],[102.94838911000005,17.411062754000056],[102.94833516800009,17.410293143000047],[102.94905034800007,17.408754973000043],[102.94885868500006,17.407747916000062],[102.94928224800009,17.40761501700007],[102.94938024300006,17.406749320000074],[102.94896808200008,17.40612440700005],[102.94960576300008,17.405264379000073],[102.94969303300007,17.404601494000076],[102.95051290200007,17.404032158000064],[102.95010886300008,17.40321779900006],[102.95050244100008,17.402950434000047],[102.95027254100006,17.40240968300003],[102.94937970700005,17.401374857000064],[102.94973840200004,17.400639075000072],[102.94953240100006,17.399530440000035],[102.94861081800008,17.398043047000044],[102.94699520100005,17.39595692300003],[102.94607660200006,17.395683013000053],[102.94476052600004,17.394367180000074],[102.94388383500007,17.393839023000055],[102.94391041700004,17.391573685000026],[102.94478492400003,17.387011288000053],[102.94454986300008,17.384331109000073],[102.94418645800005,17.383767927000065],[102.94365914800005,17.381684500000063],[102.94281764800007,17.37748686300006],[102.94232035900006,17.37701564200006],[102.94201330000004,17.376052479000066],[102.94159602600007,17.37371696200006],[102.94161022600008,17.372010354000054],[102.94178047300005,17.370726605000073],[102.94170177800004,17.36928520200007],[102.94132883400005,17.368432748000032],[102.94118981000008,17.36749080800007],[102.94124203000007,17.36545327700003],[102.94114659400009,17.363680287000022],[102.94083867400008,17.363166770000078],[102.93982694400006,17.36229466800006],[102.93956578900008,17.360575100000062],[102.93892768300009,17.359105362000037],[102.93857465000008,17.357481841000038],[102.93855626000004,17.35505987700003],[102.93911715500008,17.351912323000022],[102.93934668600008,17.348385286000052],[102.93955688400007,17.34726944600004],[102.93872098200006,17.345268705000024],[102.93798603800008,17.344025328000043],[102.93576608400008,17.342497326000057],[102.93481089700003,17.341573439000058],[102.93367993600003,17.33945452300003],[102.93307601900005,17.337882343000047],[102.93307840600005,17.33752043000004],[102.93396645900003,17.336494584000036],[102.93706439600004,17.332663198000034],[102.94142968400007,17.327929144000052],[102.94770354500008,17.32046588000003]]]},"properties":{"Shape_Leng":1.52075207936,"Shape_Area":0.058173471185,"ADM2_EN":"Nong Han","ADM2_TH":"หนองหาน","ADM2_PCODE":"TH4106","ADM1_EN":"Udon Thani","ADM1_TH":"อุดรธานี","ADM1_PCODE":"TH41","ADM0_EN":"Thailand","ADM0_TH":"ประเทศไทย","ADM0_PCODE":"TH"}},
{"type":"Feature","geometry":{"type":"Polygon","coordinates":[[[103.27616605000009,17.43676797100005],[103.27592538600004,17.437535403000027],[103.27646886900004,17.437984147000066],[103.27677692400005,17.437589865000064],[103.27715759300008,17.437929492000023],[103.27690425700007,17.438567513000066],[103.27606491600005,17.438653549000037],[103.27569143200009,17.439618487000075],[103.27502397400008,17.43946518100006],[103.27468721000008,17.44000942300005],[103.27538609200008,17.44054488000006],[103.27497708500005,17.441319297000064],[103.27540821300005,17.44162810200004],[103.27481871300006,17.442181109000046],[103.27557373400003,17.443072737000023],[103.27465010900005,17.443048548000036],[103.27465025600009,17.443573050000055],[103.27608605600005,17.443858426000077],[103.27593524400004,17.444509587000027],[103.27504127800006,17.444620851000025],[103.27550700400008,17.44533821500005],[103.27617534400008,17.444992653000043],[103.27677002200005,17.44500822400005],[103.27719722700004,17.44568973300005],[103.27778223000007,17.44562607900002],[103.27879049200004,17.445995030000063],[103.27868158700005,17.44667806700005],[103.27761379000003,17.446584732000076],[103.27823044200005,17.448015877000046],[103.27777349700006,17.44858077200007],[103.27877657700009,17.449005042000067],[103.27975575500005,17.448881365000034],[103.28037105100009,17.44929844400002],[103.28033818500006,17.450357030000077],[103.28127599900006,17.45061340600006],[103.28107422900007,17.45136401600007],[103.28131024000004,17.45185957800004],[103.28082008500007,17.45225156200007],[103.28058225100006,17.45368439600003],[103.28062933100006,17.45470915800007],[103.28173945400005,17.455423548000056],[103.28144859000008,17.456265794000046],[103.28096938800007,17.456334390000052],[103.28098326500003,17.45677710700005],[103.28183383300006,17.457033650000028],[103.28197110500008,17.458694317000038],[103.28227500900005,17.458869696000022],[103.28368450700003,17.458516700000075],[103.28379344300004,17.458901362000063],[103.28450415200007,17.458954375000076],[103.28405462700005,17.45766079400005],[103.28497704500006,17.457137301000046],[103.28541891200007,17.457914815000038],[103.28626757600006,17.45811845000003],[103.28650104000008,17.459100529000068],[103.28698619700003,17.459653874000026],[103.28697443300007,17.461018677000027],[103.28634548500008,17.460814562000053],[103.28620562300006,17.460010220000072],[103.28566677700007,17.460114025000053],[103.28602316100006,17.46104198000006],[103.28573533200006,17.46152174200006],[103.28510067800005,17.461218320000057],[103.28484405700004,17.461470268000028],[103.28506413400004,17.462682216000076],[103.28635191000006,17.46307633200007],[103.28683942900005,17.462266216000046],[103.28733469400004,17.462494669000023],[103.28686504400008,17.463229219000027],[103.28667814100004,17.463981121000074],[103.28718663300003,17.465142710000066],[103.28806048800004,17.46548039700002],[103.28788782000004,17.467154704000052],[103.28856236600006,17.467709179000053],[103.28909908400004,17.467149283000026],[103.29012489500008,17.467937405000043],[103.29012854700005,17.46827425600003],[103.28908472600006,17.468797253000048],[103.28822081300007,17.46950117500006],[103.28805378400006,17.47041690700007],[103.28740535800006,17.470560809000062],[103.28806678600006,17.471403061000046],[103.28797026700005,17.47217843800007],[103.28726216400008,17.472124945000076],[103.28663296900004,17.472602534000032],[103.28674065400008,17.47304395200007],[103.28796077500004,17.473287780000078],[103.28823701100004,17.47359760300003],[103.28779974700007,17.474649552000074],[103.28719117600008,17.47499063600003],[103.28732326700003,17.475290994000034],[103.28814638600005,17.47549940400006],[103.28837054400009,17.47590814600005],[103.28711013900005,17.477611925000076],[103.28712497800007,17.479119362000063],[103.28681787800008,17.479962486000034],[103.28565740100004,17.479825031000075],[103.28548012200008,17.48030362800006],[103.28605478500003,17.480562415000065],[103.28625309700004,17.481143281000072],[103.28546512200006,17.481530667000072],[103.28554809000008,17.481929394000076],[103.28649583300006,17.48213910800007],[103.28796923200008,17.483844430000033],[103.28902157400006,17.484766888000024],[103.29000776300006,17.484389570000076],[103.29060285500009,17.484709186000032],[103.29026188000006,17.485116795000067],[103.28922354700006,17.485375481000062],[103.28915621700008,17.485806223000054],[103.29006040200005,17.485765298000047],[103.28972072800008,17.486389235000047],[103.28990580700008,17.487373985000033],[103.29056397200009,17.487186777000034],[103.29110778900008,17.487599431000035],[103.29061268400005,17.488666912000042],[103.28985583800005,17.488791717000026],[103.28972724900007,17.48921893200003],[103.28869026800004,17.48894997000002],[103.28781947000004,17.490480484000045],[103.28834809300008,17.49088171300002],[103.28818364800009,17.49150786200005],[103.28817200000009,17.49344505600004],[103.28863873900008,17.493708474000073],[103.28796563400005,17.494014152000034],[103.28779091800004,17.495189500000038],[103.28887150600008,17.495520644000067],[103.28883488900004,17.496381884000073],[103.28806583900007,17.496620907000022],[103.28735222500006,17.495886007000024],[103.28646995500009,17.496177041000067],[103.28637505400008,17.49722820100004],[103.28699694400007,17.498313747000054],[103.28834521500005,17.497838431000048],[103.28884026600008,17.497871751000048],[103.29027197800008,17.498484163000057],[103.29044277200006,17.498959743000057],[103.28959406100006,17.499381670000048],[103.28875959300007,17.499372530000073],[103.28846906700005,17.49963635900002],[103.28869283900008,17.500394338000035],[103.28944213400007,17.501375799000073],[103.29050028100005,17.50177205500006],[103.29152437500005,17.501206809000053],[103.29200351000009,17.501165635000064],[103.29240699100006,17.501832756000056],[103.29376638600007,17.50156834300003],[103.29479092900004,17.501022186000057],[103.29524345600004,17.501322482000035],[103.29571263700007,17.502944636000052],[103.29602610500007,17.503250188000038],[103.29738668200008,17.503220871000053],[103.29775576900005,17.503664522000065],[103.29806136600007,17.504928906000032],[103.29869081800007,17.50555678300003],[103.29930144400004,17.505568307000033],[103.29965778500008,17.50475517900003],[103.30026184000008,17.505150970000045],[103.30059857500004,17.50627692200004],[103.30155155400007,17.50747527900006],[103.30202938900004,17.507590607000054],[103.30213613300003,17.50823875100002],[103.30263156300003,17.509084115000064],[103.30252551000007,17.50976221600007],[103.30135866800003,17.51069764600004],[103.30140772900006,17.51112418300005],[103.30233901600008,17.51172119100005],[103.30268325100008,17.512679010000056],[103.30334401100004,17.512899950000076],[103.30492170400004,17.513071926000066],[103.30575354600006,17.514257674000078],[103.30624705500009,17.51436351600006],[103.30638772300006,17.514996617000065],[103.30806309600007,17.515764200000035],[103.30812855000005,17.51676450900004],[103.30845567900008,17.517132122000078],[103.30903514700009,17.516859294000028],[103.30944975800008,17.517106194000064],[103.30928886300006,17.51788035800007],[103.31053264200006,17.519263355000078],[103.31203829200007,17.52024741300005],[103.31253820600006,17.51991455500007],[103.31291920200005,17.520202925000035],[103.31384600400008,17.519878214000073],[103.31386262300003,17.52057856700003],[103.31326020700004,17.521543563000023],[103.31370908200006,17.52190454400005],[103.31443060000004,17.52176944100006],[103.31411496100009,17.522313308000037],[103.31540088000008,17.523056948000033],[103.31626580100004,17.523278907000076],[103.31692281200009,17.52380646900002],[103.31697564200005,17.52467835300007],[103.31619719100007,17.524610556000027],[103.31631101800008,17.52508694900007],[103.31706383100004,17.525191489000065],[103.31712641200005,17.526177265000058],[103.31671920000008,17.52640319900007],[103.31571718800006,17.525890056000037],[103.31529460600007,17.526098900000022],[103.31533218300007,17.526637549000043],[103.31654034700006,17.527085286000045],[103.31653080200005,17.52762856000004],[103.31717969700009,17.52833520100006],[103.31647876200009,17.529579772000034],[103.31674690500006,17.530174429000056],[103.31614079700006,17.53038899300003],[103.31559579600008,17.531783806000078],[103.31476966300005,17.532122339000068],[103.31592354000009,17.532416143000034],[103.31679800800003,17.53201015700006],[103.31715237000009,17.533185065000055],[103.31572799600008,17.533999038000047],[103.31543292100008,17.534719060000043],[103.31644282800005,17.534721932000025],[103.31696249700008,17.534098122000046],[103.31767465700005,17.533929498000077],[103.31753442000007,17.53475699200004],[103.31679839300006,17.534992721000037],[103.31655240300006,17.535827505000043],[103.31674516200007,17.536219489000075],[103.31600767400005,17.536267760000044],[103.31616812600004,17.53670733000007],[103.31674201400006,17.536707771000067],[103.31721796900007,17.536335792000045],[103.31720539800006,17.535845820000077],[103.31788820100007,17.535698701000058],[103.31787762300007,17.536229949000074],[103.31734086300008,17.53721108800005],[103.31819306700004,17.537124852000034],[103.31823111400007,17.537733607000064],[103.31745461400004,17.53776910600004],[103.31755284300004,17.53856638800005],[103.31863706100006,17.538125785000034],[103.31898379000006,17.538723606000076],[103.31851352800004,17.53933504500003],[103.31921305400004,17.539662745000044],[103.31921631600005,17.540047436000066],[103.31866493200005,17.540373877000036],[103.31891883500003,17.54069075500007],[103.31863958300005,17.54122941600002],[103.31887310500008,17.54218435100006],[103.31935990900007,17.542553076000047],[103.31916256300008,17.543150251000043],[103.31812690300006,17.543409318000045],[103.31901458900006,17.544115172000033],[103.31920883600009,17.544794442000068],[103.31988605000004,17.54474785700006],[103.31903942600007,17.54580687300006],[103.31931088900006,17.546327288000043],[103.31971041800006,17.546292579000067],[103.31997432400004,17.545691902000044],[103.32071129300004,17.545172800000046],[103.32141949700008,17.54557142500005],[103.32111628300004,17.54679533700005],[103.32188207000007,17.547266283000056],[103.32167708400004,17.547951736000073],[103.32111340000006,17.54800354200006],[103.32133816400005,17.54851487700006],[103.32107652000008,17.548973614000033],[103.32036937700008,17.548835390000022],[103.32044880200004,17.549345294000034],[103.32022702400008,17.550561123000023],[103.31936261700008,17.551238369000032],[103.31903189600007,17.551747415000023],[103.31967951000007,17.552157674000057],[103.31994977400007,17.55310728300003],[103.31904895300005,17.553117292000024],[103.31807160000005,17.554709410000044],[103.31753109000005,17.555002821000073],[103.31619771400005,17.556738229000075],[103.31601791200006,17.556268277000072],[103.31559464700007,17.556436123000026],[103.31540103200007,17.555697141000053],[103.31459497600008,17.55638170800006],[103.31360496300005,17.556271129000038],[103.31376124900004,17.557195517000025],[103.31313189900004,17.557399015000044],[103.31248566800008,17.55716730100005],[103.31235638800007,17.557503174000033],[103.31168560900005,17.55743171100005],[103.31116730100007,17.556699648000063],[103.31015965600005,17.556874590000064],[103.30978107400006,17.556173887000057],[103.30943508400009,17.55660033600003],[103.30831497100007,17.556005409000022],[103.30745660700006,17.55655284100004],[103.30600500300005,17.556136526000046],[103.30604775400008,17.555810359000077],[103.30521714100007,17.555744334000053],[103.30476663000007,17.555383275000054],[103.30397422200008,17.555574797000077],[103.30343133200006,17.55628889600007],[103.30268433700007,17.55578061500006],[103.30170136400005,17.555832458000054],[103.30051409700008,17.55535678600006],[103.30012588300008,17.555846474000077],[103.29987480300008,17.55485911200003],[103.29866483200004,17.554064206000078],[103.29838948100007,17.554444482000065],[103.29806260200007,17.553995255000075],[103.29852757500004,17.553151554000067],[103.29770841100009,17.553193364000037],[103.29772165300005,17.552488720000042],[103.29728440900004,17.55238255000006],[103.29651470500005,17.552873297000076],[103.29540464600007,17.55316472000004],[103.29404871100007,17.55321210900007],[103.29328755600005,17.552946469000062],[103.29287785500009,17.552298673000053],[103.29246157300008,17.552488965000066],[103.29150586500003,17.551899933000072],[103.29072121800004,17.55192419800005],[103.29024895400005,17.55221066200005],[103.28942861100006,17.552249919000076],[103.28924637300008,17.55275287300003],[103.28827613900006,17.55333995700005],[103.28772012600007,17.553219820000038],[103.28714040300008,17.554070273000036],[103.28610428400003,17.55417518400003],[103.28526834600007,17.55388289700005],[103.28464965700005,17.554484222000042],[103.28429066400008,17.55425192900003],[103.28339844900006,17.554293424000036],[103.28296286300008,17.553889096000034],[103.28251380900008,17.554341880000038],[103.28196548900007,17.55419745000006],[103.28164893800005,17.553560064000067],[103.28086418900006,17.55335196900006],[103.27997966900006,17.553713309000045],[103.27943264800007,17.554388345000064],[103.27854309700007,17.554495030000055],[103.27781057500005,17.554058802000043],[103.27739422700006,17.554207849000022],[103.27638219300007,17.55350793300005],[103.27645783800006,17.553198767000026],[103.27593400400008,17.552327650000052],[103.27516074400006,17.552130866000027],[103.27493450100008,17.551644200000055],[103.27422958200003,17.551602339000056],[103.27350221700004,17.55093534300005],[103.27311813100005,17.551330934000077],[103.27226306500006,17.551066811000055],[103.27154687600006,17.551426546000073],[103.27082814000005,17.552523266000037],[103.27056088700004,17.553357942000048],[103.26874293700007,17.55385390200007],[103.26757447100005,17.553861480000023],[103.26704074800006,17.554402194000033],[103.26660838400005,17.555412234000073],[103.26440057700006,17.55428747900004],[103.26372162700005,17.553565787000025],[103.26221848600005,17.552709272000072],[103.26050892600006,17.551944923000065],[103.25899414300005,17.551678867000078],[103.25762236300005,17.551250916000072],[103.25862206000005,17.54914904000003],[103.25913940600009,17.547270927000056],[103.25855492200009,17.546477207000066],[103.25835275900005,17.54471912400004],[103.25847229800007,17.544080398000062],[103.25904854100008,17.543317613000056],[103.25946815300006,17.541840387000036],[103.25974753400004,17.54142100300004],[103.26087118900006,17.540503040000033],[103.26109888500008,17.540114561000053],[103.26205345900007,17.54009958200004],[103.26293499400003,17.539535022000052],[103.26345471700006,17.538853501000062],[103.26425217100007,17.538428533000058],[103.26450231200005,17.537672756000063],[103.26554843400004,17.537341113000025],[103.26703582100004,17.537536197000065],[103.26742906100009,17.538000663000048],[103.26807881000008,17.53774358100003],[103.26846412000003,17.537135128000045],[103.26928311800003,17.53723685400007],[103.27000386300006,17.535569601000077],[103.26951292200005,17.534512927000037],[103.26954944300007,17.533742328000073],[103.27039967000007,17.53303481200004],[103.27090410700004,17.532292862000077],[103.27121247300005,17.531106344000023],[103.27099452900006,17.530561575000036],[103.26862134800007,17.527876191000075],[103.26790759900007,17.525636360000078],[103.26667479800005,17.523871015000054],[103.26694164800006,17.521318611000027],[103.26664966700008,17.520636377000073],[103.26525691200004,17.519699806000062],[103.26417318100005,17.519387711000036],[103.26285081300006,17.51873905100007],[103.26119218200006,17.51700221300007],[103.26081317200004,17.515987666000058],[103.26022574100006,17.51499765400007],[103.25980758800006,17.513201878000075],[103.25973820300004,17.512380504000078],[103.25822517200004,17.512549239000066],[103.25646368100007,17.512173362000055],[103.25591408300005,17.513409637000052],[103.25597914400004,17.513914585000066],[103.25502630100004,17.517987211000047],[103.25256751000006,17.518331330000024],[103.25098660600008,17.51829907000007],[103.24905067700007,17.518816866000066],[103.24721547300004,17.519181081000056],[103.24635724000007,17.519513963000065],[103.24399121500005,17.519591989000048],[103.24239814900005,17.51933482100003],[103.23980627800006,17.520450046000065],[103.23565253600003,17.52008730400007],[103.23534462800006,17.520427002000076],[103.23420982000005,17.52048816000007],[103.23275389400004,17.521685994000052],[103.23257889500007,17.52257319100005],[103.23117754200007,17.523302615000034],[103.23107472400005,17.52394270600007],[103.23043474000008,17.52441109700004],[103.22966957100004,17.524605131000044],[103.22815229600008,17.524579706000054],[103.22768043100007,17.52565941100005],[103.22701301200004,17.52633736300004],[103.22530206200008,17.52770386000003],[103.22491820800008,17.528649950000045],[103.22484365200006,17.529532731000074],[103.22438169600008,17.529843871000026],[103.22479368600006,17.530525230000023],[103.22439059300007,17.531579763000025],[103.22461730900005,17.532358250000073],[103.22426013900008,17.533428100000037],[103.22506254600006,17.53385766200006],[103.22518363900008,17.534909680000055],[103.22637344200007,17.53552094300005],[103.22640757800008,17.536062195000056],[103.22760381700004,17.536533759000065],[103.22769366300008,17.537006372000064],[103.22816244300009,17.537037331000022],[103.22803524300008,17.537695924000047],[103.22864241100007,17.53778926900003],[103.22936187000005,17.538694554000074],[103.22951500400006,17.53976643200002],[103.23058073600004,17.541986914000063],[103.23014357400007,17.54284027800003],[103.22906521300007,17.543958243000077],[103.22880865900004,17.54499441400003],[103.22846547600005,17.54534151300004],[103.22857427300005,17.546368849000032],[103.22896928400007,17.54688090800005],[103.22858363000006,17.547588572000052],[103.22887276400007,17.547875007000073],[103.22854543300008,17.54866897900007],[103.22909152700004,17.549419878000037],[103.22906852200003,17.550605808000057],[103.22872710000007,17.551739067000028],[103.22995805400006,17.553309372000058],[103.22965109200004,17.55444336000005],[103.23014436900007,17.555354279000028],[103.22958990100005,17.556138779000037],[103.22951577400005,17.557087883000065],[103.22991424400004,17.557463280000036],[103.23041285000005,17.55869443000006],[103.23044882100004,17.559891235000066],[103.23074338500004,17.56023873500004],[103.23067700900003,17.56119951000005],[103.23032929300007,17.561598915000047],[103.23133548000004,17.563327425000068],[103.23094946000003,17.563886283000045],[103.23139581300006,17.564693282000064],[103.23120802500006,17.56521689300007],[103.23169333800007,17.565963744000044],[103.23146578800004,17.56645803500004],[103.23148251600009,17.56736674900003],[103.23174168600008,17.567976885000064],[103.23151259500008,17.56832329300005],[103.23062610800008,17.568166546000043],[103.23048409700004,17.56893793200004],[103.23095218500004,17.569091272000037],[103.23130369500007,17.570328119000067],[103.23035498700006,17.570969519000073],[103.23070696000008,17.572204355000054],[103.23126564300009,17.573107893000042],[103.23119280000009,17.57337774900003],[103.22959076000006,17.57345193900005],[103.22970418100005,17.574290835000056],[103.23043067300006,17.57455146800004],[103.23004802700007,17.57499559200005],[103.23063795700006,17.574883594000028],[103.22877322900007,17.577315515000066],[103.22748665400007,17.57777993700006],[103.22674399900006,17.57929181700007],[103.22673159200008,17.579753453000023],[103.22741738100007,17.579882361000045],[103.22786248600005,17.58050995700006],[103.22704422100009,17.581847096000047],[103.22616585500003,17.58132310700006],[103.22485390500003,17.581728258000055],[103.22333425700003,17.581232877000048],[103.22247024400008,17.58150588600006],[103.22178821700004,17.581198915000073],[103.22070762600003,17.581418088000078],[103.21930258800006,17.580943243000036],[103.21755925100007,17.58132242100004],[103.21628260200004,17.58100218100003],[103.21639960500005,17.581526187000065],[103.21552913400006,17.581764231000022],[103.21343526000004,17.582756440000026],[103.21209474300008,17.582896867000045],[103.21025742800003,17.581988556000056],[103.20910360900007,17.581183354000075],[103.20680717500005,17.580320107000034],[103.20663381200006,17.581842175000077],[103.20712117000005,17.582829117000074],[103.20747416700004,17.584363766000024],[103.20425963900004,17.583981995000045],[103.19913969200007,17.582284224000034],[103.19695200300004,17.582052195000074],[103.19401469000007,17.581324108000047],[103.19218412400005,17.58078051700005],[103.19085568100007,17.580655042000046],[103.18841283900008,17.580686145000072],[103.18741382200005,17.580499933000056],[103.18464449600003,17.57950087300003],[103.18179951700006,17.57971836400003],[103.17994796700003,17.579733610000062],[103.17879068700006,17.579990535000036],[103.17712608900007,17.579874306000022],[103.17638146700006,17.579688943000065],[103.17544399200006,17.578884455000036],[103.17505226600008,17.578848048000054],[103.17307242800007,17.579314520000025],[103.16970961400006,17.579780880000044],[103.16793368500004,17.580219552000074],[103.16846011600006,17.58070531800007],[103.16776379400005,17.581646970000065],[103.16741686200004,17.58260419100003],[103.16694928800007,17.582839843000045],[103.16680479600006,17.58449758200004],[103.16610433000005,17.585266712000077],[103.16521268100007,17.58488217400003],[103.16426224100007,17.585403901000063],[103.16398155100006,17.585867850000056],[103.16270057100007,17.586556400000063],[103.16268305000006,17.587329064000073],[103.16224176400004,17.588544311000078],[103.16157674400006,17.589323011000033],[103.16018684000005,17.58971827700003],[103.15945458500005,17.590134848000048],[103.15946222300005,17.590485795000063],[103.15852803700005,17.59180731500004],[103.15698461100004,17.591853800000024],[103.15590714600006,17.591651655000078],[103.15544611400009,17.59049327200006],[103.15154159600007,17.58477574400007],[103.14967585100004,17.58215800100004],[103.14869633900008,17.58108760300007],[103.14553529100004,17.577376053000023],[103.14470956800005,17.576242602000036],[103.14401239400007,17.57460777800003],[103.14379475800007,17.57349106600003],[103.14363707600006,17.570524129000034],[103.14366488600007,17.568508182000073],[103.14343407600006,17.567356441000072],[103.14350886200003,17.56596866500007],[103.14319072300003,17.563135341000077],[103.14257196000005,17.559900739000057],[103.14163906600004,17.552924130000065],[103.14152621300008,17.55087052600004],[103.14169144600004,17.549252116000048],[103.14235552500008,17.546248218000073],[103.14230925300006,17.544215098000052],[103.14179579200004,17.542478927000047],[103.14176204100005,17.541836833000048],[103.14315927500007,17.54055094200004],[103.14336723900004,17.53944583300006],[103.14284466000004,17.539045231000046],[103.14263333800005,17.53847068300007],[103.14082145100008,17.53801612500007],[103.14084157500008,17.537624392000055],[103.14014769900007,17.537217399000042],[103.14020562200005,17.535664994000058],[103.14074117100006,17.534983187000023],[103.13904868900005,17.532496483000045],[103.13864639800005,17.53226194800004],[103.13796019300008,17.53067526700005],[103.13769424100008,17.53042892600007],[103.13667766600008,17.528395689000035],[103.13483617300005,17.52661321200003],[103.13445114200005,17.52517952000005],[103.13331863500008,17.523656600000038],[103.13348193600007,17.52298283700003],[103.13434983600007,17.514851633000035],[103.13507443900005,17.50910923500004],[103.13500764100007,17.50716348000003],[103.13475996200003,17.505933351000067],[103.13360996600005,17.503030528000068],[103.13224566900004,17.501702660000035],[103.13155685300006,17.501225206000072],[103.13131268900008,17.500642948000063],[103.13047705300005,17.500097554000035],[103.13011221100004,17.498968443000024],[103.13038784300005,17.49881174500007],[103.13003078700007,17.498094268000045],[103.12944090600007,17.497600895000062],[103.12991880400006,17.496914635000053],[103.13004435200008,17.49571559000003],[103.12974556600005,17.49356019000004],[103.13040836400006,17.492437280000047],[103.13201179400005,17.491197314000033],[103.13493872500004,17.489088105000064],[103.13591079400004,17.488950120000027],[103.13743152700005,17.488212146000023],[103.13891044000007,17.487229037000077],[103.14025664800005,17.486004528000024],[103.14261473500005,17.482849472000055],[103.14372307000008,17.482231882000065],[103.14791291600005,17.48060920100005],[103.14973647200009,17.479808009000067],[103.15029752200007,17.479306507000047],[103.15100890400004,17.479101679000053],[103.15041429800004,17.47691738900005],[103.14987544100006,17.47672501900007],[103.14959959500004,17.47560810300007],[103.14909599800006,17.47488898000006],[103.14858043300006,17.473642770000026],[103.14825994400007,17.472392098000057],[103.14725628700006,17.47081708500002],[103.14642563400008,17.47016562500005],[103.14611434200003,17.46945097300005],[103.14585064700003,17.467748658000062],[103.14508140400005,17.465590220000024],[103.14509988500004,17.465307421000034],[103.14268512400008,17.461967689000062],[103.14215071100006,17.461057064000045],[103.14105144900009,17.459946966000075],[103.13968332100006,17.458343670000033],[103.13807879600006,17.45712430900005],[103.13601444700004,17.454058281000073],[103.13500532400008,17.45284053200004],[103.13261214400006,17.449047328000063],[103.13212917800007,17.44744481600003],[103.13176075300004,17.445705417000056],[103.13168425500004,17.44445878600004],[103.13458982400005,17.444333227000072],[103.13513084100003,17.444939305000048],[103.13690532000004,17.444573251000065],[103.13770753400007,17.444558921000066],[103.14228908000007,17.443824257000074],[103.14571358800004,17.44305444200006],[103.15017655900004,17.442294282000034],[103.15042277400005,17.441757686000074],[103.14998711600003,17.440788566000037],[103.15017762900004,17.439907769000058],[103.14858126800004,17.439053423000075],[103.14725826500006,17.438569572000063],[103.14613064700006,17.436462835000043],[103.14604335100006,17.43485316400006],[103.14676693600006,17.42973502500007],[103.14704275300005,17.428435198000045],[103.14768721500008,17.42656610800003],[103.14952502500006,17.42499787500003],[103.14983090300007,17.425219068000047],[103.15074395800008,17.425096720000056],[103.15116965500005,17.42567284000006],[103.15325333300007,17.42603220600006],[103.15282501200005,17.425448779000078],[103.15314319900006,17.424823079000078],[103.15274944700008,17.42434453900006],[103.15283591200006,17.42379513000003],[103.15229406800006,17.42304105100004],[103.15269463700008,17.422547146000056],[103.15316284600004,17.422561334000022],[103.15335205500008,17.421972290000042],[103.15281318600006,17.421704693000038],[103.15293282200008,17.42028754000006],[103.15343377600004,17.420132195000065],[103.15338310200008,17.419537069000057],[103.15402505500003,17.41923506200004],[103.15415609300004,17.418384841000034],[103.15493869300008,17.418146705000026],[103.15566050600006,17.417483589000028],[103.15657849300004,17.417592565000064],[103.15765527200006,17.417312206000076],[103.15810603000006,17.417892463000044],[103.15937216400005,17.417815696000048],[103.16061016300006,17.418360763000067],[103.16228371000005,17.41980204200007],[103.16365716700005,17.419696465000072],[103.16586818500008,17.419199551000077],[103.16683636200008,17.418858154000077],[103.16889430500004,17.41882167600005],[103.16983623600004,17.418973551000022],[103.17103100200006,17.41891263900004],[103.17392976600007,17.41839501100003],[103.17592636100005,17.417482453000048],[103.17793606100008,17.417297924000025],[103.17829696200005,17.41754856700004],[103.17942595400007,17.41760762800004],[103.18175056600006,17.416866897000034],[103.18281102300006,17.416642672000023],[103.18365384800006,17.416704413000048],[103.18470085500007,17.41749449300005],[103.18585267700007,17.41810092000003],[103.18634707000007,17.417891891000068],[103.18722884200008,17.418174457000077],[103.18780111100006,17.417911821000075],[103.18882087100008,17.418060815000047],[103.18934964300007,17.418677856000045],[103.18979223500008,17.418579154000042],[103.19064452600009,17.42019842600007],[103.19077562300004,17.421139588000074],[103.19056260000008,17.421663513000055],[103.19226204800003,17.422683042000074],[103.19179865200005,17.423374530000046],[103.19288054000003,17.42386263000003],[103.19337300700005,17.424706972000024],[103.19450863800006,17.42518683000003],[103.19490201400004,17.425013062000062],[103.19727364900007,17.425818196000023],[103.19842376000008,17.42740068100005],[103.19960851000008,17.428369864000047],[103.20017486300009,17.42938735200005],[103.20116768700007,17.430574696000065],[103.20168138000008,17.434227962000023],[103.20245989300008,17.43521693200006],[103.20324376100007,17.43586601800007],[103.20387753400007,17.436088256000062],[103.20669682300007,17.43588414900006],[103.20830449200008,17.436290453000026],[103.20855453900003,17.436618554000063],[103.20789936500006,17.438556019000032],[103.20861525100008,17.438789074000056],[103.21006188500007,17.439728742000057],[103.21077860300005,17.440548457000034],[103.21252226500008,17.441729800000076],[103.21281461100006,17.44233489800007],[103.21256102400008,17.442820719000053],[103.21441497600006,17.44411810300005],[103.21641585700007,17.444278647000033],[103.22111175900005,17.444133863000047],[103.22548985300006,17.443454459000066],[103.22890555300006,17.442817993000062],[103.23395102900008,17.44153784300005],[103.23621384500007,17.44083560100006],[103.23774446400006,17.44098340100004],[103.23919294100006,17.441618686000027],[103.23935931200003,17.441959261000022],[103.23918537900005,17.442994772000077],[103.24077670700007,17.44456444900004],[103.24365057900008,17.444257406000077],[103.24489218600007,17.44450183600003],[103.24632328700005,17.444233172000054],[103.24828817700006,17.44358050200003],[103.25040461000003,17.442307174000064],[103.25122215500005,17.442069599000035],[103.25150705100003,17.44166875700006],[103.25225974100005,17.441695995000032],[103.25308290300006,17.440915897000025],[103.25435497500007,17.44039545000004],[103.25538672000005,17.440371765000066],[103.25702880500006,17.439104824000026],[103.25732316200003,17.43941925200005],[103.25867115200003,17.43936057800005],[103.26030921800003,17.43913143700007],[103.26082815200004,17.438157732000036],[103.26215699800008,17.436703542000032],[103.26262447200008,17.43637579800003],[103.26378966500005,17.436547233000056],[103.26496707800004,17.435255355000038],[103.26433672200005,17.434481249000044],[103.26529991800004,17.43396807700003],[103.26580095800006,17.43408329500005],[103.26595348800004,17.43290642100004],[103.26689261900003,17.431716969000036],[103.26710388700008,17.430878543000063],[103.26937320700006,17.43024689200007],[103.27009487200007,17.430773101000057],[103.27007252300007,17.431243297000037],[103.27055061300007,17.43187812900004],[103.27039831500008,17.432768020000026],[103.26968999900004,17.433702980000078],[103.27141206900006,17.43351542000005],[103.27203530600008,17.433863405000068],[103.27213729200008,17.434433901000034],[103.27256156400006,17.434399949000067],[103.27281224300003,17.433874213000024],[103.27408861400005,17.434435851000046],[103.27414815800006,17.43489793200007],[103.27517193100005,17.43556647400004],[103.27556944900005,17.436807731000044],[103.27616605000009,17.43676797100005]]]},"properties":{"Shape_Leng":1.00128391742,"Shape_Area":0.0203646915637,"ADM2_EN":"Thung Fon","ADM2_TH":"ทุ่งฝน","ADM2_PCODE":"TH4107","ADM1_EN":"Udon Thani","ADM1_TH":"อุดรธานี","ADM1_PCODE":"TH41","ADM0_EN":"Thailand","ADM0_TH":"ประเทศไทย","ADM0_PCODE":"TH"}},
{"type":"Feature","geometry":{"type":"Polygon","coordinates":[[[103.17058821300009,17.23623160300002],[103.17255292700008,17.23518222000007],[103.17357086300007,17.235054345000037],[103.17564652400006,17.233891715000027],[103.17717698000007,17.233158993000075],[103.17742434000007,17.23229811400006],[103.17733043100009,17.231574631000058],[103.17884105100006,17.23091600600003],[103.18004730800004,17.229111518000025],[103.18093003100006,17.229156162000038],[103.18152511000005,17.228510266000058],[103.18168264100007,17.22786997700007],[103.18257193000005,17.22755520900006],[103.18264653900007,17.226801513000055],[103.18357623200006,17.226612380000063],[103.18435498500008,17.225385913000025],[103.18531315700005,17.225521679000053],[103.18685792600007,17.222869099000036],[103.18827174400008,17.223102537000045],[103.19095306300005,17.22268357300004],[103.19197252700008,17.222675554000034],[103.19358263300006,17.221478594000075],[103.19434253200006,17.221050311000056],[103.19484753200004,17.22043063900003],[103.19481594800004,17.21930376100005],[103.19578599700009,17.218939225000042],[103.19663568900006,17.218330012000024],[103.19870734800008,17.21751995900007],[103.19981067600008,17.21683987800003],[103.20155276300005,17.215549140000064],[103.20406994700005,17.21280865400007],[103.20753331500003,17.208500576000063],[103.21883979900008,17.191627636000078],[103.22306075500006,17.18378816300003],[103.22233843000004,17.180239536000045],[103.22156094800005,17.17691304400006],[103.22119051200008,17.176797927000052],[103.22088799800008,17.173874690000048],[103.22050830900008,17.173392076000027],[103.21896654500006,17.173234568000055],[103.21842031200003,17.173444631000052],[103.21729227500003,17.17270022200006],[103.21720715200007,17.172185573000036],[103.21518998600004,17.171918808000044],[103.21497952800007,17.171242437000046],[103.21316403300006,17.170433987000024],[103.21244487800004,17.169310193000058],[103.21175036400007,17.16931439500007],[103.21141161100007,17.168211176000057],[103.21025201100008,17.16794211900003],[103.20987055700004,17.16751993300005],[103.20869541100006,17.16817015600003],[103.20780805300006,17.16779763100004],[103.20734497700005,17.167041960000063],[103.20685267000005,17.16688818700004],[103.20711807800006,17.166392880000046],[103.20790234700007,17.16598311200005],[103.20763422100003,17.16473970100003],[103.20806124000006,17.16416769500006],[103.20854210200008,17.162888297000052],[103.20836146600004,17.162130690000026],[103.20880373400007,17.160321571000054],[103.21001368600008,17.16025737900003],[103.21021198400007,17.15936851200007],[103.21059644500008,17.15912183300003],[103.21023254400006,17.158233580000058],[103.21045294800007,17.15775684500005],[103.21163147600004,17.156973334000043],[103.21159796500007,17.156370475000074],[103.21112456100008,17.15594694200007],[103.21156386000007,17.15512363600004],[103.21112675600006,17.154153164000036],[103.21167921100005,17.153462196000078],[103.21178887700006,17.15289368200007],[103.21151592700005,17.15160383400007],[103.21223973200006,17.151541637000037],[103.21235158600007,17.151072747000057],[103.21174704300006,17.150499010000033],[103.21136889400009,17.148430965000045],[103.21098740700006,17.14776028800003],[103.21145054900006,17.146812880000027],[103.21258049300008,17.146621568000057],[103.21315959800006,17.145713072000035],[103.21392083000006,17.14529245700004],[103.21395466200005,17.144649275000063],[103.21506186800008,17.144185681000067],[103.21482940600004,17.141995086000065],[103.21541714300008,17.141589786000054],[103.21655710000005,17.141597535000074],[103.21721139200008,17.14072272800007],[103.21827406700004,17.140715447000048],[103.21898014800007,17.139811658000042],[103.22028693600004,17.139830236000023],[103.22117091400008,17.139191665000055],[103.22285381400008,17.139741468000068],[103.22325974900008,17.139480830000025],[103.22433893500005,17.139557514000046],[103.22498956100009,17.138942970000073],[103.22586978600003,17.138828360000048],[103.22600170500004,17.138205552000045],[103.22653851000007,17.138110359000052],[103.22692773000006,17.137466714000027],[103.22762083500004,17.137137582000037],[103.22794264700008,17.137289666000072],[103.22875361900009,17.137010110000062],[103.22947745000005,17.137338896000074],[103.23019776000007,17.136686118000057],[103.23120992100007,17.136190627000076],[103.23126815500007,17.135794377000025],[103.23192646600006,17.135007268000038],[103.23194108400008,17.133812679000073],[103.23264300700004,17.133241182000063],[103.23268041600005,17.132245182000077],[103.23344698000005,17.13173523100005],[103.23374850200008,17.130720234000023],[103.23441877400006,17.130368521000037],[103.23483776500007,17.12910841100006],[103.23476360700005,17.127812294000023],[103.23501654600005,17.12606642800006],[103.23532002600007,17.125678804000074],[103.23631842900005,17.125192812000023],[103.23710192700008,17.124452955000038],[103.23740477000007,17.124485708000066],[103.23878133500006,17.12255191400004],[103.23855625600004,17.12178573600005],[103.23902232100005,17.12018745000006],[103.23983105300005,17.118657643000063],[103.23989398000003,17.11794128500003],[103.24078343500008,17.11754192500007],[103.24462808500004,17.112033014000076],[103.25010344900005,17.11496350500005],[103.25353370400006,17.11749229000003],[103.25531326000004,17.11840743600004],[103.25808156000005,17.11850748300003],[103.25935030800008,17.118739807000054],[103.26133445200009,17.119350879000024],[103.26287615600006,17.11959664500006],[103.26440094700007,17.119473920000075],[103.26558517900008,17.11968925800005],[103.26645255700004,17.120070742000053],[103.26872033400008,17.12156040800005],[103.27038566400006,17.122831018000056],[103.27314030000008,17.125586462000058],[103.27352174600009,17.126193343000068],[103.27416285700008,17.12785659900004],[103.27488936300006,17.12838269300005],[103.27652908600004,17.128619951000076],[103.27920920700006,17.128273215000036],[103.28106059600003,17.130790639000054],[103.27996095500004,17.131649137000068],[103.27920813600008,17.131988157000023],[103.27772869900008,17.133990014000062],[103.27735474900004,17.134068439000032],[103.27736596600005,17.134766607000074],[103.27699555500004,17.135542203000057],[103.27717767400009,17.136820792000037],[103.27650481500007,17.137269893000052],[103.27655033300005,17.138711427000032],[103.27561767100008,17.139135107000072],[103.27516521000007,17.13961983200005],[103.27435699800009,17.139915811000037],[103.27376202700003,17.13911663600004],[103.27294928200007,17.139240528000073],[103.27268121300006,17.139944833000072],[103.27143220500005,17.140254516000027],[103.27087404400004,17.140754385000037],[103.27072950200005,17.141417344000047],[103.26959081500007,17.141900149000037],[103.26969198300009,17.142637999000044],[103.26922200000007,17.14313508500004],[103.26975996000004,17.143730291000054],[103.26975053300004,17.145218138000075],[103.26939334800005,17.146522281000045],[103.26835417000007,17.14666192900006],[103.26837735600009,17.147253661000036],[103.26881517000004,17.14799985600007],[103.26864137700005,17.149444628000026],[103.26759485800005,17.149373928000045],[103.26700831600004,17.149666457000023],[103.26695854100006,17.15006500000004],[103.26592362600007,17.151760184000068],[103.26531261900004,17.151872721000075],[103.26470825900009,17.152733316000024],[103.26489338200008,17.153244630000074],[103.26376974700008,17.154019637000033],[103.26195655400005,17.154728041000055],[103.26239657300005,17.155858958000067],[103.26308446600007,17.155743278000045],[103.26331553000006,17.15628358200007],[103.26388700000007,17.155864571000052],[103.26500681800007,17.15588395000003],[103.26542491300006,17.156525497000075],[103.26564926600008,17.156024828000056],[103.26633107800006,17.15546779700003],[103.26753056100006,17.15544638600005],[103.26827835000006,17.15516494600007],[103.26960022200007,17.155529263000062],[103.27016617700008,17.15532182100003],[103.26976700300008,17.154529204000028],[103.27077202500004,17.15335510600005],[103.27105343100004,17.15182748500007],[103.27180896800007,17.15148509900007],[103.27230293800005,17.152031202000046],[103.27346244000006,17.152127704000065],[103.27398857400004,17.151910113000042],[103.27423899200005,17.150885088000052],[103.27472081800005,17.15024300500005],[103.27513964800005,17.150754921000043],[103.27583750600007,17.150882833000026],[103.27683181300006,17.153866614000037],[103.27697008800004,17.15454489700005],[103.27754521400004,17.15463844100003],[103.27826897800009,17.15425343100003],[103.27856340400007,17.15499483800005],[103.27977359800008,17.15520529400004],[103.28037268500003,17.154954091000036],[103.28155157000003,17.15371820100006],[103.28207705100004,17.153764592000073],[103.28290012400004,17.153128442000025],[103.28347387800005,17.153232928000023],[103.28374264700005,17.15275134500007],[103.28465286500006,17.15236550800006],[103.28609673000005,17.152511694000054],[103.28695565700008,17.154915251000034],[103.28748673400008,17.15504194700003],[103.28798956800006,17.154653462000056],[103.28899532300005,17.154404429000067],[103.28942703500007,17.153759809000064],[103.29067719000005,17.153094515000078],[103.29213701500004,17.153970048000076],[103.29281855800008,17.154525857000067],[103.29294298000008,17.15534959400003],[103.29327233500004,17.155471134000038],[103.29448395100007,17.155102257000067],[103.29551513400008,17.15419449500007],[103.29602171800008,17.154090609000036],[103.29619725700007,17.15340634000006],[103.29681165100004,17.15283585800006],[103.29860850300008,17.152630547000058],[103.29907781500003,17.152017384000033],[103.29975345900004,17.15240518300004],[103.30008348600006,17.152052549000075],[103.30091835900004,17.152368671000033],[103.30138556600008,17.151970392000067],[103.30096974700007,17.151693047000037],[103.30112178000007,17.150991783000052],[103.30292572900004,17.151068692000024],[103.30331774800004,17.15160394800006],[103.30426155700007,17.15169614900003],[103.30467443500004,17.15119575500006],[103.30456384900003,17.150813096000036],[103.30552509100005,17.150592927000048],[103.30561001400008,17.15010242200003],[103.30656191600008,17.149715079000032],[103.30657977900006,17.150418811000065],[103.30715772100007,17.150975257000027],[103.30752199100004,17.15039553200006],[103.30744096000006,17.15119103400002],[103.30788900000005,17.151356301000078],[103.30918723900004,17.15130136600004],[103.30903296700006,17.150848978000056],[103.30951374000006,17.15037353200006],[103.31004348200008,17.150494050000077],[103.31088762400009,17.14966657800005],[103.31082773200006,17.149042192000024],[103.31159136800005,17.149027125000032],[103.31183783700004,17.148702394000054],[103.31255316200009,17.149232750000067],[103.31356935000008,17.148907766000036],[103.31381695800007,17.148076961000072],[103.31482472500005,17.147948282000073],[103.31445590800007,17.14743612700005],[103.31556596000007,17.147380086000055],[103.31654777600005,17.14802048200005],[103.31612141100004,17.148592875000077],[103.31682650800008,17.149195207000048],[103.31698262300006,17.149785663000046],[103.31752924800008,17.15010795300003],[103.31724451600007,17.150719765000076],[103.31776414800004,17.151370863000068],[103.31834839100009,17.151368063000064],[103.31812016300006,17.151833715000066],[103.31871816500006,17.151845363000064],[103.31942434800004,17.151256859000057],[103.32017187100007,17.151554547000046],[103.32069611800006,17.152151739000033],[103.32133944400005,17.152246750000074],[103.32134054500006,17.152899782000077],[103.32195006400008,17.154316965000078],[103.32400374700006,17.15514418600003],[103.32463099000006,17.154482314000063],[103.32626673000004,17.153743605000045],[103.32711609400008,17.153741394000065],[103.32727589300004,17.155389858000035],[103.32778445200006,17.15561806100004],[103.32780474900005,17.156466127000044],[103.32745300200008,17.15727255200005],[103.32668484700008,17.157899411000074],[103.32671634000008,17.158369812000046],[103.32726206500007,17.159556248000058],[103.32817214400006,17.160143366000057],[103.32864200300008,17.159663415000068],[103.32967200900003,17.15976205800007],[103.33115032700005,17.158820543000047],[103.33108136900006,17.15842930100007],[103.33200824000005,17.15873394500005],[103.33225853200008,17.15794784800005],[103.33291819200008,17.158178758000076],[103.33424358300005,17.158066554000072],[103.33472922200008,17.15785769300004],[103.33659453200005,17.15756616400006],[103.33719037900005,17.157010494000076],[103.33714417500005,17.156458416000078],[103.33764669700008,17.15646123700003],[103.33837421000004,17.156912532000035],[103.33845840800006,17.15633804400005],[103.33905876000006,17.155971865000026],[103.33907401900007,17.156438911000066],[103.34128617600004,17.156495980000045],[103.34294713100007,17.156252438000024],[103.34357712900004,17.15664044600004],[103.34446834700009,17.15624869800007],[103.34484324800007,17.15667495400004],[103.34534076700004,17.155755878000036],[103.34623123800009,17.15516516200006],[103.34673147700005,17.155568991000052],[103.34689387500003,17.15615484800003],[103.34776354000007,17.156582741000022],[103.34845788000007,17.155023176000043],[103.34895103900004,17.15498555100004],[103.34911916100003,17.15552987700005],[103.34979414900005,17.155445151000038],[103.34936555000007,17.155902524000055],[103.34998656300007,17.15640557200004],[103.34917762300006,17.156682773000057],[103.34972774800008,17.156957505000037],[103.35123397700005,17.156614409000042],[103.35153221100006,17.155953000000068],[103.35119431400005,17.155944461000047],[103.35126180500004,17.155220142000076],[103.35218817900005,17.155420179000032],[103.35193507400004,17.154923547000067],[103.35224187900008,17.154490441000064],[103.35138717500007,17.154703786000027],[103.35086029500007,17.15408085400003],[103.35139009200009,17.15367859400004],[103.35150479700008,17.153062804000058],[103.35275397900006,17.152078970000048],[103.35272847500005,17.151509289000046],[103.35343472400007,17.15124153200003],[103.35528311100006,17.15233466600006],[103.35588890200006,17.15190540800006],[103.35639665400004,17.15216932800007],[103.35681303500007,17.151962282000056],[103.35735337100004,17.152871410000046],[103.35678717800005,17.152826290000064],[103.35618133300005,17.153843863000077],[103.35679771700006,17.153953211000044],[103.35722412200005,17.15358201500004],[103.35922435400005,17.153149486000075],[103.36014310800005,17.153066678000073],[103.36194092800008,17.153510895000068],[103.36236206400008,17.15390545100007],[103.36218204900007,17.154775805000043],[103.36297633200007,17.15513676300003],[103.36330251700008,17.156268131000047],[103.36437125400005,17.15596762900003],[103.36497216400005,17.156134276000046],[103.36598062400009,17.155971633000036],[103.36661625700003,17.156262732000073],[103.36763908000006,17.15572184800004],[103.36797568500003,17.155802207000022],[103.36843375700005,17.155025479000074],[103.36812977300008,17.15440929600004],[103.36910812800005,17.15352000300004],[103.36948873900008,17.15270965700006],[103.36931168200005,17.15184817200003],[103.37051890400005,17.151545216000045],[103.37135292800008,17.151700842000025],[103.37281819200007,17.152702015000045],[103.37455738800008,17.153251388000058],[103.37444802000005,17.15444091200004],[103.37516381000006,17.15475146600005],[103.37633267100006,17.155938934000062],[103.37695634300007,17.15612933700004],[103.37750620700007,17.15710200600006],[103.37831004000009,17.157226096000045],[103.37933299200006,17.158169719000057],[103.37948020800007,17.15921319200004],[103.38039189100004,17.161059675000047],[103.38101724500007,17.161484103000078],[103.38102198200005,17.161915909000072],[103.38225611500008,17.162116251000043],[103.38263410600007,17.16253223600006],[103.38295326900004,17.16386301400007],[103.38330461900006,17.164433517000077],[103.38430075300005,17.164697166000053],[103.38526772700004,17.166278775000023],[103.38534254000007,17.166849306000074],[103.38644021600004,17.167629963000024],[103.38694077000008,17.16739774900003],[103.38984248300005,17.169443667000053],[103.39196031100005,17.170785520000038],[103.39554022500005,17.172602882000035],[103.39646194600004,17.17278576700005],[103.39959394700008,17.173147117000042],[103.40365548700004,17.172189326000023],[103.40352942000004,17.173285578000048],[103.40498431000003,17.175827466000044],[103.40519961800004,17.176710677000074],[103.40521702200004,17.181260187000078],[103.40539436600005,17.18189103700007],[103.40658095700007,17.183280376000027],[103.40784528500006,17.18531452900004],[103.40890433300007,17.187884000000054],[103.40985406300007,17.189615342000025],[103.41076236300006,17.19085050600006],[103.41119740500005,17.19190016500005],[103.41119658100007,17.192758146000074],[103.41188700000004,17.19329128000004],[103.41364821900004,17.194299369000078],[103.41659755700005,17.195653951000054],[103.42023557200008,17.196778075000054],[103.42135817400003,17.19741276800005],[103.42503485200007,17.201285773000052],[103.42686611000005,17.203101497000034],[103.42869324300005,17.205274358000054],[103.42918015800007,17.205664868000042],[103.43154766900005,17.205901487000062],[103.43235887200007,17.206690494000043],[103.43248959300007,17.20878741000007],[103.43287427200005,17.210288374000072],[103.43375041800005,17.211470217000056],[103.43545141100009,17.212261590000026],[103.43883531400007,17.212610986000072],[103.44048773200007,17.213253829000053],[103.44001024900007,17.213601347000065],[103.43937575400008,17.213294414000075],[103.43825014100008,17.21346052000007],[103.43819490300007,17.21408028600007],[103.43703571100008,17.213809283000046],[103.43641677500005,17.214467436000064],[103.43594874600007,17.215425641000024],[103.43500328800008,17.215329806000057],[103.43471424500007,17.215067813000076],[103.43339443100007,17.215275648000045],[103.43323336100008,17.215650837000055],[103.43245374000008,17.21610662100005],[103.43136820900008,17.21613793000006],[103.43048842300004,17.21645406600004],[103.43081393500006,17.217798970000047],[103.43065190500005,17.21840624400005],[103.43085199400008,17.219912781000062],[103.43030979800005,17.220175518000076],[103.42904718900007,17.219962211000052],[103.42858490500004,17.220530705000044],[103.42799017500005,17.220620977000067],[103.42787252800008,17.221183581000048],[103.42686375600005,17.220883998000033],[103.42659360000005,17.220568408000076],[103.42551907300003,17.221052814000075],[103.42389684000005,17.22018978400007],[103.42322120100005,17.220246012000075],[103.42282942700007,17.219529382000076],[103.42153102000003,17.21943791600006],[103.42109831600004,17.21885331200002],[103.42105762300008,17.21803201700004],[103.42038441300008,17.216999792000024],[103.41949205000009,17.216813641000044],[103.41980294800004,17.216250003000027],[103.41985775800003,17.215433306000023],[103.41942193200003,17.215587593000066],[103.41995457800004,17.214727564000043],[103.41980387200005,17.21439296400007],[103.41904164000005,17.214646765000055],[103.41868651500005,17.214057421000064],[103.41752264300004,17.21286953200007],[103.41712113300008,17.213374635000037],[103.41710229900008,17.212494451000055],[103.41583041500007,17.212898636000034],[103.41573368300004,17.213729913000066],[103.41512829700008,17.213429504000032],[103.41470714800005,17.21366019000004],[103.41472669300003,17.214372382000022],[103.41435969500009,17.214651783000022],[103.41364688300007,17.214424337000025],[103.41225851900003,17.21549277400004],[103.41176514900008,17.215312958000027],[103.41095830800003,17.21616754300004],[103.41050483300006,17.21700371000003],[103.40987646900004,17.21705911500004],[103.40898071900006,17.216376703000037],[103.40751506300006,17.216755843000044],[103.40682874500004,17.21821940500007],[103.40528686100004,17.219058159000042],[103.40470270700007,17.220582018000073],[103.40408406800009,17.22051992100006],[103.40336510700007,17.219901193000055],[103.40171987500008,17.220676621000052],[103.40229902300007,17.222021041000062],[103.40221831700006,17.223043634000078],[103.40161311900005,17.223430790000066],[103.40102831000007,17.22450073400006],[103.40013762600006,17.224829586000055],[103.39979029600005,17.224523815000055],[103.39956118500004,17.22353759400005],[103.39874186200007,17.223157419000074],[103.39659606200007,17.22361459700005],[103.39624668500005,17.22440366400002],[103.39535559400008,17.225365983000074],[103.39503243700005,17.226198864000025],[103.39508973900007,17.227377148000073],[103.39441236600004,17.227554705000045],[103.39352844000007,17.226397189000068],[103.39262983400005,17.226510983000026],[103.39206857100004,17.227041068000062],[103.39038558400006,17.227956122000023],[103.38991657400004,17.228954928000064],[103.38945391000004,17.229098192000038],[103.38812923800003,17.228477508000026],[103.38790205600009,17.228694973000074],[103.38791251600009,17.22966985900007],[103.38652270500006,17.229431215000034],[103.38587843200008,17.230240164000065],[103.38552258900006,17.229810815000064],[103.38551933200006,17.228370410000025],[103.38447332800007,17.227637358000038],[103.38345287900006,17.227570858000036],[103.38206110900006,17.228374589000055],[103.38148439900004,17.22949678300006],[103.38034874400006,17.229649322000057],[103.37963786100005,17.23066146000002],[103.37989689100004,17.23185151100006],[103.37916522100005,17.232457913000076],[103.37814551400004,17.234288196000023],[103.37802227600008,17.23553768900007],[103.37758048000006,17.235799254000028],[103.37664258600006,17.23572285800003],[103.37591462500006,17.236802445000023],[103.37456045400006,17.236200977000067],[103.37393561000005,17.23621232000005],[103.37374733100006,17.235355394000067],[103.37307646800008,17.235903438000037],[103.37161376700004,17.23630827100004],[103.37148762400005,17.237124726000047],[103.37111933700004,17.23761048700004],[103.37095388300008,17.237004296000066],[103.37023597600006,17.236240662000057],[103.37015147100004,17.237532446000046],[103.36964096600008,17.237384675000044],[103.36954858600006,17.236070260000076],[103.36896533400005,17.23567515800005],[103.36844292900008,17.236225199000046],[103.36812155800004,17.235416611000062],[103.36722654300007,17.23495278000007],[103.36603978700003,17.235175896000044],[103.36566933200004,17.234589285000027],[103.36512702600004,17.235163959000033],[103.36399333300005,17.235967866000067],[103.36359093500005,17.235897169000054],[103.36335683100003,17.235316671000078],[103.36216350200004,17.235667774000035],[103.36197944500009,17.236069877000034],[103.36119931000007,17.235872710000024],[103.36124611000008,17.23712609000006],[103.35998578800007,17.23703451500006],[103.35937231100007,17.23782953600005],[103.35985161600007,17.238190607000035],[103.35868508600004,17.238570767000056],[103.35838800500005,17.23938822200006],[103.35781527100005,17.240052106000064],[103.35778638500005,17.24093338800003],[103.35849947600008,17.24209589800006],[103.35826718100009,17.242663832000062],[103.35773942000009,17.242150984000034],[103.35767158500005,17.242725433000032],[103.35649783400004,17.24312440600005],[103.35531230700008,17.24303285900004],[103.35503953800009,17.242515223000055],[103.35460648500003,17.243329432000053],[103.35468679800005,17.24412663800007],[103.35413214500005,17.244409020000035],[103.35400877000006,17.244043156000032],[103.35324738500009,17.244463179000036],[103.35248439200006,17.24421878800007],[103.35226225100007,17.244475126000054],[103.35283797800008,17.244851355000037],[103.35230119400006,17.24512006200007],[103.35252365800005,17.245697304000032],[103.35303506800005,17.24592731100006],[103.35301528000008,17.246470457000044],[103.35363030100007,17.24717839400006],[103.35359342900006,17.247798578000072],[103.35394290800008,17.248285297000052],[103.35344510900006,17.248635039000078],[103.35292825700009,17.248397087000058],[103.35306878100005,17.249195004000057],[103.35376228500007,17.24922132000006],[103.35412142100006,17.24971690500007],[103.35483789700004,17.24987184300005],[103.35485502100005,17.250511032000077],[103.35527322000007,17.250738440000077],[103.35489651000006,17.251829603000033],[103.35488635900003,17.252916268000035],[103.35415201700005,17.252964407000036],[103.35319117300008,17.253492712000025],[103.35310421500009,17.254356302000076],[103.35202078600008,17.254736731000037],[103.35190177700008,17.255159254000034],[103.35116528900005,17.254969118000076],[103.35099864400007,17.255282933000046],[103.34994708800008,17.255117260000077],[103.34861529000005,17.255752235000045],[103.34799872700006,17.25575576400007],[103.34815975900005,17.255168953000066],[103.34610614100006,17.254896204000033],[103.34586732400004,17.25423475200006],[103.34193137800008,17.255733398000075],[103.34084321700004,17.255806665000023],[103.33867048700006,17.256370683000057],[103.33759237000004,17.25612375700007],[103.33794304200006,17.255479511000033],[103.33707993500008,17.255336228000033],[103.33729749200006,17.256247035000058],[103.33670058000007,17.257976290000045],[103.33613905300007,17.258408462000034],[103.33550758300004,17.258002685000065],[103.33527033700005,17.258501902000035],[103.33373030200005,17.257904449000023],[103.33257150200006,17.257881292000036],[103.33164934600006,17.257425273000024],[103.33124651300005,17.25674398800004],[103.33076408100004,17.256979846000036],[103.33022425800004,17.25656721400003],[103.33004113800007,17.256941470000072],[103.32950965400005,17.256736158000024],[103.32859933200007,17.256790115000058],[103.32889336900007,17.257095254000035],[103.32816976500004,17.25768290600007],[103.32766606600006,17.257608211000047],[103.32817715300007,17.258166713000037],[103.32821449100004,17.259240273000046],[103.32789829000006,17.259740287000056],[103.32835094300003,17.259840299000075],[103.32830303900005,17.260363891000054],[103.32770969400008,17.26019270100005],[103.32724300600006,17.261525423000023],[103.32736886100008,17.26196915400004],[103.32648533000008,17.262017424000078],[103.32622985100005,17.26139589400003],[103.32581046700005,17.262050630000033],[103.32484313300006,17.26246856100005],[103.32442135300005,17.26375233300007],[103.32461110100007,17.264271541000028],[103.32383799600007,17.264157572000045],[103.32339561300006,17.264376440000035],[103.32287795700006,17.263841357000047],[103.32327083900009,17.262782188000074],[103.32189079500006,17.26252364900006],[103.32107826400005,17.263247086000035],[103.32066240400007,17.263053357000047],[103.32055680700006,17.263512155000058],[103.31913901600007,17.263635823000072],[103.31855325200007,17.263215419000062],[103.31846065200006,17.263828051000075],[103.31750737000004,17.263561062000065],[103.31675247200008,17.263092719000042],[103.31595723000004,17.263756501000046],[103.31563608800008,17.263639675000036],[103.31531602800004,17.26421755900003],[103.31454328800004,17.26432396000007],[103.31428577200006,17.265040836000026],[103.31361577900009,17.26594397200006],[103.31412672800008,17.267568435000044],[103.31367098400005,17.267338427000027],[103.31245984600008,17.268195004000063],[103.31194392600008,17.268321108000066],[103.31154979100006,17.267833804000077],[103.31138261900009,17.266999595000073],[103.30899218100006,17.26704873700004],[103.30777428300007,17.26726369900007],[103.30726624600004,17.267615557000056],[103.30709009200007,17.26898253300004],[103.30805134200006,17.270183532000033],[103.30786125400004,17.27058299400005],[103.30701611100005,17.270661822000022],[103.30708498300004,17.27011316200003],[103.30613193600004,17.27002694400005],[103.30567060100009,17.270877548000044],[103.30522987300009,17.270316731000037],[103.30457764800008,17.270265219000066],[103.30474438600004,17.26962036200007],[103.30439961900004,17.26932044700004],[103.30399937200008,17.26966536300006],[103.30216030600008,17.26890723400004],[103.30155516500008,17.268067881000036],[103.30122302200004,17.268687373000034],[103.30060604800008,17.268737677000047],[103.30040512300008,17.26920010300006],[103.29930689500009,17.26949049500007],[103.29947143400005,17.268884712000045],[103.29830351300006,17.26822331300002],[103.29759844100005,17.268538129000035],[103.29790348300008,17.26897037300006],[103.29770685500006,17.269565584000077],[103.29803395700009,17.269866044000025],[103.29821708000009,17.270683314000053],[103.29745702700006,17.27063690400007],[103.29690217600006,17.270184948000065],[103.29574610000009,17.270698416000073],[103.29530674200004,17.26985656900007],[103.29472620100006,17.269732388000023],[103.29404617000006,17.27028622800003],[103.29350637800007,17.27018848700004],[103.29383219400006,17.268952527000067],[103.29421770500005,17.268481042000076],[103.29377613600008,17.26792506700002],[103.29318999900005,17.268342389000054],[103.29265551100008,17.268196482000064],[103.29263641900008,17.267416714000035],[103.29219186000006,17.26783920500003],[103.29138911500007,17.26720485100003],[103.28975334900008,17.267492807000053],[103.28848755400008,17.26726132300007],[103.28855034400004,17.267921492000028],[103.28932999500006,17.268472406000058],[103.28893464600009,17.268769255000052],[103.28860264800005,17.269914938000056],[103.28759888200005,17.270231301000024],[103.28723971900007,17.270050354000034],[103.28682349500008,17.271098221000045],[103.28652755000007,17.27118157900003],[103.28557551900008,17.270515352000075],[103.28488665100008,17.270439586000066],[103.28434284500008,17.26979872000004],[103.28471424700007,17.269479559000047],[103.28500833000004,17.268388627000036],[103.28460155600004,17.268252102000076],[103.28443998000006,17.267295319000027],[103.28388927800006,17.267481176000047],[103.28406426600009,17.266788794000036],[103.28282747600008,17.26643468800006],[103.28248449700004,17.266990371000077],[103.28181855200006,17.266626185000064],[103.28111795300003,17.266756480000026],[103.28117701100007,17.267457743000023],[103.28037873000005,17.26722927700007],[103.28005712200007,17.267431886000054],[103.28012246200007,17.26808914700007],[103.28062774400007,17.26805475900005],[103.28012575600007,17.26863306200005],[103.27956773600005,17.26874544700007],[103.27937525200008,17.269186714000057],[103.27866292000004,17.26934559800003],[103.27821924300008,17.269788162000054],[103.27734753600004,17.270139843000038],[103.27683859600006,17.269862137000075],[103.27566994300008,17.27060522000005],[103.27507479700006,17.27031509400007],[103.27495841100006,17.271169991000022],[103.27458525700007,17.271154806000027],[103.27427969100006,17.27202924000005],[103.27474607200008,17.272136721000038],[103.27415204700009,17.273353094000072],[103.27341037100007,17.27275228700006],[103.27352560000008,17.273435405000043],[103.27303042700004,17.273716128000046],[103.27334428700004,17.274162989000047],[103.27300483000005,17.27492153700007],[103.27335863600007,17.275685723000038],[103.27327495400004,17.276336034000053],[103.27290453700004,17.27664628900004],[103.27358217300008,17.277143482000042],[103.27335725600005,17.277871212000036],[103.27380017600007,17.278120272000024],[103.27355277400005,17.27860793700006],[103.27390453800007,17.27896238200003],[103.27373388300003,17.279895285000066],[103.27440584300007,17.280298043000073],[103.27384845200004,17.280616744000042],[103.27322598700005,17.280087270000024],[103.27301433200006,17.280870884000024],[103.27220009200005,17.280792460000043],[103.27168285400006,17.281412997000075],[103.27162369200005,17.281995445000064],[103.27099676500006,17.28191828200005],[103.27016919100004,17.282810552000058],[103.26891480100005,17.282744580000042],[103.26877658600006,17.28354299800003],[103.26796432700007,17.284228417000065],[103.26807745900004,17.28497025100006],[103.26721697900007,17.285382352000056],[103.26725390100006,17.28622605100003],[103.26653351000004,17.28638215600006],[103.26590731800007,17.28602004100003],[103.26540503600006,17.28648817000004],[103.26539766600007,17.28713961400007],[103.26459828900005,17.287214461000076],[103.26502577500008,17.287907724000036],[103.26430960000005,17.28808323100003],[103.26435506500007,17.28847644600006],[103.26372981700007,17.288644911000063],[103.26379102500005,17.289409956000043],[103.26331469600007,17.28969574300004],[103.26266808200006,17.28952313600007],[103.26234548400004,17.29090534200003],[103.26187303200004,17.291132568000023],[103.26219798600005,17.29151915600005],[103.26186158600007,17.292252098000063],[103.26211756800006,17.292704357000048],[103.26130988900007,17.292822219000072],[103.26135791400009,17.29328462600006],[103.26254809800008,17.293720691000033],[103.26231865800008,17.294419774000062],[103.26292603800005,17.29445294800007],[103.26251425600009,17.295010561000026],[103.26138851100006,17.29531441300003],[103.26174430800006,17.29575311600007],[103.26129082000006,17.296104824000054],[103.26075595700007,17.29566191300006],[103.26031080400008,17.29649613500004],[103.26073819400006,17.296673834000046],[103.25996921700005,17.297423434000052],[103.25990525500004,17.298077980000073],[103.25948066600006,17.298183008000024],[103.25914785900005,17.29939608600006],[103.25951594100007,17.29992962800003],[103.25860833200005,17.300582260000056],[103.25854633200004,17.30125767000004],[103.25801569000004,17.301260719000027],[103.25792723900008,17.30230117900004],[103.25741388000006,17.302616143000023],[103.25740177000006,17.303494773000068],[103.25795180200004,17.30471854600006],[103.25843983300007,17.304772010000022],[103.25876659400006,17.30531953900004],[103.25833589000007,17.30555345600004],[103.25809140100006,17.306801350000057],[103.25762577900008,17.30783219500006],[103.25763092300008,17.308436612000037],[103.25710204500007,17.30884876400006],[103.25715302800006,17.30944254700006],[103.25593185900004,17.30986180800005],[103.25573602100008,17.310299797000027],[103.25489229500005,17.309851053000045],[103.25396205500004,17.310439349000035],[103.25309926200003,17.310133826000026],[103.25306489000008,17.311130933000072],[103.25227302200005,17.310831132000033],[103.25138300700007,17.312014860000033],[103.25082894300004,17.313025668000023],[103.25134593700005,17.31320211700006],[103.25126119000004,17.313881378000076],[103.25235671900003,17.31373680300004],[103.25264738700008,17.314391601000068],[103.25321500900009,17.31489391300005],[103.25276587700006,17.315186453000024],[103.25292552400003,17.31571732900005],[103.25386473200007,17.31681089500006],[103.25322649100008,17.317706824000027],[103.25379723900005,17.31794883200007],[103.25320618400008,17.31815318300005],[103.25322136400007,17.318727687000035],[103.25277725300003,17.319196437000073],[103.25192246600005,17.319229506000056],[103.25171375700006,17.31880939800004],[103.25037791400007,17.317819876000044],[103.25016319100007,17.317362650000064],[103.24916043200005,17.318153601000063],[103.24679210700003,17.31834789800007],[103.24716566500007,17.319417472000055],[103.24646198500005,17.321326258000056],[103.24585903000008,17.322162411000022],[103.24532269500008,17.32198999600007],[103.24415249500004,17.323453658000062],[103.24253882900007,17.323993777000055],[103.24069130000004,17.323439046000033],[103.23992779700006,17.323930964000056],[103.23736177300003,17.325228293000066],[103.23821433700004,17.326377498000056],[103.23837992900008,17.327028103000032],[103.23822227000005,17.32768909500004],[103.23732833200006,17.328822475000038],[103.23644717000008,17.328741759000025],[103.23544311900008,17.32943159000007],[103.23321025500007,17.329958865000037],[103.23040729200005,17.330925782000065],[103.22765624500005,17.332564971000068],[103.22289167600007,17.335920687000055],[103.22149419000004,17.33747541200006],[103.21802857000006,17.341089499000077],[103.21576134100007,17.34293691000005],[103.21406572300003,17.34373994300006],[103.21241955400006,17.344165264000026],[103.20975038900008,17.344319187000053],[103.20729007200003,17.34407806400003],[103.20620456400007,17.343612671000074],[103.20469917200006,17.34257019200004],[103.20320671500008,17.33954649700007],[103.20272008500007,17.337952452000025],[103.20081799400003,17.33033374100006],[103.20038853500006,17.32934890000007],[103.20054586000003,17.32867602600004],[103.19994572000007,17.32850656100004],[103.19802347200005,17.326757152000027],[103.19709896200004,17.32566175900007],[103.19440604700009,17.324591458000043],[103.19366103700008,17.32396153800005],[103.19204256800003,17.323267162000036],[103.19081928500003,17.32312728100004],[103.19059304300004,17.322271288000024],[103.18963587300004,17.32246680000003],[103.18916194600007,17.322238372000072],[103.18894544000005,17.321203405000063],[103.18754741700008,17.32065334300006],[103.18577036100004,17.318891274000066],[103.18531653100007,17.318604203000064],[103.18478578700007,17.31714177400005],[103.18432131200007,17.31641202900005],[103.18282972000009,17.314860278000026],[103.18269989900006,17.314484721000042],[103.18186035700006,17.31375281000004],[103.18126302400003,17.312888453000028],[103.17986327000006,17.309972722000055],[103.17896575900005,17.30952688900004],[103.17825441200006,17.30878271800003],[103.17765873400003,17.30725898700007],[103.17776441100006,17.30663450700007],[103.17665422000005,17.304380765000076],[103.17640328200008,17.303017917000034],[103.17543687200003,17.302211260000036],[103.17525988400007,17.300937073000057],[103.17557126900005,17.300228738000044],[103.17542684400007,17.298714331000042],[103.17488925800006,17.29818356000004],[103.17390646300004,17.297709673000043],[103.17129447700006,17.29599061500005],[103.17022967400004,17.29586369200007],[103.17004672800005,17.294996452000078],[103.17008183400009,17.292931880000026],[103.16971985200007,17.28945343500004],[103.16565849900007,17.28669068100004],[103.16071818300009,17.282450509000057],[103.15938511700006,17.28120236600006],[103.15753411100007,17.278912637000076],[103.15695521200007,17.277847417000032],[103.15555071600005,17.273089802000072],[103.15532249300009,17.271248463000063],[103.15593990300005,17.269700327000066],[103.15752072300006,17.267832937000037],[103.15835159800008,17.267282797000064],[103.15981234600008,17.265743781000026],[103.16186331300008,17.26428960900006],[103.16220130600004,17.263271252000038],[103.16315406200005,17.258830486000022],[103.16366655600007,17.257548453000027],[103.16462213300008,17.255910482000047],[103.16605435300005,17.25379885800004],[103.16775058100006,17.25266582100005],[103.16917916100005,17.251849126000025],[103.16986842800009,17.250108271000045],[103.17057435400005,17.245870597000078],[103.17075985800005,17.243323609000072],[103.17077915800007,17.240943393000066],[103.17092571500007,17.237743930000022],[103.17056992900007,17.236813234000067],[103.17058821300009,17.23623160300002]]]},"properties":{"Shape_Leng":1.18842138833,"Shape_Area":0.029138651102,"ADM2_EN":"Chai Wan","ADM2_TH":"ไชยวาน","ADM2_PCODE":"TH4108","ADM1_EN":"Udon Thani","ADM1_TH":"อุดรธานี","ADM1_PCODE":"TH41","ADM0_EN":"Thailand","ADM0_TH":"ประเทศไทย","ADM0_PCODE":"TH"}},
{"type":"Feature","geometry":{"type":"Polygon","coordinates":[[[103.11729689700007,16.961118657000043],[103.11739405200007,16.962202939000065],[103.11771461100005,16.962507166000023],[103.11863755200005,16.962182880000057],[103.11883209800004,16.96136602000007],[103.11944439600006,16.96098386600005],[103.11987771400004,16.96109337000007],[103.12132667100008,16.962335241000062],[103.12187822700008,16.96196851600007],[103.12212697100006,16.961294443000043],[103.12219206200007,16.960205560000077],[103.12278782300007,16.959447321000027],[103.12478503400007,16.958363383000062],[103.12642351500006,16.957638951000035],[103.12753300600008,16.957353364000028],[103.12820361100006,16.955940501000043],[103.12822337300008,16.955009372000063],[103.12916992700008,16.955371073000038],[103.12964592900005,16.956153165000046],[103.13089008200006,16.956622494000044],[103.13188558700006,16.95717929400007],[103.13255179700008,16.957106933000034],[103.13361216600003,16.95609703200006],[103.13445976700007,16.955567770000073],[103.13500926500006,16.954933763000042],[103.13523400400004,16.954189748000033],[103.13602471000007,16.95432029400007],[103.13669133600007,16.95512890200007],[103.13746724400005,16.95522635800006],[103.13914298000009,16.954486945000042],[103.14071152800005,16.95398553700005],[103.14199499300008,16.95307775400005],[103.14238518900004,16.952369959000066],[103.14413611800006,16.95181597100003],[103.14527400200006,16.951816508000036],[103.14607628400006,16.95105834900005],[103.14713634400005,16.95075620800003],[103.14806714900004,16.951284102000045],[103.14865388100009,16.950651476000075],[103.14899210200008,16.94940753000003],[103.14991736600007,16.948979688000065],[103.15086300400009,16.948866313000053],[103.15188476600008,16.948173964000034],[103.15315474500005,16.948585755000067],[103.15393004000003,16.94860170800007],[103.15518773900004,16.948286807000045],[103.15556657800005,16.94844551700004],[103.15574427500007,16.949413613000047],[103.15623243400006,16.949897716000066],[103.15762130600007,16.94871255000004],[103.15865193000008,16.948375363000025],[103.15967247200007,16.947603060000063],[103.16005452100006,16.946802414000047],[103.16060567500006,16.94685990100004],[103.16146575500005,16.947970961000067],[103.16197851600003,16.948290279000048],[103.16311124600008,16.948520183000028],[103.16424932300004,16.948428121000063],[103.16440893500004,16.948920328000042],[103.16377807000003,16.950410095000052],[103.16389586900004,16.951150529000074],[103.16648913400007,16.951299344000063],[103.16749863500007,16.951749222000046],[103.16891800800005,16.950917160000074],[103.16949706000008,16.95023383700004],[103.17000614200003,16.950245814000027],[103.17057254200006,16.950852325000028],[103.17166355500007,16.951592928000025],[103.17249298700006,16.95249122000007],[103.17329962100007,16.952424217000043],[103.17390113400006,16.952091831000075],[103.17508490800009,16.952582609000046],[103.17631204800006,16.952835674000028],[103.17666385800004,16.953390124000066],[103.17661779500008,16.953996784000026],[103.17564880800006,16.954581346000055],[103.17517920300008,16.955926547000047],[103.17573289200004,16.956274139000072],[103.17643859500004,16.955824712000037],[103.17702196400006,16.955030837000038],[103.17708432200004,16.954326154000057],[103.17804662000003,16.953849881000053],[103.17906538500006,16.954071319000036],[103.17965711100004,16.953807161000043],[103.17980187000006,16.95291565200006],[103.18049396700007,16.952484652000066],[103.18234538400009,16.95231809300003],[103.18276514000007,16.95143243800004],[103.18272418700008,16.950331360000064],[103.18208673100008,16.948098566000056],[103.18233557300005,16.947379641000055],[103.18293139800005,16.94732792900004],[103.18340031600007,16.947768432000032],[103.18413659900006,16.947877136000045],[103.18494986300004,16.94714964900004],[103.18565450600005,16.947180117000073],[103.18651521800007,16.948217921000037],[103.18810474300005,16.948964011000044],[103.18908991200004,16.949880001000054],[103.18961309500008,16.950016711000046],[103.19167638000005,16.950057083000047],[103.19217991600004,16.948983197000075],[103.19405247000009,16.949035903000038],[103.19485095800007,16.949317364000024],[103.19517916200004,16.950183390000063],[103.19768827800004,16.950815887000033],[103.19798986900008,16.950252101000046],[103.19794379000007,16.949622765000072],[103.19728082700004,16.948544722000065],[103.19828120700004,16.94815289400003],[103.19983616300004,16.949409939000077],[103.20081549400004,16.949845738000022],[103.20097310500006,16.951098401000024],[103.20217691000005,16.951570565000054],[103.20235169900008,16.952814063000062],[103.20170173300005,16.95362620000003],[103.20174047200004,16.954210465000074],[103.20226600300003,16.955065665000063],[103.20321281500009,16.955982455000026],[103.20298244800006,16.95729099400006],[103.20383622300005,16.95828774100005],[103.20484773800007,16.958876917000055],[103.20528997100007,16.95947070400007],[103.20636016900005,16.960232716000064],[103.20875969900004,16.95999424300004],[103.20919210300008,16.95905308700003],[103.21034593000007,16.958420827000054],[103.21116683000008,16.95825114300004],[103.21176199800004,16.959257094000066],[103.21311114200006,16.959510871000077],[103.21362304300004,16.95984274600005],[103.21292087700004,16.960506415000054],[103.21289502200005,16.96137966400005],[103.21316834900006,16.96367137200002],[103.21399370200004,16.964322009000057],[103.21505242300009,16.964432981000073],[103.21539164700005,16.965054559000066],[103.21618048800008,16.96473383800003],[103.21630647000006,16.96584606500005],[103.21732175700004,16.96566094800005],[103.21795096100004,16.96625021500006],[103.21874690400006,16.96613289000004],[103.21901766700006,16.96684910400006],[103.22095961000008,16.967839921000063],[103.22131790400005,16.96777522700006],[103.22145852100005,16.967064407000066],[103.22105477900004,16.96637318300003],[103.22152484600008,16.96560690800004],[103.22271508400007,16.96542325300004],[103.22310488300008,16.96647714900007],[103.22408151500008,16.966013963000023],[103.22585989200007,16.96469941500004],[103.22597455400006,16.963615178000055],[103.22645105300006,16.963055395000026],[103.22742853800008,16.962945501000036],[103.22726159600006,16.962452992000067],[103.22779437300005,16.962070995000033],[103.22755462600009,16.961421620000067],[103.22829405600004,16.960985320000077],[103.22831770400006,16.96030130400004],[103.22893674000005,16.959517404000053],[103.22884263900005,16.95899004100005],[103.22997411800009,16.958849851000025],[103.23007440100008,16.957914174000052],[103.23062207500004,16.957811110000023],[103.23105243700007,16.958656578000046],[103.23186420100006,16.95843202100002],[103.23277069200009,16.95868734000004],[103.23229048700006,16.959245616000032],[103.23207799800008,16.96011230700003],[103.23318081100007,16.960367249000058],[103.23367528800009,16.960273616000052],[103.23433609100005,16.95961525900003],[103.23385568000003,16.958791681000037],[103.23440574500006,16.958456441000067],[103.23529454100009,16.958826647000024],[103.23598374900007,16.958819857000037],[103.23653414200004,16.95821281600007],[103.23725935800007,16.958763173000023],[103.23747602900005,16.959901358000025],[103.23832427300005,16.95933440700003],[103.23949031500007,16.959385402000066],[103.23949932400006,16.960138388000075],[103.23994547700005,16.960481180000045],[103.23980315700004,16.961391174000028],[103.25312060700008,16.952231147000077],[103.25759962900008,16.94900135000006],[103.25965942800008,16.947949847000075],[103.26151811000005,16.947154178000062],[103.27409148700008,16.943457437000063],[103.27572512400008,16.942783166000027],[103.27716311000006,16.941896711000027],[103.27799348700006,16.94120414300005],[103.27882305000009,16.94018772900006],[103.27928290000006,16.939214750000076],[103.27952124500007,16.93799391400006],[103.27953260300006,16.934509812000044],[103.27967030700006,16.934043099000064],[103.28042619000007,16.93335154300007],[103.28440321300008,16.931377084000076],[103.28535308500005,16.930462963000025],[103.28544846600005,16.929765229000054],[103.28522448100006,16.928285147000054],[103.28534640100008,16.927200715000026],[103.28588555100004,16.926457979000077],[103.28717889100005,16.92538558800004],[103.28795933200007,16.924931267000034],[103.29037893600008,16.924077929000077],[103.30330243900005,16.922220367000023],[103.30633941500008,16.922120636000045],[103.31137702700005,16.922799191000024],[103.31551985100003,16.92324679500007],[103.31789502100008,16.92372917000006],[103.32186933100007,16.924051991000056],[103.33011977600006,16.924071163000065],[103.32936076000004,16.925737553000033],[103.32934369500003,16.926371104000054],[103.33025507000008,16.927488611000058],[103.33037049900008,16.927985238000076],[103.32962690600004,16.929223470000068],[103.32930960000004,16.930545536000068],[103.32839744200004,16.930993348000072],[103.32754524200004,16.932752867000033],[103.32696813300004,16.933552473000077],[103.32689363200006,16.934105355000042],[103.32745346900003,16.935172116000047],[103.32719280400005,16.936195187000067],[103.32782653700008,16.93667667400007],[103.32735095700008,16.937279149000062],[103.32758747800005,16.937687397000047],[103.32711828600009,16.938033037000025],[103.32726106300004,16.939734017000035],[103.32770364600003,16.94058016400004],[103.32737241700005,16.941397954000024],[103.32750255500008,16.94181474800007],[103.32671677600007,16.942286387000024],[103.32726617300006,16.942845913000042],[103.32746173200007,16.943443926000043],[103.32717714100005,16.94420466200006],[103.32781377200007,16.94420789000003],[103.32813169700006,16.944881174000045],[103.32890055900003,16.944810907000033],[103.32918808700003,16.94558416800004],[103.32909359200005,16.946417788000076],[103.32958880600006,16.94625581200006],[103.32978946300005,16.946911328000056],[103.32956210300006,16.947697102000063],[103.32893489700007,16.94821368500004],[103.32863150700007,16.94797221300007],[103.32822358700008,16.94844018300006],[103.32924468200008,16.949292170000035],[103.32935066100003,16.950079191000043],[103.32886760600007,16.950920606000068],[103.32910494000004,16.95168645800004],[103.32958357700005,16.951957693000054],[103.32926136900005,16.952272464000032],[103.32958379000007,16.953016001000037],[103.32933710500004,16.953526758000066],[103.32965112400007,16.95416410000007],[103.32942079900005,16.954806380000036],[103.32985518500004,16.955303206000053],[103.32958629200004,16.956598513000074],[103.33001993800008,16.956880931000057],[103.32924619000005,16.957947955000066],[103.32851855200005,16.95804950300004],[103.32833144100005,16.957761041000026],[103.32790567300003,16.95837502300003],[103.32813134800006,16.95924725200007],[103.32750767700009,16.959514676000026],[103.32718109900009,16.960111814000072],[103.32782943000007,16.960971146000077],[103.32747193100005,16.961502993000067],[103.32832732100007,16.963624512000024],[103.32754500700008,16.96412588900006],[103.32702110700006,16.96488716600004],[103.32684261700007,16.965651195000078],[103.32735328800004,16.96614173000006],[103.32743015200003,16.966790695000043],[103.32801334600003,16.967111887000044],[103.32722940400004,16.967381009000064],[103.32708766300004,16.968171212000073],[103.32766521600007,16.96841691700007],[103.32678720700005,16.969359121000025],[103.32649700000007,16.969100293000054],[103.32614287700005,16.969716767000023],[103.32643473100006,16.970341623000024],[103.32638265600008,16.970953938000036],[103.32577780600008,16.970629574000043],[103.32598335100005,16.971358975000044],[103.32568853000004,16.972108681000066],[103.32597863400008,16.972457571000064],[103.32538581500006,16.973285357000066],[103.32383130700003,16.974104837000027],[103.32328413700009,16.974896778000073],[103.32350807000006,16.975498794000032],[103.32263942400004,16.976300422000065],[103.32216153300004,16.975689584000065],[103.32090785600008,16.976083390000042],[103.32034264100008,16.976894250000043],[103.31921300300007,16.976351640000075],[103.31856344900007,16.976816002000078],[103.31834714000007,16.97775987700004],[103.31778398600005,16.977633713000046],[103.31780605300008,16.978812404000053],[103.31722578600005,16.979280912000036],[103.31707040300006,16.980053398000052],[103.31852669300008,16.980902180000044],[103.31816954100003,16.981483449000052],[103.31879241000007,16.982074715000067],[103.31880244700005,16.982647086000043],[103.31968894700009,16.983442834000073],[103.31985409400005,16.985330748000024],[103.31892721200006,16.986055683000075],[103.31881249200006,16.98653691900006],[103.31796981700006,16.986833099000023],[103.31747005500006,16.987822356000038],[103.31656606600006,16.988284578000048],[103.31654944200005,16.988725846000023],[103.31740604600009,16.98965774000004],[103.31867937300007,16.989502725000023],[103.31929133500006,16.99181760700003],[103.31967907300003,16.992700742000068],[103.32048074500005,16.993328297000062],[103.32176773200007,16.996031532000075],[103.32285262700003,16.99679663200004],[103.32329802400005,16.996719160000055],[103.32550102900007,16.99716354700007],[103.32839216000008,16.996441841000035],[103.33049349900006,16.99646792300007],[103.33293060600005,16.99713431600003],[103.33434583900004,16.997777899000027],[103.33557792700009,16.998646766000036],[103.33634028400007,16.999557854000045],[103.33694141000007,17.000580223000043],[103.33779710600004,17.001591708000035],[103.33819891400009,17.00231866400003],[103.33947650100004,17.002226010000072],[103.33963885000009,17.002881796000054],[103.34157510900008,17.005876125000043],[103.34197056600004,17.006883947000063],[103.34235017700007,17.00687825600005],[103.34361983500008,17.00934069500005],[103.34446229500008,17.010235024000053],[103.34658584700009,17.013783197000066],[103.34679412400004,17.01479622100004],[103.34638930500006,17.016819800000064],[103.34737136100006,17.01718085300007],[103.34831662100004,17.018249316000038],[103.34953356000005,17.020469210000044],[103.35300743300007,17.024890705000075],[103.35356533500004,17.02598385700003],[103.35358383400006,17.026798996000025],[103.35215579100009,17.028198866000025],[103.35167804100007,17.02840494900005],[103.35085195500005,17.02831254700004],[103.34945493900005,17.027480903000026],[103.34819793800006,17.026892575000034],[103.34668771800006,17.026613475000033],[103.34360630600008,17.027031068000042],[103.34005601300004,17.02867965400003],[103.33880866700008,17.02955491800003],[103.33708099500006,17.03116582100006],[103.33528733800006,17.03218202900007],[103.33373600300007,17.03238595600004],[103.33295208800007,17.03221734400006],[103.33122398800003,17.031397119000076],[103.33032605700004,17.03079099000007],[103.32905684700006,17.029642591000027],[103.32727054200006,17.028487147000078],[103.32707153600006,17.02925829700007],[103.32599579500004,17.03017036600005],[103.32632842200007,17.030683577000048],[103.32604305600006,17.031070397000065],[103.32679612200008,17.031366422000076],[103.32725488400007,17.032530784000073],[103.32686544900008,17.033250043000066],[103.32742227000006,17.03350960800003],[103.32843015400005,17.033494352000048],[103.32835521500004,17.03449655000003],[103.32949603500003,17.03422507700003],[103.32995886200007,17.034736028000054],[103.32940788400003,17.03541933300005],[103.33000830300006,17.036250264000046],[103.32975311600006,17.03668420500003],[103.33018130700003,17.037015861000043],[103.32999385500005,17.037465775000044],[103.33040447000008,17.03804952100006],[103.33002101200009,17.038350453000078],[103.32988579700009,17.039460425000073],[103.32935566800006,17.040031614000043],[103.33018738300007,17.041318113000045],[103.33115347700004,17.041266690000043],[103.33078895800008,17.041968922000024],[103.33123759300008,17.042288409000037],[103.33099205300005,17.043246976000034],[103.33021276100004,17.04380782900006],[103.33079111400008,17.04488794300005],[103.33021415600007,17.04514897000007],[103.33106190100006,17.04577014800003],[103.33092613000008,17.046410786000024],[103.33135680700008,17.046771524000064],[103.33199716100006,17.046507975000054],[103.33214085500003,17.046034288000044],[103.33265366600006,17.04657012900003],[103.33296401700005,17.046422308000047],[103.33312680500006,17.04554448300007],[103.33381883600003,17.045302984000045],[103.33509190300003,17.04452911900006],[103.33632254400004,17.044532380000078],[103.33725406400004,17.04586449100003],[103.33835192500004,17.045117180000034],[103.33832358700005,17.044150668000043],[103.33920796000007,17.04384366200003],[103.33982402600009,17.043967837000025],[103.34055113300008,17.043761715000073],[103.34114175100007,17.044126806000065],[103.34220254300004,17.04387066000004],[103.34269949800006,17.044521084000053],[103.34326929100007,17.04483107300007],[103.34304261100004,17.04521806400004],[103.34346599700007,17.04598711700004],[103.34345661600008,17.046489870000073],[103.34391549900005,17.046420040000044],[103.34422694000006,17.045840459000033],[103.34592841500006,17.04661588400006],[103.34716138000005,17.04790329100007],[103.34667741400006,17.048060273000033],[103.34673672700006,17.048931486000072],[103.34718185600008,17.049265261000073],[103.34673624600003,17.049551879000035],[103.34699610900009,17.050845245000062],[103.34675451200008,17.05110432200007],[103.34572811500004,17.05128165800005],[103.34585958600007,17.052150667000035],[103.34509356800004,17.053357236000068],[103.34622522600006,17.054354467000053],[103.34626078800005,17.05519442800005],[103.34710788900009,17.056646299000022],[103.34641980500004,17.058380171000067],[103.34740559300008,17.059175289000052],[103.34739657800009,17.05958223500005],[103.34795428000007,17.059992160000036],[103.34828002900008,17.061322048000022],[103.34773837300008,17.061509708000074],[103.34757305500005,17.062128802000075],[103.34719602900009,17.06212355400004],[103.34677287900007,17.06399639700004],[103.34570678900008,17.06578431500003],[103.34520683600005,17.06602769500006],[103.34512475800005,17.066515580000043],[103.34568570900007,17.06661465600007],[103.34519156100004,17.067015292000065],[103.34567769700004,17.068125947000055],[103.34661479700009,17.068655973000034],[103.34710978900006,17.069974397000067],[103.34681750500005,17.070261661000075],[103.34849286500008,17.072780515000034],[103.34876746300006,17.072446055000057],[103.34939971700004,17.073033675000033],[103.34911833700005,17.074229117000073],[103.34975231000004,17.075087412000073],[103.34977505400008,17.076360692000037],[103.35033344900006,17.07639627700007],[103.34990372900006,17.077308772000038],[103.35019053400003,17.078321048000078],[103.34975276700004,17.078845613000055],[103.35023942500004,17.079290911000044],[103.34974289900003,17.080111486000078],[103.35033318400008,17.080281682000077],[103.35066807300007,17.080735700000048],[103.35190206900006,17.08079726400007],[103.35250068000005,17.081213766000076],[103.35279962500005,17.08181150100006],[103.35394531300005,17.081839023000043],[103.35361287000006,17.08246439000004],[103.35412099100006,17.082649497000034],[103.35377496700005,17.08303152900004],[103.35403994800004,17.08347701400004],[103.35391560200009,17.084700075000057],[103.35405625400006,17.08596615700003],[103.35527869500004,17.08683036700006],[103.35511279900004,17.087841065000077],[103.35582203100006,17.089675584000076],[103.35677228600008,17.089838378000024],[103.35709576600004,17.091128232000074],[103.35670885500008,17.091589191000025],[103.35670057200008,17.092264183000054],[103.35724025400003,17.09304727800003],[103.35732890800006,17.093818790000057],[103.35833420900008,17.094653040000026],[103.35835848500005,17.095059770000034],[103.35907906300008,17.095181483000033],[103.35918474800008,17.095814804000042],[103.35882832100003,17.095794093000052],[103.35823435700007,17.096962979000068],[103.35879460500007,17.097710714000073],[103.35951243600005,17.097872030000076],[103.36014302700005,17.09863476000004],[103.35982174200007,17.099120025000047],[103.35921759200005,17.099176784000065],[103.35924463300006,17.09995071700007],[103.35992713200005,17.101513364000027],[103.36059944000004,17.102354121000076],[103.35969523500006,17.103432800000064],[103.35990844800006,17.104123637000043],[103.36021839000006,17.103849034000064],[103.36059387400007,17.104320708000046],[103.36033869700009,17.10530127000004],[103.36077292500005,17.10589660200003],[103.36050900400005,17.10733178600003],[103.36093834700006,17.108124804000056],[103.36012946600005,17.107977405000042],[103.35958968800009,17.10854115500007],[103.35992581200009,17.109350953000046],[103.35825937800007,17.109847123000065],[103.35779422900004,17.110304683000038],[103.35769947300008,17.111021987000072],[103.35839100400005,17.112291538000022],[103.35809254000009,17.11383241300007],[103.35753841700006,17.115218078000055],[103.35814246800004,17.11637663500005],[103.35794512600006,17.117211935000057],[103.35824601800005,17.11820952000005],[103.35796401700009,17.119323590000022],[103.35887060700009,17.120540951000066],[103.35909244200008,17.12176395800003],[103.35884076400004,17.12227866300003],[103.35903536200004,17.12337739000003],[103.35946403200006,17.124251812000068],[103.35912686600005,17.125493470000038],[103.36008786500008,17.12637933600007],[103.35979882800007,17.12698920500003],[103.36079401200004,17.128144794000036],[103.36037690200004,17.12811832500006],[103.36043435100004,17.12985616900005],[103.36103652900005,17.130406204000053],[103.36103938200006,17.130937378000056],[103.36169349500005,17.131781593000028],[103.36153086000007,17.13226178000002],[103.36191989300005,17.133130107000056],[103.36273330800009,17.13367279700003],[103.36360892900007,17.133872009000072],[103.36368916300006,17.134177221000073],[103.36513877000004,17.135058315000038],[103.36545564600004,17.135028684000076],[103.36648117400006,17.13376142000004],[103.36721123500007,17.133776116000035],[103.36923586600005,17.13504951300007],[103.36977075500005,17.13501998000004],[103.37147517100004,17.13447586700005],[103.37208771400009,17.13401605200005],[103.37460593800006,17.13157298300007],[103.37550311700005,17.13088616300007],[103.37573832500004,17.135464898000066],[103.37606339800004,17.13724491200003],[103.37654997100009,17.138704817000075],[103.37673987600004,17.140155321000066],[103.37738018400006,17.141810297000063],[103.37724160300007,17.14473344700002],[103.37681759000009,17.145783635000043],[103.37659048800003,17.147115437000025],[103.37584123300007,17.148345903000063],[103.37412476400004,17.149473948000036],[103.37281819200007,17.152702015000045],[103.37135292800008,17.151700842000025],[103.37051890400005,17.151545216000045],[103.36931168200005,17.15184817200003],[103.36948873900008,17.15270965700006],[103.36910812800005,17.15352000300004],[103.36812977300008,17.15440929600004],[103.36843375700005,17.155025479000074],[103.36797568500003,17.155802207000022],[103.36763908000006,17.15572184800004],[103.36661625700003,17.156262732000073],[103.36598062400009,17.155971633000036],[103.36497216400005,17.156134276000046],[103.36437125400005,17.15596762900003],[103.36330251700008,17.156268131000047],[103.36297633200007,17.15513676300003],[103.36218204900007,17.154775805000043],[103.36236206400008,17.15390545100007],[103.36194092800008,17.153510895000068],[103.36014310800005,17.153066678000073],[103.35922435400005,17.153149486000075],[103.35722412200005,17.15358201500004],[103.35679771700006,17.153953211000044],[103.35618133300005,17.153843863000077],[103.35678717800005,17.152826290000064],[103.35735337100004,17.152871410000046],[103.35681303500007,17.151962282000056],[103.35639665400004,17.15216932800007],[103.35588890200006,17.15190540800006],[103.35528311100006,17.15233466600006],[103.35343472400007,17.15124153200003],[103.35272847500005,17.151509289000046],[103.35275397900006,17.152078970000048],[103.35150479700008,17.153062804000058],[103.35139009200009,17.15367859400004],[103.35086029500007,17.15408085400003],[103.35138717500007,17.154703786000027],[103.35224187900008,17.154490441000064],[103.35193507400004,17.154923547000067],[103.35218817900005,17.155420179000032],[103.35126180500004,17.155220142000076],[103.35119431400005,17.155944461000047],[103.35153221100006,17.155953000000068],[103.35123397700005,17.156614409000042],[103.34972774800008,17.156957505000037],[103.34917762300006,17.156682773000057],[103.34998656300007,17.15640557200004],[103.34936555000007,17.155902524000055],[103.34979414900005,17.155445151000038],[103.34911916100003,17.15552987700005],[103.34895103900004,17.15498555100004],[103.34845788000007,17.155023176000043],[103.34776354000007,17.156582741000022],[103.34689387500003,17.15615484800003],[103.34673147700005,17.155568991000052],[103.34623123800009,17.15516516200006],[103.34534076700004,17.155755878000036],[103.34484324800007,17.15667495400004],[103.34446834700009,17.15624869800007],[103.34357712900004,17.15664044600004],[103.34294713100007,17.156252438000024],[103.34128617600004,17.156495980000045],[103.33907401900007,17.156438911000066],[103.33905876000006,17.155971865000026],[103.33845840800006,17.15633804400005],[103.33837421000004,17.156912532000035],[103.33764669700008,17.15646123700003],[103.33714417500005,17.156458416000078],[103.33719037900005,17.157010494000076],[103.33659453200005,17.15756616400006],[103.33472922200008,17.15785769300004],[103.33424358300005,17.158066554000072],[103.33291819200008,17.158178758000076],[103.33225853200008,17.15794784800005],[103.33200824000005,17.15873394500005],[103.33108136900006,17.15842930100007],[103.33115032700005,17.158820543000047],[103.32967200900003,17.15976205800007],[103.32864200300008,17.159663415000068],[103.32817214400006,17.160143366000057],[103.32726206500007,17.159556248000058],[103.32671634000008,17.158369812000046],[103.32668484700008,17.157899411000074],[103.32745300200008,17.15727255200005],[103.32780474900005,17.156466127000044],[103.32778445200006,17.15561806100004],[103.32727589300004,17.155389858000035],[103.32711609400008,17.153741394000065],[103.32626673000004,17.153743605000045],[103.32463099000006,17.154482314000063],[103.32400374700006,17.15514418600003],[103.32195006400008,17.154316965000078],[103.32134054500006,17.152899782000077],[103.32133944400005,17.152246750000074],[103.32069611800006,17.152151739000033],[103.32017187100007,17.151554547000046],[103.31942434800004,17.151256859000057],[103.31871816500006,17.151845363000064],[103.31812016300006,17.151833715000066],[103.31834839100009,17.151368063000064],[103.31776414800004,17.151370863000068],[103.31724451600007,17.150719765000076],[103.31752924800008,17.15010795300003],[103.31698262300006,17.149785663000046],[103.31682650800008,17.149195207000048],[103.31612141100004,17.148592875000077],[103.31654777600005,17.14802048200005],[103.31556596000007,17.147380086000055],[103.31445590800007,17.14743612700005],[103.31482472500005,17.147948282000073],[103.31381695800007,17.148076961000072],[103.31356935000008,17.148907766000036],[103.31255316200009,17.149232750000067],[103.31183783700004,17.148702394000054],[103.31159136800005,17.149027125000032],[103.31082773200006,17.149042192000024],[103.31088762400009,17.14966657800005],[103.31004348200008,17.150494050000077],[103.30951374000006,17.15037353200006],[103.30903296700006,17.150848978000056],[103.30918723900004,17.15130136600004],[103.30788900000005,17.151356301000078],[103.30744096000006,17.15119103400002],[103.30752199100004,17.15039553200006],[103.30715772100007,17.150975257000027],[103.30657977900006,17.150418811000065],[103.30656191600008,17.149715079000032],[103.30561001400008,17.15010242200003],[103.30552509100005,17.150592927000048],[103.30456384900003,17.150813096000036],[103.30467443500004,17.15119575500006],[103.30426155700007,17.15169614900003],[103.30331774800004,17.15160394800006],[103.30292572900004,17.151068692000024],[103.30112178000007,17.150991783000052],[103.30096974700007,17.151693047000037],[103.30138556600008,17.151970392000067],[103.30091835900004,17.152368671000033],[103.30008348600006,17.152052549000075],[103.29975345900004,17.15240518300004],[103.29907781500003,17.152017384000033],[103.29860850300008,17.152630547000058],[103.29681165100004,17.15283585800006],[103.29619725700007,17.15340634000006],[103.29602171800008,17.154090609000036],[103.29551513400008,17.15419449500007],[103.29448395100007,17.155102257000067],[103.29327233500004,17.155471134000038],[103.29294298000008,17.15534959400003],[103.29281855800008,17.154525857000067],[103.29213701500004,17.153970048000076],[103.29067719000005,17.153094515000078],[103.28942703500007,17.153759809000064],[103.28899532300005,17.154404429000067],[103.28798956800006,17.154653462000056],[103.28748673400008,17.15504194700003],[103.28695565700008,17.154915251000034],[103.28609673000005,17.152511694000054],[103.28465286500006,17.15236550800006],[103.28374264700005,17.15275134500007],[103.28347387800005,17.153232928000023],[103.28290012400004,17.153128442000025],[103.28207705100004,17.153764592000073],[103.28155157000003,17.15371820100006],[103.28037268500003,17.154954091000036],[103.27977359800008,17.15520529400004],[103.27856340400007,17.15499483800005],[103.27826897800009,17.15425343100003],[103.27754521400004,17.15463844100003],[103.27697008800004,17.15454489700005],[103.27683181300006,17.153866614000037],[103.27583750600007,17.150882833000026],[103.27513964800005,17.150754921000043],[103.27472081800005,17.15024300500005],[103.27423899200005,17.150885088000052],[103.27398857400004,17.151910113000042],[103.27346244000006,17.152127704000065],[103.27230293800005,17.152031202000046],[103.27180896800007,17.15148509900007],[103.27105343100004,17.15182748500007],[103.27077202500004,17.15335510600005],[103.26976700300008,17.154529204000028],[103.27016617700008,17.15532182100003],[103.26960022200007,17.155529263000062],[103.26827835000006,17.15516494600007],[103.26753056100006,17.15544638600005],[103.26633107800006,17.15546779700003],[103.26564926600008,17.156024828000056],[103.26542491300006,17.156525497000075],[103.26500681800007,17.15588395000003],[103.26388700000007,17.155864571000052],[103.26331553000006,17.15628358200007],[103.26308446600007,17.155743278000045],[103.26239657300005,17.155858958000067],[103.26195655400005,17.154728041000055],[103.26376974700008,17.154019637000033],[103.26489338200008,17.153244630000074],[103.26470825900009,17.152733316000024],[103.26531261900004,17.151872721000075],[103.26592362600007,17.151760184000068],[103.26695854100006,17.15006500000004],[103.26700831600004,17.149666457000023],[103.26759485800005,17.149373928000045],[103.26864137700005,17.149444628000026],[103.26881517000004,17.14799985600007],[103.26837735600009,17.147253661000036],[103.26835417000007,17.14666192900006],[103.26939334800005,17.146522281000045],[103.26975053300004,17.145218138000075],[103.26975996000004,17.143730291000054],[103.26922200000007,17.14313508500004],[103.26969198300009,17.142637999000044],[103.26959081500007,17.141900149000037],[103.27072950200005,17.141417344000047],[103.27087404400004,17.140754385000037],[103.27143220500005,17.140254516000027],[103.27268121300006,17.139944833000072],[103.27294928200007,17.139240528000073],[103.27376202700003,17.13911663600004],[103.27435699800009,17.139915811000037],[103.27516521000007,17.13961983200005],[103.27561767100008,17.139135107000072],[103.27655033300005,17.138711427000032],[103.27650481500007,17.137269893000052],[103.27717767400009,17.136820792000037],[103.27699555500004,17.135542203000057],[103.27736596600005,17.134766607000074],[103.27735474900004,17.134068439000032],[103.27772869900008,17.133990014000062],[103.27920813600008,17.131988157000023],[103.27996095500004,17.131649137000068],[103.28106059600003,17.130790639000054],[103.27920920700006,17.128273215000036],[103.27652908600004,17.128619951000076],[103.27488936300006,17.12838269300005],[103.27416285700008,17.12785659900004],[103.27352174600009,17.126193343000068],[103.27314030000008,17.125586462000058],[103.27038566400006,17.122831018000056],[103.26872033400008,17.12156040800005],[103.26645255700004,17.120070742000053],[103.26558517900008,17.11968925800005],[103.26440094700007,17.119473920000075],[103.26287615600006,17.11959664500006],[103.26133445200009,17.119350879000024],[103.25935030800008,17.118739807000054],[103.25808156000005,17.11850748300003],[103.25531326000004,17.11840743600004],[103.25353370400006,17.11749229000003],[103.25010344900005,17.11496350500005],[103.24462808500004,17.112033014000076],[103.24334808900005,17.111789439000063],[103.24190741900009,17.110749404000046],[103.24046765900005,17.108833669000035],[103.23861876600006,17.10825615600004],[103.23786311900005,17.108175429000028],[103.23647082900004,17.108357598000055],[103.23328579500009,17.108529849000035],[103.23203709200004,17.108336004000023],[103.22958527200007,17.107663869000078],[103.22807617700005,17.106810566000036],[103.22606978400006,17.105279410000037],[103.22387588200007,17.102558265000027],[103.22335319800004,17.102049494000028],[103.22051189900009,17.10105538700003],[103.21860397800003,17.09999963000007],[103.21590576600005,17.099319911000066],[103.21457582200009,17.09908851600005],[103.21228002600009,17.098915030000057],[103.21254565200007,17.10059968400003],[103.21237588500009,17.10098756900004],[103.21154093600006,17.10153536200005],[103.20996934700008,17.102049344000022],[103.20848058700005,17.103027720000057],[103.20724241100004,17.103253254000037],[103.20653619900008,17.10390054800007],[103.20572285800006,17.10594240000006],[103.20617197100006,17.106738189000055],[103.20555475100008,17.107144514000026],[103.20475479400005,17.109222411000076],[103.20470798300005,17.11007997200005],[103.20523447900007,17.11060398500007],[103.20522560500007,17.11180321100005],[103.20434826100006,17.112107368000068],[103.20443794900007,17.112464991000024],[103.20365463900004,17.113173403000076],[103.20301931900008,17.114252685000054],[103.20143602600007,17.11473806600003],[103.20053083300007,17.115186617000063],[103.20044440500004,17.115642940000043],[103.19982152500006,17.115651754000055],[103.19895624400004,17.116060214000072],[103.19845825800007,17.11598585400003],[103.19716894200008,17.116264692000073],[103.19683044400006,17.11707334600004],[103.19532449100006,17.117656251000028],[103.19445092800004,17.11922805200004],[103.19325159300007,17.120071101000065],[103.19328564600005,17.12053525400006],[103.19232621400005,17.121154320000073],[103.19198548400004,17.120907265000028],[103.19029891800005,17.121869910000044],[103.18962402300008,17.122530582000024],[103.18907546300005,17.121860464000065],[103.18808247900006,17.12141964800003],[103.18737199800006,17.12063310800005],[103.18691823400007,17.119499131000055],[103.18667549400004,17.118381037000063],[103.18634351700007,17.118189848000043],[103.18682842100009,17.117162463000057],[103.18700157500007,17.11601099300003],[103.18762110600005,17.11545572500006],[103.18801540300007,17.114250157000072],[103.19024612300007,17.112689170000067],[103.19090203900004,17.11135663600004],[103.19061949100006,17.110968615000047],[103.19062339000004,17.11022441800003],[103.19097736900005,17.10971511500003],[103.19125169200004,17.108563278000076],[103.19166925500008,17.10817396400006],[103.19267818900005,17.107968990000074],[103.19424530700007,17.10743870600004],[103.19466727400004,17.106664459000058],[103.19476035500008,17.105125473000044],[103.19459734600008,17.104608808000023],[103.19460411200004,17.102660228000047],[103.19440473600008,17.100521771000047],[103.19361236400005,17.099269288000073],[103.19341174400006,17.098039202000052],[103.19313980800007,17.097809084000062],[103.19120216100004,17.097791741000037],[103.18898606600004,17.098152165000045],[103.18670309300006,17.099038550000046],[103.18546346000005,17.099720713000067],[103.18454309500004,17.100763134000033],[103.18324701500006,17.102962212000023],[103.18258233400007,17.103778612000042],[103.18016725800004,17.105822672000045],[103.17920456600007,17.10626076400007],[103.17794791500006,17.10644781700006],[103.17592408200005,17.105452125000056],[103.17077663100008,17.103495100000032],[103.16792437400005,17.102880949000053],[103.16561004700009,17.103007663000028],[103.16171941700009,17.102902861000075],[103.15700178300006,17.102116442000067],[103.15513272200008,17.101446821000025],[103.15581974700007,17.099583261000078],[103.15335103000007,17.097141985000064],[103.15150333300005,17.096617980000076],[103.15075199700004,17.09626707500007],[103.14820266400005,17.094594122000046],[103.14655598900003,17.093628641000066],[103.14503035700005,17.092948738000075],[103.14172477300008,17.09244966400007],[103.14069966500006,17.092087965000076],[103.13820333200005,17.090718390000063],[103.13488273400009,17.089319009000064],[103.13361377600006,17.088429233000056],[103.13348688000008,17.08793031500005],[103.13380797600007,17.086159015000078],[103.13358790700005,17.08523041600006],[103.13318614900004,17.085118989000023],[103.13337801200004,17.08459921900004],[103.13300629200006,17.084375498000043],[103.13260475200008,17.08344880100003],[103.13294601000007,17.082340527000042],[103.13235551600008,17.082011394000062],[103.13237888600008,17.080922215000044],[103.13202420800008,17.08043796800007],[103.13180074600007,17.078876528000023],[103.13059439200003,17.07809580600002],[103.13007652000005,17.07752181500007],[103.12897430200007,17.07582902400003],[103.12804106100003,17.074758259000077],[103.12473831200003,17.072615264000035],[103.12115744300007,17.070521343000053],[103.11780002000006,17.068788631000075],[103.11221460500008,17.06636430700007],[103.10506964400008,17.064293477000035],[103.10182227500007,17.063159085000052],[103.10093752400007,17.06133122600005],[103.09870701900007,17.060929679000026],[103.09619583900007,17.060937866000074],[103.09230785600005,17.060506991000068],[103.09093682200006,17.059992485000066],[103.08980774400004,17.05992238400006],[103.08899378900009,17.060272490000045],[103.08798038300006,17.05947947900006],[103.08686664300006,17.05902554200003],[103.08340175400008,17.05846598000005],[103.08118222000007,17.057663344000048],[103.07889134700008,17.056669949000025],[103.07675319000003,17.056319234000057],[103.07478471700006,17.055839001000038],[103.07081504600006,17.054738711000027],[103.06847866100009,17.05380811400005],[103.06668696000008,17.052664010000058],[103.06448863800006,17.05092040200003],[103.06136887400004,17.048156719000076],[103.06034085600004,17.047565940000027],[103.05533228100006,17.04576703500004],[103.05390080400008,17.045188008000025],[103.05145621300005,17.043901900000037],[103.05204954400006,17.042788044000076],[103.05160479100005,17.041860539000027],[103.04890756300006,17.040769216000058],[103.04856709700005,17.040277359000072],[103.04859940700004,17.039590261000058],[103.04928296100007,17.038801224000053],[103.05083073100008,17.038346688000047],[103.05123249800005,17.03803501300007],[103.05149528100009,17.034623476000036],[103.05215880700007,17.03343000900003],[103.05275535400006,17.03273603200006],[103.05204640600004,17.032362937000073],[103.05275352700005,17.03074379000003],[103.05200301900004,17.03059020300003],[103.05258582600004,17.03029864800004],[103.05212966100004,17.029474185000026],[103.05276886900003,17.029214371000023],[103.05243653200006,17.028290757000036],[103.05380280600008,17.02700141400004],[103.05372773300007,17.026167220000048],[103.05308691300007,17.025944623000044],[103.05353176100004,17.025474678000023],[103.05259391200008,17.025190800000075],[103.05185320200007,17.02359862800006],[103.05139575100009,17.023609184000065],[103.05178882400008,17.022901553000054],[103.05240940300007,17.022981750000042],[103.05331061600003,17.02247919200005],[103.05284314100004,17.02206685500005],[103.05347406800007,17.021708970000077],[103.05417675200005,17.02186122200004],[103.05414131600008,17.02046696900004],[103.05530906800004,17.02012652700006],[103.05530308300007,17.02108895200007],[103.05591215500004,17.020604198000058],[103.05703872600009,17.02025131700003],[103.05746035600004,17.021468280000022],[103.05782852800007,17.021645301000035],[103.05872023700005,17.02072346800003],[103.05781238800006,17.020278967000024],[103.05883581900008,17.02001334600004],[103.05862582800006,17.01958287900004],[103.05948294700005,17.019465342000046],[103.05903953100005,17.01892564600007],[103.05910936100008,17.018215906000023],[103.05975216200005,17.01799667800003],[103.05986268800007,17.01754625700005],[103.05935406500004,17.016493712000056],[103.05881195200004,17.01586636600007],[103.05936773500008,17.014653165000027],[103.06021483000006,17.013958776000038],[103.05936613500006,17.013773488000027],[103.05961537400003,17.013345198000025],[103.06024291500006,17.013376381000057],[103.06201052100005,17.013996852000048],[103.06297188300005,17.013187138000035],[103.06428917000005,17.01445447800006],[103.06465380700007,17.014103874000057],[103.06446490100006,17.013424259000033],[103.06461344200005,17.011076056000036],[103.06531388700006,17.01023379000003],[103.06699757300004,17.009079067000073],[103.06806066900003,17.00876312400004],[103.06842707300007,17.008321559000024],[103.06845040600007,17.007590261000075],[103.06813932400007,17.005352498000036],[103.06708445800007,17.00280992200004],[103.06707789500007,17.002146104000076],[103.06751547300007,17.001549084000033],[103.06856836300005,17.000617582000075],[103.06859052000004,16.999674136000067],[103.06819046400005,16.999007147000043],[103.06686115100007,16.99818841800004],[103.06667178100008,16.997695692000036],[103.06737046600006,16.996556697000074],[103.06776025400006,16.995344729000067],[103.06731504700008,16.994801035000023],[103.06622483900009,16.99457336200004],[103.06618858200005,16.995291844000064],[103.06572342100009,16.99531716900003],[103.06543654200004,16.994663325000033],[103.06536978500009,16.993726218000063],[103.06577334200006,16.992714613000032],[103.06703213300005,16.992483931000038],[103.06724469500006,16.991877017000036],[103.06636891100004,16.990078724000057],[103.06803728700004,16.989096766000046],[103.06855655400005,16.988373529000057],[103.06937455800005,16.987939553000047],[103.06969898500006,16.98680723800004],[103.06934196300006,16.986170380000033],[103.06924274600004,16.985401961000036],[103.06855168800007,16.985029611000073],[103.06892381500006,16.984208760000058],[103.06996865700006,16.984299133000036],[103.07065450500005,16.984037070000056],[103.07146839800004,16.98257505500004],[103.07233911900005,16.983158092000053],[103.07249767800005,16.983628143000033],[103.07186954800005,16.98386854900002],[103.07191079600005,16.98432998900006],[103.07256243900008,16.984541766000063],[103.07308673300008,16.98398232900007],[103.07297170600003,16.982920171000046],[103.07303978600004,16.981487024000046],[103.07333466100005,16.981406280000044],[103.07413853900005,16.98196920500004],[103.07447253500004,16.981502085000045],[103.07412995700008,16.979788280000037],[103.07444866900005,16.979577793000033],[103.07554387200008,16.98014705500003],[103.07619709500005,16.97936934300003],[103.07616929400007,16.978921866000064],[103.07476815900009,16.978258839000034],[103.07482538600004,16.977703159000043],[103.07562251400009,16.97734458800005],[103.07714272800007,16.97767761600005],[103.07777417400007,16.977610885000047],[103.07753655500005,16.976572157000078],[103.07701642600006,16.976230687000054],[103.07710228000008,16.975696502000062],[103.07803186100006,16.975224361000073],[103.07876109400007,16.975298937000048],[103.07873775700006,16.97499645700003],[103.07790162000003,16.97405384500007],[103.07723726600005,16.97372030500003],[103.07782169400008,16.973148096000045],[103.07782284400008,16.97216602800006],[103.07832952300004,16.971804087000066],[103.07821694300009,16.970917907000057],[103.07706468400005,16.970032584000023],[103.07721313000008,16.96754491400003],[103.07827943000007,16.96655708000003],[103.07883318500006,16.96689946200007],[103.07911421600005,16.967849736000062],[103.08014711300007,16.967553741000074],[103.08078900300006,16.966972764000047],[103.08193864100008,16.966763508000042],[103.08265888700004,16.96585673100003],[103.08128096200005,16.963431654000033],[103.08091891400005,16.963050189000057],[103.08099324500006,16.96249780900007],[103.08233177400007,16.961648831000048],[103.08264831800005,16.96127927200007],[103.08384168700007,16.96059697100003],[103.08420755500003,16.959133030000032],[103.08447387200005,16.95874785600006],[103.08581785300004,16.958503364000023],[103.08714078300005,16.958602057000064],[103.08718500800006,16.95955958600007],[103.08787573200004,16.959470985000053],[103.08871942800005,16.958727276000047],[103.08957693000008,16.95895317000003],[103.09066019500005,16.958454464000056],[103.09079069200004,16.95926570900002],[103.09119319900009,16.959362218000024],[103.09272119800005,16.958504253000058],[103.09343354200007,16.958454687000028],[103.09410492300003,16.95934636000004],[103.09550120500006,16.95951130900005],[103.09596802100003,16.959271772000022],[103.09682159100004,16.957761987000026],[103.09802210800007,16.95741989000004],[103.09980324100007,16.95750785000007],[103.10011990800007,16.957800071000065],[103.10008333500008,16.95878969900002],[103.10092867600008,16.959611218000077],[103.10120082700007,16.960547684000062],[103.10239873700004,16.961127308000073],[103.10246965000005,16.96176764300003],[103.10372647600008,16.962540227000034],[103.10393702300007,16.963619075000054],[103.10497150700007,16.964024232000043],[103.10563045500004,16.964758352000047],[103.10659634800004,16.96531737300006],[103.10762441200006,16.965264540000078],[103.10878687800005,16.964675469000042],[103.10988804000004,16.963848546000065],[103.10961135100007,16.963385224000035],[103.10881082300006,16.963335904000076],[103.10872142400007,16.962895263000064],[103.10955038600008,16.96280710600007],[103.11054585300008,16.963283008000076],[103.11134296500006,16.96473583100004],[103.11217089700006,16.964511843000025],[103.11229147000006,16.965005991000055],[103.11158022000006,16.965815318000068],[103.11156361500008,16.966439180000066],[103.11243169400007,16.96683285900002],[103.11330350800006,16.965964416000077],[103.11319721800004,16.96423259000005],[103.11257206700009,16.963536893000025],[103.11225191400007,16.961930496000036],[103.11240216100003,16.961025891000077],[103.11271461900009,16.960842549000063],[103.11362350100006,16.961190128000055],[103.11506264300004,16.96134825300004],[103.11504550900008,16.962422340000046],[103.11437370500005,16.963350046000073],[103.11509716700004,16.96359337100006],[103.11573220700006,16.963129860000038],[103.11584541400003,16.96190365600006],[103.11630042800005,16.961211528000035],[103.11729689700007,16.961118657000043]]]},"properties":{"Shape_Leng":1.49283615293,"Shape_Area":0.0445383126843,"ADM2_EN":"Si That","ADM2_TH":"ศรีธาตุ","ADM2_PCODE":"TH4109","ADM1_EN":"Udon Thani","ADM1_TH":"อุดรธานี","ADM1_PCODE":"TH41","ADM0_EN":"Thailand","ADM0_TH":"ประเทศไทย","ADM0_PCODE":"TH"}},
{"type":"Feature","geometry":{"type":"Polygon","coordinates":[[[103.37281819200007,17.152702015000045],[103.37412476400004,17.149473948000036],[103.37584123300007,17.148345903000063],[103.37659048800003,17.147115437000025],[103.37681759000009,17.145783635000043],[103.37724160300007,17.14473344700002],[103.37738018400006,17.141810297000063],[103.37673987600004,17.140155321000066],[103.37654997100009,17.138704817000075],[103.37606339800004,17.13724491200003],[103.37573832500004,17.135464898000066],[103.37550311700005,17.13088616300007],[103.37460593800006,17.13157298300007],[103.37208771400009,17.13401605200005],[103.37147517100004,17.13447586700005],[103.36977075500005,17.13501998000004],[103.36923586600005,17.13504951300007],[103.36721123500007,17.133776116000035],[103.36648117400006,17.13376142000004],[103.36545564600004,17.135028684000076],[103.36513877000004,17.135058315000038],[103.36368916300006,17.134177221000073],[103.36360892900007,17.133872009000072],[103.36273330800009,17.13367279700003],[103.36191989300005,17.133130107000056],[103.36153086000007,17.13226178000002],[103.36169349500005,17.131781593000028],[103.36103938200006,17.130937378000056],[103.36103652900005,17.130406204000053],[103.36043435100004,17.12985616900005],[103.36037690200004,17.12811832500006],[103.36079401200004,17.128144794000036],[103.35979882800007,17.12698920500003],[103.36008786500008,17.12637933600007],[103.35912686600005,17.125493470000038],[103.35946403200006,17.124251812000068],[103.35903536200004,17.12337739000003],[103.35884076400004,17.12227866300003],[103.35909244200008,17.12176395800003],[103.35887060700009,17.120540951000066],[103.35796401700009,17.119323590000022],[103.35824601800005,17.11820952000005],[103.35794512600006,17.117211935000057],[103.35814246800004,17.11637663500005],[103.35753841700006,17.115218078000055],[103.35809254000009,17.11383241300007],[103.35839100400005,17.112291538000022],[103.35769947300008,17.111021987000072],[103.35779422900004,17.110304683000038],[103.35825937800007,17.109847123000065],[103.35992581200009,17.109350953000046],[103.35958968800009,17.10854115500007],[103.36012946600005,17.107977405000042],[103.36093834700006,17.108124804000056],[103.36050900400005,17.10733178600003],[103.36077292500005,17.10589660200003],[103.36033869700009,17.10530127000004],[103.36059387400007,17.104320708000046],[103.36021839000006,17.103849034000064],[103.35990844800006,17.104123637000043],[103.35969523500006,17.103432800000064],[103.36059944000004,17.102354121000076],[103.35992713200005,17.101513364000027],[103.35924463300006,17.09995071700007],[103.35921759200005,17.099176784000065],[103.35982174200007,17.099120025000047],[103.36014302700005,17.09863476000004],[103.35951243600005,17.097872030000076],[103.35879460500007,17.097710714000073],[103.35823435700007,17.096962979000068],[103.35882832100003,17.095794093000052],[103.35918474800008,17.095814804000042],[103.35907906300008,17.095181483000033],[103.35835848500005,17.095059770000034],[103.35833420900008,17.094653040000026],[103.35732890800006,17.093818790000057],[103.35724025400003,17.09304727800003],[103.35670057200008,17.092264183000054],[103.35670885500008,17.091589191000025],[103.35709576600004,17.091128232000074],[103.35677228600008,17.089838378000024],[103.35582203100006,17.089675584000076],[103.35511279900004,17.087841065000077],[103.35527869500004,17.08683036700006],[103.35405625400006,17.08596615700003],[103.35391560200009,17.084700075000057],[103.35403994800004,17.08347701400004],[103.35377496700005,17.08303152900004],[103.35412099100006,17.082649497000034],[103.35361287000006,17.08246439000004],[103.35394531300005,17.081839023000043],[103.35279962500005,17.08181150100006],[103.35250068000005,17.081213766000076],[103.35190206900006,17.08079726400007],[103.35066807300007,17.080735700000048],[103.35033318400008,17.080281682000077],[103.34974289900003,17.080111486000078],[103.35023942500004,17.079290911000044],[103.34975276700004,17.078845613000055],[103.35019053400003,17.078321048000078],[103.34990372900006,17.077308772000038],[103.35033344900006,17.07639627700007],[103.34977505400008,17.076360692000037],[103.34975231000004,17.075087412000073],[103.34911833700005,17.074229117000073],[103.34939971700004,17.073033675000033],[103.34876746300006,17.072446055000057],[103.34849286500008,17.072780515000034],[103.34681750500005,17.070261661000075],[103.34710978900006,17.069974397000067],[103.34661479700009,17.068655973000034],[103.34567769700004,17.068125947000055],[103.34519156100004,17.067015292000065],[103.34568570900007,17.06661465600007],[103.34512475800005,17.066515580000043],[103.34520683600005,17.06602769500006],[103.34570678900008,17.06578431500003],[103.34677287900007,17.06399639700004],[103.34719602900009,17.06212355400004],[103.34757305500005,17.062128802000075],[103.34773837300008,17.061509708000074],[103.34828002900008,17.061322048000022],[103.34795428000007,17.059992160000036],[103.34739657800009,17.05958223500005],[103.34740559300008,17.059175289000052],[103.34641980500004,17.058380171000067],[103.34710788900009,17.056646299000022],[103.34626078800005,17.05519442800005],[103.34622522600006,17.054354467000053],[103.34509356800004,17.053357236000068],[103.34585958600007,17.052150667000035],[103.34572811500004,17.05128165800005],[103.34675451200008,17.05110432200007],[103.34699610900009,17.050845245000062],[103.34673624600003,17.049551879000035],[103.34718185600008,17.049265261000073],[103.34673672700006,17.048931486000072],[103.34667741400006,17.048060273000033],[103.34716138000005,17.04790329100007],[103.34592841500006,17.04661588400006],[103.34422694000006,17.045840459000033],[103.34391549900005,17.046420040000044],[103.34345661600008,17.046489870000073],[103.34346599700007,17.04598711700004],[103.34304261100004,17.04521806400004],[103.34326929100007,17.04483107300007],[103.34269949800006,17.044521084000053],[103.34220254300004,17.04387066000004],[103.34114175100007,17.044126806000065],[103.34055113300008,17.043761715000073],[103.33982402600009,17.043967837000025],[103.33920796000007,17.04384366200003],[103.33832358700005,17.044150668000043],[103.33835192500004,17.045117180000034],[103.33725406400004,17.04586449100003],[103.33632254400004,17.044532380000078],[103.33509190300003,17.04452911900006],[103.33381883600003,17.045302984000045],[103.33312680500006,17.04554448300007],[103.33296401700005,17.046422308000047],[103.33265366600006,17.04657012900003],[103.33214085500003,17.046034288000044],[103.33199716100006,17.046507975000054],[103.33135680700008,17.046771524000064],[103.33092613000008,17.046410786000024],[103.33106190100006,17.04577014800003],[103.33021415600007,17.04514897000007],[103.33079111400008,17.04488794300005],[103.33021276100004,17.04380782900006],[103.33099205300005,17.043246976000034],[103.33123759300008,17.042288409000037],[103.33078895800008,17.041968922000024],[103.33115347700004,17.041266690000043],[103.33018738300007,17.041318113000045],[103.32935566800006,17.040031614000043],[103.32988579700009,17.039460425000073],[103.33002101200009,17.038350453000078],[103.33040447000008,17.03804952100006],[103.32999385500005,17.037465775000044],[103.33018130700003,17.037015861000043],[103.32975311600006,17.03668420500003],[103.33000830300006,17.036250264000046],[103.32940788400003,17.03541933300005],[103.32995886200007,17.034736028000054],[103.32949603500003,17.03422507700003],[103.32835521500004,17.03449655000003],[103.32843015400005,17.033494352000048],[103.32742227000006,17.03350960800003],[103.32686544900008,17.033250043000066],[103.32725488400007,17.032530784000073],[103.32679612200008,17.031366422000076],[103.32604305600006,17.031070397000065],[103.32632842200007,17.030683577000048],[103.32599579500004,17.03017036600005],[103.32707153600006,17.02925829700007],[103.32727054200006,17.028487147000078],[103.32905684700006,17.029642591000027],[103.33032605700004,17.03079099000007],[103.33122398800003,17.031397119000076],[103.33295208800007,17.03221734400006],[103.33373600300007,17.03238595600004],[103.33528733800006,17.03218202900007],[103.33708099500006,17.03116582100006],[103.33880866700008,17.02955491800003],[103.34005601300004,17.02867965400003],[103.34360630600008,17.027031068000042],[103.34668771800006,17.026613475000033],[103.34819793800006,17.026892575000034],[103.34945493900005,17.027480903000026],[103.35085195500005,17.02831254700004],[103.35167804100007,17.02840494900005],[103.35215579100009,17.028198866000025],[103.35358383400006,17.026798996000025],[103.35356533500004,17.02598385700003],[103.35300743300007,17.024890705000075],[103.34953356000005,17.020469210000044],[103.34831662100004,17.018249316000038],[103.34737136100006,17.01718085300007],[103.34638930500006,17.016819800000064],[103.34679412400004,17.01479622100004],[103.34658584700009,17.013783197000066],[103.34446229500008,17.010235024000053],[103.34361983500008,17.00934069500005],[103.34235017700007,17.00687825600005],[103.34197056600004,17.006883947000063],[103.34157510900008,17.005876125000043],[103.33963885000009,17.002881796000054],[103.33947650100004,17.002226010000072],[103.33819891400009,17.00231866400003],[103.33779710600004,17.001591708000035],[103.33694141000007,17.000580223000043],[103.33634028400007,16.999557854000045],[103.33557792700009,16.998646766000036],[103.33434583900004,16.997777899000027],[103.33293060600005,16.99713431600003],[103.33049349900006,16.99646792300007],[103.32839216000008,16.996441841000035],[103.32550102900007,16.99716354700007],[103.32329802400005,16.996719160000055],[103.32285262700003,16.99679663200004],[103.32176773200007,16.996031532000075],[103.32048074500005,16.993328297000062],[103.31967907300003,16.992700742000068],[103.31929133500006,16.99181760700003],[103.31867937300007,16.989502725000023],[103.31740604600009,16.98965774000004],[103.31654944200005,16.988725846000023],[103.31656606600006,16.988284578000048],[103.31747005500006,16.987822356000038],[103.31796981700006,16.986833099000023],[103.31881249200006,16.98653691900006],[103.31892721200006,16.986055683000075],[103.31985409400005,16.985330748000024],[103.31968894700009,16.983442834000073],[103.31880244700005,16.982647086000043],[103.31879241000007,16.982074715000067],[103.31816954100003,16.981483449000052],[103.31852669300008,16.980902180000044],[103.31707040300006,16.980053398000052],[103.31722578600005,16.979280912000036],[103.31780605300008,16.978812404000053],[103.31778398600005,16.977633713000046],[103.31834714000007,16.97775987700004],[103.31856344900007,16.976816002000078],[103.31921300300007,16.976351640000075],[103.32034264100008,16.976894250000043],[103.32090785600008,16.976083390000042],[103.32216153300004,16.975689584000065],[103.32263942400004,16.976300422000065],[103.32350807000006,16.975498794000032],[103.32328413700009,16.974896778000073],[103.32383130700003,16.974104837000027],[103.32538581500006,16.973285357000066],[103.32597863400008,16.972457571000064],[103.32568853000004,16.972108681000066],[103.32598335100005,16.971358975000044],[103.32577780600008,16.970629574000043],[103.32638265600008,16.970953938000036],[103.32643473100006,16.970341623000024],[103.32614287700005,16.969716767000023],[103.32649700000007,16.969100293000054],[103.32678720700005,16.969359121000025],[103.32766521600007,16.96841691700007],[103.32708766300004,16.968171212000073],[103.32722940400004,16.967381009000064],[103.32801334600003,16.967111887000044],[103.32743015200003,16.966790695000043],[103.32735328800004,16.96614173000006],[103.32684261700007,16.965651195000078],[103.32702110700006,16.96488716600004],[103.32754500700008,16.96412588900006],[103.32832732100007,16.963624512000024],[103.32747193100005,16.961502993000067],[103.32782943000007,16.960971146000077],[103.32718109900009,16.960111814000072],[103.32750767700009,16.959514676000026],[103.32813134800006,16.95924725200007],[103.32790567300003,16.95837502300003],[103.32833144100005,16.957761041000026],[103.32851855200005,16.95804950300004],[103.32924619000005,16.957947955000066],[103.33001993800008,16.956880931000057],[103.32958629200004,16.956598513000074],[103.32985518500004,16.955303206000053],[103.32942079900005,16.954806380000036],[103.32965112400007,16.95416410000007],[103.32933710500004,16.953526758000066],[103.32958379000007,16.953016001000037],[103.32926136900005,16.952272464000032],[103.32958357700005,16.951957693000054],[103.32910494000004,16.95168645800004],[103.32886760600007,16.950920606000068],[103.32935066100003,16.950079191000043],[103.32924468200008,16.949292170000035],[103.32822358700008,16.94844018300006],[103.32863150700007,16.94797221300007],[103.32893489700007,16.94821368500004],[103.32956210300006,16.947697102000063],[103.32978946300005,16.946911328000056],[103.32958880600006,16.94625581200006],[103.32909359200005,16.946417788000076],[103.32918808700003,16.94558416800004],[103.32890055900003,16.944810907000033],[103.32813169700006,16.944881174000045],[103.32781377200007,16.94420789000003],[103.32717714100005,16.94420466200006],[103.32746173200007,16.943443926000043],[103.32726617300006,16.942845913000042],[103.32671677600007,16.942286387000024],[103.32750255500008,16.94181474800007],[103.32737241700005,16.941397954000024],[103.32770364600003,16.94058016400004],[103.32726106300004,16.939734017000035],[103.32711828600009,16.938033037000025],[103.32758747800005,16.937687397000047],[103.32735095700008,16.937279149000062],[103.32782653700008,16.93667667400007],[103.32719280400005,16.936195187000067],[103.32745346900003,16.935172116000047],[103.32689363200006,16.934105355000042],[103.32696813300004,16.933552473000077],[103.32754524200004,16.932752867000033],[103.32839744200004,16.930993348000072],[103.32930960000004,16.930545536000068],[103.32962690600004,16.929223470000068],[103.33037049900008,16.927985238000076],[103.33025507000008,16.927488611000058],[103.32934369500003,16.926371104000054],[103.32936076000004,16.925737553000033],[103.33011977600006,16.924071163000065],[103.33231215400008,16.92309393200003],[103.33402041600004,16.922801122000067],[103.33846116200004,16.922937580000053],[103.33947818000007,16.922887547000073],[103.34365534600005,16.921941537000066],[103.34574687100007,16.921672648000026],[103.34963697800004,16.92136373900007],[103.35080698200005,16.920909530000074],[103.35162567600008,16.920008279000058],[103.35394222400004,16.917181974000073],[103.35457980400008,16.916558740000028],[103.35659190000007,16.915246653000054],[103.35950597100003,16.913975484000048],[103.36104166000007,16.912959732000047],[103.36358528700003,16.91053318400003],[103.36450808200004,16.90988534400003],[103.36674011700006,16.908576561000075],[103.36732434400005,16.90813569200003],[103.36846390100004,16.906737858000042],[103.36969850800006,16.904067661000056],[103.37002883400004,16.903606078000053],[103.37096846600008,16.903015465000067],[103.37217395000005,16.902715759000046],[103.37394668600007,16.902890961000026],[103.37476327600007,16.903219144000047],[103.37650276700003,16.904252409000037],[103.38019802800005,16.906294825000032],[103.38505071900005,16.902812538000035],[103.38559802600008,16.902299583000058],[103.38652938100006,16.90101492100007],[103.38890607700006,16.897172166000075],[103.38957296000007,16.896365820000028],[103.39056895100003,16.895843193000076],[103.39376532900008,16.895172255000034],[103.39522303500007,16.894129230000033],[103.39590401700008,16.89296265200005],[103.39648669800005,16.889591263000057],[103.39740708400006,16.888310218000072],[103.40247003900004,16.884826667000027],[103.40390341000005,16.88351009400003],[103.40482013100006,16.882180837000078],[103.40625654900003,16.878252559000032],[103.40739138300006,16.87597273700004],[103.40986863700005,16.87292767100007],[103.41069206300006,16.87149091300006],[103.41274978300004,16.864591549000068],[103.41286408100007,16.863036366000074],[103.41262068300006,16.86198669500004],[103.41193877200004,16.86096254200004],[103.41046845000005,16.859944099000074],[103.40076142800007,16.854806452000048],[103.40818987100005,16.850746808000054],[103.40934427400003,16.849606822000055],[103.40984986200004,16.848135677000073],[103.41004426500007,16.844160552000062],[103.41022024400007,16.843053903000055],[103.41062270400005,16.842011858000035],[103.41518445900005,16.83295895400005],[103.41595804000008,16.830883718000052],[103.41689539300006,16.826611289000027],[103.41798327700008,16.81947524000003],[103.41773184500005,16.81676548300004],[103.41734410700008,16.815805829000055],[103.41675018200004,16.814911102000053],[103.41325744200009,16.810965719000023],[103.41282510400004,16.810051007000027],[103.41274072300007,16.80838080500007],[103.41313229400004,16.80753638500005],[103.41366030300009,16.807004590000076],[103.42162529600006,16.803074037000044],[103.43257771800006,16.813098628000034],[103.43484178800009,16.815425679000043],[103.43668690900006,16.81741525500007],[103.43769287500004,16.818680476000054],[103.43870462900009,16.82019305700004],[103.44139263500006,16.825303790000078],[103.44246494900005,16.826575761000072],[103.44485078600007,16.82837619000003],[103.44527824200009,16.828787231000035],[103.44614005500006,16.83047624200003],[103.44680473900007,16.831427052000038],[103.44903832800009,16.83353177600003],[103.44972872700004,16.834482008000066],[103.44990038300006,16.836291930000073],[103.44966148500004,16.837202004000062],[103.44916821100009,16.837983803000043],[103.44686235400007,16.83928135700006],[103.44624264000004,16.841215962000035],[103.44525531300008,16.84226756700002],[103.44417210800003,16.842947304000063],[103.44335854100007,16.84399320600005],[103.44312365000008,16.845629287000065],[103.44322022200004,16.847351280000055],[103.44357943200004,16.848075601000062],[103.44426501600009,16.848530578000066],[103.44604100200007,16.849016704000064],[103.44730404600006,16.85097410800006],[103.44784618700004,16.85144421700005],[103.44987991200009,16.85182290800003],[103.45060288900004,16.852562415000023],[103.45333058900007,16.859801321000077],[103.45421665900005,16.86424491400004],[103.45484695000005,16.865552940000043],[103.45626651300006,16.866984552000076],[103.45700738300008,16.867339654000034],[103.45923794100008,16.867922157000066],[103.45983586000006,16.868575777000046],[103.46038512600006,16.870742739000036],[103.46092000200008,16.871412204000023],[103.46335262000008,16.873025452000036],[103.46450404900008,16.874521430000073],[103.46519719100007,16.874585730000035],[103.46713602600005,16.874078530000077],[103.46804139200003,16.873986111000022],[103.46878039300009,16.874190721000048],[103.47004591500007,16.875086766000038],[103.47036128100007,16.87624358100004],[103.47004912700004,16.878148749000047],[103.47017827100007,16.878750962000026],[103.47106322600007,16.880856605000076],[103.47113868000008,16.881683765000048],[103.47084066500008,16.884041328000023],[103.47108923200005,16.885872085000074],[103.47199073900003,16.886662220000062],[103.47249648300004,16.886314742000025],[103.47375897700005,16.883887521000077],[103.47466547400006,16.88376093900007],[103.47561839400004,16.884592561000034],[103.47583707800004,16.885616345000074],[103.47674715700003,16.886216157000035],[103.47904114100004,16.886694013000067],[103.47965443400005,16.887213747000033],[103.47995562000006,16.88816091700005],[103.47953827400005,16.888997894000056],[103.47838533500004,16.88986698800005],[103.47813203100009,16.890262937000045],[103.47823652800008,16.89165243900004],[103.47869209200007,16.892518523000035],[103.48051955100004,16.895201589000067],[103.48261991700008,16.89739700900003],[103.48320767000007,16.89987956300007],[103.48331884600009,16.901844416000074],[103.48368931100003,16.903064107000034],[103.48423418100003,16.903784303000066],[103.48495367300006,16.90418581700004],[103.48550337500006,16.904169806000027],[103.48671890600008,16.90349850800004],[103.48886699800005,16.902033302000063],[103.49027075900005,16.902053186000046],[103.49087435600006,16.90255902000007],[103.49117572500006,16.903560124000023],[103.49133948300005,16.905235520000076],[103.49166146300007,16.907026579000046],[103.49113084500004,16.908148692000054],[103.48923951800003,16.90929310100006],[103.48814055800005,16.91080682100005],[103.48822939700005,16.91143094800003],[103.48879809900006,16.911903143000075],[103.49009410900004,16.912584437000078],[103.49064726400007,16.913391810000064],[103.49070730900007,16.914771350000024],[103.49056926900005,16.91732769300006],[103.49026832400006,16.918735980000065],[103.49022803900004,16.919742374000066],[103.49044959100007,16.92097425000003],[103.49083766400008,16.921435624000026],[103.49239296200005,16.92234641500005],[103.49284571600003,16.92300255600003],[103.49308334100004,16.924572497000042],[103.49375973700006,16.92757784300005],[103.49287812300008,16.928793331000065],[103.49174887400005,16.929620938000028],[103.48933755300004,16.92960540200005],[103.48872914900005,16.930172291000076],[103.48851798500004,16.931138136000072],[103.48753483300004,16.931897079000066],[103.48724226500008,16.93251498500007],[103.48706763300004,16.934498231000077],[103.48720999900007,16.93684536300003],[103.48716791500004,16.938260722000052],[103.48674674100005,16.940215814000055],[103.48707036500008,16.941742291000025],[103.48781994200004,16.943115662000025],[103.49006776600004,16.944562017000067],[103.49086999200006,16.945802565000065],[103.49227515900009,16.947103113000026],[103.49254853000008,16.94763046500003],[103.49283991600004,16.949072281000042],[103.49395382000006,16.952092892000053],[103.49407481400004,16.952743784000063],[103.49378994600005,16.954283244000067],[103.49274032900007,16.954912872000023],[103.49155101300005,16.95589655300006],[103.49141985400007,16.956379600000048],[103.49196976200005,16.957919981000032],[103.49283759300005,16.959250061000034],[103.49307647400008,16.96041894500007],[103.49359202400007,16.961800894000078],[103.49448174600008,16.963327639000056],[103.49507672700008,16.963641006000046],[103.49656718600005,16.96373653200004],[103.49701879400004,16.964226780000047],[103.49672677500007,16.964692378000052],[103.49532785300005,16.965620553000065],[103.49480749300005,16.966391088000023],[103.49590721600003,16.967439640000066],[103.49579913200006,16.968136299000037],[103.49502439100007,16.968694997000057],[103.49437619000008,16.969706131000066],[103.49471838900007,16.97043757000006],[103.49518025800006,16.97067198900004],[103.49619641100008,16.97056046000006],[103.49793059600006,16.970062909000035],[103.49849742900005,16.969736322000074],[103.49892070900006,16.96834810200005],[103.49994871400008,16.968060734000062],[103.50059700100007,16.968725065000058],[103.50049509200005,16.96958422700004],[103.49968965700003,16.970485591000056],[103.49824592300007,16.971545199000047],[103.49818099600009,16.97224608500005],[103.49873761400005,16.97242949100007],[103.50129643700006,16.97225536600007],[103.50182598800006,16.972544681000045],[103.50196249200008,16.97381755200007],[103.50284948900008,16.974822795000023],[103.50238889000008,16.977587888000073],[103.50262677900008,16.978822795000042],[103.50309215200008,16.979120677000026],[103.50332681200007,16.98001079000005],[103.50315949800006,16.980981434000057],[103.50239989700003,16.98154697700005],[103.50198269400005,16.982276985000055],[103.50213834100003,16.982727005000072],[103.50341191300004,16.982967125000073],[103.50536321800007,16.983046628000068],[103.50578027700004,16.98341554600006],[103.50603927800006,16.985169815000063],[103.50694235700007,16.986748438000063],[103.50895041500007,16.98710714200007],[103.50979410800005,16.987555962000044],[103.51157160900004,16.988220160000026],[103.51351902400006,16.98928175700007],[103.51374723900005,16.989527354000074],[103.51346803800004,16.99106627200007],[103.51407562500003,16.99176144000006],[103.51496708700006,16.991779046000033],[103.51524681000006,16.992598199000042],[103.51494170300003,16.994572712000036],[103.51518924900006,16.995617279000044],[103.51608361800004,16.996813409000026],[103.51718001000006,16.997032113000046],[103.51849229800007,16.99756284700004],[103.51891230100006,16.99806131500003],[103.51972307100004,16.997932895000076],[103.51999244900009,16.99849480100005],[103.52007120500008,16.999737973000038],[103.51869769600006,17.00156684500007],[103.51810084800007,17.002746768000065],[103.51800054800003,17.00352110600005],[103.51829001700008,17.00437728600002],[103.51947799000004,17.006468098000028],[103.51954743600004,17.006864541000027],[103.51853337100005,17.009626437000065],[103.51818478900009,17.011356970000065],[103.51820083800004,17.012757387000022],[103.51801016200005,17.013598675000026],[103.51703811100003,17.016151016000038],[103.51707462000007,17.01675657900006],[103.51631495800007,17.020090931000027],[103.51653681800008,17.021646393000026],[103.51649169500007,17.022982752000075],[103.51688860500008,17.024987724000027],[103.51672561000004,17.025369753000064],[103.51577220100006,17.025633626000058],[103.51549106200008,17.025975579000033],[103.51526979400006,17.027400718000024],[103.51566589600009,17.028510608000033],[103.51635658700008,17.02962882500003],[103.51761755700005,17.03085242700007],[103.51838655000006,17.032419740000023],[103.51865742700005,17.034206909000034],[103.51745613600008,17.035056999000062],[103.51571633500004,17.035564670000042],[103.51344593200008,17.035757223000076],[103.51276916900008,17.035686526000063],[103.51141713000004,17.03605630900006],[103.51119230500007,17.036540347000027],[103.51149348100006,17.037210335000054],[103.51260839700006,17.037782968000045],[103.51456030800006,17.040467272000058],[103.51542568500008,17.041405186000077],[103.51531297200006,17.042304466000076],[103.51432021100004,17.043458350000037],[103.51360630000005,17.043878823000057],[103.51228592800004,17.043751963000034],[103.51010216700007,17.043244309000045],[103.50813744300007,17.043424767000033],[103.50745002400004,17.043798478000042],[103.50786398700006,17.04462606100003],[103.51030922900009,17.046567552000056],[103.51116932200006,17.04766203500003],[103.51153441800005,17.049475189000077],[103.51196373100004,17.049898063000057],[103.51351308800008,17.05052362600003],[103.51434191300007,17.050475015000075],[103.51520837600003,17.049478216000068],[103.51618316500009,17.048733257000038],[103.51718491300005,17.04837546300007],[103.51844533400003,17.049247708000053],[103.51895740200007,17.049852908000048],[103.51962219600006,17.051372782000044],[103.51894392700007,17.052068388000066],[103.51672771500006,17.052489786000024],[103.51667361100004,17.05314174700004],[103.51738907600009,17.05430577000004],[103.51973290000007,17.05657476600004],[103.51988704400009,17.057169387000044],[103.51964020200006,17.058914806000075],[103.52014733900006,17.05935960200003],[103.52157281600006,17.059165994000068],[103.52295938900005,17.05799134500006],[103.52361157800004,17.058008373000064],[103.52535655200006,17.058575440000027],[103.52559123300006,17.059008016000064],[103.52696953900005,17.063216927000042],[103.52810636000004,17.063105611000026],[103.52946965600006,17.062425397000027],[103.53009295400005,17.062602035000054],[103.53113644700005,17.06347134500004],[103.53348915300006,17.06395943600006],[103.53473626600004,17.064437089000023],[103.53685385900008,17.065609963000043],[103.53722615300006,17.06598606600005],[103.53721493600005,17.066728866000062],[103.53602149400007,17.068233462000023],[103.53574581200007,17.06917177300005],[103.53502538100008,17.070511074000024],[103.53516080600008,17.071072856000058],[103.53744503700005,17.071525983000072],[103.53772327600007,17.071974644000022],[103.53790584400008,17.073078546000033],[103.53930874200006,17.07400021500007],[103.54066799700007,17.074518503000036],[103.54076769800008,17.075179693000052],[103.54038674500003,17.075388687000043],[103.53874814900007,17.075682162000078],[103.53844033800004,17.07594381900003],[103.53820476500005,17.076850999000044],[103.53841494900007,17.07751724800005],[103.53917576600008,17.07834592200004],[103.54023695800004,17.079081952000024],[103.54119880400003,17.079348710000033],[103.54216230300005,17.07917578200005],[103.54327495400008,17.079203954000036],[103.54492115000005,17.079936071000077],[103.54588235300008,17.079700441000057],[103.54663203600006,17.079227565000053],[103.54718670700004,17.07917358700007],[103.54780002200005,17.07973329200007],[103.54770875100007,17.081600603000027],[103.54915842600008,17.08378125100006],[103.54905361300007,17.08461012300006],[103.54822750200009,17.08616334900006],[103.54753284100008,17.08793932900005],[103.54835535700005,17.08898464500004],[103.54980806400005,17.088845697000068],[103.55252644600006,17.087904766000065],[103.55424437900007,17.088195769000038],[103.55697282100004,17.087501565000025],[103.55773179400006,17.08639443800007],[103.55847689300003,17.086478398000054],[103.56029651300008,17.08783313200007],[103.56057191400004,17.090980311000067],[103.56155673000006,17.091411460000074],[103.56157429400008,17.09234131900007],[103.56214972500004,17.093497437000053],[103.56339643900009,17.09338739100002],[103.56406024200004,17.093669112000043],[103.56598216200007,17.09224839500007],[103.56645300900004,17.09221159300006],[103.56694754700004,17.092677523000077],[103.56871551900008,17.09302285700005],[103.56949449600006,17.093644596000047],[103.57012856300008,17.09339999900004],[103.57017305200009,17.092888629000072],[103.56957971500003,17.09183148900007],[103.56985427400008,17.091619925000032],[103.57195316500008,17.091575723000062],[103.57295602200008,17.09099311700004],[103.57331688900007,17.092109747000052],[103.57462053600005,17.09269727800006],[103.57485524500004,17.092504010000027],[103.57497044900003,17.091189646000032],[103.57527010700005,17.090890604000037],[103.57570916200007,17.091479968000044],[103.57587244000007,17.09363727500005],[103.57506167900004,17.094125017000067],[103.57550602600008,17.094470211000043],[103.57611213900009,17.095524822000073],[103.57690334300008,17.095272957000077],[103.57722953400008,17.095958886000062],[103.57741753200008,17.097396608000054],[103.57656048000007,17.098557524000057],[103.57665576300008,17.099496131000024],[103.57701644800005,17.099794992000056],[103.57773236500009,17.099772717000064],[103.57800651700006,17.100145371000053],[103.57774206700009,17.101124365000032],[103.57792762300005,17.101723396000068],[103.57998696100009,17.101952287000074],[103.58185404500006,17.10076650600007],[103.58387897100005,17.099842830000057],[103.58524040000003,17.099612197000056],[103.58624370000007,17.09921550200005],[103.58656956000004,17.099693245000026],[103.58753801500006,17.100378807000027],[103.58785600100003,17.100160019000043],[103.58778441100009,17.098906937000038],[103.58831268400007,17.09787547600007],[103.58811778700004,17.096479594000073],[103.58769940800005,17.095567032000076],[103.58805754500008,17.094983237000065],[103.58913799900006,17.095271653000054],[103.59084464900008,17.094774186000052],[103.59143179300008,17.093960500000037],[103.59183663800007,17.093779427000072],[103.59237221700005,17.09408872100005],[103.59380308200008,17.09577130200006],[103.59493195800007,17.095813882000073],[103.59565451200007,17.095533302000035],[103.59751834700006,17.09576542900004],[103.59839079000005,17.096624339000073],[103.59888276900006,17.096866051000063],[103.59986720300009,17.096827915000063],[103.60010657900006,17.098454711000045],[103.60050723200004,17.09964453400005],[103.60117231700008,17.100059420000036],[103.60183040400005,17.099274927000067],[103.60244638300009,17.09748669800007],[103.60170152900008,17.096948652000037],[103.60164924600008,17.095819461000076],[103.60191467400006,17.095164984000064],[103.60277831700006,17.095057273000066],[103.60391753200008,17.09530796300004],[103.60431439600006,17.095911649000072],[103.60462050800004,17.095433659000037],[103.60486104000006,17.095893955000065],[103.60436046600006,17.097284310000077],[103.60555623500005,17.09759410600003],[103.60647946800003,17.099183930000038],[103.60724519600006,17.099637123000036],[103.60767398500008,17.099210122000045],[103.60813217400005,17.09776168800005],[103.60887045800007,17.09749295200004],[103.60921762600009,17.096254230000056],[103.60968532300006,17.09605020400005],[103.61140534400005,17.096100359000047],[103.61153165500008,17.09555074800005],[103.61093367400008,17.094915526000023],[103.61133845700004,17.094455460000063],[103.61263005800004,17.09451325300006],[103.61396353900005,17.094393720000028],[103.61480839800004,17.094073069000046],[103.61570989400008,17.09508433700006],[103.61613905400009,17.09498949300007],[103.61658539700005,17.094254914000032],[103.61751931000003,17.093415139000058],[103.61776809300005,17.092457422000052],[103.61895101900006,17.092379489000052],[103.62074341900006,17.092853047000062],[103.62049395500009,17.091688652000073],[103.61998540900004,17.09115319800003],[103.62066245900007,17.091126936000023],[103.62106647000007,17.091541926000048],[103.62102270800005,17.09074878000007],[103.62183477500008,17.090002919000028],[103.62112455500005,17.089716931000055],[103.62081061400005,17.08907017200005],[103.62141542900008,17.088236428000073],[103.62139542700004,17.087706258000026],[103.62229078100006,17.086727847000077],[103.62372605300004,17.086040170000047],[103.62420224400006,17.086236023000026],[103.62474680700007,17.085932568000032],[103.62489185000004,17.085365438000053],[103.62427205500006,17.08485433000004],[103.62449953500004,17.084371459000067],[103.62583501200004,17.083351883000034],[103.62652314200005,17.08315847500006],[103.62697994600006,17.082413934000044],[103.62696798500008,17.081930078000028],[103.62645657600007,17.080908617000034],[103.62693481200006,17.080010397000024],[103.62751524600009,17.079926449000027],[103.62872607200006,17.07918086500007],[103.62855948500004,17.078611249000062],[103.62754280100006,17.07801457100004],[103.62752364100004,17.07701348100005],[103.62840103200006,17.07606484200005],[103.63009153500008,17.07601610200004],[103.63150532200007,17.076117603000057],[103.63202101400009,17.07586917200007],[103.63264152400006,17.07468222500006],[103.63321856200008,17.074216044000025],[103.63431395800006,17.074092420000056],[103.63523809000009,17.073389559000077],[103.63579084100007,17.07238016200006],[103.63636313200004,17.071847595000065],[103.63861246400006,17.07095028300006],[103.63905754300004,17.070377536000024],[103.63896007500006,17.066858152000066],[103.63925998700006,17.066303497000035],[103.63886118000005,17.06529197800006],[103.63891896400008,17.064440323000042],[103.63961848800005,17.062990413000023],[103.63971937400004,17.062346666000053],[103.63948687700008,17.06076818300005],[103.63987090500007,17.058391372000074],[103.64120029900005,17.057267117000038],[103.64319087000007,17.054322979000062],[103.64390054900008,17.05412369000004],[103.64446217900007,17.054786007000075],[103.64513696100005,17.054934888000048],[103.64552837300005,17.053994087000035],[103.64740872800007,17.05381095200005],[103.64725787000003,17.052846963000036],[103.64777099600008,17.052739762000044],[103.64854779700005,17.053070432000027],[103.64916994800006,17.05255320200007],[103.64938160700007,17.051325762000033],[103.65005547900006,17.050800908000042],[103.65096279100004,17.048971376000054],[103.65279808200006,17.047703356000056],[103.65295407400004,17.04717911000006],[103.65265659300007,17.046720194000045],[103.65271870800007,17.045231563000073],[103.65241259900006,17.04394284400007],[103.65230281700008,17.042600778000065],[103.65238128200008,17.041440126000055],[103.65200029100004,17.040519029000052],[103.65259565100007,17.040212231000055],[103.65238813700006,17.039092725000046],[103.65183229200005,17.038711024000065],[103.65196450200006,17.037857622000047],[103.65160855200008,17.037225878000072],[103.65143855700006,17.035804761000065],[103.65066050600007,17.035987093000074],[103.65085462200005,17.03452266100004],[103.64975337700008,17.03299041200006],[103.64949358300004,17.031721419000064],[103.64902603000007,17.030711343000064],[103.64929861600007,17.02989328500007],[103.64871837500004,17.02947616700004],[103.64867668200009,17.028895555000076],[103.64816162900007,17.02810359600005],[103.64744144800005,17.02771540200007],[103.64775687100007,17.02545189700004],[103.64717532200007,17.025446806000048],[103.64678383500006,17.02480836700005],[103.64714589300007,17.024380909000058],[103.64723126300004,17.02347368900007],[103.64778244000007,17.023329223000076],[103.64840241800005,17.022472495000045],[103.64991602200007,17.02144702800007],[103.65043948900006,17.021249080000075],[103.65912214900004,17.019172097000023],[103.66001621400005,17.019124496000074],[103.66212023000008,17.019615229000067],[103.66099844400009,17.024029719000055],[103.66090915300003,17.026116901000023],[103.66069663600007,17.026714131000062],[103.65999510500006,17.027576917000033],[103.65977831200007,17.028436777000024],[103.65991776700008,17.034816715000034],[103.66004361100005,17.035830734000058],[103.65986251600003,17.036899547000075],[103.66033747800009,17.039476302000025],[103.66090321300004,17.041522221000037],[103.66142704400005,17.042752908000068],[103.66278649200007,17.045353099000067],[103.66486650600007,17.048070363000022],[103.66527029700006,17.049042926000027],[103.66590134200004,17.051141052000048],[103.66637735700004,17.054064012000026],[103.66633965900007,17.054491313000028],[103.66542805600005,17.056801956000072],[103.66249306300006,17.06007659900007],[103.66177062000008,17.061704103000068],[103.66189160900007,17.064490524000064],[103.66165113900007,17.065877245000024],[103.66072801200005,17.066918718000068],[103.65868232000008,17.067717535000043],[103.65666668400007,17.068229262000045],[103.65579664400008,17.068662927000048],[103.65474683600007,17.06985048400003],[103.65407876400008,17.07142304200005],[103.65415043200005,17.073840311000026],[103.65442697600008,17.075759789000074],[103.65608176800004,17.083516213000053],[103.65702924700008,17.084778222000068],[103.65974098500004,17.086509740000054],[103.66143596300009,17.088088808000066],[103.66203377900007,17.088926877000063],[103.66305568200005,17.090850291000038],[103.66354133100003,17.092414175000044],[103.66406506200008,17.095504521000066],[103.66504785700005,17.098970515000076],[103.66539114300008,17.101155044000052],[103.66575433600008,17.10231862200004],[103.66720524200008,17.104534527000055],[103.66790066000004,17.105202709000025],[103.66806857200004,17.10588413100004],[103.66629539100006,17.10766901900007],[103.66451164800009,17.109834465000063],[103.66385958000006,17.110325768000052],[103.66188380000006,17.111258837000037],[103.65903632400006,17.113173586000073],[103.65845198400007,17.113481887000034],[103.65639296400008,17.11407501900004],[103.65323315100005,17.11442098200007],[103.65043831900005,17.11448666000007],[103.64671009200003,17.114274343000034],[103.64484206900005,17.114699504000043],[103.64330057900008,17.114234202000034],[103.64241575600005,17.11382324300007],[103.64152756700008,17.113163288000067],[103.64045735400003,17.112081076000038],[103.63921582600005,17.111469770000042],[103.63844560800004,17.11144981700005],[103.63744078800005,17.11222770200004],[103.63691102000007,17.11331040700003],[103.63663957500006,17.114989370000046],[103.63663496800007,17.11801310900006],[103.63648425100007,17.11994422300006],[103.63624338500006,17.120752663000076],[103.63416853700005,17.124270516000024],[103.63181766700006,17.129316192000033],[103.62964815500004,17.133494851000023],[103.62801113800003,17.136291036000046],[103.62580850900008,17.13861369500006],[103.62386577900008,17.140778443000045],[103.62342631300004,17.14142010300003],[103.62252229800004,17.14343127500007],[103.62225452100006,17.14509027400004],[103.62233952200006,17.147638270000073],[103.62215665900004,17.148683753000057],[103.62125278200006,17.150122132000035],[103.62022373500008,17.15072281600004],[103.61894967300009,17.150915093000037],[103.61764589200004,17.150777337000022],[103.61501986000007,17.150011980000045],[103.61387506300008,17.15042722800007],[103.61279342800003,17.15491094600003],[103.61230979900006,17.156630757000073],[103.61126393200004,17.15842834800003],[103.60908569900005,17.159742617000063],[103.60700201800006,17.160355223000067],[103.60601375700008,17.16113110200007],[103.60331793000006,17.164152066000042],[103.60248410300005,17.165516282000056],[103.60201055000005,17.166737753000064],[103.60139176700005,17.168877258000066],[103.60051532200004,17.169650570000044],[103.59937783500004,17.17005319200007],[103.59490652200009,17.17031664700005],[103.59437905900006,17.170490099000062],[103.59383424000004,17.171094405000076],[103.59308499700006,17.171353623000073],[103.59179966000005,17.171436733000064],[103.59001346300005,17.170948833000068],[103.58901124200008,17.169822620000048],[103.58778944700003,17.168146834000027],[103.58676043300005,17.16697444500005],[103.58271053300007,17.16336214000006],[103.58090455100006,17.162076484000067],[103.57929235300008,17.161283370000035],[103.57712651000008,17.16076668100004],[103.57586119600006,17.160330196000075],[103.57496867600008,17.15974740200005],[103.57264483500006,17.157303365000075],[103.57145789000003,17.15700075500007],[103.56844451400008,17.157039990000044],[103.56725902800008,17.157619297000053],[103.56699421600007,17.158321216000047],[103.56664658800008,17.16022883000005],[103.56613271900005,17.16120488000007],[103.56360691600008,17.16367067500005],[103.56196501300008,17.165093313000057],[103.56108970500009,17.165566071000057],[103.55931324500006,17.165724558000022],[103.55823760100009,17.166989097000055],[103.55659447200009,17.17010920900003],[103.55536772000005,17.171537509000075],[103.55377137000005,17.17255790100006],[103.55215184800005,17.17315926300006],[103.55120073900008,17.173347798000066],[103.54907500600007,17.174092290000033],[103.54748910600006,17.174888561000046],[103.54414508100007,17.177419513000075],[103.53656286700004,17.18251542200005],[103.53446280000009,17.184174841000072],[103.53227344200008,17.18579383200006],[103.52867402900006,17.187899344000073],[103.51776812000008,17.194724579000024],[103.51585074400003,17.195561358000077],[103.51445899900006,17.195638088000067],[103.51291657800004,17.196299732000057],[103.51054397900003,17.197891283000047],[103.50989318000006,17.199092233000044],[103.50865933000006,17.200225665000062],[103.50744187000004,17.200892432000046],[103.50337765900008,17.202488922000043],[103.49614589300006,17.20676979600006],[103.49156432400008,17.208821698000065],[103.48770716700005,17.21039552800005],[103.48395273600005,17.212656871000036],[103.48153548400006,17.213862680000034],[103.47886772200007,17.21565520300004],[103.47507073500009,17.217498891000048],[103.47429947300009,17.218142373000035],[103.47380391600007,17.219153600000027],[103.47238583100005,17.220580574000053],[103.47168761900008,17.221765779000066],[103.47185960200005,17.222880747000033],[103.47276811800003,17.22515344900006],[103.47280810700005,17.225664218000077],[103.47223697700008,17.226719669000033],[103.47157910300007,17.228371495000033],[103.47025972500006,17.229916415000048],[103.46988370200006,17.226859835000027],[103.46933062800008,17.225028547000022],[103.46850955000008,17.223032456000055],[103.46791154700009,17.22227429700007],[103.46701900000005,17.22153528900003],[103.46601942900008,17.221341393000046],[103.46537833300005,17.220219668000027],[103.46490637100004,17.219809765000036],[103.46497610200004,17.21921806200004],[103.46368872900007,17.21768486700006],[103.46324214000003,17.217321561000063],[103.46272591900004,17.21764862200007],[103.46079314800005,17.218105944000058],[103.45990697300005,17.21766974700006],[103.45912110400008,17.21780165900003],[103.45918414800008,17.217405255000074],[103.45867357200007,17.217139238000073],[103.45805308900003,17.215887424000073],[103.45750452300007,17.21597291300003],[103.45713082500004,17.215190609000047],[103.45591340400006,17.215048645000024],[103.45531224600006,17.214048228000024],[103.45321120300008,17.213989583000057],[103.45271050100007,17.213759525000057],[103.45150242700004,17.21258738100005],[103.45118035200005,17.213011572000028],[103.44990911500008,17.213987787000065],[103.45047840800004,17.215320468000073],[103.44999379600006,17.215860384000052],[103.44907345200005,17.215934951000065],[103.44805201600008,17.21662951600007],[103.44781031100007,17.217155244000026],[103.44719178600008,17.217339996000078],[103.44676095200003,17.21688191900006],[103.44603510500008,17.216850213000043],[103.44571654100008,17.216438034000078],[103.44448122200004,17.216670145000023],[103.44440859700006,17.21588831300005],[103.44238477600004,17.214611455000068],[103.44184342300008,17.214505847000055],[103.44174292800005,17.214089922000028],[103.44108459800003,17.21430286800006],[103.44048773200007,17.213253829000053],[103.43883531400007,17.212610986000072],[103.43545141100009,17.212261590000026],[103.43375041800005,17.211470217000056],[103.43287427200005,17.210288374000072],[103.43248959300007,17.20878741000007],[103.43235887200007,17.206690494000043],[103.43154766900005,17.205901487000062],[103.42918015800007,17.205664868000042],[103.42869324300005,17.205274358000054],[103.42686611000005,17.203101497000034],[103.42503485200007,17.201285773000052],[103.42135817400003,17.19741276800005],[103.42023557200008,17.196778075000054],[103.41659755700005,17.195653951000054],[103.41364821900004,17.194299369000078],[103.41188700000004,17.19329128000004],[103.41119658100007,17.192758146000074],[103.41119740500005,17.19190016500005],[103.41076236300006,17.19085050600006],[103.40985406300007,17.189615342000025],[103.40890433300007,17.187884000000054],[103.40784528500006,17.18531452900004],[103.40658095700007,17.183280376000027],[103.40539436600005,17.18189103700007],[103.40521702200004,17.181260187000078],[103.40519961800004,17.176710677000074],[103.40498431000003,17.175827466000044],[103.40352942000004,17.173285578000048],[103.40365548700004,17.172189326000023],[103.39959394700008,17.173147117000042],[103.39646194600004,17.17278576700005],[103.39554022500005,17.172602882000035],[103.39196031100005,17.170785520000038],[103.38984248300005,17.169443667000053],[103.38694077000008,17.16739774900003],[103.38644021600004,17.167629963000024],[103.38534254000007,17.166849306000074],[103.38526772700004,17.166278775000023],[103.38430075300005,17.164697166000053],[103.38330461900006,17.164433517000077],[103.38295326900004,17.16386301400007],[103.38263410600007,17.16253223600006],[103.38225611500008,17.162116251000043],[103.38102198200005,17.161915909000072],[103.38101724500007,17.161484103000078],[103.38039189100004,17.161059675000047],[103.37948020800007,17.15921319200004],[103.37933299200006,17.158169719000057],[103.37831004000009,17.157226096000045],[103.37750620700007,17.15710200600006],[103.37695634300007,17.15612933700004],[103.37633267100006,17.155938934000062],[103.37516381000006,17.15475146600005],[103.37444802000005,17.15444091200004],[103.37455738800008,17.153251388000058],[103.37281819200007,17.152702015000045]]]},"properties":{"Shape_Leng":1.82472513252,"Shape_Area":0.0634696274291,"ADM2_EN":"Wang Sam Mo","ADM2_TH":"วังสามหมอ","ADM2_PCODE":"TH4110","ADM1_EN":"Udon Thani","ADM1_TH":"อุดรธานี","ADM1_PCODE":"TH41","ADM0_EN":"Thailand","ADM0_TH":"ประเทศไทย","ADM0_PCODE":"TH"}},
{"type":"Feature","geometry":{"type":"Polygon","coordinates":[[[103.32044880200004,17.549345294000034],[103.32106904800008,17.549602960000072],[103.32168322500007,17.549430577000066],[103.32237721500007,17.550788022000063],[103.32209471800007,17.55166101100002],[103.32246242500008,17.552191221000044],[103.32222063900008,17.55280714500003],[103.32154774300005,17.55355455700004],[103.32171675600006,17.553977173000078],[103.32304207500005,17.55462515800002],[103.32356704800009,17.55445600200005],[103.32421521100008,17.553402076000054],[103.32590706600007,17.552655049000066],[103.32625810500008,17.552238894000027],[103.32685622600007,17.550655977000076],[103.32820977200004,17.549715785000046],[103.33122016000004,17.551089320000074],[103.33060787000005,17.551817733000064],[103.32951909600007,17.55206640600005],[103.32952939900008,17.55252931700005],[103.33064009100008,17.553661479000027],[103.33160825000004,17.55403538300004],[103.33105899200007,17.55483074600005],[103.33184872700008,17.556015267000078],[103.33224789300004,17.55849691800006],[103.33281573300007,17.55850930300005],[103.33300355600005,17.55756401700006],[103.33429955700007,17.55713611400006],[103.33517296900004,17.55744471500003],[103.33558180000006,17.557902694000063],[103.33566754900005,17.55852362400003],[103.33482525700003,17.558809687000064],[103.33452830400006,17.559353944000065],[103.33446693800005,17.56083321500006],[103.33564125600009,17.560907592000035],[103.33608770800004,17.561175424000055],[103.33630859400006,17.56191130800005],[103.33629260800006,17.56287178200006],[103.33653650000008,17.56348772900003],[103.33656323500009,17.564817358000028],[103.33709808900005,17.566189139000073],[103.33663523200005,17.567094632000078],[103.33709832400007,17.567639627000062],[103.33854761000003,17.567791295000063],[103.33907273700004,17.567544213000076],[103.33968912800003,17.567679729000076],[103.33957178300005,17.569054726000047],[103.34028028000006,17.56911542000006],[103.34021298000005,17.569939593000072],[103.33930522900005,17.56923608900007],[103.33898791900003,17.56925420700003],[103.33911613600009,17.570112712000025],[103.34010709900008,17.570596384000055],[103.34027963700004,17.571082587000035],[103.33884621800007,17.571852284000045],[103.33829959500008,17.57261230900002],[103.33718064400006,17.572894160000033],[103.33711586400005,17.573398304000023],[103.33801598300005,17.574171008000064],[103.33847288600003,17.575314674000026],[103.33723366700008,17.575512668000044],[103.33788725200009,17.576349691000075],[103.33653398600006,17.57579339800003],[103.33659346100006,17.57678985000007],[103.33683629100005,17.576987347000056],[103.33762792100003,17.57664484000003],[103.33804549900003,17.577021885000022],[103.33849505700005,17.57649106200006],[103.33904309200005,17.576334347000056],[103.33859833000008,17.57717174000004],[103.33793863300008,17.57760780600006],[103.33779865400004,17.578308867000032],[103.33848502400008,17.578727924000077],[103.33915853800005,17.57860880800007],[103.33922070100004,17.57797498900004],[103.33983574500007,17.577261890000045],[103.34021355100003,17.577506801000027],[103.34017541900005,17.578696785000034],[103.34057013700004,17.57889091000004],[103.34124908500007,17.57819295400003],[103.34357150700004,17.578351790000056],[103.34385410900006,17.579199549000066],[103.34466683400007,17.58023005600006],[103.34573711200005,17.58053261500004],[103.34664149700006,17.581912171000056],[103.34660525900006,17.582503123000038],[103.34756330400006,17.58259435900004],[103.34787154500003,17.583064597000032],[103.34717054600009,17.584304186000054],[103.34753943900006,17.585235385000033],[103.34853240600006,17.58524445100005],[103.34842053700004,17.58404733900005],[103.34861428100004,17.58355851300007],[103.34946132300007,17.58365195400006],[103.35019410200005,17.584678653000026],[103.35028613600008,17.585217432000036],[103.34982514400008,17.586537391000036],[103.35011357200005,17.587731708000035],[103.35056847100009,17.58783022800003],[103.35168458000004,17.58634062400006],[103.35313565600006,17.585938980000037],[103.35273861300004,17.585457002000055],[103.35298575800005,17.585092849000034],[103.35391651200007,17.58549952800007],[103.35408972900007,17.587458491000064],[103.35400051300007,17.588389020000022],[103.35473698900006,17.588940999000044],[103.35511316700007,17.589768505000052],[103.35623402300007,17.589743760000033],[103.35664704100009,17.590264475000026],[103.35805830600003,17.589939064000077],[103.35878510000003,17.59009002700003],[103.35946611500003,17.590927815000043],[103.36039512300005,17.591650037000022],[103.36121681600008,17.591193187000044],[103.36151799500004,17.59034292900003],[103.36073091400004,17.58991441300003],[103.36039985400004,17.589425542000072],[103.36116239800003,17.58812954800004],[103.36183034500004,17.58798703800005],[103.36226382900009,17.588579312000036],[103.36209781900004,17.589428128000065],[103.36235655200005,17.590152886000055],[103.36274910000009,17.59029897700003],[103.36344634700004,17.589969069000063],[103.36565358000007,17.587308248000056],[103.36624343300008,17.587303853000037],[103.36656207200008,17.588091545000054],[103.36711418800007,17.588169649000065],[103.36784648700007,17.587325973000077],[103.36821022900006,17.586426707000044],[103.36797290300007,17.585942337000063],[103.36873194600008,17.585446885000067],[103.36987864800005,17.585766362000072],[103.37051321600006,17.585507265000047],[103.37106690100006,17.584618137000064],[103.37145467500005,17.583225825000056],[103.37148689900005,17.581672267000044],[103.37131851400005,17.580762716000038],[103.37175520400007,17.580223570000044],[103.37252922100004,17.58012217600003],[103.37334740000006,17.580703886000038],[103.37437693200008,17.580607878000023],[103.37442813500007,17.580278381000028],[103.37381654200004,17.579794734000075],[103.37430048100003,17.579164739000078],[103.37515743200004,17.579319002000034],[103.37624193500005,17.58092494500005],[103.37659519100004,17.581020532000025],[103.37712905800004,17.58015051900003],[103.37793477100007,17.580181786000026],[103.37804765600004,17.580614444000048],[103.37734561200006,17.581204022000065],[103.37789813100005,17.58280996700006],[103.37604503200004,17.58335683400003],[103.37538527200007,17.58440230700006],[103.37546461400007,17.584670104000054],[103.37686303900006,17.584770881000054],[103.37732449900005,17.58574843100007],[103.37769713500006,17.585760098000037],[103.37847538600005,17.58517623700004],[103.37874661400008,17.585341124000024],[103.37820928000008,17.586516064000023],[103.37839068100004,17.587664777000043],[103.37783491800008,17.58727353000006],[103.37752405700007,17.58642810400005],[103.37706321200005,17.586086227000067],[103.37649051700004,17.58635880500003],[103.37624011100007,17.587877220000053],[103.37592729400006,17.588872395000067],[103.37586948500007,17.590381364000052],[103.37546290600005,17.591905422000025],[103.37609959600007,17.592795409000075],[103.37774330600007,17.593078269000046],[103.37962844600008,17.592790986000068],[103.38042787900008,17.592021197000065],[103.38078902600006,17.590565929000036],[103.38042077800009,17.590096825000046],[103.38056538800004,17.589507801000025],[103.38139485300007,17.589398862000053],[103.38175649400006,17.589829121000037],[103.38264567300007,17.59010395100006],[103.38416900900006,17.591073650000055],[103.38431161800008,17.593445279000036],[103.38399377100006,17.594278631000066],[103.38461084500005,17.59468939800007],[103.38590237700004,17.594284796000068],[103.38949942700003,17.59435406500006],[103.39127038100008,17.594133775000046],[103.39167929300004,17.593298823000055],[103.39115924300006,17.592607831000066],[103.39127263700004,17.592261491000045],[103.39268694100008,17.591865005000045],[103.39333325900009,17.591435629000046],[103.39387998700005,17.59151560300006],[103.39407893300006,17.592273464000073],[103.39408813500006,17.593509675000064],[103.39444645500004,17.59437834000005],[103.39513709300007,17.59463187500006],[103.39645948000003,17.595738383000025],[103.39706158100006,17.595529163000037],[103.39714516100008,17.594455036000056],[103.39758535100003,17.594419488000028],[103.39869241400004,17.595169165000073],[103.39912209600004,17.594958704000078],[103.39893252400009,17.59420904700005],[103.39821634700007,17.59305405500004],[103.39878128600009,17.592218596000066],[103.39987787900009,17.59277528800004],[103.40126235900004,17.592609579000055],[103.40161272700004,17.59193812700005],[103.40245666700008,17.591719088000048],[103.40296390400005,17.590998985000056],[103.40345659800005,17.59117801800005],[103.40411430700004,17.592226366000034],[103.40422576700007,17.593164127000023],[103.40521972800008,17.59253902000006],[103.40588733000004,17.592700394000076],[103.40600593700003,17.593541979000065],[103.40656134400007,17.593573976000073],[103.40749568800004,17.592733494000072],[103.40749430700004,17.59179610500007],[103.40774231200004,17.591489152000065],[103.40890753600007,17.592295000000036],[103.40910259000003,17.592755734000036],[103.40846701700008,17.59310160700005],[103.40795567000004,17.594412807000026],[103.40940397500003,17.59589371900006],[103.40990742400004,17.59581921700004],[103.41057634200007,17.595025218000046],[103.41111949400005,17.594963550000045],[103.41102792500004,17.596395260000065],[103.40923885500007,17.597666556000036],[103.40892081500004,17.59837501000004],[103.40891384500009,17.599105742000063],[103.40990293400006,17.599209047000045],[103.41001716100004,17.599632082000028],[103.40955756200003,17.599933898000074],[103.40868130800004,17.599939577000043],[103.40869299500008,17.600745446000076],[103.40782283500005,17.600226976000044],[103.40717701800008,17.599387629000034],[103.40595705000004,17.59942809200004],[103.40587737300007,17.599738399000046],[103.40638063000006,17.600736269000038],[103.40688018000009,17.601162327000054],[103.40692690800006,17.601833525000075],[103.40752252500005,17.602398374000074],[103.40592712200004,17.602154927000072],[103.40588079600008,17.602660498000034],[103.40671144200007,17.603402737000067],[103.40644162900008,17.60390376600003],[103.40511498700005,17.60366267200004],[103.40358464600007,17.603079542000046],[103.40354144900004,17.603400626000052],[103.40413824600006,17.60414550400003],[103.40387259500005,17.604541065000035],[103.40230238400005,17.604095142000062],[103.40202241400004,17.60433584200007],[103.40203943700004,17.605631806000076],[103.40271511600008,17.60607484700006],[103.40247449300006,17.606797529000062],[103.40164267300008,17.60697397200005],[103.40078331200004,17.606890432000057],[103.40066747900005,17.607240545000025],[103.40128780600008,17.607726265000053],[103.40138141900007,17.60829299900007],[103.40081760200007,17.608904778000067],[103.40005571000006,17.609308121000026],[103.39936580600005,17.609281975000044],[103.39917120300004,17.60966157400003],[103.39969066100008,17.610203394000052],[103.39949237700006,17.610645736000038],[103.39855462300005,17.61113516000006],[103.39880023400008,17.61145428900005],[103.40017485900006,17.61186458800006],[103.40058284500009,17.61240310900007],[103.40037025800007,17.612946992000047],[103.39922902700005,17.61389246500005],[103.39861371800004,17.61511633200007],[103.39736305100007,17.617232089000026],[103.39730276800009,17.61820980400006],[103.39768680300006,17.618881438000074],[103.39847070900004,17.61947824600003],[103.39985181900005,17.619972619000066],[103.40119495600004,17.620175838000023],[103.40164487500004,17.620419264000077],[103.40172439600008,17.621328455000025],[103.40117642700005,17.62204756600005],[103.40002813300003,17.622067255000047],[103.39936301100005,17.62229687200005],[103.39936862600007,17.623910618000025],[103.39832187900004,17.625097374000063],[103.39826861500006,17.626062082000033],[103.39852354600004,17.626886674000048],[103.39896981100009,17.62747793400007],[103.39913846800005,17.62872515400005],[103.39979524600005,17.63089154200003],[103.39980461500005,17.631945769000026],[103.40101651600008,17.632149515000037],[103.40129025800007,17.632436315000064],[103.40127365800004,17.633506503000035],[103.40152466300003,17.634620987000062],[103.40125724900008,17.63643016000003],[103.40139254000007,17.63765916400007],[103.40017733000008,17.63882491800007],[103.40027323800007,17.639480065000043],[103.40109867300004,17.64011842000002],[103.40092402500005,17.641188424000063],[103.39983162200008,17.641186264000055],[103.39933848300007,17.641944454000054],[103.39821697600007,17.642627146000052],[103.39825195600008,17.64357494500007],[103.39896399700007,17.644111595000027],[103.39926434800009,17.644862252000053],[103.39953165800006,17.646943622000038],[103.39887351900006,17.647131539000043],[103.39839134900006,17.647764405000032],[103.39926646000004,17.64789422800004],[103.39920765900007,17.648604142000067],[103.39932643900005,17.65134653900003],[103.39920968900009,17.651992213000028],[103.39990373600006,17.65198119200005],[103.39976355300007,17.65307697800006],[103.40095422200005,17.653464478000046],[103.40096033500004,17.654263741000022],[103.40242573200004,17.65447470500004],[103.40308785300005,17.654371704000027],[103.40261857800004,17.655210228000044],[103.40311538600008,17.65567051200003],[103.40273358900004,17.655967213000054],[103.40231492300006,17.65569972700007],[103.40152025500004,17.65583508000003],[103.40156783900005,17.65695925800003],[103.40108961800007,17.65749463900005],[103.40102542800008,17.658296913000072],[103.40179686500005,17.66052789400004],[103.40228488200006,17.661078392000036],[103.40300906500005,17.66081883100003],[103.40411917000006,17.661467255000048],[103.40425442300005,17.662366960000043],[103.40489033900008,17.66359652500006],[103.40433155200009,17.66395052100006],[103.40445394300008,17.66431625100006],[103.40511527200005,17.664490933000025],[103.40451191500006,17.664892231000067],[103.40464521700005,17.665405108000073],[103.40409311300004,17.66563321700005],[103.40419777700004,17.666195951000077],[103.40479124500007,17.666366297000025],[103.40552467200007,17.66700544100007],[103.40589445800003,17.66837227800005],[103.40632682100005,17.668438553000044],[103.40723707000006,17.667963171000054],[103.40719171200004,17.669346269000073],[103.40598687600004,17.669495620000077],[103.40555533700007,17.670112172000074],[103.40613179800005,17.671087412000077],[103.40609460000007,17.671519314000022],[103.40553696500007,17.67191069000006],[103.40511597100004,17.672738567000067],[103.40514472000007,17.673277510000048],[103.40383816800005,17.673060882000073],[103.40367192100007,17.673537827000075],[103.40424173800005,17.674227716000075],[103.40573184700008,17.674798275000057],[103.40487838800004,17.675407134000068],[103.40359375500009,17.675502074000065],[103.40410543300004,17.67628563100004],[103.40488480000005,17.67696426200007],[103.40488990600005,17.677342718000034],[103.40388118600004,17.678010044000075],[103.40278709600005,17.677579484000034],[103.40241561500005,17.678079730000036],[103.40323683400004,17.678878988000065],[103.40379383900006,17.678977041000053],[103.40322736500008,17.680380762000027],[103.40377436800009,17.681043428000066],[103.40348069800007,17.681972216000077],[103.40306615600008,17.681486705000054],[103.40263284300005,17.681582396000067],[103.40289602400009,17.682546049000052],[103.40368790300005,17.68323469300003],[103.40381173500003,17.68399583000007],[103.40258793000004,17.68427665400003],[103.40232591700004,17.685111456000072],[103.40197285200009,17.685263143000043],[103.40161781000006,17.684813104000057],[103.40091480100006,17.684778040000026],[103.40112378100008,17.686499492000053],[103.40177740500008,17.687140555000042],[103.40225662100005,17.688490758000057],[103.40283184300006,17.688610297000025],[103.40309127400008,17.689158166000027],[103.40288339500006,17.68969954000005],[103.40167544900004,17.689477071000056],[103.40157031600006,17.690438310000047],[103.40300571100005,17.691013861000044],[103.40285704200005,17.691585747000033],[103.40226758000006,17.69207143700004],[103.40165362800008,17.69159911400004],[103.40141188300004,17.692092889000037],[103.40190542900007,17.692643246000046],[103.40322829600007,17.69260021200006],[103.40396404200004,17.693181792000075],[103.40435554000004,17.69272399700003],[103.40468094200008,17.692933856000025],[103.40433864100004,17.69402094700007],[103.40469661100008,17.69431158900005],[103.40569059500007,17.694044063000035],[103.40548400900008,17.694720665000034],[103.40493820400008,17.695043353000074],[103.40563856600005,17.69579914700006],[103.40552831400004,17.696256453000046],[103.40418837800007,17.69612521700003],[103.40389216800008,17.69536694100003],[103.40297526000006,17.69616594000007],[103.40302523500009,17.69657516600006],[103.40431581300004,17.697132268000075],[103.40471155300008,17.69781092000005],[103.40469361000004,17.698534478000056],[103.40528685600003,17.698650844000042],[103.40471390000005,17.698989143000063],[103.40346423800008,17.69830378100005],[103.40330769900004,17.699281962000043],[103.40290605500007,17.700008816000036],[103.40343258900003,17.700357831000076],[103.40394996600008,17.70115911700003],[103.40351878800004,17.70228820400007],[103.40408255200003,17.702486504000035],[103.40511029900006,17.70191320400005],[103.40557423900003,17.701341334000062],[103.40590941900007,17.70167065100003],[103.40584546300005,17.70272315400007],[103.40529002900007,17.703081100000077],[103.40597136500008,17.703568029000053],[103.40567123400007,17.704544706000036],[103.40468952400005,17.705393813000057],[103.40485863600009,17.705954494000025],[103.40608621800004,17.706048722000048],[103.40595080000008,17.706929799000022],[103.40406018300007,17.706979398000044],[103.40442006400008,17.70776670400005],[103.40408741500005,17.708718232000024],[103.40469409700006,17.70892886200005],[103.40501055900006,17.709478731000047],[103.40340236500003,17.710164372000065],[103.40316462000004,17.710469697000065],[103.40346446500007,17.711069359000078],[103.40463475500007,17.71103045500007],[103.40576286800007,17.710705782000048],[103.40609541100008,17.71119390800004],[103.40586852000007,17.711758014000054],[103.40483081000008,17.71256386600004],[103.40481810200004,17.71322531000004],[103.40563519400007,17.713782154000057],[103.40558002800009,17.714114245000076],[103.40480126100005,17.71451772200004],[103.40316437300004,17.712537920000045],[103.40270231900007,17.712550701000055],[103.40245027000009,17.713076796000053],[103.40331805200009,17.71469579500007],[103.40203293900004,17.71608128200006],[103.40193133200006,17.716468491000057],[103.40271217200007,17.716778538000028],[103.40276301000006,17.71710713600004],[103.40124510700008,17.71780861800005],[103.40084830100005,17.718637193000063],[103.40151781500003,17.718760984000028],[103.40315401000004,17.71940550900007],[103.40342536400004,17.71968563200005],[103.40287834700007,17.72023422500007],[103.40336417500004,17.720449279000036],[103.40402416300009,17.719707888000073],[103.40442168100009,17.71974292400006],[103.40458536400007,17.720519894000063],[103.40427266100005,17.721344790000046],[103.40454145700005,17.72173340200004],[103.40545982200007,17.721680262000064],[103.40736457500009,17.72196763000005],[103.40750807900008,17.721148209000035],[103.40821643000004,17.721237725000037],[103.40824586800005,17.721815371000048],[103.40674654900005,17.724006295000038],[103.40603869000006,17.72436807400004],[103.40475245100004,17.724252205000028],[103.40471256200004,17.725457783000024],[103.40685857100004,17.72637224500005],[103.40702758800006,17.72682663300003],[103.40793651300004,17.727665431000048],[103.40989575900005,17.727901410000072],[103.41067339500006,17.728311270000063],[103.41061007200005,17.72930223800006],[103.41010127000004,17.73032097400005],[103.40956481200004,17.730645612000046],[103.40837708100008,17.73000750600005],[103.40768687200006,17.73012420400005],[103.40698022500004,17.731309571000054],[103.40711340000007,17.73192695700004],[103.40772350300006,17.732387713000037],[103.40791787300009,17.73302387900003],[103.40661094700005,17.733274148000078],[103.40494583100008,17.732256756000027],[103.40418164100004,17.733503865000046],[103.40423922900004,17.733857011000055],[103.40563085400004,17.73435401100005],[103.40727344500004,17.734365925000077],[103.40817073600005,17.734168141000055],[103.40871572300006,17.733538318000058],[103.40930257000008,17.733854675000032],[103.40853890200003,17.735948267000026],[103.40832939200004,17.738716046000036],[103.40791554400005,17.73972888700007],[103.40740560800003,17.74039321500004],[103.40699033200008,17.74148460300006],[103.40665497400005,17.743901090000065],[103.40515495700004,17.746402488000058],[103.40431676100008,17.74729843500006],[103.40401377400008,17.749271797000063],[103.40302262900008,17.752016862000062],[103.40207274000005,17.754146895000076],[103.40163332100008,17.75701745200007],[103.40084476600003,17.758035043000064],[103.39988087600005,17.758634027000028],[103.39799746700004,17.758323786000062],[103.39714220300004,17.75775587100003],[103.39692132900007,17.757167151000033],[103.39718696700004,17.75517565900003],[103.39707578200006,17.754937428000062],[103.39560674500007,17.754020463000074],[103.39506226600008,17.754014572000074],[103.39506297300005,17.755260736000025],[103.39480754700008,17.755778562000046],[103.39403702100009,17.756395678000047],[103.39228829600006,17.755764015000068],[103.39170305600004,17.75500889500006],[103.39315287000005,17.75444402900007],[103.39308362400004,17.75353012100004],[103.39184920500009,17.75331476100007],[103.39145097200009,17.754359801000078],[103.38919963500007,17.754404928000042],[103.38861000500003,17.754189891000067],[103.38857937000006,17.752933235000057],[103.38782635900009,17.752503612000055],[103.38663236300005,17.752281461000052],[103.38579137100004,17.75232001100005],[103.38528288900005,17.75298943400003],[103.38425610100006,17.753010652000057],[103.38298033700005,17.754518811000025],[103.38214873000004,17.75584060700004],[103.38178421100008,17.756732899000042],[103.38029635600009,17.75919523300007],[103.37987010600006,17.759674911000047],[103.37842861900003,17.760399087000053],[103.37807398400008,17.761009845000046],[103.37766092400005,17.76312047400006],[103.37702447400005,17.764039166000032],[103.37813334900005,17.766051614000048],[103.37845997000005,17.767163194000034],[103.37933546200009,17.768091936000076],[103.38051139100008,17.768751320000035],[103.38074583300005,17.76953188400006],[103.38026503000003,17.769922618000066],[103.37927724200006,17.770196705000046],[103.37896276300006,17.771193872000026],[103.37755035000004,17.77157648000002],[103.37665034700007,17.772428537000053],[103.37708178200006,17.773388961000023],[103.37666138800006,17.774757589000046],[103.37592908200008,17.77555064300003],[103.37512568200003,17.775808033000033],[103.37420456900009,17.776447893000068],[103.37335556300008,17.776609997000037],[103.37332373800007,17.776965138000037],[103.37429147000006,17.777149459000043],[103.37358998200006,17.77838091600006],[103.37270859700004,17.777673046000075],[103.37202758800004,17.77808417400007],[103.37110106900008,17.77764346500004],[103.37066116800008,17.77832471200003],[103.36964050500006,17.778610359000027],[103.36940767700008,17.778433630000052],[103.37001541000006,17.777623927000036],[103.37024642800009,17.776886835000028],[103.37000580600005,17.776636758000052],[103.36872894400005,17.778750926000043],[103.36776083700005,17.779943608000053],[103.36811300800008,17.781174324000062],[103.36850938700007,17.781055796000032],[103.36918850500007,17.78027958900003],[103.36956351000003,17.780257833000064],[103.37096053900007,17.780986279000047],[103.37104322100004,17.781446171000027],[103.36978193100003,17.782663274000072],[103.37040677200008,17.784268299000075],[103.37013439000003,17.784519643000067],[103.36936485800004,17.78406235500006],[103.36824526400005,17.78389826800003],[103.36759619800006,17.784456052000053],[103.36788557900007,17.78609134100003],[103.36817318700008,17.786441683000078],[103.36882451800005,17.785466514000063],[103.36917872300006,17.785539439000047],[103.36931108400006,17.78643992600007],[103.36904204700005,17.78707332700003],[103.36843894300006,17.78767216400007],[103.36840876000008,17.788176872000065],[103.36915868700004,17.78919922500006],[103.36863962400008,17.790102484000045],[103.36795963000009,17.790158921000057],[103.36749023900006,17.788870357000064],[103.36707980500006,17.788907238000036],[103.36690342400004,17.79025305300007],[103.36747379600007,17.790946492000046],[103.36788786600005,17.79211595000004],[103.36804810400008,17.794245843000056],[103.36911489400006,17.79468258000003],[103.36956632000005,17.79450851000007],[103.37004352000008,17.793627410000056],[103.37106686100009,17.792644989000053],[103.37137599500005,17.792043754000076],[103.37035917500003,17.79079636700004],[103.37006310600003,17.78953923000006],[103.37028652800007,17.789162110000063],[103.37111045600005,17.78961119400003],[103.37235456900004,17.791365705000032],[103.37291757000008,17.791759914000068],[103.37283249700005,17.792260768000062],[103.37179823200006,17.792296177000026],[103.37263809100006,17.793460737000032],[103.37315457000005,17.793822986000066],[103.37393574800006,17.793744462000063],[103.37530378000008,17.79302943500005],[103.37490682100008,17.792247231000033],[103.37521279300006,17.79202459000004],[103.37696073500007,17.792753451000067],[103.37635203300005,17.79420738500005],[103.37561985900004,17.794411627000045],[103.37608367300004,17.795276898000054],[103.37742341600006,17.794909446000077],[103.37806983500008,17.795945042000028],[103.37877730700006,17.796050441000034],[103.37580492000006,17.799584320000065],[103.37490929100005,17.800811493000026],[103.37422246200003,17.801224191000074],[103.37396074700007,17.80224219400003],[103.37426727700006,17.80303323000004],[103.37537647100004,17.803961248000064],[103.37599387100005,17.80369528800003],[103.37663725700008,17.80293910200004],[103.37732166800004,17.803872639000076],[103.37712418400008,17.80455641800006],[103.37629995900005,17.804838975000052],[103.37553371800004,17.80543239900004],[103.37579754500007,17.806070042000044],[103.37691896800004,17.807357714000034],[103.37780971200004,17.807749083000033],[103.37755612700005,17.80866633200003],[103.37828730300004,17.809063021000043],[103.37951056500003,17.80819407200005],[103.37997527300007,17.807488886000044],[103.38055305500006,17.807668515000046],[103.38067687100005,17.808104608000065],[103.37987025200005,17.80959215100006],[103.38025242800006,17.810032402000047],[103.38091072800006,17.80962863800005],[103.38107727600004,17.809007288000032],[103.38166643800008,17.808941754000045],[103.38189363600009,17.809392184000046],[103.38066956300008,17.811319764000075],[103.38062489100008,17.811823134000065],[103.38129033400008,17.812034077000078],[103.38121150600006,17.812566076000053],[103.37960511000006,17.81321213600006],[103.37843631900006,17.81307299200006],[103.37707948200006,17.81359310700003],[103.37635461500008,17.81320651900006],[103.37657987500006,17.812706502000026],[103.37614702900004,17.812237311000047],[103.37507548700006,17.81243088800005],[103.37483522000008,17.813616256000046],[103.37564789400005,17.814179428000045],[103.37608340900005,17.81511591800006],[103.37669868500006,17.815102119000073],[103.37703213800006,17.814222018000066],[103.37749014900004,17.81468015300004],[103.37712832400007,17.815650703000074],[103.37728653500005,17.815997217000074],[103.37806497100007,17.816237324000042],[103.37937623500005,17.81557464900004],[103.37991014000005,17.816244520000055],[103.37969308500004,17.819114695000053],[103.38008719100009,17.820485295000026],[103.37909156900008,17.820883328000036],[103.37906439000005,17.821497384000054],[103.37940694700006,17.821801176000065],[103.38047803200004,17.822019026000078],[103.38088012900005,17.821727766000038],[103.38210545100009,17.819615111000076],[103.38247705700007,17.819424566000066],[103.38360743100009,17.820387710000034],[103.38437198200006,17.820787653000025],[103.38604644100008,17.82082861300006],[103.38679248700004,17.821283195000035],[103.38746032700004,17.822437328000035],[103.38856996700008,17.82495190000003],[103.38889970900004,17.82597604800003],[103.38864455500004,17.82750784800004],[103.38994706200003,17.829062531000034],[103.38998795800006,17.829740910000055],[103.38874603100004,17.831701287000044],[103.38754591500003,17.832993199000043],[103.38400405000004,17.83515615600004],[103.38314716000008,17.836074212000028],[103.38251823800005,17.83645551500007],[103.38007562900003,17.83727096100006],[103.37966506500004,17.839068223000027],[103.38006388300005,17.839853942000047],[103.38112885400005,17.840385081000022],[103.38404070200005,17.84214064300005],[103.38502611200005,17.842517859000054],[103.38702472200004,17.84284727900007],[103.38935728300004,17.842944295000052],[103.39297411800004,17.842766523000023],[103.39621971900004,17.843031231000055],[103.39762006900008,17.842742395000073],[103.39839344200004,17.842257776000054],[103.39896181000006,17.841320720000056],[103.39903324300008,17.840342344000078],[103.39774872600003,17.837931961000038],[103.39549451800008,17.83515791700006],[103.39492390800007,17.83393928600003],[103.39498441200004,17.832602730000076],[103.39625624600006,17.831844061000027],[103.39820374900006,17.83089007500007],[103.39982988600008,17.83058778000003],[103.40140943600005,17.830957222000052],[103.40198143300006,17.831828209000037],[103.40199915400007,17.833363046000045],[103.40227966900005,17.83393064300003],[103.40355499500004,17.835526180000045],[103.40469222300004,17.836648652000065],[103.40439349100006,17.837989855000046],[103.40259593200005,17.840265971000065],[103.40197141200008,17.841392577000022],[103.40195517000006,17.84264833900005],[103.40238503800003,17.843066605000047],[103.40325367200006,17.842954252000027],[103.40397613300007,17.84128066900007],[103.40483071400007,17.840397719000066],[103.40650320400005,17.839276893000033],[103.40900448100007,17.835699945000044],[103.41102044200005,17.834745698000063],[103.41279884400006,17.83426062600006],[103.41407479200006,17.83420855600002],[103.41539924600005,17.834968168000046],[103.41666473200007,17.836048697000024],[103.41731609900006,17.836970637000036],[103.41728566400008,17.83786807000007],[103.41789144500007,17.83997161800005],[103.41813802400009,17.840329131000033],[103.41923043600008,17.84089964800006],[103.42029308100007,17.84117501700007],[103.42212704500008,17.84129971400006],[103.42254954100008,17.842286156000057],[103.42173128900004,17.842863641000065],[103.42065535700004,17.84322566900005],[103.41883451300004,17.843281240000067],[103.41748405500005,17.842983676000074],[103.41454208900007,17.842592379000052],[103.41355536300006,17.842984382000054],[103.41159345700004,17.84449058000007],[103.40927877800004,17.845914272000073],[103.40829960000008,17.84678783000004],[103.40640829600005,17.849013118000073],[103.40548049800009,17.849818429000038],[103.40487994600005,17.849960061000047],[103.40372207100006,17.849451372000033],[103.40198454900008,17.848236093000025],[103.39999999000008,17.846213418000048],[103.39910847900006,17.845763177000038],[103.39846617500007,17.845843643000023],[103.39788096700005,17.846311186000037],[103.39771915300008,17.84681764100003],[103.39750113600007,17.850532521000048],[103.39719000300005,17.85165060500003],[103.39568531300006,17.853718851000053],[103.39432580100004,17.85486458500003],[103.39371317000007,17.855689813000026],[103.39390030500005,17.85643376300004],[103.39503409100007,17.857172192000064],[103.39563452000004,17.85733026500003],[103.39787152700006,17.857331196000075],[103.40156199000006,17.85701713800006],[103.40342254000007,17.857309549000036],[103.40563346600004,17.857905147000054],[103.40667773300004,17.858509470000058],[103.40788522100007,17.86013074300007],[103.40811073800006,17.861077089000048],[103.40768573100007,17.86174449200007],[103.40644678600006,17.862866171000064],[103.40507823300004,17.864550141000052],[103.40469627000004,17.865449971000032],[103.40351684300003,17.86717627400003],[103.40322708000008,17.868292877000044],[103.40340614500008,17.869381659000055],[103.40403927600005,17.87124528000004],[103.40435657700004,17.87276040000006],[103.40511439800008,17.87452870800007],[103.40544246300004,17.876883470000053],[103.40588546600009,17.877854214000024],[103.40683437100006,17.878949016000035],[103.40757076900007,17.879281840000033],[103.40798850600004,17.878928217000066],[103.40830673300007,17.878090024000073],[103.40934608800006,17.877659981000022],[103.41058333500007,17.87889313900007],[103.41147395700006,17.87949650400003],[103.41286579100006,17.87983641900007],[103.41355418800003,17.88015918900004],[103.41466254400007,17.881306221000045],[103.41537518800004,17.88109499600006],[103.41521324200005,17.880227795000053],[103.41545092600006,17.879540703000032],[103.41652699700006,17.879375994000043],[103.41765283000007,17.88203887800006],[103.41774606400008,17.882628786000055],[103.41716748200008,17.883411383000066],[103.41575060100007,17.884367115000032],[103.41504093500004,17.885118299000055],[103.41386465700003,17.88719880700006],[103.41350909300007,17.88851316000006],[103.41368147100007,17.889257993000058],[103.41422187800003,17.89024753600006],[103.41389251900006,17.89121448000003],[103.41252653300006,17.891609131000052],[103.41136844800008,17.892168506000075],[103.41100251600005,17.89304110000006],[103.41095716000007,17.89500884200004],[103.41113357700004,17.895543385000053],[103.41234427800003,17.897354974000052],[103.41340336400003,17.897369784000034],[103.41382092300006,17.897932610000055],[103.41337066300008,17.899074410000026],[103.41290463500007,17.90102366800005],[103.41257384000005,17.901213794000057],[103.41109603200005,17.900957118000065],[103.40998714200003,17.90101816200007],[103.40884454000008,17.901712600000053],[103.40832918600006,17.90256564200007],[103.40807080400003,17.904167780000023],[103.40722827900004,17.904532563000032],[103.40413988000006,17.904574882000077],[103.40163612800006,17.904137368000022],[103.40041858800004,17.90417962500004],[103.39971421400008,17.904579917000035],[103.39861577200008,17.904375240000036],[103.39953354000005,17.90331711300007],[103.39943765500004,17.903060668000023],[103.39788666600003,17.90416619000007],[103.39631164400004,17.904969014000073],[103.39587036700004,17.904880998000067],[103.39518607100007,17.903750159000026],[103.39564468300006,17.90346953900007],[103.39651021100008,17.903543709000076],[103.39696134400003,17.903295212000046],[103.39731081000008,17.90215172300003],[103.39610779700007,17.90200065600004],[103.39510261100008,17.901464231000034],[103.39439309000005,17.901416637000068],[103.39398496000007,17.901074701000027],[103.39649478400008,17.89919803400005],[103.39660916800005,17.897886924000034],[103.39794217200006,17.89760648600003],[103.39781799700006,17.89245942900004],[103.39795581600004,17.891556697000055],[103.39763935200006,17.888472103000026],[103.39811930900004,17.888139601000034],[103.39815218400008,17.886706514000025],[103.39771399000006,17.883712632000027],[103.39720532100006,17.881926821000036],[103.39612986000009,17.879388623000068],[103.39532661300007,17.877925762000075],[103.39480339200009,17.877329560000078],[103.39421968600004,17.87609640900007],[103.39359758000006,17.875335912000025],[103.39229585200007,17.874689155000056],[103.39040851900006,17.873586335000027],[103.39013703700004,17.87261859700004],[103.38963608100005,17.871640894000052],[103.38973402300007,17.869896969000024],[103.38861116000004,17.870380999000076],[103.38794136300004,17.87124584000003],[103.38693391400005,17.87163326600006],[103.38649997900006,17.872030316000064],[103.38495184800007,17.872532162000027],[103.38384817300005,17.87369785900006],[103.38279060600007,17.874074436000058],[103.38195622000006,17.874058932000025],[103.37930036700004,17.873573296000075],[103.37808682000008,17.872947142000044],[103.37753940400006,17.87293838100004],[103.37720027200004,17.874240883000027],[103.37451883000006,17.874671586000034],[103.37341400900004,17.875145114000077],[103.37370256400004,17.873333693000063],[103.37366213900003,17.87158091200007],[103.37448595200004,17.86980382300004],[103.37577358000004,17.86785556500007],[103.37609169600006,17.866543700000022],[103.37432066800005,17.86537643400004],[103.37300703800008,17.86476461500007],[103.37121508600006,17.863694741000074],[103.36912174100007,17.861848422000037],[103.36842064200005,17.861093725000046],[103.36779386300009,17.859722574000045],[103.36741588600006,17.858555951000028],[103.36673443300003,17.857700548000025],[103.36487929600008,17.85766581400003],[103.36488281200008,17.85827038900004],[103.36337973400003,17.85889346500005],[103.36330056900005,17.85835542800004],[103.36262699100007,17.85801669700004],[103.36170045300008,17.858172867000064],[103.36138256300006,17.858473283000023],[103.36085094100008,17.85811075600003],[103.36098967700008,17.85778898800004],[103.35992336900006,17.857070779000026],[103.35890542900006,17.856837622000057],[103.35834006400006,17.854945176000058],[103.35763632200008,17.855055305000064],[103.35715488000005,17.85427039700005],[103.35601299300004,17.85395306600003],[103.35552890300005,17.85405927900007],[103.35485691200006,17.855027292000045],[103.35390169400006,17.85502634100004],[103.35338476500004,17.854778320000037],[103.35260537900007,17.85500178500007],[103.35138413000004,17.85413444200003],[103.35063521600006,17.85384633700005],[103.35022521000008,17.853200491000052],[103.34885182800008,17.85332234200007],[103.34801914000008,17.852229857000054],[103.34723667800006,17.85211798000006],[103.34667824400009,17.85232256100005],[103.34571410400008,17.851086948000045],[103.34504001800008,17.851164631000074],[103.34442435900007,17.850511303000076],[103.34331220200005,17.850570555000047],[103.34229785000008,17.851025436000043],[103.34124845900004,17.849136283000064],[103.34132805500008,17.848550413000055],[103.34200109100004,17.84813897400005],[103.34182669800003,17.847038103000045],[103.34189967400005,17.84555510100006],[103.34019625400003,17.84143567500007],[103.33928985900008,17.840191203000074],[103.33898811000006,17.83935613700004],[103.33688900000004,17.83571211700007],[103.33626477700005,17.834977710000032],[103.33520221600008,17.833193548000054],[103.33414882400007,17.831872021000038],[103.33312327000004,17.829819417000067],[103.33305104500005,17.82850382400005],[103.33236936400004,17.827360352000028],[103.33158475200008,17.82683762100004],[103.32983676200007,17.824585368000044],[103.32917064400004,17.824172282000063],[103.32816231900006,17.82507566000004],[103.32539507100006,17.825670457000058],[103.32348376600004,17.82644103000007],[103.32138470700005,17.827005691000068],[103.32126568100006,17.826315140000077],[103.31902386200005,17.826121932000035],[103.31838347900003,17.826223649000042],[103.31735156300005,17.825813869000058],[103.31582089700004,17.825833083000077],[103.31395608500009,17.82564702700006],[103.31315713700008,17.825056086000075],[103.31171275300005,17.82516135000003],[103.31042613900007,17.825618748000068],[103.30931114400005,17.826526974000046],[103.30669817500007,17.82833720900004],[103.30446995900007,17.82895835900007],[103.30315062400007,17.827102962000026],[103.30210876700005,17.827393592000078],[103.30031540000004,17.82707353400002],[103.30003438400007,17.82745346300004],[103.29927284500008,17.827613995000036],[103.29717311700006,17.82892043800007],[103.29668662000006,17.82886886500006],[103.29466443900009,17.83007295500005],[103.29310110800009,17.830659749000063],[103.29104632500008,17.830671169000027],[103.28900773700008,17.833939435000048],[103.28212722000006,17.839374172000078],[103.27962204400006,17.841729146000034],[103.27002051700003,17.848740058000033],[103.26907613200007,17.849734651000063],[103.26670742500005,17.854569792000063],[103.26598471000005,17.856677172000047],[103.26603026700008,17.857864877000054],[103.26736085500005,17.862424331000057],[103.26738302000007,17.862855447000072],[103.26619583700005,17.865476847000025],[103.26524223900009,17.86577565600004],[103.26435448300003,17.866317396000056],[103.26321528000005,17.867579344000035],[103.26137247000008,17.868439068000043],[103.25855967300004,17.871115087000078],[103.25812699700003,17.871620493000023],[103.25705685000008,17.87372199400005],[103.25653022000006,17.875126996000063],[103.25579402800008,17.876361385000052],[103.25506619300006,17.876946943000064],[103.25246426400008,17.878219279000064],[103.25091124700003,17.879212790000054],[103.24924923700007,17.880119110000066],[103.24768734500009,17.880741757000067],[103.24589383900008,17.881177536000052],[103.24363237600005,17.88328677100003],[103.24123542100006,17.884196277000058],[103.24070659300008,17.884622355000033],[103.24059045400008,17.88569112600004],[103.24026809200006,17.88544102700007],[103.23966086600007,17.885756513000047],[103.23888401300007,17.88499395900004],[103.23845366400008,17.884130171000038],[103.23848983100004,17.883554932000038],[103.23928400900007,17.882561938000038],[103.23866518300008,17.881845431000045],[103.23939292300008,17.880620571000065],[103.23944426900005,17.87990713100004],[103.23801510200008,17.878881277000062],[103.23716605600004,17.878807858000073],[103.23606943600004,17.878025739000066],[103.23537151900007,17.878019722000033],[103.23457929800009,17.87839578100005],[103.23311317900004,17.878222648000076],[103.23286219000005,17.87796268200003],[103.23170935300004,17.878175073000023],[103.23006682700009,17.87796326700004],[103.22964114300004,17.87702022900004],[103.22966927500005,17.87631564900005],[103.22888923300007,17.876341925000077],[103.22809527500004,17.875450216000047],[103.22803457600008,17.873957390000044],[103.22733080300009,17.87368863300003],[103.22704746100004,17.873269796000045],[103.22663575100006,17.873503250000056],[103.22603456500008,17.87328031900006],[103.22573138500007,17.87227659800004],[103.22496038500009,17.871952264000072],[103.22483645900007,17.872517793000043],[103.22417884900005,17.872396017000028],[103.22365139400006,17.87270139800006],[103.22297107100007,17.87248407900006],[103.22187413300009,17.87109927700004],[103.22114741700005,17.87124112200007],[103.22093158600006,17.870565854000063],[103.22022032900009,17.870863532000044],[103.21925565000004,17.870895473000076],[103.21885590300008,17.870483171000046],[103.21754066700004,17.871201061000022],[103.21678955600004,17.87106850400005],[103.21632251900007,17.871535410000035],[103.21566426400005,17.871368613000072],[103.21493554400007,17.87166572900003],[103.21398318900003,17.871584210000037],[103.21346384400005,17.872042313000065],[103.21240648400004,17.871898616000067],[103.21203031300007,17.872235674000024],[103.21141850400005,17.87221972900005],[103.20999162600003,17.873233695000067],[103.20926292400009,17.873268917000075],[103.20892655800009,17.87287138100004],[103.20826082400004,17.87317975700006],[103.20776279300009,17.872494798000048],[103.20726718300006,17.872267514000043],[103.20806535700007,17.870926267000073],[103.20701839000009,17.870140265000032],[103.20641849500004,17.87084380600004],[103.20563619100005,17.87065831900003],[103.20552481400006,17.870084465000048],[103.20449796500009,17.86961190900007],[103.20407342400006,17.869659495000064],[103.20375865200003,17.868925121000075],[103.20284349000008,17.86866565400004],[103.20333830200008,17.867821028000037],[103.20270823600003,17.867700643000035],[103.20201960100007,17.86700431400004],[103.20179520200008,17.86624268500003],[103.20135648700006,17.86618656400003],[103.20052098000008,17.867149101000052],[103.19987078800006,17.865817528000036],[103.19840241500003,17.866402247000053],[103.19803916200004,17.86597197100002],[103.19747076500005,17.86687876800005],[103.19702286700004,17.866621897000073],[103.19660707200006,17.867360482000038],[103.19716359700004,17.868537872000047],[103.19700574000007,17.868852781000044],[103.19609965900008,17.86923379700005],[103.19554652200009,17.869162430000074],[103.19491730100003,17.867778375000057],[103.19430861800004,17.868008046000057],[103.19428636800006,17.868689846000052],[103.19374101500006,17.868283476000045],[103.19338241100007,17.868421134000073],[103.19337092100005,17.869857314000058],[103.19295003900004,17.86963982800006],[103.19233598600005,17.868678556000077],[103.19175148100004,17.869049294000035],[103.19188750300003,17.86950779500006],[103.19180535800007,17.870898856000053],[103.19126587400007,17.87167874100004],[103.19054563100008,17.871299384000054],[103.18964627400004,17.869877479000024],[103.18862234400007,17.867778902000055],[103.18963689700007,17.867077926000036],[103.18936314500007,17.866046246000053],[103.18647494700008,17.862737824000078],[103.18610725000008,17.862739444000056],[103.18521599800005,17.863657836000073],[103.18484263800008,17.863225483000065],[103.18486062100004,17.862574248000044],[103.18530873300006,17.86183595600005],[103.18452233500005,17.861064058000068],[103.18404844500009,17.86101764700004],[103.18367703100006,17.861718920000044],[103.18311910200003,17.861554047000027],[103.18306617500008,17.860398516000032],[103.18389341000005,17.860391355000047],[103.18345982800008,17.859700307000026],[103.18300506300005,17.858035762000043],[103.18236243300004,17.85818684800006],[103.18186893200004,17.85867298200003],[103.18120609000005,17.858404678000056],[103.18044168500006,17.858856828000057],[103.18021415800007,17.858101653000062],[103.17939490900005,17.85798592900005],[103.17964265900008,17.85655721300003],[103.17928366300004,17.856211191000057],[103.17810541600005,17.856370886000036],[103.17773388500007,17.85564665000004],[103.17826539400005,17.855472535000047],[103.17814857400003,17.85505764800007],[103.17738288000004,17.855010401000072],[103.17702730400003,17.85449451900007],[103.17574203400005,17.85481566800007],[103.17495325900006,17.853622839000025],[103.17484529600006,17.85258749600007],[103.17515550200005,17.852041132000068],[103.17728302200004,17.850723557000038],[103.17743131200007,17.849965145000056],[103.17496882900008,17.84385351700007],[103.17375234300005,17.840734974000043],[103.17255568800005,17.83846397600007],[103.17226626200005,17.837127532000068],[103.17207839900004,17.83540025700006],[103.17175338000004,17.83095529700006],[103.17101164900004,17.829204532000062],[103.17032902600005,17.828406476000055],[103.16817374000004,17.82456594300004],[103.16770609600007,17.817156047000026],[103.16741430900004,17.81571363200004],[103.16675302600004,17.81424377600007],[103.16018278400009,17.806115988000045],[103.15680081400006,17.803432027000042],[103.15512461000009,17.80272570300002],[103.15361143200005,17.802687227000035],[103.15276594600005,17.802811210000073],[103.15042772800007,17.803779588000054],[103.14763390800005,17.805782298000054],[103.14475066600005,17.808705548000034],[103.14428853200008,17.80945736900003],[103.14316520800008,17.81032922000003],[103.14221723400004,17.810808678000058],[103.14115374700003,17.81107858000007],[103.13980836200005,17.811919793000072],[103.13721621900004,17.81607679900003],[103.13681573100007,17.817266010000026],[103.13578963000003,17.81731011900007],[103.13513947600006,17.81695496100002],[103.13452025300006,17.815917166000077],[103.13410508400005,17.81461791600003],[103.13360293400007,17.814606188000027],[103.13269937200005,17.81540792000004],[103.13200740300005,17.81576914900006],[103.13214656400004,17.81623575800006],[103.13376818000006,17.818224980000025],[103.13479604400004,17.818762200000037],[103.13425593300008,17.819634498000028],[103.13429212100004,17.82069582200006],[103.13388869800008,17.820916789000023],[103.13258154500005,17.820858884000074],[103.13226768200008,17.82119883300004],[103.13232045300003,17.82263154000003],[103.13265043100006,17.822989294000024],[103.13393974400009,17.82281104900005],[103.13462284400003,17.822538740000027],[103.13537560300006,17.822724021000056],[103.13560026600004,17.82335441500004],[103.13552269500008,17.824827613000025],[103.13499679900008,17.825084021000066],[103.13246759200007,17.82530741100004],[103.13176600300005,17.827267649000078],[103.13080576900006,17.826948395000045],[103.13036566000005,17.825641800000028],[103.12897032000006,17.826792699000066],[103.12710939600004,17.826457704000063],[103.12764425900008,17.825405423000063],[103.12725405000003,17.82372067600005],[103.12692643500009,17.82090556600002],[103.12648836600005,17.818924116000062],[103.12619770600008,17.81857671100005],[103.12509820200006,17.81920513500006],[103.12476109000005,17.819654671000023],[103.12419944500004,17.819246236000026],[103.12438303400006,17.81819377900007],[103.12350337300006,17.818149994000066],[103.12258495600008,17.81859670600005],[103.12111048100007,17.818228762000047],[103.12026169800004,17.818348811000078],[103.11972333400007,17.816802894000034],[103.11986374000008,17.816299309000044],[103.12044747900006,17.81623458100006],[103.12056817100006,17.816949441000077],[103.12217619200004,17.81741260600006],[103.12250368100007,17.81717231700003],[103.12313681500007,17.815617863000057],[103.12362309500008,17.813770571000077],[103.12509414700008,17.81175739400004],[103.12474452200007,17.811393294000027],[103.12394130800004,17.811607588000072],[103.12360668500008,17.811354719000065],[103.12359873400004,17.809546732000058],[103.12420394100008,17.807959163000078],[103.12507526900004,17.806058605000032],[103.12491910200004,17.80427196200003],[103.12420069500007,17.80245321600006],[103.12323108400005,17.801725202000057],[103.12288515100005,17.80224277600007],[103.12318190900004,17.803226194000047],[103.12299329000007,17.803576014000043],[103.12220698700008,17.80341127300005],[103.12182604100008,17.802618911000025],[103.12191290800007,17.801872322000065],[103.12076215300004,17.80163426000007],[103.12046064900005,17.800901916000043],[103.12003063000009,17.80060458400004],[103.11936463900008,17.800641709000047],[103.11877784800004,17.801121527000078],[103.11831584000004,17.80211324800007],[103.11766275600007,17.802165528000046],[103.11763685300008,17.801059444000032],[103.11821215100008,17.79994920300004],[103.11923531000008,17.799593135000066],[103.11968301900004,17.799125919000062],[103.11891912100003,17.798443552000037],[103.11776122300006,17.798406257000067],[103.11726132500007,17.79776535800005],[103.11781673300004,17.797195266000074],[103.11935361800005,17.79688108600004],[103.12083004200008,17.795855740000036],[103.12098595400005,17.794971479000026],[103.12050427600008,17.794762284000058],[103.11871602600007,17.79515176600006],[103.11683100200008,17.794531457000062],[103.11613355300005,17.793662948000076],[103.11604678200007,17.792538958000023],[103.11634508600008,17.791712215000075],[103.11600552100003,17.790465470000072],[103.11533908200005,17.78935487800004],[103.11396607600005,17.788166688000047],[103.11170773100008,17.78667686400007],[103.11095538100005,17.785802301000047],[103.11098835100006,17.782822039000052],[103.11028224600005,17.78122245900005],[103.10956598600006,17.78055207500006],[103.10897074100006,17.780769260000056],[103.10830009800009,17.781422621000047],[103.10724503000006,17.78104204600004],[103.10700957800009,17.78031220500003],[103.10766326900006,17.778394141000035],[103.10840989100006,17.776712145000033],[103.10842289400006,17.775966545000074],[103.10759800500006,17.77405351300007],[103.10796828200006,17.773419885000067],[103.10953267800005,17.773612784000022],[103.11016011500004,17.773268098000074],[103.11064527300005,17.771920476000048],[103.11066990100005,17.771302683000044],[103.11133624300004,17.77109435500006],[103.11293271600005,17.773729916000036],[103.11362741900007,17.773978218000025],[103.11546908200006,17.773905176000028],[103.11646182100009,17.774532988000033],[103.11710568600006,17.774645173000067],[103.11824215400009,17.774386910000032],[103.12010658300005,17.774381449000032],[103.12074481400003,17.774782849000076],[103.12121778300008,17.775895967000054],[103.12192995900006,17.775995262000038],[103.12232256500005,17.775686928000027],[103.12244699500008,17.77203577800003],[103.12262366200008,17.771300101000065],[103.12317478100005,17.770465775000048],[103.12345492600008,17.76902672600005],[103.12390147200006,17.76790081100006],[103.12426056100009,17.767612196000073],[103.12494164800006,17.767679387000044],[103.12618313500008,17.76815012000003],[103.12684984600008,17.767570230000047],[103.12681319100005,17.765877815000067],[103.12701156600008,17.765262801000063],[103.12775694100009,17.76479698600002],[103.12793398600007,17.762377784000023],[103.12815427900006,17.761938051000072],[103.13009989000005,17.760555311000076],[103.13034633300003,17.75998856900003],[103.13022655500004,17.758962332000067],[103.12991950300005,17.758546585000033],[103.12886680100007,17.758388765000063],[103.12880784600009,17.75800350800006],[103.13032142200007,17.75612962200006],[103.13056510200005,17.754695987000048],[103.13098570200003,17.753897212000027],[103.13209813900005,17.752334752000024],[103.13272691000009,17.750551493000046],[103.13261029600005,17.75002035400007],[103.13149022800008,17.74892115800003],[103.13019795000008,17.748656443000073],[103.12939932900008,17.748816654000052],[103.12930512700007,17.749166939000077],[103.13007359500006,17.749650193000036],[103.12972079900004,17.75026869800007],[103.12902616600007,17.75004515300003],[103.12802094400007,17.750281942000072],[103.12814040000006,17.749405559000024],[103.12760228300004,17.748825899000053],[103.12698791900004,17.74772125000004],[103.12564234500007,17.747741226000073],[103.12563740100006,17.74838880300007],[103.12621685300007,17.74896091900007],[103.12579030100005,17.74937966300007],[103.12420509300006,17.748910564000028],[103.12405935200007,17.748055175000047],[103.12411180900006,17.745779353000046],[103.12216056700004,17.745387143000073],[103.12276419700004,17.744295219000037],[103.12198286800003,17.743809619000046],[103.12223388400008,17.742451342000038],[103.12205345400008,17.742176615000062],[103.12111849800004,17.742458498000076],[103.12079196100007,17.742138277000038],[103.12120189700005,17.740761657000064],[103.12116524100009,17.740275070000052],[103.12057569900009,17.73972450200006],[103.12267147500006,17.73711525300007],[103.12260638100008,17.736322546000054],[103.12169689900009,17.73640941000002],[103.12112528400007,17.73615271500006],[103.12009799400005,17.73471715900007],[103.11897490100006,17.733647998000038],[103.11852914500008,17.732759258000044],[103.11838989100005,17.731931280000026],[103.11791558600004,17.73128665300004],[103.11736547000004,17.731027253000036],[103.11698972300007,17.730103369000062],[103.11740969400006,17.729365966000046],[103.11905230800005,17.727381904000026],[103.11895617900007,17.72621817000004],[103.11912683700007,17.725692215000038],[103.12076645600007,17.72554206600006],[103.12155504300006,17.725792083000044],[103.12282850900004,17.72875577600007],[103.12286476700007,17.729881797000075],[103.12365967900007,17.729934556000046],[103.12422475000005,17.728180871000063],[103.12413703600004,17.727732228000036],[103.12317285200004,17.72663983700005],[103.12262279700008,17.725613034000048],[103.12275392200007,17.72468705400007],[103.12204332500005,17.724122958000066],[103.12004450000006,17.72360877500006],[103.11868215000004,17.723050396000076],[103.11646111100004,17.721166717000074],[103.11479893500007,17.720011613000054],[103.11443240400007,17.719096845000024],[103.11471430000006,17.717860716000075],[103.11543086500006,17.716745923000076],[103.11651876400003,17.71616186600005],[103.11644446300005,17.715636784000026],[103.11516991700006,17.714344856000025],[103.11480759700004,17.713589613000067],[103.11530843100007,17.712979217000054],[103.11605107300005,17.71106670200004],[103.11685126000003,17.70981718200005],[103.11664862000003,17.70894794000003],[103.11624045500008,17.70904537200005],[103.11535515100007,17.708114761000047],[103.11580698100005,17.707111104000035],[103.11537193200007,17.706201428000043],[103.11602073400007,17.705612726000027],[103.11610694600006,17.70518353800003],[103.11552240700007,17.704599956000038],[103.11513728700004,17.703567392000025],[103.11548912900008,17.70310663300006],[103.11658904300003,17.70309812100004],[103.11606446200005,17.70224276500005],[103.11638703200003,17.70146605700006],[103.11705343100004,17.701702751000028],[103.11799679400008,17.701100282000027],[103.11890286300007,17.70132339500003],[103.11924788400006,17.701079939000067],[103.11950230500008,17.70002347700006],[103.11903105100004,17.699625742000023],[103.11928489500008,17.699054732000036],[103.12034886400005,17.698610667000025],[103.12057019900004,17.697747657000036],[103.11976922200006,17.696559940000043],[103.11975346400004,17.695780914000068],[103.12032287700004,17.69537244600002],[103.12044651700006,17.694629559000077],[103.11986637900009,17.694122165000067],[103.11938135700007,17.694210472000066],[103.11863231400008,17.694962574000044],[103.11781862400005,17.695471870000063],[103.11749499900009,17.69638218800003],[103.11708104600007,17.696551557000078],[103.11675591000005,17.695988294000074],[103.11553448800004,17.69422299200005],[103.11536952200004,17.693016508000028],[103.11461221100006,17.692332560000068],[103.11372494800008,17.691877436000027],[103.11385688200005,17.691381680000063],[103.11519451700008,17.691584823000028],[103.11522260200007,17.69094689600007],[103.11411767200008,17.689396205000037],[103.11422914900004,17.689042277000055],[103.11552369500004,17.688382286000035],[103.11571048100006,17.687875725000026],[103.11358075900006,17.685199708000027],[103.11434728100005,17.684495784000035],[103.11439043100006,17.683931232000077],[103.11313920400005,17.682882909000057],[103.11315837300003,17.681142403000024],[103.11260526000007,17.679070326000044],[103.11159994700006,17.676352848000022],[103.11126971700008,17.676078483000026],[103.10949805400008,17.675588151000056],[103.10745601400004,17.674497925000026],[103.10635396100008,17.675086855000075],[103.10614565500003,17.675677961000076],[103.10651346400005,17.677232696000033],[103.10624240200008,17.677812630000062],[103.10546363600008,17.678310882000062],[103.10490698400008,17.678294681000068],[103.10342805200008,17.676295105000065],[103.10189405700004,17.675169487000062],[103.10180360300006,17.674419938000028],[103.10136990300003,17.673187910000024],[103.10034442900007,17.67277380200005],[103.10035019900005,17.672154097000032],[103.10137441200004,17.672357454000064],[103.10206604500007,17.672277571000052],[103.10185588600007,17.671820899000068],[103.10111731500007,17.67162865000006],[103.10039105500005,17.67180268000004],[103.10006165700008,17.670448459000056],[103.10055996900007,17.669949228000064],[103.10150400600008,17.67038578300003],[103.10187757300008,17.670150883000076],[103.10155039300008,17.66914051400005],[103.10113914600004,17.668549657000028],[103.10051337000004,17.668206346000034],[103.10059240500004,17.66743341600005],[103.10142272500008,17.667161398000076],[103.10069490600006,17.666605195000045],[103.10053564400005,17.66600614200007],[103.10002597300007,17.66593584900005],[103.09966780900004,17.666628794000076],[103.09927157000004,17.66663540600007],[103.09899484200008,17.665938458000028],[103.09814581900008,17.666128669000045],[103.09772110300008,17.66585912000005],[103.09779330800006,17.664039261000028],[103.09756102200004,17.663517132000038],[103.09686746700004,17.663077067000074],[103.09743587400004,17.662078045000044],[103.09831804100008,17.662593815000037],[103.09866802600004,17.662253931000066],[103.09888989200005,17.661388626000075],[103.09950977800008,17.66146982300006],[103.09980824700006,17.66240932000005],[103.10040924100008,17.662357886000052],[103.10123572100008,17.66192422100005],[103.10142100800005,17.66094821400003],[103.10083287000003,17.659961165000027],[103.10060443200007,17.659001285000045],[103.09983775500007,17.658627205000073],[103.09892126500006,17.65728540300006],[103.09917743100004,17.656449330000044],[103.10019364900006,17.65642459000003],[103.10066414800008,17.65664815100007],[103.10115179900004,17.657372293000037],[103.10118275900004,17.657882650000033],[103.10185482300005,17.658503431000042],[103.10343204100008,17.65892088100003],[103.10416776300008,17.658666848000053],[103.10390149900007,17.657914966000078],[103.10301860200008,17.658009321000065],[103.10257418200007,17.657760662000044],[103.10226936000004,17.656952772000068],[103.10225307200005,17.655594114000053],[103.10204681200008,17.654226533000042],[103.10171097300008,17.653688799000065],[103.10028886100008,17.65278118200007],[103.10003800700008,17.652197095000076],[103.10069565100008,17.65144801400004],[103.10130553400006,17.651216040000065],[103.10272787900004,17.651333640000075],[103.10384535600008,17.65126854400006],[103.10499006600008,17.650800699000058],[103.10492613000008,17.64974273400003],[103.10409273900007,17.648674215000028],[103.10324233600005,17.646918749000065],[103.10243874600008,17.64652309400003],[103.10192535300007,17.646575892000044],[103.09969066300005,17.647362341000076],[103.09791088500003,17.647496309000076],[103.09710110100008,17.647379423000075],[103.09611275500004,17.64680072300007],[103.09511046000006,17.64525309900006],[103.09487279100006,17.644496381000067],[103.09513281800008,17.643560484000034],[103.09585011900003,17.642497348000063],[103.09702751000003,17.64180914900004],[103.10059187000007,17.63765514000005],[103.10182718600004,17.63696339100005],[103.10310512900008,17.636500252000076],[103.10515780500003,17.635980035000046],[103.10847713000004,17.63584675800007],[103.10951313900006,17.636254930000064],[103.11093889800009,17.637272764000045],[103.11203286900007,17.63700981900007],[103.11212027400006,17.636082006000038],[103.11136643600008,17.63489670000007],[103.10982319300007,17.633039497000027],[103.10849620300007,17.632836436000048],[103.10695887200006,17.63298906500006],[103.10642656100003,17.63252908800007],[103.10586588300004,17.631282379000027],[103.10480352600007,17.629821347000075],[103.10490729800006,17.629438097000047],[103.10596956200004,17.628797450000036],[103.10677494900006,17.629254804000027],[103.10829570900006,17.629306860000042],[103.10921660700006,17.628823734000036],[103.10911865300005,17.628017758000055],[103.10941656000006,17.62746394100003],[103.10929024700005,17.62644199400006],[103.11037766000004,17.626399179000032],[103.11111001000006,17.625576414000022],[103.11072792100003,17.624294280000072],[103.11137832100007,17.623731899000063],[103.11156223900008,17.62453580700003],[103.11213203600005,17.624942373000067],[103.11296890300008,17.624141018000046],[103.11303341400009,17.624935425000047],[103.11336032600008,17.62530294100003],[103.11436145600004,17.624682089000032],[103.11416286700006,17.62374674800003],[103.11546764700006,17.623749987000053],[103.11667152200005,17.623211783000045],[103.11690494200008,17.62245021500007],[103.11652826100004,17.61933536500004],[103.11912131500009,17.62067903800005],[103.11908249100009,17.62162935500004],[103.12025475700005,17.620752262000053],[103.12118833700004,17.62151797200005],[103.12180140600009,17.621331991000034],[103.12140427500003,17.621929118000025],[103.12225997100006,17.622063543000024],[103.12179224400006,17.622885649000068],[103.12293632800004,17.622684070000048],[103.12349326600008,17.62277206500005],[103.12356166100005,17.622081619000028],[103.12458840600004,17.622537934000036],[103.12395352100003,17.623084251000023],[103.12503582200009,17.62397943700006],[103.12400434000006,17.62456054100005],[103.12486422500007,17.625447999000073],[103.12539980000008,17.625201079000078],[103.12550362600007,17.623813722000023],[103.12634030600009,17.62419010900004],[103.12678204900004,17.623589852000066],[103.12756516700006,17.623986752000064],[103.12771246300008,17.623074573000054],[103.12737016600005,17.62271981500004],[103.12791737300006,17.62178761800004],[103.12879227900004,17.621620113000063],[103.12954526500005,17.622119060000045],[103.12958468700003,17.622884335000037],[103.12998025700006,17.622551551000072],[103.13050054000007,17.622760742000025],[103.13030855700003,17.62319632300006],[103.13115312600007,17.623448317000054],[103.13149861300008,17.62307838600003],[103.13221326700005,17.623643525000034],[103.13295266200004,17.62355556500006],[103.13312776200007,17.62300180400007],[103.13411929100005,17.62300263000003],[103.13540721000004,17.623620179000056],[103.13668646000008,17.624058140000045],[103.13728709200007,17.624687007000034],[103.13817711300004,17.624739721000026],[103.13806694800007,17.62416330900004],[103.14029609200009,17.623150758000065],[103.14048843700004,17.622736450000048],[103.13962895300006,17.62186430400004],[103.14067321000005,17.62199072800007],[103.14098875800005,17.62160995000005],[103.14071785400006,17.620411929000056],[103.14151642000007,17.619367792000048],[103.14237732200007,17.61937718300004],[103.14247026200007,17.618793371000038],[103.14218040800006,17.618073871000036],[103.14276440400005,17.617788116000042],[103.14352581700007,17.617942559000028],[103.14499728600003,17.617308656000034],[103.14525041100006,17.616633080000042],[103.14599694000003,17.616055161000077],[103.14655513200006,17.61595563000003],[103.14734609500005,17.61463330500004],[103.14821871300006,17.614436864000027],[103.14849407200006,17.61328314000002],[103.14932700200006,17.61330501300006],[103.14956177900007,17.612827002000074],[103.14902205200008,17.612365560000057],[103.14932071300007,17.611255627000048],[103.14991434500007,17.609964985000033],[103.15053196500008,17.60931699100007],[103.14995557300006,17.60929604100005],[103.14972043400007,17.60828553300007],[103.14999072200004,17.607255525000028],[103.15008733300004,17.60606791300006],[103.14880225600007,17.604502654000044],[103.14880280900007,17.60404807200007],[103.14976932500008,17.603613775000042],[103.14996811200007,17.602971628000034],[103.15092362300004,17.60261448600005],[103.15160394600008,17.602599078000026],[103.15260560700005,17.601733652000064],[103.15334047100004,17.60142279300004],[103.15330720800006,17.600727492000033],[103.15473913900007,17.59984031500005],[103.15429362300006,17.599247465000076],[103.15462378200004,17.59889306200006],[103.15404714500005,17.597925850000024],[103.15506318200005,17.59712015300005],[103.15490936000003,17.59656884000003],[103.15511194700008,17.595067440000037],[103.15468157400005,17.59472048300006],[103.15516659500008,17.593324084000074],[103.15498677300008,17.592762616000073],[103.15543686400008,17.59249337600005],[103.15590714600006,17.591651655000078],[103.15698461100004,17.591853800000024],[103.15852803700005,17.59180731500004],[103.15946222300005,17.590485795000063],[103.15945458500005,17.590134848000048],[103.16018684000005,17.58971827700003],[103.16157674400006,17.589323011000033],[103.16224176400004,17.588544311000078],[103.16268305000006,17.587329064000073],[103.16270057100007,17.586556400000063],[103.16398155100006,17.585867850000056],[103.16426224100007,17.585403901000063],[103.16521268100007,17.58488217400003],[103.16610433000005,17.585266712000077],[103.16680479600006,17.58449758200004],[103.16694928800007,17.582839843000045],[103.16741686200004,17.58260419100003],[103.16776379400005,17.581646970000065],[103.16846011600006,17.58070531800007],[103.16793368500004,17.580219552000074],[103.16970961400006,17.579780880000044],[103.17307242800007,17.579314520000025],[103.17505226600008,17.578848048000054],[103.17544399200006,17.578884455000036],[103.17638146700006,17.579688943000065],[103.17712608900007,17.579874306000022],[103.17879068700006,17.579990535000036],[103.17994796700003,17.579733610000062],[103.18179951700006,17.57971836400003],[103.18464449600003,17.57950087300003],[103.18741382200005,17.580499933000056],[103.18841283900008,17.580686145000072],[103.19085568100007,17.580655042000046],[103.19218412400005,17.58078051700005],[103.19401469000007,17.581324108000047],[103.19695200300004,17.582052195000074],[103.19913969200007,17.582284224000034],[103.20425963900004,17.583981995000045],[103.20747416700004,17.584363766000024],[103.20712117000005,17.582829117000074],[103.20663381200006,17.581842175000077],[103.20680717500005,17.580320107000034],[103.20910360900007,17.581183354000075],[103.21025742800003,17.581988556000056],[103.21209474300008,17.582896867000045],[103.21343526000004,17.582756440000026],[103.21552913400006,17.581764231000022],[103.21639960500005,17.581526187000065],[103.21628260200004,17.58100218100003],[103.21755925100007,17.58132242100004],[103.21930258800006,17.580943243000036],[103.22070762600003,17.581418088000078],[103.22178821700004,17.581198915000073],[103.22247024400008,17.58150588600006],[103.22333425700003,17.581232877000048],[103.22485390500003,17.581728258000055],[103.22616585500003,17.58132310700006],[103.22704422100009,17.581847096000047],[103.22786248600005,17.58050995700006],[103.22741738100007,17.579882361000045],[103.22673159200008,17.579753453000023],[103.22674399900006,17.57929181700007],[103.22748665400007,17.57777993700006],[103.22877322900007,17.577315515000066],[103.23063795700006,17.574883594000028],[103.23004802700007,17.57499559200005],[103.23043067300006,17.57455146800004],[103.22970418100005,17.574290835000056],[103.22959076000006,17.57345193900005],[103.23119280000009,17.57337774900003],[103.23126564300009,17.573107893000042],[103.23070696000008,17.572204355000054],[103.23035498700006,17.570969519000073],[103.23130369500007,17.570328119000067],[103.23095218500004,17.569091272000037],[103.23048409700004,17.56893793200004],[103.23062610800008,17.568166546000043],[103.23151259500008,17.56832329300005],[103.23174168600008,17.567976885000064],[103.23148251600009,17.56736674900003],[103.23146578800004,17.56645803500004],[103.23169333800007,17.565963744000044],[103.23120802500006,17.56521689300007],[103.23139581300006,17.564693282000064],[103.23094946000003,17.563886283000045],[103.23133548000004,17.563327425000068],[103.23032929300007,17.561598915000047],[103.23067700900003,17.56119951000005],[103.23074338500004,17.56023873500004],[103.23044882100004,17.559891235000066],[103.23041285000005,17.55869443000006],[103.22991424400004,17.557463280000036],[103.22951577400005,17.557087883000065],[103.22958990100005,17.556138779000037],[103.23014436900007,17.555354279000028],[103.22965109200004,17.55444336000005],[103.22995805400006,17.553309372000058],[103.22872710000007,17.551739067000028],[103.22906852200003,17.550605808000057],[103.22909152700004,17.549419878000037],[103.22854543300008,17.54866897900007],[103.22887276400007,17.547875007000073],[103.22858363000006,17.547588572000052],[103.22896928400007,17.54688090800005],[103.22857427300005,17.546368849000032],[103.22846547600005,17.54534151300004],[103.22880865900004,17.54499441400003],[103.22906521300007,17.543958243000077],[103.23014357400007,17.54284027800003],[103.23058073600004,17.541986914000063],[103.22951500400006,17.53976643200002],[103.22936187000005,17.538694554000074],[103.22864241100007,17.53778926900003],[103.22803524300008,17.537695924000047],[103.22816244300009,17.537037331000022],[103.22769366300008,17.537006372000064],[103.22760381700004,17.536533759000065],[103.22640757800008,17.536062195000056],[103.22637344200007,17.53552094300005],[103.22518363900008,17.534909680000055],[103.22506254600006,17.53385766200006],[103.22426013900008,17.533428100000037],[103.22461730900005,17.532358250000073],[103.22439059300007,17.531579763000025],[103.22479368600006,17.530525230000023],[103.22438169600008,17.529843871000026],[103.22484365200006,17.529532731000074],[103.22491820800008,17.528649950000045],[103.22530206200008,17.52770386000003],[103.22701301200004,17.52633736300004],[103.22768043100007,17.52565941100005],[103.22815229600008,17.524579706000054],[103.22966957100004,17.524605131000044],[103.23043474000008,17.52441109700004],[103.23107472400005,17.52394270600007],[103.23117754200007,17.523302615000034],[103.23257889500007,17.52257319100005],[103.23275389400004,17.521685994000052],[103.23420982000005,17.52048816000007],[103.23534462800006,17.520427002000076],[103.23565253600003,17.52008730400007],[103.23980627800006,17.520450046000065],[103.24239814900005,17.51933482100003],[103.24399121500005,17.519591989000048],[103.24635724000007,17.519513963000065],[103.24721547300004,17.519181081000056],[103.24905067700007,17.518816866000066],[103.25098660600008,17.51829907000007],[103.25256751000006,17.518331330000024],[103.25502630100004,17.517987211000047],[103.25597914400004,17.513914585000066],[103.25591408300005,17.513409637000052],[103.25646368100007,17.512173362000055],[103.25822517200004,17.512549239000066],[103.25973820300004,17.512380504000078],[103.25980758800006,17.513201878000075],[103.26022574100006,17.51499765400007],[103.26081317200004,17.515987666000058],[103.26119218200006,17.51700221300007],[103.26285081300006,17.51873905100007],[103.26417318100005,17.519387711000036],[103.26525691200004,17.519699806000062],[103.26664966700008,17.520636377000073],[103.26694164800006,17.521318611000027],[103.26667479800005,17.523871015000054],[103.26790759900007,17.525636360000078],[103.26862134800007,17.527876191000075],[103.27099452900006,17.530561575000036],[103.27121247300005,17.531106344000023],[103.27090410700004,17.532292862000077],[103.27039967000007,17.53303481200004],[103.26954944300007,17.533742328000073],[103.26951292200005,17.534512927000037],[103.27000386300006,17.535569601000077],[103.26928311800003,17.53723685400007],[103.26846412000003,17.537135128000045],[103.26807881000008,17.53774358100003],[103.26742906100009,17.538000663000048],[103.26703582100004,17.537536197000065],[103.26554843400004,17.537341113000025],[103.26450231200005,17.537672756000063],[103.26425217100007,17.538428533000058],[103.26345471700006,17.538853501000062],[103.26293499400003,17.539535022000052],[103.26205345900007,17.54009958200004],[103.26109888500008,17.540114561000053],[103.26087118900006,17.540503040000033],[103.25974753400004,17.54142100300004],[103.25946815300006,17.541840387000036],[103.25904854100008,17.543317613000056],[103.25847229800007,17.544080398000062],[103.25835275900005,17.54471912400004],[103.25855492200009,17.546477207000066],[103.25913940600009,17.547270927000056],[103.25862206000005,17.54914904000003],[103.25762236300005,17.551250916000072],[103.25899414300005,17.551678867000078],[103.26050892600006,17.551944923000065],[103.26221848600005,17.552709272000072],[103.26372162700005,17.553565787000025],[103.26440057700006,17.55428747900004],[103.26660838400005,17.555412234000073],[103.26704074800006,17.554402194000033],[103.26757447100005,17.553861480000023],[103.26874293700007,17.55385390200007],[103.27056088700004,17.553357942000048],[103.27082814000005,17.552523266000037],[103.27154687600006,17.551426546000073],[103.27226306500006,17.551066811000055],[103.27311813100005,17.551330934000077],[103.27350221700004,17.55093534300005],[103.27422958200003,17.551602339000056],[103.27493450100008,17.551644200000055],[103.27516074400006,17.552130866000027],[103.27593400400008,17.552327650000052],[103.27645783800006,17.553198767000026],[103.27638219300007,17.55350793300005],[103.27739422700006,17.554207849000022],[103.27781057500005,17.554058802000043],[103.27854309700007,17.554495030000055],[103.27943264800007,17.554388345000064],[103.27997966900006,17.553713309000045],[103.28086418900006,17.55335196900006],[103.28164893800005,17.553560064000067],[103.28196548900007,17.55419745000006],[103.28251380900008,17.554341880000038],[103.28296286300008,17.553889096000034],[103.28339844900006,17.554293424000036],[103.28429066400008,17.55425192900003],[103.28464965700005,17.554484222000042],[103.28526834600007,17.55388289700005],[103.28610428400003,17.55417518400003],[103.28714040300008,17.554070273000036],[103.28772012600007,17.553219820000038],[103.28827613900006,17.55333995700005],[103.28924637300008,17.55275287300003],[103.28942861100006,17.552249919000076],[103.29024895400005,17.55221066200005],[103.29072121800004,17.55192419800005],[103.29150586500003,17.551899933000072],[103.29246157300008,17.552488965000066],[103.29287785500009,17.552298673000053],[103.29328755600005,17.552946469000062],[103.29404871100007,17.55321210900007],[103.29540464600007,17.55316472000004],[103.29651470500005,17.552873297000076],[103.29728440900004,17.55238255000006],[103.29772165300005,17.552488720000042],[103.29770841100009,17.553193364000037],[103.29852757500004,17.553151554000067],[103.29806260200007,17.553995255000075],[103.29838948100007,17.554444482000065],[103.29866483200004,17.554064206000078],[103.29987480300008,17.55485911200003],[103.30012588300008,17.555846474000077],[103.30051409700008,17.55535678600006],[103.30170136400005,17.555832458000054],[103.30268433700007,17.55578061500006],[103.30343133200006,17.55628889600007],[103.30397422200008,17.555574797000077],[103.30476663000007,17.555383275000054],[103.30521714100007,17.555744334000053],[103.30604775400008,17.555810359000077],[103.30600500300005,17.556136526000046],[103.30745660700006,17.55655284100004],[103.30831497100007,17.556005409000022],[103.30943508400009,17.55660033600003],[103.30978107400006,17.556173887000057],[103.31015965600005,17.556874590000064],[103.31116730100007,17.556699648000063],[103.31168560900005,17.55743171100005],[103.31235638800007,17.557503174000033],[103.31248566800008,17.55716730100005],[103.31313189900004,17.557399015000044],[103.31376124900004,17.557195517000025],[103.31360496300005,17.556271129000038],[103.31459497600008,17.55638170800006],[103.31540103200007,17.555697141000053],[103.31559464700007,17.556436123000026],[103.31601791200006,17.556268277000072],[103.31619771400005,17.556738229000075],[103.31753109000005,17.555002821000073],[103.31807160000005,17.554709410000044],[103.31904895300005,17.553117292000024],[103.31994977400007,17.55310728300003],[103.31967951000007,17.552157674000057],[103.31903189600007,17.551747415000023],[103.31936261700008,17.551238369000032],[103.32022702400008,17.550561123000023],[103.32044880200004,17.549345294000034]]]},"properties":{"Shape_Leng":2.41357995633,"Shape_Area":0.077677714176,"ADM2_EN":"Ban Dung","ADM2_TH":"บ้านดุง","ADM2_PCODE":"TH4111","ADM1_EN":"Udon Thani","ADM1_TH":"อุดรธานี","ADM1_PCODE":"TH41","ADM0_EN":"Thailand","ADM0_TH":"ประเทศไทย","ADM0_PCODE":"TH"}},
{"type":"Feature","geometry":{"type":"Polygon","coordinates":[[[102.69326517500008,17.57184200000006],[102.69358463800006,17.57257717600004],[102.69440308600008,17.572544616000073],[102.69402362400007,17.57334873600007],[102.69483262900008,17.57317239300005],[102.69535468300006,17.574311360000024],[102.69595260100004,17.57470210300005],[102.69695275500004,17.574500156000056],[102.69713598400006,17.575038181000025],[102.69806399000004,17.575028630000077],[102.69820761200003,17.576127233000022],[102.69910916900005,17.575849663000042],[102.69939009000007,17.577233570000033],[102.69987330500004,17.577885308000077],[102.69945093500007,17.578801893000048],[102.69940605600004,17.579922503000034],[102.69987951700006,17.580626763000055],[102.70031061600008,17.58079239800003],[102.70022885900005,17.581449620000058],[102.70117553700004,17.581829334000076],[102.70207335400005,17.582499257000052],[102.70241596900007,17.58303660400003],[102.70315759600004,17.583552052000073],[102.70390100100008,17.583392041000025],[102.70426427700005,17.582987702000025],[102.70481831000006,17.582952841000065],[102.70586751100006,17.583570400000042],[102.70754644600004,17.584843789000047],[102.70928420100006,17.585679558000038],[102.70956541500004,17.585637333000022],[102.71054330000004,17.58645876500003],[102.71150913000008,17.586261284000045],[102.71232701700006,17.58683958900002],[102.71214412400008,17.587740457000052],[102.71280245200006,17.588384381000026],[102.71201734200008,17.588764517000072],[102.71235047100004,17.589630077000038],[102.71200091300005,17.590948190000063],[102.71260384600004,17.591578217000063],[102.71230482200008,17.592029629000024],[102.71301892300005,17.59249569700006],[102.71369254400008,17.59261065100003],[102.71489422700006,17.592337714000053],[102.71514589800006,17.593127536000054],[102.71549930600008,17.592634235000048],[102.71581166600004,17.59322022500004],[102.71625639200005,17.593366337000077],[102.71643711000007,17.592932871000073],[102.71699861400003,17.593086811000035],[102.71684159900008,17.593481703000066],[102.71774819000007,17.59372995500007],[102.71849795100007,17.592852823000044],[102.71885335200005,17.593689210000036],[102.71979680100009,17.593871028000024],[102.71987539400004,17.594629651000048],[102.72058204500007,17.59439977900007],[102.72148716100008,17.594668667000064],[102.72213368500007,17.595282225000062],[102.72258725600005,17.593859836000036],[102.72347270900008,17.593431611000028],[102.72355091300005,17.59400871500003],[102.72416093700008,17.59416232700005],[102.72488978200005,17.594920968000054],[102.72488225100005,17.59544025200006],[102.72434885000007,17.595157950000043],[102.72409339900008,17.596080203000042],[102.72550265300004,17.59618266800004],[102.72601817400005,17.596833950000075],[102.72718405100005,17.596115420000046],[102.72814845500005,17.59687403500004],[102.72813389000004,17.597728679000056],[102.72779518000004,17.597941107000054],[102.72827608300008,17.59843261900005],[102.72744011200007,17.599398551000036],[102.72687718900005,17.59898225200004],[102.72715460600006,17.600201733000063],[102.72748033000005,17.600334814000064],[102.72822265500008,17.59998629100005],[102.72912063700005,17.600649882000027],[102.72915595700005,17.60133311000004],[102.72950284100006,17.601630150000062],[102.73067551400004,17.601370978000034],[102.73216110700008,17.601533893000067],[102.73220729500008,17.60256171800006],[102.73161070100008,17.602906413000028],[102.73154950300005,17.603536193000025],[102.72921463600005,17.604257808000057],[102.72744131800005,17.604385361000027],[102.71731649000009,17.604043268000055],[102.71662601200006,17.604124486000046],[102.71339167900004,17.605302237000046],[102.71212743800004,17.605994758000065],[102.70776741700007,17.610596499000053],[102.70664083500009,17.610306689000026],[102.70558449300006,17.611856113000044],[102.70422871200009,17.612383399000066],[102.70416564900006,17.613746422000077],[102.70273864000006,17.613997105000067],[102.70288014900007,17.616073200000073],[102.70224624400004,17.616213410000057],[102.70061233300004,17.617372669000076],[102.70046287800005,17.617940950000047],[102.69960175900007,17.61872455300005],[102.69899984100005,17.620127973000024],[102.69801276100009,17.620265483000026],[102.69680064700003,17.62084894700007],[102.69565820600008,17.621052123000027],[102.69450676800005,17.62102373700003],[102.69306279500006,17.61982595300003],[102.69167875400007,17.617956839000044],[102.69077042000004,17.616365620000067],[102.68923502900009,17.613354886000025],[102.68771437700008,17.61141657400003],[102.68646162900006,17.61051125000006],[102.68282793500003,17.609249757000043],[102.68114933500004,17.608880458000044],[102.67941010200008,17.608330169000055],[102.67575048800006,17.606723002000024],[102.67297870400006,17.605016524000064],[102.67205119400006,17.604100561000052],[102.67160663300007,17.603248715000063],[102.67144426300007,17.601977087000023],[102.67140883400003,17.59983605000002],[102.67040893800004,17.598511204000033],[102.66800038400004,17.596269045000042],[102.66669698500004,17.595673503000057],[102.66520613500006,17.595191284000066],[102.66101330800007,17.594431392000047],[102.65958675600007,17.59431216300004],[102.65562845200009,17.59443522600003],[102.65128825000005,17.593768951000072],[102.64927815900006,17.59412780300005],[102.64776046200006,17.59502273100003],[102.64793824500003,17.596067549000054],[102.64779689100004,17.597043350000035],[102.64721566600008,17.597822455000028],[102.64694750000007,17.598839804000022],[102.64805198700009,17.600168937000035],[102.64852159400004,17.601160837000066],[102.64953005000007,17.603775252000048],[102.64863079700007,17.604742629000043],[102.64823473300004,17.604821532000074],[102.64775659500003,17.605624730000045],[102.64783414400006,17.606594967000035],[102.64837092200008,17.60736994100006],[102.64763789300008,17.60797093900004],[102.64662303100005,17.60953235900007],[102.64661567400003,17.61239560000007],[102.64704662800006,17.612574936000044],[102.64696639100003,17.614275322000026],[102.64536294400006,17.614726829000062],[102.63900054900006,17.61720224100003],[102.63795402100004,17.61766153900004],[102.63471391700006,17.618880947000036],[102.63005003000006,17.620479267000064],[102.62205586000005,17.622775510000054],[102.61857462100005,17.62363118600007],[102.61369130200006,17.624744577000058],[102.60979087900006,17.625236250000057],[102.60551809500004,17.62528118700004],[102.60042449600007,17.62386985200004],[102.59670904000006,17.622550752000052],[102.59580421600003,17.622943564000025],[102.59592850100006,17.624423186000058],[102.59699618000008,17.625476625000033],[102.59724972000004,17.62599599200007],[102.59699466700005,17.62902901500007],[102.59746711000008,17.630113098000038],[102.59831913500005,17.63092514300007],[102.59856537600007,17.630652402000067],[102.59928947400005,17.631349759000045],[102.59907969100004,17.631912401000022],[102.59974342700008,17.632032715000037],[102.59991780300004,17.63273773900005],[102.60149037600007,17.633533128000067],[102.60121028000003,17.634375560000024],[102.60203937800009,17.63483674400004],[102.60194491700008,17.635204845000032],[102.60240945000004,17.637217856000063],[102.60195549100007,17.638141678000068],[102.60185151600007,17.63888110000005],[102.60268284100005,17.639060823000023],[102.60246218000003,17.63967532600003],[102.60196561800007,17.639874389000056],[102.60151123100007,17.641603747000033],[102.60192209400009,17.641557111000054],[102.60194527700008,17.642570143000057],[102.60311452700006,17.643151497000076],[102.60281323400005,17.644291499000076],[102.60214166600008,17.645021669000073],[102.60261463600006,17.64557356800003],[102.60310146000006,17.64546079400003],[102.60249720400009,17.64711685800006],[102.60303430600004,17.647288787000036],[102.60272882900006,17.647868679000055],[102.60235439800005,17.647545612000044],[102.60243735400007,17.64819170900006],[102.60209421200005,17.648720359000038],[102.60217231200005,17.649546589000067],[102.60171860400004,17.64969865300003],[102.60196905500004,17.650115631000062],[102.60154052500008,17.650436588000048],[102.60221542400006,17.650807617000055],[102.60251237400007,17.65139939200003],[102.60296083400004,17.653679218000036],[102.60201919600007,17.653994297000054],[102.60199465000005,17.654521697000064],[102.60131403600008,17.65522453500006],[102.60106861900005,17.656767976000026],[102.60024005200006,17.65676345600002],[102.59992612900004,17.65741367100003],[102.60009451000008,17.65795526100004],[102.59965244400007,17.658228226000062],[102.60002951700005,17.658844342000066],[102.59991391800008,17.659404778000066],[102.60021610500007,17.65995825400006],[102.59982929100005,17.661003380000068],[102.60012448100008,17.661779443000057],[102.59941133100006,17.661998716000028],[102.59939780900004,17.66250721700004],[102.59874662800007,17.663085704000025],[102.59907295500005,17.66353254200004],[102.59882896600004,17.664467909000052],[102.59767270000003,17.66642926800006],[102.59680950400008,17.669298259000072],[102.59692038000009,17.670957285000043],[102.59776035200008,17.672283982000067],[102.59829384900007,17.67349500100005],[102.59969935000004,17.67769110200004],[102.59996223800005,17.67997775400005],[102.60076711000005,17.68110874300004],[102.60131435300008,17.681307032000063],[102.60392988800004,17.681696547000058],[102.60633744500007,17.681464899000048],[102.60720000900005,17.681605955000066],[102.60911416000005,17.682685759000037],[102.61187369600003,17.683474919000048],[102.61066100300008,17.68467686200006],[102.60875699500008,17.688357326000073],[102.60704477700006,17.690763546000028],[102.60566388600006,17.692351255000062],[102.60461601000009,17.693203742000037],[102.60317583100004,17.694000929000026],[102.60219913300006,17.694372582000028],[102.59922659100005,17.695024802000034],[102.59784378400008,17.695625523000047],[102.59469794400007,17.697240055000066],[102.59234424900006,17.698738518000027],[102.59049312100007,17.69975172000005],[102.58874383800008,17.700880102000042],[102.58591528700003,17.70306991800004],[102.58445251900008,17.704095100000075],[102.58327482400006,17.705250463000027],[102.58292567700005,17.706339924000076],[102.58182681800008,17.707577654000033],[102.58106377400009,17.70777926200003],[102.58077801800005,17.708818044000054],[102.58088571100006,17.70920370500005],[102.58014739700008,17.709315830000037],[102.57956613800008,17.70997787500005],[102.57940159600008,17.711068358000034],[102.57806184400005,17.711440537000044],[102.57743240500008,17.712191147000055],[102.57679783800006,17.712287351000043],[102.57575718800007,17.712826906000032],[102.57567584300006,17.713538885000048],[102.57619366800009,17.71408369100004],[102.57637913600007,17.71543511300007],[102.57577167000005,17.71565633700004],[102.57527016000006,17.715389783000035],[102.57445964800007,17.716544167000052],[102.57352996200007,17.716701595000075],[102.56996090700005,17.718591815000025],[102.56923689100006,17.71921255600006],[102.56455915500004,17.72351500600007],[102.56304202000007,17.724702664000063],[102.55962511500007,17.72751846700004],[102.55815402400003,17.728564644000073],[102.55596524900005,17.730420668000022],[102.55334539500006,17.73274149100007],[102.55116527500007,17.734421542000064],[102.54838132300006,17.737108560000024],[102.54468255000006,17.739917559000048],[102.54291926500008,17.74103924600007],[102.54038881100007,17.74294819100004],[102.53827877200007,17.74509560100006],[102.53802649900007,17.74605802600007],[102.53846255000008,17.74760000300006],[102.53856308300004,17.74960202500006],[102.53769297800005,17.752617633000057],[102.53690060900004,17.75461234200003],[102.53577169100004,17.75628501400007],[102.53409651300007,17.758166755000047],[102.53218602700008,17.759875184000066],[102.52997333500008,17.761194173000035],[102.52790180300008,17.76220414200003],[102.52653640800008,17.762427957000057],[102.52577467400005,17.762875258000065],[102.52370153800007,17.763182114000074],[102.52103304400003,17.763066071000026],[102.51848337000007,17.76277207800007],[102.51601331900008,17.76220509500007],[102.51443017400004,17.76200897800004],[102.51285418100008,17.761982559000046],[102.51156403000005,17.76167758500003],[102.51034070300005,17.761041184000078],[102.50824491000009,17.760137346000022],[102.50475902200009,17.758452539000075],[102.50253608100007,17.757641273000047],[102.50113196000007,17.75758651700005],[102.50006760200006,17.757858449000025],[102.49914420900006,17.75839960600007],[102.49761845000006,17.759815021000065],[102.49716752000006,17.76005205100006],[102.49541170100008,17.75973301600004],[102.49446273900008,17.75925032600003],[102.49339478900004,17.758127238000043],[102.49309622200008,17.756870422000077],[102.49260188900007,17.755935371000078],[102.49200914100004,17.75567010700007],[102.49093442500003,17.755908343000044],[102.49043028400007,17.757203505000064],[102.48979528800004,17.75723663900004],[102.48869017200008,17.756957447000048],[102.48807278900006,17.757253469000034],[102.48674046300005,17.75701433000006],[102.48348646800008,17.757234507000078],[102.48218788500009,17.757125966000046],[102.48122159300004,17.756762022000032],[102.47812107700008,17.75686255000005],[102.47671052300007,17.757187096000052],[102.47657660800007,17.756158886000037],[102.47600620400004,17.755733720000023],[102.47551630300006,17.754897503000052],[102.47421386300005,17.75487620000007],[102.47235105800007,17.753548591000026],[102.47179761300004,17.753309589000025],[102.47064539100006,17.753375435000066],[102.46897859400008,17.752977995000037],[102.46796285400006,17.753318669000066],[102.46652135800008,17.754533652000077],[102.46603892900004,17.75516802800007],[102.46625662900004,17.755651046000025],[102.46594473900007,17.755992195000033],[102.46485897500008,17.756115344000023],[102.46437391000006,17.75641084600005],[102.46427196300004,17.757067708000022],[102.46330561000008,17.757178259000057],[102.46306721000008,17.757618214000047],[102.46198074000006,17.757711049000022],[102.46126864200005,17.75815241400005],[102.46084124900005,17.759085451000033],[102.46002451700008,17.759496487000035],[102.45940604500004,17.758378418000063],[102.45866807800007,17.758350353000026],[102.45848602300003,17.758866557000033],[102.45681634800007,17.759728309000025],[102.45574174300003,17.759576847000062],[102.45528834900006,17.760406588000023],[102.45324976900008,17.760545746000048],[102.45217659500008,17.761452958000064],[102.45234368200005,17.76249570600004],[102.45287861200006,17.762685359000045],[102.45238073300004,17.763123303000043],[102.45279443600003,17.76401886900004],[102.45243488500006,17.764601809000055],[102.45218950800006,17.766083751000053],[102.45255988700006,17.767159912000068],[102.45206981000007,17.76857691400005],[102.45153263500004,17.768440695000038],[102.45070973300005,17.76972403700006],[102.44967710600008,17.770955161000074],[102.44918114200004,17.771290494000027],[102.44802385700007,17.771329084000058],[102.44677915000005,17.77052016400006],[102.44696210900008,17.77018154600006],[102.44690411300007,17.769094679000034],[102.44519926600009,17.769309084000042],[102.44495555800006,17.76794197600003],[102.44457876400008,17.76741773300006],[102.44329689100005,17.767720535000024],[102.44257092400005,17.766917274000036],[102.44171193900007,17.766974421000043],[102.44192931200007,17.767717341000036],[102.44154141100006,17.767783275000056],[102.44132583800007,17.767203106000068],[102.44034774300007,17.767434535000064],[102.44036571400005,17.76783413000004],[102.43960170900004,17.76798054900007],[102.43993771900006,17.76850662100003],[102.43951978900009,17.768854756000053],[102.43986462100008,17.769207564000055],[102.44053319900007,17.76913042600006],[102.44047893700008,17.769612124000048],[102.43938163300004,17.76955663900003],[102.43940883000005,17.770481232000066],[102.43873544800005,17.770237851000047],[102.43872477500008,17.771185939000077],[102.43912664300007,17.77232804700003],[102.43858613400005,17.773368666000067],[102.43926631000005,17.773499559000072],[102.43917860100004,17.774360700000045],[102.43837679500007,17.774157683000055],[102.43801644500007,17.775113239000063],[102.43745191400006,17.775079090000077],[102.43710917600004,17.775821907000022],[102.43745732100007,17.776101092000033],[102.43722460600009,17.77811003000005],[102.43866773400003,17.77838530400004],[102.43866976900006,17.779128551000042],[102.43932539500008,17.77927283300005],[102.43915609400005,17.78003643900007],[102.43851626000009,17.78037456000004],[102.43895654300007,17.780889632000026],[102.43887770500004,17.78145199900007],[102.43919848700006,17.782281629000067],[102.43958666400005,17.782402018000028],[102.43975938000005,17.781542067000032],[102.44039003500006,17.781184842000073],[102.44095567100004,17.781606907000025],[102.44113901700007,17.78224533100007],[102.44083290300006,17.78303883700005],[102.44138898600005,17.783664705000035],[102.44223532000007,17.783339952000063],[102.44286076000009,17.78351490800003],[102.44223775400008,17.78441742600006],[102.44183134000008,17.784169446000078],[102.44037300700006,17.784370901000045],[102.43999959800004,17.784007726000027],[102.43962098500003,17.784293210000044],[102.43973843100008,17.784781870000074],[102.44039592300004,17.78491989300005],[102.44043785600007,17.78566156200003],[102.43968119500005,17.785470418000045],[102.43876340200006,17.78577778500005],[102.43848950900008,17.785415750000027],[102.43924888700008,17.78494707300007],[102.43880632300005,17.784533657000054],[102.43804918600006,17.784476246000054],[102.43795649300006,17.78546359300003],[102.43733812300007,17.785803687000055],[102.43680066000007,17.785531826000067],[102.43645765100007,17.785995263000075],[102.43692215900006,17.786620588000062],[102.43608733800005,17.786977850000028],[102.43563793800007,17.78742661700005],[102.43402376800009,17.78767040300005],[102.43431534200005,17.788568103000046],[102.43368889100009,17.789611362000073],[102.43298088700004,17.789855851000027],[102.43304058200005,17.790256025000076],[102.43435145000007,17.790405467000028],[102.43450803100006,17.790946871000074],[102.43373635300009,17.79155387800006],[102.43379496400007,17.793724928000074],[102.43345186800008,17.794076132000043],[102.43244408400005,17.79376447900006],[102.43257155700007,17.794393570000068],[102.43155616300004,17.794622393000054],[102.43105024100004,17.793632933000026],[102.43063484700008,17.793243054000072],[102.43144403500008,17.792478132000042],[102.43076932200006,17.791831698000067],[102.42989684700007,17.79203295700006],[102.42924426500008,17.792634277000047],[102.42912824600006,17.793683225000052],[102.42956055600007,17.79437370200003],[102.42909829900003,17.79591556500003],[102.43021714700006,17.79573563400004],[102.43042795200006,17.796950062000064],[102.43083708900008,17.797208841000042],[102.43101166800005,17.796567597000035],[102.43190176700006,17.796239572000047],[102.43149250200008,17.796927254000025],[102.43258043800006,17.798104496000065],[102.43305514500008,17.79897420900005],[102.43247120500007,17.798899603000052],[102.43190005100007,17.799221318000036],[102.43041599600008,17.798978566000073],[102.43032405600007,17.79941086200006],[102.43136180600004,17.80017218100005],[102.43159757600006,17.80113515200003],[102.43068845700009,17.801938023000048],[102.43070620800006,17.802384436000068],[102.43185814900005,17.803370381000036],[102.43225342800008,17.803419847000043],[102.43321209700008,17.80277355800007],[102.43366741900007,17.803378373000044],[102.43322062500005,17.803866433000053],[102.43327112000009,17.80491478400006],[102.43437719600007,17.806281323000064],[102.43439404300005,17.806818362000058],[102.43375231600004,17.806931229000043],[102.43334982700009,17.80805601800006],[102.43214569600008,17.808145425000077],[102.43160210700006,17.808365740000056],[102.43255443800007,17.80952946800005],[102.43411992600005,17.81029866600005],[102.43357767200007,17.811466104000033],[102.43424928300004,17.81181712700004],[102.43464455100008,17.811484977000077],[102.43466759600005,17.810789759000045],[102.43554783200005,17.810352953000063],[102.43606727900004,17.81061616100004],[102.43761937800008,17.81020017900005],[102.43793434700007,17.81129850900004],[102.43746931300007,17.811769094000056],[102.43664751900008,17.811972257000036],[102.43605321100006,17.811722562000057],[102.43594415500007,17.812126396000053],[102.43684244400004,17.813111728000024],[102.43831751100004,17.81332390500006],[102.43727467200006,17.814872231000038],[102.43795312600008,17.81522426400005],[102.43945171100006,17.814857536000034],[102.43959953900008,17.816138461000037],[102.43829055900005,17.816550048000067],[102.43814281900006,17.817053367000028],[102.43872514200007,17.81755161700005],[102.44003341100006,17.817363757000066],[102.44008957500006,17.816560542000047],[102.44059001800008,17.81645036900005],[102.44052543500004,17.81865192300006],[102.44142441900004,17.819934105000073],[102.44108884700006,17.82074629300007],[102.43994788900005,17.82099934400003],[102.43891850700004,17.820628576000047],[102.43878066600007,17.820107156000063],[102.43832386400004,17.820204378000028],[102.43763095900005,17.821981761000075],[102.43662565600005,17.821799217000034],[102.43602502700008,17.821267307000028],[102.43574707500005,17.82170149800004],[102.43490857100005,17.821756097000048],[102.43470094800006,17.820912064000026],[102.43376336200004,17.82053965700004],[102.43355024000005,17.821451635000074],[102.43217859200007,17.82175115700005],[102.43191141600005,17.821312587000023],[102.43065312600004,17.820788563000065],[102.42979570000006,17.821008798000037],[102.42987436800007,17.820430660000056],[102.42905645800005,17.820013286000062],[102.42822441000004,17.82003445500004],[102.42794238400006,17.81960663600006],[102.42719960400007,17.820067557000073],[102.42687074100007,17.82127392700005],[102.42663756500008,17.820689001000062],[102.42592627400006,17.82064505200003],[102.42612151600008,17.82120953900005],[102.42513176200003,17.821768700000064],[102.42470146300008,17.82146281200005],[102.42541556900005,17.821189638000078],[102.42481233400008,17.82054574800003],[102.42395018200006,17.821459266000033],[102.42366201200008,17.822269807000055],[102.42292999400007,17.821937734000073],[102.42327015800004,17.822470774000067],[102.42302062300007,17.823368068000036],[102.42229162100006,17.823279615000047],[102.42201640700006,17.82371213700003],[102.42321217200004,17.824209619000044],[102.42324909700005,17.824798136000027],[102.42249207200007,17.824519288000033],[102.42263526400006,17.825348890000043],[102.42200298300008,17.825149490000058],[102.42178442300008,17.825622171000077],[102.42101066400005,17.825393573000042],[102.42041925400008,17.826191492000078],[102.41902961000005,17.826460643000075],[102.41845283000004,17.825797537000028],[102.41809635300007,17.825892810000028],[102.41812800900004,17.826557861000026],[102.41875787000004,17.826922507000063],[102.41803809600003,17.827419124000073],[102.41755986400005,17.826792062000038],[102.41714968500008,17.82709712700006],[102.41740190000007,17.827897844000063],[102.41689275500005,17.82802300900005],[102.41677546800008,17.828642454000033],[102.41594248100006,17.829341760000034],[102.41579266200006,17.830555635000053],[102.41524858600008,17.830770019000056],[102.41475019500007,17.829917692000038],[102.41453688100006,17.830652617000055],[102.41366652700003,17.830541161000042],[102.41275879500006,17.83009357900005],[102.41266325900006,17.831049775000054],[102.41311808100005,17.83136422700005],[102.41265693300005,17.831943962000025],[102.41228930900007,17.831484832000058],[102.41161795500005,17.83174150700006],[102.41201599300007,17.83208502800005],[102.41209980600007,17.832720907000066],[102.41146314000008,17.832514119000052],[102.41042114300006,17.83274411900004],[102.41006938900006,17.833059406000075],[102.40967743200008,17.834081234000053],[102.40920791300005,17.834304377000024],[102.40907539300008,17.834955980000075],[102.40995956800003,17.83545725400006],[102.41043126200009,17.836267847000045],[102.41008696000006,17.836866376000046],[102.41066131100007,17.837115174000076],[102.41036620800008,17.83831529100007],[102.40987385100004,17.838528548000056],[102.41004274800008,17.83961706900004],[102.40966637000008,17.83992338400003],[102.40921675400006,17.839560982000023],[102.40907397900008,17.840232540000045],[102.40984162000007,17.840283587000044],[102.40989697800006,17.841041613000073],[102.40829945800004,17.84099789100003],[102.40828935600007,17.84052901000007],[102.40733333200006,17.840350930000056],[102.40725562200004,17.840812388000074],[102.40571724200004,17.84141913800005],[102.40574204700005,17.84189788200007],[102.40629962500009,17.84260007900002],[102.40545685600006,17.84260024400004],[102.40497692800005,17.843030315000078],[102.40395880500006,17.842932009000037],[102.40418338600006,17.842264250000028],[102.40312984700006,17.842417135000062],[102.40285001200004,17.84282408300004],[102.40234058600004,17.842776678000064],[102.40209620700006,17.843577510000046],[102.40156303300006,17.843064955000045],[102.40035974400007,17.843474964000052],[102.39961858400005,17.844314562000022],[102.39973841200003,17.84550059000003],[102.39899078000008,17.845710070000052],[102.39854556600005,17.84632416100004],[102.39986865300006,17.84648237300007],[102.40021789200006,17.846827891000032],[102.39937202500005,17.847449949000065],[102.39925826900009,17.848161016000063],[102.40009174800008,17.848228522000056],[102.40069194000006,17.847676575000037],[102.40115944200005,17.84774108700003],[102.40194412700004,17.848598983000045],[102.40092180800008,17.84883677700003],[102.40051687200008,17.84938468200005],[102.40057402300005,17.849964498000077],[102.40141652500006,17.85005950900006],[102.40152106900007,17.84953048500006],[102.40216163100007,17.849646720000067],[102.40208217800006,17.850210465000032],[102.40095051700007,17.850648844000034],[102.40120475400005,17.851275327000053],[102.40194577600005,17.85121822900004],[102.40325138900005,17.852179066000076],[102.40324883500006,17.852406555000073],[102.40156106500007,17.852671375000057],[102.40243316900006,17.853388598000038],[102.40229815900005,17.854349743000057],[102.40282266300005,17.85464627500005],[102.40311459000009,17.85526286700002],[102.40272017400008,17.85599993200003],[102.40226700500006,17.856015385000035],[102.40136879000005,17.856834762000062],[102.40214497200009,17.857432491000054],[102.40123243500005,17.85835791900007],[102.40050936400007,17.858628386000078],[102.40041064400003,17.859679079000045],[102.40009929900003,17.86081200600006],[102.40060792600008,17.861877881000055],[102.39922335600005,17.862954528000046],[102.39609358500007,17.863523635000035],[102.39551282700006,17.864392860000066],[102.39559657000007,17.864870765000035],[102.39613802900004,17.865346549000037],[102.39816001300005,17.86631337500006],[102.39826323400007,17.866849542000068],[102.39680122300007,17.86726767300007],[102.39608668600005,17.867989212000055],[102.39583265900006,17.869756383000038],[102.39654631000008,17.869695886000045],[102.39640603500004,17.87023629600003],[102.39809338700007,17.870788195000046],[102.39856625100003,17.871581613000046],[102.39861260800006,17.87240943300003],[102.39915350000007,17.873407222000026],[102.39952851000004,17.874817531000076],[102.40019523800004,17.876227721000078],[102.39995881900006,17.877017141000067],[102.39774046300005,17.878959832000078],[102.39672076800008,17.880670448000046],[102.39591260700007,17.88150317800006],[102.39550220600006,17.882299336000074],[102.39546641900006,17.88409561800006],[102.39452078500005,17.884619201000078],[102.39379080400005,17.884725660000072],[102.39340236700008,17.88531171300002],[102.39223011200005,17.886378129000036],[102.39199199100005,17.887588701000027],[102.39134284200009,17.889729481000074],[102.39071156300008,17.89017804100007],[102.38991731400006,17.890296061000072],[102.38947515600006,17.891993589000037],[102.38957659200008,17.893094060000067],[102.39009818400007,17.894299455000066],[102.38920717900004,17.895353880000073],[102.38797766000005,17.89543704400006],[102.38791002800008,17.89602836800003],[102.38706139300007,17.895601526000064],[102.38684370100003,17.895743037000045],[102.38734270300006,17.89652490800006],[102.38645773600007,17.896990080000023],[102.38723241700006,17.897652996000033],[102.38726970800008,17.89840699800004],[102.38364366500008,17.89685584700004],[102.38129039300009,17.896948294000026],[102.38048345000004,17.896490027000027],[102.37939390400004,17.896804603000078],[102.37805571400008,17.897859537000045],[102.37739816000004,17.89919952100007],[102.37767398900007,17.90043496800007],[102.37670333600005,17.900938163000035],[102.37640045500007,17.900789841000062],[102.37451405800005,17.901170669000066],[102.37325439600005,17.901639059000047],[102.37308400200004,17.902452897000046],[102.37253661900007,17.902913838000075],[102.37230751800007,17.90360479000003],[102.37174165900007,17.903766717000053],[102.37049432900005,17.903736818000027],[102.37024794000007,17.90439494700007],[102.36973856200007,17.904802877000066],[102.36884519300008,17.904616763000035],[102.36840598600008,17.903887094000027],[102.36757950200007,17.904090333000056],[102.36744984600006,17.90467211400005],[102.36787312100006,17.90619083300004],[102.36670744900005,17.906226290000063],[102.36579667700005,17.907268455000064],[102.36511167800006,17.906574831000057],[102.36472749600006,17.906643837000047],[102.36467215500005,17.907377625000038],[102.36404647700004,17.908024683000065],[102.36434351000008,17.908827704000032],[102.36489536500005,17.90918945100003],[102.36474041800005,17.910212794000074],[102.36495074700008,17.910855248000075],[102.36692899800005,17.91093221400007],[102.36674586900006,17.912994697000045],[102.36598311600005,17.913498611000023],[102.36550452600005,17.91412191300003],[102.36623722700006,17.915282002000026],[102.36566559200008,17.91595435200003],[102.36471510500007,17.916018243000053],[102.36493500600005,17.91682018700004],[102.36463315600008,17.917330653000022],[102.36359563100007,17.91749091400004],[102.36222959100007,17.916631292000034],[102.36130696700008,17.91681409000006],[102.36176049000005,17.918301256000063],[102.36075735100007,17.919107006000047],[102.35938103200004,17.918427466000026],[102.35918318000006,17.917902560000073],[102.35983609600004,17.916918039000052],[102.35999353300008,17.916297034000024],[102.35955362900006,17.91607400600003],[102.35871281900006,17.916880210000045],[102.35792264600008,17.91701981500006],[102.35730747900004,17.916472675000023],[102.35713980700007,17.917222880000054],[102.35671062500006,17.917531462000056],[102.35659804800008,17.91817622900004],[102.35758848000006,17.918417556000065],[102.35745056000007,17.91934900900003],[102.35659682100004,17.919380115000024],[102.35577732700006,17.92095634800006],[102.35589378100008,17.921423782000033],[102.35646842500006,17.921179950000067],[102.35707130800006,17.921527750000052],[102.35681498600007,17.92252340300007],[102.35595659600006,17.922744519000048],[102.35598567500006,17.92373334100006],[102.35567720900008,17.924426199000038],[102.35429223800008,17.924335452000037],[102.35291992200007,17.924615466000034],[102.35193529200006,17.924057384000037],[102.35091048500004,17.924169171000074],[102.35004566000003,17.923685656000032],[102.34890329400008,17.923932180000065],[102.34826022000004,17.924785059000044],[102.34763463900003,17.92507151700005],[102.34698648400007,17.924882530000048],[102.34633688500008,17.92551955400006],[102.34634966500005,17.92656046700006],[102.34554531800006,17.926988325000025],[102.34457021400004,17.92582985100006],[102.34331758100006,17.925812111000027],[102.34267939400007,17.926901455000063],[102.34235031800006,17.927906346000043],[102.34205516700007,17.929898368000067],[102.33792972600008,17.93301381400005],[102.33619642300005,17.934111632000054],[102.33543384000006,17.934326533000046],[102.33325972400007,17.934412827000074],[102.32949882200006,17.933814643000062],[102.32814103600003,17.933807340000044],[102.32530640900006,17.934267437000074],[102.32321809300004,17.934916947000033],[102.32094680600005,17.936407273000043],[102.31990072900004,17.937966250000045],[102.31965159300006,17.94025560700004],[102.31924220100007,17.940792516000045],[102.31713339600009,17.942423810000037],[102.31547535300007,17.943563622000056],[102.31240117200008,17.945182836000072],[102.30936948100003,17.946919282000067],[102.30809151000005,17.94825141700005],[102.30737810800008,17.94961635900006],[102.30646894000006,17.95216011800005],[102.30524989400004,17.953340484000023],[102.30490549600006,17.95394193800007],[102.30443354100004,17.95565165900007],[102.30375052200009,17.95716643800006],[102.30283459600008,17.958131705000028],[102.30117231800006,17.958331644000054],[102.30020775800006,17.95872838400004],[102.29974408400005,17.959612013000026],[102.29844050900005,17.960833829000023],[102.29831944000006,17.96206524400003],[102.29842908800003,17.963053948000038],[102.29817647400006,17.963453343000026],[102.29878607300009,17.964497986000026],[102.29781089300008,17.96757027500007],[102.29672771100007,17.968147153000075],[102.29540118600005,17.968111203000035],[102.29414241600006,17.96919249700005],[102.29313242200004,17.96971761100002],[102.29120727200007,17.971150177000027],[102.29101503300006,17.971601400000054],[102.29099507600006,17.973016253000026],[102.29173774500003,17.97351702800006],[102.29205484700009,17.975508080000054],[102.29568570600009,17.980399771000066],[102.29583563200003,17.980847479000033],[102.29566829100008,17.982904906000044],[102.29506733500006,17.98326047300003],[102.29278409600005,17.983058868000057],[102.29016576000004,17.983015931000068],[102.28953249800009,17.98318286700004],[102.29011446600003,17.985176306000028],[102.28863735900006,17.986148928000034],[102.28770060800008,17.98715930700007],[102.28722783000006,17.988718654000024],[102.28613228800003,17.989648170000066],[102.28147085400008,17.993239852000045],[102.27974092000005,17.98847197300006],[102.27955727300008,17.986438661000022],[102.27972429600004,17.983873608000067],[102.27949736000005,17.98352729000004],[102.27735241400006,17.98228333800006],[102.27648144300008,17.98143957700006],[102.27592842700005,17.980617410000036],[102.27543023700008,17.979173584000023],[102.27461528800006,17.97777760200006],[102.27260223700006,17.974912518000053],[102.26891017300005,17.969892878000053],[102.26729360500008,17.96725977600005],[102.26600087000008,17.964791732000037],[102.26476135000007,17.96327778600005],[102.26208865600006,17.96134454500003],[102.26096942900006,17.960225972000046],[102.25967286800005,17.958138555000062],[102.25934340400005,17.95722487000006],[102.25921949600007,17.956091323000066],[102.25817348400005,17.953967177000038],[102.25631741900008,17.949764739000045],[102.25569615100005,17.947028664000072],[102.25547966000005,17.944827154000052],[102.25428177900005,17.942224726000063],[102.25397468900007,17.941193782000028],[102.25354310400007,17.938012697000033],[102.25342095500008,17.93631448900004],[102.25299158600006,17.93358964400005],[102.25274177400007,17.93125001800007],[102.25264262700006,17.92918481600003],[102.25274642600004,17.928190677000032],[102.25342840900004,17.927467066000077],[102.25695119200009,17.92537956700005],[102.25705029500006,17.924409678000075],[102.25331572400006,17.922126278000064],[102.25262358500004,17.921467774000064],[102.25245505800007,17.920921854000028],[102.25241516800008,17.916277885000056],[102.25262666300006,17.911046675000023],[102.25274448200008,17.909931302000075],[102.25357951500007,17.905739570000037],[102.25398637300003,17.900004898000077],[102.25464425300004,17.898719839000023],[102.25475259300003,17.898118279000073],[102.25461267100007,17.89654492300002],[102.25385129000006,17.893486910000036],[102.25378884900005,17.892843072000062],[102.25398794900008,17.89089800200003],[102.25470812800006,17.887787888000048],[102.25568599200005,17.88496876800002],[102.25784779500003,17.880223255000033],[102.25907723800003,17.878015825000034],[102.25976363800004,17.877023093000048],[102.26117795400006,17.875558214000023],[102.26346445100006,17.87240747800007],[102.26644303200004,17.86933181300003],[102.26716749000008,17.868811529000027],[102.26834921000005,17.86847496000007],[102.27068806500006,17.86844364700005],[102.27115465100007,17.86806425800006],[102.27112395300009,17.865300929000057],[102.27127449300008,17.864464602000055],[102.27199086100006,17.862938448000023],[102.27530309800005,17.85804891600003],[102.27859510300004,17.853737478000028],[102.27931960900008,17.85267013600003],[102.28183717500008,17.849629811000057],[102.28316256600004,17.847129062000022],[102.28430447700003,17.845239466000066],[102.28502260400006,17.844295811000052],[102.28574409800007,17.843695124000078],[102.28798741000008,17.841154695000057],[102.29087243700008,17.837607753000043],[102.29459039300008,17.834239060000073],[102.29845686100003,17.831261150000046],[102.30032124100006,17.829923971000028],[102.30470008500004,17.827824961000033],[102.30686492400008,17.825816506000024],[102.31054378200008,17.82351071200003],[102.31288754300004,17.820981420000066],[102.31374698500008,17.820224685000028],[102.31577517000005,17.819233964000034],[102.31722676000004,17.818181808000077],[102.31893491700004,17.81635078100004],[102.31904126600006,17.815369712000063],[102.31887473400008,17.81313821300006],[102.31940373700007,17.812067510000077],[102.32120017400007,17.810185708000063],[102.32239651200007,17.807375525000054],[102.32250872400004,17.806739075000053],[102.32233524200007,17.80577329500005],[102.32248909900005,17.805314616000032],[102.32465870400006,17.801521367000078],[102.32492436400008,17.799602341000025],[102.32255536500008,17.798241811000025],[102.32138615000008,17.798147495000023],[102.32083641400004,17.797257874000024],[102.31938242800004,17.796665332000032],[102.31866783700008,17.796671287000038],[102.31790349800008,17.794741293000072],[102.31811072000005,17.79238650900004],[102.31822375100006,17.789772992000053],[102.31856761100005,17.78579508200005],[102.31911954300006,17.781033456000046],[102.31895677100005,17.777661953000063],[102.31929254800008,17.776026400000035],[102.31945104500005,17.774382142000036],[102.31919332000007,17.77252118900003],[102.31939528600009,17.770447673000035],[102.31935618400007,17.768663901000025],[102.31989228400005,17.76337751500006],[102.31955100100004,17.748355626000034],[102.31875402800006,17.742418444000066],[102.31821005300009,17.740163805000066],[102.31772986400006,17.73722599000007],[102.31781420100003,17.736034405000055],[102.31846597600008,17.731803332000027],[102.31853935000004,17.728051780000044],[102.31794503700007,17.723314292000055],[102.31767914900007,17.717779137000036],[102.31746787200007,17.715209324000057],[102.31763399900007,17.711984870000038],[102.31799237600006,17.709072814000024],[102.31769805000005,17.69899416800007],[102.31751995200005,17.689305062000074],[102.31797480500006,17.68282724100004],[102.31811639400007,17.676841384000056],[102.31818175500007,17.673064015000023],[102.31832803400005,17.67065713900007],[102.31823723300005,17.668007463000038],[102.31842242600004,17.663136833000067],[102.31858008500006,17.660361643000044],[102.31897309600004,17.657921730000055],[102.31869145000007,17.654362330000026],[102.31875121100006,17.65284188100003],[102.31903002600006,17.65006980900006],[102.31905015400008,17.647820890000048],[102.31961335500006,17.64501017400005],[102.32080673600007,17.64120385800004],[102.32159608700005,17.638027758000078],[102.32231591200008,17.63477165300003],[102.32311854400007,17.630526830000065],[102.32358269600007,17.62745996500007],[102.32393745400009,17.624574048000056],[102.32395864300008,17.62274731800005],[102.32382429400008,17.62034147600002],[102.32403081000007,17.616433076000078],[102.32451723800006,17.61127061800005],[102.32494322400004,17.60722499700006],[102.32548667600008,17.60318029700005],[102.32556737600004,17.600149240000064],[102.32583444800008,17.598168804000068],[102.32682401500006,17.593336752000027],[102.32759130800008,17.591254536000065],[102.32861323000009,17.589127081000072],[102.33063238400007,17.585327445000075],[102.33337143900008,17.57901352700003],[102.33376518500006,17.57389216300004],[102.33386250500007,17.572059210000077],[102.33447743000005,17.56854419000007],[102.33436132200006,17.56689616500006],[102.33354599000006,17.562421306000033],[102.33359325500004,17.56063515900007],[102.33275454600005,17.55742383000006],[102.33251312800007,17.555824396000048],[102.33263551300007,17.55393011700005],[102.33231578400006,17.552429871000072],[102.33248071900005,17.550936283000055],[102.33479003700006,17.54751417500006],[102.33685867300005,17.545083593000072],[102.33889510000006,17.543027683000048],[102.34101441100006,17.541331615000047],[102.34440185800008,17.53663798300005],[102.34538050300006,17.535150569000052],[102.34729083100007,17.530565113000023],[102.34802923500007,17.528528754000035],[102.34902513900005,17.526756181000053],[102.34942255700008,17.526302715000043],[102.35191658600007,17.524213012000075],[102.35327804500008,17.522622526000077],[102.35431454000008,17.52092017700005],[102.35562446500006,17.51975578500003],[102.35992521600008,17.51619243600004],[102.35973402800005,17.515405792000024],[102.35995433600004,17.515106351000043],[102.36154198700007,17.514151776000062],[102.36190372900006,17.51367461500007],[102.36182915600006,17.512800923000043],[102.36219224200005,17.511181460000046],[102.36291781100005,17.50966263300006],[102.36402989100009,17.509291922000045],[102.36458297500008,17.508441881000067],[102.36481727200004,17.50757137000005],[102.36459229700006,17.50646269400005],[102.36498619200006,17.506089994000035],[102.36661609700008,17.50632638600007],[102.36658069600009,17.505920788000026],[102.36587254900007,17.50469888300006],[102.36575290000007,17.503648545000033],[102.36624161300006,17.502712546000055],[102.36798417000006,17.50143018400007],[102.36884466100008,17.50034637400006],[102.37081474200005,17.495275347000074],[102.37124133600008,17.49313896900003],[102.37220602000008,17.490613867000036],[102.37289577900003,17.487794829000052],[102.37341870700004,17.486046944000066],[102.37458826600005,17.482715038000038],[102.37670825300006,17.477331518000028],[102.37705089900004,17.476254014000062],[102.37773769900008,17.474769338000044],[102.37863644300006,17.472260712000036],[102.38115280700003,17.466366940000057],[102.38186751900008,17.46509058500004],[102.38236813900005,17.463749988000075],[102.38224554000004,17.462427656000045],[102.38240530400009,17.461331270000073],[102.38300387300006,17.458636898000066],[102.38327434300004,17.45782021200006],[102.38466034600003,17.452508699000077],[102.38490303400005,17.45218862100006],[102.38746906000006,17.452376172000072],[102.39050624800007,17.45286701400005],[102.39117763100006,17.453128037000056],[102.39565229600004,17.455531248000057],[102.39639859100004,17.455662662000066],[102.39832431800005,17.455710512000053],[102.39989856200003,17.456092614000056],[102.40103150000004,17.456789869000033],[102.40217428100004,17.459338656000057],[102.40331664400009,17.45953191500007],[102.40526341900005,17.45950859900006],[102.41202407600008,17.460133856000027],[102.41373293300006,17.460670445000062],[102.41498765500006,17.46119595500005],[102.41556433900007,17.461729889000026],[102.41579123800005,17.46282379300004],[102.41583432600004,17.464100002000066],[102.41637427900008,17.464823529000057],[102.41571853900007,17.46586649300002],[102.41591696800003,17.466175061000058],[102.41677216600004,17.469032851000065],[102.41581737200005,17.469377864000023],[102.41615021300004,17.47013069700006],[102.41681584100007,17.470695337000052],[102.41742545200003,17.47193147400003],[102.41833322300005,17.47427086500005],[102.41779977300007,17.476044525000077],[102.41536658400008,17.477620186000024],[102.41502609200006,17.477701715000023],[102.41514384800007,17.481598809000047],[102.41565070000007,17.483971565000047],[102.41709599400008,17.48421465200005],[102.41805190800005,17.484058383000047],[102.41838917200005,17.484846551000032],[102.42021801500005,17.487913346000028],[102.42040777200003,17.488644530000045],[102.42210213600003,17.48850764900004],[102.42308236900004,17.48880010700003],[102.42533232600005,17.48914529800004],[102.42548490700005,17.489293728000064],[102.42517212200005,17.490401520000034],[102.42550606900005,17.491912548000073],[102.42872011200006,17.49134902000003],[102.43094968200006,17.491051860000027],[102.43197603500005,17.49072850700003],[102.43448246200006,17.48962564900006],[102.43549751200004,17.489365634000023],[102.43559273000005,17.488266585000076],[102.43596517500004,17.486581174000037],[102.43533802700006,17.485446916000058],[102.43720353900005,17.483861948000026],[102.43911761100009,17.482893226000044],[102.43893675700008,17.481831147000037],[102.43907633900005,17.48113801100004],[102.44093057700007,17.481012414000077],[102.44144776400009,17.48184727200004],[102.44257438100004,17.482997846000046],[102.44327155000008,17.48324003700003],[102.44397825100003,17.483157706000043],[102.44400785600004,17.484341375000042],[102.44450355800006,17.485460898000042],[102.44402570000005,17.48692993700007],[102.44571303900005,17.487217722000025],[102.44654113400009,17.486990062000075],[102.44732130600005,17.48767031500006],[102.44767387900004,17.48889398500006],[102.44818949700004,17.489090661000034],[102.44830172600007,17.490102318000027],[102.44885219800005,17.490349498000057],[102.44911333100004,17.49114471300004],[102.44989949000006,17.491996546000053],[102.45106320100007,17.492598464000025],[102.45238509100005,17.492017779000037],[102.45359467200007,17.492657914000063],[102.45442256200005,17.494466768000052],[102.45606903700008,17.495920545000047],[102.45704612300005,17.49637880800003],[102.45736858600009,17.49687062600003],[102.45931228800004,17.494216768000058],[102.46092636400004,17.493884794000053],[102.46190672900008,17.493952979000028],[102.46398611300003,17.493820465000056],[102.46382289400003,17.494373992000078],[102.46463516800009,17.495076277000067],[102.46461212400004,17.49611807100007],[102.46498829500007,17.496320269000023],[102.46934121200007,17.49740106300004],[102.47139734800004,17.499236745000076],[102.47231698900003,17.498683051000057],[102.47331136100007,17.49870697600005],[102.47423319700005,17.500127814000052],[102.47444898200007,17.500043663000042],[102.47553764700007,17.502208704000054],[102.47619092400004,17.502363993000074],[102.47688267800004,17.50212896100004],[102.47865847200006,17.502360401000033],[102.47871567800007,17.50195041300003],[102.47980586100005,17.50141023300006],[102.47960766100005,17.50071518900006],[102.47996078000006,17.500390948000074],[102.48061055200009,17.500432998000065],[102.48168553600004,17.499946669000053],[102.48253360500007,17.500300098000025],[102.48301940700009,17.501114158000064],[102.48359751400005,17.501085962000047],[102.48389090300009,17.500622371000077],[102.48437053500004,17.500930354000047],[102.48496187100005,17.500577452000073],[102.48499779200006,17.50126865200002],[102.48668192600007,17.501356548000047],[102.48720414600007,17.504246468000076],[102.48749814800004,17.504545007000047],[102.48749277100006,17.505542432000027],[102.48785805900008,17.50614002900005],[102.48884296900007,17.506665809000026],[102.48875131200003,17.507567347000077],[102.48928162100003,17.50849342500004],[102.49072561300005,17.509173747000034],[102.49174525100005,17.50936573900003],[102.49222391600006,17.510367476000056],[102.49306200300003,17.510993821000056],[102.49418502000003,17.511400695000077],[102.49426334500004,17.51201760600003],[102.49496967400006,17.51250252400007],[102.49537691000006,17.512450857000033],[102.49675949300007,17.513515320000067],[102.49790742400006,17.51349506300005],[102.50137712700007,17.515166117000035],[102.50520786000004,17.51716314600003],[102.50712748300003,17.518000221000023],[102.50874680100009,17.518449219000047],[102.51148295300004,17.51938751800003],[102.51485334100005,17.520795230000033],[102.51745629100009,17.52168211700007],[102.51912003500007,17.522154063000073],[102.52055062600004,17.522871114000054],[102.52214516600009,17.524017919000073],[102.52300866000007,17.524819610000065],[102.52812108900008,17.530716448000078],[102.52897068300007,17.53138455100003],[102.52963222800008,17.531487471000048],[102.53152241400005,17.53116949500003],[102.53315335600007,17.531602187000033],[102.53468493600008,17.531454901000075],[102.53595863200007,17.532140514000048],[102.53708210300005,17.53242582200005],[102.53809033800007,17.533021251000037],[102.53875561100006,17.532937807000053],[102.53950738100008,17.533318818000055],[102.54050926700006,17.533218692000048],[102.54090502500009,17.53339465700003],[102.54243773800005,17.532958079000025],[102.54374968800005,17.532015552000075],[102.54416881000009,17.53148281400007],[102.54465449700007,17.530122319000043],[102.54492261600006,17.530219955000064],[102.54572076900007,17.528601138000056],[102.54569729300005,17.527614807000077],[102.54626145900005,17.52743619900002],[102.54683548100007,17.526753390000067],[102.54691933600009,17.526151964000064],[102.54745204700004,17.526132270000062],[102.54781460400005,17.525655606000043],[102.54831176700009,17.52582374800005],[102.54862097500006,17.525348120000046],[102.54916810200007,17.525344129000075],[102.54949906800005,17.524622067000053],[102.55008534000007,17.523988286000076],[102.55073363100007,17.52421170200006],[102.55168704100004,17.52377543500006],[102.55216740500003,17.523319995000065],[102.55321271700006,17.52301252700005],[102.55410120200008,17.521294780000062],[102.55497822000007,17.521099844000048],[102.55555458900005,17.521243484000024],[102.55541415900007,17.521650598000065],[102.55623393500008,17.521564713000032],[102.55731818400005,17.52230410800007],[102.55784931000005,17.521817414000054],[102.55904504100005,17.521942956000032],[102.55999153300007,17.52176474500004],[102.55988483600004,17.52252635700006],[102.56056499700009,17.523264018000077],[102.56164781400008,17.523723437000058],[102.56228733800003,17.52327202300006],[102.56315388400009,17.523707545000036],[102.56300148000008,17.524187245000064],[102.56384682400005,17.524117690000026],[102.56452472800004,17.52447570100003],[102.56465373600008,17.523938095000062],[102.56518599400005,17.524085892000073],[102.56581877900004,17.523682361000056],[102.56644278200008,17.52410697700003],[102.56675670000004,17.52388671800003],[102.56761497600007,17.525088107000045],[102.56800927400008,17.524958671000036],[102.56893762000004,17.525383976000057],[102.57062818500003,17.52478608200005],[102.57050947700009,17.524087158000043],[102.57110214700003,17.524325652000073],[102.57203951500009,17.523804409000036],[102.57270270600009,17.523019328000032],[102.57350047800008,17.522812384000076],[102.57342935300005,17.522366701000067],[102.57410331500006,17.521742043000074],[102.57471776800008,17.521799818000034],[102.57580804200006,17.521394619000034],[102.57647511700009,17.521512905000066],[102.57664199800007,17.52046837000006],[102.57743228700008,17.520474442000022],[102.57782345100009,17.521175328000027],[102.57845915100006,17.52106066700003],[102.57874833600005,17.520467435000057],[102.57931506800008,17.520578730000068],[102.58070425200003,17.520377231000055],[102.58118083400007,17.51910883200003],[102.58230039000006,17.519154470000046],[102.58296329600006,17.518688960000077],[102.58268401200007,17.518444171000056],[102.58386096900006,17.51714295100004],[102.58495217100005,17.517450353000072],[102.58487539500004,17.517088253000054],[102.58579147800003,17.517170080000028],[102.58585049800007,17.517760202000034],[102.58643291800007,17.517518795000058],[102.58643370600004,17.518190316000073],[102.58788119600007,17.51731331600007],[102.58864707800006,17.516580687000044],[102.58923504900008,17.516771955000024],[102.59014796900004,17.51416611600007],[102.59080851500005,17.51419773600003],[102.59194955600009,17.513551879000033],[102.59245688800007,17.513834442000075],[102.59326571400004,17.513538572000073],[102.59375509900008,17.513812402000042],[102.59489914100004,17.515480830000058],[102.59530945500006,17.516475195000055],[102.59554989900005,17.516466595000054],[102.59697380700004,17.517815322000047],[102.59740371900006,17.51756394800003],[102.59810827200005,17.518074177000074],[102.59897777100008,17.518186404000062],[102.59891585000008,17.51862807200007],[102.59955564800003,17.51942974900004],[102.60041523300004,17.520909157000062],[102.60074712400007,17.52236212300005],[102.60135996700006,17.525986137000075],[102.60155399900003,17.526675021000074],[102.60409479100008,17.53084816100005],[102.60732495900004,17.534033925000074],[102.60970279700007,17.53500862100003],[102.61156678400005,17.535678088000054],[102.61593027400005,17.53625144500006],[102.61735377100007,17.536354153000048],[102.61928506000004,17.536332471000037],[102.62258631300006,17.53587708400005],[102.62590909700003,17.534848327000077],[102.62659896500008,17.534721814000022],[102.63332288700008,17.534617498000046],[102.63557042300005,17.534234618000028],[102.63743844100009,17.53366889700004],[102.63964150700008,17.53313877000005],[102.64168617200005,17.532440735000023],[102.64195934100007,17.53221932300005],[102.64311206400004,17.53050902500007],[102.64446634900008,17.52799791900003],[102.64539273600008,17.526842154000065],[102.64741009400007,17.525837108000076],[102.65203030400005,17.525410351000062],[102.65315131900007,17.52508602000006],[102.65614965700007,17.523683230000074],[102.65689876400006,17.523555531000056],[102.65848291300006,17.52364014400007],[102.65937804200007,17.523889307000047],[102.66305634700007,17.52581401900005],[102.66606852200005,17.527644275000057],[102.66977628700005,17.529765704000056],[102.67166988400004,17.531287589000044],[102.67499647400007,17.534327451000024],[102.67718845800005,17.537780546000022],[102.67794485000007,17.539513201000034],[102.67863331900008,17.54145104400004],[102.67855400300004,17.541793607000045],[102.67900752200006,17.54262612200006],[102.68055134100007,17.54409582100004],[102.68074699600004,17.54478634700007],[102.68131321400006,17.54520087000003],[102.68148017800007,17.54584198200007],[102.68150597100004,17.548226465000027],[102.68244113900005,17.548366612000052],[102.68347245100006,17.549225879000062],[102.68446609900008,17.549211659000036],[102.68519441000007,17.550225116000036],[102.68534378800007,17.550851029000057],[102.68585771900007,17.55111449900005],[102.68690167800008,17.55240334900003],[102.68695093800005,17.553198817000066],[102.68771824000004,17.55329245100006],[102.68776379500008,17.553877967000062],[102.68820059200004,17.554461871000058],[102.68790922400007,17.554965761000062],[102.68791141200006,17.55610781100006],[102.68833635300007,17.55803336500003],[102.68878864100009,17.55848260500005],[102.68872307700008,17.559231301000068],[102.68805086200007,17.55976724900006],[102.68793410300003,17.560852831000034],[102.68803181300007,17.56221123100005],[102.68828801600006,17.562525914000048],[102.68839176700004,17.564577792000023],[102.68773580900006,17.56439628100003],[102.68726229200007,17.564792888000056],[102.68740302000003,17.56551617300005],[102.68846186000007,17.567118900000025],[102.68932429300008,17.567731365000043],[102.68937968800009,17.568238532000066],[102.69027139600007,17.568934143000035],[102.69048248200005,17.569682923000073],[102.69100009400006,17.570113882000044],[102.69147136900006,17.569930612000064],[102.69166943800008,17.57039793000007],[102.69212540200004,17.569972439000026],[102.69258011600004,17.570172094000043],[102.69220604400005,17.57055795800005],[102.69293472200007,17.570963965000033],[102.69326517500008,17.57184200000006]]]},"properties":{"Shape_Leng":2.2177399224,"Shape_Area":0.0987445557385,"ADM2_EN":"Ban Phue","ADM2_TH":"บ้านผือ","ADM2_PCODE":"TH4117","ADM1_EN":"Udon Thani","ADM1_TH":"อุดรธานี","ADM1_PCODE":"TH41","ADM0_EN":"Thailand","ADM0_TH":"ประเทศไทย","ADM0_PCODE":"TH"}},
{"type":"Feature","geometry":{"type":"Polygon","coordinates":[[[102.25568599200005,17.88496876800002],[102.25071599200004,17.882918188000076],[102.24854101900007,17.882279440000048],[102.24692950100007,17.882233556000074],[102.24532087500006,17.88165929200005],[102.24478000300007,17.881073376000074],[102.24295070500006,17.880252478000045],[102.24225913000004,17.87982032800005],[102.24178310100007,17.878870506000055],[102.24101234000005,17.878356647000032],[102.24026032200004,17.87845648600006],[102.23920982100009,17.879004011000063],[102.23868752100009,17.879581804000054],[102.23826841000005,17.879559380000046],[102.23704227300004,17.878834160000054],[102.23608393400008,17.87893465600007],[102.23556479800004,17.87826984800006],[102.23623680700007,17.878296399000078],[102.23600583900009,17.877558450000038],[102.23516231700006,17.87726198400003],[102.23438875400007,17.876288781000028],[102.23249854200009,17.87517964700004],[102.23203918800004,17.87401492500004],[102.23116689800008,17.87344476100003],[102.23048028800008,17.87250097900005],[102.22967360900009,17.872728073000076],[102.22941285600007,17.87217961300007],[102.22826860400005,17.871930358000043],[102.22807044900009,17.871421832000067],[102.22695490600006,17.87108172300003],[102.22648508800006,17.870676162000052],[102.22621274700003,17.86987239900003],[102.22580789600005,17.869627367000078],[102.22641654500006,17.869366127000035],[102.22587346900008,17.868877717000032],[102.22401897500004,17.868399473000068],[102.22362702800007,17.867519306000077],[102.22253585700008,17.867695248000075],[102.22181445700005,17.867231995000054],[102.22200333200004,17.86623688900005],[102.22245229100008,17.865858599000035],[102.22168671200006,17.86440710200003],[102.22152737500005,17.862840728000037],[102.22172734900005,17.862541153000052],[102.22116677500009,17.861752055000068],[102.22127421300007,17.861422496000046],[102.22066570100009,17.86087716700007],[102.21970154700006,17.86079258700005],[102.21923616800007,17.860353366000027],[102.21927950200006,17.85858951000006],[102.21888051500008,17.85734747400005],[102.21807819100007,17.856816148000064],[102.21645609700005,17.85678714100004],[102.21557703700006,17.85699700600003],[102.21478754400005,17.856830006000052],[102.21265913300005,17.856836050000027],[102.21230730700006,17.85758601300006],[102.21149030400005,17.858396043000027],[102.21028017400005,17.859077993000028],[102.20885243100008,17.85904890000006],[102.20845539800007,17.858542629000056],[102.20722160400004,17.858242349000022],[102.20636478200004,17.857708270000046],[102.20582881600006,17.858817508000072],[102.20461993800006,17.858579130000066],[102.20426718800007,17.85875846500005],[102.20392908300005,17.857298697000033],[102.20261252700004,17.856050654000057],[102.20183009500005,17.855834257000026],[102.20131647200009,17.85600116200004],[102.19962077000008,17.855997486000035],[102.19846175700008,17.85684673700007],[102.19797445600005,17.857949876000077],[102.19734697100006,17.858601775000068],[102.19624223500006,17.858817575000046],[102.19487191200005,17.858145575000037],[102.19378110600007,17.857777635000048],[102.19098675100008,17.85796063400005],[102.18692558600009,17.860159490000058],[102.18566618200003,17.860268509000036],[102.18331866300008,17.859753429000023],[102.18196098800007,17.86034101300004],[102.17891290900008,17.86043018500004],[102.17725311200007,17.860273278000022],[102.17597540000008,17.859995149000042],[102.17520021300004,17.859616834000065],[102.17358578600005,17.857801433000077],[102.17337898000005,17.85730550100004],[102.17272732300006,17.85703169100003],[102.17117041400007,17.857069667000076],[102.17013471600006,17.85635335300003],[102.16964251900004,17.85558079300006],[102.16984395000009,17.854657907000046],[102.16964353000009,17.853962764000073],[102.16850307400006,17.853292386000078],[102.16758094000005,17.85376875700007],[102.16651040900007,17.854810047000058],[102.16556975000003,17.855172952000032],[102.16335548200004,17.853876224000032],[102.16011740200008,17.852732891000073],[102.15902612200006,17.852129657000035],[102.15790272000004,17.851066992000028],[102.15643637800008,17.849252232000026],[102.15437395700008,17.847053609000056],[102.15381694600006,17.846786649000023],[102.15214430800006,17.84665519500004],[102.15121140900004,17.84569078100003],[102.15086588200006,17.843839718000027],[102.15046882000007,17.843396589000065],[102.14971370500007,17.84320777100004],[102.14812856400005,17.841826252000033],[102.14690248700003,17.840413864000027],[102.14919304500006,17.837018103000048],[102.15027907500007,17.835942293000073],[102.15288103400007,17.83443529300007],[102.15387321500003,17.832446223000034],[102.15389481700004,17.83117410600005],[102.15443768500006,17.829445521000025],[102.15556540100005,17.82850773200005],[102.15798145700006,17.82713305900006],[102.15824248500007,17.826517597000077],[102.15799108500005,17.825955098000065],[102.15701537300004,17.824830534000057],[102.15524799200006,17.82409670000004],[102.15437071000008,17.82299163500005],[102.15325322500007,17.822695174000046],[102.15258837800008,17.822018142000047],[102.15271608400008,17.820477237000034],[102.15217804800005,17.820022744000028],[102.14824945000004,17.820098501000075],[102.14783551500005,17.820034000000078],[102.14746050200006,17.819216761000064],[102.14285974500007,17.816192510000064],[102.14199806500005,17.81514022300007],[102.14111060500005,17.814540650000026],[102.13965331600008,17.814144080000062],[102.13767236500007,17.814660528000047],[102.13585264300008,17.81475437200004],[102.13524116500008,17.81450572500006],[102.13370459200007,17.81343191600007],[102.13322179000005,17.81282581000005],[102.13286822600008,17.811894549000044],[102.13270554100006,17.80837559300005],[102.13238401500007,17.807346893000044],[102.13209727400005,17.80715245300007],[102.12916936300007,17.806050741000035],[102.12862131800006,17.805374612000037],[102.12810161300007,17.803538528000047],[102.12801558200005,17.802473742000075],[102.12881726400008,17.798578983000027],[102.12854865800006,17.797921289000044],[102.12546867300006,17.79743770600004],[102.12192109800009,17.797240336000073],[102.11844097900007,17.79687587500007],[102.10952349100006,17.79608096900006],[102.10734994500007,17.795210890000078],[102.10284270600005,17.79395782000006],[102.10037357400006,17.79354466500007],[102.09847539900005,17.792993196000054],[102.09561366800006,17.791326152000067],[102.09378407000008,17.790838162000057],[102.09253489400004,17.79076099400004],[102.09115363700005,17.790847451000047],[102.08944076600005,17.791262225000025],[102.08770250900005,17.792162033000068],[102.08510535600004,17.79410926500003],[102.08140591500006,17.79619251400004],[102.08009343600008,17.796654439000065],[102.07952155500004,17.79668273900006],[102.07780010600004,17.796168583000053],[102.07578967400008,17.79577927400004],[102.07378096100007,17.79507879700003],[102.07129308400005,17.79496491900005],[102.07040865400006,17.79446026900007],[102.06975699600008,17.79535405000007],[102.06907207200004,17.795269631000053],[102.06920011600005,17.79446359800005],[102.06822827800005,17.794680664000055],[102.06744824600008,17.794553192000024],[102.06741806000008,17.795631042000025],[102.06677932900004,17.795433299000024],[102.06652821000006,17.795882117000076],[102.06592825300004,17.79588417100007],[102.06573476000005,17.79645885900004],[102.06489973700008,17.795826600000055],[102.06401216300009,17.796718889000033],[102.06278062900009,17.797707781000042],[102.06362784000004,17.79920125600006],[102.06453364900005,17.799582330000078],[102.06437369600008,17.800334830000054],[102.06346600500007,17.80087608900004],[102.06335107200005,17.801580589000025],[102.06368356800004,17.802463889000023],[102.06295262100008,17.802823316000058],[102.06247527500005,17.80378349800003],[102.06166691600004,17.804360357000064],[102.06096521600006,17.80436796500004],[102.06037470000007,17.804897486000073],[102.06031132900006,17.805317393000053],[102.05970314500007,17.80543165000006],[102.05872462900004,17.806578729000023],[102.05797186300003,17.806901324000023],[102.05718108000008,17.806856261000064],[102.05564552200008,17.807809339000073],[102.05458288100004,17.807838524000033],[102.05251117100005,17.807438732000037],[102.05081771100004,17.80683355700006],[102.04904753100004,17.805797394000024],[102.04760301300007,17.80452342700005],[102.04484562400006,17.802571787000034],[102.04248542700009,17.801528124000072],[102.04114547300009,17.801299648000054],[102.03921710900005,17.80122395500007],[102.03975149600006,17.79947063000003],[102.03968091000007,17.797409094000045],[102.03987849000004,17.79654511500007],[102.04068659600006,17.795555893000028],[102.04288285900009,17.79399623000006],[102.04472435100007,17.793070570000054],[102.04515129200007,17.792693265000025],[102.04572830500007,17.790215703000058],[102.04523313800007,17.789763797000035],[102.04385158300005,17.789518429000054],[102.04337259000005,17.788097537000056],[102.04275233500005,17.787180284000044],[102.04151159900005,17.78632150900006],[102.04047799600005,17.78523111100003],[102.03953917400008,17.78507097100004],[102.03607543500004,17.78569354600006],[102.03380140000007,17.78580256300006],[102.03060813700006,17.78616806100007],[102.02967560000008,17.785698336000053],[102.03024586200007,17.784246110000026],[102.03008397500008,17.78377462900005],[102.02843987100005,17.782760515000064],[102.02822033400008,17.78207723500003],[102.02844563600007,17.78118375200006],[102.02828151700004,17.77992992000003],[102.02890079000008,17.77819636600003],[102.02806555000006,17.777488239000036],[102.02820001200007,17.776935111000057],[102.02970683400008,17.776085221000073],[102.02969878500005,17.77562585000004],[102.02909324800004,17.774719907000076],[102.02745679200007,17.773137579000036],[102.02742620300006,17.77178142300005],[102.02692674400004,17.769691196000053],[102.02562982200004,17.768488055000034],[102.02451085500007,17.767239224000036],[102.02428670400008,17.76654682000003],[102.02421247800004,17.764103990000024],[102.02362535800006,17.762660969000024],[102.02341613600004,17.760747105000064],[102.02379504000004,17.75566843200005],[102.02352276200008,17.754578690000073],[102.02260361500004,17.753386290000037],[102.02175323300008,17.752886851000028],[102.02001361900005,17.75227116600007],[102.01915834100004,17.75177710500003],[102.01815059200004,17.750609057000077],[102.01769942700008,17.74895901000002],[102.01760675100007,17.747641602000044],[102.01780119400007,17.74634396500005],[102.01854188700008,17.74448228500006],[102.01994868600008,17.742093475000047],[102.02130541600008,17.73882621200005],[102.02302942300008,17.731514127000025],[102.02315181300008,17.73039630900007],[102.02318151900005,17.727961081000046],[102.02305423800004,17.72458141900006],[102.02328881000005,17.721737241000028],[102.02362852500005,17.720954235000022],[102.02497023500007,17.718904586000065],[102.02565134600007,17.71743999200004],[102.02666597800004,17.712723899000025],[102.02678320500007,17.71080240300006],[102.02699631800004,17.71009848700004],[102.02842667700008,17.70743420900004],[102.02897152800006,17.705233075000024],[102.02965606700008,17.70019946800005],[102.02874498600005,17.694730493000066],[102.02880202700004,17.693877324000027],[102.02921954300007,17.692131568000036],[102.02952382400008,17.68968824800004],[102.02952550900005,17.687376691000054],[102.02939227200005,17.685595400000068],[102.02916120900005,17.684179468000025],[102.02861946900003,17.682369297000037],[102.02788215500004,17.681056480000052],[102.02648450400005,17.679302109000048],[102.02628378700007,17.677810289000035],[102.02653802700007,17.676437760000056],[102.02770433200004,17.674492134000047],[102.03023138000003,17.672108275000028],[102.03056721700005,17.671659282000064],[102.03256593300006,17.66740526600006],[102.03329148800003,17.666574388000072],[102.03487934500004,17.665714885000057],[102.03773303300005,17.66500078200005],[102.03905684400007,17.664285524000036],[102.03927222600004,17.66334757800007],[102.03761071900004,17.660356464000074],[102.03670581500006,17.65797033800004],[102.03627925300003,17.656266806000076],[102.03614627900004,17.654921735000073],[102.03639680500004,17.651949255000034],[102.03643160000007,17.65029137500005],[102.03780540500009,17.65032065200006],[102.03848912700005,17.650546881000025],[102.03908768100007,17.65027135500003],[102.04018170700004,17.650410058000034],[102.04133908200004,17.64922716600006],[102.04220464900004,17.64899138100003],[102.04306367500004,17.64955649600006],[102.04433246000008,17.65076612300004],[102.04478880900007,17.651587068000026],[102.04621015600009,17.651037288000055],[102.04717620400004,17.65109406600004],[102.04792246300008,17.651911873000074],[102.04816109000006,17.652821251000034],[102.04852182200005,17.653180896000038],[102.04968333400006,17.653509249000024],[102.05169747600007,17.65298686400007],[102.05234321000006,17.653109095000048],[102.05308904800006,17.653690824000023],[102.05311144400008,17.654799148000052],[102.05364159300007,17.656002319000038],[102.05432103200008,17.65685604600003],[102.05483898800009,17.65711720300004],[102.05661453100004,17.657341323000026],[102.05798425200004,17.657162624000023],[102.05908030300009,17.65660385600006],[102.06115995700009,17.657017823000047],[102.06196314600004,17.65644922900003],[102.06313893200007,17.65453948000004],[102.06440785600006,17.653250869000033],[102.06620581000004,17.65167807100005],[102.06696125400003,17.650781926000036],[102.06709309100006,17.64960443700005],[102.06757482900008,17.649093180000023],[102.06972882100007,17.64735804000003],[102.07228080000004,17.645683833000078],[102.07282656200005,17.645507404000057],[102.07553125100009,17.64664061600007],[102.07679513600004,17.64681117400005],[102.07770390000007,17.646696225000028],[102.07842735500009,17.64581139200004],[102.07876233700006,17.643520183000078],[102.07936900900006,17.64269957700003],[102.07939398300005,17.64112653500007],[102.08015544200003,17.639850137000053],[102.08194469200004,17.638550374000033],[102.08219141100005,17.635947274000046],[102.08307512000005,17.634426821000034],[102.08332349500006,17.634295939000026],[102.08607742900006,17.63409163600005],[102.08659589200005,17.635069661000045],[102.08669291600006,17.635733839000068],[102.08731562500009,17.63697023000003],[102.08813078900005,17.637266503000035],[102.08843837300009,17.63696320500003],[102.08922526700007,17.636962631000074],[102.09004568200004,17.637806472000022],[102.09095709000007,17.638039719000062],[102.09146042400005,17.639433805000067],[102.09132249400005,17.640629653000076],[102.09179300600005,17.64088964000007],[102.09275556700004,17.640961911000034],[102.09381155800008,17.642169013000057],[102.09527960200006,17.642377252000074],[102.09593365700005,17.643547357000045],[102.09639402300007,17.643815416000052],[102.09800347400005,17.64387332700005],[102.09872807700003,17.644692814000052],[102.09896007100008,17.645556216000045],[102.09993312000006,17.645652704000042],[102.10040587100008,17.64601619000007],[102.10086426900006,17.645835271000067],[102.10141315600004,17.646137259000056],[102.10134616000005,17.646705938000025],[102.10229317800008,17.64685524600003],[102.10240370800005,17.646589628000072],[102.10368076000003,17.646393916000022],[102.10359921200006,17.646782148000057],[102.10472102200004,17.647226493000062],[102.10610348600005,17.646224406000044],[102.10589419100006,17.645573467000077],[102.10514179800003,17.64453541900002],[102.10550063200009,17.643864181000026],[102.10466618000004,17.643373174000033],[102.10458162900005,17.64257414800005],[102.10664104300008,17.642869491000056],[102.10829094000007,17.641322784000067],[102.10809948800005,17.640930221000076],[102.10857289000006,17.639949009000077],[102.10953397000009,17.639527586000042],[102.10999882600004,17.63839745000007],[102.11043801700004,17.638230735000036],[102.11193014900005,17.638527331000034],[102.11228147400004,17.638241545000028],[102.11278422300006,17.638517559000036],[102.11316875200004,17.637887441000032],[102.11294754800008,17.63731230600007],[102.11355219500007,17.637372347000053],[102.11435806400004,17.636755829000037],[102.11469109200004,17.636771512000053],[102.11485675600005,17.63610195800004],[102.11572706600003,17.63626768300003],[102.11594375300007,17.635937768000076],[102.11649792500003,17.636336698000036],[102.11717177500009,17.636308908000046],[102.11779635800008,17.63559256900004],[102.11835976500004,17.635478784000043],[102.11827428300006,17.634860890000027],[102.11786366400008,17.634458855000048],[102.11862219600005,17.633489067000028],[102.11963744400003,17.632768648000024],[102.12078470300008,17.63338274700004],[102.12115333700007,17.632892132000052],[102.12235849400008,17.633243488000062],[102.12266898600006,17.63394480100004],[102.12359908000008,17.63372064600003],[102.12418691900007,17.634566820000032],[102.12503307200006,17.634627134000027],[102.12554562700006,17.63439498200006],[102.12635216500007,17.634970942000052],[102.12688041500007,17.634928856000045],[102.12778213500007,17.635401027000057],[102.12796457600007,17.635013150000077],[102.12859139200003,17.63550725300007],[102.12947683500005,17.63572340500002],[102.12947765700005,17.636377173000028],[102.13022258300003,17.636311102000036],[102.13052174500007,17.637986824000052],[102.13113815000008,17.638150391000067],[102.13127296900007,17.638557529000025],[102.13050598700005,17.638739721000036],[102.13059412600006,17.639213950000055],[102.13150058600007,17.639705855000045],[102.13174995100007,17.640406550000023],[102.13259428400005,17.640688286000056],[102.13328566900009,17.640555378000045],[102.13320307600009,17.641421570000034],[102.13232251700003,17.641912085000058],[102.13338720600007,17.642824828000073],[102.13268202100005,17.64316072200006],[102.13376276000008,17.64432068700006],[102.13309044400006,17.645173725000063],[102.13236631600006,17.64544415100005],[102.13225795600005,17.646129048000034],[102.13253508800005,17.646478887000058],[102.13223603500006,17.647160056000075],[102.13379677100005,17.647752163000064],[102.13443367000008,17.647332598000048],[102.13566779300004,17.648053101000073],[102.13593526800008,17.647682598000074],[102.13666014500006,17.64773442300003],[102.13744213700005,17.648830988000043],[102.13800732600004,17.648577638000063],[102.13911246100008,17.649343480000027],[102.13882619100008,17.64944061400007],[102.13980579200006,17.650552730000072],[102.13917446800008,17.65082163200003],[102.13878698500008,17.651773819000027],[102.13841102900005,17.65214417900006],[102.13921421500004,17.652283983000075],[102.13915783200008,17.65331526800003],[102.13998177600007,17.653282257000058],[102.13981706500005,17.653912431000037],[102.14067014700004,17.653600422000068],[102.14203912300007,17.65519662400004],[102.14173388300009,17.65617388900006],[102.14230357400004,17.656753365000043],[102.14246012600006,17.65734644400004],[102.14314762800007,17.657449935000045],[102.14314540900006,17.65830241900005],[102.14255856000005,17.65837407600003],[102.14270368800004,17.65884457100003],[102.14336045600004,17.659322323000026],[102.14411628100004,17.659166441000025],[102.14454108800004,17.659981252000023],[102.14521516600007,17.660724087000062],[102.14551719000008,17.661707130000025],[102.14603414100009,17.661068871000055],[102.14672275200007,17.66190808400006],[102.14776199900007,17.662062064000054],[102.14737740200007,17.662890068000024],[102.14819518200005,17.662562655000045],[102.14934976200004,17.66342015200007],[102.14972816700003,17.66318867500007],[102.15000357200006,17.663710837000053],[102.14969005100005,17.664116471000057],[102.14983996500007,17.66521605400004],[102.14927263600003,17.665086819000066],[102.14947946200004,17.66595085000006],[102.15202655000007,17.666327891000037],[102.15259043100008,17.666885274000037],[102.15443631900007,17.66745892800003],[102.15595507100005,17.667603874000065],[102.15753066100007,17.668084045000057],[102.15779549700005,17.668371113000035],[102.15942487700005,17.66817029500004],[102.15994588800004,17.667661888000055],[102.16043517300005,17.66664549500007],[102.16097047300008,17.666700776000027],[102.16088628800009,17.66560959800006],[102.16253632300004,17.665632566000056],[102.16300482300005,17.666133271000035],[102.16395697200005,17.665805961000046],[102.16356502900004,17.66558699600006],[102.16412444900004,17.665262447000032],[102.16445132600006,17.664625229000023],[102.16488773500004,17.66452815400004],[102.16492870200005,17.663929089000078],[102.16575344500006,17.663860817000057],[102.16638093000006,17.663427886000022],[102.16721971900006,17.663972864000073],[102.16786815900008,17.663568860000055],[102.16820923800009,17.663918989000024],[102.16920379200008,17.66352873200003],[102.16962190100008,17.663049512000043],[102.16980640900005,17.663681231000055],[102.17030525700005,17.663650034000057],[102.17091642600008,17.662905760000058],[102.17102801200008,17.66236208600003],[102.17154389800004,17.661850599000047],[102.17416406400008,17.660300643000028],[102.17524562300008,17.66048254100002],[102.17696899300006,17.65937669400006],[102.18573796000004,17.657569317000025],[102.18671704100007,17.65720849300004],[102.18865329100004,17.657656823000025],[102.19369618200005,17.657830198000056],[102.19921927200005,17.65531237700003],[102.20091778500006,17.655183171000033],[102.20256272200004,17.65576728700006],[102.20585145600006,17.656544750000023],[102.20622547600004,17.656387600000073],[102.20647270200004,17.65686127200007],[102.20764937900009,17.657096653000053],[102.20840446900007,17.65679001500007],[102.20900415200003,17.65607990700005],[102.20986969000006,17.655570306000072],[102.21086300000007,17.655465393000043],[102.21095742900008,17.65516919600003],[102.21182676800004,17.65516954000003],[102.21277636700006,17.654875485000048],[102.21395719800006,17.65426911800006],[102.21510133700008,17.654352281000058],[102.21494008700006,17.653917868000065],[102.21607357700003,17.653111900000056],[102.21651792200004,17.653649978000033],[102.21713058500006,17.653440212000078],[102.21719817600007,17.654092711000033],[102.21757766100006,17.654199473000062],[102.21840528600006,17.653533654000057],[102.22076120000008,17.65262145500003],[102.22321962700005,17.651332351000065],[102.22491464000007,17.651144739000074],[102.22718094000004,17.651936164000062],[102.22913310900009,17.651893698000038],[102.22929358800008,17.652398694000055],[102.23018515200005,17.652294959000074],[102.23318077600004,17.651627302000065],[102.23412349800009,17.65222155400005],[102.23614712500006,17.652040585000066],[102.24071685400008,17.65108367600004],[102.24508205200004,17.65067217400002],[102.25376806000008,17.655254954000043],[102.25873005200003,17.65679939200004],[102.26422299200004,17.660970321000036],[102.26737379500008,17.661937502000058],[102.26826349200007,17.66195655100006],[102.26940727500005,17.662668223000026],[102.26679456200009,17.669455135000078],[102.26545276200005,17.671736061000047],[102.26462334300004,17.67400807200005],[102.26386375800007,17.675519922000035],[102.26249451300004,17.679048683000076],[102.26226162400008,17.680198102000077],[102.26194776700004,17.68331201500007],[102.26206787300003,17.686080753000056],[102.26257253000006,17.689524232000053],[102.26390808500008,17.68962094500006],[102.26452586600004,17.689483161000055],[102.26546425700008,17.689881384000046],[102.26629889600008,17.690496705000044],[102.26791138400006,17.690375966000033],[102.27111940000003,17.68967927400007],[102.27214435300004,17.69014511900002],[102.27193557200007,17.689276703000075],[102.27226269300007,17.688911047000033],[102.27364304300005,17.68879621800005],[102.27417126400007,17.688301443000057],[102.27478610900005,17.68818085500004],[102.27579680900004,17.68860992900005],[102.27618925100006,17.687902505000068],[102.27721146400006,17.68766271800007],[102.27770185600008,17.68674446400007],[102.27855880500005,17.686049449000052],[102.27908093300005,17.68644446600007],[102.27976424200006,17.686377996000033],[102.28079716600007,17.685384691000024],[102.28133312200004,17.68622380200003],[102.28211958100007,17.685992273000068],[102.28229563100007,17.686865915000055],[102.28298825400009,17.688416414000073],[102.28264193900009,17.688849464000043],[102.28328420900004,17.689060504000054],[102.28323475900004,17.689587395000046],[102.28372808500006,17.68991109600006],[102.28368847100006,17.690784523000048],[102.28459340700005,17.691585357000065],[102.28532720700008,17.691291187000047],[102.28604130100007,17.692123570000035],[102.28717656600008,17.691956882000056],[102.28694650900007,17.691313575000038],[102.28848539700004,17.691325518000042],[102.28845910400008,17.68995021300003],[102.28890546900004,17.68994053800003],[102.28955195600008,17.689347397000063],[102.28977527600006,17.688508248000062],[102.28942261600008,17.688170591000073],[102.29029680500008,17.68803066600003],[102.29035537000004,17.687603420000073],[102.29159159800008,17.68794456200004],[102.29198946000008,17.687433716000044],[102.29251539700005,17.687573659000066],[102.29367708800004,17.687007100000073],[102.29374586500006,17.686282111000025],[102.29447273300008,17.686671817000047],[102.29428385700004,17.686116608000077],[102.29517458200007,17.685947933000023],[102.29601730900004,17.686136908000037],[102.29648787600007,17.684983884000076],[102.29686180700008,17.684917299000062],[102.29703266800004,17.68424271300006],[102.29785884200004,17.68390944600003],[102.29792203300008,17.683181988000058],[102.29844683000005,17.68348213200005],[102.29929401900006,17.68345838600004],[102.29962113500005,17.68265085400003],[102.29888094300009,17.68255004100007],[102.29971602300009,17.68231926900006],[102.29996326400004,17.68171376400005],[102.29967018500008,17.681279552000035],[102.30055247300004,17.681714257000067],[102.30176470600009,17.681866418000027],[102.30158052600007,17.681292582000026],[102.30102739600005,17.680942420000065],[102.30104616300008,17.68018154200007],[102.30160820500004,17.680295946000058],[102.30131634800006,17.679736410000032],[102.30064314200007,17.679523980000056],[102.30011486200004,17.680202362000045],[102.29994031900009,17.67968410900005],[102.30029220400007,17.679363443000057],[102.30036641400005,17.67832647000006],[102.30110425100008,17.67860475200007],[102.30135080600007,17.67796813900003],[102.30112675800007,17.677275387000066],[102.30169718300004,17.67741881200004],[102.30144389500003,17.676809245000072],[102.30195454900007,17.674920781000026],[102.30266377900006,17.67513308900004],[102.30236428000006,17.674589514000047],[102.30286711200006,17.674366837000036],[102.30500329500006,17.674861452000073],[102.31794234300008,17.679182723000054],[102.31811639400007,17.676841384000056],[102.31797480500006,17.68282724100004],[102.31751995200005,17.689305062000074],[102.31769805000005,17.69899416800007],[102.31799237600006,17.709072814000024],[102.31763399900007,17.711984870000038],[102.31746787200007,17.715209324000057],[102.31767914900007,17.717779137000036],[102.31794503700007,17.723314292000055],[102.31853935000004,17.728051780000044],[102.31846597600008,17.731803332000027],[102.31781420100003,17.736034405000055],[102.31772986400006,17.73722599000007],[102.31821005300009,17.740163805000066],[102.31875402800006,17.742418444000066],[102.31955100100004,17.748355626000034],[102.31989228400005,17.76337751500006],[102.31935618400007,17.768663901000025],[102.31939528600009,17.770447673000035],[102.31919332000007,17.77252118900003],[102.31945104500005,17.774382142000036],[102.31929254800008,17.776026400000035],[102.31895677100005,17.777661953000063],[102.31911954300006,17.781033456000046],[102.31856761100005,17.78579508200005],[102.31822375100006,17.789772992000053],[102.31811072000005,17.79238650900004],[102.31790349800008,17.794741293000072],[102.31866783700008,17.796671287000038],[102.31938242800004,17.796665332000032],[102.32083641400004,17.797257874000024],[102.32138615000008,17.798147495000023],[102.32255536500008,17.798241811000025],[102.32492436400008,17.799602341000025],[102.32465870400006,17.801521367000078],[102.32248909900005,17.805314616000032],[102.32233524200007,17.80577329500005],[102.32250872400004,17.806739075000053],[102.32239651200007,17.807375525000054],[102.32120017400007,17.810185708000063],[102.31940373700007,17.812067510000077],[102.31887473400008,17.81313821300006],[102.31904126600006,17.815369712000063],[102.31893491700004,17.81635078100004],[102.31722676000004,17.818181808000077],[102.31577517000005,17.819233964000034],[102.31374698500008,17.820224685000028],[102.31288754300004,17.820981420000066],[102.31054378200008,17.82351071200003],[102.30686492400008,17.825816506000024],[102.30470008500004,17.827824961000033],[102.30032124100006,17.829923971000028],[102.29845686100003,17.831261150000046],[102.29459039300008,17.834239060000073],[102.29087243700008,17.837607753000043],[102.28798741000008,17.841154695000057],[102.28574409800007,17.843695124000078],[102.28502260400006,17.844295811000052],[102.28430447700003,17.845239466000066],[102.28316256600004,17.847129062000022],[102.28183717500008,17.849629811000057],[102.27931960900008,17.85267013600003],[102.27859510300004,17.853737478000028],[102.27530309800005,17.85804891600003],[102.27199086100006,17.862938448000023],[102.27127449300008,17.864464602000055],[102.27112395300009,17.865300929000057],[102.27115465100007,17.86806425800006],[102.27068806500006,17.86844364700005],[102.26834921000005,17.86847496000007],[102.26716749000008,17.868811529000027],[102.26644303200004,17.86933181300003],[102.26346445100006,17.87240747800007],[102.26117795400006,17.875558214000023],[102.25976363800004,17.877023093000048],[102.25907723800003,17.878015825000034],[102.25784779500003,17.880223255000033],[102.25568599200005,17.88496876800002]]]},"properties":{"Shape_Leng":1.25057874476,"Shape_Area":0.0509207338108,"ADM2_EN":"Nam Som","ADM2_TH":"น้ำโสม","ADM2_PCODE":"TH4118","ADM1_EN":"Udon Thani","ADM1_TH":"อุดรธานี","ADM1_PCODE":"TH41","ADM0_EN":"Thailand","ADM0_TH":"ประเทศไทย","ADM0_PCODE":"TH"}},
{"type":"Feature","geometry":{"type":"Polygon","coordinates":[[[102.96221879500007,17.47059822500006],[102.96336860800005,17.470096641000055],[102.96483771800007,17.46995064500004],[102.96719720300007,17.470526219000078],[102.96770688800007,17.47116307400006],[102.96702853000005,17.47250316900005],[102.96684106400005,17.473277538000048],[102.96761001700008,17.47415891000003],[102.96833296300008,17.474272244000076],[102.96875262000003,17.47378145700003],[102.96898507700007,17.472349636000047],[102.96939354800008,17.47215025500003],[102.97016561200007,17.472498791000078],[102.97155746600004,17.472709295000072],[102.97150251400006,17.473254342000075],[102.97068938600006,17.473817389000033],[102.96964975100008,17.473738480000065],[102.96929914000003,17.474683433000052],[102.96941669200004,17.474990105000074],[102.97089826000007,17.47586962500003],[102.97220843200006,17.47540642200005],[102.97380338400006,17.473511160000044],[102.97435383400006,17.473110605000045],[102.97478270100004,17.47332592400005],[102.97445186300007,17.47469022300004],[102.97499524900007,17.47692233300006],[102.97315099100007,17.477444674000026],[102.97312141200007,17.47822304300007],[102.97455968400004,17.47952317200003],[102.97534768300005,17.479845700000055],[102.97682095900007,17.479547143000048],[102.98102282700006,17.476679988000058],[102.98158763600009,17.476991028000043],[102.98166311800009,17.478561273000025],[102.98094898100004,17.479184562000057],[102.98055094800009,17.479905522000024],[102.98054388000008,17.481698993000066],[102.97991219700003,17.483037608000075],[102.98150928700005,17.485449252000024],[102.98218190100005,17.485777359000053],[102.98340509000008,17.48507169000004],[102.98414164300004,17.485144657000035],[102.98626083300007,17.48626549000005],[102.98753210500007,17.48636130600005],[102.98911568200003,17.48532405800006],[102.99004823000007,17.484913539000047],[102.99127632100004,17.48474974000004],[102.99228648200005,17.484945973000038],[102.99298310700004,17.48532165200004],[102.99327391900005,17.486012636000055],[102.99342507400007,17.48776433300003],[102.99285218900008,17.489303327000073],[102.99122331600006,17.49027041900007],[102.99093413700007,17.491356849000056],[102.99085133900007,17.493627467000067],[102.99121261000005,17.49571788700007],[102.99065794900008,17.496334236000052],[102.98965187600004,17.496237989000065],[102.98878129300005,17.49661995500003],[102.98861405000008,17.49757332200005],[102.98884462400008,17.498343627000054],[102.98857549900004,17.498869462000073],[102.98733751000003,17.499204184000064],[102.98726935800005,17.500475576000042],[102.98805899800004,17.501473703000045],[102.98866035000003,17.501391478000073],[102.98981564800005,17.501597701000037],[102.99242270100007,17.502561350000065],[102.99439407400007,17.502379160000032],[102.99560089700009,17.50255696100004],[102.99777370100009,17.502411669000026],[102.99864063100006,17.502517449000038],[102.99905870000003,17.503052252000032],[102.99923311500004,17.50453990500006],[102.99910082800005,17.50615835700006],[102.99887298600004,17.50655223600006],[102.99720444500008,17.507263778000038],[102.99536794200009,17.507567979000044],[102.99471550000004,17.507844117000047],[102.99444567600005,17.508311363000075],[102.99446199500005,17.509125819000076],[102.99553274700008,17.510501834000024],[102.99606591400004,17.511870569000052],[102.99713141100005,17.512853749000044],[102.99778004800004,17.512380971000027],[102.99761074800006,17.511356273000047],[102.99713168100004,17.510518816000058],[102.99743606800007,17.509557941000025],[102.99892801500005,17.508886979000067],[102.99963933300006,17.509132494000028],[103.00009443300007,17.508762623000052],[102.99923573500007,17.50739154100006],[102.99980988400006,17.50721339100005],[103.00088565300007,17.507921725000074],[103.00173454800006,17.509383957000068],[103.00219056200007,17.50964476100006],[103.00253976600004,17.509301575000052],[103.00241448200006,17.508817616000044],[103.00157062000005,17.507946896000078],[103.00175332500004,17.50733806900007],[103.00306312000004,17.507067843000073],[103.00377270800004,17.507798793000063],[103.00292001200006,17.512203106000072],[103.00294333900007,17.512959287000058],[103.00375003200008,17.515832846000023],[103.00387039700007,17.517056511000078],[103.00335552400009,17.518351279000058],[103.00334719300008,17.518818171000078],[103.00404921400008,17.51913475300006],[103.00472047500006,17.519112327000073],[103.00504609600006,17.519642431000022],[103.00412394100005,17.520868832000076],[103.00321558600007,17.521614272000022],[103.00245817200005,17.52169489000005],[103.00178794300007,17.52093370500006],[103.00047225500003,17.520437349000076],[103.00012946800007,17.520841911000048],[103.00002110600008,17.522012027000073],[103.00016798100006,17.522795555000073],[103.00077288100005,17.523417731000052],[103.00201307300006,17.523423579000053],[103.00202140500005,17.52428327100006],[103.00132295600008,17.52475689000005],[103.00110736700009,17.525408006000077],[103.00163952900004,17.526389245000075],[103.00154990500005,17.526861791000044],[103.00088980300006,17.527419550000047],[103.00023513300005,17.528457719000073],[102.99842072100006,17.52878157500004],[102.99786904700005,17.529320719000054],[102.99746496000006,17.53025094700007],[102.99625985700004,17.530639466000025],[102.99590117200006,17.531125874000054],[102.99613811300009,17.531668384000056],[102.99718378400007,17.53207266100003],[102.99781781800004,17.53267398400004],[102.99798371800006,17.53403041400003],[102.99730906200006,17.534998161000033],[102.99775988200008,17.535473096000032],[102.99836387000005,17.535601760000077],[102.99994767600003,17.535554268000055],[103.00169868100005,17.536151919000076],[103.00238620200008,17.537504632000037],[103.00347564300006,17.53768591900007],[103.00449835700005,17.538217022000026],[103.00682980100004,17.538401691000047],[103.00857834200008,17.538276259000043],[103.00911989300005,17.537685715000066],[103.00888221600007,17.536424184000055],[103.00940810300006,17.536261740000043],[103.01042637200004,17.536646782000048],[103.01097888500004,17.536573515000043],[103.01305134900008,17.53557466700005],[103.01360982600005,17.535664152000038],[103.01377989700006,17.536160004000067],[103.01344315300008,17.537269182000045],[103.01398015300003,17.537512554000045],[103.01517012000005,17.537597481000034],[103.01574639600005,17.53826441900003],[103.01589271900008,17.53920263300006],[103.01503335400008,17.54112483700004],[103.01515285100004,17.541620846000058],[103.01673345600005,17.543566591000058],[103.01787193200005,17.543873485000063],[103.01874399100006,17.543452082000044],[103.01943884300005,17.54352551900007],[103.01963346900004,17.544266493000066],[103.02005433800008,17.54464610200006],[103.02217526700008,17.543998402000057],[103.02279848200004,17.54401677800007],[103.02332273100006,17.54467065800003],[103.02334425800007,17.54644879700004],[103.02387237700003,17.54645146300004],[103.02454871700007,17.545267685000056],[103.02539743500006,17.545676456000024],[103.02535396700006,17.546874125000045],[103.02485458200005,17.547614018000047],[103.02480468200008,17.54867887200004],[103.02585190600007,17.548827541000037],[103.02678437300005,17.548474764000048],[103.02735878100003,17.548731161000035],[103.02758207400007,17.549254855000072],[103.02752411600005,17.550381179000055],[103.02705637300005,17.550850016000027],[103.02613852800005,17.55098818600004],[103.02570062900008,17.55146310600003],[103.02490174000008,17.551590694000026],[103.02401234600006,17.550955350000038],[103.02348793000004,17.551634911000065],[103.02394819500006,17.55282919600006],[103.02477196800004,17.553242517000058],[103.02583754800008,17.553198059000067],[103.02575951000006,17.554211972000076],[103.02648797600006,17.554821097000058],[103.02726257000006,17.554939497000078],[103.02825011800007,17.55472125600005],[103.02880133500008,17.555120911000074],[103.02797635200005,17.555956432000073],[103.02836405600004,17.556771162000075],[103.02933514700004,17.556812156000035],[103.03044521200007,17.556345864000036],[103.03117198700005,17.556749327000034],[103.03091374500008,17.557474882000065],[103.03017797800004,17.558205731000044],[103.03019283300006,17.558800768000026],[103.03094673300006,17.558992233000026],[103.03203977400005,17.558276474000024],[103.03263803000004,17.557384068000033],[103.03336737200004,17.557072590000075],[103.03378208300006,17.557964561000063],[103.03370438300004,17.55854710500006],[103.03268139000005,17.559122071000047],[103.03227302000005,17.559713026000054],[103.03224581700005,17.560987402000023],[103.03278778800006,17.561074835000056],[103.03399319700009,17.560638272000062],[103.03530355400005,17.56110149400007],[103.03563308400004,17.560974268000052],[103.03595247400006,17.56015199600006],[103.03757891300006,17.559866818000046],[103.03791453100007,17.560072599000023],[103.03725981100007,17.561243008000076],[103.03730067900005,17.56166265400003],[103.03918006200007,17.56159966100006],[103.04024216100004,17.56284866200002],[103.04067173700008,17.564123151000047],[103.04183344700004,17.564460764000046],[103.04268985700008,17.564432735000025],[103.04295946000008,17.564694042000042],[103.04192608000005,17.56528359400005],[103.04213924800007,17.56572963700006],[103.04337463300004,17.565831595000077],[103.04313731500008,17.565163015000053],[103.04370100300008,17.564830200000074],[103.04457967200005,17.565614862000075],[103.04472659300006,17.566040513000075],[103.04416858200005,17.56675260800006],[103.04329041900007,17.566811656000027],[103.04297580500008,17.567285335000065],[103.04415213200008,17.56815738000006],[103.04485771800006,17.568209849000027],[103.04533470800004,17.567609109000045],[103.04604530900008,17.56832428900003],[103.04501974000004,17.568923865000045],[103.04555686900005,17.569330137000065],[103.04699063100009,17.569401407000043],[103.04744330700004,17.57005332500006],[103.04800696100006,17.570025205000036],[103.04834762500008,17.569292414000074],[103.04780319100007,17.568897437000032],[103.04788485500006,17.56853945900002],[103.04924524300009,17.568820807000066],[103.04945230800007,17.57022882900003],[103.05026863400008,17.56995591200007],[103.05136156200007,17.570037714000023],[103.05166652500009,17.57050646600004],[103.05241493900007,17.570611240000062],[103.05321335100007,17.570282923000036],[103.05347231400003,17.569678838000073],[103.05579680300008,17.569002518000048],[103.05633566200004,17.570112659000074],[103.05535472400004,17.571763711000074],[103.05574066400004,17.57245987500005],[103.05666700800003,17.571776080000063],[103.05708437100009,17.572046374000024],[103.05741090900005,17.572919159000037],[103.05912921400005,17.573254121000048],[103.06071744400003,17.57193699800007],[103.06151042600004,17.572048774000052],[103.06157101300005,17.571405640000023],[103.06203452600005,17.570683961000043],[103.06157227700004,17.569413307000048],[103.06262109700003,17.569443499000045],[103.06284010600007,17.568777813000054],[103.06322856500009,17.56866801600006],[103.06373731600007,17.569329020000055],[103.06471600300006,17.569679476000033],[103.06403007200004,17.570270782000023],[103.06514201700008,17.570455121000066],[103.06497402300005,17.57109069100005],[103.06572280900008,17.571085121000067],[103.06604060800004,17.57158359500005],[103.06580356300009,17.573029573000042],[103.06665313400003,17.572546103000036],[103.06720317500009,17.57259364400005],[103.06658991700004,17.573789216000023],[103.06745205100003,17.574568749000036],[103.06888964600006,17.573979675000032],[103.06926826400007,17.574140766000028],[103.06926433400008,17.574824232000026],[103.06841944700005,17.575606140000048],[103.06832495700007,17.576119388000052],[103.06868125000005,17.576526597000054],[103.06932290300006,17.576146359000063],[103.06955166400007,17.575383676000058],[103.07059893200005,17.575887581000075],[103.06993986200007,17.577260800000033],[103.07071981300004,17.57735621300003],[103.07090087500006,17.577790067000024],[103.07025712800004,17.578147794000074],[103.06992106400008,17.57878756100007],[103.07066169000007,17.579614110000023],[103.07109097100005,17.579565656000057],[103.07141247400006,17.578404840000076],[103.07188431300006,17.579125444000056],[103.07254185600004,17.579329397000038],[103.07272337500007,17.57905144600005],[103.07226430800006,17.57824579100003],[103.07262639900006,17.577532268000027],[103.07329861700003,17.578463250000027],[103.07393577000005,17.578941298000075],[103.07484445200004,17.578981404000046],[103.07624395200008,17.580060889000038],[103.07670960300004,17.579624935000027],[103.07783481800004,17.57994387100007],[103.07924596900006,17.581792344000064],[103.08001378800009,17.582349949000047],[103.07999867000007,17.582722944000068],[103.07904773900003,17.582645713000034],[103.07876945600003,17.582978409000077],[103.07999863900005,17.58354954400005],[103.08042422200003,17.583406325000055],[103.08079848500006,17.582692936000058],[103.08157599300006,17.58278120700004],[103.08200238400008,17.583758339000042],[103.08244062200004,17.58372148600006],[103.08328285100004,17.58204548200007],[103.08396220300006,17.58165209300006],[103.08599214900005,17.581343884000034],[103.08616009100007,17.581070553000075],[103.08607368000008,17.579525580000052],[103.08688683000008,17.579014759000074],[103.08826452900007,17.57927718600007],[103.09038020200006,17.580880818000026],[103.09204901900006,17.58056818800003],[103.09253687100005,17.580945628000052],[103.09325809100005,17.582592161000036],[103.09366143600005,17.58423728500003],[103.09449009200006,17.584725478000053],[103.09438262900005,17.585331847000077],[103.09311834300007,17.587684574000036],[103.09438575800004,17.58788774100003],[103.09494198600004,17.58924306600005],[103.09476239000008,17.591216042000042],[103.09430816200006,17.591721046000032],[103.09417538100007,17.59241430800006],[103.09556327000007,17.593263609000076],[103.09632621900005,17.59287726900004],[103.09695951800006,17.592903069000045],[103.09722309400007,17.59376920400007],[103.09627138700006,17.593869564000045],[103.09604748700008,17.59421403700003],[103.09680601800005,17.59589361700006],[103.09818546100007,17.597212352000042],[103.09932487500004,17.597814543000027],[103.10174491900005,17.598362604000044],[103.10235182300005,17.59882486600003],[103.10276601400005,17.59972285200007],[103.10504110500005,17.601294437000035],[103.10556512200009,17.602071402000036],[103.10574372000008,17.602943055000026],[103.10576275700004,17.604483280000068],[103.10609131300004,17.60521636200002],[103.10698480700006,17.60574026200004],[103.10727573000008,17.606332804000033],[103.10710748900004,17.607433576000062],[103.10602716300008,17.60911072300007],[103.10588904400004,17.610949529000038],[103.10683040100008,17.611751084000048],[103.10688611300009,17.61283846500004],[103.10526189500007,17.613387593000027],[103.10414372200006,17.614232049000066],[103.10409947200009,17.61494700700007],[103.10497197100005,17.615336357000047],[103.10731790500006,17.614943252000046],[103.10753715000004,17.615131226000074],[103.10761435300009,17.617094549000058],[103.10861096800005,17.61735260200004],[103.10973763200008,17.61684610800006],[103.11108293500007,17.617109450000044],[103.11132746800007,17.615485440000043],[103.11239786800007,17.615042192000033],[103.11374392500005,17.616330814000037],[103.11384249300005,17.61670649900003],[103.11303205200005,17.61719829200007],[103.11310588200007,17.617928780000057],[103.11372333000008,17.618070690000025],[103.11494015200009,17.61756699500006],[103.11541290600007,17.61769902700007],[103.11568533900004,17.618885885000054],[103.11652826100004,17.61933536500004],[103.11690494200008,17.62245021500007],[103.11667152200005,17.623211783000045],[103.11546764700006,17.623749987000053],[103.11416286700006,17.62374674800003],[103.11436145600004,17.624682089000032],[103.11336032600008,17.62530294100003],[103.11303341400009,17.624935425000047],[103.11296890300008,17.624141018000046],[103.11213203600005,17.624942373000067],[103.11156223900008,17.62453580700003],[103.11137832100007,17.623731899000063],[103.11072792100003,17.624294280000072],[103.11111001000006,17.625576414000022],[103.11037766000004,17.626399179000032],[103.10929024700005,17.62644199400006],[103.10941656000006,17.62746394100003],[103.10911865300005,17.628017758000055],[103.10921660700006,17.628823734000036],[103.10829570900006,17.629306860000042],[103.10677494900006,17.629254804000027],[103.10596956200004,17.628797450000036],[103.10490729800006,17.629438097000047],[103.10480352600007,17.629821347000075],[103.10586588300004,17.631282379000027],[103.10642656100003,17.63252908800007],[103.10695887200006,17.63298906500006],[103.10849620300007,17.632836436000048],[103.10982319300007,17.633039497000027],[103.11136643600008,17.63489670000007],[103.11212027400006,17.636082006000038],[103.11203286900007,17.63700981900007],[103.11093889800009,17.637272764000045],[103.10951313900006,17.636254930000064],[103.10847713000004,17.63584675800007],[103.10515780500003,17.635980035000046],[103.10310512900008,17.636500252000076],[103.10182718600004,17.63696339100005],[103.10059187000007,17.63765514000005],[103.09702751000003,17.64180914900004],[103.09585011900003,17.642497348000063],[103.09513281800008,17.643560484000034],[103.09487279100006,17.644496381000067],[103.09511046000006,17.64525309900006],[103.09611275500004,17.64680072300007],[103.09710110100008,17.647379423000075],[103.09791088500003,17.647496309000076],[103.09969066300005,17.647362341000076],[103.10192535300007,17.646575892000044],[103.10243874600008,17.64652309400003],[103.10324233600005,17.646918749000065],[103.10409273900007,17.648674215000028],[103.10492613000008,17.64974273400003],[103.10499006600008,17.650800699000058],[103.10384535600008,17.65126854400006],[103.10272787900004,17.651333640000075],[103.10130553400006,17.651216040000065],[103.10069565100008,17.65144801400004],[103.10003800700008,17.652197095000076],[103.10028886100008,17.65278118200007],[103.10171097300008,17.653688799000065],[103.10204681200008,17.654226533000042],[103.10225307200005,17.655594114000053],[103.10226936000004,17.656952772000068],[103.10257418200007,17.657760662000044],[103.10301860200008,17.658009321000065],[103.10390149900007,17.657914966000078],[103.10416776300008,17.658666848000053],[103.10343204100008,17.65892088100003],[103.10185482300005,17.658503431000042],[103.10118275900004,17.657882650000033],[103.10115179900004,17.657372293000037],[103.10066414800008,17.65664815100007],[103.10019364900006,17.65642459000003],[103.09917743100004,17.656449330000044],[103.09892126500006,17.65728540300006],[103.09983775500007,17.658627205000073],[103.10060443200007,17.659001285000045],[103.10083287000003,17.659961165000027],[103.10142100800005,17.66094821400003],[103.10123572100008,17.66192422100005],[103.10040924100008,17.662357886000052],[103.09980824700006,17.66240932000005],[103.09950977800008,17.66146982300006],[103.09888989200005,17.661388626000075],[103.09866802600004,17.662253931000066],[103.09831804100008,17.662593815000037],[103.09743587400004,17.662078045000044],[103.09686746700004,17.663077067000074],[103.09756102200004,17.663517132000038],[103.09779330800006,17.664039261000028],[103.09772110300008,17.66585912000005],[103.09814581900008,17.666128669000045],[103.09899484200008,17.665938458000028],[103.09927157000004,17.66663540600007],[103.09966780900004,17.666628794000076],[103.10002597300007,17.66593584900005],[103.10053564400005,17.66600614200007],[103.10069490600006,17.666605195000045],[103.10142272500008,17.667161398000076],[103.10059240500004,17.66743341600005],[103.10051337000004,17.668206346000034],[103.10113914600004,17.668549657000028],[103.10155039300008,17.66914051400005],[103.10187757300008,17.670150883000076],[103.10150400600008,17.67038578300003],[103.10055996900007,17.669949228000064],[103.10006165700008,17.670448459000056],[103.10039105500005,17.67180268000004],[103.10111731500007,17.67162865000006],[103.10185588600007,17.671820899000068],[103.10206604500007,17.672277571000052],[103.10137441200004,17.672357454000064],[103.10035019900005,17.672154097000032],[103.10034442900007,17.67277380200005],[103.10136990300003,17.673187910000024],[103.10180360300006,17.674419938000028],[103.10189405700004,17.675169487000062],[103.10342805200008,17.676295105000065],[103.10490698400008,17.678294681000068],[103.10546363600008,17.678310882000062],[103.10624240200008,17.677812630000062],[103.10651346400005,17.677232696000033],[103.10614565500003,17.675677961000076],[103.10635396100008,17.675086855000075],[103.10745601400004,17.674497925000026],[103.10949805400008,17.675588151000056],[103.11126971700008,17.676078483000026],[103.11159994700006,17.676352848000022],[103.11260526000007,17.679070326000044],[103.11315837300003,17.681142403000024],[103.11313920400005,17.682882909000057],[103.11439043100006,17.683931232000077],[103.11434728100005,17.684495784000035],[103.11358075900006,17.685199708000027],[103.11571048100006,17.687875725000026],[103.11552369500004,17.688382286000035],[103.11422914900004,17.689042277000055],[103.11411767200008,17.689396205000037],[103.11522260200007,17.69094689600007],[103.11519451700008,17.691584823000028],[103.11385688200005,17.691381680000063],[103.11372494800008,17.691877436000027],[103.11461221100006,17.692332560000068],[103.11536952200004,17.693016508000028],[103.11553448800004,17.69422299200005],[103.11675591000005,17.695988294000074],[103.11515295100008,17.696245066000074],[103.10534043600006,17.69645052000004],[103.10027528300009,17.696923570000024],[103.09873987800006,17.697361885000078],[103.09756785100006,17.69787853200006],[103.09563710500004,17.69921579100003],[103.09197562500003,17.70263568200005],[103.09027187500004,17.704558731000077],[103.08877349100004,17.705345584000042],[103.08768628600006,17.705612187000042],[103.08661272200004,17.705667838000068],[103.08459263000009,17.70557264000007],[103.08370060000004,17.705646992000027],[103.08263282900003,17.70608170500003],[103.08182370700007,17.70672250800004],[103.07683088200008,17.70720646600006],[103.07061356300005,17.707538561000035],[103.06649941400008,17.707589014000064],[103.06080140700004,17.70712307900004],[103.05713614000007,17.707162568000058],[103.05042277700005,17.708046686000046],[103.04312353200004,17.70937766700007],[103.03859557200008,17.71055622800003],[103.02825474300005,17.713660874000027],[103.02141215500006,17.716208247000054],[103.02017365200004,17.716759984000078],[103.01845347500006,17.717709933000037],[103.01351735400004,17.720601830000078],[103.01272117900004,17.72114194900007],[103.00706356400008,17.726126400000055],[103.00578248100004,17.727437137000038],[103.00507301400006,17.728618230000052],[103.00499377300008,17.729585489000044],[103.00448865500005,17.73285796400006],[103.00402650400008,17.734478030000048],[103.00405685000004,17.73682789700007],[103.00371267600008,17.738413647000073],[103.00156759000004,17.738280933000055],[103.00004732000008,17.739099533000058],[102.99934291600005,17.739253570000074],[102.99518252700005,17.740981455000053],[102.99371729300009,17.74295776500003],[102.99090815100004,17.74432347100003],[102.98979042300004,17.74537484900003],[102.98879561100006,17.745853899000053],[102.98739759000006,17.746070471000053],[102.98655664600005,17.745715972000028],[102.98552967100005,17.74560840600003],[102.98482881500007,17.745741960000032],[102.98154904100005,17.74816451500004],[102.98075109800004,17.74833608600005],[102.97701866700004,17.74798700100007],[102.97516450700004,17.747571308000033],[102.97457687700006,17.74774613200003],[102.97396858800005,17.74705075600002],[102.97428601500008,17.74588962400003],[102.97347491200009,17.74563084400006],[102.97356364100006,17.744870254000034],[102.97238411500007,17.74487335500004],[102.97192092400007,17.744380766000063],[102.97146538500004,17.742572899000038],[102.96952979200006,17.74230043500006],[102.96867134900003,17.742729954000026],[102.96936181100006,17.744006339000066],[102.96999725900008,17.744668356000034],[102.96997907200006,17.745449533000055],[102.96893245100006,17.746183656000028],[102.96753891900005,17.746449530000064],[102.96421753800007,17.747654056000044],[102.96319169700007,17.747725743000046],[102.96130297600007,17.74761578400006],[102.95877066000008,17.746457220000025],[102.95707086400006,17.746491571000035],[102.95632928200007,17.747406194000064],[102.95617685500008,17.748529578000046],[102.95684397600007,17.749765299000046],[102.95807064600007,17.750265651000063],[102.95865517100003,17.75150013600006],[102.95784872300004,17.75300653000005],[102.95723788100008,17.752879676000077],[102.95673735000008,17.753705959000058],[102.95733194300004,17.75582587400004],[102.95719341200004,17.75677577500005],[102.95679228100005,17.75756350100005],[102.95763302800003,17.75815199400006],[102.95777168100005,17.76020763100007],[102.95850805000003,17.76071551700005],[102.95862244600005,17.761176298000066],[102.95724480700005,17.76273873300005],[102.95612991700006,17.764511463000076],[102.95462051600003,17.765069305000054],[102.95335664300006,17.765719682000054],[102.95249102000008,17.76668691800006],[102.95107648200008,17.768789944000048],[102.95066124600004,17.770072998000046],[102.95102605000005,17.771240324000075],[102.95191252700005,17.771830653000052],[102.95205497300009,17.77230226100005],[102.95169420000008,17.773053428000026],[102.95151625500006,17.77432706700006],[102.95220262800007,17.775609145000033],[102.95308354200006,17.776124537000044],[102.95586098500007,17.777467999000066],[102.95814877500004,17.778688033000037],[102.95994837700005,17.779851274000066],[102.96092515200007,17.78089135400006],[102.96132170900006,17.781572194000034],[102.96151314600007,17.782932008000046],[102.96049530100004,17.783665916000075],[102.96035343200003,17.78476236800003],[102.96135676500006,17.785715525000057],[102.96337434400004,17.786142608000034],[102.96614662800005,17.786937127000044],[102.96747166600005,17.788132208000036],[102.96999289600006,17.791820968000025],[102.97085033500008,17.792579061000026],[102.97327298900007,17.793530259000022],[102.97377641100007,17.793912044000024],[102.97575561500008,17.794745586000033],[102.97556191200005,17.796118635000028],[102.97517599500009,17.796613840000077],[102.97280549900006,17.797047974000066],[102.97200549700005,17.79752436900003],[102.97139746800008,17.798160550000034],[102.97073357600004,17.79943686000007],[102.97013569200004,17.801822118000075],[102.96984403600004,17.80498510700005],[102.96924828200008,17.809452560000068],[102.96888743600005,17.814303736000056],[102.96885811400006,17.815738905000046],[102.96928822600006,17.81846112100004],[102.96937533000005,17.819557205000024],[102.96928710800006,17.823692950000066],[102.96861629400007,17.823744146000024],[102.96795522400004,17.824116779000065],[102.96787726400004,17.82457628800006],[102.96695746000006,17.825476502000072],[102.96658192400008,17.826733414000046],[102.96597855600004,17.826748230000078],[102.96542005300006,17.82745015300003],[102.96398423000005,17.82718330600005],[102.96225951600007,17.82712359100003],[102.96102993500006,17.82734165900007],[102.96118559300004,17.830615833000024],[102.96117825600004,17.831992098000057],[102.96163715200004,17.833250255000053],[102.96021369200008,17.833852748000027],[102.95657017500008,17.835050525000042],[102.95539992400006,17.836847114000022],[102.95452637200003,17.839513716000056],[102.95435487300006,17.842372628000078],[102.95479313100009,17.843285324000078],[102.95484545600004,17.84422662000003],[102.95428129200008,17.845127037000054],[102.95344111500003,17.845263688000045],[102.95265440800006,17.84732208500003],[102.95161824600007,17.84931219400005],[102.95170249000006,17.85012262500004],[102.95104769500006,17.850934434000067],[102.95031404200006,17.851393942000072],[102.94949158600008,17.851265427000044],[102.94884296300006,17.852571650000073],[102.94692371600007,17.853622316000042],[102.94591110600004,17.85432339600004],[102.94523181000005,17.854241870000067],[102.94418788400009,17.855456273000073],[102.94381867600003,17.857456815000035],[102.94306149700009,17.858122993000052],[102.94217151000004,17.859370649000027],[102.94244482800008,17.860206574000074],[102.94197610700007,17.860855292000053],[102.94170297000005,17.86237862100006],[102.94199626200003,17.863108818000057],[102.94258835100004,17.863704822000045],[102.94213974700006,17.865711781000073],[102.94232552500006,17.86621010400006],[102.94203529600009,17.86716523700005],[102.94212457600008,17.86811660500007],[102.94191606800007,17.86881511400003],[102.94233006800005,17.87080591700004],[102.94180581400008,17.871489904000043],[102.94016128000004,17.872332549000078],[102.94020481300004,17.87269646200002],[102.93921709800009,17.873417283000038],[102.93912219000003,17.874252092000063],[102.93844071100006,17.87461890900005],[102.93790525300005,17.874548678000053],[102.93691128500006,17.87572986200007],[102.93700894200003,17.87724722300004],[102.93684158600007,17.877584024000043],[102.93622441500008,17.87744202700003],[102.93583973800008,17.877847743000075],[102.93669259700005,17.884627398000077],[102.93628337900009,17.884678155000074],[102.93562710100008,17.885410614000023],[102.93487562200005,17.885158734000072],[102.93413254100005,17.88548948300007],[102.93391620900007,17.886105668000027],[102.93376068800006,17.887605695000047],[102.93263938400008,17.88782420000007],[102.93145202500006,17.88881717000004],[102.92989844100003,17.88984725200004],[102.92881620000009,17.89134623900003],[102.92812666400005,17.891842267000072],[102.92744563100007,17.893046680000054],[102.92621307700006,17.892672092000055],[102.92601755800007,17.892367926000077],[102.92506849700004,17.892143117000046],[102.92317225100004,17.89251671200003],[102.92165344000006,17.892281023000066],[102.92102966400006,17.89326475300004],[102.92050022700005,17.892644998000037],[102.91998445900003,17.892722957000046],[102.91939612000004,17.89190717200006],[102.91853765000008,17.89110809400006],[102.91812336000004,17.89098694200004],[102.91834684600008,17.89045320300005],[102.91687423600007,17.890606731000048],[102.91491655300007,17.89062925500002],[102.91251130400008,17.890086479000047],[102.90982073300006,17.890666203000023],[102.90806731400005,17.890938703000074],[102.90246837700005,17.89100367900005],[102.89862545400007,17.89091466700006],[102.89384852300009,17.891176450000046],[102.89198300700008,17.891661316000068],[102.89139549400005,17.892126916000052],[102.89118455200008,17.893816102000073],[102.89088342300005,17.894494318000056],[102.88976895500008,17.89564162000005],[102.88905888800008,17.896017388000075],[102.88783396000008,17.896213216000035],[102.88520162000003,17.897799638000038],[102.88435982900006,17.898208878000048],[102.88341700800004,17.89830825000007],[102.88301457800009,17.897528802000068],[102.88223619400009,17.89671073100004],[102.88215204700003,17.896165456000062],[102.88278054800008,17.895790469000076],[102.88210728700005,17.893952169000045],[102.88151025200006,17.89419143600003],[102.88104909600008,17.894823380000048],[102.88046402400005,17.894980032000035],[102.87952814700009,17.89467250900003],[102.87871890200006,17.89528173800005],[102.87797616700004,17.89529234400004],[102.87593225400008,17.894972297000038],[102.87586812400008,17.894030918000055],[102.87642644100004,17.89397901500007],[102.87643520000006,17.89313554000006],[102.87697126400008,17.89277270900004],[102.87651212800006,17.892311101000075],[102.87522571700003,17.892724973000043],[102.87476695900006,17.892487414000072],[102.87402921600005,17.89154136800005],[102.87331526600008,17.89146848200005],[102.87248180300008,17.890912356000058],[102.87240133500006,17.88999530800004],[102.87165752800007,17.89018287600004],[102.87148284600005,17.889282309000066],[102.87206599800004,17.889116449000028],[102.87207857400006,17.88850489300006],[102.87106544400007,17.888012781000043],[102.86982874900008,17.88812499100004],[102.86959906100009,17.887714403000075],[102.87007916700009,17.886741235000045],[102.87025666500006,17.88529704000007],[102.87087692900008,17.88446920000007],[102.87082025100005,17.883392530000037],[102.87147448800005,17.883158129000037],[102.87056856600009,17.882703504000062],[102.87092894500006,17.882283447000077],[102.87087136300005,17.881554739000023],[102.86991641000009,17.881589296000072],[102.86966546100007,17.882092545000035],[102.86878778100004,17.88148476500004],[102.86866259000004,17.87976469700004],[102.86839684500006,17.87873392000006],[102.86911411500006,17.878138171000046],[102.86904613300004,17.877892619000022],[102.86817878000005,17.877968440000075],[102.86855245100008,17.877310779000027],[102.86790221200005,17.876642272000026],[102.86768089600008,17.876062585000057],[102.86858101800004,17.875189336000062],[102.86836442100008,17.874201999000036],[102.87002774000007,17.874519384000052],[102.87035731400005,17.875152728000046],[102.87095253200005,17.875034456000037],[102.87073870700004,17.874195475000022],[102.87179774000003,17.874111981000055],[102.87182448800007,17.87334536800006],[102.87250909200009,17.873022546000072],[102.87311217300004,17.873162842000056],[102.87372667100004,17.872829873000057],[102.87349302400008,17.87185607600003],[102.87256742200009,17.87192771100007],[102.87179939000004,17.871452359000045],[102.87170680100007,17.871058319000042],[102.87222832400005,17.870667646000072],[102.87331284300006,17.870840747000045],[102.87378283700008,17.870282377000024],[102.87291878900004,17.86969212300005],[102.87225559200004,17.868112719000067],[102.87363766800007,17.86777760800004],[102.87424342700007,17.867021828000077],[102.87414180400003,17.866711043000066],[102.87279538000007,17.86662749800007],[102.87304955300004,17.865847561000066],[102.87370204500007,17.866281960000038],[102.87409387400004,17.866121040000053],[102.87400315100007,17.865351560000022],[102.87429474100009,17.864733263000062],[102.87328989000008,17.864618559000064],[102.87185567800009,17.863724725000054],[102.87077027900006,17.864014703000066],[102.87068214700008,17.863044311000067],[102.87184351500008,17.863238076000073],[102.87229251100007,17.863057837000042],[102.87288248200008,17.86185993400005],[102.87327058100004,17.860542439000028],[102.87366538900005,17.85828150900005],[102.87340485700008,17.857321812000066],[102.87292439000004,17.85730317100007],[102.87258535500007,17.857750121000038],[102.87212092800007,17.857635748000064],[102.87172794400004,17.85810111400002],[102.87119108500008,17.857988179000074],[102.87108756300006,17.856032069000037],[102.87010050100008,17.855101869000066],[102.86965107000003,17.85505224800005],[102.86949213700007,17.85576450600007],[102.87046279900005,17.856564926000033],[102.87044366000003,17.857040211000026],[102.86956007400005,17.857333163000078],[102.86897911900007,17.857797923000078],[102.86741588100006,17.857553560000042],[102.86747493900003,17.85693436100007],[102.86801113400008,17.85659843800005],[102.86797365100006,17.856122107000033],[102.86746677200006,17.855720150000025],[102.86662002500003,17.856354989000067],[102.86508264100007,17.855734934000054],[102.86543119000004,17.85478471400006],[102.86515118500006,17.853983578000054],[102.86561037600006,17.85364702100003],[102.86608168600009,17.854603475000033],[102.86647293800007,17.85463311700005],[102.86672330000005,17.853409981000027],[102.86718853900004,17.852777840000044],[102.86725506500005,17.851849478000076],[102.86683829200007,17.851425128000074],[102.86634800500008,17.85152756100007],[102.86600284400004,17.85205810800005],[102.86520378900008,17.852018663000024],[102.86464131300005,17.851610208000068],[102.86484695600006,17.85114585900004],[102.86637965000006,17.85071373900007],[102.86763610000008,17.84991627000005],[102.86733500600008,17.849265185000036],[102.86665883500007,17.849724233000074],[102.86526595500004,17.849317618000043],[102.86493686000006,17.848941943000057],[102.86481750000007,17.848134362000053],[102.86524905400006,17.84712232100003],[102.86595057700004,17.84689372100007],[102.86684350800004,17.84774125000007],[102.86827102400008,17.847002192000048],[102.86912396800005,17.846864909000033],[102.86914144200006,17.84649537100006],[102.86829082700007,17.846112162000054],[102.86815851300008,17.845081220000054],[102.86686384300003,17.84503498400005],[102.86601756800007,17.843804867000074],[102.86469601000005,17.843631568000035],[102.86480365000006,17.845049819000053],[102.86346583200009,17.845067665000045],[102.86312178900005,17.844864135000023],[102.86352304700006,17.84362879500003],[102.86320741600008,17.843587342000035],[102.86165041800007,17.844359832000066],[102.86129980500004,17.84427136000005],[102.86128223300005,17.84356260100003],[102.86010667900007,17.843544679000047],[102.86036647200007,17.842782713000076],[102.86022646700007,17.842275881000035],[102.85946070500006,17.841521211000043],[102.85807523500006,17.84205823800005],[102.85708515200008,17.842975608000074],[102.85683220700008,17.84258593900006],[102.85718531500004,17.841110849000074],[102.85698217800007,17.839880967000056],[102.85639644700007,17.83970388800003],[102.85659859900005,17.84088825200007],[102.85641540700004,17.841423166000027],[102.85588645400009,17.84167433700003],[102.85550128700004,17.839877727000044],[102.85518272400009,17.839174910000054],[102.85471485700003,17.839318611000067],[102.85430905300007,17.84034585200004],[102.85347513100004,17.840314627000055],[102.85305366100005,17.839984660000027],[102.85338213200004,17.838100204000057],[102.85323073000006,17.836537504000034],[102.85301450400004,17.836275043000057],[102.85156188800005,17.836006645000055],[102.85101625700008,17.836639796000043],[102.85178729100005,17.837641621000046],[102.85180322900004,17.838066346000062],[102.85014500900007,17.839502149000054],[102.84950218400007,17.839723022000044],[102.84892199500007,17.838645858000064],[102.84730646400004,17.837541416000022],[102.84648583200004,17.83718027200007],[102.84499193200008,17.836992878000046],[102.84416276500008,17.836655750000034],[102.84408395700007,17.83583324600005],[102.84510736200008,17.835515976000067],[102.84588184200004,17.834678818000043],[102.84601474600004,17.833804432000022],[102.84670079900008,17.832645898000067],[102.84775478500006,17.831540828000072],[102.84924007200004,17.830277613000078],[102.85086633900005,17.828517177000037],[102.85104260300005,17.826817884000036],[102.85036224500004,17.82623929500005],[102.84888963400005,17.825773920000074],[102.84701054800007,17.824620435000043],[102.84578170900005,17.824330218000057],[102.84510560100006,17.824686177000046],[102.84392582300006,17.825837077000074],[102.84360552900006,17.825893266000037],[102.84163631900009,17.825386670000057],[102.83949857700009,17.82472223700006],[102.83755004500006,17.823759675000076],[102.83556417000005,17.821591365000074],[102.83559886900008,17.82057005100006],[102.83596851800007,17.819924512000057],[102.83634400100004,17.819844877000037],[102.83839334900006,17.82072284700007],[102.83987454300006,17.821196499000052],[102.84061453400005,17.820965165000075],[102.84090870900008,17.820465623000075],[102.84071012900006,17.819560296000077],[102.83985271700004,17.819152658000064],[102.83859930800008,17.818307220000065],[102.83712434200004,17.817682899000033],[102.83682409900007,17.816872898000042],[102.83784095800007,17.81621463500005],[102.83901133300009,17.815240242000073],[102.83972835100008,17.814085082000076],[102.83995638500005,17.812846205000028],[102.83952653900008,17.811855106000053],[102.83892471500008,17.81119856500004],[102.83815374400007,17.811008994000076],[102.83738209800003,17.81166845200005],[102.83656300200005,17.81290087800005],[102.83571371700003,17.813751532000026],[102.83527052900007,17.813751208000042],[102.83460827700009,17.81276766800005],[102.83382093500006,17.81107906400007],[102.83315655100006,17.811170385000025],[102.83206039200007,17.811941572000023],[102.83082962400005,17.81170981100007],[102.82970014500006,17.81209928000004],[102.82783922300007,17.814002431000063],[102.82722919900004,17.81413783000005],[102.82606463400003,17.813621735000027],[102.82652574300005,17.811812275000023],[102.82735101600008,17.810718252000072],[102.82795672000009,17.809351547000063],[102.82868617200006,17.80906929200006],[102.82960426900007,17.80908440500002],[102.83101610200004,17.80955348400005],[102.83216593400005,17.809675436000077],[102.83273840000004,17.80852012200006],[102.83308759900007,17.806478019000053],[102.83361187800006,17.80571505000006],[102.83567534400004,17.80497892900007],[102.83638584600004,17.805089423000027],[102.83910218400007,17.806584112000053],[102.84019288300004,17.806992319000074],[102.84131636600006,17.807012863000068],[102.84261360100004,17.80587549300003],[102.84329666200006,17.804175002000022],[102.84269284300007,17.804189526000073],[102.84228097800008,17.80376425700007],[102.84226750900007,17.80236399300003],[102.84142537500009,17.79962441200007],[102.84228497100008,17.799446317000047],[102.84257888700006,17.798616070000037],[102.84145869900004,17.798347422000063],[102.84145852300009,17.797824210000044],[102.84260098100003,17.797587701000054],[102.84235360600007,17.797114272000044],[102.84020772300005,17.796995265000078],[102.83966326000007,17.796688866000068],[102.83974031200006,17.796293613000046],[102.84085219300005,17.795917665000047],[102.84082918400009,17.795326441000043],[102.83962000000008,17.795666812000036],[102.83869978700005,17.79501005700007],[102.83868646500008,17.793807808000054],[102.83986095600005,17.793804055000066],[102.84204431000006,17.79309076800007],[102.84222793100008,17.792608535000056],[102.84101520900003,17.792275636000056],[102.84052329300005,17.791910723000058],[102.84059458300004,17.791399486000046],[102.84110946100009,17.791098027000032],[102.84205329000008,17.791119610000067],[102.84308845200007,17.791565990000038],[102.84372031500004,17.79129344000006],[102.84497935100006,17.790023064000025],[102.84778755100007,17.78842491200004],[102.84903674200007,17.787493615000074],[102.85052945400008,17.786066359000074],[102.85062479400005,17.78471249200004],[102.84904054800006,17.78311459200006],[102.84846060300004,17.78320181600003],[102.84676625100008,17.78421024000005],[102.84561114200005,17.784753210000076],[102.84456390800005,17.784900149000066],[102.84353554700004,17.784624576000056],[102.84357975000006,17.784322213000053],[102.84480802300004,17.782752196000047],[102.84494167600008,17.782135184000026],[102.84463311200005,17.781443629000023],[102.84498707900008,17.780005750000043],[102.84628331900007,17.778616729000078],[102.84786507400008,17.778002939000032],[102.84916759900005,17.77806649000007],[102.84995368100004,17.778645580000045],[102.85140910100006,17.77792921500003],[102.85160741900006,17.777530916000046],[102.85094423700008,17.77650943900005],[102.85101164700006,17.776083991000064],[102.85233342800007,17.776081747000035],[102.85319489900007,17.77696332100004],[102.85409418800003,17.77629280700006],[102.85404223000006,17.775703235000037],[102.85355467900007,17.774961714000028],[102.85365155000005,17.774077876000035],[102.85315555300008,17.77381018600005],[102.85263273000004,17.772774062000053],[102.85258299300006,17.771227202000034],[102.85317165300006,17.76956997900004],[102.85294936400004,17.768827875000056],[102.85170047200006,17.76942918700007],[102.85115261600004,17.76934682800004],[102.85105307200007,17.770046343000047],[102.84940847200005,17.770999536000033],[102.84901923800004,17.77091689200006],[102.84850447500008,17.769428723000033],[102.84926961300005,17.767343483000047],[102.84964714700004,17.767152112000076],[102.85050769300005,17.768324673000052],[102.85098166700004,17.76828970300005],[102.85132718700004,17.767310794000025],[102.85124186700006,17.76685875100003],[102.85161357300007,17.765744436000034],[102.85099749100004,17.76463172700005],[102.85050737300008,17.76418430500007],[102.84997891300009,17.764228142000036],[102.84943617100004,17.765016953000043],[102.84895320800007,17.76522934700006],[102.84879971300006,17.764473183000064],[102.84915807700008,17.763604393000037],[102.84839837700008,17.76349893200006],[102.84801818800008,17.763077210000063],[102.84711201900006,17.763575506000052],[102.84706195000007,17.762938383000062],[102.84636930900007,17.762836612000058],[102.84546028500006,17.76162686200007],[102.84664774600009,17.760558751000076],[102.84724829400005,17.760312055000043],[102.84809108100006,17.75942806100005],[102.84804194700007,17.75868790100003],[102.84714348600005,17.758682355000076],[102.84673930100007,17.758360912000057],[102.84666230000005,17.756540572000063],[102.84731297400003,17.756875568000055],[102.84805457900006,17.756127459000027],[102.84865188300006,17.756264551000072],[102.84914916800005,17.75602393400004],[102.84916758900005,17.755403943000033],[102.84800336400008,17.754919580000035],[102.84824190300009,17.754512440000042],[102.84912464600006,17.754508756000064],[102.84889517400006,17.753266413000063],[102.84977292200006,17.753177779000055],[102.85036341600005,17.751073403000078],[102.85020213100006,17.749470888000076],[102.84923804000005,17.748659471000053],[102.84849235300004,17.749158910000062],[102.84764464300008,17.749045521000028],[102.84654055100003,17.749196804000064],[102.84649195200006,17.748241988000075],[102.84578276200006,17.748018321000075],[102.84503147200007,17.747406692000027],[102.84477237400006,17.74688529200006],[102.84454971500008,17.745564003000027],[102.84400143100004,17.745485665000047],[102.84347071800005,17.745965866000063],[102.84283506500009,17.74588654100006],[102.84279590400007,17.745463166000036],[102.84331331500005,17.74520091100004],[102.84326000000004,17.74426339400003],[102.84290293400005,17.744167126000036],[102.84248204900007,17.74471908000004],[102.84198779200005,17.74485006900005],[102.84157733300003,17.744422874000065],[102.84241588700007,17.741918363000025],[102.84353844000003,17.74201480100004],[102.84432964600006,17.742624985000077],[102.84420093500006,17.741719321000062],[102.84440296100007,17.740271068000027],[102.84495001900007,17.73976523500005],[102.84686892400003,17.73880276400007],[102.84780338900003,17.73783674400005],[102.84872418000003,17.737680968000063],[102.84953618900005,17.737181732000067],[102.84955369400006,17.736847613000066],[102.84835440900008,17.73689141500006],[102.84792714300005,17.736377376000064],[102.84887685900009,17.736026632000062],[102.84889733600005,17.734612826000046],[102.84832474200005,17.73481239000006],[102.84819073000006,17.735363782000036],[102.84690408800009,17.73524178200006],[102.84687939100007,17.73496507400006],[102.84805646800004,17.73414639400005],[102.84824009100004,17.733422810000036],[102.84797826700009,17.731982033000065],[102.84859691400004,17.731070818000035],[102.84784225200008,17.73066039500003],[102.84778265000006,17.730244429000038],[102.84910941800007,17.729938937000043],[102.84970985200005,17.729362192000053],[102.85002904600009,17.72821209700004],[102.84875261100007,17.72789517500007],[102.84829322500008,17.72696462300007],[102.84732823300004,17.72641162800005],[102.84670320900005,17.72695847500006],[102.84640004200008,17.726878026000065],[102.84540022400006,17.725177790000032],[102.84388754700007,17.723206805000075],[102.84360980500009,17.722488852000026],[102.84202497100006,17.720403693000037],[102.83956581700005,17.719069485000034],[102.83856992100004,17.718295397000077],[102.83829408600008,17.717572278000034],[102.83738902000005,17.71740439000007],[102.83705655300008,17.716647911000052],[102.83638462500005,17.717550236000022],[102.83592816700008,17.717281967000076],[102.83620386800004,17.716813046000027],[102.83600096400005,17.71629056300003],[102.83527662700004,17.716671921000056],[102.83532479800004,17.717325317000075],[102.83457319800004,17.71733006000005],[102.83539027900008,17.715460007000047],[102.83446690800008,17.71605314900006],[102.83289306500006,17.715666765000037],[102.83298026700004,17.71519729000005],[102.83357434500005,17.71471791500005],[102.83341087200006,17.714085270000055],[102.83358031900008,17.713409670000033],[102.83404336100006,17.712928804000057],[102.83378176700006,17.711556940000037],[102.83461576000008,17.711530519000064],[102.83484868200009,17.711058200000025],[102.83445278300007,17.710126354000067],[102.83450903800008,17.709592686000065],[102.83531221800007,17.70901202600004],[102.83548350400008,17.708423465000067],[102.83510666300003,17.707195599000045],[102.83470969000007,17.706510818000027],[102.83539286500007,17.70595072900005],[102.83565802000004,17.70540488100005],[102.83513433500008,17.70502024900003],[102.83545423200007,17.70406833900006],[102.83491941000005,17.702762561000043],[102.83518069400009,17.702034543000025],[102.83442781000008,17.70209785000003],[102.83469188200007,17.701699851000058],[102.83411650600004,17.70087072900003],[102.83353252500007,17.70092870700006],[102.83331528200006,17.700548206000065],[102.83375111000004,17.699881580000067],[102.83312173800005,17.69929448000005],[102.83312704500008,17.69805307100006],[102.83266246800008,17.69776446700007],[102.83236995300007,17.697122188000037],[102.83131779800004,17.696721527000022],[102.83108946900006,17.69601724100005],[102.83039701600006,17.695542731000046],[102.83074508700008,17.69362841800006],[102.82957020200007,17.692918289000033],[102.82769093400003,17.69246488500005],[102.82744567400005,17.691957342000023],[102.82612792900005,17.691881770000066],[102.82648700100003,17.691408822000028],[102.82614109700006,17.69110796900003],[102.82581426100006,17.691535533000035],[102.82547958500004,17.690995308000026],[102.82486752400007,17.691122653000036],[102.82424436100007,17.690626515000076],[102.82356246300009,17.690947590000064],[102.82284571500008,17.690720567000028],[102.82292637400008,17.690040624000062],[102.82227342000004,17.689733383000032],[102.82233403600009,17.690301230000046],[102.82124973200007,17.690773901000057],[102.82087254000004,17.690520013000025],[102.82100723500008,17.68999696900005],[102.82160118100006,17.690011741000035],[102.82184403800005,17.68950886500005],[102.82155241200007,17.689105494000046],[102.82038347100007,17.688873082000043],[102.81980680700008,17.689574822000054],[102.81838488200003,17.68879371400004],[102.81803043800005,17.687546206000036],[102.81756867500008,17.688301514000045],[102.81670000000008,17.68761698800006],[102.81636633100004,17.686994522000077],[102.81583980800008,17.687619204000043],[102.81554672500005,17.68699454600005],[102.81446112800006,17.687213717000077],[102.81405156000005,17.68642443300007],[102.81344190800007,17.68654957700005],[102.81337860300005,17.686129360000052],[102.81257986500003,17.686401644000057],[102.81232270000004,17.685982743000068],[102.81121107900003,17.686097244000052],[102.81029701800009,17.684975361000056],[102.80970823100006,17.68467864200005],[102.80941984500004,17.685077147000072],[102.80845026800006,17.685232898000038],[102.80786790600007,17.684839354000076],[102.80654641600006,17.68544460800007],[102.80612943600005,17.685325216000024],[102.80611790500006,17.68446287300003],[102.80504946700006,17.68487661000006],[102.80466086700005,17.68526230300006],[102.80418541100005,17.684787115000063],[102.80331280600006,17.685133316000076],[102.80307794800007,17.68419030900003],[102.80263828200003,17.684045850000075],[102.80091120900005,17.68465290000006],[102.80123970100004,17.684990725000034],[102.80082712000006,17.685396000000026],[102.79985808300006,17.68526815000007],[102.79918131100004,17.68586337000005],[102.79803054800004,17.685947231000057],[102.79761707300008,17.686626586000045],[102.79707692500006,17.686504412000033],[102.79681531800009,17.685492642000042],[102.79646979800003,17.685353365000026],[102.79460390800006,17.68550252800003],[102.79431266300008,17.685953314000074],[102.79357795600004,17.68577046300004],[102.79207572700005,17.68366123000004],[102.79149923100005,17.683398691000036],[102.79057006800008,17.683562573000074],[102.78996132000003,17.68339552200007],[102.78941453300007,17.682734674000073],[102.78864289500007,17.682242360000032],[102.78732748000004,17.68268369200007],[102.78526304200005,17.682803748000026],[102.78412622600007,17.68250454200006],[102.78346294600004,17.680674257000078],[102.78362978000007,17.680245355000068],[102.78343346800006,17.67947218000006],[102.78361303900004,17.678725739000072],[102.78315378900004,17.67790685800003],[102.78221231600008,17.677810200000067],[102.78171304900007,17.677279027000054],[102.78195251600005,17.67675661100003],[102.78284114100006,17.676020634000054],[102.78250398500006,17.675691895000057],[102.78166593300006,17.67575023300003],[102.78171705000005,17.674418272000025],[102.78120202700006,17.673883122000063],[102.78066017500004,17.674417493000078],[102.78018218000005,17.67385679700004],[102.78100388000007,17.672460354000066],[102.78091016400003,17.671881093000025],[102.77970973700008,17.671208888000024],[102.77968319600006,17.670682963000047],[102.78018846600008,17.67075271300007],[102.78043834900006,17.67025375700007],[102.78006564700007,17.669710897000073],[102.77919664100006,17.669588548000036],[102.77802322000008,17.670020820000047],[102.77783143800008,17.668962948000058],[102.77608062600007,17.667485562000024],[102.77687022100008,17.66721711300005],[102.77657904500006,17.666608120000035],[102.77684157100003,17.666031946000032],[102.77690055900007,17.664826469000047],[102.77579947700008,17.66438077500004],[102.77529537100008,17.66461393900005],[102.77381235200005,17.66392600100005],[102.77313270000008,17.66418735900004],[102.77300040900008,17.663557927000056],[102.77341888600006,17.66275900000005],[102.77404851400007,17.662458869000034],[102.77397333600004,17.663200303000053],[102.77466617400006,17.663446500000077],[102.77463901400006,17.66214583200002],[102.77391881500006,17.661829388000058],[102.77467603400004,17.661260043000027],[102.77512619200007,17.660047504000033],[102.77460253000004,17.659768849000045],[102.77503992000004,17.658880859000078],[102.77570155200004,17.658354161000034],[102.77488054200006,17.658391504000065],[102.77466507400004,17.658113679000053],[102.77565239300009,17.657752068000036],[102.77523940200007,17.65697753200004],[102.77598575600007,17.65626303700003],[102.77670064100005,17.656198052000036],[102.77611577400006,17.655750588000046],[102.77644034100007,17.65505363400007],[102.77581550900004,17.653365789000077],[102.77526494600005,17.652808392000054],[102.77478278600006,17.651078681000058],[102.77432466800008,17.650163346000056],[102.77441229400006,17.649102639000034],[102.77480511200008,17.648414778000074],[102.77447612100008,17.64811524000004],[102.77440558500007,17.64728373300005],[102.77390551200006,17.646563421000053],[102.77291387000008,17.646756766000067],[102.77206406100004,17.646498004000023],[102.77204137200005,17.645384041000057],[102.77116491600003,17.645870475000038],[102.77073204400006,17.645687157000054],[102.77120367700007,17.644896998000036],[102.77087142400006,17.644658892000052],[102.76962041400009,17.64522007000005],[102.76955101600004,17.644496400000037],[102.76912671800005,17.643675377000022],[102.76851733600006,17.64357699100003],[102.76830025800007,17.644394074000047],[102.76751857200009,17.64442522300004],[102.76707377100007,17.645058044000052],[102.76651652400005,17.645100513000045],[102.76566123400005,17.64564256500006],[102.76413051200007,17.645477541000048],[102.76393642300008,17.644589144000065],[102.76334026300003,17.64464545800007],[102.76320730700007,17.64406346100003],[102.76287184300008,17.644263167000076],[102.76244842100004,17.643875337000054],[102.76137113200008,17.644008448000022],[102.76026912500004,17.641868293000073],[102.76091453700008,17.641392920000044],[102.76138487200006,17.641637910000043],[102.76147383200004,17.640995132000057],[102.76251005500006,17.639475988000072],[102.76116711900005,17.638889412000026],[102.76104093300006,17.63853722400006],[102.76207947500006,17.63839412300007],[102.76231600100004,17.638051252000025],[102.76167155400009,17.63775710300007],[102.76153503000006,17.63716659000005],[102.76245548200006,17.637255383000024],[102.76248802500004,17.636242218000064],[102.76298847900006,17.636313357000063],[102.76289517300006,17.635756962000073],[102.76336324800008,17.635289728000032],[102.76338996700008,17.634434347000024],[102.76465076600005,17.63392869300003],[102.76472685600004,17.63337232300006],[102.76394872800006,17.63342013600004],[102.76349983400007,17.632951580000054],[102.76431103500005,17.63272140500004],[102.76385499400004,17.63196998500007],[102.76438148200003,17.631532873000026],[102.76419969500006,17.630820781000068],[102.76490874000007,17.630605596000066],[102.76440566600007,17.629418238000028],[102.76429887200004,17.62854181700004],[102.76489224200009,17.627658159000077],[102.76579114000003,17.627194759000076],[102.76621178100004,17.626433963000068],[102.76580784500004,17.626382344000035],[102.76568358900005,17.625741748000053],[102.76602720700004,17.62482850200007],[102.76741426000007,17.623838817000035],[102.76772035100004,17.62313281300004],[102.76835227400005,17.622432832000072],[102.76776876400004,17.621415383000055],[102.76741691700005,17.621197195000036],[102.76647082400007,17.61992643600007],[102.76524496000008,17.619557693000047],[102.76482110700005,17.620098857000073],[102.76403977900009,17.620307936000074],[102.76338855600005,17.619924628000035],[102.76215073600008,17.61974970400007],[102.76087286700005,17.619841506000057],[102.76010618700008,17.620306336000056],[102.75916595100006,17.620509350000077],[102.75728262300004,17.620264749000057],[102.75598716300004,17.620493347000036],[102.75583080700005,17.621435164000047],[102.75545052300004,17.621510467000064],[102.75471642700006,17.622512959000062],[102.75465939400004,17.62314005500002],[102.75360152500008,17.62300829000003],[102.75275210800004,17.62311518100006],[102.75169070300007,17.622804685000062],[102.75105625300006,17.623283747000073],[102.75049277200009,17.622963739000056],[102.74920259600003,17.62322610500007],[102.74885792400005,17.623079197000038],[102.74909741500005,17.622257655000055],[102.75017049400009,17.622008540000024],[102.75015860600007,17.621495218000064],[102.74936465100006,17.621012105000034],[102.75026503600009,17.620221597000068],[102.75021937000008,17.619780872000035],[102.74914515800003,17.620304196000063],[102.74837087100008,17.61827886900005],[102.74754775200006,17.61807910600004],[102.74656088800003,17.61755241800006],[102.74610662200007,17.61703371400006],[102.74528165000004,17.616679030000057],[102.74441537700005,17.61756427800003],[102.74365555000008,17.61714507100004],[102.74290358800005,17.617489687000045],[102.74344641200008,17.618490734000034],[102.74337953800006,17.619050224000034],[102.74263959100006,17.618812065000043],[102.74211243300005,17.618968289000065],[102.74215454300008,17.61968641800007],[102.74187135600005,17.62029750000005],[102.74093912100005,17.620452294000074],[102.74089168700004,17.619332599000074],[102.74024032900007,17.619134418000044],[102.73949987700007,17.61848904900006],[102.73861231800004,17.618104980000055],[102.73793245100006,17.617332563000048],[102.73747115100008,17.615633193000065],[102.73758833700003,17.614049410000064],[102.73640527800006,17.611715068000024],[102.73534596600007,17.610955605000072],[102.73521878900004,17.60983722700007],[102.73564401400006,17.608073843000057],[102.73482208400009,17.606973071000027],[102.73382342100007,17.60676801900007],[102.73359778800005,17.605678959000045],[102.73301823400004,17.60530016100006],[102.73273152200005,17.604122610000047],[102.73197198700007,17.603975974000036],[102.73154950300005,17.603536193000025],[102.73161070100008,17.602906413000028],[102.73220729500008,17.60256171800006],[102.73216110700008,17.601533893000067],[102.73067551400004,17.601370978000034],[102.72950284100006,17.601630150000062],[102.72915595700005,17.60133311000004],[102.72912063700005,17.600649882000027],[102.72822265500008,17.59998629100005],[102.72748033000005,17.600334814000064],[102.72715460600006,17.600201733000063],[102.72687718900005,17.59898225200004],[102.72744011200007,17.599398551000036],[102.72827608300008,17.59843261900005],[102.72779518000004,17.597941107000054],[102.72813389000004,17.597728679000056],[102.72814845500005,17.59687403500004],[102.72718405100005,17.596115420000046],[102.72601817400005,17.596833950000075],[102.72550265300004,17.59618266800004],[102.72409339900008,17.596080203000042],[102.72434885000007,17.595157950000043],[102.72488225100005,17.59544025200006],[102.72488978200005,17.594920968000054],[102.72416093700008,17.59416232700005],[102.72355091300005,17.59400871500003],[102.72347270900008,17.593431611000028],[102.72258725600005,17.593859836000036],[102.72213368500007,17.595282225000062],[102.72148716100008,17.594668667000064],[102.72058204500007,17.59439977900007],[102.71987539400004,17.594629651000048],[102.71979680100009,17.593871028000024],[102.71885335200005,17.593689210000036],[102.71849795100007,17.592852823000044],[102.71774819000007,17.59372995500007],[102.71684159900008,17.593481703000066],[102.71699861400003,17.593086811000035],[102.71643711000007,17.592932871000073],[102.71625639200005,17.593366337000077],[102.71581166600004,17.59322022500004],[102.71549930600008,17.592634235000048],[102.71514589800006,17.593127536000054],[102.71489422700006,17.592337714000053],[102.71369254400008,17.59261065100003],[102.71301892300005,17.59249569700006],[102.71230482200008,17.592029629000024],[102.71260384600004,17.591578217000063],[102.71200091300005,17.590948190000063],[102.71235047100004,17.589630077000038],[102.71201734200008,17.588764517000072],[102.71280245200006,17.588384381000026],[102.71214412400008,17.587740457000052],[102.71232701700006,17.58683958900002],[102.71150913000008,17.586261284000045],[102.71054330000004,17.58645876500003],[102.70956541500004,17.585637333000022],[102.70928420100006,17.585679558000038],[102.70754644600004,17.584843789000047],[102.70586751100006,17.583570400000042],[102.70481831000006,17.582952841000065],[102.70426427700005,17.582987702000025],[102.70390100100008,17.583392041000025],[102.70315759600004,17.583552052000073],[102.70241596900007,17.58303660400003],[102.70207335400005,17.582499257000052],[102.70117553700004,17.581829334000076],[102.70022885900005,17.581449620000058],[102.70031061600008,17.58079239800003],[102.69987951700006,17.580626763000055],[102.69940605600004,17.579922503000034],[102.69945093500007,17.578801893000048],[102.69987330500004,17.577885308000077],[102.69939009000007,17.577233570000033],[102.69910916900005,17.575849663000042],[102.69820761200003,17.576127233000022],[102.69806399000004,17.575028630000077],[102.69713598400006,17.575038181000025],[102.69695275500004,17.574500156000056],[102.69595260100004,17.57470210300005],[102.69535468300006,17.574311360000024],[102.69483262900008,17.57317239300005],[102.69402362400007,17.57334873600007],[102.69440308600008,17.572544616000073],[102.69358463800006,17.57257717600004],[102.69326517500008,17.57184200000006],[102.69452513500005,17.57168342500006],[102.70766285800005,17.567039172000023],[102.71278185800008,17.565130931000056],[102.71734774500004,17.561881382000024],[102.72140104200008,17.559470910000073],[102.72242273100005,17.558950113000037],[102.72668170200006,17.55704335300004],[102.72692871700008,17.556448180000075],[102.72756777400008,17.556039388000045],[102.72924556600009,17.556483842000034],[102.73083895000008,17.557698946000073],[102.73136874900007,17.55778050300006],[102.73166110200003,17.558461651000073],[102.73269898000007,17.558263529000044],[102.73377478600008,17.558673525000074],[102.73399995200003,17.558173346000046],[102.73451129100005,17.558207938000066],[102.73465211700005,17.558791233000022],[102.73545280700006,17.558895132000032],[102.73601529900009,17.558477082000024],[102.73655543300004,17.559293921000062],[102.73744906600007,17.559663087000047],[102.73847613800007,17.559636038000065],[102.73940327300005,17.560396723000053],[102.74005338100005,17.560294396000074],[102.74045717500007,17.56080885600005],[102.74126933500008,17.561184886000035],[102.74133499500005,17.561679756000046],[102.74243495700006,17.56186579000007],[102.74278569000006,17.562125234000064],[102.74316610100004,17.561739508000073],[102.74461024400006,17.56147525800003],[102.74561850700007,17.561510232000046],[102.74659985900007,17.561802346000036],[102.74762321300005,17.561744323000028],[102.74843886500008,17.561420718000022],[102.74867371300007,17.560963069000024],[102.74991442100008,17.560771311000053],[102.75043913500008,17.56022490500004],[102.75141165100007,17.560002170000075],[102.75333041800008,17.559801813000036],[102.75444128600009,17.560560069000076],[102.75544450700005,17.560353027000076],[102.75646652100005,17.56143211600005],[102.75682469200007,17.561552724000023],[102.75813512100007,17.559736547000057],[102.76097997500005,17.559477505000075],[102.76186335200003,17.56020711700006],[102.76566137900005,17.560521751000067],[102.76981707400006,17.562346061000028],[102.77320701800005,17.56314416300006],[102.77546663900006,17.56333666100005],[102.77635550900004,17.563122598000064],[102.77709647500006,17.563314089000073],[102.77751317900004,17.56380740900005],[102.77853380800008,17.56300183700006],[102.77918399800006,17.563338857000076],[102.78028588300003,17.563370276000057],[102.78083329400005,17.563916204000066],[102.78111714100004,17.56544766600007],[102.78211327800005,17.565450062000025],[102.78256258100004,17.565863876000037],[102.78335058200008,17.565853876000062],[102.78342814500007,17.56643893300003],[102.78386021500006,17.56656458200007],[102.78446746700007,17.567464975000064],[102.78442260400004,17.568196466000074],[102.78485360600007,17.56869507600004],[102.78540178300005,17.568710002000046],[102.78624652300005,17.569556677000037],[102.78639373900006,17.570091235000064],[102.78696807500006,17.57066880700006],[102.78790688000004,17.570784384000035],[102.78850487600005,17.571408619000067],[102.78900313200006,17.572334815000033],[102.78885630500008,17.573291623000046],[102.78916353200003,17.573725892000027],[102.78909490200004,17.574368313000036],[102.78976704800004,17.574760496000067],[102.78944833700007,17.575104702000033],[102.78951780500006,17.576578141000027],[102.78913168300005,17.57718346000007],[102.78925672600008,17.577718453000045],[102.79225270400008,17.578028696000047],[102.79607706200005,17.577784577000045],[102.79974051300007,17.577949791000037],[102.80069485100006,17.577903449000075],[102.80525028100004,17.577363155000057],[102.80686734400007,17.57686885800007],[102.81082680800006,17.57550602400005],[102.81530808200006,17.573446923000063],[102.81699693500008,17.57296831900004],[102.81865794300006,17.572867607000035],[102.82461525400004,17.572975349000046],[102.84127847400003,17.572806419000074],[102.84619453400006,17.572727918000055],[102.84844172500004,17.572444017000066],[102.85724615400005,17.57105449100004],[102.86777726100007,17.569304911000074],[102.87372683000007,17.568227836000062],[102.88058567100006,17.56702983400004],[102.88893915600005,17.565493460000027],[102.89305289100008,17.56470924200005],[102.89672177600005,17.56418006100006],[102.89722299000005,17.563013209000076],[102.89749919400003,17.562814974000048],[102.89908713200003,17.562756746000048],[102.90019206300008,17.559644726000045],[102.89596776100007,17.558403831000078],[102.89701418900006,17.555582569000023],[102.89865250500009,17.555450456000074],[102.89867263900004,17.55056340400006],[102.90007370100005,17.546856294000065],[102.90100652000007,17.544089756000062],[102.90251586900007,17.539872351000042],[102.90397041600005,17.536572068000055],[102.90527908600006,17.53398846500005],[102.90783270600008,17.53059844200004],[102.91002697400006,17.528426189000072],[102.91140843900007,17.527288700000042],[102.91413671200007,17.52599559600003],[102.91499634100006,17.525318338000034],[102.91601198300003,17.524111573000027],[102.91716550800004,17.52215109900004],[102.91728355000004,17.52136236700005],[102.91800759000006,17.52049219400004],[102.91786598000004,17.51851182000007],[102.91839536600008,17.51832272300004],[102.91911958200006,17.51737062500007],[102.91955575400004,17.517342530000064],[102.92110188800007,17.51548791500005],[102.92274918800007,17.51456563000005],[102.92344204200003,17.514542748000054],[102.92523544600004,17.513978226000063],[102.92622232600007,17.514254083000026],[102.92693378400008,17.513986935000048],[102.92758153800008,17.51236878800006],[102.92724573200007,17.510988163000036],[102.92768750000005,17.510767575000045],[102.92740305400008,17.510007122000047],[102.92738271100006,17.50898505400005],[102.92691264600006,17.50860220900006],[102.92713018100005,17.50697549100005],[102.92683007100004,17.506447368000067],[102.92600699300004,17.506202106000046],[102.92614937300004,17.505138431000034],[102.92650058600009,17.50426948100005],[102.92697951600007,17.504008674000033],[102.92672202400007,17.502996905000032],[102.92729196500005,17.50233121900004],[102.92741992600008,17.501113773000043],[102.92579497000008,17.500937875000034],[102.92531373900005,17.500638527000035],[102.92499449100006,17.499940223000067],[102.92465414000009,17.497165753000047],[102.92335860100007,17.495308040000054],[102.92095427700008,17.493204954000078],[102.91750012900008,17.490273630000047],[102.91541937800008,17.48917356800007],[102.91425523500004,17.488010291000023],[102.91401974500008,17.48720084000007],[102.91404434100008,17.486160502000075],[102.91500774600007,17.484669275000044],[102.91590896700006,17.483744357000035],[102.91936611600005,17.481070996000028],[102.92188840200004,17.479380389000028],[102.92255289300005,17.47880779700006],[102.92382352900006,17.47713002200004],[102.92466843900007,17.476534566000055],[102.92675429200006,17.476313253000058],[102.92732174400004,17.475903334000066],[102.92765297400007,17.473543195000047],[102.92815495800005,17.473205305000022],[102.93070048600003,17.471021391000022],[102.93154399800005,17.470196974000032],[102.93206457800005,17.470138057000042],[102.93587565800004,17.471703309000077],[102.93840140200007,17.472534901000074],[102.93931553300007,17.471920501000056],[102.94106119500003,17.470196517000034],[102.94151085600004,17.470230827000023],[102.94295848100006,17.47153241600006],[102.94490353600008,17.47380675100004],[102.94559796300007,17.47436812600006],[102.94611053400007,17.47445075400003],[102.94823303900006,17.474186539000073],[102.94866189400005,17.474006850000023],[102.94914826800004,17.473214030000065],[102.95031366300009,17.47223390100004],[102.95155436200008,17.47175942000007],[102.95265181500008,17.470838908000076],[102.95333864900005,17.470817316000023],[102.95498575500005,17.471758774000023],[102.95582746700006,17.473691703000043],[102.95660472500003,17.47439442900003],[102.95706992900006,17.474320315000057],[102.95758761600007,17.473620142000073],[102.95854066800007,17.473145458000033],[102.96083568600005,17.471490954000046],[102.96221879500007,17.47059822500006]]]},"properties":{"Shape_Leng":2.31870365977,"Shape_Area":0.077486230322,"ADM2_EN":"Phen","ADM2_TH":"เพ็ญ","ADM2_PCODE":"TH4119","ADM1_EN":"Udon Thani","ADM1_TH":"อุดรธานี","ADM1_PCODE":"TH41","ADM0_EN":"Thailand","ADM0_TH":"ประเทศไทย","ADM0_PCODE":"TH"}},
{"type":"Feature","geometry":{"type":"Polygon","coordinates":[[[103.12710939600004,17.826457704000063],[103.12664404900005,17.826967265000064],[103.12707700300007,17.82759670300004],[103.12821722500007,17.827392006000025],[103.12831653300009,17.827909587000022],[103.12801444300004,17.829364938000026],[103.12773698000007,17.82989490500006],[103.12660575400008,17.829892416000064],[103.12570934600006,17.830501536000043],[103.12445806500006,17.830078780000065],[103.12382977200008,17.83055009800006],[103.12435370500003,17.831336171000032],[103.12389259000008,17.83187882200002],[103.12291822100008,17.831899424000028],[103.12270160200006,17.832476546000066],[103.12482984800005,17.834237237000025],[103.12534451600004,17.834221943000045],[103.12618332100004,17.83370652700006],[103.12663633200003,17.834207821000064],[103.12564254500006,17.834981955000046],[103.12555432700003,17.835543148000056],[103.12607363700005,17.835928531000036],[103.12698091300007,17.835988602000043],[103.12722883300006,17.837366252000038],[103.12790894400007,17.837545635000026],[103.12868462600005,17.837084394000044],[103.12939204500009,17.83784894000007],[103.12937567000006,17.838135556000054],[103.12808742300007,17.838902731000076],[103.12704080800006,17.839779289000035],[103.12706384000006,17.84017958000004],[103.12814207700006,17.841469174000053],[103.12829338300008,17.84204731600005],[103.12796064500009,17.843569383000045],[103.12733392600006,17.844309335000048],[103.12433809400005,17.84601109500005],[103.12357290000006,17.846331174000056],[103.12222641700004,17.846571064000045],[103.12090315700004,17.845823918000065],[103.11936853600008,17.84468485800005],[103.11862336800004,17.844277804000058],[103.11750309200005,17.84415614100004],[103.11700897300005,17.84446606100005],[103.11638206200007,17.845998743000052],[103.11636441600007,17.84643072800003],[103.11760591100006,17.846822892000034],[103.11834229900006,17.847247749000076],[103.11899751500005,17.848141156000054],[103.11928097100008,17.84946522100006],[103.11890584900004,17.84975061600005],[103.11742886500008,17.850116550000052],[103.11629283300005,17.85110947100003],[103.11554304700007,17.85429632200004],[103.11561704300004,17.855911088000028],[103.11543381600006,17.856342166000047],[103.11430733600008,17.857352502000026],[103.11427089900008,17.858349943000064],[103.11467296100005,17.85899802700004],[103.11484660700006,17.860014679000074],[103.11378910000008,17.861338299000067],[103.11200061800008,17.861633641000026],[103.11036219700009,17.861547899000072],[103.10813082800007,17.861717041000077],[103.10741291600004,17.86135398500005],[103.10699028200008,17.85875332100005],[103.10703210700007,17.85782086100005],[103.10747183100005,17.857341647000055],[103.10875253800003,17.857256723000035],[103.10908783100007,17.85690738900007],[103.10916974200006,17.85602525400003],[103.10875639300008,17.854534758000057],[103.10788085400009,17.854471757000056],[103.10565439000004,17.855682216000048],[103.10497470300004,17.85651726800006],[103.10477795700007,17.857549480000046],[103.10378166600003,17.858378999000024],[103.10274115600004,17.858240543000022],[103.10160254200008,17.856631769000046],[103.10058979800004,17.856595420000076],[103.09991445700007,17.857647196000073],[103.10002865100006,17.858169690000068],[103.10076907100006,17.859019147000026],[103.10139912100004,17.860341292000044],[103.10148097600006,17.86109277500003],[103.10109678800006,17.864282503000027],[103.10027579000007,17.867760927000063],[103.10015053000006,17.869430720000025],[103.09972976500006,17.870331746000033],[103.09909934400008,17.87048636000003],[103.09728090800007,17.869835936000072],[103.09622234200003,17.868879949000075],[103.09611438200005,17.86842069900007],[103.09627856900005,17.86715762500006],[103.09620233800007,17.866210214000034],[103.09562285700008,17.865841336000074],[103.09509141200004,17.865931791000037],[103.09416692300005,17.866532595000024],[103.09361191900007,17.867200506000074],[103.09261372600008,17.869401610000068],[103.09135969400006,17.871277767000038],[103.09017766000005,17.872082168000077],[103.08854049900003,17.872495337000032],[103.08759244200007,17.873475386000052],[103.08676296200008,17.87521489100004],[103.08603701500004,17.87545034900006],[103.08537622100005,17.875116280000043],[103.08412721400003,17.87400178100006],[103.08294581100006,17.873630181000067],[103.08236687700008,17.873858134000045],[103.08156140100004,17.874839576000056],[103.08147714400008,17.876585456000043],[103.08199825700007,17.878252575000033],[103.08199075300007,17.87933178800006],[103.08170111700008,17.879941259000077],[103.08065607000003,17.881108306000044],[103.07869084600009,17.882669011000075],[103.07839827000004,17.883150813000043],[103.07800562200003,17.88468735400005],[103.07800458400004,17.885741689000042],[103.07613115400005,17.885847179000052],[103.07492092400008,17.885629031000065],[103.07275882200008,17.88578622600005],[103.07225925600005,17.885121797000068],[103.07145596600009,17.885032040000056],[103.07133715400005,17.883832289000054],[103.06858999300005,17.88338485400004],[103.06778030500004,17.882751763000044],[103.06707518500008,17.88281106100004],[103.06641801600006,17.88230328900005],[103.06528723600007,17.882301581000036],[103.06294065100008,17.881460763000064],[103.06154378600007,17.880750395000064],[103.06025364700008,17.880570025000054],[103.05872290600007,17.879601854000043],[103.05711724400004,17.879485556000077],[103.05437565000005,17.880029136000076],[103.05382679500008,17.880290197000022],[103.05215778900003,17.88003507700006],[103.05149961500007,17.880132283000023],[103.04964647200006,17.881515946000036],[103.04751268200005,17.88249712000004],[103.04718307800005,17.883351235000077],[103.04680258300004,17.885256535000053],[103.04621846200007,17.885602782000035],[103.04598204800004,17.884521798000037],[103.04541103200006,17.884348707000072],[103.04436000800007,17.885265539000045],[103.04324516500009,17.888017993000062],[103.04300380100005,17.889488275000076],[103.04337062800005,17.889725277000025],[103.04476602500006,17.88942777400007],[103.04429451400006,17.890618963000065],[103.04440608300007,17.89086721900003],[103.04370356000004,17.891490427000065],[103.04368703100005,17.891860715000064],[103.04461925400005,17.89271528200004],[103.04451903700004,17.892980780000073],[103.04386275000007,17.89249813600003],[103.04378876000004,17.89296414100005],[103.04276577800005,17.89201173400005],[103.04229897400006,17.892132229000026],[103.04238014500004,17.892669581000064],[103.04147903300009,17.89277353500006],[103.04057261500009,17.89244721600005],[103.04026341300005,17.892059482000036],[103.03920704700005,17.891989813000066],[103.03801874100009,17.89159689300004],[103.03793050800004,17.89110465600004],[103.03703198300008,17.890920708000067],[103.03741739400004,17.889727400000027],[103.03829357100005,17.889647694000075],[103.03887067200009,17.889330378000068],[103.03889302400006,17.88893428700004],[103.03951565400007,17.888783939000064],[103.03888219500004,17.887017607000075],[103.03924272600005,17.88680887000004],[103.03940199700008,17.88611551500003],[103.03998565200004,17.886109067000064],[103.03946356700004,17.885543831000064],[103.03984617600008,17.884997371000054],[103.04018682100008,17.88540874800003],[103.04035216700004,17.884826114000077],[103.04129593700009,17.884335329000066],[103.04085153900007,17.884088562000045],[103.04078885700005,17.883517470000072],[103.04135823200005,17.883164590000035],[103.04090335100005,17.882729221000034],[103.03939061500006,17.882061519000047],[103.03926748200007,17.880526889000066],[103.03955629900008,17.880513239000038],[103.03966826000004,17.879691234000063],[103.03887605100005,17.879597965000073],[103.03916804400006,17.878724388000023],[103.03818488900004,17.877670597000076],[103.03782490500004,17.877865606000057],[103.03720717800007,17.87735727200004],[103.03644318600004,17.87765698100003],[103.03549328100007,17.877188699000044],[103.03485336400007,17.877112666000073],[103.03473542100005,17.876109804000066],[103.03401808900009,17.876646463000043],[103.03359611700006,17.875779395000052],[103.03297898500006,17.87573860400005],[103.03251096600007,17.875221407000026],[103.03214611700008,17.87537823300005],[103.03120123500008,17.874659774000065],[103.03012390300006,17.874299991000044],[103.02974619600008,17.875303553000037],[103.02790670100006,17.876121773000023],[103.02769295600007,17.876804910000033],[103.02643785300006,17.877048228000035],[103.02634626600008,17.876628264000033],[103.02528448500004,17.875830705000055],[103.02463577900005,17.875844121000057],[103.02475341700006,17.87643894300004],[103.02530856300007,17.87661798000005],[103.02528383900005,17.87699196400007],[103.02468127600008,17.877021056000046],[103.02454981100004,17.87665332800003],[103.02365497700004,17.876466195000035],[103.02219021900004,17.876535516000047],[103.02168823400007,17.87607930200005],[103.02087023100006,17.87642887900006],[103.02032378000007,17.87602432400007],[103.01962932200007,17.87630368500004],[103.01933272200006,17.875879673000043],[103.01876420400004,17.876345597000068],[103.01843446700008,17.875661883000078],[103.01810671400006,17.87569566700006],[103.01825593700005,17.876337988000046],[103.01720790400009,17.87613004600007],[103.01702889300009,17.875439199000027],[103.01568263400009,17.876758686000073],[103.01568197000006,17.877446193000026],[103.01515693300007,17.877430592000053],[103.01508940900004,17.87666193900003],[103.01475086100004,17.876308166000058],[103.01391507300008,17.876463968000053],[103.01370915800004,17.87592888000006],[103.01321728100004,17.876208718000044],[103.01247716800003,17.875808024000037],[103.01295016100005,17.87529769300005],[103.01258056300009,17.87473564100003],[103.01283112300007,17.873303209000028],[103.01320623100008,17.872198870000034],[103.01278386500007,17.872108085000036],[103.01197762900006,17.870955405000075],[103.01097213900005,17.870343759000036],[103.01022693100003,17.86910198100003],[103.01073877900006,17.868458676000046],[103.01060015200005,17.86781618400005],[103.01087768600007,17.866976437000062],[103.01157136800003,17.866236988000026],[103.01197836800009,17.864888735000022],[103.01200491000009,17.86364800900003],[103.01183011400008,17.86281101900005],[103.01208712700009,17.862147996000033],[103.00984869800004,17.86134396700004],[103.00743590300004,17.862438026000063],[103.00610372200003,17.862594400000035],[103.00444365400006,17.862339862000056],[103.00433994000008,17.85600577400004],[103.00425625700007,17.85400678800005],[103.00414897000007,17.84574801200006],[103.00406273200008,17.84317070700007],[103.00431032600005,17.842445265000038],[103.00408291900004,17.84200975500005],[103.00287564700005,17.842280938000044],[103.00238145900005,17.84214795300005],[103.00060868400004,17.842726353000046],[102.99968179200005,17.84255593300003],[102.99844857500005,17.843134817000077],[102.99826204100003,17.84349121200006],[102.99744945000003,17.84366574300003],[102.99689771400006,17.84331817700007],[102.99464493400006,17.844055814000058],[102.99305034200006,17.844348441000022],[102.99168333500006,17.844301717000064],[102.99036400400007,17.844077193000032],[102.98839188200009,17.843456565000054],[102.98666242800005,17.84219888800004],[102.98476771000009,17.84023125300007],[102.98459862400006,17.839630835000037],[102.98388365600005,17.839032984000028],[102.98365612800006,17.838282788000072],[102.98331380200005,17.838160909000067],[102.98297924600007,17.83706432500003],[102.98249441700005,17.836441508000064],[102.98239373400008,17.83413546500003],[102.98250664900007,17.833566107000024],[102.98222567300007,17.83260159200006],[102.98244952200008,17.831172640000034],[102.98179772200007,17.82998494800006],[102.98050045900004,17.82904547000004],[102.97920764500009,17.828391873000044],[102.97687206900008,17.827869376000024],[102.97567647100004,17.827191362000065],[102.97421712400006,17.826661416000036],[102.97247441000007,17.825330773000076],[102.96989756600004,17.82371665100004],[102.96928710800006,17.823692950000066],[102.96937533000005,17.819557205000024],[102.96928822600006,17.81846112100004],[102.96885811400006,17.815738905000046],[102.96888743600005,17.814303736000056],[102.96924828200008,17.809452560000068],[102.96984403600004,17.80498510700005],[102.97013569200004,17.801822118000075],[102.97073357600004,17.79943686000007],[102.97139746800008,17.798160550000034],[102.97200549700005,17.79752436900003],[102.97280549900006,17.797047974000066],[102.97517599500009,17.796613840000077],[102.97556191200005,17.796118635000028],[102.97575561500008,17.794745586000033],[102.97377641100007,17.793912044000024],[102.97327298900007,17.793530259000022],[102.97085033500008,17.792579061000026],[102.96999289600006,17.791820968000025],[102.96747166600005,17.788132208000036],[102.96614662800005,17.786937127000044],[102.96337434400004,17.786142608000034],[102.96135676500006,17.785715525000057],[102.96035343200003,17.78476236800003],[102.96049530100004,17.783665916000075],[102.96151314600007,17.782932008000046],[102.96132170900006,17.781572194000034],[102.96092515200007,17.78089135400006],[102.95994837700005,17.779851274000066],[102.95814877500004,17.778688033000037],[102.95586098500007,17.777467999000066],[102.95308354200006,17.776124537000044],[102.95220262800007,17.775609145000033],[102.95151625500006,17.77432706700006],[102.95169420000008,17.773053428000026],[102.95205497300009,17.77230226100005],[102.95191252700005,17.771830653000052],[102.95102605000005,17.771240324000075],[102.95066124600004,17.770072998000046],[102.95107648200008,17.768789944000048],[102.95249102000008,17.76668691800006],[102.95335664300006,17.765719682000054],[102.95462051600003,17.765069305000054],[102.95612991700006,17.764511463000076],[102.95724480700005,17.76273873300005],[102.95862244600005,17.761176298000066],[102.95850805000003,17.76071551700005],[102.95777168100005,17.76020763100007],[102.95763302800003,17.75815199400006],[102.95679228100005,17.75756350100005],[102.95719341200004,17.75677577500005],[102.95733194300004,17.75582587400004],[102.95673735000008,17.753705959000058],[102.95723788100008,17.752879676000077],[102.95784872300004,17.75300653000005],[102.95865517100003,17.75150013600006],[102.95807064600007,17.750265651000063],[102.95684397600007,17.749765299000046],[102.95617685500008,17.748529578000046],[102.95632928200007,17.747406194000064],[102.95707086400006,17.746491571000035],[102.95877066000008,17.746457220000025],[102.96130297600007,17.74761578400006],[102.96319169700007,17.747725743000046],[102.96421753800007,17.747654056000044],[102.96753891900005,17.746449530000064],[102.96893245100006,17.746183656000028],[102.96997907200006,17.745449533000055],[102.96999725900008,17.744668356000034],[102.96936181100006,17.744006339000066],[102.96867134900003,17.742729954000026],[102.96952979200006,17.74230043500006],[102.97146538500004,17.742572899000038],[102.97192092400007,17.744380766000063],[102.97238411500007,17.74487335500004],[102.97356364100006,17.744870254000034],[102.97347491200009,17.74563084400006],[102.97428601500008,17.74588962400003],[102.97396858800005,17.74705075600002],[102.97457687700006,17.74774613200003],[102.97516450700004,17.747571308000033],[102.97701866700004,17.74798700100007],[102.98075109800004,17.74833608600005],[102.98154904100005,17.74816451500004],[102.98482881500007,17.745741960000032],[102.98552967100005,17.74560840600003],[102.98655664600005,17.745715972000028],[102.98739759000006,17.746070471000053],[102.98879561100006,17.745853899000053],[102.98979042300004,17.74537484900003],[102.99090815100004,17.74432347100003],[102.99371729300009,17.74295776500003],[102.99518252700005,17.740981455000053],[102.99934291600005,17.739253570000074],[103.00004732000008,17.739099533000058],[103.00156759000004,17.738280933000055],[103.00371267600008,17.738413647000073],[103.00405685000004,17.73682789700007],[103.00402650400008,17.734478030000048],[103.00448865500005,17.73285796400006],[103.00499377300008,17.729585489000044],[103.00507301400006,17.728618230000052],[103.00578248100004,17.727437137000038],[103.00706356400008,17.726126400000055],[103.01272117900004,17.72114194900007],[103.01351735400004,17.720601830000078],[103.01845347500006,17.717709933000037],[103.02017365200004,17.716759984000078],[103.02141215500006,17.716208247000054],[103.02825474300005,17.713660874000027],[103.03859557200008,17.71055622800003],[103.04312353200004,17.70937766700007],[103.05042277700005,17.708046686000046],[103.05713614000007,17.707162568000058],[103.06080140700004,17.70712307900004],[103.06649941400008,17.707589014000064],[103.07061356300005,17.707538561000035],[103.07683088200008,17.70720646600006],[103.08182370700007,17.70672250800004],[103.08263282900003,17.70608170500003],[103.08370060000004,17.705646992000027],[103.08459263000009,17.70557264000007],[103.08661272200004,17.705667838000068],[103.08768628600006,17.705612187000042],[103.08877349100004,17.705345584000042],[103.09027187500004,17.704558731000077],[103.09197562500003,17.70263568200005],[103.09563710500004,17.69921579100003],[103.09756785100006,17.69787853200006],[103.09873987800006,17.697361885000078],[103.10027528300009,17.696923570000024],[103.10534043600006,17.69645052000004],[103.11515295100008,17.696245066000074],[103.11675591000005,17.695988294000074],[103.11708104600007,17.696551557000078],[103.11749499900009,17.69638218800003],[103.11781862400005,17.695471870000063],[103.11863231400008,17.694962574000044],[103.11938135700007,17.694210472000066],[103.11986637900009,17.694122165000067],[103.12044651700006,17.694629559000077],[103.12032287700004,17.69537244600002],[103.11975346400004,17.695780914000068],[103.11976922200006,17.696559940000043],[103.12057019900004,17.697747657000036],[103.12034886400005,17.698610667000025],[103.11928489500008,17.699054732000036],[103.11903105100004,17.699625742000023],[103.11950230500008,17.70002347700006],[103.11924788400006,17.701079939000067],[103.11890286300007,17.70132339500003],[103.11799679400008,17.701100282000027],[103.11705343100004,17.701702751000028],[103.11638703200003,17.70146605700006],[103.11606446200005,17.70224276500005],[103.11658904300003,17.70309812100004],[103.11548912900008,17.70310663300006],[103.11513728700004,17.703567392000025],[103.11552240700007,17.704599956000038],[103.11610694600006,17.70518353800003],[103.11602073400007,17.705612726000027],[103.11537193200007,17.706201428000043],[103.11580698100005,17.707111104000035],[103.11535515100007,17.708114761000047],[103.11624045500008,17.70904537200005],[103.11664862000003,17.70894794000003],[103.11685126000003,17.70981718200005],[103.11605107300005,17.71106670200004],[103.11530843100007,17.712979217000054],[103.11480759700004,17.713589613000067],[103.11516991700006,17.714344856000025],[103.11644446300005,17.715636784000026],[103.11651876400003,17.71616186600005],[103.11543086500006,17.716745923000076],[103.11471430000006,17.717860716000075],[103.11443240400007,17.719096845000024],[103.11479893500007,17.720011613000054],[103.11646111100004,17.721166717000074],[103.11868215000004,17.723050396000076],[103.12004450000006,17.72360877500006],[103.12204332500005,17.724122958000066],[103.12275392200007,17.72468705400007],[103.12262279700008,17.725613034000048],[103.12317285200004,17.72663983700005],[103.12413703600004,17.727732228000036],[103.12422475000005,17.728180871000063],[103.12365967900007,17.729934556000046],[103.12286476700007,17.729881797000075],[103.12282850900004,17.72875577600007],[103.12155504300006,17.725792083000044],[103.12076645600007,17.72554206600006],[103.11912683700007,17.725692215000038],[103.11895617900007,17.72621817000004],[103.11905230800005,17.727381904000026],[103.11740969400006,17.729365966000046],[103.11698972300007,17.730103369000062],[103.11736547000004,17.731027253000036],[103.11791558600004,17.73128665300004],[103.11838989100005,17.731931280000026],[103.11852914500008,17.732759258000044],[103.11897490100006,17.733647998000038],[103.12009799400005,17.73471715900007],[103.12112528400007,17.73615271500006],[103.12169689900009,17.73640941000002],[103.12260638100008,17.736322546000054],[103.12267147500006,17.73711525300007],[103.12057569900009,17.73972450200006],[103.12116524100009,17.740275070000052],[103.12120189700005,17.740761657000064],[103.12079196100007,17.742138277000038],[103.12111849800004,17.742458498000076],[103.12205345400008,17.742176615000062],[103.12223388400008,17.742451342000038],[103.12198286800003,17.743809619000046],[103.12276419700004,17.744295219000037],[103.12216056700004,17.745387143000073],[103.12411180900006,17.745779353000046],[103.12405935200007,17.748055175000047],[103.12420509300006,17.748910564000028],[103.12579030100005,17.74937966300007],[103.12621685300007,17.74896091900007],[103.12563740100006,17.74838880300007],[103.12564234500007,17.747741226000073],[103.12698791900004,17.74772125000004],[103.12760228300004,17.748825899000053],[103.12814040000006,17.749405559000024],[103.12802094400007,17.750281942000072],[103.12902616600007,17.75004515300003],[103.12972079900004,17.75026869800007],[103.13007359500006,17.749650193000036],[103.12930512700007,17.749166939000077],[103.12939932900008,17.748816654000052],[103.13019795000008,17.748656443000073],[103.13149022800008,17.74892115800003],[103.13261029600005,17.75002035400007],[103.13272691000009,17.750551493000046],[103.13209813900005,17.752334752000024],[103.13098570200003,17.753897212000027],[103.13056510200005,17.754695987000048],[103.13032142200007,17.75612962200006],[103.12880784600009,17.75800350800006],[103.12886680100007,17.758388765000063],[103.12991950300005,17.758546585000033],[103.13022655500004,17.758962332000067],[103.13034633300003,17.75998856900003],[103.13009989000005,17.760555311000076],[103.12815427900006,17.761938051000072],[103.12793398600007,17.762377784000023],[103.12775694100009,17.76479698600002],[103.12701156600008,17.765262801000063],[103.12681319100005,17.765877815000067],[103.12684984600008,17.767570230000047],[103.12618313500008,17.76815012000003],[103.12494164800006,17.767679387000044],[103.12426056100009,17.767612196000073],[103.12390147200006,17.76790081100006],[103.12345492600008,17.76902672600005],[103.12317478100005,17.770465775000048],[103.12262366200008,17.771300101000065],[103.12244699500008,17.77203577800003],[103.12232256500005,17.775686928000027],[103.12192995900006,17.775995262000038],[103.12121778300008,17.775895967000054],[103.12074481400003,17.774782849000076],[103.12010658300005,17.774381449000032],[103.11824215400009,17.774386910000032],[103.11710568600006,17.774645173000067],[103.11646182100009,17.774532988000033],[103.11546908200006,17.773905176000028],[103.11362741900007,17.773978218000025],[103.11293271600005,17.773729916000036],[103.11133624300004,17.77109435500006],[103.11066990100005,17.771302683000044],[103.11064527300005,17.771920476000048],[103.11016011500004,17.773268098000074],[103.10953267800005,17.773612784000022],[103.10796828200006,17.773419885000067],[103.10759800500006,17.77405351300007],[103.10842289400006,17.775966545000074],[103.10840989100006,17.776712145000033],[103.10766326900006,17.778394141000035],[103.10700957800009,17.78031220500003],[103.10724503000006,17.78104204600004],[103.10830009800009,17.781422621000047],[103.10897074100006,17.780769260000056],[103.10956598600006,17.78055207500006],[103.11028224600005,17.78122245900005],[103.11098835100006,17.782822039000052],[103.11095538100005,17.785802301000047],[103.11170773100008,17.78667686400007],[103.11396607600005,17.788166688000047],[103.11533908200005,17.78935487800004],[103.11600552100003,17.790465470000072],[103.11634508600008,17.791712215000075],[103.11604678200007,17.792538958000023],[103.11613355300005,17.793662948000076],[103.11683100200008,17.794531457000062],[103.11871602600007,17.79515176600006],[103.12050427600008,17.794762284000058],[103.12098595400005,17.794971479000026],[103.12083004200008,17.795855740000036],[103.11935361800005,17.79688108600004],[103.11781673300004,17.797195266000074],[103.11726132500007,17.79776535800005],[103.11776122300006,17.798406257000067],[103.11891912100003,17.798443552000037],[103.11968301900004,17.799125919000062],[103.11923531000008,17.799593135000066],[103.11821215100008,17.79994920300004],[103.11763685300008,17.801059444000032],[103.11766275600007,17.802165528000046],[103.11831584000004,17.80211324800007],[103.11877784800004,17.801121527000078],[103.11936463900008,17.800641709000047],[103.12003063000009,17.80060458400004],[103.12046064900005,17.800901916000043],[103.12076215300004,17.80163426000007],[103.12191290800007,17.801872322000065],[103.12182604100008,17.802618911000025],[103.12220698700008,17.80341127300005],[103.12299329000007,17.803576014000043],[103.12318190900004,17.803226194000047],[103.12288515100005,17.80224277600007],[103.12323108400005,17.801725202000057],[103.12420069500007,17.80245321600006],[103.12491910200004,17.80427196200003],[103.12507526900004,17.806058605000032],[103.12420394100008,17.807959163000078],[103.12359873400004,17.809546732000058],[103.12360668500008,17.811354719000065],[103.12394130800004,17.811607588000072],[103.12474452200007,17.811393294000027],[103.12509414700008,17.81175739400004],[103.12362309500008,17.813770571000077],[103.12313681500007,17.815617863000057],[103.12250368100007,17.81717231700003],[103.12217619200004,17.81741260600006],[103.12056817100006,17.816949441000077],[103.12044747900006,17.81623458100006],[103.11986374000008,17.816299309000044],[103.11972333400007,17.816802894000034],[103.12026169800004,17.818348811000078],[103.12111048100007,17.818228762000047],[103.12258495600008,17.81859670600005],[103.12350337300006,17.818149994000066],[103.12438303400006,17.81819377900007],[103.12419944500004,17.819246236000026],[103.12476109000005,17.819654671000023],[103.12509820200006,17.81920513500006],[103.12619770600008,17.81857671100005],[103.12648836600005,17.818924116000062],[103.12692643500009,17.82090556600002],[103.12725405000003,17.82372067600005],[103.12764425900008,17.825405423000063],[103.12710939600004,17.826457704000063]]]},"properties":{"Shape_Leng":0.929454777674,"Shape_Area":0.0231381019642,"ADM2_EN":"Sang Khom","ADM2_TH":"สร้างคอม","ADM2_PCODE":"TH4120","ADM1_EN":"Udon Thani","ADM1_TH":"อุดรธานี","ADM1_PCODE":"TH41","ADM0_EN":"Thailand","ADM0_TH":"ประเทศไทย","ADM0_PCODE":"TH"}},
{"type":"Feature","geometry":{"type":"Polygon","coordinates":[[[102.66995394700007,17.20580932300004],[102.66824957700004,17.20479601900007],[102.66749391100007,17.20475764500003],[102.66699743700008,17.204340908000063],[102.66623257000003,17.203145423000024],[102.66553145600005,17.203103854000062],[102.66568720500004,17.203597045000038],[102.66393385000003,17.202991820000022],[102.66395072200004,17.201987392000035],[102.66420986900005,17.201087167000026],[102.66390418300006,17.20034419700005],[102.66328979800005,17.20032402000004],[102.66303897800009,17.199910577000026],[102.66360962700008,17.198811539000076],[102.66295993900007,17.19760233200003],[102.66144377300009,17.197929053000053],[102.66057630000006,17.19697865300003],[102.66083839300006,17.196336528000074],[102.66110489500005,17.19478029000004],[102.66058336700007,17.194002513000044],[102.65979216000005,17.194178709000028],[102.65971476400006,17.193337408000048],[102.65931009900004,17.19233262700004],[102.65878951300004,17.192354841000054],[102.65814010600008,17.191908513000044],[102.65797236300006,17.191061311000055],[102.65684355500008,17.18905690300005],[102.65632725700004,17.18878858200003],[102.65618121100005,17.18821000400004],[102.65572265600008,17.188019919000055],[102.65539173900004,17.187283498000056],[102.65449109300005,17.186795287000052],[102.65378764800005,17.18474569400007],[102.65319522600004,17.184286100000065],[102.65302864800009,17.18378464400007],[102.65196511400006,17.183026468000037],[102.65115713000006,17.18317500300003],[102.65084608400008,17.183811070000047],[102.64996495300005,17.183459495000022],[102.65048037100007,17.182684435000056],[102.65137038800003,17.182405034000055],[102.65083687400005,17.181931070000076],[102.65039299700004,17.182228602000066],[102.65022895200008,17.18150102000004],[102.65090060700004,17.18093036500005],[102.65092880900005,17.180559318000064],[102.65000869500005,17.179625522000038],[102.64979106000004,17.178189678000024],[102.64921637600008,17.17796508200007],[102.64834975300005,17.176529068000036],[102.64764105700004,17.175750840000035],[102.64717847800006,17.175637331000075],[102.64661564100004,17.174367136000058],[102.64647687200005,17.173422323000068],[102.64562205600004,17.17289492900005],[102.64545960000004,17.172400594000067],[102.64489123400006,17.172625389000075],[102.64361057600007,17.173703258000046],[102.64281368600007,17.17288858300003],[102.64272995000005,17.17342411800007],[102.64216085600003,17.173336781000046],[102.64254703600005,17.172395454000025],[102.64207337800008,17.17187175400005],[102.64179763000004,17.171073904000025],[102.64120707400008,17.17070258900003],[102.64061050800007,17.169550892000075],[102.64114348600003,17.168862235000063],[102.64127343500007,17.167988299000058],[102.64049674100005,17.167115027000023],[102.64051935300006,17.16672218700006],[102.64112566700004,17.166541154000072],[102.64172610400004,17.165524665000078],[102.64323176200008,17.164479037000035],[102.64392128100008,17.16344893300004],[102.64523356600006,17.16289918500007],[102.64600276500005,17.16241033400007],[102.64645432900005,17.16272334200005],[102.64786861100004,17.161966557000028],[102.64807098400007,17.161227620000034],[102.65073087800005,17.159754425000074],[102.65087044300009,17.159185024000067],[102.65176787500008,17.158134441000072],[102.65353137300008,17.155184260000055],[102.65499185000004,17.153609870000025],[102.65643071700003,17.151683225000056],[102.65743838800006,17.151297310000075],[102.65840715500008,17.151544693000062],[102.65939452100008,17.152592929000036],[102.66000675000004,17.152817395000056],[102.66029487400004,17.153644781000025],[102.66195410100005,17.15434962300003],[102.66342339600004,17.15475904500005],[102.66506324100004,17.154806294000025],[102.66550382600008,17.156017330000054],[102.66671706900007,17.156072787000028],[102.66823816200008,17.15545238200002],[102.66886828700007,17.155729504000078],[102.66886161500008,17.157039920000045],[102.66958098000003,17.157790899000076],[102.67113125100008,17.15815124900007],[102.67253684600007,17.157654199000035],[102.67324018200009,17.15651178300004],[102.67426025400005,17.155580688000043],[102.67677033900009,17.154513249000047],[102.67846520700004,17.154068994000056],[102.68081114200004,17.15372984100003],[102.68344294500008,17.153900194000073],[102.68516073500007,17.155712686000072],[102.68574968700005,17.157076957000072],[102.68670627300008,17.15774712800004],[102.68720061400006,17.15868344100005],[102.68832513300003,17.15827889800005],[102.68943511000003,17.158551018000026],[102.69016823900006,17.158044876000076],[102.69078340600004,17.156966434000026],[102.69108856500009,17.155601011000044],[102.69104329200007,17.154396527000074],[102.69035515400009,17.15211180500006],[102.68991662900004,17.151069035000035],[102.68956350800005,17.14946840500005],[102.68894253800005,17.147326672000077],[102.68830471500007,17.145957877000058],[102.68724395600003,17.144874956000024],[102.68604945500005,17.14407262000003],[102.68560053800007,17.143586326000047],[102.68593895100008,17.14281780600004],[102.68775202000006,17.141847232000032],[102.68908511500007,17.140988426000035],[102.69000230500006,17.140229933000057],[102.69216799500003,17.138129981000077],[102.69518645200009,17.13364499900007],[102.69557673800006,17.132793114000037],[102.69553441600004,17.132278796000037],[102.69449170600006,17.130033138000044],[102.69355149900008,17.128748615000063],[102.69221272600004,17.127453734000028],[102.69193988500007,17.125750321000055],[102.69247282400005,17.123325828000077],[102.69440973100006,17.119331552000062],[102.69475114500005,17.118454688000043],[102.69486198000004,17.117374897000047],[102.69468719800005,17.115739020000035],[102.69434729600005,17.115096194000046],[102.69466317100006,17.11477420500006],[102.69412687700009,17.108215879000056],[102.69429918900005,17.105923348000033],[102.69531068100008,17.103573020000056],[102.69599639600006,17.102697871000032],[102.69775695200008,17.101916544000062],[102.69849828500008,17.10142955200007],[102.69911947900005,17.09985800100003],[102.70033996300003,17.09818948700007],[102.70126942000007,17.096577610000054],[102.70194274600004,17.094440935000023],[102.70187135000003,17.093560772000046],[102.70086765700006,17.09095302000003],[102.70025210800009,17.089789968000048],[102.69986810800003,17.088633294000033],[102.70004704800004,17.086895766000055],[102.70225462600007,17.087880470000073],[102.70371929900006,17.08820429900004],[102.70483365500007,17.088059496000028],[102.70722455400005,17.087126600000033],[102.70796272400008,17.08699787300003],[102.70970462200006,17.087009188000025],[102.71033846000006,17.08724072600006],[102.71069197200006,17.087785392000058],[102.71149938000008,17.087986727000043],[102.71246757300008,17.087796069000035],[102.71342025700005,17.08795690900007],[102.71546626600008,17.08885415000003],[102.71789693400007,17.09052630700006],[102.71995198000008,17.090399066000032],[102.72146294200007,17.090630840000074],[102.72189248100005,17.090428787000064],[102.72308809100008,17.09143673500006],[102.72320608400008,17.092700686000057],[102.72363845200005,17.093280162000042],[102.72378798800008,17.093982148000066],[102.72427691600006,17.094030546000056],[102.72624934000004,17.096167109000078],[102.72731509800008,17.096600184000067],[102.72827290700008,17.098089349000077],[102.72986972400008,17.09896672700006],[102.73158758400007,17.10039940100006],[102.73246464300007,17.100604317000034],[102.73426316200005,17.10240396200004],[102.73527973200004,17.10275368200007],[102.73588376400005,17.102466965000076],[102.73701058100005,17.102330797000036],[102.73791611900003,17.101125296000077],[102.73842610400004,17.100968480000063],[102.73911728900003,17.101208841000073],[102.74005827800005,17.10111134300007],[102.74072967300003,17.10136167400003],[102.74180331200006,17.101232881000044],[102.74287977200004,17.101578250000046],[102.74404410600005,17.101152972000023],[102.74458264700007,17.10075850000004],[102.74569880200005,17.100423825000064],[102.74630952300004,17.099973539000075],[102.74738647300006,17.099678036000057],[102.74766520300005,17.099121748000073],[102.74833536300008,17.09897796300004],[102.74859340500007,17.098386809000033],[102.75121530400008,17.09862478200006],[102.75108539900003,17.09811367700007],[102.75141344500008,17.09746910900003],[102.75197298900008,17.097461211000052],[102.75318853700009,17.098341954000034],[102.75372996500005,17.09852122800004],[102.75428055200007,17.098131141000067],[102.75437660600005,17.09862183300004],[102.75523312200005,17.098409195000045],[102.75492843700005,17.09906323200005],[102.75636412900008,17.099051432000067],[102.75705137100005,17.099315845000035],[102.75852117300008,17.098504055000035],[102.75967689000004,17.098518469000055],[102.75998405200005,17.09811680300004],[102.76019508600007,17.098630099000047],[102.76055119000006,17.09842303000005],[102.76138963600005,17.098656153000036],[102.76232088500007,17.098449523000056],[102.76226977300007,17.09904317400003],[102.76353356400006,17.098737550000067],[102.76414571600009,17.099234239000054],[102.76500679000009,17.09944478600005],[102.76573752200005,17.098137809000036],[102.76568093400004,17.097297258000026],[102.76601838300007,17.097209711000062],[102.76539518700008,17.09599085700006],[102.76515657900006,17.094583244000034],[102.76527395300008,17.094161273000054],[102.76480594800006,17.09286104800003],[102.76544753800005,17.092406795000045],[102.76482538700009,17.091634205000048],[102.76470606300006,17.09096797500007],[102.76376639300008,17.090995749000058],[102.76372895600008,17.09049510500006],[102.76320194800007,17.089973805000056],[102.76301560600007,17.088907523000046],[102.76258892400006,17.088928975000044],[102.76201707200005,17.088422598000022],[102.76124167200004,17.08838098900003],[102.76081840600006,17.08863930600006],[102.76000308900007,17.086776357000076],[102.76047557500004,17.085602223000024],[102.75962096200004,17.085266786000034],[102.75866829200004,17.08580568000002],[102.75816018400008,17.085733708000078],[102.75814778900008,17.08525811800007],[102.75923663600008,17.08398727900004],[102.76158382600005,17.082769363000068],[102.76265476000003,17.082325844000025],[102.76527752500004,17.080623608000053],[102.76787423800005,17.078549100000032],[102.77280556200009,17.076274652000052],[102.78037505200007,17.075760728000034],[102.78165535200009,17.074050733000036],[102.78539165000007,17.071459138000023],[102.78585865900004,17.070917371000064],[102.78818414400007,17.064841414000057],[102.78831992100004,17.06396163000005],[102.79017633000007,17.062586313000054],[102.79068090900006,17.062054766000074],[102.79041852000006,17.060484488000043],[102.79353611900007,17.060281794000048],[102.79464802700005,17.059816341000044],[102.79682396500004,17.05780461300003],[102.80324876500003,17.05197516800007],[102.80370040700006,17.051679870000044],[102.80794427800004,17.04955318100002],[102.80874295600006,17.049253082000064],[102.80870142600008,17.048551062000058],[102.80925946800005,17.04794625200003],[102.81037282900007,17.045725193000067],[102.81171669400004,17.04373981400005],[102.81248539900008,17.042797463000056],[102.81252205900006,17.042271294000045],[102.81384663700004,17.040967742000078],[102.81583544400007,17.039378442000043],[102.81689955300004,17.038878500000067],[102.81906420000007,17.03823873400006],[102.82163647500005,17.037051788000042],[102.82230754300008,17.03692354700007],[102.82421271400005,17.037184640000078],[102.82597487300006,17.037162696000053],[102.83113012400008,17.03554446100003],[102.83181956400006,17.03489488100007],[102.83288385400004,17.034249490000036],[102.83416677700006,17.03370136700005],[102.83633575600004,17.03381812400005],[102.83869502200008,17.033790424000074],[102.83969276300007,17.034188417000053],[102.84075801600005,17.03502452300006],[102.84166197500008,17.03513134700006],[102.84384262500004,17.034673205000047],[102.84980750700004,17.033146232000036],[102.85160689500003,17.034777676000033],[102.85422835000008,17.037543516000028],[102.85514324600007,17.037605032000045],[102.85516552900003,17.03846856800004],[102.85544312000007,17.038888695000026],[102.85608281900005,17.038959868000063],[102.85733470300005,17.039953972000035],[102.85830510800008,17.040129584000056],[102.85815589800006,17.040738313000077],[102.85895273600005,17.04237594400007],[102.86103123500004,17.044700221000028],[102.86233459100004,17.04583087900005],[102.86346164200006,17.04723262400006],[102.86385035400008,17.048872075000077],[102.86512135900006,17.05144640800006],[102.86550037400008,17.051347548000024],[102.86727988900009,17.053945979000048],[102.86953589000007,17.05660718300004],[102.86933417100005,17.058366157000023],[102.86960679100008,17.059512624000035],[102.87091064800006,17.059463865000055],[102.87152346900007,17.05875908200005],[102.87196966100004,17.058708737000075],[102.87322275200006,17.057576470000072],[102.87363947600005,17.057753728000023],[102.87475124500008,17.055644285000028],[102.87493901500005,17.056014123000068],[102.87535183000006,17.055701518000035],[102.87579044600005,17.056036686000027],[102.87680516200004,17.056145746000027],[102.87709971300006,17.05567109200007],[102.87771168300009,17.055527944000062],[102.87824436300008,17.055906118000053],[102.87818750300005,17.056310505000056],[102.87656852700007,17.05671787700004],[102.87615491200006,17.056991664000066],[102.87601624500007,17.05809666700003],[102.87577703400007,17.05839400700006],[102.87586503600005,17.059184703000028],[102.87617550500005,17.059360146000074],[102.87635444400007,17.061729945000025],[102.87720958300008,17.063194129000067],[102.87697495900005,17.064066815000047],[102.87604209300008,17.064878865000026],[102.87660299600009,17.06506657700004],[102.87652042600007,17.066186840000057],[102.87606405800005,17.066650552000056],[102.87609462700004,17.06726283200004],[102.87575787000009,17.067794522000042],[102.87540026500005,17.069350201000077],[102.87461967800004,17.07070681700003],[102.87400250200005,17.072081592000075],[102.87446700800007,17.073258340000052],[102.87466841800006,17.076571814000033],[102.87313525500008,17.077410688000043],[102.87406329300006,17.08026407600005],[102.87369130600007,17.080735640000057],[102.87477642200008,17.081487908000042],[102.87674026900004,17.082192915000064],[102.87698894100004,17.084870022000075],[102.87838298600008,17.084972615000027],[102.88134258500008,17.08429599300007],[102.88328151000007,17.08341985000004],[102.88447048700004,17.08331841000006],[102.88433290800003,17.08410103800003],[102.88521115400005,17.08462730100007],[102.88532586900004,17.085575711000047],[102.88616593300009,17.085754585000075],[102.88718493400006,17.08570194200007],[102.88738965000005,17.086712168000076],[102.88726763700004,17.087549341000056],[102.88678332500007,17.088941900000066],[102.88675453300004,17.08999665400006],[102.88586887200006,17.092505964000054],[102.88575382100004,17.093373472000053],[102.88581746300008,17.095523310000033],[102.88558993200007,17.096161420000044],[102.88552794400005,17.09744837100004],[102.88474275300007,17.098694368000054],[102.88606600200006,17.101190880000047],[102.88609127500007,17.102222796000035],[102.88641031000009,17.104622049000056],[102.88668081600008,17.104709730000025],[102.88818603700008,17.104314437000028],[102.88875772400007,17.105123626000022],[102.88988100700004,17.107307983000055],[102.88997521000005,17.108330614000067],[102.88954279700005,17.11013127600006],[102.88888276600005,17.11049981700006],[102.88655322500006,17.112175560000026],[102.88393908400008,17.112767649000034],[102.88169903100004,17.113152832000026],[102.88057571800005,17.113732492000054],[102.87868511500005,17.117097913000066],[102.87824121600005,17.118098428000053],[102.87770237200004,17.120041796000066],[102.87705223300009,17.123065514000075],[102.87619266100006,17.12881968000005],[102.87633378000004,17.12965037400005],[102.87721642800005,17.131305703000066],[102.87740978000005,17.13249405600004],[102.87740683600003,17.13378014400007],[102.87703207800007,17.134029816000066],[102.87689913700007,17.135115635000034],[102.87601244600006,17.136129738000022],[102.87662168100007,17.13677767100006],[102.87703637300007,17.137585571000045],[102.87649851100008,17.13783047100003],[102.87620064000004,17.13847191800005],[102.87655665500006,17.139161229000024],[102.87634284000006,17.139906636000035],[102.87566314000009,17.140709663000052],[102.87619928200007,17.142919333000066],[102.87505784200005,17.143832153000062],[102.87459329700005,17.144535575000077],[102.87414817500007,17.145863117000033],[102.87397485100007,17.14741775500005],[102.87418530900004,17.148863815000027],[102.87539069200005,17.150173091000056],[102.87567206400007,17.150695262000056],[102.87676812400008,17.150600978000057],[102.87819934800007,17.151072033000048],[102.87892160100006,17.150961333000055],[102.87922503800007,17.150584566000077],[102.88051144100007,17.151063693000026],[102.88086834200004,17.151775432000022],[102.88148418600008,17.152380337000068],[102.88231646900005,17.152709481000045],[102.88234521400005,17.15323237100006],[102.88329641100006,17.15402318100007],[102.88420205200003,17.154302490000077],[102.88497615900008,17.15535862100006],[102.88440142800005,17.15621399400004],[102.88382256700004,17.15659203900003],[102.88354870800003,17.15749224600006],[102.88288718700005,17.15792893200006],[102.88218443200009,17.157535952000046],[102.88145287400005,17.157695184000033],[102.88183132500006,17.158084416000065],[102.88124991800004,17.158882108000057],[102.88037147500006,17.159084921000044],[102.87982864800006,17.159485794000034],[102.87951002700004,17.160430501000064],[102.87817251400008,17.159859235000056],[102.87738738300004,17.159980873000052],[102.87754640100007,17.16076167400007],[102.87703268100006,17.161342846000025],[102.87569144400004,17.16134525800004],[102.87522807800008,17.161775807000026],[102.87428521900006,17.160781249000024],[102.87343907900004,17.161505179000073],[102.87297735800007,17.16038517000004],[102.87201436000004,17.160240001000034],[102.87202904300005,17.160874552000053],[102.87098490200003,17.160460819000036],[102.87064594500004,17.160664948000033],[102.86998025300005,17.162120966000032],[102.86931351500004,17.162506294000025],[102.86884235700006,17.16399606600004],[102.86912338100007,17.164442054000062],[102.86851189700008,17.165058396000063],[102.86798431800008,17.165054849000057],[102.86707718300005,17.16556319700004],[102.86586021000005,17.165945864000037],[102.86518312300007,17.165977783000073],[102.86489938100004,17.165535977000047],[102.86517922400009,17.165154089000055],[102.86468386500007,17.16495475800002],[102.86429673500004,17.16531380500004],[102.86339388100004,17.164908766000053],[102.86243168500005,17.165117571000053],[102.86207353900005,17.166089235000072],[102.86232243000006,17.16646746500004],[102.86170124300008,17.166704363000065],[102.86154150600004,17.167305992000024],[102.86086722400006,17.166750105000062],[102.86064811200004,17.16735329900007],[102.86010444700008,17.16787305200006],[102.85826661700008,17.167177523000078],[102.85782205800007,17.167134770000075],[102.85687987100005,17.167643618000056],[102.85731625900007,17.168087945000025],[102.85639243100007,17.168921125000054],[102.85598100900006,17.169742949000067],[102.85608292200004,17.170856081000068],[102.85559217500008,17.17243226100004],[102.85439037300006,17.17543190400005],[102.85398818800007,17.178051766000067],[102.85347512100009,17.179278787000044],[102.85254889100008,17.18043497000002],[102.85030083900006,17.183552486000053],[102.84857188900008,17.187779415000023],[102.84765595900006,17.190416662000075],[102.84846186200008,17.190595547000044],[102.84878712600005,17.19098567700007],[102.84833359200007,17.19399937000003],[102.84847167900006,17.19531727800006],[102.84798199900007,17.196483303000036],[102.84661364300007,17.198920177000048],[102.84541805000003,17.20064534000005],[102.84484938800006,17.202036813000063],[102.84426141400007,17.204489162000073],[102.84383929000006,17.20552457900004],[102.84293555600004,17.206698681000034],[102.84327702700006,17.20756675800004],[102.84282339700007,17.209793854000054],[102.84294478200007,17.212155580000058],[102.84233729300007,17.214493520000076],[102.84201186400009,17.217375985000047],[102.84149430900004,17.21788274100004],[102.83986799100006,17.218730406000077],[102.83931175700008,17.219324603000075],[102.83898699500008,17.22027829800004],[102.83690658900008,17.22207592600006],[102.83603409100004,17.22340893100005],[102.83468740100005,17.22404477300006],[102.83407039500008,17.224581171000068],[102.83407971100007,17.225032283000075],[102.83175020200008,17.22694377700003],[102.83316770500005,17.229038659000025],[102.83288219100007,17.23019879800006],[102.83173258400006,17.23293394700005],[102.83187791700004,17.233931549000033],[102.83098968800005,17.234737474000042],[102.82946165300007,17.23526389600005],[102.82914494000005,17.235729047000063],[102.82966405800005,17.236779564000074],[102.82828728500004,17.23880699800003],[102.82762693200004,17.239487637000025],[102.82633194700009,17.240392861000032],[102.82530253300007,17.240746056000035],[102.82309074100004,17.240878450000025],[102.81973128600004,17.240767034000044],[102.81670367900006,17.240768278000075],[102.81315099600005,17.240856612000073],[102.81141804200007,17.241319598000075],[102.81010448000006,17.24179575100004],[102.80580623800006,17.243974407000053],[102.80409593300004,17.244541640000023],[102.80181125500008,17.24480226700007],[102.79967238600005,17.244512352000072],[102.80001315800007,17.243821445000037],[102.80092309200006,17.243696155000066],[102.80070836700008,17.242348408000055],[102.80032103600007,17.24213386100007],[102.79969551300007,17.241115570000034],[102.79936293100008,17.241378417000078],[102.79880194900005,17.24059023800004],[102.79747848700003,17.239825207000024],[102.79692487900007,17.23922897400007],[102.79662884600003,17.239853673000027],[102.79622442900006,17.239681964000056],[102.79551634400008,17.240078604000075],[102.79443469900008,17.239068110000062],[102.79443454400007,17.238531273000035],[102.79358615100006,17.23854089400004],[102.79242490000007,17.236955703000035],[102.79243913300007,17.23622593600004],[102.79296618400008,17.235550872000033],[102.79238087300007,17.234432062000053],[102.79156139800006,17.233553694000022],[102.79111553500007,17.23378894700005],[102.79036778300008,17.232936748000043],[102.78953662000004,17.23233999200005],[102.78890813100008,17.23223521600005],[102.78927267400007,17.23091235100003],[102.78883682000009,17.230317754000055],[102.78924846300004,17.22994009400003],[102.78840451100007,17.229669710000053],[102.78805272400007,17.228695531000028],[102.78714942400006,17.22935902100005],[102.78729437200008,17.22837786300005],[102.78605534700006,17.226909225000043],[102.78607699700007,17.22652451500005],[102.78689175200009,17.225614505000067],[102.78776930800007,17.225589355000068],[102.78741529900009,17.224893506000058],[102.78629860100006,17.224140591000037],[102.78607375700005,17.223532333000037],[102.78728687600005,17.22278379000005],[102.78807588700005,17.22155809000003],[102.78757032000004,17.221314935000066],[102.78719112200008,17.220667132000074],[102.78787116200004,17.21987405300007],[102.78705067600004,17.219865249000065],[102.78662198200004,17.219468592000055],[102.78692660800004,17.218973924000068],[102.78657485500008,17.218343291000053],[102.78685417800006,17.217859453000074],[102.78645243100004,17.217554949000032],[102.78623523300007,17.21662874200007],[102.78490357900006,17.21552661900006],[102.78440581800004,17.21538961500005],[102.77670638300003,17.215617997000038],[102.77494075400006,17.216163437000034],[102.77104606500006,17.22100868900003],[102.76944139300008,17.22208272900002],[102.76810728100008,17.222646534000035],[102.76580322700005,17.22332614000004],[102.76135249900005,17.224284554000064],[102.75774503100007,17.224872969000046],[102.75622215100009,17.224515549000046],[102.75534151500005,17.223950255000034],[102.75101521400006,17.219766743000037],[102.74996306900005,17.21917773200005],[102.74874059700005,17.219390067000063],[102.74883039200006,17.22037848800005],[102.74770040600004,17.220553191000022],[102.74603369400006,17.22060698100006],[102.74540531000008,17.220835761000046],[102.74457399300007,17.220440722000035],[102.74303600100006,17.22036694600007],[102.74204446200008,17.22119594000003],[102.74218490100009,17.22197322900007],[102.74118355700006,17.221728394000024],[102.74128893600005,17.221172358000047],[102.74082069800005,17.220760919000043],[102.74022063800004,17.220768580000026],[102.74028411400008,17.221252324000034],[102.73965718100004,17.22101101900006],[102.73989404300005,17.220373033000044],[102.73961763100004,17.22009457400003],[102.73894662000004,17.220242429000052],[102.73806239300006,17.21994819200006],[102.73729058500004,17.220188759000052],[102.73667913000008,17.220732557000076],[102.73576648000005,17.220744677000027],[102.73586298200007,17.22115685600005],[102.73500559600006,17.22067700100007],[102.73492755300003,17.221188936000033],[102.73373749000007,17.22157630600003],[102.73366517100004,17.221120797000026],[102.73292369300003,17.221148473000028],[102.73281618200008,17.220759831000066],[102.73184952900004,17.220875357000068],[102.73133934500004,17.220702077000055],[102.73104907900006,17.221581736000076],[102.73048650800007,17.221640887000035],[102.73038573100007,17.22280044300004],[102.73004513400008,17.223352559000034],[102.72907946600009,17.223475919000066],[102.72810999400008,17.223075349000055],[102.72670981400006,17.223020081000072],[102.72639357900005,17.223417738000023],[102.72550683700007,17.222446192000064],[102.72439858100006,17.222378406000075],[102.72358427300009,17.221827619000067],[102.72298609700005,17.221011216000022],[102.72193705700005,17.22155110800003],[102.72202660000005,17.221009095000056],[102.72086729300008,17.221344010000053],[102.72027254600005,17.221172301000024],[102.72052927300007,17.22217454200006],[102.72027064900004,17.222802880000074],[102.71891155300005,17.222490339000046],[102.71839849300005,17.222098807000066],[102.71607134200008,17.22411468000007],[102.71523881800005,17.22360725300007],[102.71471587600007,17.22414264300005],[102.71347452300006,17.22373671500003],[102.71340669500006,17.22327854400004],[102.71268855800008,17.223112038000068],[102.71167709200006,17.22351599800004],[102.71161996600006,17.222892357000035],[102.71031362100007,17.222712912000077],[102.71080624300004,17.22226429500006],[102.71140682100008,17.222294547000047],[102.71156281900005,17.221767030000024],[102.71039010700008,17.22176777900006],[102.70958309200006,17.22140341900007],[102.70793201900005,17.22133612700003],[102.70734588700009,17.221078783000053],[102.70610210100006,17.22113552600007],[102.70427911600007,17.219400535000034],[102.70453588700008,17.220184790000076],[102.70398684000008,17.220788346000063],[102.70278479900009,17.221543879000023],[102.70250723900006,17.221003589000077],[102.70130126600009,17.220764590000044],[102.70044667600007,17.220936004000066],[102.70056410900008,17.220305662000044],[102.69991604600006,17.22074034700006],[102.69885955600006,17.22084340200007],[102.69771602300005,17.22047019000007],[102.69737863100005,17.21974595000006],[102.69628980500005,17.219713334000062],[102.69610690000007,17.218910790000052],[102.69648070100004,17.218290747000026],[102.69623311300006,17.21771743100004],[102.69654098300003,17.217399312000055],[102.69635829000003,17.216856891000077],[102.69645370800004,17.215892281000038],[102.69613289300008,17.21548770000004],[102.69487865800005,17.215234648000035],[102.69406222000003,17.214836080000055],[102.69347297300004,17.215031062000037],[102.69270752500006,17.21396650300005],[102.69202908700004,17.213390840000045],[102.69134540800007,17.213135100000045],[102.69068762700005,17.213226881000026],[102.68856503000006,17.21222238300004],[102.68795947000007,17.212168391000034],[102.68742634500006,17.212660731000028],[102.68721851200007,17.213293185000055],[102.68736017300006,17.21436135500005],[102.68768755200006,17.21511322300006],[102.68685161700006,17.215580257000056],[102.68537764600006,17.21523757500006],[102.68265477100005,17.213834061000057],[102.68088268000008,17.212599871000066],[102.67928388900003,17.212259138000036],[102.67829123300004,17.211828815000047],[102.67792893000006,17.211913933000062],[102.67733773100008,17.211439575000043],[102.67727504800007,17.209383409000054],[102.67707460200006,17.208716957000036],[102.67615729500005,17.208115065000072],[102.67629540000007,17.207547324000075],[102.67781213200004,17.20763501600004],[102.67819283700004,17.20734458000004],[102.67838768200005,17.20662268500007],[102.67766311900004,17.20583326900004],[102.67434987200005,17.20366248600004],[102.67305355700006,17.20396898000007],[102.67208173200004,17.20377965800003],[102.67100974700008,17.204041155000027],[102.67049242700006,17.205465395000033],[102.66995394700007,17.20580932300004]]]},"properties":{"Shape_Leng":1.01890764791,"Shape_Area":0.0297317746624,"ADM2_EN":"Nong Saeng","ADM2_TH":"หนองแสง","ADM2_PCODE":"TH4121","ADM1_EN":"Udon Thani","ADM1_TH":"อุดรธานี","ADM1_PCODE":"TH41","ADM0_EN":"Thailand","ADM0_TH":"ประเทศไทย","ADM0_PCODE":"TH"}},
{"type":"Feature","geometry":{"type":"Polygon","coordinates":[[[102.27592842700005,17.980617410000036],[102.27087309700005,17.98262307500005],[102.26426335000008,17.984914550000042],[102.26328689200005,17.985809776000053],[102.26251176800008,17.98595398300006],[102.25993888300007,17.98578576600005],[102.25906435600007,17.98686034900004],[102.25751824800005,17.987328994000052],[102.25747107300003,17.987825352000073],[102.25674989500004,17.988147324000067],[102.25665610500005,17.988628886000072],[102.25591620000006,17.988614002000077],[102.25458520100005,17.989799257000072],[102.25372540500007,17.990320419000057],[102.25309490600006,17.990169175000062],[102.25268545900008,17.990543303000038],[102.25177113100005,17.990566440000066],[102.25130587200005,17.990291808000052],[102.25042536900008,17.991051205000076],[102.24992574200007,17.991009853000037],[102.24958459300007,17.991442384000038],[102.24891863000005,17.991308317000062],[102.24848743400008,17.992101449000074],[102.24719963100006,17.991926413000044],[102.24551100200006,17.99222101500004],[102.24522836300008,17.993253115000073],[102.24554044000007,17.99407851600006],[102.24507855600007,17.994803223000076],[102.24492160300008,17.99696112500004],[102.24384174300008,17.99787106100007],[102.24146927200007,17.99800451400006],[102.24097659000006,17.998192114000062],[102.24074463900007,17.999241665000056],[102.24119109200007,17.999950472000023],[102.24079483300005,18.000307832000033],[102.23941925400004,18.00066110700004],[102.23887849800008,18.000643229000048],[102.23861545500006,18.001798405000045],[102.23805633300009,18.001357453000026],[102.23760981400005,18.001589386000035],[102.23696570500005,18.000793173000034],[102.23581319900006,18.00096345000003],[102.23551873400004,18.001809175000062],[102.23590229900009,18.00262209300007],[102.23539325600007,18.00240463800003],[102.23549231400006,18.002916671000037],[102.23490563400009,18.004223677000027],[102.23365566500007,18.004605824000066],[102.23266578600004,18.004500602000064],[102.23124826900005,18.005752751000045],[102.23015459600003,18.00529515900007],[102.22958007900007,18.00476085200006],[102.22908792100009,18.005620297000064],[102.22817927400007,18.006412363000038],[102.22775206300008,18.005541608000044],[102.22672577000009,18.006266434000054],[102.22613027200003,18.005436087000078],[102.22549597900007,18.005934808000063],[102.22505293300009,18.00544145200007],[102.22462097700009,18.00545844900006],[102.22300654000009,18.006900501000075],[102.22251814400005,18.00671374700005],[102.22193925900007,18.008000689000028],[102.22129779900007,18.007636456000057],[102.22062003300005,18.00774029200005],[102.22028830400006,18.006995646000064],[102.21962638000008,18.00714804200004],[102.21959994400004,18.007591302000037],[102.21871168000007,18.00750412800005],[102.21804632800007,18.005979549000074],[102.21732994200005,18.005708928000047],[102.21660223600009,18.006076628000073],[102.21434330000005,18.00552717900007],[102.21346125300005,18.006438134000064],[102.21295008400006,18.00604352700003],[102.21222700100009,18.00722827900006],[102.21181460700006,18.007367868000074],[102.21105935500003,18.006989485000076],[102.21070828000006,18.007352128000036],[102.20993260500006,18.006970428000045],[102.20932774600004,18.007516295000073],[102.20875262400006,18.006823160000067],[102.20847011000006,18.007528085000047],[102.20788902200007,18.007840954000073],[102.20761640400008,18.008600513000033],[102.20739019900009,18.007846785000027],[102.20628668200004,18.007728882000038],[102.20588206300005,18.008532848000073],[102.20454449100004,18.008610215000033],[102.20399665900004,18.009659371000055],[102.20324172800008,18.010572842000045],[102.20290396400009,18.01151011500002],[102.20295726300009,18.01215895200005],[102.20224383300007,18.013141690000054],[102.20156868800007,18.013433004000035],[102.20164800200007,18.01386086900004],[102.20043529100008,18.015012445000025],[102.20112922700008,18.015619678000064],[102.20104573000003,18.01615948400007],[102.20157897100006,18.01669215100003],[102.20245389000007,18.016957620000028],[102.20264420000007,18.01768750800005],[102.20335815300007,18.018206123000027],[102.20341223400004,18.019067191000033],[102.20406739300006,18.01952784300005],[102.20457525200004,18.01938941900005],[102.20543834200004,18.01988045300004],[102.20539702500008,18.02021396300006],[102.20601790700005,18.020973741000034],[102.20556265200008,18.02158158700007],[102.20329645300006,18.022171877000062],[102.20164138400008,18.022199288000024],[102.20089191600005,18.02200282600006],[102.19634773800004,18.019206018000034],[102.19218563000004,18.017412329000024],[102.19090060200006,18.016772106000076],[102.18948231900004,18.01580335700004],[102.18702667400004,18.014315485000054],[102.18540026800008,18.013901564000037],[102.18260540800009,18.013826881000057],[102.17783760800006,18.01110820100007],[102.17303374400007,18.00860270800007],[102.16991585600005,18.006869376000054],[102.16868745800008,18.00575054600006],[102.16644983000003,18.003905203000045],[102.16373511100005,18.00122607700007],[102.16055493800008,17.996886034000056],[102.15594996200008,17.99034785400005],[102.15519918800004,17.990370920000032],[102.15526628500004,17.991003267000053],[102.15569674300008,17.991617963000067],[102.15434026900004,17.992775306000055],[102.15307110000003,17.99286896800004],[102.15325900900007,17.992482713000072],[102.15286499400008,17.992155463000074],[102.15108001200008,17.992885734000026],[102.15021315400008,17.992317229000037],[102.14951311100003,17.992551492000075],[102.14869002900008,17.992223393000074],[102.14785300600005,17.993105053000022],[102.14771761300005,17.994071760000054],[102.14740628000004,17.99441179300004],[102.14761389700004,17.99521130000005],[102.14825559200006,17.99575611000006],[102.14815256000009,17.996167049000064],[102.14699488400004,17.996404837000057],[102.14705720000006,17.997459568000068],[102.14671177100007,17.99910223200004],[102.14603806000008,17.999059482000064],[102.14550960600008,17.99998391500003],[102.14566316100007,18.000991837000072],[102.14598352500008,18.00151247100007],[102.14594912600006,18.002439302000028],[102.14521919700007,18.003553672000066],[102.14573467900004,18.00362126500005],[102.14567625400008,18.004067702000043],[102.14495892800005,18.004581436000024],[102.14434425200005,18.00471655000007],[102.14393074400004,18.00439932300003],[102.14346506400005,18.00464028600004],[102.14335504500008,18.005392304000054],[102.14251822500006,18.005369229000053],[102.14090855100005,18.006086155000048],[102.14044371000006,18.006144533000054],[102.13992077300009,18.006691320000073],[102.13986126100008,18.00769875800006],[102.14089828000004,18.009271811000076],[102.14135661400007,18.01116190700003],[102.14193554700006,18.01155398900005],[102.14225899200005,18.012718036000024],[102.14192081600004,18.013327504000074],[102.14221365700007,18.01377899700003],[102.14151430000004,18.015201355000045],[102.14066037400005,18.01536772000003],[102.14043133000007,18.016399878000072],[102.14102558600007,18.017064015000074],[102.14104370900009,18.01808557800007],[102.14135579300006,18.01878303500007],[102.14205886500008,18.019543155000065],[102.14139975500007,18.019947843000068],[102.14113601400004,18.020761512000036],[102.14127587100006,18.02114115100005],[102.14232595000004,18.02180824900006],[102.14273197000006,18.022305239000048],[102.14280275400006,18.02332265800004],[102.14412190500008,18.024448176000078],[102.14419972200005,18.025385549000077],[102.14462650300004,18.025858458000073],[102.14464186400005,18.02699814700003],[102.14383686000008,18.02795924000003],[102.14349997500005,18.02951663500005],[102.14435024400007,18.030551454000033],[102.14446633100005,18.031669571000066],[102.14480402000004,18.033092418000024],[102.14467158700006,18.033464864000052],[102.14325902500008,18.034213265000062],[102.14272634300005,18.035209636000047],[102.14232999500007,18.035443865000047],[102.14113737700006,18.03500263600006],[102.14015546000007,18.03520117200003],[102.13971518600005,18.03556542000007],[102.13880819000008,18.03582829900006],[102.13818840700009,18.035551072000032],[102.13772544700004,18.03453503700007],[102.13563123100005,18.034175723000033],[102.13472058300005,18.03466289200003],[102.13323008500004,18.034910654000043],[102.13239733100005,18.034666118000075],[102.13209695300009,18.035097586000063],[102.13080177900008,18.035474167000075],[102.12970818200006,18.03506752800007],[102.12928621800006,18.035242095000058],[102.12830179000008,18.034414666000032],[102.12776671300009,18.034283163000055],[102.12724366200007,18.034772314000065],[102.12636122100008,18.034038235000025],[102.12549263500006,18.034059289000027],[102.12487033700006,18.033474049000063],[102.12350420100006,18.032965558000058],[102.12334470500008,18.03232132900007],[102.12214136100005,18.032088718000068],[102.12158760200003,18.03153491200004],[102.12064826100004,18.031484069000044],[102.11915496600005,18.030518862000065],[102.11767696600003,18.030138562000047],[102.11740699800004,18.02973976900006],[102.11651667400008,18.029695120000042],[102.11538283100003,18.029331506000062],[102.11412539000008,18.028450535000047],[102.11334103000007,18.02849050100002],[102.11238043900005,18.028174239000066],[102.11209836200004,18.027716861000044],[102.11021414300006,18.027053742000078],[102.10779590400006,18.026048899000045],[102.10653183100004,18.026200208000034],[102.10596426300003,18.02662852000003],[102.10494736100009,18.027981030000035],[102.10417730700004,18.029355775000056],[102.10389177400003,18.030251144000033],[102.10385678000006,18.03137828800004],[102.10427684200005,18.033467504000043],[102.10489709900008,18.03447932100005],[102.10772359700007,18.037942671000053],[102.10940970100006,18.03963770400003],[102.10964018700008,18.04040432100004],[102.11077162600009,18.04092055600006],[102.11096216800007,18.041613677000043],[102.11166792000006,18.041795627000056],[102.11189190700009,18.042565644000035],[102.11165469400004,18.04354675600007],[102.11223355500005,18.04447662900003],[102.11229255600006,18.04555932900007],[102.11272760400004,18.04625181600005],[102.11257836400006,18.046808990000045],[102.11167310900004,18.047511771000075],[102.11177673400005,18.04894969000003],[102.11306352000008,18.049624170000072],[102.11292755300008,18.05220255000006],[102.11278453400007,18.05283511400006],[102.11314835000007,18.054300143000034],[102.11262685400004,18.055118466000067],[102.11141898000005,18.054793197000038],[102.11146321800004,18.05560304100004],[102.11116232000006,18.05688801200006],[102.11064015600004,18.05724857200005],[102.11022751000007,18.056957499000077],[102.10954695200007,18.057482169000025],[102.10932895500008,18.058188862000065],[102.10829105500005,18.058897149000074],[102.10886539500007,18.059834989000024],[102.10887508500008,18.060220617000027],[102.10830931200007,18.06139193200005],[102.10817558600007,18.062570765000032],[102.10858810200006,18.063639162000072],[102.10807389300004,18.06420690300007],[102.10856959900008,18.06597080800003],[102.10848129800007,18.06720611800006],[102.10778361300004,18.067860617000065],[102.10280643000004,18.070411559000036],[102.09978424100007,18.072393832000046],[102.09961028400005,18.072700707000024],[102.10056452100008,18.073865565000062],[102.10020453500005,18.07493758100003],[102.10036346700008,18.075826280000058],[102.10165970700007,18.077236320000054],[102.10202073500005,18.07822285900005],[102.10189125200009,18.078636650000078],[102.10099816400003,18.078954405000047],[102.10052039400006,18.079492986000048],[102.10040043500004,18.080076129000076],[102.10051516000004,18.081571981000025],[102.10025912900005,18.08189025200005],[102.09893766600004,18.082539379000025],[102.09720866400005,18.083064015000048],[102.09625012700008,18.08298252800006],[102.09545940000004,18.082509981000044],[102.09527351700007,18.080770320000056],[102.09479505400009,18.080330624000055],[102.09276273700004,18.080392611000036],[102.09210550300008,18.080278845000066],[102.08940552200005,18.079233947000034],[102.08803428400006,18.079141548000052],[102.08559285300004,18.079388553000058],[102.08457065200008,18.07899130900006],[102.08324451100003,18.07909824500007],[102.08184233600008,18.080292434000057],[102.08052892900008,18.08217164200005],[102.07985734200008,18.082493320000026],[102.07745581900008,18.082544700000028],[102.07601601200008,18.082980235000036],[102.07474912100008,18.08361448000005],[102.07406410500005,18.084301053000047],[102.07284363600007,18.084457540000074],[102.07168876500003,18.08504464300006],[102.07115437200008,18.08425667800003],[102.07063765800007,18.084248256000024],[102.07024198300007,18.084746747000054],[102.06864564400007,18.08455071700007],[102.06794362500005,18.083936882000046],[102.06778193600007,18.083397389000027],[102.06729446500003,18.083433059000072],[102.06682890300004,18.08408183000006],[102.06649681800008,18.085156118000043],[102.06457495200004,18.084860800000058],[102.06323880600007,18.08537190100003],[102.06149171600003,18.085235904000058],[102.06042937800004,18.084343715000045],[102.05994987200006,18.084490945000027],[102.05834627000007,18.08598684900005],[102.05742712200004,18.086392037000053],[102.05513989400004,18.086168997000073],[102.05416744200005,18.08381468300007],[102.05293164700004,18.07996590600004],[102.05261875900004,18.078520059000027],[102.05244451900006,18.075380154000072],[102.05259270500005,18.07483109900005],[102.05501074200004,18.06991483400003],[102.05535295200008,18.068875870000056],[102.05564670400008,18.064062481000065],[102.05580569700004,18.06015985600004],[102.05557574300008,18.057883642000036],[102.05516493400006,18.056173971000078],[102.05379334100007,18.053821520000042],[102.05253104900004,18.050819939000064],[102.05251550700007,18.049920201000077],[102.05319656600005,18.047180453000067],[102.05340770500004,18.045348125000032],[102.05316624300008,18.043668104000062],[102.05335951500007,18.042723979000073],[102.05470292900009,18.040819534000036],[102.05480260800005,18.040013273000056],[102.05400929800004,18.036251696000022],[102.05327078000005,18.035355331000062],[102.05013511700008,18.034265176000076],[102.04922239100006,18.033191852000073],[102.04752362100004,18.02970579400005],[102.04681035400006,18.028817048000064],[102.04428183800007,18.027357840000036],[102.04284038500003,18.02559896400004],[102.04191915800004,18.024966970000037],[102.03998077300008,18.024491156000067],[102.03830889500006,18.023800548000054],[102.03732472900003,18.022878543000047],[102.03733377700007,18.02206225200007],[102.03907769500006,18.018621064000058],[102.03925188600005,18.017749690000073],[102.03935147300007,18.015737753000053],[102.03916822000008,18.01287478000006],[102.03878572400004,18.01142647000006],[102.03858127200004,18.009932599000024],[102.03819805800003,18.00844152700006],[102.03761906300008,18.005240590000028],[102.03771348700008,18.003102424000076],[102.03906924900008,17.99782214000004],[102.03890222600006,17.994130032000044],[102.03912342300004,17.993586139000058],[102.04230854000008,17.98978626400003],[102.04235293800008,17.989403453000023],[102.04127653100005,17.989130509000063],[102.03746614200008,17.990456232000042],[102.03669864900007,17.990581569000028],[102.03462759800004,17.99064235700007],[102.03178516500009,17.99060189200003],[102.02998286300004,17.99080005600007],[102.02682649200005,17.991444254000044],[102.02564080500008,17.99134947500005],[102.02465648100008,17.990911634000042],[102.02385148300004,17.990089683000065],[102.02262878300007,17.98759315700005],[102.02179457400007,17.986254195000072],[102.01998861700008,17.984497813000075],[102.01782047600005,17.98262138000007],[102.01577319000006,17.981030108000027],[102.01584704600003,17.980670221000025],[102.01759635900004,17.980330107000043],[102.01970890000007,17.979736315000025],[102.02105434900005,17.979194832000076],[102.02326397500008,17.97789485100003],[102.02426850200004,17.976845033000075],[102.02477747500006,17.974553306000075],[102.02480956300008,17.97245194100003],[102.02514938100006,17.97127731200004],[102.02683633800007,17.969446534000042],[102.02707980600007,17.96888619500004],[102.02712479400009,17.96754267800003],[102.02628742700006,17.96621292900005],[102.02415888900003,17.965035396000076],[102.02399243200006,17.96438766600005],[102.02446284800004,17.96183872900002],[102.02450867400006,17.959968487000026],[102.02439091400004,17.956328206000023],[102.02454796900008,17.955022231000044],[102.02500963300008,17.95378290700006],[102.02662204500007,17.95036694500004],[102.02774819600006,17.948488530000077],[102.02995427400003,17.946201572000064],[102.03040074700004,17.945553763000078],[102.03085879100007,17.944275609000044],[102.03089142400006,17.941816337000034],[102.03117756500006,17.938002380000057],[102.03052535900008,17.934540527000024],[102.03063514800004,17.933010998000043],[102.03118133000004,17.930835098000045],[102.03174512200007,17.929497040000058],[102.03289913500004,17.927258004000066],[102.03318207000007,17.926094312000032],[102.03308536200007,17.925341058000072],[102.03218136800007,17.923362071000042],[102.03220803700003,17.92223318400005],[102.03286132200009,17.921125354000026],[102.03464142100006,17.918720136000047],[102.03522153700004,17.916969406000078],[102.03577871700008,17.914134974000035],[102.03632150800007,17.91267740400008],[102.03743577900008,17.91065459600003],[102.03879249600004,17.907653679000077],[102.03892002200007,17.905282674000034],[102.03857054700006,17.90308075100006],[102.03788944400009,17.901203294000027],[102.03599538400005,17.897974201000068],[102.03653913100004,17.894471508000038],[102.03675904700003,17.891764575000025],[102.03718351200007,17.887960802000066],[102.03786050900004,17.885586139000054],[102.03867665800004,17.88403915600003],[102.03939749300008,17.88346830300003],[102.04106262200008,17.88303631200006],[102.04279300700006,17.88228752200007],[102.04363079900008,17.881688005000058],[102.04434391100006,17.880684443000064],[102.04589284000008,17.877592995000043],[102.04647023700005,17.87684671100004],[102.04874809700004,17.875085786000056],[102.05116447400007,17.873593072000062],[102.05233157700007,17.872334615000057],[102.05225585900007,17.871192420000057],[102.05026395200008,17.86737228000004],[102.04998019500005,17.866523191000056],[102.04999362700005,17.865395513000067],[102.05022513900008,17.863480345000028],[102.05001547500007,17.861515858000075],[102.04955400500006,17.859301267000035],[102.04878511500004,17.856503238000073],[102.04862017200008,17.855437600000073],[102.04864867100008,17.853666160000046],[102.04910511700007,17.851876692000076],[102.05001508500004,17.850391503000026],[102.05165065900007,17.84871991800003],[102.05200391800008,17.847104125000044],[102.05193525300007,17.845694949000062],[102.05135159900004,17.842636626000058],[102.04975517100007,17.838863271000037],[102.04924390600007,17.837019079000072],[102.04931686300006,17.83560252700005],[102.04967025400003,17.83502575400007],[102.05057835300005,17.834156336000035],[102.05068124900004,17.833642995000048],[102.04949711500007,17.831350626000074],[102.04981857700005,17.829966057000036],[102.04845532700006,17.82739461500006],[102.04812321000009,17.824921161000077],[102.04773597500008,17.82361810200007],[102.04782035900007,17.821792670000036],[102.04761352800006,17.82009829200007],[102.04726077700008,17.818925111000055],[102.04656955400009,17.817926546000024],[102.04414597400006,17.816139690000057],[102.04368027800007,17.81552459200003],[102.04343331400008,17.814118171000075],[102.04280208700004,17.812952918000065],[102.04196126000005,17.812202460000037],[102.04074293700006,17.811570368000048],[102.03902025400004,17.81100277400003],[102.03840587300004,17.810613550000028],[102.03782782300004,17.809798320000027],[102.03739940600008,17.808446916000037],[102.03652488500006,17.80642011900005],[102.03655075900008,17.805304482000054],[102.03763497600005,17.804107728000076],[102.03921710900005,17.80122395500007],[102.04114547300009,17.801299648000054],[102.04248542700009,17.801528124000072],[102.04484562400006,17.802571787000034],[102.04760301300007,17.80452342700005],[102.04904753100004,17.805797394000024],[102.05081771100004,17.80683355700006],[102.05251117100005,17.807438732000037],[102.05458288100004,17.807838524000033],[102.05564552200008,17.807809339000073],[102.05718108000008,17.806856261000064],[102.05797186300003,17.806901324000023],[102.05872462900004,17.806578729000023],[102.05970314500007,17.80543165000006],[102.06031132900006,17.805317393000053],[102.06037470000007,17.804897486000073],[102.06096521600006,17.80436796500004],[102.06166691600004,17.804360357000064],[102.06247527500005,17.80378349800003],[102.06295262100008,17.802823316000058],[102.06368356800004,17.802463889000023],[102.06335107200005,17.801580589000025],[102.06346600500007,17.80087608900004],[102.06437369600008,17.800334830000054],[102.06453364900005,17.799582330000078],[102.06362784000004,17.79920125600006],[102.06278062900009,17.797707781000042],[102.06401216300009,17.796718889000033],[102.06489973700008,17.795826600000055],[102.06573476000005,17.79645885900004],[102.06592825300004,17.79588417100007],[102.06652821000006,17.795882117000076],[102.06677932900004,17.795433299000024],[102.06741806000008,17.795631042000025],[102.06744824600008,17.794553192000024],[102.06822827800005,17.794680664000055],[102.06920011600005,17.79446359800005],[102.06907207200004,17.795269631000053],[102.06975699600008,17.79535405000007],[102.07040865400006,17.79446026900007],[102.07129308400005,17.79496491900005],[102.07378096100007,17.79507879700003],[102.07578967400008,17.79577927400004],[102.07780010600004,17.796168583000053],[102.07952155500004,17.79668273900006],[102.08009343600008,17.796654439000065],[102.08140591500006,17.79619251400004],[102.08510535600004,17.79410926500003],[102.08770250900005,17.792162033000068],[102.08944076600005,17.791262225000025],[102.09115363700005,17.790847451000047],[102.09253489400004,17.79076099400004],[102.09378407000008,17.790838162000057],[102.09561366800006,17.791326152000067],[102.09847539900005,17.792993196000054],[102.10037357400006,17.79354466500007],[102.10284270600005,17.79395782000006],[102.10734994500007,17.795210890000078],[102.10952349100006,17.79608096900006],[102.11844097900007,17.79687587500007],[102.12192109800009,17.797240336000073],[102.12546867300006,17.79743770600004],[102.12854865800006,17.797921289000044],[102.12881726400008,17.798578983000027],[102.12801558200005,17.802473742000075],[102.12810161300007,17.803538528000047],[102.12862131800006,17.805374612000037],[102.12916936300007,17.806050741000035],[102.13209727400005,17.80715245300007],[102.13238401500007,17.807346893000044],[102.13270554100006,17.80837559300005],[102.13286822600008,17.811894549000044],[102.13322179000005,17.81282581000005],[102.13370459200007,17.81343191600007],[102.13524116500008,17.81450572500006],[102.13585264300008,17.81475437200004],[102.13767236500007,17.814660528000047],[102.13965331600008,17.814144080000062],[102.14111060500005,17.814540650000026],[102.14199806500005,17.81514022300007],[102.14285974500007,17.816192510000064],[102.14746050200006,17.819216761000064],[102.14783551500005,17.820034000000078],[102.14824945000004,17.820098501000075],[102.15217804800005,17.820022744000028],[102.15271608400008,17.820477237000034],[102.15258837800008,17.822018142000047],[102.15325322500007,17.822695174000046],[102.15437071000008,17.82299163500005],[102.15524799200006,17.82409670000004],[102.15701537300004,17.824830534000057],[102.15799108500005,17.825955098000065],[102.15824248500007,17.826517597000077],[102.15798145700006,17.82713305900006],[102.15556540100005,17.82850773200005],[102.15443768500006,17.829445521000025],[102.15389481700004,17.83117410600005],[102.15387321500003,17.832446223000034],[102.15288103400007,17.83443529300007],[102.15027907500007,17.835942293000073],[102.14919304500006,17.837018103000048],[102.14690248700003,17.840413864000027],[102.14812856400005,17.841826252000033],[102.14971370500007,17.84320777100004],[102.15046882000007,17.843396589000065],[102.15086588200006,17.843839718000027],[102.15121140900004,17.84569078100003],[102.15214430800006,17.84665519500004],[102.15381694600006,17.846786649000023],[102.15437395700008,17.847053609000056],[102.15643637800008,17.849252232000026],[102.15790272000004,17.851066992000028],[102.15902612200006,17.852129657000035],[102.16011740200008,17.852732891000073],[102.16335548200004,17.853876224000032],[102.16556975000003,17.855172952000032],[102.16651040900007,17.854810047000058],[102.16758094000005,17.85376875700007],[102.16850307400006,17.853292386000078],[102.16964353000009,17.853962764000073],[102.16984395000009,17.854657907000046],[102.16964251900004,17.85558079300006],[102.17013471600006,17.85635335300003],[102.17117041400007,17.857069667000076],[102.17272732300006,17.85703169100003],[102.17337898000005,17.85730550100004],[102.17358578600005,17.857801433000077],[102.17520021300004,17.859616834000065],[102.17597540000008,17.859995149000042],[102.17725311200007,17.860273278000022],[102.17891290900008,17.86043018500004],[102.18196098800007,17.86034101300004],[102.18331866300008,17.859753429000023],[102.18566618200003,17.860268509000036],[102.18692558600009,17.860159490000058],[102.19098675100008,17.85796063400005],[102.19378110600007,17.857777635000048],[102.19487191200005,17.858145575000037],[102.19624223500006,17.858817575000046],[102.19734697100006,17.858601775000068],[102.19797445600005,17.857949876000077],[102.19846175700008,17.85684673700007],[102.19962077000008,17.855997486000035],[102.20131647200009,17.85600116200004],[102.20183009500005,17.855834257000026],[102.20261252700004,17.856050654000057],[102.20392908300005,17.857298697000033],[102.20426718800007,17.85875846500005],[102.20461993800006,17.858579130000066],[102.20582881600006,17.858817508000072],[102.20636478200004,17.857708270000046],[102.20722160400004,17.858242349000022],[102.20845539800007,17.858542629000056],[102.20885243100008,17.85904890000006],[102.21028017400005,17.859077993000028],[102.21149030400005,17.858396043000027],[102.21230730700006,17.85758601300006],[102.21265913300005,17.856836050000027],[102.21478754400005,17.856830006000052],[102.21557703700006,17.85699700600003],[102.21645609700005,17.85678714100004],[102.21807819100007,17.856816148000064],[102.21888051500008,17.85734747400005],[102.21927950200006,17.85858951000006],[102.21923616800007,17.860353366000027],[102.21970154700006,17.86079258700005],[102.22066570100009,17.86087716700007],[102.22127421300007,17.861422496000046],[102.22116677500009,17.861752055000068],[102.22172734900005,17.862541153000052],[102.22152737500005,17.862840728000037],[102.22168671200006,17.86440710200003],[102.22245229100008,17.865858599000035],[102.22200333200004,17.86623688900005],[102.22181445700005,17.867231995000054],[102.22253585700008,17.867695248000075],[102.22362702800007,17.867519306000077],[102.22401897500004,17.868399473000068],[102.22587346900008,17.868877717000032],[102.22641654500006,17.869366127000035],[102.22580789600005,17.869627367000078],[102.22621274700003,17.86987239900003],[102.22648508800006,17.870676162000052],[102.22695490600006,17.87108172300003],[102.22807044900009,17.871421832000067],[102.22826860400005,17.871930358000043],[102.22941285600007,17.87217961300007],[102.22967360900009,17.872728073000076],[102.23048028800008,17.87250097900005],[102.23116689800008,17.87344476100003],[102.23203918800004,17.87401492500004],[102.23249854200009,17.87517964700004],[102.23438875400007,17.876288781000028],[102.23516231700006,17.87726198400003],[102.23600583900009,17.877558450000038],[102.23623680700007,17.878296399000078],[102.23556479800004,17.87826984800006],[102.23608393400008,17.87893465600007],[102.23704227300004,17.878834160000054],[102.23826841000005,17.879559380000046],[102.23868752100009,17.879581804000054],[102.23920982100009,17.879004011000063],[102.24026032200004,17.87845648600006],[102.24101234000005,17.878356647000032],[102.24178310100007,17.878870506000055],[102.24225913000004,17.87982032800005],[102.24295070500006,17.880252478000045],[102.24478000300007,17.881073376000074],[102.24532087500006,17.88165929200005],[102.24692950100007,17.882233556000074],[102.24854101900007,17.882279440000048],[102.25071599200004,17.882918188000076],[102.25568599200005,17.88496876800002],[102.25470812800006,17.887787888000048],[102.25398794900008,17.89089800200003],[102.25378884900005,17.892843072000062],[102.25385129000006,17.893486910000036],[102.25461267100007,17.89654492300002],[102.25475259300003,17.898118279000073],[102.25464425300004,17.898719839000023],[102.25398637300003,17.900004898000077],[102.25357951500007,17.905739570000037],[102.25274448200008,17.909931302000075],[102.25262666300006,17.911046675000023],[102.25241516800008,17.916277885000056],[102.25245505800007,17.920921854000028],[102.25262358500004,17.921467774000064],[102.25331572400006,17.922126278000064],[102.25705029500006,17.924409678000075],[102.25695119200009,17.92537956700005],[102.25342840900004,17.927467066000077],[102.25274642600004,17.928190677000032],[102.25264262700006,17.92918481600003],[102.25274177400007,17.93125001800007],[102.25299158600006,17.93358964400005],[102.25342095500008,17.93631448900004],[102.25354310400007,17.938012697000033],[102.25397468900007,17.941193782000028],[102.25428177900005,17.942224726000063],[102.25547966000005,17.944827154000052],[102.25569615100005,17.947028664000072],[102.25631741900008,17.949764739000045],[102.25817348400005,17.953967177000038],[102.25921949600007,17.956091323000066],[102.25934340400005,17.95722487000006],[102.25967286800005,17.958138555000062],[102.26096942900006,17.960225972000046],[102.26208865600006,17.96134454500003],[102.26476135000007,17.96327778600005],[102.26600087000008,17.964791732000037],[102.26729360500008,17.96725977600005],[102.26891017300005,17.969892878000053],[102.27260223700006,17.974912518000053],[102.27461528800006,17.97777760200006],[102.27543023700008,17.979173584000023],[102.27592842700005,17.980617410000036]]]},"properties":{"Shape_Leng":1.21804511035,"Shape_Area":0.0436617112738,"ADM2_EN":"Na Yung","ADM2_TH":"นายูง","ADM2_PCODE":"TH4122","ADM1_EN":"Udon Thani","ADM1_TH":"อุดรธานี","ADM1_PCODE":"TH41","ADM0_EN":"Thailand","ADM0_TH":"ประเทศไทย","ADM0_PCODE":"TH"}},
{"type":"Feature","geometry":{"type":"Polygon","coordinates":[[[102.95485179600007,17.45489520600006],[102.95672732500009,17.45503605600004],[102.95811406900003,17.454683798000076],[102.96042454200006,17.453618935000065],[102.96410760500004,17.45155778700007],[102.96533133000008,17.450688593000052],[102.96754698700005,17.44781189300005],[102.96833941300008,17.447348840000075],[102.97243727700004,17.447714216000065],[102.97797495900005,17.44882091900007],[102.98111817700004,17.449329440000042],[102.98498324400003,17.449251394000044],[102.98805787500004,17.449294460000033],[102.99414581100007,17.449905396000077],[102.99713067100004,17.450002495000035],[103.00263864200008,17.44987418100004],[103.00622797000005,17.45016844500003],[103.00873227800008,17.45074638500006],[103.01208604600004,17.45108020400005],[103.01735743500006,17.451776708000068],[103.02881545500009,17.452381909000053],[103.03258237200004,17.452979085000038],[103.03492726900004,17.453479752000078],[103.03694106600005,17.453767807000077],[103.03908295800005,17.453943586000037],[103.04081286200005,17.453939740000067],[103.04585119900008,17.454463795000038],[103.04726106600003,17.45474837200004],[103.05071459300007,17.455194920000054],[103.05165068800005,17.45545779400004],[103.05318966700008,17.45641327000004],[103.05976291100006,17.459176969000055],[103.06250708900006,17.46074995400005],[103.06584242300005,17.462483103000068],[103.06773972200006,17.46339977200006],[103.07110951300007,17.46521043000007],[103.07313846500006,17.466442605000054],[103.07452969700006,17.467082635000054],[103.07582616400003,17.467400636000036],[103.07874189600005,17.467873342000075],[103.08247087100006,17.468219632000057],[103.08391223600006,17.469127687000025],[103.08391966600004,17.470326646000046],[103.08449048400007,17.47109232500003],[103.08564705100008,17.47141051600005],[103.08602763400006,17.47186461800004],[103.08607318900005,17.472622602000058],[103.08664711400007,17.47292884600006],[103.08762289200007,17.472273794000046],[103.08833892900009,17.472102634000066],[103.08928350700006,17.472367099000053],[103.08968068100006,17.472747919000028],[103.08983934300005,17.47343445100006],[103.08971079600008,17.476201735000075],[103.09069115300008,17.47859744300007],[103.09151315900004,17.47892773500007],[103.09144840100004,17.479472302000033],[103.08949842700008,17.480601527000033],[103.08915386600006,17.481804022000063],[103.08822895400004,17.482024507000062],[103.08768522700007,17.483406124000055],[103.08830008200005,17.483737680000047],[103.08866477000004,17.484344806000024],[103.08822577400008,17.48456070800006],[103.08740841200006,17.483908490000033],[103.08528950500005,17.484177852000073],[103.08490170100004,17.485117099000036],[103.08507704100003,17.485549708000065],[103.08441243500005,17.486481192000042],[103.08477991800004,17.487021578000054],[103.08465517600007,17.487415473000055],[103.08401812200003,17.48706555600006],[103.08322956700005,17.487076428000023],[103.08201646000003,17.486700607000046],[103.08196712900008,17.487053424000067],[103.08309662200008,17.487837871000067],[103.08386464000006,17.488980278000042],[103.08374302700008,17.48981832100003],[103.08428650500008,17.489817575000075],[103.08483242000005,17.490229234000026],[103.08565262600007,17.48993790000003],[103.08602449000006,17.491064682000058],[103.08689921000007,17.49074994800003],[103.08662475200003,17.491576682000073],[103.08605415600005,17.491535184000043],[103.08563957600006,17.492122306000056],[103.08633223500004,17.49286899300006],[103.08638796100007,17.493469769000058],[103.08562764200008,17.494053278000024],[103.08649802500008,17.494638853000026],[103.08761347100005,17.49438570700005],[103.08987771400007,17.49560832800006],[103.08945884000008,17.496182800000042],[103.09036766100007,17.497017121000056],[103.09069553000006,17.498626770000044],[103.09128402700009,17.49872805700005],[103.09226688800004,17.498155749000034],[103.09265474100005,17.498649796000052],[103.09236867100009,17.499319139000022],[103.09291636700004,17.499908728000037],[103.09238288200004,17.500195302000066],[103.09263111100006,17.50055255500007],[103.09382653800009,17.50036539000007],[103.09406402500008,17.500791357000026],[103.09418500800007,17.502594267000063],[103.09456340700007,17.50301253600003],[103.09616550600003,17.503481303000058],[103.09679122400007,17.503894053000067],[103.09662869800007,17.50485022400005],[103.09522712600005,17.50631037900007],[103.09559694400008,17.506588758000078],[103.09676796700006,17.505719656000053],[103.09730914200009,17.50593336000003],[103.09819005000008,17.505246561000035],[103.09911215100004,17.506124369000077],[103.10040550300005,17.506103849000056],[103.10067633800008,17.50654709400004],[103.10199592100008,17.50674309900006],[103.10210450100004,17.507196055000065],[103.10318515600005,17.506887995000056],[103.10330890100005,17.506505014000027],[103.10436903000004,17.505704337000054],[103.10620450600004,17.505334693000066],[103.10704921100006,17.50475705300005],[103.10746272200004,17.504993023000054],[103.10889348700005,17.504558633000045],[103.10997232800008,17.503329111000028],[103.11018063700004,17.502859999000066],[103.11094715500008,17.502748765000035],[103.11146601900003,17.502991931000054],[103.11427178800005,17.502760000000023],[103.11559020100003,17.501484857000037],[103.11568537000005,17.50079596300003],[103.11624560600006,17.500344150000046],[103.11637712700008,17.499251791000063],[103.11724196000006,17.49910016000007],[103.11888993100007,17.497593921000032],[103.11949553700003,17.496680855000022],[103.12133965400005,17.49610817000007],[103.12193856500005,17.496098077000056],[103.12514883800009,17.496650552000062],[103.12792822900008,17.497358054000074],[103.12944090600007,17.497600895000062],[103.13003078700007,17.498094268000045],[103.13038784300005,17.49881174500007],[103.13011221100004,17.498968443000024],[103.13047705300005,17.500097554000035],[103.13131268900008,17.500642948000063],[103.13155685300006,17.501225206000072],[103.13224566900004,17.501702660000035],[103.13360996600005,17.503030528000068],[103.13475996200003,17.505933351000067],[103.13500764100007,17.50716348000003],[103.13507443900005,17.50910923500004],[103.13434983600007,17.514851633000035],[103.13348193600007,17.52298283700003],[103.13331863500008,17.523656600000038],[103.13445114200005,17.52517952000005],[103.13483617300005,17.52661321200003],[103.13667766600008,17.528395689000035],[103.13769424100008,17.53042892600007],[103.13796019300008,17.53067526700005],[103.13864639800005,17.53226194800004],[103.13904868900005,17.532496483000045],[103.14074117100006,17.534983187000023],[103.14020562200005,17.535664994000058],[103.14014769900007,17.537217399000042],[103.14084157500008,17.537624392000055],[103.14082145100008,17.53801612500007],[103.14263333800005,17.53847068300007],[103.14284466000004,17.539045231000046],[103.14336723900004,17.53944583300006],[103.14315927500007,17.54055094200004],[103.14176204100005,17.541836833000048],[103.14179579200004,17.542478927000047],[103.14230925300006,17.544215098000052],[103.14235552500008,17.546248218000073],[103.14169144600004,17.549252116000048],[103.14152621300008,17.55087052600004],[103.14163906600004,17.552924130000065],[103.14257196000005,17.559900739000057],[103.14319072300003,17.563135341000077],[103.14350886200003,17.56596866500007],[103.14343407600006,17.567356441000072],[103.14366488600007,17.568508182000073],[103.14363707600006,17.570524129000034],[103.14379475800007,17.57349106600003],[103.14401239400007,17.57460777800003],[103.14470956800005,17.576242602000036],[103.14553529100004,17.577376053000023],[103.14869633900008,17.58108760300007],[103.14967585100004,17.58215800100004],[103.15154159600007,17.58477574400007],[103.15544611400009,17.59049327200006],[103.15590714600006,17.591651655000078],[103.15543686400008,17.59249337600005],[103.15498677300008,17.592762616000073],[103.15516659500008,17.593324084000074],[103.15468157400005,17.59472048300006],[103.15511194700008,17.595067440000037],[103.15490936000003,17.59656884000003],[103.15506318200005,17.59712015300005],[103.15404714500005,17.597925850000024],[103.15462378200004,17.59889306200006],[103.15429362300006,17.599247465000076],[103.15473913900007,17.59984031500005],[103.15330720800006,17.600727492000033],[103.15334047100004,17.60142279300004],[103.15260560700005,17.601733652000064],[103.15160394600008,17.602599078000026],[103.15092362300004,17.60261448600005],[103.14996811200007,17.602971628000034],[103.14976932500008,17.603613775000042],[103.14880280900007,17.60404807200007],[103.14880225600007,17.604502654000044],[103.15008733300004,17.60606791300006],[103.14999072200004,17.607255525000028],[103.14972043400007,17.60828553300007],[103.14995557300006,17.60929604100005],[103.15053196500008,17.60931699100007],[103.14991434500007,17.609964985000033],[103.14932071300007,17.611255627000048],[103.14902205200008,17.612365560000057],[103.14956177900007,17.612827002000074],[103.14932700200006,17.61330501300006],[103.14849407200006,17.61328314000002],[103.14821871300006,17.614436864000027],[103.14734609500005,17.61463330500004],[103.14655513200006,17.61595563000003],[103.14599694000003,17.616055161000077],[103.14525041100006,17.616633080000042],[103.14499728600003,17.617308656000034],[103.14352581700007,17.617942559000028],[103.14276440400005,17.617788116000042],[103.14218040800006,17.618073871000036],[103.14247026200007,17.618793371000038],[103.14237732200007,17.61937718300004],[103.14151642000007,17.619367792000048],[103.14071785400006,17.620411929000056],[103.14098875800005,17.62160995000005],[103.14067321000005,17.62199072800007],[103.13962895300006,17.62186430400004],[103.14048843700004,17.622736450000048],[103.14029609200009,17.623150758000065],[103.13806694800007,17.62416330900004],[103.13817711300004,17.624739721000026],[103.13728709200007,17.624687007000034],[103.13668646000008,17.624058140000045],[103.13540721000004,17.623620179000056],[103.13411929100005,17.62300263000003],[103.13312776200007,17.62300180400007],[103.13295266200004,17.62355556500006],[103.13221326700005,17.623643525000034],[103.13149861300008,17.62307838600003],[103.13115312600007,17.623448317000054],[103.13030855700003,17.62319632300006],[103.13050054000007,17.622760742000025],[103.12998025700006,17.622551551000072],[103.12958468700003,17.622884335000037],[103.12954526500005,17.622119060000045],[103.12879227900004,17.621620113000063],[103.12791737300006,17.62178761800004],[103.12737016600005,17.62271981500004],[103.12771246300008,17.623074573000054],[103.12756516700006,17.623986752000064],[103.12678204900004,17.623589852000066],[103.12634030600009,17.62419010900004],[103.12550362600007,17.623813722000023],[103.12539980000008,17.625201079000078],[103.12486422500007,17.625447999000073],[103.12400434000006,17.62456054100005],[103.12503582200009,17.62397943700006],[103.12395352100003,17.623084251000023],[103.12458840600004,17.622537934000036],[103.12356166100005,17.622081619000028],[103.12349326600008,17.62277206500005],[103.12293632800004,17.622684070000048],[103.12179224400006,17.622885649000068],[103.12225997100006,17.622063543000024],[103.12140427500003,17.621929118000025],[103.12180140600009,17.621331991000034],[103.12118833700004,17.62151797200005],[103.12025475700005,17.620752262000053],[103.11908249100009,17.62162935500004],[103.11912131500009,17.62067903800005],[103.11652826100004,17.61933536500004],[103.11568533900004,17.618885885000054],[103.11541290600007,17.61769902700007],[103.11494015200009,17.61756699500006],[103.11372333000008,17.618070690000025],[103.11310588200007,17.617928780000057],[103.11303205200005,17.61719829200007],[103.11384249300005,17.61670649900003],[103.11374392500005,17.616330814000037],[103.11239786800007,17.615042192000033],[103.11132746800007,17.615485440000043],[103.11108293500007,17.617109450000044],[103.10973763200008,17.61684610800006],[103.10861096800005,17.61735260200004],[103.10761435300009,17.617094549000058],[103.10753715000004,17.615131226000074],[103.10731790500006,17.614943252000046],[103.10497197100005,17.615336357000047],[103.10409947200009,17.61494700700007],[103.10414372200006,17.614232049000066],[103.10526189500007,17.613387593000027],[103.10688611300009,17.61283846500004],[103.10683040100008,17.611751084000048],[103.10588904400004,17.610949529000038],[103.10602716300008,17.60911072300007],[103.10710748900004,17.607433576000062],[103.10727573000008,17.606332804000033],[103.10698480700006,17.60574026200004],[103.10609131300004,17.60521636200002],[103.10576275700004,17.604483280000068],[103.10574372000008,17.602943055000026],[103.10556512200009,17.602071402000036],[103.10504110500005,17.601294437000035],[103.10276601400005,17.59972285200007],[103.10235182300005,17.59882486600003],[103.10174491900005,17.598362604000044],[103.09932487500004,17.597814543000027],[103.09818546100007,17.597212352000042],[103.09680601800005,17.59589361700006],[103.09604748700008,17.59421403700003],[103.09627138700006,17.593869564000045],[103.09722309400007,17.59376920400007],[103.09695951800006,17.592903069000045],[103.09632621900005,17.59287726900004],[103.09556327000007,17.593263609000076],[103.09417538100007,17.59241430800006],[103.09430816200006,17.591721046000032],[103.09476239000008,17.591216042000042],[103.09494198600004,17.58924306600005],[103.09438575800004,17.58788774100003],[103.09311834300007,17.587684574000036],[103.09438262900005,17.585331847000077],[103.09449009200006,17.584725478000053],[103.09366143600005,17.58423728500003],[103.09325809100005,17.582592161000036],[103.09253687100005,17.580945628000052],[103.09204901900006,17.58056818800003],[103.09038020200006,17.580880818000026],[103.08826452900007,17.57927718600007],[103.08688683000008,17.579014759000074],[103.08607368000008,17.579525580000052],[103.08616009100007,17.581070553000075],[103.08599214900005,17.581343884000034],[103.08396220300006,17.58165209300006],[103.08328285100004,17.58204548200007],[103.08244062200004,17.58372148600006],[103.08200238400008,17.583758339000042],[103.08157599300006,17.58278120700004],[103.08079848500006,17.582692936000058],[103.08042422200003,17.583406325000055],[103.07999863900005,17.58354954400005],[103.07876945600003,17.582978409000077],[103.07904773900003,17.582645713000034],[103.07999867000007,17.582722944000068],[103.08001378800009,17.582349949000047],[103.07924596900006,17.581792344000064],[103.07783481800004,17.57994387100007],[103.07670960300004,17.579624935000027],[103.07624395200008,17.580060889000038],[103.07484445200004,17.578981404000046],[103.07393577000005,17.578941298000075],[103.07329861700003,17.578463250000027],[103.07262639900006,17.577532268000027],[103.07226430800006,17.57824579100003],[103.07272337500007,17.57905144600005],[103.07254185600004,17.579329397000038],[103.07188431300006,17.579125444000056],[103.07141247400006,17.578404840000076],[103.07109097100005,17.579565656000057],[103.07066169000007,17.579614110000023],[103.06992106400008,17.57878756100007],[103.07025712800004,17.578147794000074],[103.07090087500006,17.577790067000024],[103.07071981300004,17.57735621300003],[103.06993986200007,17.577260800000033],[103.07059893200005,17.575887581000075],[103.06955166400007,17.575383676000058],[103.06932290300006,17.576146359000063],[103.06868125000005,17.576526597000054],[103.06832495700007,17.576119388000052],[103.06841944700005,17.575606140000048],[103.06926433400008,17.574824232000026],[103.06926826400007,17.574140766000028],[103.06888964600006,17.573979675000032],[103.06745205100003,17.574568749000036],[103.06658991700004,17.573789216000023],[103.06720317500009,17.57259364400005],[103.06665313400003,17.572546103000036],[103.06580356300009,17.573029573000042],[103.06604060800004,17.57158359500005],[103.06572280900008,17.571085121000067],[103.06497402300005,17.57109069100005],[103.06514201700008,17.570455121000066],[103.06403007200004,17.570270782000023],[103.06471600300006,17.569679476000033],[103.06373731600007,17.569329020000055],[103.06322856500009,17.56866801600006],[103.06284010600007,17.568777813000054],[103.06262109700003,17.569443499000045],[103.06157227700004,17.569413307000048],[103.06203452600005,17.570683961000043],[103.06157101300005,17.571405640000023],[103.06151042600004,17.572048774000052],[103.06071744400003,17.57193699800007],[103.05912921400005,17.573254121000048],[103.05741090900005,17.572919159000037],[103.05708437100009,17.572046374000024],[103.05666700800003,17.571776080000063],[103.05574066400004,17.57245987500005],[103.05535472400004,17.571763711000074],[103.05633566200004,17.570112659000074],[103.05579680300008,17.569002518000048],[103.05347231400003,17.569678838000073],[103.05321335100007,17.570282923000036],[103.05241493900007,17.570611240000062],[103.05166652500009,17.57050646600004],[103.05136156200007,17.570037714000023],[103.05026863400008,17.56995591200007],[103.04945230800007,17.57022882900003],[103.04924524300009,17.568820807000066],[103.04788485500006,17.56853945900002],[103.04780319100007,17.568897437000032],[103.04834762500008,17.569292414000074],[103.04800696100006,17.570025205000036],[103.04744330700004,17.57005332500006],[103.04699063100009,17.569401407000043],[103.04555686900005,17.569330137000065],[103.04501974000004,17.568923865000045],[103.04604530900008,17.56832428900003],[103.04533470800004,17.567609109000045],[103.04485771800006,17.568209849000027],[103.04415213200008,17.56815738000006],[103.04297580500008,17.567285335000065],[103.04329041900007,17.566811656000027],[103.04416858200005,17.56675260800006],[103.04472659300006,17.566040513000075],[103.04457967200005,17.565614862000075],[103.04370100300008,17.564830200000074],[103.04313731500008,17.565163015000053],[103.04337463300004,17.565831595000077],[103.04213924800007,17.56572963700006],[103.04192608000005,17.56528359400005],[103.04295946000008,17.564694042000042],[103.04268985700008,17.564432735000025],[103.04183344700004,17.564460764000046],[103.04067173700008,17.564123151000047],[103.04024216100004,17.56284866200002],[103.03918006200007,17.56159966100006],[103.03730067900005,17.56166265400003],[103.03725981100007,17.561243008000076],[103.03791453100007,17.560072599000023],[103.03757891300006,17.559866818000046],[103.03595247400006,17.56015199600006],[103.03563308400004,17.560974268000052],[103.03530355400005,17.56110149400007],[103.03399319700009,17.560638272000062],[103.03278778800006,17.561074835000056],[103.03224581700005,17.560987402000023],[103.03227302000005,17.559713026000054],[103.03268139000005,17.559122071000047],[103.03370438300004,17.55854710500006],[103.03378208300006,17.557964561000063],[103.03336737200004,17.557072590000075],[103.03263803000004,17.557384068000033],[103.03203977400005,17.558276474000024],[103.03094673300006,17.558992233000026],[103.03019283300006,17.558800768000026],[103.03017797800004,17.558205731000044],[103.03091374500008,17.557474882000065],[103.03117198700005,17.556749327000034],[103.03044521200007,17.556345864000036],[103.02933514700004,17.556812156000035],[103.02836405600004,17.556771162000075],[103.02797635200005,17.555956432000073],[103.02880133500008,17.555120911000074],[103.02825011800007,17.55472125600005],[103.02726257000006,17.554939497000078],[103.02648797600006,17.554821097000058],[103.02575951000006,17.554211972000076],[103.02583754800008,17.553198059000067],[103.02477196800004,17.553242517000058],[103.02394819500006,17.55282919600006],[103.02348793000004,17.551634911000065],[103.02401234600006,17.550955350000038],[103.02490174000008,17.551590694000026],[103.02570062900008,17.55146310600003],[103.02613852800005,17.55098818600004],[103.02705637300005,17.550850016000027],[103.02752411600005,17.550381179000055],[103.02758207400007,17.549254855000072],[103.02735878100003,17.548731161000035],[103.02678437300005,17.548474764000048],[103.02585190600007,17.548827541000037],[103.02480468200008,17.54867887200004],[103.02485458200005,17.547614018000047],[103.02535396700006,17.546874125000045],[103.02539743500006,17.545676456000024],[103.02454871700007,17.545267685000056],[103.02387237700003,17.54645146300004],[103.02334425800007,17.54644879700004],[103.02332273100006,17.54467065800003],[103.02279848200004,17.54401677800007],[103.02217526700008,17.543998402000057],[103.02005433800008,17.54464610200006],[103.01963346900004,17.544266493000066],[103.01943884300005,17.54352551900007],[103.01874399100006,17.543452082000044],[103.01787193200005,17.543873485000063],[103.01673345600005,17.543566591000058],[103.01515285100004,17.541620846000058],[103.01503335400008,17.54112483700004],[103.01589271900008,17.53920263300006],[103.01574639600005,17.53826441900003],[103.01517012000005,17.537597481000034],[103.01398015300003,17.537512554000045],[103.01344315300008,17.537269182000045],[103.01377989700006,17.536160004000067],[103.01360982600005,17.535664152000038],[103.01305134900008,17.53557466700005],[103.01097888500004,17.536573515000043],[103.01042637200004,17.536646782000048],[103.00940810300006,17.536261740000043],[103.00888221600007,17.536424184000055],[103.00911989300005,17.537685715000066],[103.00857834200008,17.538276259000043],[103.00682980100004,17.538401691000047],[103.00449835700005,17.538217022000026],[103.00347564300006,17.53768591900007],[103.00238620200008,17.537504632000037],[103.00169868100005,17.536151919000076],[102.99994767600003,17.535554268000055],[102.99836387000005,17.535601760000077],[102.99775988200008,17.535473096000032],[102.99730906200006,17.534998161000033],[102.99798371800006,17.53403041400003],[102.99781781800004,17.53267398400004],[102.99718378400007,17.53207266100003],[102.99613811300009,17.531668384000056],[102.99590117200006,17.531125874000054],[102.99625985700004,17.530639466000025],[102.99746496000006,17.53025094700007],[102.99786904700005,17.529320719000054],[102.99842072100006,17.52878157500004],[103.00023513300005,17.528457719000073],[103.00088980300006,17.527419550000047],[103.00154990500005,17.526861791000044],[103.00163952900004,17.526389245000075],[103.00110736700009,17.525408006000077],[103.00132295600008,17.52475689000005],[103.00202140500005,17.52428327100006],[103.00201307300006,17.523423579000053],[103.00077288100005,17.523417731000052],[103.00016798100006,17.522795555000073],[103.00002110600008,17.522012027000073],[103.00012946800007,17.520841911000048],[103.00047225500003,17.520437349000076],[103.00178794300007,17.52093370500006],[103.00245817200005,17.52169489000005],[103.00321558600007,17.521614272000022],[103.00412394100005,17.520868832000076],[103.00504609600006,17.519642431000022],[103.00472047500006,17.519112327000073],[103.00404921400008,17.51913475300006],[103.00334719300008,17.518818171000078],[103.00335552400009,17.518351279000058],[103.00387039700007,17.517056511000078],[103.00375003200008,17.515832846000023],[103.00294333900007,17.512959287000058],[103.00292001200006,17.512203106000072],[103.00377270800004,17.507798793000063],[103.00306312000004,17.507067843000073],[103.00175332500004,17.50733806900007],[103.00157062000005,17.507946896000078],[103.00241448200006,17.508817616000044],[103.00253976600004,17.509301575000052],[103.00219056200007,17.50964476100006],[103.00173454800006,17.509383957000068],[103.00088565300007,17.507921725000074],[102.99980988400006,17.50721339100005],[102.99923573500007,17.50739154100006],[103.00009443300007,17.508762623000052],[102.99963933300006,17.509132494000028],[102.99892801500005,17.508886979000067],[102.99743606800007,17.509557941000025],[102.99713168100004,17.510518816000058],[102.99761074800006,17.511356273000047],[102.99778004800004,17.512380971000027],[102.99713141100005,17.512853749000044],[102.99606591400004,17.511870569000052],[102.99553274700008,17.510501834000024],[102.99446199500005,17.509125819000076],[102.99444567600005,17.508311363000075],[102.99471550000004,17.507844117000047],[102.99536794200009,17.507567979000044],[102.99720444500008,17.507263778000038],[102.99887298600004,17.50655223600006],[102.99910082800005,17.50615835700006],[102.99923311500004,17.50453990500006],[102.99905870000003,17.503052252000032],[102.99864063100006,17.502517449000038],[102.99777370100009,17.502411669000026],[102.99560089700009,17.50255696100004],[102.99439407400007,17.502379160000032],[102.99242270100007,17.502561350000065],[102.98981564800005,17.501597701000037],[102.98866035000003,17.501391478000073],[102.98805899800004,17.501473703000045],[102.98726935800005,17.500475576000042],[102.98733751000003,17.499204184000064],[102.98857549900004,17.498869462000073],[102.98884462400008,17.498343627000054],[102.98861405000008,17.49757332200005],[102.98878129300005,17.49661995500003],[102.98965187600004,17.496237989000065],[102.99065794900008,17.496334236000052],[102.99121261000005,17.49571788700007],[102.99085133900007,17.493627467000067],[102.99093413700007,17.491356849000056],[102.99122331600006,17.49027041900007],[102.99285218900008,17.489303327000073],[102.99342507400007,17.48776433300003],[102.99327391900005,17.486012636000055],[102.99298310700004,17.48532165200004],[102.99228648200005,17.484945973000038],[102.99127632100004,17.48474974000004],[102.99004823000007,17.484913539000047],[102.98911568200003,17.48532405800006],[102.98753210500007,17.48636130600005],[102.98626083300007,17.48626549000005],[102.98414164300004,17.485144657000035],[102.98340509000008,17.48507169000004],[102.98218190100005,17.485777359000053],[102.98150928700005,17.485449252000024],[102.97991219700003,17.483037608000075],[102.98054388000008,17.481698993000066],[102.98055094800009,17.479905522000024],[102.98094898100004,17.479184562000057],[102.98166311800009,17.478561273000025],[102.98158763600009,17.476991028000043],[102.98102282700006,17.476679988000058],[102.97682095900007,17.479547143000048],[102.97534768300005,17.479845700000055],[102.97455968400004,17.47952317200003],[102.97312141200007,17.47822304300007],[102.97315099100007,17.477444674000026],[102.97499524900007,17.47692233300006],[102.97445186300007,17.47469022300004],[102.97478270100004,17.47332592400005],[102.97435383400006,17.473110605000045],[102.97380338400006,17.473511160000044],[102.97220843200006,17.47540642200005],[102.97089826000007,17.47586962500003],[102.96941669200004,17.474990105000074],[102.96929914000003,17.474683433000052],[102.96964975100008,17.473738480000065],[102.97068938600006,17.473817389000033],[102.97150251400006,17.473254342000075],[102.97155746600004,17.472709295000072],[102.97016561200007,17.472498791000078],[102.96939354800008,17.47215025500003],[102.96898507700007,17.472349636000047],[102.96875262000003,17.47378145700003],[102.96833296300008,17.474272244000076],[102.96761001700008,17.47415891000003],[102.96684106400005,17.473277538000048],[102.96702853000005,17.47250316900005],[102.96770688800007,17.47116307400006],[102.96719720300007,17.470526219000078],[102.96483771800007,17.46995064500004],[102.96336860800005,17.470096641000055],[102.96221879500007,17.47059822500006],[102.96171065500005,17.47031515900005],[102.96121716400006,17.470619141000043],[102.96050135400009,17.469877607000058],[102.96136085400008,17.46922610000007],[102.96073695800004,17.468958349000047],[102.96003299600005,17.46803231900003],[102.96085032400003,17.468485017000035],[102.96103174400008,17.467888644000027],[102.96018493100007,17.467567623000036],[102.96008585500005,17.466791943000032],[102.96083922800005,17.46656372600006],[102.96070647200008,17.465753084000028],[102.96017039700007,17.46543239500005],[102.95836592000006,17.465444338000054],[102.95839619500003,17.46307352300005],[102.95803895900008,17.461679262000075],[102.95772678900005,17.462011086000075],[102.95738409600006,17.461110398000073],[102.95677280100006,17.461461179000025],[102.95688340000004,17.460869182000067],[102.95607167600008,17.461047063000024],[102.95621392700008,17.460335782000072],[102.95588920600005,17.45966108700003],[102.95528447500004,17.45930776800003],[102.95543075800003,17.458877049000023],[102.95494091900008,17.458527633000074],[102.95523917400004,17.45816030800006],[102.95480699000007,17.45719851900003],[102.95554874400005,17.45704845000006],[102.95582848600009,17.456232847000024],[102.95485179600007,17.45489520600006]]]},"properties":{"Shape_Leng":0.934667408788,"Shape_Area":0.0166641406555,"ADM2_EN":"Phibun Rak","ADM2_TH":"พิบูลย์รักษ์","ADM2_PCODE":"TH4123","ADM1_EN":"Udon Thani","ADM1_TH":"อุดรธานี","ADM1_PCODE":"TH41","ADM0_EN":"Thailand","ADM0_TH":"ประเทศไทย","ADM0_PCODE":"TH"}},
{"type":"Feature","geometry":{"type":"Polygon","coordinates":[[[103.15513272200008,17.101446821000025],[103.15700178300006,17.102116442000067],[103.16171941700009,17.102902861000075],[103.16561004700009,17.103007663000028],[103.16792437400005,17.102880949000053],[103.17077663100008,17.103495100000032],[103.17592408200005,17.105452125000056],[103.17794791500006,17.10644781700006],[103.17920456600007,17.10626076400007],[103.18016725800004,17.105822672000045],[103.18258233400007,17.103778612000042],[103.18324701500006,17.102962212000023],[103.18454309500004,17.100763134000033],[103.18546346000005,17.099720713000067],[103.18670309300006,17.099038550000046],[103.18898606600004,17.098152165000045],[103.19120216100004,17.097791741000037],[103.19313980800007,17.097809084000062],[103.19341174400006,17.098039202000052],[103.19361236400005,17.099269288000073],[103.19440473600008,17.100521771000047],[103.19460411200004,17.102660228000047],[103.19459734600008,17.104608808000023],[103.19476035500008,17.105125473000044],[103.19466727400004,17.106664459000058],[103.19424530700007,17.10743870600004],[103.19267818900005,17.107968990000074],[103.19166925500008,17.10817396400006],[103.19125169200004,17.108563278000076],[103.19097736900005,17.10971511500003],[103.19062339000004,17.11022441800003],[103.19061949100006,17.110968615000047],[103.19090203900004,17.11135663600004],[103.19024612300007,17.112689170000067],[103.18801540300007,17.114250157000072],[103.18762110600005,17.11545572500006],[103.18700157500007,17.11601099300003],[103.18682842100009,17.117162463000057],[103.18634351700007,17.118189848000043],[103.18667549400004,17.118381037000063],[103.18691823400007,17.119499131000055],[103.18737199800006,17.12063310800005],[103.18808247900006,17.12141964800003],[103.18907546300005,17.121860464000065],[103.18962402300008,17.122530582000024],[103.19029891800005,17.121869910000044],[103.19198548400004,17.120907265000028],[103.19232621400005,17.121154320000073],[103.19328564600005,17.12053525400006],[103.19325159300007,17.120071101000065],[103.19445092800004,17.11922805200004],[103.19532449100006,17.117656251000028],[103.19683044400006,17.11707334600004],[103.19716894200008,17.116264692000073],[103.19845825800007,17.11598585400003],[103.19895624400004,17.116060214000072],[103.19982152500006,17.115651754000055],[103.20044440500004,17.115642940000043],[103.20053083300007,17.115186617000063],[103.20143602600007,17.11473806600003],[103.20301931900008,17.114252685000054],[103.20365463900004,17.113173403000076],[103.20443794900007,17.112464991000024],[103.20434826100006,17.112107368000068],[103.20522560500007,17.11180321100005],[103.20523447900007,17.11060398500007],[103.20470798300005,17.11007997200005],[103.20475479400005,17.109222411000076],[103.20555475100008,17.107144514000026],[103.20617197100006,17.106738189000055],[103.20572285800006,17.10594240000006],[103.20653619900008,17.10390054800007],[103.20724241100004,17.103253254000037],[103.20848058700005,17.103027720000057],[103.20996934700008,17.102049344000022],[103.21154093600006,17.10153536200005],[103.21237588500009,17.10098756900004],[103.21254565200007,17.10059968400003],[103.21228002600009,17.098915030000057],[103.21457582200009,17.09908851600005],[103.21590576600005,17.099319911000066],[103.21860397800003,17.09999963000007],[103.22051189900009,17.10105538700003],[103.22335319800004,17.102049494000028],[103.22387588200007,17.102558265000027],[103.22606978400006,17.105279410000037],[103.22807617700005,17.106810566000036],[103.22958527200007,17.107663869000078],[103.23203709200004,17.108336004000023],[103.23328579500009,17.108529849000035],[103.23647082900004,17.108357598000055],[103.23786311900005,17.108175429000028],[103.23861876600006,17.10825615600004],[103.24046765900005,17.108833669000035],[103.24190741900009,17.110749404000046],[103.24334808900005,17.111789439000063],[103.24462808500004,17.112033014000076],[103.24078343500008,17.11754192500007],[103.23989398000003,17.11794128500003],[103.23983105300005,17.118657643000063],[103.23902232100005,17.12018745000006],[103.23855625600004,17.12178573600005],[103.23878133500006,17.12255191400004],[103.23740477000007,17.124485708000066],[103.23710192700008,17.124452955000038],[103.23631842900005,17.125192812000023],[103.23532002600007,17.125678804000074],[103.23501654600005,17.12606642800006],[103.23476360700005,17.127812294000023],[103.23483776500007,17.12910841100006],[103.23441877400006,17.130368521000037],[103.23374850200008,17.130720234000023],[103.23344698000005,17.13173523100005],[103.23268041600005,17.132245182000077],[103.23264300700004,17.133241182000063],[103.23194108400008,17.133812679000073],[103.23192646600006,17.135007268000038],[103.23126815500007,17.135794377000025],[103.23120992100007,17.136190627000076],[103.23019776000007,17.136686118000057],[103.22947745000005,17.137338896000074],[103.22875361900009,17.137010110000062],[103.22794264700008,17.137289666000072],[103.22762083500004,17.137137582000037],[103.22692773000006,17.137466714000027],[103.22653851000007,17.138110359000052],[103.22600170500004,17.138205552000045],[103.22586978600003,17.138828360000048],[103.22498956100009,17.138942970000073],[103.22433893500005,17.139557514000046],[103.22325974900008,17.139480830000025],[103.22285381400008,17.139741468000068],[103.22117091400008,17.139191665000055],[103.22028693600004,17.139830236000023],[103.21898014800007,17.139811658000042],[103.21827406700004,17.140715447000048],[103.21721139200008,17.14072272800007],[103.21655710000005,17.141597535000074],[103.21541714300008,17.141589786000054],[103.21482940600004,17.141995086000065],[103.21506186800008,17.144185681000067],[103.21395466200005,17.144649275000063],[103.21392083000006,17.14529245700004],[103.21315959800006,17.145713072000035],[103.21258049300008,17.146621568000057],[103.21145054900006,17.146812880000027],[103.21098740700006,17.14776028800003],[103.21136889400009,17.148430965000045],[103.21174704300006,17.150499010000033],[103.21235158600007,17.151072747000057],[103.21223973200006,17.151541637000037],[103.21151592700005,17.15160383400007],[103.21178887700006,17.15289368200007],[103.21167921100005,17.153462196000078],[103.21112675600006,17.154153164000036],[103.21156386000007,17.15512363600004],[103.21112456100008,17.15594694200007],[103.21159796500007,17.156370475000074],[103.21163147600004,17.156973334000043],[103.21045294800007,17.15775684500005],[103.21023254400006,17.158233580000058],[103.21059644500008,17.15912183300003],[103.21021198400007,17.15936851200007],[103.21001368600008,17.16025737900003],[103.20880373400007,17.160321571000054],[103.20836146600004,17.162130690000026],[103.20854210200008,17.162888297000052],[103.20806124000006,17.16416769500006],[103.20763422100003,17.16473970100003],[103.20790234700007,17.16598311200005],[103.20711807800006,17.166392880000046],[103.20685267000005,17.16688818700004],[103.20734497700005,17.167041960000063],[103.20780805300006,17.16779763100004],[103.20869541100006,17.16817015600003],[103.20987055700004,17.16751993300005],[103.21025201100008,17.16794211900003],[103.21141161100007,17.168211176000057],[103.21175036400007,17.16931439500007],[103.21244487800004,17.169310193000058],[103.21316403300006,17.170433987000024],[103.21497952800007,17.171242437000046],[103.21518998600004,17.171918808000044],[103.21720715200007,17.172185573000036],[103.21729227500003,17.17270022200006],[103.21842031200003,17.173444631000052],[103.21896654500006,17.173234568000055],[103.22050830900008,17.173392076000027],[103.22088799800008,17.173874690000048],[103.22119051200008,17.176797927000052],[103.22156094800005,17.17691304400006],[103.22233843000004,17.180239536000045],[103.22306075500006,17.18378816300003],[103.21883979900008,17.191627636000078],[103.20753331500003,17.208500576000063],[103.20406994700005,17.21280865400007],[103.20155276300005,17.215549140000064],[103.19981067600008,17.21683987800003],[103.19870734800008,17.21751995900007],[103.19663568900006,17.218330012000024],[103.19578599700009,17.218939225000042],[103.19481594800004,17.21930376100005],[103.19484753200004,17.22043063900003],[103.19434253200006,17.221050311000056],[103.19358263300006,17.221478594000075],[103.19197252700008,17.222675554000034],[103.19095306300005,17.22268357300004],[103.18827174400008,17.223102537000045],[103.18685792600007,17.222869099000036],[103.18531315700005,17.225521679000053],[103.18435498500008,17.225385913000025],[103.18357623200006,17.226612380000063],[103.18264653900007,17.226801513000055],[103.18257193000005,17.22755520900006],[103.18168264100007,17.22786997700007],[103.18152511000005,17.228510266000058],[103.18093003100006,17.229156162000038],[103.18004730800004,17.229111518000025],[103.17884105100006,17.23091600600003],[103.17733043100009,17.231574631000058],[103.17742434000007,17.23229811400006],[103.17717698000007,17.233158993000075],[103.17564652400006,17.233891715000027],[103.17357086300007,17.235054345000037],[103.17255292700008,17.23518222000007],[103.17058821300009,17.23623160300002],[103.17020672300004,17.23526447300003],[103.16968676700009,17.235002906000034],[103.16928238500009,17.235406561000048],[103.16894447600004,17.234441855000057],[103.16943037600004,17.233774209000046],[103.16921560200007,17.233212937000076],[103.16837800800005,17.232976889000042],[103.16810323800007,17.232334223000066],[103.16761364200005,17.23206058100004],[103.16804889400004,17.231401521000066],[103.16861782400008,17.231370406000053],[103.16856656700008,17.229978318000065],[103.16796828600008,17.229712911000036],[103.16771209000007,17.228687927000067],[103.16841850900005,17.22859662600007],[103.16865944900007,17.228043684000056],[103.16856262500005,17.226242419000073],[103.16803237600004,17.225783628000045],[103.16822646100007,17.225312036000048],[103.16789658900007,17.224861426000075],[103.16785914500008,17.224126797000054],[103.16813433200008,17.223789745000033],[103.16755991500008,17.22350167700006],[103.16755099700003,17.222266270000034],[103.16701028000006,17.222195904000046],[103.16712714000005,17.221487014000047],[103.16605314900005,17.220763213000055],[103.16632372800007,17.219946696000022],[103.16550858600004,17.220132614000022],[103.16507252900004,17.219799566000063],[103.16516554000003,17.218947137000043],[103.16474726700005,17.21873393100003],[103.16460218800006,17.218011486000023],[103.16405253200008,17.21730858600006],[103.16283080400007,17.216283247000035],[103.16279134800004,17.215754797000045],[103.16206520600008,17.214862862000075],[103.16205274800006,17.214400908000073],[103.16157094200008,17.21451352200006],[103.16166543200006,17.215022958000077],[103.16090763800008,17.214870791000067],[103.15991528500007,17.215177736000044],[103.15975156400003,17.215825663000032],[103.15893759800008,17.215982161000056],[103.15882407500004,17.215519589000053],[103.15779034000008,17.215549888000055],[103.15740754900008,17.216189289000056],[103.15702903600004,17.215545615000053],[103.15637650600007,17.215759511000044],[103.15532749500005,17.21569469900004],[103.15512850800008,17.21499953800003],[103.15405140400009,17.21505982800005],[103.15313746900006,17.214445239000042],[103.15301858100008,17.21362928800005],[103.15126229400005,17.212887876000025],[103.15094148400004,17.213041275000023],[103.15102916200004,17.21380408500005],[103.15054028000009,17.214167703000044],[103.15003988200004,17.21352518200007],[103.14917110100004,17.213280866000048],[103.14879334000005,17.212233144000038],[103.14737626200008,17.21247489600006],[103.14709112400004,17.212769894000076],[103.14679196600008,17.21395704500003],[103.14630665600004,17.21441260900002],[103.14569146900004,17.214522354000053],[103.14539356200004,17.21511342900004],[103.14484710500005,17.215085738000028],[103.14459067400009,17.21443223600005],[103.14347925900006,17.215074937000054],[103.14268820900008,17.214635378000025],[103.14247397000008,17.216202468000063],[103.13967601300004,17.217412618000026],[103.13962296800008,17.218021450000037],[103.13832308800005,17.218340736000073],[103.13782641000006,17.219308599000044],[103.13700114200009,17.219149084000037],[103.13663150100007,17.219842732000075],[103.13685428300005,17.220526075000066],[103.13581365000005,17.220939299000065],[103.13492621500006,17.220876088000068],[103.13463658100005,17.221184021000056],[103.13351518200005,17.220861091000074],[103.13305681500003,17.219810018000032],[103.13252864300006,17.220452504000036],[103.13175402500008,17.220322603000056],[103.13086355300004,17.221370912000054],[103.13010995900004,17.22133299500007],[103.12951881800007,17.221677387000057],[103.12861092000009,17.221191094000062],[103.12898865400007,17.22063378200005],[103.12833083000004,17.22030879400006],[103.12827878100006,17.21973041700005],[103.12731595200006,17.220014181000067],[103.12690321900004,17.219160483000053],[103.12628109700006,17.218712629000038],[103.12468452700006,17.218880523000053],[103.12423338200006,17.21820606400007],[103.12377621000007,17.21815390300003],[103.12302139700006,17.218653330000052],[103.12251216500005,17.217779445000076],[103.12106437900007,17.217585020000058],[103.12052052100006,17.21726815200003],[103.11965638500004,17.217534364000073],[103.11919467300004,17.217061279000063],[103.11894038300005,17.216197693000026],[103.11854668600006,17.215985255000078],[103.11712121900007,17.216592598000034],[103.11678604800005,17.21585718800003],[103.11611283400003,17.21586724900004],[103.11449079000005,17.21506756100007],[103.11397957100007,17.215001062000056],[103.11290260500004,17.215619592000053],[103.11181329800007,17.21487152700007],[103.11088420500005,17.214971474000038],[103.10948457800004,17.216030516000046],[103.10793016000008,17.216132135000066],[103.10729503500005,17.215636864000032],[103.10658352600007,17.215761090000058],[103.10508026100007,17.21678466900005],[103.10412466100007,17.216726148000078],[103.10351879700005,17.215710071000046],[103.10261934300007,17.215074651000066],[103.10271317000007,17.213599385000066],[103.10210441600009,17.212988327000062],[103.10147326900005,17.213581470000065],[103.10042924300006,17.213762476000056],[103.09870973600005,17.214428386000066],[103.09815882800007,17.214805716000058],[103.09685022700006,17.214717892000067],[103.09592783800008,17.214865991000067],[103.09473828000006,17.21534537200006],[103.09209289800003,17.217361958000026],[103.09108005600007,17.217852356000037],[103.08911409800004,17.218281997000076],[103.08886457400007,17.21856510300006],[103.08675669400009,17.219959577000054],[103.08648693200007,17.219711009000036],[103.08393861900004,17.22088525500004],[103.08297490900009,17.218416191000074],[103.08272707100008,17.217394162000062],[103.08195756300006,17.215919359000054],[103.08177966300008,17.215019359000053],[103.08201136500008,17.21360181700004],[103.08312213600004,17.211128192000047],[103.08483896500007,17.207830270000045],[103.08675953100004,17.20545420700006],[103.08782578200004,17.20402425000003],[103.08856333600005,17.203280102000065],[103.09066123100007,17.200940849000062],[103.09131422500008,17.19917005600007],[103.09141350300007,17.198073031000035],[103.09114530300008,17.197102100000052],[103.08965689500008,17.19442698000006],[103.08956669000008,17.193090256000062],[103.08968718300008,17.19248575100005],[103.09044313500004,17.191288496000027],[103.09130377800005,17.190531926000062],[103.09301740300003,17.188307504000022],[103.09456025200006,17.185841897000046],[103.09699071100005,17.18130694000007],[103.10000083200003,17.176229096000043],[103.10054624900005,17.17441577200003],[103.10093681200004,17.17016867700005],[103.10082070900006,17.169219345000045],[103.10141699600007,17.167243577000022],[103.10133244700006,17.16637337700007],[103.10030942100008,17.164851316000068],[103.10079617200006,17.163381677000075],[103.10195655200005,17.162930449000044],[103.10170330200003,17.162014715000055],[103.10355296800009,17.16054317000004],[103.10327626500003,17.159940884000036],[103.10390052400004,17.158903456000075],[103.10505701500006,17.15832972100003],[103.10511936100005,17.15729978300004],[103.10461591800004,17.15704794100003],[103.10444566800004,17.15645094000007],[103.10489418800006,17.155912853000075],[103.10427579500004,17.154185738000024],[103.10509778600004,17.15387120200006],[103.10505071600005,17.152948498000057],[103.10529584700004,17.15139757700007],[103.10595452700005,17.15165740900005],[103.10629428100003,17.15077658900003],[103.10681250700009,17.15009551600002],[103.10675187400005,17.149425302000054],[103.10732513000005,17.149139322000053],[103.10800768700005,17.149391776000073],[103.10815471900008,17.14862347600007],[103.10880651700006,17.147617186000048],[103.11277044800005,17.14558749500003],[103.11347345300004,17.144909597000037],[103.11690567300008,17.140998727000067],[103.11794111500006,17.139748961000066],[103.11956778100006,17.138135669000064],[103.12103721400007,17.13707627100007],[103.12281425800006,17.136125305000064],[103.12455837200008,17.135766586000045],[103.12576144400003,17.135076973000025],[103.12673150900008,17.134285227000078],[103.12845562000007,17.132477707000078],[103.12982065100005,17.13079712600006],[103.13082829500007,17.129319560000056],[103.13120995200006,17.127659083000026],[103.13252488100005,17.123205676000055],[103.13253100700007,17.119972652000058],[103.13183858300005,17.115571380000063],[103.13169518600006,17.11402427400003],[103.13406142000008,17.113703801000042],[103.13855880900007,17.11373784400007],[103.14214254200004,17.114021671000046],[103.14283935200007,17.114183402000037],[103.14494419400006,17.115004413000065],[103.14546626700007,17.113892785000075],[103.14555169400006,17.112219782000068],[103.14530250900003,17.110919800000033],[103.14648453000007,17.107470827000043],[103.14697636100004,17.106449057000077],[103.14816327400007,17.10559064100005],[103.14907953800008,17.10535236100003],[103.14973485200005,17.104398696000032],[103.15064170200009,17.103646894000065],[103.15185497400006,17.10329831100006],[103.15513272200008,17.101446821000025]]]},"properties":{"Shape_Leng":0.653120012449,"Shape_Area":0.0128242867069,"ADM2_EN":"Ku Kaeo","ADM2_TH":"กู่แก้ว","ADM2_PCODE":"TH4124","ADM1_EN":"Udon Thani","ADM1_TH":"อุดรธานี","ADM1_PCODE":"TH41","ADM0_EN":"Thailand","ADM0_TH":"ประเทศไทย","ADM0_PCODE":"TH"}},
{"type":"Feature","geometry":{"type":"Polygon","coordinates":[[[102.93432483900006,17.20403958600002],[102.93458887400004,17.203869137000027],[102.93484443300008,17.202513632000034],[102.93522397200007,17.202688736000027],[102.93577352500006,17.20223210300003],[102.93537668100004,17.201666514000067],[102.93553663900008,17.20132661100007],[102.93633072500006,17.201310206000073],[102.93686706600005,17.201628266000057],[102.93709192500006,17.200928144000045],[102.93761540300005,17.20102268900007],[102.93809773200007,17.201987977000044],[102.93889687900008,17.203033291000054],[102.94004086900009,17.20255621000007],[102.94071499200004,17.202833759000043],[102.94199264800005,17.202749680000068],[102.94298983700008,17.203414374000033],[102.94352898700004,17.203316849000032],[102.94416093700005,17.20252347400003],[102.94532926300008,17.201843869000072],[102.94656838900005,17.201453013000048],[102.94705617100004,17.20078016800005],[102.94676083800005,17.199485668000023],[102.94757443700007,17.198995945000036],[102.94799654200006,17.199217264000026],[102.94780479200006,17.199983347000057],[102.94862979400006,17.20052806900003],[102.94901859400005,17.20036874300007],[102.94966369000008,17.199176960000045],[102.95149423900006,17.19903164400006],[102.95179767700006,17.19947256300003],[102.95243200800007,17.199276014000077],[102.95238649400005,17.198765781000077],[102.95290236200003,17.19796043100007],[102.95343167500005,17.19779254200006],[102.95573264900008,17.19810452400003],[102.95614540000008,17.197378392000076],[102.95664525100005,17.19740380500002],[102.95721575200008,17.196723612000028],[102.95819279500006,17.196815213000036],[102.95772046500008,17.19590569500002],[102.95845318600004,17.19583550400006],[102.95902674700005,17.19664503300004],[102.95937592400008,17.19766808600002],[102.96005901200004,17.197796023000024],[102.96021164500007,17.196594084000026],[102.96087376400004,17.19699709400004],[102.96187088400006,17.196109573000058],[102.96284160900007,17.19712676100005],[102.96381487700006,17.19631073200003],[102.96398920000007,17.19726008600003],[102.96489006700006,17.197503761000064],[102.96489799400007,17.196784929000046],[102.96542145700005,17.196847443000024],[102.96584860200005,17.19735354900007],[102.96665718800006,17.197214633000044],[102.96802706900007,17.197552958000074],[102.96750797300007,17.198064729000066],[102.96805861200005,17.198577444000023],[102.96851207300006,17.198174761000075],[102.96922997100006,17.198177178000037],[102.96789657800008,17.199482140000043],[102.96855860100004,17.19977211500003],[102.96886654800005,17.200988645000052],[102.96816148900007,17.20333903900007],[102.96815736900004,17.204202605000035],[102.96887362200005,17.204418948000068],[102.97041924500007,17.20522365200003],[102.97095263600005,17.206267256000046],[102.97756386500004,17.20541079800006],[102.97851128900004,17.20551442200002],[102.98716448000005,17.209859385000073],[102.98768899800007,17.210178487000064],[102.98822770500004,17.209668746000034],[102.99115252000007,17.204921528000057],[102.99140936500004,17.204705446000048],[102.99188351200007,17.20333394900007],[102.99295720500004,17.203135787000065],[102.99366802000009,17.202623353000035],[102.99378851000006,17.200947401000064],[102.99567794100005,17.200692708000076],[103.00272429000006,17.209494720000066],[103.00286625300004,17.21077970400006],[103.00369204200007,17.21308485700007],[103.00348114400003,17.214652484000055],[103.00390310800009,17.216275358000075],[103.00419699900004,17.218409549000057],[103.00529467500007,17.220554184000036],[103.00431000400005,17.221844624000028],[103.00359288100009,17.222465035000027],[103.00503472500009,17.223723457000062],[103.00817522900007,17.227201082000022],[103.00910574000005,17.227740078000068],[103.01355092300008,17.229734547000078],[103.01430701800007,17.230476364000026],[103.01400281400004,17.230702877000056],[103.01339523100006,17.23190978300005],[103.01375352100007,17.232500638000033],[103.01375827800007,17.233417657000075],[103.01337842500004,17.234379639000053],[103.01354006900004,17.235831235000035],[103.01306453800004,17.236697852000077],[103.01244798800008,17.238937667000073],[103.01207642500003,17.239042290000043],[103.01139445400008,17.24035212800004],[103.01187592300005,17.241045817000042],[103.01310549900006,17.241498057000058],[103.01312079500008,17.241896437000037],[103.01423782600006,17.243907024000066],[103.01390050300006,17.24493667400003],[103.01397586500008,17.245360590000075],[103.01642563000007,17.24633866000005],[103.01703000600008,17.24687841900004],[103.01775752700007,17.246740248000037],[103.01913838200005,17.247087302000068],[103.02082520000005,17.246876349000047],[103.02242804800005,17.24633470400005],[103.02298388700007,17.245978231000038],[103.02584752100006,17.245099983000046],[103.02400682900009,17.241404913000054],[103.02365749100005,17.24035857000007],[103.02795768400006,17.239056778000077],[103.02781203900008,17.23752919900005],[103.02837200100004,17.233675246000075],[103.02829893800003,17.23167102000002],[103.02919941300007,17.231627627000023],[103.03479216400007,17.231738472000075],[103.03417914700003,17.230904440000074],[103.03410981900004,17.230367054000055],[103.03450286800006,17.229259799000033],[103.03440377900006,17.227426250000065],[103.03325034500006,17.227218118000053],[103.03369361300008,17.224898431000042],[103.03365765100006,17.22286314400003],[103.03571189700006,17.222754442000053],[103.03544676900003,17.221635671000058],[103.03553073800003,17.221080175000054],[103.03785741400009,17.220576137000023],[103.03830130400007,17.219637602000034],[103.03844609100008,17.21843270900007],[103.03911716800008,17.21513368600006],[103.03943928500007,17.214219659000037],[103.04047617300006,17.212190732000067],[103.04100757000003,17.20954738200004],[103.04123366300007,17.20739145700003],[103.04231694800006,17.19911911400004],[103.04319252500005,17.19503310500005],[103.04346857700006,17.19467637200006],[103.04589364600008,17.193397584000024],[103.05604832900008,17.19310022700006],[103.05703659600005,17.193154728000025],[103.05901962200005,17.193561232000036],[103.05995594000007,17.193895816000065],[103.06383843900005,17.196198681000055],[103.06612429200004,17.19717569200003],[103.06890624800008,17.19782638600003],[103.07001061000005,17.197788091000064],[103.07450025200006,17.196724690000053],[103.07666184500005,17.196293568000044],[103.07804777100006,17.196323300000074],[103.07964879400004,17.196099137000033],[103.08050568100003,17.19549745300003],[103.08100087900004,17.19545369100007],[103.08383816000008,17.19720109800005],[103.08438330300004,17.19788350300007],[103.08468082300004,17.19963061900006],[103.08519973800009,17.20040615100004],[103.08856333600005,17.203280102000065],[103.08782578200004,17.20402425000003],[103.08675953100004,17.20545420700006],[103.08483896500007,17.207830270000045],[103.08312213600004,17.211128192000047],[103.08201136500008,17.21360181700004],[103.08177966300008,17.215019359000053],[103.08195756300006,17.215919359000054],[103.08272707100008,17.217394162000062],[103.08297490900009,17.218416191000074],[103.08393861900004,17.22088525500004],[103.08502623800007,17.223058235000053],[103.08584917700006,17.226638467000043],[103.08596128200008,17.22756219200005],[103.08585280000005,17.228887257000054],[103.08524246500008,17.232427296000026],[103.08294354400005,17.238471009000023],[103.08256469800006,17.24002204800007],[103.08136817500008,17.24820403700005],[103.08098080700006,17.25561995700002],[103.08069854500008,17.257389515000057],[103.08013036300008,17.258679844000028],[103.07923331000006,17.259624088000066],[103.07769694100006,17.26071361700002],[103.07720495700005,17.261296859000026],[103.07480831800007,17.26500549800005],[103.07309487100008,17.26847977500006],[103.07270526800005,17.269545986000026],[103.07229985200007,17.27197949400005],[103.07153226800006,17.27464083500007],[103.07113489700004,17.27535443900007],[103.07054431900008,17.275631004000047],[103.06792934100008,17.275684084000034],[103.06419975900008,17.27514238200007],[103.06143183200004,17.275362459000064],[103.06019206200006,17.275337963000027],[103.05731672900004,17.274900092000053],[103.05502678900007,17.27407826700005],[103.05352135400005,17.273711841000022],[103.04951761500007,17.273102099000027],[103.04699618400008,17.272022846000027],[103.04609608400006,17.27137128800007],[103.04449607900006,17.269924591000063],[103.04223528200004,17.268142382000065],[103.04070496300005,17.267224438000028],[103.03965010400003,17.266799200000037],[103.03756252000005,17.26629708300004],[103.03514557000005,17.26534112400003],[103.03287319100008,17.264354319000063],[103.03044479800008,17.263538052000058],[103.02791117800007,17.26255642900003],[103.02693803600005,17.26254805900004],[103.02455208200007,17.263014528000042],[103.02316767900004,17.26346088200006],[103.02020139500007,17.263681210000072],[103.01857646300004,17.26464396500006],[103.01780149700005,17.26551527400005],[103.01575735400007,17.268180409000024],[103.01383549200006,17.270037942000044],[103.01188634500005,17.27222675300004],[103.01029326600008,17.273503670000025],[103.00805177200004,17.27478398900007],[103.00686675000009,17.275700676000042],[103.00437046700006,17.27806574400006],[103.00123716000007,17.281525402000057],[102.99667446700005,17.28395850000004],[102.99408904800003,17.286988789000077],[102.99353793100005,17.287772887000074],[102.99269750200006,17.288312622000035],[102.99164885200008,17.288526794000063],[102.98943601100007,17.288536759000067],[102.98642536400007,17.28886955200005],[102.98507133400005,17.28919209000003],[102.98123984000006,17.290427945000033],[102.97868663200006,17.29167245700006],[102.97722345300008,17.29297488800006],[102.97572207800005,17.29415300900007],[102.97499667900007,17.294542601000046],[102.97367830800005,17.29487573600005],[102.97190842800006,17.29512686100003],[102.96901722800004,17.296222691000025],[102.96796744800008,17.29710337800003],[102.96647519500004,17.297541267000042],[102.96416918000006,17.298712742000077],[102.96129200600006,17.301446007000038],[102.95905874500005,17.303653014000076],[102.95860917800007,17.305043325000042],[102.95671180100004,17.307035147000022],[102.95612142100003,17.307878628000026],[102.95334426300008,17.312583999000026],[102.95074869300004,17.31680281900003],[102.94770354500008,17.32046588000003],[102.94757153800003,17.319758989000036],[102.94661763100004,17.31752418700006],[102.94541639400006,17.31540370600004],[102.94471533300003,17.31491103700006],[102.94376885400004,17.311683518000052],[102.94257514100008,17.308786401000077],[102.94133709700009,17.30661860600003],[102.93938648100004,17.30434838000002],[102.93863500300006,17.303743073000078],[102.93501800200005,17.300205351000045],[102.93382883900006,17.298750776000077],[102.93327041000003,17.297862964000046],[102.93272447000004,17.29786340000004],[102.93190360300008,17.296715422000034],[102.93057412600007,17.294201472000054],[102.93099684400005,17.293843538000033],[102.92994064700008,17.292702217000055],[102.92769255700006,17.291134870000064],[102.92624096000009,17.289855248000038],[102.92396601700005,17.287557546000073],[102.92347370900006,17.286754779000034],[102.92173843900008,17.284680594000065],[102.91998184500005,17.282709643000032],[102.91836790500008,17.281902754000043],[102.91845497900005,17.281131720000076],[102.91771109100006,17.28057545200005],[102.91555270900005,17.277251931000023],[102.91523154300006,17.275936837000074],[102.91482310400005,17.275034728000037],[102.91377073700005,17.273609502000056],[102.91329989800005,17.272365523000076],[102.91243246000005,17.27115751300005],[102.91168881800007,17.270898215000045],[102.91030514800008,17.26971251200007],[102.90989052900005,17.268708942000046],[102.90958293000006,17.267206225000052],[102.90923682700009,17.266332756000054],[102.90823123800004,17.266137274000073],[102.90820513000006,17.26480007600003],[102.90761421100007,17.26340659600004],[102.90774264100008,17.262528804000056],[102.90721065000008,17.26188954400004],[102.90665387400009,17.261822387000052],[102.90609121500006,17.261255150000068],[102.90638897900004,17.260075090000043],[102.90531588700009,17.259003758000063],[102.90502914600006,17.258293793000064],[102.90445710400007,17.257769477000068],[102.90497740700005,17.256904838000025],[102.90495402100004,17.25579271500004],[102.90521242400007,17.25553350000007],[102.90504314000003,17.254612661000067],[102.90384661200005,17.25357640200002],[102.90433604000003,17.25249962500004],[102.90501127100003,17.251817709000022],[102.90451475400005,17.25079299500004],[102.90458864200008,17.24974439300007],[102.90412236200007,17.249601856000027],[102.90338893900008,17.248881209000047],[102.90285201800003,17.24879019100007],[102.90235041100004,17.247586760000047],[102.90194647700008,17.245037841000055],[102.90139345100005,17.244847915000037],[102.90120137400004,17.24418460800007],[102.90055851500006,17.243738509000025],[102.90166000700003,17.243320778000054],[102.90140103700008,17.24284178100004],[102.90239761400005,17.241716672000052],[102.90179349100003,17.240633762000073],[102.90237835400006,17.240256497000075],[102.90279779400004,17.239562775000024],[102.90418706300005,17.238360201000035],[102.90428754300007,17.237930370000072],[102.90388349400007,17.237268533000076],[102.90457245400006,17.237402368000062],[102.90534155600005,17.23645835900004],[102.90644689200008,17.236395652000056],[102.90692181800006,17.23579779100004],[102.90761000200007,17.235439495000037],[102.90825800700009,17.235686500000043],[102.90884713300005,17.235461730000054],[102.90910499500006,17.234770928000046],[102.90964355300008,17.234378079000066],[102.90967181500008,17.233904191000022],[102.91025241100004,17.233932851000077],[102.91056111900008,17.23342316000003],[102.91092624800007,17.233865568000056],[102.91126192500008,17.23359389500007],[102.91169291700004,17.234382654000058],[102.91225426200003,17.23421577700003],[102.91172071900007,17.233317159000023],[102.91179158600005,17.232619999000065],[102.91248075300007,17.232398028000034],[102.91237001000007,17.23167821000004],[102.91265935000007,17.231410956000047],[102.91199725200005,17.230951926000046],[102.91191267400006,17.230324171000063],[102.91245297300009,17.229796109000063],[102.91241357600006,17.22903074000004],[102.91369772200005,17.22809473800004],[102.91433535500005,17.228266821000034],[102.91452709200007,17.227812906000054],[102.91405454200009,17.227657943000054],[102.91458721100008,17.22712132500004],[102.91452669000006,17.22580816100003],[102.91502036200006,17.22572294300005],[102.91471181400004,17.223763603000066],[102.91501303000007,17.223434259000044],[102.91475592300009,17.222961122000072],[102.91504971800003,17.22228053500004],[102.91568012100004,17.22205246900006],[102.91622545100006,17.221420590000037],[102.91643335600008,17.221800852000058],[102.91704007000004,17.221682462000047],[102.91700696000004,17.221059419000028],[102.91736032500006,17.221027580000055],[102.91736474800007,17.219821484000022],[102.91703144600007,17.219634969000026],[102.91761670400007,17.21905522800006],[102.91700264100007,17.218882136000047],[102.91659307000003,17.21833422000003],[102.91613952800009,17.218290274000026],[102.91641166800008,17.21694740500004],[102.91560353700004,17.21645533000003],[102.91615039200008,17.21585721300005],[102.91567671600006,17.215667293000024],[102.91619476400007,17.215013314000032],[102.91618593100009,17.214266704000067],[102.91755634100008,17.213582848000044],[102.91743116400005,17.212559705000047],[102.91842857900008,17.21253032000004],[102.91950263400008,17.212041412000076],[102.92016109900004,17.212151384000038],[102.92116416800008,17.21140828600005],[102.92216372200005,17.211878985000055],[102.92414159600008,17.210888815000033],[102.92442719200005,17.210596974000055],[102.92609123900007,17.21025499900003],[102.92648720900007,17.209872868000048],[102.92776963000006,17.209449884000037],[102.92890747500007,17.209823719000042],[102.92947338700009,17.209289356000056],[102.92986254400006,17.207809370000064],[102.92992947200008,17.206965335000064],[102.93057682800008,17.206748424000068],[102.93213945500008,17.207167826000045],[102.93296546600004,17.20626991000006],[102.93267651100007,17.204653196000038],[102.93318640100006,17.20472655900005],[102.93321765300004,17.20424410000004],[102.93432483900006,17.20403958600002]]]},"properties":{"Shape_Leng":0.698717471039,"Shape_Area":0.0129479289403,"ADM2_EN":"Prachaksinlapakhom","ADM2_TH":"ประจักษ์ศิลปาคม","ADM2_PCODE":"TH4125","ADM1_EN":"Udon Thani","ADM1_TH":"อุดรธานี","ADM1_PCODE":"TH41","ADM0_EN":"Thailand","ADM0_TH":"ประเทศไทย","ADM0_PCODE":"TH"}}
]}